=~=~=~=~=~=~=~=~=~=~=~= PuTTY log 2023.11.03 00:15:55 =~=~=~=~=~=~=~=~=~=~=~=
650,481,647,644,663,644
654,464,647,640,650,646
643,473,631,644,661,636
641,479,631,642,657,640
653,471,643,634,660,644
647,464,637,639,660,637
653,476,648,635,658,636
653,475,644,646,647,646
655,472,644,643,652,645
653,467,647,644,648,646
642,473,630,643,661,635
652,480,643,634,662,645
652,472,649,645,652,646
643,481,632,644,661,639
655,471,646,646,648,645
652,466,644,641,657,644
654,464,646,641,653,645
641,472,631,642,654,635
651,479,645,634,659,650
654,470,646,643,648,647
652,479,644,635,657,644
650,475,644,633,658,648
643,470,633,643,662,636
653,461,643,640,656,640
651,461,645,639,656,642
654,476,646,631,663,645
650,464,639,641,659,640
651,463,640,639,659,640
644,467,634,641,662,634
651,473,642,636,655,646
654,477,646,635,663,646
651,475,644,645,648,644
652,466,647,644,647,648
641,473,633,643,662,637
648,473,640,642,657,644
654,471,647,644,648,646
653,474,646,645,648,645
651,480,644,640,658,646
654,459,645,644,654,646
653,475,644,646,649,646
653,475,644,632,659,643
652,462,647,643,649,647
651,480,643,640,655,645
651,476,643,637,657,644
655,466,643,643,650,646
655,471,645,631,648,647
651,468,641,641,657,644
655,463,645,641,656,643
651,475,639,640,658,646
654,461,645,641,659,646
654,475,646,632,662,645
657,474,648,629,662,647
658,474,645,635,658,647
656,475,644,635,654,647
652,478,643,635,659,643
643,476,632,644,660,636
656,471,644,638,661,641
656,474,647,643,647,648
652,479,643,646,654,646
656,476,646,637,657,643
658,475,645,629,662,648
655,479,643,636,658,648
648,466,640,641,660,640
654,472,644,645,647,647
657,462,647,641,654,646
654,474,644,634,659,644
651,462,637,640,659,639
645,466,633,642,662,635
643,476,633,645,662,638
654,470,643,643,648,646
654,475,643,636,661,644
649,458,635,641,662,636
656,458,647,643,650,647
650,469,644,639,653,647
657,469,644,634,659,648
649,451,636,640,660,638
654,465,645,643,648,647
648,457,638,640,661,639
644,460,630,644,661,633
653,467,644,639,652,646
654,466,646,631,661,645
651,467,639,644,661,638
645,462,632,644,659,636
652,468,643,635,659,647
658,462,647,629,663,646
648,466,642,634,657,649
656,463,647,629,662,649
654,467,643,635,661,643
654,463,648,643,649,648
643,464,630,644,658,640
651,467,643,639,658,644
653,462,646,642,647,647
654,451,643,639,648,647
645,464,632,634,663,636
656,468,644,632,659,645
655,468,647,632,661,647
652,469,643,632,656,644
655,465,646,631,660,646
651,470,640,638,663,641
655,465,646,644,647,646
658,470,645,627,662,647
656,463,644,643,648,646
649,462,633,640,661,637
645,472,644,634,661,647
656,460,648,644,650,646
644,475,630,643,660,637
647,475,633,642,657,641
658,462,646,640,653,647
650,475,633,643,658,639
650,460,638,637,658,639
647,471,635,641,663,638
643,472,630,644,662,637
656,462,648,639,649,646
656,468,646,641,648,648
640,480,631,643,662,640
649,473,634,638,662,636
649,471,639,638,657,642
655,487,644,630,659,644
655,494,645,630,661,646
645,494,631,640,660,646
651,492,638,638,659,639
653,505,641,641,656,644
650,506,645,643,650,647
658,503,648,627,660,647
646,499,633,642,660,646
657,498,647,631,661,648
642,504,632,638,651,641
644,517,637,639,657,645
655,525,647,629,659,648
657,532,644,631,658,648
654,547,643,637,657,645
648,559,643,630,659,644
649,562,646,640,659,645
655,563,648,630,656,648
649,560,645,639,654,643
656,565,644,646,648,645
656,569,647,628,655,648
648,558,646,639,650,647
657,568,640,629,658,649
656,568,650,629,662,649
647,574,631,641,660,637
656,564,647,645,650,648
649,575,630,632,656,646
659,569,643,644,649,646
644,573,636,641,659,646
655,570,634,641,659,646
646,570,636,638,662,635
643,571,636,640,661,637
655,568,650,628,659,647
645,575,632,642,661,636
653,571,643,626,658,646
656,567,637,642,658,642
652,571,635,642,657,639
650,566,643,643,649,646
648,566,638,638,653,643
657,578,647,631,659,647
654,579,631,644,655,638
659,572,644,643,648,644
648,588,631,642,659,638
657,587,644,633,657,646
656,595,642,642,650,643
656,599,642,640,657,644
649,596,645,638,656,639
660,598,644,644,650,647
647,614,633,642,663,635
653,617,646,632,663,645
651,603,644,638,654,642
648,616,637,643,664,635
657,607,647,627,658,646
658,595,645,637,653,645
656,603,642,640,656,644
656,599,647,627,660,647
654,589,646,627,659,646
647,587,631,641,663,638
659,572,645,633,658,648
657,563,641,642,654,645
655,563,647,632,649,646
655,557,633,642,660,638
655,551,644,643,653,646
657,548,645,629,657,648
645,547,636,641,658,641
658,531,644,644,648,647
652,528,646,639,651,646
645,541,632,639,661,637
657,536,648,628,657,648
649,532,641,638,666,641
647,533,646,635,658,651
656,539,642,638,657,645
658,534,642,640,650,645
655,544,645,632,660,645
657,542,643,637,656,646
647,546,637,637,663,637
654,535,643,641,652,645
657,541,643,638,654,644
659,543,640,639,657,646
648,538,647,640,657,643
648,553,632,638,663,638
654,548,632,639,652,647
648,550,640,640,662,641
656,551,643,628,662,646
655,551,643,641,663,637
659,539,645,644,663,637
659,548,644,642,659,639
659,538,646,643,650,648
655,537,645,638,654,644
654,553,646,627,660,648
644,550,642,639,659,641
654,548,630,642,658,637
660,540,644,645,650,646
651,553,632,642,661,637
656,555,643,633,659,645
654,556,645,639,648,651
655,546,643,642,654,646
657,539,646,644,649,648
653,554,630,643,660,636
659,538,647,644,649,648
650,557,631,644,661,636
654,555,648,632,660,647
647,549,643,639,658,643
658,545,641,643,654,643
655,555,643,633,662,645
653,552,644,632,658,644
653,559,633,646,663,640
652,551,633,642,659,638
650,545,642,638,655,642
661,542,644,643,649,647
659,548,647,634,658,649
648,556,640,639,661,638
656,552,634,641,658,642
654,550,648,628,660,647
656,549,643,631,661,647
659,542,639,642,655,645
655,551,644,634,662,646
658,542,645,646,656,645
656,549,645,630,662,645
647,545,641,628,662,647
651,551,627,643,663,636
659,549,638,640,655,643
660,548,636,643,661,643
650,543,644,640,662,638
648,552,635,640,665,641
649,549,632,641,658,637
648,546,638,638,658,647
657,543,642,640,659,637
648,544,638,639,657,637
658,553,647,630,650,647
656,547,646,627,662,647
659,546,643,641,652,647
656,552,648,629,663,648
658,554,644,635,660,646
659,540,644,637,650,646
654,537,647,642,652,648
659,543,643,642,650,646
657,561,647,628,662,647
653,541,646,640,649,646
658,560,646,627,660,646
655,562,645,634,660,645
658,559,642,637,654,646
658,568,642,638,656,645
661,562,639,637,660,647
647,575,631,639,661,637
657,577,645,633,662,647
658,577,634,642,661,639
660,580,647,629,659,648
659,578,647,628,659,647
660,581,644,638,650,644
659,585,632,639,658,643
656,582,631,643,662,646
646,582,639,637,661,648
660,573,645,642,667,638
659,585,645,637,658,649
659,565,647,644,648,648
657,587,645,630,659,646
647,581,638,640,659,639
648,583,632,640,662,637
660,579,643,636,664,642
650,585,633,643,659,646
651,587,633,642,664,638
647,578,642,637,657,641
660,581,638,643,665,646
652,572,646,633,659,650
657,584,645,630,663,646
649,575,644,640,660,642
657,569,648,644,651,649
658,568,645,643,650,637
656,576,643,633,658,645
661,564,646,643,647,647
655,577,646,629,662,646
651,567,648,637,655,646
648,570,641,640,659,642
660,569,644,642,649,647
656,574,646,630,661,646
653,569,647,639,656,646
657,579,647,629,661,646
650,567,648,640,656,645
660,562,644,645,649,647
659,572,635,640,659,643
659,577,642,637,662,644
654,572,634,642,657,641
655,562,652,644,657,647
651,564,644,639,660,646
655,574,632,643,659,642
656,570,638,643,661,647
651,567,641,639,658,642
654,561,647,638,659,640
647,568,636,638,663,639
649,575,632,641,664,638
659,568,637,638,657,646
655,575,632,645,657,636
658,568,646,633,659,647
656,575,648,632,661,646
654,560,650,642,652,647
662,568,633,642,663,638
661,555,647,642,648,648
656,566,636,639,657,643
657,573,645,630,662,647
661,563,640,643,654,644
652,572,632,642,661,638
660,562,642,646,653,645
655,555,644,638,653,646
659,571,634,646,661,641
655,554,645,642,650,647
655,560,641,641,654,646
648,564,638,638,662,637
648,566,641,643,649,645
658,564,645,643,649,646
655,565,642,638,658,643
657,567,644,634,659,646
660,552,644,641,648,648
661,551,643,642,648,645
654,559,648,640,649,648
652,556,642,639,655,644
650,568,630,644,662,636
657,570,646,630,664,636
653,554,645,640,656,643
652,568,632,640,660,637
658,549,644,640,647,646
656,563,645,629,659,646
650,563,643,636,662,642
661,560,633,640,659,640
660,561,637,639,658,645
659,558,646,637,657,644
652,563,646,631,662,646
661,550,643,639,649,643
655,548,646,639,655,644
651,557,629,640,661,634
657,558,644,635,659,644
657,554,646,626,661,647
661,553,636,643,659,639
657,540,646,641,649,642
659,543,644,644,649,646
659,540,645,643,648,647
645,551,635,638,660,635
648,548,644,638,654,644
660,548,632,641,656,639
659,553,643,636,657,643
662,551,638,640,657,647
658,550,647,629,659,648
656,550,647,628,659,647
656,546,641,645,653,645
656,550,642,639,653,643
656,552,646,628,649,643
647,552,632,641,663,636
657,554,636,641,657,641
654,552,633,643,662,637
654,552,644,632,657,644
653,553,647,627,659,648
654,549,643,636,654,643
648,545,641,638,657,642
655,548,647,629,658,647
655,552,642,636,657,643
645,551,632,640,661,636
653,556,631,642,659,635
658,549,636,638,656,638
658,547,642,636,653,643
658,539,646,641,647,646
645,550,633,637,660,638
650,538,647,639,648,648
655,535,645,640,647,647
657,545,641,643,651,643
649,552,631,642,657,636
658,547,643,634,657,647
651,552,633,643,661,636
655,546,646,632,659,647
653,533,647,642,647,647
658,551,637,643,660,637
655,542,640,643,648,643
656,553,644,635,658,643
656,543,641,644,651,644
655,549,632,644,659,637
659,548,646,635,654,647
649,546,641,642,657,642
651,550,632,642,659,635
657,535,643,641,647,645
647,537,643,640,654,643
655,549,644,630,658,644
656,550,644,641,656,643
653,531,648,643,646,647
657,547,637,637,657,643
656,541,643,644,657,645
655,549,648,629,658,646
650,548,633,644,656,635
657,542,643,640,653,644
654,546,632,642,658,638
651,538,647,640,649,645
656,547,633,642,658,637
654,547,645,631,660,645
644,538,642,637,656,643
654,545,646,628,659,648
656,544,647,627,658,645
653,548,632,644,659,637
643,543,637,636,659,638
653,547,634,644,658,639
650,531,645,640,647,644
656,544,647,629,661,646
646,548,633,638,659,636
646,536,643,640,655,643
661,535,644,644,648,644
656,539,642,641,651,643
659,542,647,634,651,645
657,541,644,644,654,643
647,547,632,638,658,635
654,549,642,633,660,647
656,546,633,643,658,636
658,548,648,630,658,648
646,541,640,639,655,639
660,536,645,644,647,644
661,543,640,639,654,640
655,550,645,643,656,644
645,543,638,639,656,639
659,537,643,643,657,633
660,541,645,637,654,643
658,537,643,638,658,634
658,545,634,642,654,640
659,545,634,639,656,640
656,546,644,639,659,636
654,549,646,644,645,646
659,535,645,642,645,644
650,547,633,634,651,646
660,543,639,638,655,645
658,539,642,635,655,645
648,546,642,638,656,636
657,542,646,628,657,646
657,547,639,634,654,643
656,550,648,631,658,644
660,537,645,645,647,645
658,541,642,639,651,644
655,533,647,641,648,646
658,532,642,643,645,648
656,547,642,638,653,642
653,537,645,633,656,647
657,535,646,641,646,645
649,551,633,642,660,635
645,548,637,639,655,640
655,551,643,636,650,647
652,550,643,639,651,644
660,539,643,642,643,643
655,536,647,638,651,644
648,543,644,642,644,646
652,551,644,629,656,643
656,550,640,637,655,644
658,535,648,642,646,646
647,543,639,636,656,634
651,551,632,641,656,636
659,543,648,633,653,645
654,541,641,640,649,644
650,547,633,641,659,633
657,549,643,633,655,635
651,536,645,642,648,644
660,546,635,639,656,638
661,538,644,644,643,645
655,552,645,630,658,646
658,544,643,631,651,645
658,547,634,642,653,639
656,553,646,630,658,647
658,544,648,630,657,643
650,551,633,641,658,635
654,551,631,644,659,639
659,534,644,643,644,643
656,555,646,643,660,636
657,544,646,626,654,646
661,541,647,638,659,634
648,552,632,639,658,636
656,552,646,632,660,645
647,540,637,637,655,637
654,551,632,643,657,635
659,538,642,639,645,642
652,551,644,627,657,643
657,534,645,643,645,646
656,547,636,643,653,637
655,546,644,632,656,646
659,542,642,633,653,647
653,535,647,641,645,645
656,552,645,630,657,643
660,543,643,638,651,642
661,543,640,633,653,649
658,551,647,628,658,645
655,543,644,634,654,646
659,534,645,643,644,645
655,548,633,643,656,636
644,543,638,637,655,637
656,548,644,634,659,645
657,545,635,642,655,638
652,548,630,641,655,634
661,547,643,635,654,644
661,547,641,638,652,641
655,548,648,629,646,642
657,532,646,642,641,643
660,548,636,642,654,638
657,525,646,642,641,644
660,540,641,631,651,644
658,547,631,644,653,635
661,543,635,641,651,638
649,543,637,636,649,634
649,545,638,640,649,634
661,543,637,631,648,642
660,544,638,638,648,638
659,542,639,642,641,638
647,544,635,637,656,635
660,543,638,638,645,638
660,548,641,637,650,639
659,547,639,633,646,639
656,547,641,635,639,638
660,542,640,640,647,640
659,546,630,641,650,639
660,545,630,643,652,632
658,535,644,643,641,641
660,533,641,638,641,642
657,550,643,625,655,643
660,533,644,642,641,642
656,532,642,638,641,642
657,536,645,642,641,642
660,538,640,642,642,641
655,547,640,631,654,639
660,554,642,634,644,644
654,548,629,642,652,632
660,545,640,644,642,644
654,549,642,630,654,641
650,552,629,642,654,631
660,547,633,642,653,636
654,545,630,640,651,633
649,547,638,638,653,638
649,542,641,635,648,638
648,549,631,640,650,639
654,547,629,640,655,634
662,542,643,636,652,643
656,547,645,626,653,642
656,548,632,639,654,632
653,536,644,640,647,643
655,532,644,639,640,642
656,543,636,639,650,635
659,542,639,635,651,640
656,529,645,640,638,642
658,545,646,629,653,645
658,538,640,640,644,638
656,534,646,630,654,639
648,544,634,635,649,634
660,546,633,640,651,636
656,527,645,640,636,642
661,542,636,633,652,643
655,544,633,641,653,636
662,545,638,641,652,639
656,545,642,630,654,641
656,546,645,626,654,643
655,543,643,628,653,644
657,546,642,630,655,643
651,547,629,641,656,632
653,529,645,639,644,642
662,534,642,645,645,642
647,541,636,637,653,636
655,554,643,633,657,641
657,538,639,637,648,641
661,539,641,644,643,641
653,532,642,638,647,643
662,531,643,644,642,645
656,544,631,643,654,633
649,550,631,642,658,633
659,540,640,638,648,639
649,538,640,637,649,639
657,529,643,642,641,641
660,536,640,636,647,642
655,547,629,643,656,632
657,541,641,634,651,639
659,540,639,636,647,639
655,546,644,626,653,642
653,548,629,641,656,631
650,540,644,637,650,640
654,544,644,628,657,643
656,541,642,638,653,640
653,551,645,630,654,643
657,546,640,630,652,641
649,535,647,639,646,644
647,536,634,636,654,636
658,540,638,638,646,642
659,543,640,640,648,642
657,540,639,640,646,639
651,538,645,638,649,641
650,541,645,631,649,638
652,537,644,639,645,641
655,531,644,641,653,634
660,532,641,642,642,640
652,550,629,637,653,632
658,544,633,640,649,637
661,541,641,640,648,640
661,539,635,642,646,639
649,543,638,637,654,638
661,544,637,638,651,642
653,547,629,642,653,632
659,544,642,632,650,643
659,541,640,637,647,640
661,543,643,634,650,646
649,538,642,638,644,639
661,544,637,634,650,640
650,547,629,642,656,632
661,533,639,645,642,641
653,527,643,642,640,642
661,536,641,641,647,640
659,544,629,641,654,633
652,529,643,636,640,642
649,544,639,638,652,637
649,530,643,639,643,643
657,546,641,634,655,640
659,540,642,633,654,638
658,540,642,633,650,641
658,544,631,642,653,634
660,540,640,635,651,638
661,533,641,642,643,642
660,544,645,630,653,644
659,527,641,643,642,643
648,545,634,640,655,632
657,537,635,640,646,640
661,535,631,637,651,637
652,528,642,641,644,643
659,542,648,636,651,642
659,532,639,638,646,639
654,548,628,644,653,634
657,543,645,629,654,644
658,542,632,642,651,636
649,547,629,641,656,632
643,542,637,637,654,635
654,544,629,643,652,632
649,536,642,638,645,639
660,542,639,640,649,640
655,544,644,627,654,642
650,540,640,636,652,638
659,532,645,639,655,640
652,548,628,642,656,632
658,542,645,630,652,645
656,542,644,627,652,644
645,548,631,637,657,631
659,540,641,641,646,640
647,542,635,638,651,638
652,536,644,639,650,642
659,545,645,629,653,645
656,544,645,621,654,642
647,544,636,636,650,638
659,536,633,642,656,643
661,538,642,633,648,642
656,548,642,631,653,641
657,546,642,631,651,634
661,542,629,641,653,632
655,542,643,632,653,640
661,543,646,629,649,643
659,530,641,640,642,640
658,531,645,642,641,643
651,554,630,639,657,632
651,542,644,625,652,642
649,540,643,643,650,643
657,542,644,634,651,642
657,540,643,629,653,641
655,543,629,639,653,631
662,541,637,638,649,639
651,533,630,636,654,631
649,541,638,636,651,636
660,548,631,641,653,634
659,541,642,633,648,644
649,547,632,639,655,634
659,543,645,636,651,634
647,544,636,637,654,634
654,531,646,638,643,643
658,531,643,644,641,642
656,543,645,622,651,642
644,544,638,636,654,636
659,544,647,628,651,644
660,544,632,641,651,633
656,528,644,641,641,643
648,536,645,640,643,644
653,544,631,642,650,640
658,552,642,631,654,641
659,545,632,638,647,640
658,535,643,642,641,643
657,556,645,628,654,644
652,553,630,641,654,631
660,546,639,643,647,640
649,545,643,638,650,639
657,549,641,632,652,639
657,554,640,635,651,642
649,547,641,636,647,639
658,556,645,628,654,645
654,553,628,637,652,631
659,551,646,629,651,646
660,554,642,635,651,640
649,544,641,638,649,639
654,537,644,641,642,644
648,558,637,638,653,635
660,548,647,627,651,645
656,542,645,643,643,645
652,551,640,631,655,636
655,536,645,640,643,643
646,547,641,638,649,637
660,547,641,634,649,642
647,544,634,637,654,632
657,547,642,635,648,643
651,551,632,638,655,633
650,551,630,639,655,633
647,548,629,639,654,632
648,540,640,638,649,639
658,544,630,641,650,633
647,550,631,639,655,633
651,533,646,639,654,644
656,548,628,644,654,632
656,544,643,633,654,639
660,534,639,639,641,639
653,533,641,635,649,638
660,528,641,636,647,640
659,528,642,642,647,641
656,532,644,628,654,644
650,528,630,637,648,640
646,514,641,636,648,639
659,511,645,640,642,643
649,519,629,640,653,632
659,522,647,628,647,645
658,521,641,636,654,641
658,516,644,628,653,643
660,508,645,641,643,643
656,519,644,629,653,643
649,521,630,638,656,632
647,514,639,638,653,635
655,504,644,639,647,643
655,524,644,629,654,641
656,521,630,642,654,633
659,512,647,641,643,644
657,522,644,627,654,641
659,508,647,640,642,644
660,515,644,632,652,642
659,517,639,634,649,641
653,526,630,642,656,631
655,525,644,632,654,640
657,527,647,628,657,644
660,521,643,633,651,645
648,522,636,637,653,637
651,524,630,638,653,631
659,526,641,637,652,640
653,509,637,638,648,639
649,526,632,641,654,631
645,520,636,635,652,637
659,524,635,639,652,637
660,524,635,642,650,636
656,523,641,643,642,643
656,523,640,630,654,640
649,523,644,638,647,641
658,529,646,627,651,644
657,525,629,641,652,634
660,528,640,634,649,642
659,529,641,635,651,642
658,524,643,635,648,639
661,526,639,637,651,639
661,516,642,643,641,641
658,516,645,644,641,643
646,533,632,638,653,633
661,526,642,637,646,638
657,533,631,641,652,633
658,527,646,627,652,643
654,529,630,639,649,630
658,530,648,629,652,646
656,517,646,640,642,642
649,531,632,638,656,642
658,522,645,626,650,643
647,526,640,637,654,636
658,525,641,635,650,639
661,523,634,643,651,634
657,523,648,627,654,644
656,524,630,641,653,634
661,522,640,639,651,637
653,521,643,631,654,640
654,514,647,638,644,644
658,508,646,638,644,643
653,521,642,631,655,640
662,519,637,640,652,637
657,520,641,636,651,642
646,511,633,636,653,632
648,519,637,636,658,637
648,514,637,636,652,637
656,524,646,627,656,642
654,521,643,630,654,641
655,522,644,632,653,640
656,519,645,627,652,644
654,522,644,634,652,641
660,507,644,638,641,643
662,510,647,641,642,643
647,519,642,638,650,637
649,510,637,637,652,634
656,520,648,627,654,644
657,508,645,638,644,641
651,509,638,637,654,633
658,518,642,642,642,639
658,519,644,639,651,638
652,517,643,632,649,639
659,524,645,632,651,642
661,517,636,639,651,637
660,517,644,633,649,642
659,517,635,639,652,635
659,517,638,640,650,634
661,517,642,633,652,642
652,511,638,638,652,638
649,512,634,638,655,635
657,519,632,642,653,632
653,508,641,636,655,636
659,516,643,644,649,637
660,515,644,637,649,640
659,508,647,640,649,642
653,525,631,641,654,633
648,516,641,636,651,638
651,524,632,638,656,633
657,521,644,627,656,644
655,520,630,641,655,632
656,518,643,634,653,640
656,520,635,640,654,633
657,505,643,639,645,642
654,518,647,626,651,643
656,518,646,632,653,644
655,515,643,631,656,641
655,510,639,635,650,638
661,511,648,641,642,643
658,504,646,639,643,642
650,514,644,636,650,641
652,508,640,637,653,635
652,500,641,636,650,636
658,519,648,627,654,643
656,520,644,633,649,640
660,516,642,637,649,639
650,508,637,633,653,633
654,522,646,627,654,644
655,519,633,640,652,635
656,517,641,631,652,641
652,508,639,638,652,635
649,517,641,636,654,637
650,519,631,640,655,631
652,510,638,635,655,635
659,511,646,624,653,642
655,506,646,637,644,642
652,511,637,638,654,636
661,518,639,637,650,640
656,527,647,627,657,644
659,513,642,640,646,639
656,525,646,628,656,642
660,522,634,641,652,640
658,509,645,637,647,641
659,522,647,628,649,644
651,516,644,638,647,641
659,517,643,637,646,639
659,520,643,641,644,643
654,508,641,637,652,636
654,528,633,643,655,633
655,525,644,631,653,640
658,521,643,633,651,644
656,524,648,628,653,643
652,516,645,635,648,640
656,525,631,642,653,633
657,521,642,635,650,639
658,519,634,640,654,635
659,521,649,632,651,645
655,518,646,628,653,642
648,517,643,635,648,638
656,524,647,629,653,642
645,517,638,635,651,636
653,525,633,642,654,630
664,522,638,635,650,640
658,506,645,638,649,640
658,521,643,634,650,642
657,518,642,636,647,640
653,525,646,626,655,641
648,524,630,638,653,631
648,518,644,635,649,641
650,514,644,636,647,639
657,528,646,629,655,642
656,522,642,633,652,639
653,526,631,641,650,632
653,513,647,640,644,643
658,519,640,639,649,642
659,522,646,633,651,645
656,519,643,636,650,639
654,527,631,642,654,631
658,512,645,637,646,642
652,510,638,635,652,637
652,527,646,629,654,642
645,526,633,638,656,633
659,520,641,639,646,641
653,521,629,639,655,632
657,521,645,640,645,642
660,523,643,637,650,640
658,527,632,637,653,634
660,521,641,631,650,643
660,511,646,638,644,643
647,523,640,637,654,638
645,523,638,636,653,636
659,525,644,636,650,642
656,511,648,629,645,640
660,520,645,630,649,644
646,516,638,639,654,636
658,524,643,636,651,639
653,525,643,627,651,641
657,525,645,627,652,642
655,525,634,641,652,636
658,526,641,635,651,637
660,526,635,639,652,637
649,516,647,636,642,642
655,515,638,639,654,637
655,513,648,639,642,643
652,514,648,642,644,644
658,524,639,635,651,641
653,525,638,637,651,640
651,518,646,627,654,640
658,526,642,645,648,641
656,524,641,636,651,640
654,531,643,632,652,639
654,528,649,627,653,644
647,531,632,639,654,631
657,524,643,644,639,642
647,516,643,633,650,640
655,534,646,630,652,645
643,534,631,637,656,631
652,529,641,635,649,640
656,537,644,634,652,644
643,534,636,637,655,633
652,533,639,636,658,638
643,539,633,639,655,633
651,534,632,641,652,634
654,536,633,643,655,636
644,527,638,637,652,636
654,533,648,627,652,644
650,533,637,636,656,634
649,534,631,641,655,633
645,536,642,638,655,638
651,531,633,641,654,636
651,539,648,628,655,644
642,533,642,637,647,634
653,529,638,642,652,638
649,519,646,642,643,643
653,526,641,637,647,639
652,530,631,639,656,634
653,535,632,643,654,635
648,533,643,637,652,640
643,535,634,639,656,633
654,512,649,641,641,644
642,522,639,634,654,637
652,530,644,630,653,641
645,535,632,641,656,632
649,538,647,631,656,643
647,533,630,640,656,633
654,534,646,630,653,646
642,528,643,637,651,638
647,531,641,637,650,639
653,527,644,640,650,641
641,535,640,639,659,635
652,531,637,636,649,637
651,537,645,626,655,643
648,523,646,644,644,644
651,532,644,638,650,641
650,533,643,637,651,638
642,523,645,638,645,643
656,537,631,642,651,637
654,537,636,641,653,637
650,536,644,633,654,640
655,544,647,629,654,645
655,539,646,633,650,646
651,527,646,641,642,642
641,538,640,636,653,637
649,528,645,641,642,645
641,542,642,639,648,639
648,547,646,626,655,644
654,530,643,640,641,641
652,539,641,637,647,639
648,546,643,631,653,642
652,534,643,642,643,644
649,544,642,633,652,642
654,547,631,639,655,632
649,535,642,643,651,644
641,542,636,638,656,635
653,536,646,632,652,645
652,546,643,636,648,642
653,540,639,627,655,641
649,546,636,639,654,636
641,542,639,637,656,637
651,544,641,633,654,641
648,546,647,627,654,644
641,545,634,639,655,633
644,548,631,640,656,633
649,530,646,640,652,643
652,541,643,641,655,639
643,534,643,637,647,643
650,537,645,633,648,640
653,535,645,641,644,641
653,534,642,641,645,642
650,528,646,642,643,643
645,529,646,637,645,641
648,538,636,641,651,636
655,536,641,636,646,641
639,526,648,641,642,645
646,539,628,641,653,634
643,544,631,640,655,633
652,529,644,640,643,639
650,544,646,627,655,641
650,543,639,641,651,644
652,530,643,642,644,643
640,544,633,639,657,635
646,525,645,639,642,642
651,540,648,628,654,644
641,543,633,638,657,633
652,533,644,637,643,641
651,539,642,636,648,641
650,540,647,626,654,644
646,543,632,639,654,633
642,532,644,638,649,641
643,536,632,637,657,632
640,540,639,635,655,639
651,536,648,626,656,643
652,537,643,627,651,642
645,540,633,639,656,634
649,537,641,636,650,640
647,525,645,640,642,646
649,539,633,641,654,636
645,537,630,639,655,632
647,541,634,643,656,635
640,530,643,637,652,641
651,535,641,639,647,642
648,533,642,636,646,640
640,535,637,636,651,640
649,537,648,630,653,645
648,532,642,630,656,642
645,537,645,631,656,642
651,533,633,639,654,636
641,527,646,638,647,644
643,520,647,640,644,643
635,526,644,637,646,642
642,536,645,627,656,645
630,532,634,638,654,633
641,536,643,629,657,642
641,519,642,624,652,637
641,535,647,628,655,645
634,517,643,637,643,644
640,529,647,624,653,645
638,532,631,639,655,634
639,533,641,627,654,644
643,525,636,637,650,638
644,529,648,629,655,644
640,531,643,634,649,641
629,531,640,637,655,636
638,532,631,642,654,635
636,519,644,637,648,642
641,526,641,633,647,641
641,531,645,627,656,643
630,531,637,635,654,634
644,530,634,638,651,643
637,531,631,641,658,634
641,528,641,636,650,642
646,521,644,639,644,641
638,533,643,628,653,641
637,520,646,639,647,641
644,520,644,636,648,641
638,524,644,639,649,642
633,528,639,638,656,638
635,530,634,638,658,634
640,528,630,639,654,633
642,530,632,643,655,636
632,525,635,635,655,636
635,534,632,639,658,633
646,527,636,636,652,642
634,522,644,637,646,641
636,525,630,638,657,634
639,519,646,638,643,645
645,526,636,640,653,638
637,532,632,642,655,634
639,530,632,638,656,634
639,515,644,638,652,640
644,529,637,642,652,641
642,514,647,640,644,646
650,526,635,641,654,641
636,532,633,637,657,635
644,530,643,631,652,646
646,528,648,625,653,644
648,528,647,636,652,645
647,523,645,641,645,641
641,529,645,627,654,640
646,526,647,629,653,646
634,531,631,641,656,634
648,525,644,643,645,641
645,526,645,624,653,646
638,530,631,637,656,633
644,531,645,629,657,642
645,530,633,643,654,635
648,529,636,641,654,639
641,512,639,635,656,637
643,531,646,628,655,642
635,532,632,638,656,633
649,520,641,644,642,641
648,518,646,643,645,642
648,525,644,630,652,645
642,527,643,636,651,642
649,527,642,639,654,641
648,526,649,627,651,646
641,529,633,642,655,634
644,530,645,628,655,643
645,530,647,626,655,643
651,530,641,637,654,641
640,515,644,640,645,643
650,528,649,633,652,641
647,525,643,641,649,641
642,530,645,628,655,642
638,520,646,639,648,642
651,524,638,638,651,639
647,514,647,643,643,642
636,532,630,641,657,632
645,531,634,642,653,637
644,518,647,639,647,644
647,524,634,639,650,640
647,528,649,629,656,644
643,514,642,638,652,639
645,522,642,640,650,640
644,523,643,636,652,641
647,523,642,640,651,639
646,515,644,643,645,644
646,513,646,641,643,643
640,532,632,638,658,633
636,530,632,640,659,634
638,530,633,635,658,634
647,514,645,643,647,643
633,527,634,638,659,635
649,526,644,638,656,646
644,531,649,630,655,646
644,527,647,627,655,646
640,516,648,640,651,643
643,516,648,640,647,646
646,517,638,643,644,643
648,525,644,635,655,644
646,524,634,641,653,638
645,531,644,631,658,644
643,528,647,628,657,645
650,518,645,633,657,646
635,531,632,641,660,634
641,531,646,630,659,644
647,524,642,633,654,643
635,529,632,639,660,637
631,526,642,637,657,641
645,515,646,642,647,647
645,526,648,630,657,647
634,531,633,640,658,635
635,532,633,643,659,634
644,513,646,639,647,646
650,523,640,640,656,642
645,523,643,636,654,642
645,522,647,627,656,645
648,516,644,642,647,643
635,526,642,638,655,639
648,524,641,639,654,643
649,528,638,639,657,637
645,527,649,631,655,646
645,513,643,641,645,643
645,518,649,642,649,649
644,531,641,632,658,645
648,527,637,643,654,639
645,527,646,630,657,645
643,527,644,630,659,643
637,533,633,642,662,635
647,520,644,641,648,645
646,527,644,639,651,642
646,517,642,644,645,642
641,519,647,643,648,647
642,528,631,642,656,636
642,527,644,627,655,643
634,526,635,638,657,637
644,526,644,634,655,643
633,527,638,640,658,635
635,531,633,641,660,635
642,532,632,644,659,635
641,528,631,639,657,636
647,528,640,640,653,642
636,517,643,638,658,642
648,522,642,638,651,643
646,516,648,642,647,645
648,512,644,644,645,644
645,526,641,640,654,641
643,530,644,632,659,644
644,512,647,641,648,643
647,528,642,637,654,643
637,516,646,635,648,644
645,516,647,642,647,647
643,529,632,643,658,635
647,515,647,644,646,644
633,525,635,640,660,636
648,524,643,635,654,641
647,522,644,629,656,641
642,527,647,628,657,646
647,516,647,645,647,648
638,531,633,644,659,635
645,514,645,642,645,645
645,527,643,629,660,647
644,528,647,629,656,644
646,528,647,627,658,644
638,519,646,639,655,641
645,528,651,630,660,647
640,530,632,641,660,636
633,527,637,639,656,637
644,528,639,640,656,643
641,529,632,643,657,636
646,528,648,627,657,647
640,529,632,642,657,635
648,523,642,643,651,644
635,525,641,638,657,641
645,525,644,633,657,643
638,520,646,638,651,642
639,511,643,637,651,642
646,528,643,638,655,644
647,511,646,640,650,642
645,525,647,627,658,644
643,528,631,644,659,636
639,512,637,638,658,636
643,514,649,641,647,646
647,512,644,645,646,646
648,522,644,635,653,647
644,524,643,634,652,642
646,525,632,641,656,636
646,523,646,633,656,646
634,526,632,638,659,634
643,523,643,632,657,643
640,527,632,641,658,635
637,532,633,641,660,636
637,531,634,640,659,635
644,523,642,637,655,643
646,512,645,643,646,646
646,526,644,638,655,641
648,519,643,643,647,643
644,516,648,641,648,645
638,524,637,639,655,640
646,517,646,643,645,645
644,525,644,632,653,634
642,525,645,629,657,644
644,530,644,634,657,643
642,516,647,639,649,644
645,512,648,639,649,645
641,512,647,638,648,644
644,527,645,633,655,643
642,529,645,630,658,642
645,528,648,628,659,646
644,519,643,640,650,642
644,526,644,638,655,642
638,526,631,640,658,634
648,523,644,632,657,647
635,526,629,634,656,633
644,525,642,635,656,642
642,524,646,626,657,645
647,517,644,641,645,643
633,524,634,637,657,635
648,527,637,640,656,642
644,524,644,629,659,644
644,507,646,639,650,643
638,530,632,643,660,634
635,517,644,640,652,643
637,518,644,637,651,643
635,525,633,640,659,634
635,528,634,636,659,636
634,529,633,638,659,634
645,526,633,641,655,638
647,518,645,639,649,645
642,524,647,630,656,646
644,529,645,624,659,646
646,525,645,626,658,647
644,525,648,628,655,644
644,520,643,642,650,643
641,526,642,628,656,645
645,522,642,637,653,642
644,530,648,629,659,645
641,525,646,627,657,645
640,512,648,644,645,646
646,522,644,635,655,648
636,519,645,638,652,642
633,524,641,638,659,640
631,524,635,637,660,635
638,524,632,641,656,635
631,528,640,636,657,637
643,512,647,644,644,645
633,518,641,636,659,638
631,522,639,636,654,639
642,522,636,637,654,641
635,525,634,641,656,639
645,520,636,636,653,638
643,523,643,638,653,641
636,523,631,640,655,638
643,522,641,638,653,643
641,521,629,641,656,637
642,525,644,634,652,642
630,517,637,635,658,636
635,527,632,645,660,636
638,526,643,632,659,642
641,518,643,638,647,644
644,511,647,640,643,645
638,529,645,628,660,644
645,512,642,641,647,645
645,518,642,642,647,642
631,514,645,636,651,643
639,521,645,627,661,645
643,516,639,639,651,646
642,521,646,632,656,647
646,518,640,635,653,643
639,523,646,634,656,643
643,517,646,627,652,648
642,509,646,638,651,644
635,512,641,637,658,640
630,517,633,636,659,635
637,522,632,642,660,635
635,522,631,640,657,634
640,521,645,627,655,642
645,508,643,636,651,643
640,526,641,628,661,646
642,522,647,625,658,646
640,522,644,632,658,644
631,524,632,638,660,636
633,518,631,638,659,636
644,521,633,640,655,640
636,523,630,641,658,635
644,511,646,638,652,643
636,519,638,637,661,640
642,519,644,641,653,643
639,527,645,627,660,645
641,527,646,628,658,649
642,525,633,641,657,640
632,521,642,633,655,641
641,529,644,634,656,644
642,526,646,626,659,645
642,530,648,627,659,647
646,522,644,633,654,646
631,518,643,634,652,641
641,524,642,639,654,644
643,514,646,643,646,643
631,522,641,630,655,639
642,524,647,627,655,647
644,525,647,627,656,646
637,519,646,637,653,642
638,525,648,628,656,646
648,525,635,641,651,646
639,512,647,639,646,645
643,527,634,641,656,638
636,525,630,641,656,635
646,523,645,633,655,646
638,523,646,627,656,646
636,528,633,641,658,636
644,509,645,638,652,643
643,513,645,642,645,647
646,511,643,637,653,643
634,527,631,640,657,636
647,518,648,633,656,644
635,517,642,636,655,639
639,530,643,630,658,644
643,525,647,629,658,648
645,528,635,639,656,639
643,522,648,628,656,646
645,522,642,644,650,644
639,516,646,642,650,645
642,510,644,638,649,644
644,525,642,638,654,642
645,524,642,639,650,643
646,524,632,641,658,639
643,526,633,642,657,639
645,525,648,630,657,648
645,525,647,627,657,645
637,524,644,640,655,641
646,528,648,630,659,645
645,531,644,632,657,644
644,529,644,633,657,644
651,525,644,634,656,650
636,525,630,638,659,635
650,526,644,636,656,646
638,527,632,640,659,635
642,524,630,646,659,638
646,524,651,631,660,647
649,513,647,642,648,647
641,527,633,644,658,635
651,524,636,639,654,644
647,515,642,644,648,643
640,524,633,642,659,635
636,527,631,640,659,636
645,529,632,645,659,637
645,527,632,644,658,636
648,513,645,645,648,641
647,525,649,629,657,647
649,525,641,641,657,644
642,528,646,629,657,645
646,515,646,646,647,647
643,526,646,632,658,645
644,527,645,629,655,645
641,517,645,641,653,645
641,513,648,641,648,645
638,519,647,643,653,645
641,528,631,644,660,636
649,516,643,643,648,646
638,530,632,640,660,637
636,520,644,643,652,644
646,530,646,632,659,643
644,526,643,633,658,644
638,517,646,640,650,643
641,525,630,643,658,635
644,527,647,631,660,647
635,527,632,640,659,635
647,524,637,642,656,642
649,507,647,641,652,645
645,526,648,640,657,635
635,528,633,640,662,636
648,520,643,644,653,643
644,529,644,633,658,644
636,529,633,641,661,635
644,525,643,634,656,643
642,517,648,642,650,646
645,527,649,630,658,646
645,514,648,645,646,646
649,523,639,642,654,641
635,531,634,642,662,635
644,525,648,630,659,648
646,527,644,642,655,644
644,523,648,630,655,648
646,520,643,639,652,642
638,509,642,637,655,637
631,521,640,641,657,629
637,514,644,643,649,640
636,523,646,629,661,641
632,509,640,639,656,632
635,524,648,632,661,636
639,517,637,642,657,630
637,523,650,632,658,638
629,508,636,642,661,627
633,517,641,643,654,631
632,516,639,631,651,633
625,521,633,645,661,625
633,512,646,644,650,637
637,511,648,645,646,635
628,515,649,634,657,637
629,521,645,638,660,631
626,507,640,641,660,626
633,517,644,643,652,632
634,508,648,644,650,634
630,517,647,630,660,634
634,508,651,643,647,633
626,516,645,641,659,632
632,520,646,633,658,632
622,518,634,642,658,623
630,521,647,633,661,633
633,519,644,642,656,631
633,517,637,645,659,627
624,512,634,643,660,624
631,521,647,632,657,633
634,521,648,628,660,633
624,517,634,641,660,623
631,511,643,642,659,629
625,512,644,641,656,629
625,515,641,639,659,629
637,517,646,639,655,632
638,515,645,642,656,632
630,510,643,643,658,629
627,522,634,647,658,624
625,511,639,644,661,627
631,524,648,633,659,635
633,517,646,642,655,631
635,519,646,640,657,633
635,516,649,633,655,637
622,513,645,641,656,631
635,507,648,642,651,633
628,514,647,643,655,632
630,508,641,639,658,631
631,511,643,641,658,631
636,521,644,632,659,633
625,516,640,643,658,629
624,517,637,641,659,627
624,518,641,642,660,629
633,518,645,635,658,634
637,517,645,637,656,636
634,521,649,632,658,638
637,520,650,640,658,637
630,504,641,639,657,630
637,523,644,643,658,633
634,521,646,628,659,639
636,520,646,642,655,634
632,523,649,627,660,637
636,521,649,631,658,638
636,518,649,633,655,637
638,512,650,643,651,636
634,509,646,642,653,635
631,526,649,633,662,638
637,510,651,644,649,637
637,518,646,638,657,636
635,519,641,641,651,636
637,511,649,642,653,635
624,520,641,642,658,630
640,512,651,646,648,640
636,508,645,640,655,634
635,521,645,638,657,636
635,521,645,636,657,636
642,520,648,639,655,638
638,522,637,644,657,632
627,520,644,641,655,634
627,522,643,642,657,632
636,522,650,633,658,640
629,515,641,641,655,636
631,511,639,641,660,627
638,515,646,646,643,637
634,512,647,641,648,639
630,512,644,639,657,630
633,516,649,643,653,638
637,522,644,638,655,633
635,522,650,631,658,639
642,521,649,639,656,637
634,520,646,640,658,634
629,517,649,643,652,636
638,521,639,643,655,638
627,527,636,643,661,628
626,522,641,642,658,630
638,514,648,647,649,638
625,523,641,642,656,627
636,525,650,633,659,640
638,520,641,645,655,634
627,523,646,644,658,634
627,514,647,642,654,635
625,524,641,642,660,631
633,526,646,636,660,636
634,517,652,646,651,638
634,521,648,636,659,638
637,520,648,636,653,639
637,520,650,635,656,638
638,521,645,634,653,638
625,519,645,642,654,634
625,523,645,642,658,633
638,513,647,645,647,638
630,524,636,646,659,627
637,521,646,639,655,636
635,529,651,632,663,638
626,524,643,643,661,629
634,512,645,639,654,631
625,525,644,643,662,634
634,512,648,641,655,634
632,516,636,643,662,627
635,512,648,647,648,640
632,526,647,641,654,636
636,523,649,631,657,640
625,522,643,641,655,631
629,525,635,645,659,629
630,516,648,643,653,638
627,516,647,640,655,634
636,513,648,647,649,637
635,521,649,631,659,639
635,528,651,632,660,638
634,524,648,632,658,636
637,522,641,643,656,634
638,524,650,632,660,638
629,520,650,642,655,636
638,518,645,638,654,636
624,525,639,645,663,628
637,518,648,637,655,641
642,513,649,646,648,639
625,519,647,641,657,633
636,525,639,648,660,631
623,525,637,643,662,628
626,522,643,641,657,631
633,509,645,643,658,634
637,526,652,635,659,642
636,518,645,646,651,636
635,525,651,631,660,639
634,523,637,646,656,637
635,524,652,632,661,640
633,524,635,646,659,628
635,527,650,631,661,639
635,523,650,632,657,641
631,524,649,632,658,636
629,516,647,643,653,639
626,524,636,641,659,628
625,518,647,637,657,635
633,510,649,645,650,638
626,520,643,643,659,631
633,525,648,633,657,638
636,522,647,644,653,636
636,523,651,631,658,639
627,529,641,642,661,632
626,519,647,640,652,634
634,529,650,632,661,639
634,524,635,645,658,628
638,522,648,639,655,637
636,510,646,643,651,636
625,518,645,641,651,636
640,522,638,646,657,633
632,522,636,644,657,637
633,508,645,645,655,636
628,526,642,639,657,631
635,529,651,632,663,641
640,520,648,636,653,640
637,511,650,644,651,639
631,509,648,643,653,638
638,512,647,650,647,638
631,527,636,645,660,630
636,508,648,641,653,637
640,520,644,642,656,638
635,528,650,634,663,639
632,524,635,644,660,631
641,522,645,635,657,636
636,523,635,646,658,630
641,516,648,652,649,638
634,525,649,630,659,640
634,521,650,631,658,638
637,518,647,642,649,637
637,519,648,643,651,638
636,526,653,632,660,640
629,521,632,645,660,629
633,510,645,642,658,637
632,510,644,640,655,636
638,512,646,645,646,640
631,523,639,644,653,629
633,526,649,634,658,639
631,522,636,643,659,628
634,526,651,633,656,641
634,524,637,646,656,632
635,521,652,638,657,639
625,521,640,641,657,631
627,520,649,643,655,637
633,519,648,630,659,640
625,520,649,643,657,637
631,519,649,636,655,642
631,521,646,642,653,633
630,522,650,632,659,641
628,508,649,643,651,639
627,525,651,632,659,641
632,520,647,645,655,637
628,519,641,646,657,632
627,523,650,634,661,639
617,524,640,643,660,632
631,520,646,639,656,637
630,513,648,649,648,637
619,517,644,645,657,636
628,523,652,634,658,643
615,517,647,644,651,637
621,526,635,646,660,629
625,525,650,635,660,639
623,525,641,647,647,641
617,520,641,644,658,636
625,525,652,633,658,641
626,521,635,648,655,632
620,511,642,641,655,634
629,523,645,639,656,638
632,521,648,641,655,641
623,511,643,639,661,629
624,525,634,647,660,631
625,523,635,646,658,631
627,529,647,637,661,639
628,521,639,648,657,634
627,521,644,638,658,640
628,524,647,637,659,638
632,519,643,642,658,641
628,524,650,634,659,643
633,522,638,645,658,632
624,520,651,633,658,642
625,524,637,647,660,630
631,516,648,647,655,638
628,522,645,641,654,640
623,514,648,645,652,638
630,523,651,633,659,640
618,517,647,644,659,636
628,510,646,643,657,636
633,509,650,644,651,640
630,512,649,644,647,641
635,518,644,641,655,640
630,507,648,643,655,638
630,520,636,647,657,631
631,517,648,641,655,640
617,523,635,645,661,629
625,520,640,644,655,634
633,509,651,644,648,639
633,520,646,642,660,635
630,508,647,644,660,631
636,517,648,643,649,639
621,518,643,646,647,641
625,507,641,641,659,634
632,523,641,646,656,636
629,523,646,634,658,636
619,524,641,644,658,634
631,525,650,633,660,638
632,520,645,643,651,637
634,526,637,647,658,635
621,514,647,644,656,635
634,524,638,644,656,637
626,521,645,641,655,638
635,525,646,642,655,638
631,509,644,645,659,636
636,513,648,648,644,639
625,523,642,643,659,633
620,510,646,644,655,636
631,522,649,634,656,642
630,524,635,646,657,630
628,523,637,647,655,633
627,510,642,643,657,634
631,524,649,634,660,641
633,521,650,637,654,641
634,511,647,640,655,638
634,520,650,635,657,644
624,513,634,644,657,631
634,524,650,636,660,641
632,525,644,644,654,633
625,513,647,641,656,636
634,512,650,644,653,638
621,513,648,643,651,639
636,521,643,645,656,640
638,521,647,642,656,638
634,523,637,647,658,632
635,514,647,650,654,639
633,521,636,645,658,635
634,522,647,645,649,639
629,518,643,641,661,635
633,512,648,648,648,642
621,513,647,642,654,636
634,522,648,639,656,643
631,519,649,633,660,640
633,510,636,646,660,631
635,526,638,647,659,635
635,518,643,652,651,638
636,525,647,635,660,639
624,516,646,643,654,638
632,521,647,642,653,637
623,523,642,642,660,635
633,523,646,639,656,639
623,514,649,644,654,638
634,521,643,644,656,636
630,508,647,643,653,639
632,524,651,633,659,642
623,522,634,648,660,631
633,517,645,642,652,637
635,518,647,646,651,639
637,519,641,642,655,638
632,511,648,643,652,638
633,528,650,634,660,643
635,524,648,642,657,638
625,527,652,633,660,643
634,525,648,646,647,640
625,525,645,635,657,634
633,528,649,634,662,641
633,526,647,640,655,639
630,513,651,645,647,641
629,531,635,646,659,631
626,523,645,644,650,638
625,517,647,641,655,637
637,525,649,635,656,644
632,513,650,644,650,643
636,521,643,639,654,640
634,528,648,635,659,641
625,529,635,648,660,631
634,528,642,642,662,634
635,522,645,644,652,639
629,524,648,646,647,641
632,524,635,644,658,632
632,516,647,647,649,638
634,511,646,642,651,638
636,522,640,643,656,637
633,526,635,645,659,632
632,511,643,643,655,636
624,517,643,641,655,634
636,523,643,637,654,639
634,525,645,641,655,638
639,527,644,642,656,642
633,521,638,645,656,635
620,525,642,642,662,636
624,526,638,644,660,631
634,523,644,641,651,638
632,530,647,633,659,640
638,525,643,642,655,641
631,529,648,645,647,644
626,532,636,645,662,631
625,529,646,641,655,639
638,518,637,643,662,634
628,530,636,644,660,632
635,510,643,640,657,634
627,514,652,643,648,641
633,530,649,631,660,642
633,528,647,633,659,640
634,524,648,631,655,640
635,526,642,641,662,634
635,519,650,629,656,640
638,519,645,646,651,638
640,526,649,631,658,641
640,527,651,637,656,643
638,526,647,638,654,642
635,524,645,642,653,638
638,521,643,644,650,641
636,529,643,640,658,636
636,525,644,646,653,640
633,528,636,647,657,634
635,529,647,640,655,638
627,520,645,642,655,638
630,530,635,644,660,630
641,524,636,646,658,631
638,521,652,632,660,643
629,531,635,643,661,631
627,524,642,642,657,635
639,520,644,641,657,642
636,529,650,631,659,642
638,517,649,647,647,642
637,524,645,639,655,640
632,515,650,645,648,643
635,528,636,646,653,634
634,519,646,638,659,641
638,515,646,645,646,638
637,520,649,644,651,637
633,509,645,638,658,636
632,527,649,643,655,640
633,516,651,644,647,643
637,516,648,645,648,641
638,524,645,644,653,637
632,527,648,630,657,642
639,525,646,640,655,643
636,531,651,638,653,641
636,527,640,641,660,633
637,520,645,641,649,638
631,522,636,644,662,631
636,527,650,629,655,642
637,521,646,643,647,639
635,531,647,637,658,640
637,527,637,644,654,636
638,513,650,645,647,640
636,521,647,642,653,641
626,522,643,640,659,633
630,523,641,644,655,639
635,531,644,642,655,641
634,522,650,644,649,642
636,525,646,640,656,638
629,525,646,636,654,638
632,515,650,642,650,641
641,522,646,635,653,643
625,526,641,641,659,635
625,523,642,640,658,633
639,524,648,644,651,639
635,526,649,630,658,643
626,521,641,638,656,635
637,515,644,641,658,637
631,528,633,645,657,631
631,512,649,640,648,638
627,524,645,641,656,635
639,529,634,644,657,632
638,526,633,645,656,639
627,527,635,639,662,631
640,517,646,647,648,638
639,513,647,640,647,642
637,511,648,642,649,641
637,517,645,636,659,639
633,525,633,645,657,631
627,523,641,641,661,632
637,525,643,643,648,638
627,520,644,638,654,637
638,529,641,645,658,633
632,527,634,644,659,630
634,529,650,632,661,642
637,516,647,645,647,640
637,523,651,644,647,642
635,510,645,640,657,638
629,522,641,641,662,634
639,519,645,643,648,640
634,527,647,635,653,638
628,509,639,637,656,634
640,524,652,638,657,640
629,511,645,647,647,639
635,525,638,643,655,637
637,524,646,640,655,639
639,525,645,641,654,640
636,527,646,637,656,642
631,511,643,640,655,633
628,524,633,643,658,632
637,526,638,644,657,634
638,509,650,641,648,640
628,524,643,643,657,640
633,529,648,634,658,640
634,521,644,635,657,639
633,514,634,644,658,632
638,525,652,640,653,643
635,525,645,645,645,643
641,517,640,641,657,638
636,511,646,639,654,638
625,518,645,641,653,638
637,519,649,637,655,642
636,527,649,639,653,644
637,519,645,644,652,640
635,514,649,643,647,643
640,512,646,648,647,640
635,526,636,647,660,635
628,515,648,637,657,640
635,511,646,639,655,638
636,524,645,642,655,638
640,523,642,641,655,639
634,528,634,643,660,631
633,513,645,648,650,638
634,511,643,640,656,635
628,526,633,642,659,629
640,520,644,640,655,638
637,524,646,636,649,639
627,523,643,639,656,636
638,522,647,640,655,641
635,523,650,634,653,644
640,521,647,635,655,641
634,525,649,629,657,642
639,520,644,647,652,639
627,523,637,642,660,632
638,526,648,637,659,640
637,528,645,634,657,639
631,517,649,644,653,642
627,524,634,644,659,630
632,514,638,643,660,634
634,524,634,643,657,629
638,520,644,628,659,641
635,526,634,645,659,630
631,526,633,644,658,630
638,518,637,645,657,635
638,519,648,637,655,641
634,528,647,635,660,641
626,517,638,640,661,635
634,511,642,641,661,635
639,523,646,639,657,643
638,520,645,644,651,638
635,522,650,632,657,643
635,525,648,632,659,642
633,511,644,639,656,635
638,512,649,641,645,642
631,513,644,644,646,639
628,514,644,640,654,635
627,517,645,640,659,639
625,522,640,642,656,638
634,528,648,632,657,641
638,521,649,630,656,641
632,524,635,639,659,632
637,518,651,630,654,642
637,511,647,642,652,639
627,524,645,640,648,639
638,518,646,642,661,631
636,527,649,644,656,638
637,516,645,641,656,643
640,521,645,636,653,645
635,524,647,632,660,640
639,517,644,647,652,638
640,521,640,643,657,633
636,507,647,643,644,640
626,520,649,643,657,632
638,517,645,630,657,641
637,513,648,643,648,640
631,509,643,641,656,633
634,524,646,637,654,644
636,526,650,641,657,638
636,525,637,644,655,633
629,511,641,638,660,636
635,529,650,637,662,632
638,519,642,636,653,640
634,529,649,629,658,640
636,523,643,641,653,638
637,527,649,632,658,641
627,524,638,640,650,638
628,528,637,643,661,633
637,511,653,642,648,642
636,525,635,639,653,637
626,514,648,636,653,644
640,522,645,637,655,640
634,523,650,628,657,643
630,522,645,641,656,635
637,520,644,645,659,633
632,509,645,639,656,637
636,514,645,639,649,636
632,511,645,645,652,639
638,509,648,642,646,642
635,523,633,642,658,630
627,520,644,639,659,635
628,524,632,645,660,632
640,519,646,642,648,639
635,505,645,639,654,637
635,519,640,642,658,636
632,508,642,640,658,635
636,514,641,637,655,639
632,513,634,638,655,637
635,517,646,643,650,639
623,508,649,639,655,636
630,515,642,641,649,637
626,504,640,639,658,635
622,516,634,642,652,639
632,515,650,630,656,643
627,516,639,643,648,638
630,520,646,636,659,639
623,514,633,642,655,631
622,509,636,642,661,632
634,510,649,629,656,641
628,518,633,645,658,633
631,500,640,645,658,641
630,509,648,642,645,642
632,514,645,642,651,641
632,509,648,640,646,640
622,515,652,631,657,645
630,515,645,631,661,642
632,500,648,642,647,641
631,502,649,642,650,639
619,512,633,642,660,632
632,503,647,642,648,644
630,516,647,633,658,640
629,516,649,630,657,643
625,505,642,641,656,635
632,516,647,635,658,642
625,515,651,631,657,643
628,517,650,641,652,643
625,515,634,638,656,638
620,517,646,642,649,643
618,510,636,643,663,631
629,513,644,633,655,644
633,513,642,637,657,641
627,515,647,630,658,640
632,512,635,639,656,637
628,516,643,641,646,640
620,513,641,639,657,634
627,505,640,643,661,632
620,506,635,640,660,630
635,513,643,641,655,634
630,510,647,634,657,640
620,518,635,642,660,632
630,500,644,639,659,636
634,513,651,628,660,642
630,513,649,633,657,641
620,515,635,640,659,632
632,511,648,642,657,640
630,518,650,630,657,644
622,523,648,630,655,644
630,513,650,629,656,640
634,510,650,630,658,631
630,501,648,641,647,643
628,505,643,641,657,637
623,519,634,639,661,632
629,513,645,635,658,639
632,509,647,629,658,641
623,520,647,640,657,642
630,517,635,646,656,633
630,509,648,630,657,642
621,515,651,644,649,642
628,500,643,637,653,635
636,511,649,629,657,643
633,509,646,643,659,632
629,519,633,644,659,632
632,514,650,643,655,641
633,511,650,629,657,644
631,513,635,638,655,639
632,515,646,630,645,640
621,510,634,640,651,639
628,504,645,632,660,642
632,511,648,631,654,641
631,517,650,640,656,636
633,508,649,630,656,645
632,518,636,645,657,636
633,511,650,637,652,640
629,521,647,631,660,633
631,516,650,631,659,644
633,512,651,629,656,635
632,511,634,643,661,633
630,501,647,639,651,640
620,510,633,630,655,641
624,516,633,642,658,631
631,503,647,640,655,638
619,511,636,643,662,633
630,516,649,630,656,643
622,518,636,644,660,632
636,504,649,642,643,643
625,519,635,644,660,633
635,512,650,642,658,633
622,513,643,638,658,635
623,514,648,645,646,642
623,511,632,642,661,633
623,521,638,642,660,631
623,514,649,645,661,631
624,518,636,642,645,641
624,520,646,640,654,636
632,505,640,642,656,634
624,521,635,642,660,632
634,513,644,639,656,644
632,515,648,636,658,640
624,516,636,638,655,640
627,520,634,643,660,632
632,518,645,636,651,643
628,521,635,640,657,639
635,510,634,641,655,638
634,505,649,641,647,642
629,505,640,641,657,640
631,518,646,632,659,638
630,518,635,645,659,633
637,510,647,643,649,643
633,520,635,643,654,641
635,520,648,633,658,639
634,521,635,642,661,633
636,506,649,636,659,639
632,518,636,644,658,635
624,517,633,641,658,632
624,519,635,645,660,633
631,512,641,643,660,635
636,518,646,641,657,641
635,514,634,644,661,636
636,509,651,643,652,644
636,508,649,641,653,641
639,518,640,644,656,640
623,515,641,640,659,637
632,520,635,646,652,640
623,515,643,639,659,640
633,520,650,634,657,633
632,524,635,643,652,643
624,514,646,641,655,640
635,517,644,642,653,639
635,518,646,637,658,641
632,508,646,641,660,632
627,526,636,641,662,634
622,527,635,641,661,634
634,517,645,645,654,641
633,521,644,639,656,642
629,512,641,635,658,643
622,524,636,641,661,634
630,524,645,632,661,642
626,513,646,646,649,643
630,524,646,634,660,640
636,519,646,640,657,636
636,516,645,640,657,643
635,512,648,643,653,641
632,521,649,632,658,644
625,511,639,639,661,635
632,523,645,642,662,633
628,509,648,641,654,641
636,521,643,635,648,643
633,524,645,628,660,644
627,513,648,641,650,643
634,511,645,639,656,642
634,528,647,632,661,643
635,511,650,646,651,645
629,525,644,640,659,641
625,522,635,637,656,638
629,525,635,639,662,633
632,522,645,636,657,642
635,518,646,647,652,641
634,509,651,631,659,646
631,525,645,635,658,640
631,527,647,643,649,645
625,518,643,640,657,637
635,514,646,639,657,637
636,509,649,642,649,643
633,521,650,630,661,644
625,515,647,641,655,641
624,512,646,631,657,646
634,525,638,645,658,637
630,527,645,636,657,641
625,534,631,632,655,640
634,531,645,645,653,643
634,528,644,636,653,642
627,537,635,644,664,631
632,532,644,636,657,642
637,531,649,629,659,646
635,528,649,629,659,645
636,538,635,645,660,636
635,529,645,638,655,642
637,526,648,645,649,643
636,530,650,625,658,645
636,522,650,644,647,645
636,535,637,644,658,637
638,527,645,631,651,645
637,530,640,642,658,640
626,526,642,640,660,637
636,516,647,641,656,639
636,517,646,645,646,643
625,537,642,644,658,636
637,529,641,640,656,643
637,531,649,631,661,645
637,524,646,643,651,643
634,529,644,643,651,643
635,532,649,631,660,646
625,519,646,644,647,641
628,522,647,641,656,642
631,530,646,634,652,643
634,532,650,630,660,646
627,520,649,643,652,644
630,530,648,630,659,645
626,519,644,641,657,641
627,531,649,629,659,644
634,531,651,630,662,645
628,529,644,637,657,642
630,533,633,643,652,641
638,529,644,637,659,642
629,520,648,640,656,643
629,536,634,646,661,634
631,529,632,644,662,635
634,527,648,631,659,647
636,520,650,641,652,643
625,524,645,636,649,644
627,524,648,636,648,644
634,519,646,641,653,644
631,519,649,640,657,641
640,532,648,628,661,642
638,530,649,644,659,647
633,528,645,641,655,643
636,527,646,641,650,642
627,517,650,639,652,646
634,528,649,622,658,643
625,524,646,640,652,643
623,526,642,638,655,644
625,529,646,638,661,638
627,524,645,641,660,633
629,531,647,633,655,642
635,519,647,641,651,643
627,520,647,641,652,642
637,530,639,640,650,642
634,526,646,629,657,645
637,523,645,641,660,643
627,526,647,640,650,646
634,531,646,633,660,644
636,518,648,643,650,644
634,515,647,643,647,644
626,534,634,642,661,633
624,520,646,639,656,639
635,534,634,640,661,635
636,525,643,637,656,641
633,531,636,642,650,643
629,532,634,643,660,633
638,526,646,640,654,644
637,523,651,633,656,645
625,522,644,638,660,642
624,521,639,636,661,638
635,527,647,637,657,647
639,517,645,638,660,643
636,513,647,643,659,644
638,524,647,641,652,642
638,524,648,631,655,642
634,527,645,638,658,644
634,528,647,630,658,642
634,525,643,635,647,643
636,527,643,640,658,645
634,529,632,642,659,634
626,524,641,639,653,641
636,527,648,634,658,641
628,532,634,643,662,634
636,526,644,637,656,641
627,531,634,643,661,634
638,510,646,637,655,642
636,532,646,631,662,642
627,524,643,629,661,634
635,522,644,641,651,641
637,525,635,647,658,646
636,523,645,640,653,642
636,523,640,638,657,643
631,512,640,637,658,639
623,522,641,638,659,636
635,529,645,629,661,643
636,523,648,629,658,645
638,515,647,644,647,645
638,525,637,643,657,636
636,522,640,634,660,639
626,525,641,639,659,636
636,513,650,643,648,645
626,530,636,638,662,635
641,524,644,638,657,645
639,516,645,643,649,640
627,524,640,638,657,638
637,514,647,642,661,634
635,523,648,627,660,643
638,513,646,643,647,643
637,522,646,626,651,643
635,512,649,640,649,644
636,518,644,643,651,644
635,527,635,643,662,637
637,511,635,641,656,637
636,528,641,639,660,637
625,525,640,639,661,643
626,526,635,638,661,635
630,526,633,644,656,633
635,517,633,643,661,634
629,513,646,636,645,644
626,530,642,640,657,639
630,518,647,639,659,641
636,521,644,640,655,641
636,517,634,640,661,634
634,530,648,631,660,644
629,514,648,640,649,643
637,525,639,638,655,638
632,516,632,644,661,634
636,516,644,641,647,642
633,530,633,641,663,636
632,529,648,635,660,643
634,515,635,644,657,636
638,520,642,638,659,642
635,528,634,642,663,633
632,524,640,640,656,642
626,528,648,633,660,644
632,525,649,632,659,646
634,527,644,640,653,640
639,523,644,636,656,644
626,521,647,635,656,643
626,516,646,640,656,641
635,521,648,643,647,642
635,522,644,639,662,642
635,521,645,640,652,642
633,510,644,640,659,641
631,520,650,631,661,634
623,521,651,631,657,648
636,520,644,637,655,644
623,511,640,638,660,643
624,525,633,642,661,633
631,511,644,639,658,631
632,520,647,643,646,644
627,514,648,639,658,641
635,521,644,640,654,634
638,524,645,632,658,641
630,508,642,637,655,640
635,520,647,645,664,636
623,519,644,638,656,640
638,520,645,639,660,642
634,521,649,641,654,640
634,527,646,632,659,643
624,515,647,634,655,645
635,521,640,641,655,639
637,519,639,638,654,642
638,523,649,635,659,644
636,509,648,640,655,642
638,519,642,638,655,643
623,527,635,641,660,638
636,511,641,641,656,639
635,521,643,643,649,642
625,520,638,639,659,638
636,510,641,640,660,634
636,521,650,628,661,645
634,523,644,642,653,642
627,513,647,639,656,641
634,523,648,638,658,638
627,515,646,641,651,643
637,524,644,634,660,647
622,519,643,640,660,637
622,513,643,638,655,639
633,518,632,640,658,636
631,526,635,642,658,635
636,519,650,631,646,636
638,504,646,645,648,644
637,516,644,646,660,645
623,522,641,638,657,635
627,524,633,644,661,634
634,517,648,627,658,644
624,508,650,636,656,646
634,510,638,641,657,637
626,521,633,642,660,634
622,517,644,639,658,641
633,516,643,644,653,640
635,520,644,635,655,633
627,532,635,636,657,642
632,514,642,642,651,639
634,526,639,643,656,646
632,526,649,629,660,645
634,518,643,644,663,640
623,528,635,640,649,637
635,523,646,637,655,641
633,523,634,642,656,640
632,515,649,642,648,643
631,525,635,646,658,638
621,523,641,637,658,636
633,513,635,642,657,635
614,526,638,640,660,636
632,524,643,638,653,639
620,536,635,641,660,633
632,530,634,644,657,633
625,526,650,631,656,644
632,525,643,637,656,642
630,521,643,643,656,643
625,529,633,644,657,634
620,512,647,641,654,640
626,528,646,643,650,642
627,526,646,644,647,643
628,529,646,639,657,632
626,516,649,641,652,639
623,515,648,645,650,645
627,526,649,637,661,642
624,518,649,642,653,645
626,514,649,643,650,633
614,529,638,638,656,632
624,518,648,645,647,643
624,525,633,642,659,632
628,524,643,643,652,641
630,526,644,636,654,643
629,527,644,644,648,637
624,514,649,644,647,645
628,517,647,640,648,641
627,529,644,635,656,641
617,532,641,638,658,636
623,521,647,640,653,642
617,522,646,640,653,641
621,531,644,632,658,640
619,520,646,638,651,642
630,530,645,632,657,641
626,510,643,638,654,636
630,525,648,635,653,646
620,517,634,641,659,643
631,521,645,638,649,638
627,525,633,645,649,639
629,507,639,639,658,637
633,519,643,640,650,640
635,507,648,641,657,633
632,516,644,637,654,639
623,527,647,645,647,643
634,509,649,642,649,641
624,525,636,637,657,635
634,510,648,639,656,642
630,522,636,643,654,637
624,520,640,640,655,633
623,517,643,632,658,636
625,513,646,639,656,637
622,524,635,643,662,632
627,506,646,644,646,643
632,522,651,630,657,645
633,509,646,639,655,638
625,516,641,638,653,634
631,522,645,636,656,639
624,508,631,644,649,642
636,516,640,641,657,638
633,515,646,638,652,640
638,511,651,644,649,643
632,521,651,637,656,639
630,503,645,639,654,641
631,508,645,640,658,640
633,513,648,630,657,639
633,522,644,646,653,641
635,516,648,635,651,642
634,512,649,643,647,646
635,516,648,636,655,642
621,512,642,639,656,639
626,523,633,640,656,632
632,519,647,632,658,643
636,516,646,635,654,643
635,511,648,642,650,644
624,518,635,642,659,631
625,523,635,644,658,633
630,516,635,643,656,643
634,505,647,638,650,642
633,520,649,632,659,638
623,510,644,639,656,636
632,515,650,640,653,640
634,505,645,639,656,637
636,520,649,632,658,644
632,516,647,633,656,641
623,515,643,640,655,633
635,506,643,641,656,633
634,520,647,641,656,641
627,521,631,644,657,635
633,509,648,643,645,641
623,520,644,640,657,638
628,506,642,643,649,638
623,524,638,641,658,643
635,503,647,631,658,643
636,511,646,641,656,636
635,512,645,639,652,637
624,519,639,641,661,635
626,521,649,643,647,643
634,517,651,631,656,644
630,519,649,628,659,642
631,519,634,642,656,631
635,506,647,636,657,640
632,520,648,631,656,644
627,505,639,641,661,635
635,514,646,635,652,645
624,515,641,643,655,639
629,519,634,643,659,632
636,514,647,641,653,635
633,518,645,635,655,634
634,503,648,641,646,643
626,518,634,638,662,631
624,511,633,641,656,631
635,519,645,648,649,642
635,505,647,638,647,638
634,517,636,645,657,634
624,519,633,641,659,640
636,505,647,638,652,640
630,505,644,639,657,633
625,517,645,639,657,633
634,517,649,630,659,642
630,518,647,627,657,638
629,507,642,640,655,635
630,515,649,632,658,642
635,513,645,636,653,642
631,518,637,643,657,636
625,520,633,644,659,632
631,516,644,642,646,641
628,504,646,638,654,638
632,515,650,632,659,640
633,515,633,639,654,634
632,514,646,642,655,633
624,511,634,641,658,633
633,513,645,640,654,637
634,504,650,640,649,640
636,503,649,644,657,633
634,515,648,632,655,643
631,515,645,630,658,640
629,517,634,644,656,633
632,510,645,639,655,636
631,503,646,642,660,630
631,515,641,639,655,638
620,511,635,641,650,634
629,505,648,641,646,641
631,510,636,636,657,638
631,513,642,640,651,638
635,519,643,637,655,640
623,513,648,631,657,644
632,513,644,642,652,640
636,516,648,633,655,642
624,510,649,641,656,636
637,512,641,639,654,638
631,519,646,634,653,640
628,506,633,643,658,632
633,511,646,644,644,641
629,518,644,632,658,639
635,506,648,644,649,642
633,513,648,635,654,643
627,506,633,633,655,638
633,516,647,635,655,644
632,515,648,644,655,633
636,515,644,639,652,638
636,514,632,645,649,638
635,518,644,641,652,640
631,505,645,641,659,631
632,515,642,646,651,639
633,519,648,630,655,638
627,516,632,640,660,642
633,512,647,633,655,633
636,511,647,627,656,640
636,504,648,641,648,639
633,507,650,642,646,643
631,519,648,641,651,641
633,519,632,643,656,633
633,505,638,642,658,633
629,507,641,640,655,634
628,520,633,643,656,633
630,522,644,636,658,640
624,510,633,640,646,641
630,519,646,637,644,641
632,519,647,631,660,638
633,501,646,639,648,640
629,520,646,632,656,642
633,511,646,639,647,638
635,507,646,633,652,642
630,515,644,636,651,641
631,517,643,637,653,637
633,503,646,641,644,639
632,514,638,640,647,638
622,517,642,632,650,641
633,506,649,639,650,641
626,520,631,635,656,639
633,511,648,642,639,641
635,521,650,631,659,642
622,516,638,642,656,635
635,518,641,639,654,638
619,511,633,639,659,643
636,517,644,639,651,638
626,517,635,643,659,631
626,522,637,640,660,633
633,512,646,632,653,642
635,513,647,640,654,634
635,514,645,632,654,643
625,519,632,636,658,635
633,514,650,639,645,639
632,515,647,628,655,644
631,514,643,633,653,640
624,511,632,639,657,634
629,520,632,641,656,632
635,517,641,643,655,638
635,513,644,641,654,634
634,516,649,627,654,643
635,512,644,643,647,642
625,507,634,639,657,632
622,518,647,630,652,638
625,506,640,637,657,632
634,508,649,643,646,642
632,514,644,633,652,638
631,519,633,642,655,634
632,517,649,627,656,641
633,504,632,638,658,632
630,516,643,634,653,640
631,522,644,643,645,636
631,515,642,639,656,632
633,516,645,629,659,644
633,514,640,644,648,639
631,520,646,628,658,640
632,518,635,641,656,638
625,508,633,631,653,634
635,500,645,638,648,641
632,517,648,642,652,637
626,516,632,640,656,629
629,504,641,638,651,640
627,508,634,642,658,631
626,506,638,629,656,639
632,519,633,642,656,631
621,517,639,640,654,631
634,513,635,639,644,641
634,515,636,641,646,641
633,514,648,629,656,643
632,513,632,638,657,631
633,516,646,643,657,630
631,502,646,641,645,642
630,521,646,640,655,638
627,503,648,638,644,641
635,511,650,643,646,639
623,515,630,641,657,629
632,502,646,631,655,637
617,514,638,640,651,638
630,513,647,627,654,641
623,518,636,642,643,641
621,520,633,638,646,642
628,513,644,636,651,638
629,513,644,635,654,640
626,511,648,644,641,641
619,515,638,638,644,642
624,505,641,638,653,636
630,515,643,644,646,640
622,509,632,640,659,633
631,502,646,638,651,640
630,519,634,639,648,638
634,511,648,638,647,639
620,520,635,633,656,635
622,517,633,640,654,632
620,519,632,637,657,630
631,504,643,636,651,637
633,513,642,637,646,640
631,515,642,637,651,636
631,514,649,628,653,642
632,516,646,630,653,642
631,519,648,627,649,639
633,515,650,636,648,636
633,511,647,626,658,642
629,517,644,636,656,639
629,515,637,639,652,633
636,512,638,640,643,639
630,504,644,625,640,637
623,516,641,639,656,635
632,515,648,638,649,639
632,516,647,641,657,641
622,520,633,641,647,640
632,507,646,638,641,641
632,514,643,643,655,631
628,518,646,632,655,638
632,514,643,642,640,641
629,521,644,633,655,638
632,512,648,641,655,635
633,511,646,642,642,641
635,515,647,635,652,642
631,504,646,640,651,632
633,510,647,641,641,642
624,522,631,635,658,643
622,511,634,639,656,629
622,517,634,638,657,630
623,514,638,637,657,636
626,519,633,638,654,638
620,513,639,638,656,633
623,512,642,636,651,636
629,519,634,640,652,633
634,501,644,637,650,638
628,519,633,644,655,633
631,516,648,624,655,630
630,514,647,629,655,641
633,514,635,639,642,640
629,517,642,636,650,638
634,516,642,642,651,638
632,515,648,629,645,638
622,522,633,642,654,630
635,510,644,626,657,640
630,512,643,640,651,636
631,515,641,642,644,642
627,520,646,628,656,640
627,505,644,632,655,635
624,522,634,643,657,632
625,520,647,641,646,642
627,517,632,640,654,629
633,513,642,637,650,638
623,510,639,638,656,641
632,517,634,627,653,639
619,522,635,640,656,631
632,519,642,640,655,630
634,504,647,639,643,639
635,516,648,633,652,634
625,510,636,637,643,638
633,512,645,641,648,634
634,516,644,632,651,638
632,503,643,635,649,635
628,519,642,628,653,634
632,515,635,640,652,633
633,511,647,629,640,638
631,506,644,637,647,638
629,515,641,632,653,627
627,519,645,629,655,638
629,508,647,639,651,636
631,514,641,632,652,638
619,519,631,628,651,628
627,513,642,638,649,637
631,513,642,640,652,638
628,520,647,627,656,642
624,504,641,636,654,639
626,516,637,637,650,636
630,518,648,629,654,642
623,500,635,637,648,638
626,516,643,626,642,639
627,512,644,629,654,629
621,508,633,638,648,638
626,517,646,629,653,640
632,505,643,638,655,639
623,504,638,629,650,636
626,519,647,629,653,643
631,499,646,643,643,643
628,515,646,627,653,640
628,518,650,641,643,639
628,506,645,641,644,640
631,513,641,642,645,638
622,519,632,640,650,642
617,517,631,636,645,638
628,516,634,642,653,632
633,511,645,638,649,630
631,516,643,639,655,642
630,512,641,633,649,637
620,511,632,640,657,641
620,518,631,639,654,632
629,516,633,639,649,635
630,517,642,641,656,632
632,516,642,635,649,626
628,518,645,628,653,638
626,517,630,639,654,630
633,514,641,637,651,638
628,519,645,627,651,634
630,518,641,637,649,639
627,516,642,626,656,631
629,513,645,631,648,639
628,519,644,637,648,638
621,511,644,637,652,635
621,513,629,638,652,630
624,516,641,632,654,639
627,516,643,630,654,639
631,516,643,632,643,639
619,513,638,634,649,633
622,504,638,638,652,628
624,506,637,638,640,640
628,514,644,628,653,634
620,514,636,639,656,630
620,513,633,638,653,631
628,515,644,629,652,639
628,513,643,626,642,642
631,508,645,625,650,643
627,511,641,630,651,636
625,502,639,639,650,643
631,505,645,639,638,642
627,514,632,641,640,642
634,505,645,641,653,639
631,512,645,621,651,642
633,500,646,639,637,630
635,512,646,627,651,641
632,511,643,631,651,638
629,510,638,637,647,640
628,515,646,628,647,641
629,514,643,628,648,638
628,513,630,639,652,641
630,511,641,633,645,638
617,499,636,636,652,631
624,512,630,641,654,628
623,500,641,638,649,636
627,502,637,632,650,641
631,508,644,641,640,642
629,516,635,639,646,643
629,497,644,636,641,637
632,507,644,625,651,639
630,513,632,641,649,633
632,511,646,639,639,641
633,504,646,642,652,637
633,501,645,640,650,636
622,502,632,636,648,638
633,507,647,626,648,642
630,510,642,636,647,638
634,502,645,638,647,629
627,501,637,635,654,635
621,506,630,639,648,630
631,514,645,628,653,640
633,507,647,626,650,641
633,512,643,629,651,638
626,509,644,629,648,640
631,510,643,642,644,636
627,514,633,641,650,630
631,505,645,640,639,634
621,512,630,637,650,629
623,511,629,641,647,634
630,505,646,625,641,638
633,513,643,635,649,641
632,505,646,639,644,639
621,509,629,641,651,630
618,515,635,635,648,640
628,500,639,636,642,639
632,512,639,624,651,639
632,507,642,629,651,640
630,511,643,641,649,633
632,508,643,625,647,634
632,513,634,639,650,633
630,508,643,641,641,640
634,503,649,637,637,641
634,493,645,620,637,640
623,498,631,636,652,630
632,493,641,633,647,636
639,488,646,636,641,641
640,500,646,623,647,638
632,489,641,636,642,632
632,483,646,635,645,627
626,501,641,637,635,637
632,489,645,634,636,638
617,503,630,637,649,630
632,499,643,639,645,636
632,498,646,637,638,639
626,518,644,627,650,640
619,513,629,635,650,630
626,514,629,638,651,629
634,511,644,629,646,639
628,512,636,638,646,634
630,511,639,626,640,637
630,496,643,632,641,636
624,515,629,640,650,628
633,510,642,627,637,640
633,509,643,637,636,638
636,499,646,635,638,627
622,516,626,630,651,630
633,510,643,633,644,636
634,506,646,629,646,637
636,499,635,632,645,631
634,504,646,636,633,637
636,511,645,625,649,638
631,508,641,640,637,636
628,511,638,632,647,635
625,512,631,639,652,638
627,498,635,634,648,629
625,512,631,637,649,627
632,509,641,625,648,635
621,511,630,638,646,629
630,509,643,627,647,634
632,505,645,627,639,631
630,494,643,634,636,636
634,500,645,636,643,629
631,509,642,628,644,635
630,512,640,626,648,636
632,507,644,625,647,638
629,514,644,625,649,637
627,503,636,636,649,631
633,509,647,623,647,638
630,514,643,625,646,635
633,511,644,624,649,638
624,502,632,634,649,626
621,514,627,633,649,627
626,513,629,635,647,636
632,507,643,624,649,631
635,509,647,624,651,639
633,517,643,625,645,640
631,510,641,637,640,637
622,518,631,635,651,629
627,500,636,632,639,633
633,498,642,633,643,634
624,510,629,636,643,634
636,510,647,627,649,638
621,510,635,633,643,633
635,506,646,638,635,638
635,511,640,628,647,638
629,498,643,634,645,637
631,510,643,627,641,633
632,512,644,636,636,637
630,512,647,623,648,638
635,507,646,626,646,639
634,503,642,634,641,636
628,496,638,633,647,638
623,508,632,637,644,630
620,506,631,635,648,628
631,509,643,625,647,636
625,505,633,635,644,632
622,508,633,636,643,632
630,511,640,637,633,636
616,517,636,634,646,630
634,500,644,635,639,635
631,511,640,638,645,629
629,504,641,639,633,634
630,502,643,634,639,633
624,502,633,631,647,625
627,499,641,633,648,631
627,511,646,622,648,635
627,511,642,640,634,636
632,512,645,624,644,637
630,512,645,623,647,636
620,512,630,636,647,623
631,510,645,623,647,635
620,510,630,636,645,625
627,504,640,635,646,631
628,501,640,634,638,631
632,512,642,623,646,632
627,517,641,635,646,635
631,512,633,638,646,628
631,513,646,630,646,636
625,501,635,632,647,628
625,514,640,629,647,632
630,515,645,622,647,634
631,508,643,636,634,634
630,514,640,632,634,634
628,514,642,623,645,634
629,497,641,633,637,633
619,511,630,636,647,624
632,514,636,633,645,632
628,515,642,627,647,634
627,500,644,635,639,627
632,500,644,633,637,633
622,515,630,637,651,633
630,507,644,636,636,635
629,512,639,628,643,632
628,516,642,624,647,634
629,509,645,625,645,628
631,502,644,633,642,632
629,511,641,628,645,634
627,510,645,624,645,634
631,515,636,634,647,630
633,512,645,624,648,635
618,509,629,635,647,625
628,514,629,635,644,629
629,516,641,631,647,635
628,517,642,625,648,631
628,517,641,632,643,631
619,515,635,636,641,626
629,516,643,618,640,632
629,515,645,622,646,636
627,499,645,636,636,635
632,511,643,625,647,634
623,513,644,622,646,635
619,515,635,634,651,633
630,513,641,631,643,633
622,517,631,633,648,625
628,513,638,627,644,631
633,508,645,623,636,633
630,513,640,624,642,630
619,507,629,634,648,634
629,508,643,622,645,632
628,513,637,626,646,628
631,513,643,621,646,627
630,509,645,621,644,622
628,514,641,631,644,631
628,500,638,632,645,627
629,510,643,621,649,626
628,515,633,636,648,634
628,500,642,623,648,633
617,510,630,633,646,623
631,511,642,638,636,626
633,511,647,624,646,635
621,507,629,634,645,628
632,513,635,633,643,632
631,504,644,636,634,634
631,507,642,635,631,633
627,515,645,622,646,634
621,512,629,636,646,625
632,512,643,623,643,631
631,510,643,622,646,634
624,509,632,633,647,623
624,513,641,633,645,625
630,503,640,633,643,630
633,509,644,636,633,634
632,515,631,624,639,636
629,508,636,632,643,627
633,512,644,623,644,634
635,514,638,633,643,635
633,514,644,622,644,636
624,517,628,633,635,635
636,505,646,634,637,635
630,508,637,632,647,637
631,516,630,636,645,627
625,513,635,631,643,628
630,495,638,632,646,633
635,516,632,636,644,629
634,518,646,625,645,634
636,511,646,623,647,636
637,508,645,636,634,626
636,509,646,637,637,637
629,520,642,626,648,635
634,506,645,635,635,637
633,505,643,634,643,631
634,521,646,625,647,628
638,517,637,633,643,634
627,516,629,635,647,625
634,523,645,625,647,637
633,523,646,621,646,634
632,520,641,629,645,632
624,510,629,635,649,626
635,507,641,639,632,634
638,507,645,636,633,636
627,509,631,634,648,627
634,520,632,638,645,628
636,516,641,636,633,633
637,513,640,629,641,634
634,509,644,635,632,628
625,511,630,634,651,625
624,512,631,634,648,624
634,517,644,628,645,636
632,521,631,639,646,623
631,521,641,625,644,632
633,505,644,634,641,632
638,503,643,632,636,633
629,523,630,635,645,625
636,511,645,638,633,635
634,517,632,636,645,625
627,508,634,633,648,626
634,516,646,624,644,635
637,507,645,635,637,633
634,510,646,637,634,635
634,504,642,631,638,632
637,507,646,636,637,638
630,505,634,634,645,628
635,513,640,633,641,632
632,511,645,635,635,636
636,510,641,626,643,630
633,512,639,629,640,630
637,513,642,627,642,637
634,508,642,634,644,631
635,519,646,624,644,635
634,518,641,631,643,632
636,508,643,632,637,635
628,506,638,632,643,629
635,517,640,631,641,636
626,516,629,635,645,624
639,515,643,631,643,634
637,516,642,629,644,636
637,508,645,637,634,635
633,519,641,631,644,631
634,515,639,631,642,631
638,519,636,636,644,628
632,516,644,628,647,632
636,514,646,631,642,624
638,518,637,635,646,629
632,519,640,629,645,632
636,516,645,622,647,634
635,515,633,636,643,626
633,506,642,633,644,633
636,512,639,632,638,634
635,507,641,633,643,632
634,518,645,623,646,635
625,515,638,631,645,628
633,520,644,618,646,635
637,506,645,634,635,636
632,513,641,629,642,632
633,517,641,630,646,632
624,511,630,637,648,627
640,515,639,631,643,635
637,514,634,635,643,630
633,516,641,628,644,632
626,524,632,636,649,627
626,519,631,635,648,625
628,524,629,637,648,636
632,503,640,633,645,631
626,510,631,633,645,625
640,515,633,635,644,631
636,515,639,629,644,625
637,514,644,631,640,634
637,517,643,631,643,632
636,505,645,633,633,636
638,513,642,634,637,633
624,523,630,635,648,627
630,520,643,625,644,634
632,518,646,622,647,634
635,521,645,624,645,636
636,514,640,634,636,632
633,505,641,633,642,633
633,506,644,633,636,635
638,512,642,631,642,633
631,522,647,623,645,638
634,522,645,623,648,624
636,520,647,621,645,637
631,518,629,638,647,627
624,509,631,634,647,625
627,513,639,634,646,633
625,521,631,634,647,625
636,518,647,625,646,636
633,518,644,626,648,635
634,518,641,627,642,635
627,519,630,635,648,625
634,518,646,623,650,636
636,519,640,631,646,632
636,511,642,635,634,634
633,519,645,624,647,637
637,511,645,636,633,636
635,510,645,636,633,634
636,517,645,626,645,637
638,519,630,638,644,632
634,519,643,636,650,626
637,514,638,631,644,633
632,522,645,629,648,635
631,508,631,634,648,627
623,520,635,636,651,625
633,521,645,623,648,634
634,511,644,623,649,630
629,515,645,624,646,637
637,512,642,636,638,634
632,515,642,627,645,634
636,514,639,631,643,638
625,507,635,633,646,625
631,509,640,626,641,634
635,514,642,635,649,635
634,518,631,639,645,628
633,516,645,623,647,636
636,518,634,638,648,626
636,512,645,624,647,636
633,516,639,629,645,634
633,516,631,637,646,628
624,510,629,635,647,624
632,506,641,634,643,631
633,515,645,622,646,636
633,504,635,631,646,635
636,509,646,636,634,636
628,515,629,638,646,625
634,515,631,636,642,627
623,516,630,630,644,628
635,514,639,634,643,631
636,515,643,630,639,633
631,501,644,628,637,634
618,516,641,633,644,632
632,512,637,633,644,633
628,519,643,625,649,636
628,510,631,632,648,626
623,509,632,632,648,625
631,519,643,626,648,637
629,519,640,627,646,633
634,511,646,637,636,636
631,502,642,632,642,631
628,516,630,641,646,636
634,510,642,625,649,635
634,519,647,625,649,636
634,504,645,629,635,635
627,516,630,636,647,626
634,518,646,623,644,638
625,503,635,632,645,626
631,518,641,629,646,634
630,517,645,624,647,632
627,501,637,631,645,629
634,512,644,637,633,638
622,510,631,635,649,627
623,515,630,634,646,625
628,517,632,636,645,630
632,500,641,631,644,629
633,519,647,624,650,636
623,510,631,634,649,626
632,515,641,627,645,632
625,525,629,634,648,624
631,518,644,625,647,626
634,507,646,635,635,635
634,512,640,632,645,634
634,512,644,626,644,637
635,511,644,624,644,637
632,522,643,626,647,634
632,509,644,636,633,636
631,517,640,635,643,633
633,511,646,636,634,638
632,509,647,627,643,636
633,511,645,637,636,636
634,511,643,621,647,636
631,519,638,635,645,634
631,514,640,628,645,631
630,501,639,633,643,632
633,496,642,636,641,634
631,522,645,625,646,635
630,512,636,635,643,631
630,519,643,625,650,634
630,503,641,634,643,632
626,519,629,638,647,626
620,513,638,633,649,629
628,502,640,635,645,625
620,517,636,632,643,627
623,516,642,627,646,633
630,519,644,625,646,638
628,518,642,625,648,632
634,515,636,633,643,630
621,516,635,632,648,628
631,509,644,637,634,635
635,512,645,624,645,637
632,502,638,632,640,633
630,511,639,636,633,636
635,514,635,635,645,631
632,510,644,636,635,636
631,514,639,631,642,632
627,517,631,639,647,627
624,515,642,630,642,635
628,519,642,626,646,628
626,520,646,626,649,637
629,514,631,637,646,628
628,516,643,626,648,634
626,517,628,635,647,625
634,515,646,625,648,637
634,504,645,637,638,636
630,515,634,638,646,631
630,503,642,632,643,633
628,515,639,632,643,633
632,508,644,636,634,636
634,512,632,635,645,630
625,498,639,632,646,630
629,514,644,624,647,635
630,514,643,624,646,633
632,509,644,622,647,631
629,503,640,632,643,629
634,506,645,641,637,637
622,512,629,639,634,633
623,513,641,624,645,632
620,509,629,633,648,625
631,509,645,635,635,636
634,509,647,623,647,636
621,510,631,636,649,627
636,502,642,636,641,634
630,514,635,637,648,629
618,508,630,634,648,625
632,505,645,636,635,635
629,513,632,637,645,626
633,498,645,633,637,633
631,501,644,633,642,636
631,510,645,623,645,636
623,508,634,637,647,631
627,514,630,635,645,628
627,511,640,632,640,632
631,511,643,624,647,634
628,513,645,622,646,636
633,516,647,623,649,637
626,499,637,632,640,628
628,514,645,622,649,632
631,512,642,637,636,634
626,499,635,634,645,626
625,500,637,633,648,629
629,512,644,623,646,636
620,510,631,636,649,626
628,499,639,633,647,630
625,498,634,631,648,628
630,514,645,623,649,635
620,509,631,637,648,627
631,509,645,623,649,634
630,514,645,633,642,631
625,510,640,636,636,633
633,507,644,623,642,635
629,510,642,636,633,635
630,509,641,637,644,633
630,513,644,625,648,632
624,515,628,637,648,626
631,511,642,625,643,635
626,498,637,631,644,628
630,501,639,634,645,631
633,504,644,636,636,636
636,513,642,630,643,637
628,512,641,633,642,633
626,500,638,632,648,630
630,512,644,623,646,627
628,510,641,630,642,633
632,509,642,635,634,636
632,509,641,623,647,633
634,503,645,635,637,635
630,509,642,637,633,635
631,506,644,622,644,636
628,512,639,631,644,633
628,512,641,625,647,634
629,514,641,626,646,633
628,510,639,631,641,632
627,518,645,623,647,636
620,504,630,634,647,624
630,513,645,623,648,636
629,510,642,638,634,634
625,503,635,632,650,624
634,502,642,635,638,637
628,511,639,627,643,634
633,498,644,635,637,635
630,511,644,624,645,634
628,509,641,628,644,634
625,496,635,631,648,626
619,512,631,634,649,625
627,499,638,633,646,629
632,502,644,636,635,635
638,507,647,624,645,637
627,502,639,632,645,629
622,510,630,630,644,628
629,500,642,632,643,631
628,512,643,624,647,634
633,508,646,623,648,636
630,510,640,629,645,633
629,513,642,627,648,632
624,508,630,634,647,625
631,511,641,629,645,632
632,512,641,626,643,634
631,511,642,628,650,632
624,503,635,633,650,626
626,512,634,634,643,629
634,509,646,622,647,637
627,506,639,639,638,632
622,513,637,633,650,629
624,512,630,636,648,625
624,503,636,634,646,628
632,509,645,620,643,638
621,502,630,634,647,624
631,500,644,634,642,634
617,512,628,635,646,626
625,500,636,632,646,634
627,496,638,633,643,628
628,511,639,635,638,632
622,515,629,633,650,626
619,505,628,634,648,625
630,495,641,634,641,633
632,509,645,622,643,636
628,510,639,637,633,633
616,507,630,636,648,625
630,496,641,631,643,632
633,499,644,632,639,634
631,508,642,625,647,633
620,510,632,636,645,629
627,498,636,631,644,629
633,503,644,635,633,635
631,498,641,634,643,632
619,511,627,636,647,625
631,508,645,623,646,637
621,511,628,635,647,625
628,511,637,632,643,635
635,507,641,622,652,635
621,510,628,637,648,623
629,498,639,632,648,630
630,497,643,631,639,632
627,510,638,630,638,631
633,509,645,637,635,635
627,513,640,624,647,633
633,507,645,627,646,634
628,513,643,624,648,636
631,496,644,632,641,634
631,513,641,629,647,633
633,499,646,634,645,633
629,508,638,630,641,632
624,502,631,635,649,626
623,500,635,630,649,627
628,503,642,634,632,635
629,509,640,631,644,635
617,512,631,634,648,624
624,509,635,632,641,631
629,509,640,625,643,633
633,504,644,636,636,636
622,500,629,631,648,624
619,511,630,635,646,628
630,513,640,627,648,633
633,509,645,622,648,634
636,498,646,632,640,635
620,513,629,636,648,625
625,509,642,636,634,633
624,506,643,626,646,633
620,510,629,635,648,626
634,507,645,623,644,635
624,514,627,635,648,626
628,512,638,634,640,634
628,509,640,635,635,633
621,506,631,634,647,624
629,509,640,632,640,630
620,512,631,636,645,628
632,496,642,633,642,629
632,497,641,636,631,637
631,510,643,623,648,634
627,511,642,637,636,635
633,509,645,622,646,637
627,513,627,634,648,633
635,507,646,624,645,637
621,508,629,635,647,626
631,511,641,627,645,634
629,511,639,637,638,633
621,503,630,634,646,625
633,508,644,621,643,636
627,514,641,627,647,633
622,506,629,635,646,624
627,510,636,628,643,632
631,511,641,626,645,633
631,498,646,633,633,635
633,508,644,636,635,634
616,504,627,635,646,624
628,496,639,633,644,629
630,508,643,636,628,635
634,497,644,632,634,635
632,508,643,635,636,634
626,510,638,628,643,637
634,499,640,632,646,627
629,508,641,632,646,631
621,512,629,633,649,623
634,507,646,621,645,635
631,505,640,636,633,635
632,510,640,625,644,636
626,512,639,637,635,634
624,507,630,636,647,627
630,496,639,633,643,631
629,513,643,623,649,636
620,505,630,633,645,625
633,509,642,624,649,634
629,511,641,637,637,632
631,513,644,624,648,638
632,507,645,619,647,636
634,511,642,627,642,636
634,511,643,623,649,634
633,497,641,630,643,631
626,512,642,624,646,633
632,510,641,625,647,634
630,496,641,632,643,630
629,500,637,630,645,630
632,496,640,629,644,631
629,495,639,629,643,629
635,509,646,622,646,636
633,503,642,635,634,635
631,512,630,636,645,628
635,504,644,624,641,636
629,516,640,622,646,633
621,512,630,633,648,625
631,493,635,629,641,632
633,510,642,624,648,635
632,491,639,632,641,633
634,502,643,624,647,637
634,500,644,635,636,634
634,513,631,636,640,630
629,512,639,627,644,633
632,498,643,632,640,633
626,493,636,630,644,629
636,508,646,622,648,637
629,495,640,631,644,628
632,511,640,632,637,633
629,512,643,631,647,637
634,506,644,620,643,637
633,508,643,624,645,633
635,508,638,637,635,633
634,493,643,632,633,637
629,504,640,633,639,633
627,504,636,632,644,634
631,501,641,635,635,634
634,486,643,631,647,626
636,494,642,634,637,633
632,480,642,631,640,632
629,492,642,635,635,632
635,495,642,629,644,638
635,487,644,634,631,635
631,493,640,627,643,634
631,492,640,628,643,632
631,494,638,630,644,632
625,495,628,632,642,630
633,487,646,620,646,635
628,477,634,631,646,625
622,490,629,636,646,626
630,489,642,630,639,633
629,487,639,633,639,632
631,492,639,633,641,632
631,481,639,629,637,631
625,476,629,632,647,631
631,485,640,633,642,623
622,473,628,633,648,624
631,487,643,630,644,633
621,479,631,632,647,624
623,487,636,632,643,630
624,487,632,636,645,633
629,483,640,629,644,629
634,484,642,626,647,621
632,481,641,634,634,632
631,483,636,633,639,631
632,477,639,636,633,631
635,481,646,624,645,634
632,472,646,633,636,633
632,481,644,637,634,631
634,481,641,623,647,630
631,482,641,636,634,630
631,484,642,629,644,630
630,468,640,629,643,627
632,482,637,632,642,629
634,480,644,623,645,632
627,464,639,629,645,626
632,487,641,627,648,630
634,469,643,632,635,631
629,482,641,635,634,631
629,487,634,631,643,630
631,479,642,623,646,630
621,484,631,635,646,624
625,483,635,634,644,625
635,480,646,623,644,633
632,469,643,632,637,630
631,481,639,629,643,631
637,484,638,633,649,628
625,475,640,636,634,629
625,482,632,635,644,628
631,478,640,626,643,630
636,471,647,621,645,634
632,474,643,638,633,633
621,469,629,634,647,622
634,469,639,623,645,632
633,471,640,628,642,634
633,469,643,625,647,630
632,472,641,630,646,623
625,457,637,629,647,623
635,470,646,623,647,634
628,468,636,624,645,629
627,470,634,631,642,628
629,467,639,631,636,629
632,465,641,628,644,630
635,461,643,624,647,629
633,465,640,627,644,632
627,466,637,630,641,630
629,449,645,625,645,634
622,459,629,634,647,622
623,452,630,630,646,621
631,467,640,638,638,627
625,464,634,634,643,626
624,466,632,633,645,627
630,452,644,630,635,630
622,451,627,635,644,622
622,456,630,632,649,620
630,463,640,627,644,627
629,458,640,630,644,627
631,447,640,631,645,632
632,448,643,630,640,628
623,465,629,636,645,622
631,449,642,633,641,626
632,461,641,623,642,628
628,465,638,631,639,628
625,459,638,629,639,628
630,463,634,631,639,629
624,464,633,631,643,623
632,462,645,622,645,626
631,451,645,636,634,630
625,457,635,633,649,621
625,466,640,630,640,628
628,458,642,620,645,628
627,465,640,624,645,627
625,459,646,622,642,630
623,446,641,632,636,627
620,464,641,631,641,628
622,461,645,621,642,630
621,462,640,625,644,625
621,458,642,634,632,625
619,447,635,631,639,625
612,470,634,635,644,622
619,451,639,626,641,624
620,457,643,626,638,629
608,463,630,632,647,618
612,466,635,630,640,624
620,473,642,635,635,626
610,455,630,630,644,618
614,460,637,631,649,617
617,471,641,636,638,625
609,459,630,629,646,616
621,465,642,622,647,627
614,473,633,631,645,617
608,468,627,634,646,617
620,476,633,631,640,625
618,472,640,630,638,625
620,471,643,621,647,629
622,474,644,619,646,628
619,474,630,634,645,621
612,482,632,635,644,624
623,477,645,621,647,629
621,480,646,628,642,629
607,476,629,633,644,621
622,482,643,626,646,628
620,478,644,620,645,629
619,484,639,634,635,629
621,469,643,630,639,627
622,485,643,634,634,630
616,484,631,631,647,621
618,482,636,629,650,623
610,490,631,631,648,621
612,492,630,630,647,622
622,489,641,630,643,629
623,499,644,619,643,632
624,500,643,633,636,634
620,505,642,624,646,628
626,491,643,631,638,629
620,509,635,630,638,632
617,492,634,630,648,625
626,497,645,632,635,634
617,499,644,634,631,634
623,509,640,631,638,629
624,493,643,631,636,631
619,509,640,628,644,634
624,506,645,621,644,634
625,504,644,633,634,633
624,506,641,625,644,630
626,493,641,630,645,630
627,495,645,620,643,635
627,501,645,623,644,634
628,501,648,620,645,634
625,500,644,620,639,628
627,502,644,620,648,632
610,504,631,633,646,621
621,490,638,628,644,627
618,494,631,630,647,621
624,496,644,619,647,631
625,489,645,631,640,632
626,496,643,621,646,632
626,494,643,620,643,631
626,499,645,621,643,633
625,497,644,635,631,631
625,503,638,630,641,632
624,496,640,622,645,629
614,500,631,635,647,623
622,498,643,624,646,631
614,488,630,632,651,623
622,501,641,625,645,627
613,497,632,631,642,626
625,499,638,623,645,631
616,498,633,634,643,626
622,500,638,632,642,629
625,493,642,625,644,634
621,492,639,627,641,632
622,494,639,632,641,632
615,485,629,631,646,620
627,483,646,622,644,632
615,476,629,630,646,622
618,469,636,631,649,627
613,473,629,633,645,622
615,469,631,629,648,620
624,463,647,626,635,629
626,468,641,633,639,631
621,460,645,632,634,633
621,459,636,627,645,632
623,446,642,629,643,633
619,459,637,633,638,627
628,440,645,631,631,632
620,459,641,634,634,629
614,454,627,631,647,622
623,462,641,632,636,630
629,446,645,632,636,631
623,444,642,631,639,631
615,454,638,625,642,627
621,460,639,631,646,622
614,448,631,630,649,622
620,445,640,631,644,628
626,456,644,622,644,630
624,455,641,622,647,630
618,449,635,630,648,625
620,445,636,630,641,627
613,461,645,631,650,633
612,454,628,632,645,621
626,457,645,620,648,630
627,457,645,622,646,633
624,446,642,627,643,627
623,468,642,627,645,622
626,460,646,621,644,631
626,459,644,621,645,624
620,447,640,627,643,626
620,453,635,631,644,626
626,449,646,634,636,631
625,459,643,631,631,628
614,458,630,633,645,621
625,462,642,623,649,632
623,468,642,635,634,632
625,461,643,620,646,631
625,454,646,634,634,631
620,468,640,627,643,629
622,466,639,634,634,630
616,466,636,632,644,626
622,463,640,626,642,629
618,468,632,632,641,632
625,465,640,627,638,629
623,470,643,636,636,632
624,466,644,635,632,631
624,461,643,626,634,632
625,454,643,629,638,631
626,461,643,634,637,631
614,467,629,633,644,624
622,469,638,628,645,623
622,469,642,627,644,628
622,465,642,633,631,629
625,468,644,618,647,631
613,473,629,634,646,625
621,470,637,633,637,629
626,457,643,630,636,631
618,457,636,630,649,625
621,473,636,629,644,630
618,469,643,621,645,630
623,464,647,619,644,633
623,472,636,632,635,629
624,457,643,632,642,629
625,456,644,631,633,632
624,464,644,635,634,632
614,474,629,634,644,622
612,463,629,633,646,621
625,467,639,625,643,633
625,456,638,628,642,620
619,457,636,630,642,624
615,469,630,633,647,621
625,466,644,619,648,632
625,470,644,619,645,632
622,471,642,635,634,630
619,457,635,629,643,622
623,461,641,633,633,632
620,469,640,637,636,630
622,474,641,631,641,630
618,456,639,628,641,626
623,471,639,635,634,630
627,464,644,634,634,632
625,464,642,621,643,633
622,471,640,627,641,631
615,466,629,630,647,621
624,465,642,635,631,633
623,469,644,635,633,634
624,471,641,625,642,629
623,469,643,635,632,632
614,474,630,633,645,622
617,468,644,625,642,632
621,473,639,632,640,630
620,463,639,630,649,623
612,473,630,634,646,623
615,468,630,632,648,622
625,471,643,636,633,632
628,467,638,623,641,633
624,459,645,632,636,630
617,474,626,630,640,625
624,471,644,635,631,633
627,467,643,619,647,632
624,466,644,620,645,630
625,471,644,621,647,632
625,460,645,630,640,631
627,461,643,632,631,631
623,476,642,625,646,629
621,471,640,635,639,630
620,454,643,631,635,632
616,476,631,634,645,626
624,468,645,619,643,633
622,458,637,629,642,626
612,472,632,633,642,625
626,470,644,635,635,632
625,459,645,632,635,634
612,466,630,632,643,622
614,472,630,639,647,623
616,475,632,631,643,626
612,466,630,633,649,621
616,469,630,633,647,621
623,466,646,630,632,632
623,473,642,636,637,630
622,457,643,629,640,628
622,464,642,633,636,632
628,472,644,620,647,632
613,470,629,633,645,624
616,475,631,633,646,624
618,461,637,629,643,627
614,458,637,629,643,623
614,471,627,633,647,621
614,469,627,633,647,624
624,470,642,636,633,632
616,473,632,632,643,626
622,470,640,632,636,630
625,469,643,628,631,630
623,464,644,619,644,631
624,472,641,624,646,630
626,469,638,622,645,634
615,473,632,632,644,622
622,475,640,627,644,627
627,465,645,636,634,632
623,470,643,621,639,630
616,469,630,632,649,622
621,470,638,629,644,626
627,455,643,617,640,630
625,459,642,636,634,629
623,442,638,630,644,626
613,452,626,634,649,621
621,439,637,627,647,624
620,435,637,631,643,626
615,435,631,632,647,632
622,449,638,627,642,628
614,443,631,632,642,625
626,444,643,619,648,628
626,443,641,624,643,632
628,433,644,632,633,630
627,441,644,621,644,629
618,430,635,631,645,623
623,443,640,628,640,630
621,444,640,627,642,627
615,427,641,627,636,626
624,444,635,632,646,625
622,442,646,626,644,632
622,437,643,620,644,627
623,447,642,634,634,631
620,432,639,629,640,623
619,451,632,631,643,625
625,443,644,620,644,632
625,437,643,632,636,634
626,441,641,633,637,631
626,439,643,632,632,631
625,447,644,625,646,630
615,451,634,634,646,625
622,453,641,631,636,630
620,437,643,632,634,630
611,444,628,634,646,620
619,457,638,633,639,627
626,442,644,621,644,630
622,452,638,630,643,628
623,444,639,635,635,629
618,452,637,628,641,630
624,444,643,635,632,632
623,435,644,629,639,627
623,445,645,635,633,631
623,435,638,628,637,627
627,447,646,633,634,628
623,448,642,634,633,632
626,450,645,628,641,629
616,457,631,635,645,623
622,437,641,631,640,627
623,457,641,633,639,629
623,454,641,624,645,630
626,451,645,622,642,632
624,442,644,631,638,631
624,456,641,625,644,629
614,455,632,632,643,623
621,454,641,630,643,629
613,448,628,631,646,619
624,443,644,633,636,631
625,440,644,633,632,631
620,459,640,632,638,628
624,455,640,636,635,629
624,454,642,625,640,631
614,449,628,631,643,626
626,456,641,627,639,628
625,448,644,632,632,630
624,450,645,619,642,632
625,456,641,622,644,630
619,454,635,630,646,626
623,457,639,632,634,629
623,457,641,619,647,631
620,456,635,630,642,627
616,460,631,634,644,626
624,452,644,632,631,632
627,461,640,627,643,632
616,460,631,635,643,624
626,459,643,630,643,632
616,460,633,634,643,624
627,454,642,625,641,632
615,465,634,633,645,626
622,456,644,624,642,632
627,461,646,622,645,632
614,460,632,632,641,625
621,445,640,631,644,626
623,460,643,624,644,630
620,460,639,634,632,629
624,459,638,629,642,628
626,458,645,623,644,634
623,443,642,629,641,627
626,456,641,625,640,633
621,450,640,634,645,628
623,458,641,623,645,630
626,450,646,631,637,631
624,460,646,622,641,633
623,463,640,627,646,629
626,459,643,620,645,634
617,457,635,630,642,631
617,449,635,630,643,624
625,451,643,629,639,631
620,463,637,634,636,631
613,464,630,632,644,626
625,453,645,634,637,633
623,465,639,630,646,626
615,463,631,633,649,623
616,462,632,629,642,630
618,463,637,633,638,629
625,463,645,621,648,632
626,460,643,619,645,634
622,462,642,626,642,632
625,456,644,637,634,634
619,451,637,632,646,627
617,462,633,633,642,626
624,464,640,635,636,631
626,450,642,630,636,632
625,447,643,636,633,632
623,462,640,637,634,632
623,463,642,627,646,631
628,463,641,627,643,632
610,465,632,633,645,623
621,467,639,634,647,630
626,459,643,635,634,629
620,446,634,630,643,630
617,466,637,631,645,630
621,464,638,630,641,631
630,464,644,628,646,635
627,450,645,634,636,633
613,463,629,634,645,623
630,465,644,619,647,633
626,463,641,634,633,632
621,464,640,628,642,631
625,451,642,633,644,630
625,455,643,636,636,634
626,451,645,630,644,629
619,468,635,626,643,629
621,454,637,632,647,627
623,451,638,631,641,629
624,468,640,627,645,631
626,462,643,624,647,633
625,461,645,637,635,634
627,457,643,634,632,633
626,448,642,629,643,628
615,465,629,634,640,621
626,459,643,621,647,632
619,453,635,630,650,627
627,463,644,621,647,631
624,461,641,633,631,630
625,468,639,639,637,630
628,463,642,625,644,634
622,464,640,629,644,632
617,455,633,631,649,623
615,467,630,639,647,624
622,468,640,630,639,630
624,469,638,633,640,629
626,464,646,628,642,632
624,465,639,627,643,628
628,463,643,634,633,634
615,469,631,636,644,626
615,460,631,633,647,618
623,459,642,636,633,633
615,463,628,639,647,624
625,469,643,617,647,632
615,464,632,632,642,628
628,454,646,632,636,632
625,461,642,623,645,631
624,470,642,636,637,631
628,468,642,637,635,633
623,465,638,635,641,629
627,462,643,622,645,634
625,458,643,632,633,632
617,466,633,631,644,628
624,469,641,621,646,630
623,465,640,636,635,631
621,454,638,631,646,626
624,462,639,629,642,632
628,452,643,634,635,632
626,454,643,633,636,633
614,459,629,632,649,621
623,463,641,622,646,631
616,472,629,635,646,623
623,471,641,628,647,630
628,463,644,621,645,633
623,468,637,632,640,628
616,466,629,634,646,622
628,461,644,622,641,632
624,469,640,628,643,629
619,456,634,631,644,625
626,460,643,634,633,632
624,451,639,631,641,630
620,470,636,632,646,630
615,462,630,632,647,623
625,465,640,634,633,629
616,460,630,631,649,628
622,452,639,631,643,628
624,463,639,624,644,628
622,467,641,627,645,632
628,453,643,633,631,630
622,467,641,629,644,632
614,467,629,637,645,626
615,466,628,636,647,622
628,453,643,632,638,633
629,459,644,623,643,632
615,467,628,633,647,624
619,466,636,632,642,630
623,469,637,631,643,630
628,464,644,622,637,632
617,465,632,634,644,627
623,468,640,636,643,629
625,451,643,630,640,630
628,462,642,636,632,634
623,467,641,635,635,631
625,462,642,624,644,630
615,461,629,633,648,622
624,462,643,633,633,632
624,466,640,634,635,630
627,463,642,623,650,632
625,467,642,623,645,631
627,454,644,634,640,631
622,464,640,626,645,629
627,456,644,631,635,634
628,462,645,621,644,635
623,451,639,629,644,625
616,467,629,634,648,623
620,453,636,630,643,628
621,472,636,632,644,632
626,459,644,621,647,632
613,459,628,634,646,624
620,464,631,634,649,623
627,464,639,620,640,633
619,458,631,634,652,623
622,450,637,630,645,627
623,469,641,630,643,632
624,467,640,630,641,629
628,455,641,634,633,636
622,464,635,629,642,630
629,469,642,628,643,634
628,467,644,625,647,632
625,469,638,634,639,632
622,455,637,631,644,629
627,460,644,636,631,633
624,461,644,632,630,634
620,469,636,632,642,632
622,467,640,631,642,632
614,458,629,635,648,625
621,463,636,632,645,633
620,448,636,630,647,626
617,460,638,631,645,634
619,447,636,630,648,625
624,449,641,633,645,629
619,445,633,631,648,625
615,456,630,634,650,624
625,456,641,629,643,634
625,454,643,624,647,635
630,457,643,628,642,638
629,457,648,626,643,637
616,455,631,635,647,627
617,452,630,631,650,625
623,445,641,631,647,630
626,459,643,627,645,631
619,461,640,637,640,633
627,457,645,621,648,635
627,455,639,629,643,633
623,452,644,636,633,635
626,458,644,624,645,637
623,457,644,630,642,634
617,462,641,629,645,633
621,456,644,630,645,636
619,460,637,630,644,635
623,456,644,622,643,637
624,452,647,634,635,637
622,462,646,622,648,635
615,459,638,630,642,636
612,466,633,636,645,628
621,459,645,622,649,634
621,461,645,622,645,636
609,466,631,636,645,627
610,459,631,632,645,627
619,468,644,636,636,636
610,468,632,637,648,625
619,467,642,630,645,635
626,463,644,636,640,637
618,458,637,633,651,629
609,470,636,634,646,632
622,453,643,630,641,633
614,458,635,626,649,625
625,468,643,638,635,639
619,452,640,630,647,631
625,459,649,635,643,635
626,460,646,634,633,637
625,468,643,632,634,635
625,472,646,623,648,640
624,466,645,621,648,636
616,474,633,636,645,632
614,467,631,630,652,628
615,476,633,635,648,629
624,476,642,635,642,635
624,455,646,634,639,635
616,465,635,632,652,628
621,476,642,634,644,633
623,470,641,640,638,637
627,468,643,626,645,639
629,470,647,623,651,637
615,473,631,635,647,637
614,468,632,635,650,627
618,475,633,633,644,635
619,463,637,632,650,630
630,472,646,634,637,641
622,475,643,629,647,635
629,461,646,635,641,638
630,473,644,626,645,642
627,465,647,634,638,641
623,474,644,635,636,635
629,468,647,635,637,640
630,461,642,631,638,638
628,468,647,621,647,639
630,465,646,635,638,639
616,470,632,634,646,630
628,483,641,630,648,637
621,463,633,631,649,629
628,476,645,626,652,638
629,472,646,623,646,639
630,464,644,633,645,635
627,474,643,626,649,637
631,476,646,623,645,640
626,477,648,628,645,642
617,476,631,636,649,630
630,469,646,622,652,639
628,474,646,622,645,640
625,481,642,633,645,637
621,473,636,629,651,630
624,472,640,630,644,643
628,476,644,627,647,636
632,480,648,622,650,640
631,478,647,624,650,637
625,466,637,631,650,634
628,465,643,632,646,637
630,473,647,634,636,640
624,467,639,633,648,630
629,471,646,636,637,639
630,466,643,630,644,635
626,467,642,633,645,635
617,476,632,634,647,629
619,482,633,627,650,628
620,476,643,626,645,638
619,483,635,634,647,631
629,478,643,628,644,637
624,468,634,629,647,625
632,476,648,623,648,637
619,484,630,635,647,626
627,483,644,626,649,633
630,479,641,627,644,632
624,484,637,632,645,631
628,476,643,634,636,633
628,480,643,630,644,636
630,486,643,627,646,635
627,482,640,633,643,635
629,482,643,636,637,637
628,479,640,628,644,637
631,479,646,638,640,640
625,480,638,633,644,636
616,482,633,636,648,629
630,481,643,623,649,636
631,480,642,624,648,636
628,466,643,632,645,633
629,484,644,631,646,635
620,472,640,630,650,629
633,480,647,621,650,637
619,472,632,633,649,627
619,483,633,635,646,629
620,481,631,635,647,627
617,485,633,633,647,631
624,483,639,633,645,635
633,484,647,630,648,641
631,477,644,621,648,635
629,487,642,638,645,636
629,481,644,638,637,637
632,471,647,633,640,638
627,483,646,636,635,637
629,469,644,628,647,634
623,470,638,633,650,631
628,479,642,635,642,636
633,484,647,632,637,639
617,481,637,632,645,636
628,481,642,626,648,636
633,486,633,637,650,631
630,479,643,636,641,637
624,474,635,634,647,633
619,476,632,633,653,628
622,468,635,633,651,627
617,473,628,637,648,626
632,476,648,623,650,640
632,479,648,623,647,640
629,472,646,636,636,636
621,484,634,635,649,631
619,480,631,635,648,627
630,464,644,631,641,636
627,475,644,636,637,635
628,476,641,625,643,636
627,477,646,625,648,636
625,478,644,627,648,634
624,477,641,630,644,634
634,473,648,637,635,639
631,471,632,633,650,631
631,479,648,621,650,637
631,471,646,621,646,638
620,478,634,632,646,632
631,474,648,621,650,639
626,479,642,633,642,636
631,459,647,630,638,638
617,474,629,635,649,629
625,479,645,627,644,638
624,476,641,628,643,636
627,474,642,624,647,634
625,480,642,630,645,638
629,473,647,621,648,639
630,475,647,622,650,640
622,480,641,630,647,637
625,480,644,633,642,634
619,481,634,635,650,629
630,475,647,621,651,636
618,478,633,633,648,629
626,483,642,630,640,634
628,461,642,630,645,633
628,476,644,635,636,636
627,480,642,629,643,633
630,461,648,633,642,637
629,465,647,632,639,638
631,462,646,631,642,635
628,477,646,624,649,634
630,472,645,626,647,638
621,482,633,637,649,629
632,480,647,621,650,638
633,478,647,624,648,637
627,466,647,633,637,635
628,479,646,621,653,637
618,471,628,633,647,628
623,475,643,625,647,634
628,465,645,632,646,635
625,484,643,632,645,635
616,469,630,634,647,628
626,478,644,631,647,638
626,484,643,634,641,634
623,465,639,631,651,631
632,473,650,622,648,638
624,480,643,632,638,635
625,480,643,633,642,634
629,475,648,622,651,638
632,476,647,622,646,637
629,467,646,634,639,636
629,484,640,635,638,636
628,468,645,635,634,637
618,471,633,632,651,626
625,477,644,626,645,636
629,473,645,624,651,636
627,476,639,631,645,635
617,473,632,634,653,627
630,477,647,623,649,639
630,474,647,621,649,637
613,480,631,635,649,629
614,478,631,635,646,628
629,479,644,627,650,636
631,467,645,636,636,637
628,475,647,634,637,638
631,463,646,631,638,633
631,474,647,636,637,638
620,475,638,631,643,635
625,483,643,633,642,635
629,465,647,633,639,637
629,472,646,637,636,637
629,476,646,636,636,637
622,466,640,634,650,627
632,478,649,629,646,638
619,482,634,634,646,631
628,480,643,629,643,640
629,475,648,621,646,639
631,482,648,626,649,636
629,467,649,632,641,636
626,472,645,637,637,636
619,471,633,632,652,627
626,475,639,630,642,634
626,481,641,631,644,629
627,472,647,623,649,634
628,460,641,632,648,631
627,479,643,637,637,636
625,479,642,638,640,633
622,480,638,633,647,633
619,473,631,636,651,626
616,471,633,635,648,627
629,477,642,624,652,636
616,474,632,634,649,627
621,467,634,631,649,626
633,469,649,635,640,637
623,476,638,635,644,632
628,478,646,623,654,637
627,476,642,629,644,632
624,481,639,635,645,633
628,475,645,620,652,636
630,465,648,634,641,636
627,475,643,636,638,635
619,483,633,636,649,628
629,467,646,621,649,636
630,476,647,625,653,639
626,477,642,628,643,633
629,475,645,637,637,638
628,477,644,636,636,635
629,475,648,622,648,638
619,477,635,633,646,631
630,473,644,624,645,638
627,478,643,629,649,636
622,471,646,621,645,639
626,474,642,627,647,634
628,473,649,634,638,638
631,463,647,634,638,636
611,471,630,634,649,629
626,475,641,633,640,634
618,468,635,632,649,628
617,475,630,636,647,627
626,472,643,623,648,635
624,478,638,632,648,635
629,469,645,635,633,637
627,480,644,633,643,636
625,478,644,635,641,635
629,461,648,632,639,635
627,478,640,636,644,634
616,474,634,635,648,634
629,471,649,635,635,637
613,478,633,638,649,629
628,457,643,631,647,634
619,469,634,629,651,627
628,473,645,621,650,637
618,468,633,633,646,632
625,473,647,624,649,637
625,477,644,632,643,635
628,475,647,624,650,637
628,471,648,622,650,637
620,465,636,631,652,629
625,476,639,631,645,634
621,464,637,632,651,629
616,475,632,635,649,626
626,473,649,621,652,638
622,477,632,636,648,629
620,470,632,635,651,630
629,460,647,631,639,636
616,475,633,636,652,630
628,471,647,621,648,637
629,470,647,619,648,637
629,473,647,622,650,638
628,476,641,630,646,633
625,467,646,635,636,637
624,471,641,632,643,634
618,475,635,632,646,631
625,467,648,634,638,637
627,471,647,621,648,635
628,473,644,635,636,637
617,466,631,632,650,627
620,474,644,629,648,634
622,475,637,631,645,634
627,479,643,635,645,635
627,461,645,634,638,637
627,470,643,626,647,637
616,473,630,635,651,626
627,467,646,633,635,638
630,469,646,636,637,639
616,467,633,633,650,628
624,477,640,632,646,636
620,465,636,631,651,636
630,470,648,620,648,634
624,473,641,632,646,632
629,468,646,622,647,640
627,472,644,623,649,635
628,463,647,632,637,636
615,480,630,636,647,628
627,461,647,633,636,637
626,477,643,636,638,634
626,477,642,629,644,633
630,471,648,619,650,637
626,455,645,631,642,633
626,475,644,633,643,636
627,462,647,633,640,638
624,475,643,633,639,634
631,464,650,634,639,639
624,456,640,630,644,630
625,477,642,631,643,634
626,473,642,633,636,634
626,473,643,626,645,635
623,477,637,633,646,634
629,464,644,623,645,638
628,469,650,635,637,636
627,472,645,621,648,634
618,469,631,634,647,627
624,473,642,634,637,634
624,475,643,636,636,636
630,461,647,633,639,636
622,474,637,633,646,634
629,469,647,634,636,636
628,469,645,636,636,637
617,474,636,634,646,632
628,473,643,628,645,635
620,476,638,633,645,634
628,467,645,633,635,636
626,474,643,637,640,636
627,469,644,636,636,627
616,469,630,633,649,626
620,475,636,636,645,636
623,475,642,632,640,635
627,472,643,618,648,634
617,471,629,635,647,629
627,460,645,632,639,635
629,461,647,634,638,638
616,465,633,631,649,627
624,477,642,622,647,634
621,475,642,633,641,634
628,469,646,622,650,637
617,477,630,634,648,627
628,464,647,618,644,637
626,470,643,630,646,636
627,468,648,635,637,637
622,457,639,630,645,631
629,461,646,634,648,627
623,460,639,631,652,632
630,462,646,632,638,635
625,471,642,627,643,633
620,478,635,635,647,632
627,473,646,625,650,636
623,457,638,630,644,630
617,460,632,630,649,626
615,472,633,634,647,627
620,460,641,633,638,635
618,475,634,633,646,630
618,473,632,635,648,627
626,478,643,637,636,635
622,472,637,634,644,633
630,467,645,621,647,637
629,463,646,635,635,636
629,462,646,634,636,639
627,468,640,629,645,633
629,461,645,632,633,637
619,465,636,629,649,626
628,468,647,619,649,637
625,474,640,627,643,636
620,470,634,633,642,633
629,474,645,624,647,626
619,463,643,624,645,633
619,467,635,630,649,626
626,472,641,629,640,632
630,465,645,632,633,634
628,479,641,634,635,636
625,460,642,630,639,629
622,476,633,634,644,631
620,473,633,634,642,630
629,470,645,621,643,637
629,469,646,621,647,635
619,465,632,632,647,625
626,470,646,635,634,636
624,473,642,631,638,632
629,462,641,636,643,634
629,469,645,621,646,638
629,464,646,632,635,637
630,473,646,627,643,637
620,475,637,633,643,630
630,471,644,634,633,635
622,463,636,631,650,626
617,469,630,632,645,625
618,476,631,632,645,628
626,475,645,632,642,631
620,469,633,634,648,626
629,476,643,622,647,635
623,470,631,632,647,624
626,473,642,636,634,633
623,464,635,631,648,627
630,469,645,620,645,636
627,472,646,628,643,638
631,463,645,617,643,636
626,475,641,627,645,633
632,468,647,634,638,635
631,472,649,620,646,640
628,479,644,635,634,634
630,474,645,629,642,636
619,469,631,632,648,626
618,478,634,634,646,628
625,474,643,634,634,634
625,470,643,633,635,635
617,475,633,636,645,629
628,475,645,621,645,631
630,463,640,628,641,635
627,473,644,636,634,635
624,477,642,630,645,634
628,469,644,620,646,634
630,473,644,623,644,637
625,463,640,628,646,629
623,475,637,625,640,638
630,469,646,621,646,638
632,464,647,633,638,638
626,474,643,635,636,635
630,474,647,623,644,638
629,472,643,624,649,633
626,478,643,633,637,634
625,463,638,630,646,628
624,467,638,632,648,626
623,460,639,634,642,630
627,477,639,631,644,635
618,475,631,636,645,626
628,467,644,633,632,636
622,461,638,632,644,630
619,474,634,632,645,628
625,457,637,627,640,632
620,467,634,632,649,627
626,472,642,625,647,633
628,477,642,629,646,632
624,473,640,629,643,633
626,472,641,635,635,634
616,471,630,634,636,635
630,473,643,624,644,636
622,475,635,632,644,631
626,476,643,629,645,632
620,472,634,630,641,629
617,469,632,632,649,627
625,471,642,625,644,632
628,477,636,628,642,635
620,464,638,630,646,626
622,463,634,631,646,625
626,472,644,636,634,636
629,458,644,632,636,635
621,472,636,633,647,628
620,471,636,629,644,631
630,462,646,629,641,633
628,469,647,621,643,636
623,464,638,630,650,629
616,471,630,630,646,627
630,473,646,627,644,637
624,459,642,629,645,631
619,467,630,632,645,625
628,471,642,633,635,634
617,476,630,633,645,628
628,457,643,630,641,632
629,459,646,631,638,633
618,473,630,633,644,627
619,469,632,633,647,625
628,461,647,632,632,635
627,477,642,624,643,632
619,472,632,633,644,629
630,469,647,620,644,635
627,471,643,628,648,630
625,456,640,628,644,627
627,475,641,632,638,631
617,469,629,632,646,625
626,471,639,625,640,635
628,473,642,628,642,633
624,470,643,625,643,634
629,461,644,629,638,633
626,471,641,627,639,631
628,457,643,631,638,632
630,467,646,620,645,635
628,459,641,628,644,631
630,468,646,621,645,634
628,469,642,634,634,634
629,469,647,620,644,637
632,466,645,631,634,636
628,468,642,628,641,637
630,463,645,631,633,636
630,470,646,634,633,635
626,471,644,625,644,637
629,457,645,630,635,634
628,471,640,628,635,636
629,460,646,630,638,632
628,459,644,624,638,631
625,474,641,629,638,631
627,475,640,630,638,633
626,474,641,628,645,631
631,467,646,621,644,636
618,471,630,634,647,623
627,471,640,628,646,626
628,468,646,621,644,636
626,474,644,627,644,632
627,468,646,626,641,637
629,468,644,619,645,635
631,459,647,630,635,635
631,468,646,618,646,635
625,474,641,629,639,632
626,458,641,629,645,633
615,469,630,633,647,628
615,466,631,631,646,625
623,469,640,628,642,633
621,473,636,629,643,633
617,468,632,632,644,626
620,460,636,629,646,626
621,462,631,630,647,625
629,466,645,632,635,635
630,464,646,632,635,636
635,470,648,621,644,638
624,464,645,634,633,634
627,471,642,637,634,634
630,460,639,631,631,638
619,465,628,628,647,626
620,471,632,634,643,633
628,463,646,629,638,635
621,464,633,621,646,632
630,463,647,632,635,635
619,473,633,631,643,631
626,467,642,634,633,635
628,468,646,635,633,634
620,463,637,629,648,625
617,470,630,632,645,624
626,475,642,628,643,633
626,466,641,634,635,635
630,453,647,629,632,635
629,470,642,625,641,634
625,476,640,632,638,633
629,470,645,620,644,637
627,469,642,621,643,633
626,455,641,629,642,631
626,472,640,629,636,632
627,463,645,630,632,634
629,462,647,632,638,634
626,468,643,623,642,637
629,470,644,624,645,635
630,470,645,620,644,636
627,472,643,626,641,639
628,469,639,620,645,636
630,459,646,632,632,635
629,470,644,629,639,625
619,474,636,633,643,631
630,463,644,633,633,635
623,474,640,633,638,634
618,466,630,632,645,625
617,466,630,631,645,625
628,457,643,632,641,632
618,472,630,633,646,626
628,463,644,635,634,636
628,463,646,632,635,636
628,468,643,618,645,635
617,473,629,633,646,629
626,469,642,635,648,627
618,469,634,632,643,628
630,468,644,619,646,636
618,475,631,633,643,626
623,461,641,631,634,630
626,470,642,635,633,635
616,466,639,632,646,632
624,474,641,628,643,635
625,475,643,631,637,634
622,455,636,630,646,626
623,456,641,627,645,628
626,470,642,620,646,633
622,459,637,629,646,625
627,472,646,622,646,633
616,473,634,633,643,626
630,460,645,632,632,634
620,474,631,633,644,629
628,467,646,619,638,633
625,473,640,635,635,633
627,465,642,633,631,633
619,469,633,632,640,630
630,475,642,629,643,635
629,467,646,619,643,636
628,462,647,632,633,636
626,471,638,625,641,634
624,461,631,630,647,625
626,455,642,627,640,629
628,468,643,624,642,635
625,469,641,623,644,637
626,469,644,622,642,635
619,459,634,628,647,627
624,473,637,630,637,633
626,472,642,630,639,632
625,461,647,632,634,633
626,468,643,633,634,632
616,467,630,631,645,627
620,464,642,627,645,636
630,469,646,620,642,636
628,462,644,630,633,635
629,456,645,629,638,633
628,469,644,622,646,630
616,466,630,632,647,624
624,472,642,633,634,634
621,460,637,629,647,625
617,471,630,632,645,625
616,474,630,636,646,624
616,467,630,632,645,626
628,473,643,618,645,634
624,473,630,633,647,627
630,472,642,624,639,635
623,458,635,628,643,629
629,475,642,625,643,637
629,456,645,627,633,634
633,473,643,619,647,636
616,469,628,633,650,626
624,454,640,627,643,632
630,471,645,623,643,637
628,470,643,622,646,634
624,471,641,627,642,633
625,472,642,634,635,633
625,477,637,634,638,634
625,470,644,623,645,634
625,471,639,628,642,632
628,470,644,619,646,634
622,472,642,625,646,631
628,466,641,624,642,637
625,473,641,630,640,633
624,465,634,627,641,636
623,470,640,625,642,634
625,472,641,630,649,630
616,467,645,620,642,636
631,470,643,618,646,636
625,468,643,622,646,634
629,470,644,620,645,634
628,470,644,620,646,634
621,459,637,629,650,629
627,454,644,628,632,634
629,466,644,634,636,634
617,468,630,630,646,624
629,460,644,627,635,634
624,457,638,628,647,630
627,465,645,632,633,637
630,465,646,617,642,635
619,460,635,630,648,626
624,470,641,623,643,633
621,472,633,631,643,630
621,457,638,630,647,630
630,457,646,628,633,634
630,470,646,618,644,633
622,457,644,630,640,632
622,454,637,626,643,628
615,473,630,631,646,625
616,470,630,634,647,626
626,470,642,620,647,632
627,458,643,629,639,633
628,469,644,633,633,635
626,469,642,632,632,632
631,466,645,620,646,636
624,461,644,629,636,634
624,470,640,634,634,633
627,469,645,621,645,636
627,455,643,627,638,632
630,459,644,629,637,634
630,468,642,633,633,635
625,469,643,632,632,632
625,468,641,624,645,632
628,468,642,632,633,634
629,466,646,619,645,634
619,470,630,634,644,627
626,456,642,629,642,628
625,471,638,625,643,633
627,471,641,620,645,632
626,466,645,619,645,635
627,460,644,630,650,638
616,471,629,632,646,625
618,465,629,629,646,624
627,470,644,627,643,637
626,473,636,629,640,631
625,475,641,629,642,634
623,472,635,630,642,630
625,474,637,630,645,631
627,458,641,627,641,632
630,470,643,620,645,635
619,474,631,631,644,629
631,473,644,622,646,636
627,472,640,620,642,637
627,477,641,628,640,632
630,468,645,619,644,635
617,471,632,630,641,629
627,473,635,634,632,636
630,471,643,633,632,632
628,474,642,623,643,628
628,472,643,633,632,636
627,475,631,632,645,626
630,471,643,633,633,634
628,478,639,627,640,633
626,477,642,630,640,632
624,459,637,629,641,629
617,478,629,633,648,625
630,473,642,619,644,634
626,475,640,632,632,634
620,477,634,631,646,630
629,473,647,622,644,636
627,460,639,629,643,631
630,462,641,629,640,632
627,471,642,634,632,635
625,471,629,630,646,626
630,471,643,633,634,635
618,478,630,632,635,636
629,471,646,619,646,638
625,464,630,628,647,625
629,472,643,620,644,634
624,472,639,631,633,633
621,475,633,633,641,628
628,475,629,632,642,627
628,471,643,619,646,633
629,463,644,632,633,635
629,461,645,629,636,633
619,477,634,633,642,628
624,473,636,629,639,632
627,471,643,633,633,636
630,465,644,631,634,635
630,468,644,633,629,636
623,460,644,628,636,633
626,475,641,620,645,634
624,459,637,628,641,630
624,475,640,631,636,633
619,469,630,631,644,623
629,473,643,621,643,626
626,474,641,625,644,633
627,469,646,620,645,635
623,460,638,619,647,635
622,470,640,621,646,633
625,458,638,628,641,629
622,460,633,629,648,629
631,466,645,618,645,635
627,455,640,628,642,633
629,468,643,634,634,637
631,468,644,631,634,638
628,466,644,633,633,636
628,461,645,631,634,633
632,468,644,631,633,633
624,473,640,629,636,632
629,469,645,629,632,634
625,473,643,624,643,635
629,468,641,616,644,635
625,472,638,630,638,632
631,461,645,628,645,627
629,456,642,631,636,635
630,468,646,619,645,635
626,467,642,619,646,634
617,464,631,626,645,625
632,460,644,632,634,636
629,465,642,618,645,632
629,462,644,629,634,633
625,471,641,632,633,633
616,474,628,631,645,626
618,474,631,634,644,626
623,471,638,628,641,632
626,468,641,623,644,631
626,462,639,629,639,630
624,471,639,627,640,634
629,470,646,621,643,635
620,462,633,618,645,635
623,456,643,627,640,631
624,474,641,627,642,633
622,461,635,629,640,627
624,456,636,627,643,629
628,470,644,630,637,633
627,459,643,631,639,632
629,460,644,632,635,635
624,466,642,625,642,633
630,472,643,635,643,627
621,472,637,620,642,633
629,467,644,618,644,636
628,459,646,631,635,634
616,466,630,627,644,628
627,469,644,621,644,636
627,476,628,633,644,628
623,468,641,627,641,635
628,459,641,630,635,634
626,470,641,624,645,632
618,474,634,632,644,631
629,466,643,633,632,635
627,463,643,633,632,635
613,474,631,631,639,632
626,468,643,633,631,636
626,472,639,631,636,633
618,476,628,632,644,627
626,469,642,617,644,635
625,479,641,633,639,634
624,474,639,624,642,633
625,473,638,627,642,632
621,464,629,629,644,630
627,475,641,635,636,632
615,469,628,631,644,623
623,464,633,631,645,627
620,465,630,618,645,634
629,470,643,618,644,634
624,475,642,635,634,634
620,477,635,631,644,632
627,457,643,628,642,632
628,475,643,629,644,634
626,459,642,627,638,632
626,473,638,630,642,631
621,474,637,632,643,631
621,475,638,631,638,632
627,468,644,618,646,634
631,471,646,620,643,636
629,459,644,631,635,634
618,466,629,629,648,625
630,458,641,630,642,631
626,472,641,626,645,634
620,460,632,627,647,625
611,472,630,633,647,624
625,469,645,625,642,637
629,475,641,624,642,638
626,471,645,621,645,636
629,458,643,629,637,632
626,474,639,622,646,633
625,475,639,630,641,631
626,473,642,628,640,630
626,473,638,630,642,629
624,472,639,629,637,633
629,471,645,633,643,631
617,477,631,634,648,626
630,463,643,633,634,635
627,466,643,632,631,636
631,471,643,620,647,636
616,466,628,632,647,625
616,461,641,622,644,632
630,470,645,618,646,634
622,458,644,628,640,632
620,476,630,632,646,628
630,463,643,628,637,636
617,468,630,630,646,625
628,467,643,632,633,634
625,477,642,625,643,633
623,476,636,629,641,632
629,464,643,635,632,634
618,480,633,633,642,631
630,458,643,631,645,635
629,469,644,619,642,635
627,474,641,628,642,633
629,471,644,620,643,636
618,464,634,631,647,627
631,461,642,630,633,634
627,470,640,619,644,633
615,477,629,633,644,624
621,472,635,628,638,631
629,468,643,632,633,636
627,474,639,629,642,632
624,471,641,633,641,633
631,469,645,619,645,637
625,474,637,625,640,633
625,468,637,622,642,632
618,476,632,635,645,628
627,471,645,620,645,637
631,465,643,629,633,634
629,472,646,620,643,636
626,474,637,628,640,631
624,471,642,627,641,632
625,459,639,629,643,630
617,474,626,632,644,622
625,476,639,630,642,635
625,475,638,626,642,629
618,476,631,631,643,628
628,472,639,626,644,636
616,470,628,632,644,624
629,475,642,624,642,637
629,465,644,632,631,634
622,462,639,633,649,624
631,470,646,619,641,637
627,461,643,629,636,634
628,459,643,629,638,633
623,460,643,630,635,635
628,473,639,625,643,636
624,476,639,629,637,631
620,472,632,629,642,627
615,475,629,633,645,626
624,457,642,627,632,631
623,466,630,631,647,626
626,477,636,629,642,631
629,473,642,622,641,636
616,468,629,631,647,626
630,476,639,631,636,632
631,465,643,629,635,632
627,476,644,622,645,633
624,473,644,626,640,632
626,470,642,630,629,633
630,465,644,615,641,634
623,474,644,630,645,628
630,462,643,632,633,633
629,470,645,618,643,633
628,457,642,633,638,632
622,476,639,627,643,634
625,475,642,626,642,633
616,475,630,632,643,625
618,478,630,628,646,625
629,455,643,630,633,635
623,476,639,629,637,629
618,472,630,629,648,624
629,471,645,624,642,634
615,470,630,630,647,624
622,470,643,633,631,633
627,478,641,633,634,633
629,472,644,621,643,635
626,477,639,632,638,633
629,460,643,628,635,635
627,472,641,634,634,634
630,463,644,631,635,633
626,476,640,624,645,633
628,474,642,622,640,631
628,472,643,617,647,632
629,470,644,633,632,635
627,473,640,623,643,631
620,473,639,627,643,634
629,463,646,620,643,634
630,468,644,619,643,635
621,461,642,630,635,633
624,467,645,632,631,635
626,459,643,630,636,632
619,474,631,632,642,627
625,471,642,620,646,634
630,468,644,618,645,635
624,475,641,630,635,634
618,465,630,629,646,625
617,469,646,631,642,630
616,477,627,634,644,625
624,456,640,627,638,631
626,473,644,620,633,635
619,476,635,631,642,629
624,477,638,629,635,631
626,476,639,626,644,633
624,474,639,633,633,633
620,474,629,632,646,624
627,467,642,634,635,635
626,477,639,629,635,632
616,468,629,631,648,624
626,474,638,628,642,633
629,460,645,630,631,636
632,462,645,631,634,636
617,474,629,632,646,625
631,472,643,619,645,637
628,469,643,619,646,634
626,458,642,629,637,630
630,470,646,631,632,633
630,472,644,619,643,636
627,474,643,634,634,635
622,476,636,629,641,632
625,476,634,619,645,633
630,474,644,623,644,638
617,465,632,626,648,626
626,475,640,631,635,632
630,472,644,620,643,635
617,476,632,629,647,626
625,476,642,626,645,633
622,476,628,631,641,633
627,473,643,622,644,636
630,462,644,630,642,631
628,468,635,623,645,632
621,463,635,631,645,628
619,474,632,630,642,633
624,474,634,623,640,631
624,479,638,628,642,632
621,475,641,628,642,631
628,472,642,619,646,634
622,476,640,630,641,630
621,472,635,631,643,630
616,465,631,629,649,627
623,462,637,628,642,628
632,473,643,624,644,636
627,467,643,634,632,634
625,476,640,632,633,633
624,475,640,624,643,632
618,474,631,632,644,626
628,461,645,632,636,634
617,478,632,633,644,627
626,469,642,621,647,633
617,476,628,633,646,624
627,473,640,632,637,632
618,476,631,633,641,625
617,467,627,631,647,627
628,471,642,633,634,633
628,474,644,620,646,634
630,463,645,631,635,634
630,464,644,629,638,634
617,470,629,633,646,626
620,464,631,632,646,625
621,466,633,629,647,627
625,472,641,633,643,637
631,472,646,620,645,636
621,473,635,630,637,632
624,471,634,630,642,631
618,475,629,631,647,626
623,463,634,628,646,626
626,475,638,629,641,631
624,474,642,625,643,637
622,459,639,629,643,629
628,477,636,626,642,635
621,456,637,627,650,629
628,471,644,633,634,634
626,478,638,627,642,633
630,469,645,619,645,634
630,465,644,631,633,634
625,476,640,633,637,633
626,458,642,628,642,631
622,473,637,631,644,631
629,469,641,621,642,636
629,474,646,619,646,635
622,466,644,619,646,630
625,476,643,630,633,636
615,477,630,630,644,625
626,474,641,619,645,632
624,475,640,627,642,633
618,464,632,632,647,624
627,470,644,620,646,636
629,463,642,631,643,630
627,475,642,623,645,632
623,473,640,626,640,632
621,473,628,630,646,633
628,454,640,628,641,634
616,472,630,628,642,633
617,478,630,635,644,626
624,474,639,627,641,632
628,469,643,617,644,634
618,482,631,633,642,626
621,463,631,629,647,623
627,475,640,625,641,634
627,472,644,618,645,635
625,457,642,626,634,631
628,474,643,619,648,631
628,470,646,618,643,634
617,460,638,628,644,631
626,470,643,619,645,635
618,477,634,632,642,627
618,471,635,629,642,634
625,472,645,622,644,636
617,475,632,632,643,630
623,478,640,633,639,631
622,474,641,625,645,631
625,470,646,620,640,637
624,462,643,632,638,634
623,475,640,634,635,634
622,475,641,629,643,632
616,470,641,633,634,634
615,476,630,620,649,636
625,469,641,633,637,635
626,472,644,621,642,637
621,474,637,630,642,632
623,460,638,629,640,630
626,474,643,623,644,637
623,468,644,633,631,634
623,473,636,625,641,633
626,462,644,629,645,637
619,465,635,631,646,626
625,473,646,626,643,635
623,476,641,623,643,632
613,480,629,632,646,628
619,461,634,628,644,626
618,477,633,631,644,628
624,460,642,625,644,624
624,475,641,634,634,632
626,471,632,630,641,633
628,473,644,622,646,635
625,465,642,619,648,634
620,464,634,627,647,626
619,464,635,630,646,626
611,468,629,631,647,624
623,475,640,625,644,631
626,471,642,633,632,632
625,472,639,624,642,631
615,472,627,632,645,624
626,469,644,620,646,632
621,463,640,627,642,630
621,463,639,628,643,628
625,464,644,631,633,635
618,477,633,631,642,629
626,471,642,626,641,633
628,478,646,620,645,637
627,474,630,632,646,628
628,472,644,622,645,636
622,473,643,619,647,634
624,462,641,630,642,631
622,474,638,630,638,633
624,472,641,631,632,632
622,462,639,628,647,627
624,469,646,620,645,635
628,470,643,634,633,634
619,476,640,630,637,633
619,478,632,633,645,629
621,464,635,630,650,629
621,474,636,629,641,632
622,460,642,629,642,630
621,475,641,627,643,632
621,459,639,627,644,628
625,470,642,621,644,633
619,479,641,625,641,631
624,471,642,631,634,633
625,472,639,625,640,629
622,463,638,627,641,630
620,471,632,629,642,628
620,462,638,628,645,627
626,472,639,634,634,630
626,469,642,620,645,633
617,477,634,631,643,626
613,472,630,632,640,625
624,460,641,627,642,631
627,470,645,633,631,633
619,457,637,627,642,629
628,462,644,630,635,633
626,474,639,626,638,630
623,473,643,626,642,634
621,460,637,627,639,627
616,467,631,627,647,625
626,463,642,630,631,634
618,467,628,629,642,623
626,472,644,619,644,634
625,470,642,634,629,632
614,472,627,630,644,623
624,477,640,632,635,631
626,469,642,632,631,632
623,472,644,632,631,634
623,476,641,624,640,631
629,472,645,623,642,635
627,470,645,625,645,632
625,470,639,634,630,629
625,469,643,627,643,623
626,473,637,627,638,633
624,476,640,630,641,631
624,460,642,629,637,633
623,449,639,628,636,631
626,466,630,627,648,625
620,479,640,630,640,629
628,463,644,631,632,635
621,459,636,628,645,627
615,478,629,633,643,626
621,475,640,630,640,631
626,472,641,621,632,633
623,455,638,626,639,628
624,473,639,625,642,630
629,468,646,620,642,633
625,475,640,634,638,633
617,463,631,629,649,626
627,469,642,611,643,633
628,457,644,630,633,632
628,465,646,620,643,632
620,456,640,631,635,633
623,471,644,624,639,633
624,459,642,628,643,630
626,458,643,630,633,633
626,464,645,632,630,633
620,475,641,625,640,635
615,468,631,630,648,624
617,464,637,630,646,628
623,461,637,628,642,636
622,472,642,626,642,631
625,473,641,621,643,632
622,475,644,624,645,632
617,472,632,627,640,627
624,457,642,626,636,631
621,474,640,625,640,631
622,478,640,629,639,631
627,461,645,632,633,633
628,467,645,631,632,635
622,477,637,628,639,632
628,463,644,630,635,632
625,474,639,630,636,632
622,462,637,631,642,627
626,464,646,631,632,633
624,473,641,623,641,630
626,460,641,628,639,630
625,471,642,624,643,633
626,467,640,620,642,632
620,475,636,629,643,632
624,471,642,632,634,632
623,482,642,630,635,632
627,467,643,631,632,633
620,473,638,629,635,629
625,465,644,632,630,634
622,471,640,634,636,630
622,456,638,626,642,627
616,464,630,631,647,625
615,457,630,630,645,625
629,463,645,619,642,635
622,463,642,627,640,631
629,453,647,617,641,635
628,460,645,618,644,636
619,446,639,628,648,627
619,458,632,632,642,628
625,463,641,628,643,628
621,461,641,630,635,632
623,443,638,628,638,628
626,456,639,632,642,635
625,459,639,626,640,631
616,463,632,631,642,626
626,454,645,619,642,634
628,453,643,619,643,625
622,462,638,628,639,630
627,455,645,622,643,635
628,457,645,620,644,635
624,462,638,627,639,630
624,459,641,627,640,630
623,445,639,632,640,632
628,453,644,618,643,634
615,456,628,631,647,622
628,460,643,625,640,635
625,461,639,621,642,632
627,447,640,626,636,631
628,456,630,619,644,632
629,454,632,629,646,633
627,462,641,626,640,635
615,453,636,627,640,626
626,458,643,620,643,633
619,468,633,632,642,628
624,459,640,622,643,630
628,452,643,631,631,633
615,459,627,629,643,623
629,460,645,625,641,634
628,459,646,622,640,633
619,448,637,625,638,626
626,465,640,636,635,631
621,448,643,627,635,633
624,457,644,620,643,632
619,456,644,633,630,634
624,469,639,629,638,631
627,447,642,627,638,631
628,459,644,632,632,633
628,459,644,621,643,633
623,459,642,632,631,633
629,462,646,620,647,636
629,463,645,620,643,634
624,466,642,622,642,634
625,467,643,624,643,632
624,462,640,619,641,635
625,467,642,626,642,638
627,465,645,623,641,633
615,466,637,630,642,625
626,465,643,624,645,632
627,453,644,630,635,634
630,452,639,630,640,628
626,463,642,619,643,632
624,455,644,631,633,634
628,465,633,630,643,630
620,450,631,627,642,629
626,462,644,617,645,632
624,468,643,623,643,631
615,465,629,626,640,630
624,469,641,626,644,631
623,467,641,632,643,632
629,466,647,629,629,633
619,472,637,630,642,630
621,458,632,630,644,625
627,459,643,630,632,634
616,465,629,633,645,624
625,451,638,628,637,629
618,474,634,634,642,631
616,473,630,632,642,627
620,473,635,632,642,631
627,469,644,628,637,631
627,468,642,618,641,630
629,474,646,620,645,635
625,473,638,631,636,634
624,473,639,624,638,635
615,473,629,631,644,624
626,472,639,633,642,626
617,476,628,631,643,627
624,478,641,635,632,631
626,480,639,626,643,634
627,474,643,622,644,632
627,473,627,632,642,627
625,460,641,627,641,630
628,484,637,632,640,635
627,480,641,624,643,634
628,469,646,630,634,635
627,475,643,620,643,637
627,478,643,621,641,637
626,476,641,632,633,639
629,477,643,629,641,635
618,480,629,631,646,626
628,474,644,634,632,637
619,480,636,627,640,633
620,476,631,631,645,625
623,468,636,628,642,630
623,467,637,627,643,629
616,482,628,633,645,626
629,470,638,628,643,631
616,481,630,632,644,633
624,476,644,620,645,636
628,484,641,625,639,634
623,478,640,626,642,631
624,481,642,628,636,633
625,479,638,620,643,634
628,468,627,632,645,625
628,481,642,621,647,634
618,484,633,629,641,629
628,479,641,634,629,635
626,476,641,634,635,634
616,471,629,630,644,626
621,479,635,631,640,632
621,484,634,630,640,631
628,478,642,625,641,635
628,484,630,631,644,626
626,473,645,632,630,633
628,477,642,620,646,636
625,482,640,628,636,634
625,479,639,633,636,637
616,474,631,619,638,635
629,479,643,619,642,636
627,481,640,623,643,633
627,478,638,623,639,637
629,482,640,627,642,635
616,475,627,631,644,624
627,479,640,635,632,634
617,480,630,631,645,625
616,476,629,633,644,624
627,477,638,622,639,631
627,477,644,634,633,634
630,477,646,623,640,635
625,477,641,627,641,631
618,479,629,633,646,624
627,478,642,632,632,634
620,482,634,630,642,636
628,475,646,621,641,637
623,480,634,630,640,630
622,481,633,631,641,630
630,468,642,629,635,633
617,483,631,633,643,628
627,463,636,627,635,635
628,478,642,635,631,634
621,482,635,630,642,631
629,474,645,618,639,636
623,479,636,629,642,632
627,477,643,632,630,636
628,477,644,620,644,634
632,476,644,619,643,636
621,481,633,631,641,628
626,483,639,629,637,633
630,471,644,631,633,637
626,479,638,629,638,632
629,476,642,622,644,627
620,469,629,629,644,626
629,478,644,634,634,635
628,476,643,633,631,635
628,473,647,619,642,636
629,480,644,621,649,636
623,466,644,633,641,630
626,481,639,623,644,631
625,481,633,631,638,631
630,477,644,632,633,636
627,475,644,619,642,635
630,477,643,620,645,629
630,470,643,633,631,633
630,466,642,630,635,632
628,480,641,620,644,633
628,482,641,631,635,633
621,483,637,633,641,629
630,472,637,625,640,635
625,475,641,628,637,633
632,479,645,619,643,636
628,477,642,620,646,632
629,468,642,628,637,634
627,482,640,627,636,633
625,483,639,632,637,634
626,477,636,630,631,635
622,466,639,626,642,633
630,472,643,620,645,636
624,462,637,631,640,629
627,478,641,632,633,633
620,466,631,629,645,625
622,469,632,630,648,626
628,478,639,631,634,634
615,476,631,633,644,627
627,476,639,630,636,634
625,459,638,628,642,630
617,479,629,633,644,626
624,473,640,623,644,633
625,474,636,624,640,632
626,473,643,633,632,636
630,474,643,623,642,636
625,480,641,630,642,633
631,474,646,623,641,637
628,473,640,629,637,632
631,468,642,619,642,638
635,472,645,625,636,635
623,480,636,632,642,631
632,471,645,617,644,635
629,479,645,620,642,636
624,476,635,630,642,631
633,465,644,631,638,638
616,477,631,632,642,628
630,470,645,631,631,630
631,465,644,629,631,635
629,474,639,622,643,634
630,471,644,633,631,634
618,473,628,633,645,624
628,479,639,629,635,634
619,478,631,634,641,627
625,465,643,629,638,633
618,482,629,633,644,627
618,480,629,631,640,628
618,484,630,633,644,627
630,474,644,619,642,636
616,482,630,632,641,627
632,479,642,620,645,633
629,480,642,629,643,628
630,465,646,630,642,632
622,473,646,617,642,637
626,466,640,629,638,631
626,481,637,625,646,630
626,468,639,628,643,631
625,470,634,629,641,629
623,483,641,631,640,632
621,479,645,620,644,637
627,482,640,632,634,634
631,465,643,628,636,633
618,473,629,634,646,626
626,477,637,628,635,634
631,475,646,618,643,637
624,483,641,635,633,633
628,480,643,623,643,633
627,480,640,624,641,633
621,468,636,628,646,629
624,481,639,630,637,631
619,477,629,629,643,627
630,479,643,619,644,637
622,470,637,634,642,636
626,481,641,623,641,634
627,476,642,618,645,635
628,480,643,619,645,634
620,483,630,634,645,627
621,483,645,619,643,637
618,481,630,632,642,627
631,467,645,630,634,635
627,478,643,634,633,635
619,472,629,629,646,624
618,483,630,634,646,624
628,479,643,633,629,634
632,475,644,617,642,635
619,484,631,633,643,627
618,480,631,630,642,629
632,478,645,637,635,636
621,482,632,630,639,634
633,480,645,620,644,636
621,482,629,632,644,633
625,467,637,623,644,635
627,481,640,628,639,625
621,467,633,630,644,626
631,473,644,631,631,637
624,470,640,628,642,632
628,484,641,633,636,634
625,466,641,628,643,632
632,482,643,622,642,638
631,478,645,618,645,637
623,474,643,624,641,636
624,483,643,634,632,637
629,471,643,632,631,637
624,480,640,626,634,633
628,483,641,626,639,636
625,476,643,618,644,634
631,480,646,618,643,636
632,478,645,619,642,637
616,480,629,632,644,626
629,481,642,633,632,634
627,481,641,629,629,631
619,480,631,633,632,636
626,479,637,623,639,635
631,467,645,628,631,636
632,476,644,634,631,635
631,471,644,630,631,637
621,476,631,631,646,627
628,485,640,630,637,632
624,474,636,629,645,627
627,483,642,628,634,633
630,478,645,618,643,636
628,486,641,629,645,631
631,482,644,620,645,634
627,469,639,629,641,632
628,483,644,635,632,636
622,483,635,630,641,633
628,485,642,630,639,633
626,482,638,627,639,632
631,470,646,631,633,635
629,469,640,628,638,634
626,482,637,628,641,633
624,484,636,628,641,632
618,479,645,633,644,636
629,465,642,627,636,631
632,482,643,619,643,637
627,485,643,632,633,634
631,477,644,617,641,635
632,491,644,621,646,636
622,473,632,630,645,625
631,478,644,619,643,636
632,476,644,632,633,635
629,486,638,632,639,633
628,485,640,628,642,633
629,485,641,627,638,634
619,479,634,629,641,631
619,487,633,632,642,627
628,484,640,633,634,635
632,477,644,634,632,637
633,469,644,630,636,635
631,470,645,626,634,634
632,478,644,632,631,634
628,470,639,628,642,629
627,472,638,628,644,627
631,483,644,632,630,634
632,472,644,630,630,633
623,473,637,631,645,625
631,484,643,625,640,636
628,470,640,629,641,629
634,479,645,633,632,631
619,486,630,633,645,625
625,473,634,630,645,625
619,485,629,632,642,627
632,466,640,629,641,628
629,480,644,614,641,634
626,471,639,628,641,624
624,485,637,620,640,635
633,479,646,619,646,634
628,485,639,627,642,634
629,481,639,628,640,631
628,486,639,633,642,626
635,481,644,620,644,636
631,485,640,624,642,633
625,473,636,627,646,624
627,484,644,626,641,622
630,484,643,636,633,633
631,484,643,623,642,631
620,475,631,632,649,623
620,478,627,633,643,626
634,483,641,617,644,636
632,483,643,620,648,633
620,481,629,634,643,623
630,484,640,628,641,632
626,486,637,628,643,636
634,480,645,618,643,635
633,471,644,629,642,632
636,481,645,620,640,636
631,484,644,623,644,632
633,482,646,622,644,631
629,483,640,624,640,637
633,479,646,619,641,632
631,484,642,627,643,633
621,484,642,627,642,631
624,484,635,631,640,629
631,476,644,632,633,635
633,473,644,633,628,635
632,470,642,630,636,632
633,480,644,633,631,633
631,486,639,627,634,632
629,486,640,627,635,631
630,468,640,628,638,630
625,473,634,629,646,625
626,486,635,630,639,633
632,469,643,630,637,632
629,486,641,631,635,631
629,484,629,620,644,633
633,478,645,619,644,635
622,486,638,622,640,636
631,480,640,626,639,637
627,471,631,629,643,630
631,471,639,629,644,627
620,485,631,635,644,627
629,487,640,634,634,631
622,476,631,629,644,622
631,482,643,630,632,632
629,480,639,627,641,634
631,487,642,634,632,633
634,486,635,629,638,632
627,473,635,628,644,625
635,480,644,619,643,633
631,484,641,633,633,633
627,470,638,628,642,628
623,478,631,632,645,624
632,481,641,625,639,632
631,486,644,624,638,632
622,483,630,633,639,625
623,489,629,635,646,624
621,472,630,628,646,626
634,481,644,635,633,633
630,471,639,629,642,630
633,479,644,627,641,633
631,473,639,635,641,631
632,482,644,636,631,634
635,471,645,630,635,634
632,487,643,624,646,635
621,469,642,628,637,631
627,488,638,631,640,630
627,485,647,626,636,634
631,468,643,628,641,630
629,486,640,631,642,632
628,489,642,635,635,634
628,490,639,631,643,636
627,485,641,628,641,632
624,487,637,633,643,632
631,484,644,621,644,632
627,486,635,629,643,631
627,486,640,633,634,634
633,482,645,623,644,636
623,484,636,633,643,628
628,484,641,636,635,633
631,485,640,629,645,636
623,477,630,632,647,623
633,481,647,619,646,636
617,480,631,635,649,624
632,482,643,620,647,634
631,471,643,632,643,632
622,476,630,632,650,626
630,490,640,623,647,626
632,472,644,632,644,632
633,483,642,627,646,634
634,478,645,634,635,637
630,486,645,628,644,637
621,487,629,636,647,635
625,485,634,635,642,627
622,480,629,632,649,625
629,479,639,631,644,633
624,480,649,624,647,638
630,469,641,632,644,632
633,481,643,636,636,635
625,488,633,636,646,631
631,467,641,629,643,631
632,487,642,629,646,632
629,485,641,635,641,631
633,481,646,620,648,634
630,486,642,628,647,632
631,486,642,634,641,632
634,473,646,630,634,635
630,486,642,633,639,632
629,477,644,634,636,632
624,472,635,630,650,626
619,482,629,635,647,623
623,484,633,635,648,626
633,467,641,629,646,630
635,483,646,622,649,633
620,478,633,633,650,625
633,470,643,629,646,634
632,484,645,632,642,633
632,483,644,638,638,638
631,484,641,629,645,633
633,483,645,621,650,635
629,487,641,631,640,632
