=~=~=~=~=~=~=~=~=~=~=~= PuTTY log 2023.11.02 23:13:57 =~=~=~=~=~=~=~=~=~=~=~=
663,438,425,415,453,595
662,425,426,403,441,602
664,422,433,411,452,601
666,421,425,417,440,593
669,423,432,416,440,598
655,427,420,403,450,602
653,423,418,407,452,601
664,426,430,413,450,594
655,425,420,408,445,603
667,423,430,414,444,593
667,417,437,402,435,600
664,405,431,407,439,604
659,401,414,405,433,595
668,402,428,401,432,602
667,401,423,404,430,597
665,410,428,392,419,599
659,405,410,398,426,596
664,411,421,395,425,592
664,397,411,397,419,595
660,409,415,385,412,596
656,410,408,382,415,595
667,409,414,396,413,585
668,396,407,396,411,594
668,398,414,393,414,596
663,414,411,380,407,594
664,407,410,393,409,584
665,411,415,392,404,588
670,397,414,392,408,595
668,408,416,393,400,594
667,399,420,390,409,595
667,404,419,387,398,586
660,403,404,394,410,592
669,405,418,389,400,589
656,408,408,393,409,595
670,399,419,393,401,589
662,399,414,379,406,594
667,404,414,396,410,583
666,397,418,390,414,593
666,402,414,394,410,584
669,399,417,395,403,588
664,396,421,391,416,593
661,400,411,395,416,586
665,399,407,394,409,582
664,393,410,393,413,591
662,395,408,389,410,586
665,397,406,390,409,583
656,397,394,382,409,586
657,392,392,386,407,584
667,383,398,393,392,574
658,394,388,381,404,582
664,388,400,379,387,584
658,392,392,376,396,581
665,377,389,387,395,579
661,391,393,372,386,581
653,390,385,380,396,576
668,376,395,385,387,581
658,391,386,376,391,577
658,395,386,381,396,579
667,379,400,386,393,582
669,393,401,382,385,578
664,392,403,383,397,578
666,400,396,381,396,569
661,400,400,374,391,582
665,399,400,389,393,572
665,401,399,389,395,572
668,396,405,378,388,584
664,403,400,387,394,574
667,387,387,386,398,579
654,397,386,381,398,580
656,403,388,377,399,579
660,401,395,387,394,571
662,389,383,388,394,579
663,387,387,389,394,579
665,402,393,389,392,571
659,390,383,387,394,576
661,388,390,388,392,580
665,404,393,387,397,570
666,403,395,388,392,569
668,389,399,386,395,582
668,389,397,389,396,582
671,399,401,383,389,579
668,386,401,390,398,584
666,399,400,395,392,576
666,389,397,395,399,583
664,405,404,395,403,577
663,398,395,397,405,585
653,405,396,391,409,585
667,405,411,394,397,584
657,401,399,395,408,583
665,408,413,396,411,586
657,410,402,394,413,587
664,412,417,393,404,590
669,406,410,402,411,590
666,425,412,405,411,578
654,436,403,394,419,589
665,435,413,406,420,591
656,455,412,398,425,592
665,463,420,412,428,581
667,453,427,412,432,593
662,473,425,414,439,585
667,469,429,415,438,590
658,480,420,420,443,591
664,503,444,425,453,598
667,525,438,426,462,593
658,522,437,434,454,596
667,537,447,428,450,598
661,539,435,424,463,595
661,540,435,423,463,596
665,527,446,430,465,596
665,543,448,428,453,600
649,544,432,436,464,600
668,530,450,433,467,592
665,540,448,435,456,594
663,543,453,436,464,592
666,544,464,436,467,595
659,537,470,436,469,603
664,546,472,438,463,597
663,548,473,430,473,606
666,545,471,442,482,597
668,549,477,443,471,602
667,553,476,440,472,596
664,554,476,445,478,602
660,554,476,452,495,599
656,550,476,457,498,610
661,547,473,456,498,598
654,552,474,459,501,611
664,559,476,444,502,612
666,560,483,448,495,611
662,557,473,444,503,611
662,547,482,454,505,614
653,553,478,459,505,612
662,566,483,457,507,602
657,557,479,460,507,613
662,566,484,453,499,608
655,568,481,463,503,601
664,563,483,451,506,611
655,567,478,459,516,611
659,552,492,465,520,601
662,563,492,457,518,610
647,568,484,472,522,612
658,566,497,474,521,611
656,566,488,471,539,607
650,552,497,481,538,608
658,559,497,485,537,608
660,547,501,482,543,603
661,561,497,485,545,601
665,560,496,475,542,609
661,548,501,487,546,603
644,564,482,491,547,612
650,565,480,486,548,612
661,546,497,491,552,600
651,553,492,496,544,610
661,553,494,481,547,606
647,552,489,495,547,610
658,555,495,492,539,606
657,540,500,491,552,599
658,555,494,498,543,604
660,549,492,491,555,595
657,555,498,500,549,602
648,557,486,500,553,608
660,550,493,484,555,603
652,546,492,501,558,610
648,551,485,503,563,606
660,539,491,505,562,594
661,550,494,492,561,606
661,552,493,494,560,597
658,557,498,506,555,607
659,545,497,506,565,598
654,537,500,503,569,600
659,549,493,496,567,607
661,543,496,507,573,599
660,539,499,508,574,599
657,553,499,508,562,611
661,549,492,499,573,607
660,549,500,502,566,609
656,555,496,512,564,612
663,538,496,509,576,598
660,547,493,512,575,604
655,549,496,510,565,611
649,547,488,512,573,612
656,547,487,498,575,609
657,547,495,508,559,608
661,534,498,507,576,601
658,543,495,508,576,601
659,542,499,497,568,610
659,531,499,505,576,602
661,532,496,507,576,602
659,539,498,500,562,612
650,541,482,506,571,614
659,536,492,496,566,609
655,526,494,501,561,614
658,543,498,503,553,615
662,527,499,498,560,608
655,534,488,501,550,611
659,532,492,494,558,606
660,538,489,481,546,614
659,539,481,476,546,614
642,540,475,486,542,618
650,544,479,484,530,612
653,536,472,480,538,607
656,525,475,472,530,609
656,531,472,474,527,606
658,535,473,466,515,616
646,538,463,475,523,619
651,524,471,472,517,617
656,531,473,459,511,617
653,535,473,473,506,609
653,531,472,461,511,612
650,530,462,448,505,617
651,525,466,461,501,605
644,517,468,457,494,617
653,523,472,451,486,612
644,519,460,457,488,614
641,527,457,455,493,611
652,525,467,457,484,604
645,526,463,452,487,604
652,530,458,450,484,601
642,534,445,447,482,608
656,526,456,434,477,612
645,536,443,441,482,608
640,537,443,445,479,607
646,539,458,445,467,603
647,539,447,439,480,608
650,540,458,446,474,601
652,540,468,443,468,606
641,544,449,447,482,607
648,536,462,449,485,601
643,542,453,452,479,610
651,536,464,448,483,606
651,530,468,452,485,603
651,543,466,453,471,606
644,542,456,451,481,610
654,543,467,448,475,609
653,542,465,452,474,606
655,529,469,450,487,610
654,528,467,453,484,614
657,540,460,441,481,614
655,535,457,452,487,606
646,545,440,448,489,611
651,535,447,453,489,605
657,542,447,443,484,615
658,539,450,444,484,614
655,536,445,451,493,605
651,530,450,452,488,613
642,548,435,450,490,611
651,529,452,454,487,615
652,519,447,453,485,613
656,523,454,447,486,612
643,539,439,453,488,611
656,538,450,443,483,614
643,544,439,451,492,611
655,532,453,454,493,608
651,544,455,458,487,608
650,543,453,462,490,605
651,543,453,463,495,607
644,544,445,461,502,614
653,533,453,465,499,606
641,547,445,468,506,615
649,543,457,472,504,608
646,540,442,466,506,612
652,549,459,474,504,608
653,549,463,473,502,613
656,537,467,475,514,609
651,549,462,466,516,616
647,555,459,473,519,617
657,552,474,469,513,618
655,556,476,482,506,613
649,557,467,477,521,619
652,554,477,485,520,613
648,559,471,481,522,618
651,561,483,490,513,618
658,542,490,489,523,613
653,560,487,492,520,614
659,559,493,490,516,619
653,562,489,497,524,616
653,557,482,489,530,617
649,542,491,500,531,620
654,552,490,500,529,614
646,546,481,494,528,621
658,549,496,491,524,620
660,550,496,490,525,619
653,544,493,498,532,619
657,532,500,496,537,612
647,542,481,498,536,622
660,536,498,487,529,616
657,534,498,492,525,621
653,533,484,487,537,617
647,530,489,500,535,622
644,534,479,499,536,625
655,534,492,499,532,618
660,521,497,495,538,612
661,537,493,483,529,618
660,537,500,486,526,621
656,546,490,485,534,620
658,548,499,491,523,621
644,551,484,491,535,622
650,554,488,487,533,617
647,555,487,498,533,622
660,557,491,486,535,617
656,561,498,499,526,619
661,557,503,489,524,622
661,545,502,495,535,613
659,561,500,495,521,623
655,549,501,493,532,617
650,560,487,489,534,621
659,554,498,494,532,614
660,543,504,493,532,617
654,555,494,483,533,618
658,549,497,494,533,614
659,544,496,494,530,612
651,549,496,497,529,624
658,552,496,483,534,619
660,551,500,488,522,621
660,539,502,493,535,613
662,539,502,491,533,612
661,540,502,490,534,611
652,541,501,494,530,620
657,551,497,495,529,617
655,551,499,498,530,617
660,550,493,487,534,620
654,539,503,493,532,615
660,550,499,483,531,617
661,551,498,484,530,619
657,552,497,497,530,617
659,552,498,494,532,616
656,553,500,498,525,617
655,555,503,497,522,620
650,552,496,497,530,624
659,541,500,494,536,612
657,552,500,497,528,616
658,553,503,494,523,623
647,555,490,495,532,625
661,550,504,484,525,619
648,554,491,495,532,624
656,554,499,497,526,619
656,556,500,497,527,618
662,539,504,492,534,613
651,555,491,493,532,624
647,550,490,494,531,623
656,550,492,483,532,622
649,549,488,487,529,622
656,542,496,482,531,619
652,530,501,493,527,621
657,536,499,493,524,616
656,534,498,492,522,617
662,513,501,483,522,611
662,504,498,485,513,617
660,504,493,481,511,620
663,514,496,464,508,618
659,521,498,473,494,607
655,514,496,457,497,616
661,502,494,463,493,616
657,508,493,458,489,611
650,497,473,457,477,607
661,503,476,448,461,598
658,501,477,440,470,600
655,505,472,428,458,604
658,507,468,442,462,602
663,489,473,437,457,605
647,502,456,434,456,595
660,506,472,432,446,600
649,511,462,427,456,597
661,510,467,438,442,590
656,512,466,436,446,588
658,500,469,428,448,593
654,511,462,417,440,596
656,498,455,429,441,592
655,512,460,423,441,586
648,505,447,419,438,589
649,512,455,413,433,590
654,500,463,421,434,592
657,512,464,408,430,590
649,505,449,419,433,586
656,510,466,412,419,586
657,499,468,417,427,588
659,507,469,415,430,588
659,505,470,414,417,587
646,504,451,412,430,584
655,501,465,422,422,578
653,500,470,411,423,590
646,496,454,417,432,585
656,502,467,425,426,579
651,487,459,426,431,589
645,500,454,424,438,586
660,503,470,427,425,586
660,497,469,426,436,593
653,511,465,429,439,582
654,500,459,428,435,590
657,511,465,433,432,586
655,516,464,433,434,583
648,515,451,430,443,589
654,499,459,435,441,593
650,516,453,430,444,591
657,512,469,423,435,594
651,509,456,435,442,593
654,513,457,425,448,591
646,522,459,436,443,594
647,526,458,429,447,591
654,528,473,433,446,593
655,525,464,427,451,591
656,519,469,435,441,585
648,528,460,435,451,592
646,524,463,442,449,595
659,515,473,440,455,589
658,513,473,440,455,591
654,527,470,433,455,595
658,512,468,443,452,596
656,513,476,442,455,598
648,527,460,440,455,595
648,525,460,444,454,594
655,521,471,444,452,585
659,506,471,444,449,595
654,527,463,435,456,593
656,529,472,444,447,590
653,530,475,445,445,588
659,516,475,442,457,589
653,527,465,435,456,595
655,529,471,444,442,589
654,526,471,446,453,587
655,524,468,434,455,597
655,527,471,446,453,586
645,529,460,446,458,595
650,513,476,444,458,599
659,524,478,433,452,598
645,529,465,448,460,595
656,515,477,444,463,598
653,529,461,447,465,600
654,527,470,450,460,589
654,528,464,438,465,597
649,528,460,443,465,598
657,527,478,447,454,598
658,525,470,437,463,600
654,528,464,440,466,599
657,516,474,447,468,595
661,525,478,441,459,601
656,527,477,447,455,602
650,520,471,455,461,601
647,526,463,456,464,601
660,518,477,453,471,601
648,530,464,450,471,601
660,528,475,446,464,604
646,532,461,455,471,601
651,531,476,459,460,598
659,528,478,454,460,603
656,528,473,459,468,595
654,529,479,459,461,601
651,531,462,454,474,602
652,519,476,460,471,608
657,527,474,462,472,595
660,532,478,453,463,605
657,511,475,462,466,606
661,527,475,453,467,605
654,533,474,463,465,595
656,531,477,462,465,599
658,511,471,461,468,606
655,531,477,462,463,601
655,530,473,465,474,595
661,531,472,450,475,604
657,538,474,466,467,597
660,520,477,462,478,601
651,523,477,465,476,607
648,530,467,466,474,605
649,539,463,460,479,602
662,520,478,462,479,601
661,537,479,455,467,606
649,533,467,467,473,603
647,536,466,469,476,604
661,534,480,464,467,604
661,523,479,465,482,600
648,532,466,470,479,604
658,532,476,457,478,606
647,532,472,472,478,606
659,522,480,467,481,606
662,522,480,466,485,599
659,535,480,465,471,604
649,536,468,471,481,604
660,534,481,464,471,603
647,538,465,463,484,601
656,536,482,460,474,607
662,534,479,458,476,605
658,524,481,469,481,608
655,535,475,472,484,596
659,532,478,471,481,596
646,534,469,473,482,605
658,539,477,465,475,597
655,537,478,474,478,597
657,537,480,473,478,595
652,537,468,464,485,602
659,522,482,468,483,599
655,528,481,469,485,596
654,539,474,458,477,606
661,534,486,464,473,604
648,530,466,469,482,602
648,538,468,469,485,603
658,538,482,470,473,600
650,537,469,466,485,602
659,528,481,470,486,599
658,531,481,473,487,598
655,538,486,461,480,606
658,538,481,474,475,598
659,531,480,473,484,597
657,530,480,473,484,596
657,534,481,474,487,596
661,535,485,470,476,603
652,537,470,467,488,603
656,538,482,476,478,595
659,522,476,476,486,606
658,536,473,464,488,603
660,536,487,467,476,606
654,534,488,468,477,606
646,533,476,476,484,605
656,523,485,470,487,605
659,527,483,473,489,600
655,524,486,473,487,606
656,535,474,464,488,604
651,524,484,474,485,607
647,537,474,475,484,605
660,523,486,471,490,602
660,535,487,467,478,606
660,525,484,472,489,597
656,538,482,477,480,596
660,532,484,462,482,607
657,536,478,464,486,604
642,539,470,474,488,604
655,538,483,477,480,597
659,536,485,474,476,607
658,534,481,475,486,595
655,534,487,461,482,604
647,539,473,476,486,606
649,537,472,469,488,603
660,531,483,470,490,597
657,529,486,473,488,600
657,522,487,474,489,604
652,523,487,473,485,606
660,523,484,475,490,599
652,529,484,474,486,608
658,535,482,475,486,596
650,538,482,476,480,598
658,524,487,473,489,604
656,537,481,476,484,595
650,538,472,469,489,602
655,534,484,477,482,596
660,526,485,469,491,601
659,524,486,473,490,604
661,535,482,462,485,606
655,538,483,476,476,599
650,538,481,478,480,595
658,533,482,476,489,602
647,533,475,475,486,605
656,531,479,462,485,606
661,534,484,464,485,605
649,527,483,476,486,607
661,533,483,465,484,604
660,534,488,465,480,608
660,526,485,472,490,600
653,533,480,476,486,607
664,522,485,474,491,603
656,537,476,463,490,605
649,527,482,475,485,608
660,524,486,473,491,601
658,523,488,473,488,608
648,540,466,469,489,605
655,522,487,475,484,607
654,526,488,474,486,607
656,537,483,476,484,595
661,536,487,467,477,606
650,537,472,474,483,606
658,539,484,474,480,597
659,524,486,474,491,600
655,526,482,471,489,605
655,536,482,477,484,606
653,534,481,465,484,607
648,531,471,469,489,603
649,532,478,477,486,607
660,535,487,472,476,602
659,526,485,473,484,602
659,519,482,475,487,592
660,527,490,464,477,604
652,515,482,476,481,600
657,518,486,464,479,599
657,516,483,474,485,587
646,516,473,473,487,595
659,508,487,468,470,590
659,501,482,466,465,590
660,495,480,461,459,585
649,497,473,449,462,589
650,483,455,456,459,585
655,494,460,448,458,575
654,495,454,443,452,575
657,490,453,431,434,583
655,476,433,436,433,579
655,487,442,427,421,576
649,491,434,419,430,577
652,487,438,420,420,578
661,482,434,418,416,577
648,483,421,414,426,577
656,477,427,424,426,573
658,465,425,427,422,580
658,477,424,427,422,570
650,471,416,425,426,578
653,473,428,428,424,570
658,473,430,432,420,573
657,471,435,432,419,578
657,458,430,434,430,582
659,457,438,435,433,583
651,457,435,434,435,583
658,470,440,432,427,580
654,473,436,439,436,570
659,469,441,437,427,578
655,464,443,437,439,579
654,466,433,442,442,581
654,476,438,439,439,572
655,462,437,440,437,581
657,471,440,439,432,575
645,473,433,429,441,581
657,455,441,439,438,583
660,457,442,440,441,583
656,456,441,442,441,583
656,469,446,433,433,583
653,473,441,442,440,571
646,467,430,438,443,581
655,460,443,443,440,584
647,467,432,442,444,580
646,471,432,438,443,579
651,473,444,438,445,576
655,460,446,440,442,584
650,469,448,430,440,581
654,467,446,438,445,578
653,471,443,441,442,570
652,465,448,440,442,576
655,455,440,442,439,581
650,473,442,440,443,573
654,460,444,441,442,584
642,474,435,433,443,580
646,460,438,444,441,581
650,464,445,443,446,577
653,473,448,439,447,579
642,476,435,432,445,578
653,460,445,439,444,577
643,470,432,441,445,579
643,469,448,441,446,583
646,470,433,442,447,582
651,471,449,440,449,584
643,472,435,444,448,580
648,473,450,443,450,581
643,475,436,443,452,584
643,486,442,440,452,587
653,488,456,444,444,591
658,491,455,450,445,586
652,497,452,454,457,585
655,486,458,452,459,596
657,486,455,456,460,598
655,502,457,454,468,593
645,507,451,447,467,598
653,503,455,447,462,601
653,507,461,457,472,595
652,511,459,462,464,603
658,519,465,459,465,602
654,527,465,468,475,594
661,526,473,459,470,603
650,526,469,467,478,605
648,525,475,467,483,606
657,531,474,457,483,602
647,542,480,456,485,605
659,540,482,462,489,605
656,543,490,473,483,597
657,545,493,473,487,597
652,536,495,470,490,609
657,545,500,461,483,609
653,538,498,472,489,610
656,549,496,472,484,600
660,548,497,459,489,608
659,551,506,464,481,609
655,557,504,471,481,601
651,558,498,465,496,607
655,545,511,461,491,609
656,556,513,472,500,606
664,554,520,471,500,606
662,555,525,468,502,608
658,556,525,469,502,608
660,555,531,464,501,611
655,556,524,469,507,607
657,556,524,473,510,609
652,549,528,477,511,610
649,552,526,478,511,612
660,555,529,477,500,609
654,547,529,477,515,604
659,546,531,483,507,603
656,555,521,479,513,613
648,560,528,483,503,603
652,560,517,483,510,612
663,553,531,474,515,613
663,554,528,481,501,611
654,547,529,480,515,605
650,553,530,483,507,604
654,548,529,480,514,604
659,559,529,482,507,611
651,551,523,482,511,616
661,550,529,483,507,604
650,560,517,487,509,614
658,560,530,478,514,610
660,541,535,480,515,603
655,556,520,481,513,614
660,556,534,484,509,603
662,543,532,482,510,602
660,557,532,473,504,614
644,558,519,485,510,614
650,542,525,480,512,605
649,555,525,482,513,609
657,548,524,477,515,614
658,555,532,473,504,613
662,553,533,474,515,610
656,556,529,481,503,611
658,556,522,478,512,611
661,553,536,470,512,613
654,548,529,481,515,605
659,552,530,484,505,607
651,547,531,479,516,602
658,557,532,475,505,612
657,556,527,484,508,602
651,557,517,485,511,614
652,554,518,471,504,607
659,556,531,473,506,613
647,558,520,483,511,613
659,549,532,470,512,612
662,556,517,484,512,613
650,546,528,480,514,611
651,547,526,480,512,602
660,541,529,484,505,604
654,553,522,485,511,611
647,548,525,481,516,613
660,537,533,482,516,605
662,552,532,471,511,613
658,553,532,472,504,612
658,549,531,473,506,613
658,552,522,478,514,613
659,556,530,475,502,612
663,539,533,483,512,602
658,545,522,481,513,612
648,555,519,480,508,613
654,552,524,478,515,611
654,556,528,480,514,605
658,539,533,480,517,603
657,555,531,473,506,613
658,555,518,485,511,612
660,555,531,471,510,612
663,533,532,486,510,601
655,551,521,483,512,611
659,552,520,479,514,612
662,552,513,482,512,613
664,548,519,476,515,612
653,550,503,477,514,611
656,536,513,480,512,611
658,547,504,468,512,611
653,540,507,476,509,613
651,539,509,479,501,611
657,547,509,482,501,605
650,546,505,482,508,612
649,543,505,480,506,612
655,533,511,478,510,610
648,548,498,478,507,610
650,544,495,481,504,607
661,546,502,469,511,602
660,543,510,481,508,601
663,537,510,477,497,608
662,541,510,469,503,610
659,549,510,468,509,602
650,540,505,481,506,611
663,531,515,477,508,608
659,549,511,484,499,604
659,544,500,479,509,607
660,539,510,476,505,599
654,540,510,482,509,611
659,545,511,469,507,609
656,534,516,477,512,599
647,552,502,480,510,606
661,541,514,483,505,600
650,549,501,481,510,608
648,543,511,484,508,610
662,534,516,483,508,608
661,535,513,480,512,597
650,548,509,486,508,611
662,545,517,467,508,609
660,539,516,481,503,600
662,531,519,481,512,604
658,550,516,477,501,609
660,539,516,483,512,600
657,537,517,479,510,610
654,548,505,477,512,606
661,545,516,482,508,600
663,541,514,483,504,600
649,549,513,481,501,607
653,537,514,479,512,609
659,533,517,482,513,611
662,531,519,484,511,600
662,541,516,482,511,602
655,548,504,478,513,608
658,533,515,481,512,600
664,543,519,481,512,603
660,542,515,484,503,601
658,548,507,473,515,608
648,548,503,478,511,607
657,547,520,471,512,608
661,543,518,473,507,610
665,547,517,477,513,609
660,535,519,481,512,600
658,552,515,479,508,599
657,541,513,480,512,602
657,551,508,475,514,608
661,555,521,471,497,606
662,554,522,465,509,599
655,554,508,478,513,609
658,557,517,483,502,606
663,541,517,485,505,597
656,551,507,474,511,605
655,549,517,481,513,602
653,553,515,482,512,602
659,557,510,474,511,608
655,566,519,480,501,609
663,551,520,486,510,599
660,560,517,485,509,602
659,570,521,474,506,611
653,571,508,478,517,609
649,572,506,484,515,612
652,573,504,481,511,603
660,574,517,477,505,610
652,573,508,479,516,610
658,562,514,488,507,601
653,567,505,476,515,610
659,549,511,487,511,612
658,542,513,474,515,610
658,559,520,473,513,608
657,556,517,474,512,604
658,557,517,478,513,612
660,547,512,480,512,608
654,558,509,480,506,609
659,555,509,460,491,612
656,561,507,473,490,603
655,558,508,469,493,603
646,551,502,466,490,609
657,557,499,452,489,612
648,558,492,458,486,610
655,560,504,461,476,608
662,552,500,447,482,614
648,556,498,458,472,607
653,541,493,456,480,612
661,543,489,445,474,614
651,551,486,441,478,611
659,551,477,442,480,612
657,538,472,433,472,613
650,534,467,446,473,613
647,538,451,437,477,610
658,534,458,442,463,605
661,524,459,428,465,610
657,512,451,437,468,600
656,513,448,435,461,600
654,501,442,418,461,606
657,487,439,429,460,593
659,461,432,429,461,605
649,471,428,417,462,600
652,456,421,418,463,598
660,451,431,422,446,597
659,435,422,421,451,600
654,437,415,423,449,598
651,446,414,407,451,596
658,440,417,406,441,597
655,436,422,412,447,594
656,435,419,403,437,596
664,435,418,405,434,594
663,420,412,417,440,594
665,429,413,412,428,588
662,419,409,416,438,585
650,421,402,404,437,590
663,417,417,413,441,595
664,421,412,418,433,587
665,405,415,414,438,598
650,420,408,403,440,594
665,419,420,409,434,594
654,420,412,405,443,594
661,419,412,415,439,583
651,414,418,416,436,594
662,415,420,415,445,589
666,412,421,419,432,589
655,415,421,417,446,588
653,412,410,413,447,593
666,413,425,412,435,596
654,414,410,419,446,592
658,415,420,408,440,597
663,403,423,420,443,598
658,410,427,419,448,592
655,416,423,409,445,595
658,399,412,418,443,594
656,402,414,424,446,595
652,407,414,418,451,594
663,397,416,422,445,595
665,411,428,427,435,592
653,405,412,424,444,597
665,405,429,423,438,592
666,404,429,425,435,593
666,407,429,426,441,586
664,403,431,424,449,593
654,412,423,409,446,597
664,413,431,422,440,597
654,413,418,425,449,596
663,421,434,424,452,592
654,429,420,420,452,596
655,442,425,419,451,596
661,430,427,432,451,598
655,447,423,424,456,596
668,449,440,428,448,597
662,462,441,438,453,594
652,466,434,437,470,599
666,465,449,431,463,604
657,466,441,448,474,602
663,464,458,448,481,601
653,480,446,451,488,602
664,470,463,455,489,607
664,476,466,455,496,606
659,483,455,463,497,608
651,500,459,466,501,607
662,505,471,451,495,605
664,513,476,461,498,609
665,515,482,471,502,602
655,516,490,463,519,607
657,520,486,468,520,610
664,518,499,466,509,611
660,521,495,473,516,605
665,506,499,475,516,605
651,515,491,475,516,613
657,508,495,463,511,610
661,493,495,472,512,608
665,492,498,469,513,604
659,506,492,471,508,601
662,491,492,463,510,609
662,500,493,460,507,605
658,496,480,464,504,611
655,496,477,462,501,610
659,494,484,462,500,612
659,497,486,463,501,611
660,504,489,459,505,602
660,495,487,463,504,612
650,512,481,452,507,608
657,505,492,452,504,612
660,505,489,463,510,602
651,505,479,453,510,608
648,502,479,457,509,608
663,493,493,462,508,611
650,500,481,458,512,609
649,508,482,451,511,610
661,488,488,466,506,612
659,503,490,455,502,611
660,503,491,463,510,606
651,505,481,455,510,608
660,501,494,456,497,611
663,501,492,469,496,603
653,505,486,453,507,611
664,493,492,462,508,611
648,506,479,457,508,610
659,498,487,462,497,602
656,504,476,462,501,611
661,502,488,459,504,605
662,504,483,458,492,599
650,504,473,454,486,610
665,490,486,454,493,616
657,494,470,457,489,610
650,506,470,447,494,609
662,500,481,443,485,613
651,502,467,443,491,608
651,493,465,449,490,609
663,487,478,448,486,611
648,483,469,441,492,609
661,472,474,441,482,613
663,453,475,451,487,612
664,463,470,453,479,603
663,451,475,449,487,612
660,455,473,444,473,610
664,452,466,441,482,605
651,450,454,447,479,610
663,451,470,435,472,611
652,456,458,435,479,608
651,453,451,440,477,607
650,452,454,435,477,607
660,437,463,442,475,609
663,449,462,441,475,604
659,439,451,445,472,609
667,443,464,437,458,606
663,445,465,440,475,608
655,456,465,432,468,610
657,459,458,431,473,610
666,443,463,443,473,610
666,457,464,443,462,606
655,449,450,445,472,608
665,456,461,446,465,604
664,444,459,444,474,611
666,462,461,447,474,602
666,445,465,444,474,610
659,459,462,435,472,611
662,465,462,450,472,602
653,463,451,449,480,610
653,469,451,448,482,609
652,473,452,445,484,609
662,476,469,449,472,611
661,471,465,454,482,613
665,488,472,451,488,608
664,502,469,456,478,607
650,513,459,459,486,610
652,510,460,453,490,609
652,516,461,455,485,608
661,516,471,459,486,600
662,521,468,448,486,601
667,523,479,445,484,611
665,520,482,457,492,604
655,535,472,452,491,609
661,524,485,459,494,604
651,540,475,458,491,610
663,526,489,458,494,604
647,542,478,461,495,610
652,543,477,456,496,606
656,547,489,463,480,604
656,551,486,463,494,599
660,540,492,460,497,603
657,547,490,464,497,600
648,553,480,462,496,609
653,550,487,463,493,601
660,551,488,444,493,611
659,550,494,453,487,611
657,551,495,452,487,611
653,545,493,461,492,611
658,542,494,460,496,611
657,546,490,457,492,609
655,558,484,453,498,608
644,557,477,465,499,610
660,558,496,453,495,611
656,561,498,458,494,609
645,566,483,469,508,600
657,563,498,460,508,609
655,555,502,472,517,602
656,570,502,469,510,608
655,572,500,478,515,608
648,565,496,479,520,610
651,560,502,477,523,604
649,573,495,473,530,608
661,560,509,477,533,597
658,573,508,471,536,602
647,575,505,483,535,610
654,581,505,478,541,605
648,584,515,472,540,607
652,579,513,478,543,598
663,580,524,487,537,605
653,590,513,489,541,612
654,593,515,491,544,611
658,595,530,481,534,611
660,595,536,490,536,612
662,591,535,489,548,612
664,585,552,495,545,604
655,598,544,496,548,613
663,596,561,496,538,611
651,604,554,496,550,608
657,603,566,502,549,610
663,603,569,494,543,610
661,605,569,501,544,613
664,596,572,506,546,612
663,602,574,507,549,613
668,592,574,501,564,610
657,608,564,514,565,607
665,606,582,503,563,610
654,598,569,511,570,601
664,603,570,519,576,604
660,591,581,516,570,605
651,602,570,521,572,605
654,606,570,519,567,610
662,602,572,519,570,615
663,600,579,524,564,615
666,599,585,520,574,605
664,599,574,523,570,618
663,601,571,529,572,618
664,598,581,515,576,617
654,590,575,523,572,610
658,598,575,528,562,618
648,603,563,528,571,615
644,600,559,525,557,619
657,598,572,510,566,617
648,601,553,516,555,615
646,600,551,514,562,608
655,594,554,507,558,618
652,593,549,514,543,617
650,594,550,493,548,617
652,588,543,497,537,617
643,592,536,502,547,609
652,591,536,503,532,619
645,584,538,501,544,610
645,594,525,503,541,618
648,579,530,496,542,608
650,589,530,489,533,617
648,588,523,498,524,621
651,582,522,504,530,618
647,573,523,497,525,620
649,587,510,492,537,618
640,589,504,499,535,621
652,576,515,503,528,619
653,573,516,504,528,618
655,567,517,501,535,616
653,574,516,502,525,620
654,584,517,494,527,620
647,573,516,497,538,611
654,580,522,489,534,617
642,579,512,500,537,618
642,584,508,501,537,618
652,579,519,496,538,620
656,579,525,487,534,619
646,576,518,498,538,613
651,584,524,487,533,618
658,581,515,497,540,621
652,582,511,495,525,622
654,583,525,488,534,620
653,584,518,499,527,622
658,579,523,490,540,619
652,582,520,495,527,623
658,582,520,493,528,621
650,570,521,497,540,613
648,581,510,495,539,621
654,577,515,499,538,623
656,578,515,499,539,621
655,578,513,486,528,621
654,580,523,490,531,620
655,580,520,499,527,623
655,579,514,497,537,623
658,570,525,498,540,610
656,583,525,488,532,619
646,583,515,495,535,614
648,579,522,497,538,613
656,592,525,489,530,619
646,592,512,497,537,622
658,591,529,489,529,621
658,590,532,489,531,619
659,584,532,498,536,611
655,593,527,498,526,621
660,583,528,502,532,618
647,597,522,497,537,615
648,594,521,499,531,616
649,598,514,494,526,623
660,589,528,502,529,621
662,593,534,490,526,620
661,583,528,495,534,612
660,595,524,495,535,621
657,586,533,499,527,617
648,600,518,499,531,618
655,596,526,496,531,624
660,603,535,485,527,619
663,596,529,492,536,621
661,594,532,499,522,621
651,601,521,500,531,623
657,603,535,492,523,619
660,585,536,498,535,609
654,601,533,495,523,622
664,598,537,491,539,619
659,602,538,490,526,610
654,592,533,498,536,611
650,602,526,500,533,615
662,598,537,504,526,620
659,597,539,504,523,621
650,598,533,499,533,614
662,601,548,487,535,617
650,594,539,496,535,610
650,598,539,498,532,610
656,591,548,496,535,619
653,594,545,497,536,608
647,603,536,500,533,618
656,600,537,504,532,618
657,602,546,501,533,612
662,599,547,493,538,616
660,599,549,495,539,617
650,604,535,504,536,618
658,581,552,501,541,608
649,603,547,503,528,617
651,591,547,498,543,607
651,601,548,499,527,618
658,595,548,502,534,613
661,589,551,504,538,610
651,594,547,499,542,608
660,598,547,498,542,616
661,599,554,491,540,614
660,598,551,491,542,616
660,602,543,499,542,619
655,603,552,499,528,618
647,603,538,500,540,615
649,598,535,505,537,615
660,597,550,497,543,618
660,596,546,498,537,616
662,597,549,503,536,613
662,587,552,502,540,611
652,602,538,505,540,619
661,601,552,490,539,616
657,590,550,500,544,608
659,599,544,500,543,619
661,585,552,503,541,611
652,604,538,504,539,618
652,600,538,505,539,617
659,595,547,504,531,618
661,593,550,490,534,617
660,601,533,503,540,615
661,588,548,506,535,615
650,599,541,500,541,614
653,592,545,500,544,609
651,600,538,503,541,615
660,596,553,492,536,616
663,591,549,494,541,616
646,596,536,504,539,620
663,588,548,497,544,617
650,593,538,503,541,612
661,589,551,490,540,613
662,576,550,503,536,607
662,578,549,502,541,611
650,591,544,490,542,615
661,588,551,490,541,616
654,589,534,503,543,619
658,587,546,501,529,618
662,573,549,503,537,614
659,584,544,495,527,617
662,570,550,500,542,607
656,583,536,503,540,619
657,582,536,503,538,620
665,563,550,503,540,613
655,566,546,499,539,607
663,575,551,489,539,614
663,572,551,488,539,615
664,570,549,493,534,616
662,566,548,490,535,615
660,570,548,493,530,618
658,557,551,498,542,607
660,565,545,501,530,618
652,562,542,499,541,612
656,565,535,494,538,616
663,545,543,504,532,616
661,556,543,495,529,619
664,540,542,501,531,616
662,542,539,499,532,615
665,544,539,491,539,618
664,539,540,496,527,617
653,549,528,497,537,619
650,534,535,492,539,612
664,537,545,481,539,614
666,535,537,489,540,617
654,521,539,492,541,607
661,522,536,483,529,617
659,525,525,495,536,620
647,525,521,495,534,617
652,522,525,494,534,611
662,520,532,494,532,613
660,523,535,483,529,613
660,508,536,490,538,608
664,519,532,489,535,614
660,511,526,489,533,607
662,524,532,477,527,612
658,525,516,477,532,614
667,519,522,481,531,614
663,506,526,486,526,605
661,517,523,486,516,613
654,520,510,481,526,614
661,520,518,477,511,610
653,514,512,481,518,612
661,521,513,479,518,602
666,521,512,467,508,609
658,516,504,471,513,603
661,527,490,473,511,605
657,524,497,468,509,609
662,528,497,467,501,604
664,523,492,466,512,597
659,524,489,463,499,600
651,516,475,462,504,603
663,516,490,456,492,604
654,504,473,460,497,603
663,505,484,453,487,601
661,502,480,444,494,603
662,500,484,444,490,604
653,494,468,454,494,601
661,500,480,457,487,594
658,502,478,441,492,600
659,499,481,443,491,602
659,481,481,448,495,599
655,482,471,452,490,600
657,471,474,455,492,600
661,479,481,452,490,593
664,475,480,453,480,592
655,462,470,449,486,601
660,463,481,448,488,596
664,452,482,446,485,597
661,436,470,449,473,601
661,454,477,442,481,595
656,453,475,443,477,592
661,438,470,446,479,601
658,448,477,438,478,594
652,449,467,432,478,602
661,432,472,445,474,602
662,431,476,443,477,604
660,433,465,443,478,600
660,445,475,443,468,596
662,432,475,444,474,604
660,450,471,442,473,593
661,450,477,429,467,603
660,456,466,427,468,599
659,462,469,442,470,592
651,461,460,438,476,600
665,464,476,433,463,603
666,465,474,441,459,599
663,463,474,431,464,603
661,470,478,433,469,603
652,467,461,441,476,600
662,474,473,446,469,593
660,470,476,444,479,596
663,468,479,439,467,604
656,467,464,448,478,601
665,466,466,448,473,604
660,475,477,452,477,594
656,474,479,442,477,604
660,461,473,456,483,602
660,461,483,454,486,604
655,458,474,460,484,604
658,472,478,458,481,595
657,472,478,445,485,603
662,465,481,444,479,601
655,458,465,459,484,603
658,462,480,455,486,597
658,463,478,460,481,594
660,450,480,456,475,600
657,461,476,459,479,595
653,450,468,460,484,604
655,463,477,460,481,593
657,462,480,461,477,597
656,448,476,461,485,605
652,451,469,462,487,605
643,464,468,455,491,601
654,462,482,459,495,598
658,462,486,460,485,604
657,463,479,469,489,598
657,466,483,470,492,596
648,470,481,457,503,604
649,461,477,473,504,604
656,469,495,470,494,603
657,473,499,471,511,601
649,474,494,475,511,604
661,464,515,474,516,597
664,483,528,470,516,605
656,474,531,483,526,604
662,479,546,486,534,599
663,497,558,490,541,599
649,501,554,498,545,610
663,489,569,496,552,601
659,506,575,507,553,607
661,503,577,495,558,608
659,502,580,510,564,603
660,506,582,500,568,609
653,496,570,512,566,604
654,491,578,509,565,603
663,492,580,510,567,610
663,503,586,498,567,611
660,502,584,512,565,608
663,492,584,510,569,603
649,502,571,514,565,609
661,503,585,508,568,604
663,489,569,511,561,616
654,487,579,507,565,604
659,503,579,502,564,613
659,505,579,510,551,611
662,495,583,509,556,606
658,489,571,507,556,608
660,486,571,504,553,608
664,496,578,495,549,610
653,497,571,500,554,609
664,493,575,490,548,609
650,498,560,504,544,612
662,482,565,498,547,604
662,481,565,497,543,604
662,482,566,496,544,603
663,491,565,494,533,613
662,489,570,498,544,603
657,500,559,490,545,609
667,496,566,487,539,609
661,502,561,499,533,611
663,500,560,498,537,602
659,500,560,502,532,612
652,499,545,498,542,610
664,494,564,501,542,603
655,497,547,502,541,613
652,502,549,501,543,614
657,489,553,498,543,609
666,498,564,487,543,611
664,500,558,499,533,615
663,488,553,497,544,607
662,499,556,488,543,611
657,489,553,498,537,614
657,504,550,494,540,614
664,485,552,492,536,613
661,485,547,492,534,609
666,485,551,494,523,613
663,484,541,478,532,611
657,489,534,489,524,609
656,496,534,486,526,614
655,493,538,477,510,609
664,494,534,480,506,610
652,492,523,479,512,602
658,482,519,476,508,612
663,487,527,476,505,612
664,485,521,475,493,603
654,475,504,468,499,608
655,482,507,457,498,606
665,463,505,469,493,608
664,473,511,462,496,606
661,479,503,465,493,597
663,478,503,464,492,605
658,475,497,450,487,605
663,474,494,459,478,596
665,468,492,457,471,599
661,465,491,451,470,602
661,460,470,450,477,600
665,464,487,445,468,602
659,456,472,454,475,602
668,461,483,441,470,602
664,447,471,451,470,597
666,448,472,449,470,603
664,464,472,448,461,593
656,462,470,436,470,600
665,446,470,447,468,604
655,457,461,433,469,601
663,443,460,448,465,601
662,457,466,446,463,591
666,449,469,440,458,599
655,456,456,439,470,598
665,452,466,434,464,602
668,446,469,442,457,596
663,448,471,434,463,600
659,448,462,433,463,600
665,449,466,446,467,589
664,447,467,445,472,592
664,442,472,436,459,604
665,435,470,440,471,597
664,442,461,447,463,590
660,438,461,431,463,601
655,431,449,439,464,597
665,432,465,433,451,599
655,429,446,438,459,594
662,434,459,439,454,585
668,430,457,432,445,589
665,414,450,438,446,593
655,434,452,422,452,592
665,421,461,431,452,592
667,432,458,423,442,595
662,434,461,430,450,592
665,421,449,435,447,592
664,434,454,427,451,583
657,437,451,422,450,592
663,430,456,432,453,590
655,434,440,430,452,589
657,424,439,433,446,590
657,428,445,438,449,594
667,424,452,435,451,593
654,445,443,430,456,590
663,444,458,425,452,592
664,438,452,434,457,587
655,449,457,428,454,592
669,447,461,434,443,594
665,455,456,441,452,583
668,446,462,438,456,588
649,448,446,439,459,592
664,456,459,443,456,584
653,458,454,429,460,592
661,443,452,443,457,594
666,452,465,437,449,592
657,457,458,429,459,594
654,452,451,436,460,592
665,442,456,444,458,594
663,455,461,444,452,585
666,456,464,444,451,588
668,448,468,441,463,594
661,455,463,431,458,595
669,445,466,441,462,594
668,444,468,441,464,594
664,442,461,445,460,587
665,456,462,445,460,585
665,452,468,438,456,595
662,444,466,435,463,591
663,456,463,434,461,597
654,453,452,441,467,594
657,449,465,433,466,597
666,454,468,438,454,596
668,440,471,442,464,598
664,456,471,438,461,595
660,458,468,438,463,598
669,456,472,443,458,594
663,460,468,452,462,586
669,450,472,441,457,596
668,446,471,452,470,598
667,446,473,448,472,596
665,445,472,449,467,597
666,457,465,452,469,598
666,457,473,449,473,592
669,457,476,443,462,598
656,463,472,450,476,590
667,456,474,447,460,598
657,463,459,446,475,596
669,458,474,450,459,593
659,462,469,441,470,598
663,458,472,450,475,592
665,459,473,457,463,594
662,458,471,440,470,597
657,453,470,453,474,589
663,459,475,451,474,595
659,452,461,453,471,598
662,458,474,450,474,596
665,465,471,448,475,590
664,465,474,452,475,591
665,463,472,453,465,600
660,456,460,453,476,598
657,457,463,455,476,599
655,461,467,448,479,598
666,462,480,449,474,602
668,453,483,458,484,601
666,457,484,459,486,599
657,466,483,463,485,591
664,455,491,462,491,598
659,455,480,470,489,599
655,456,479,470,494,599
666,465,505,476,487,595
654,470,509,474,507,600
666,457,537,482,514,601
660,472,549,497,512,599
665,466,553,491,510,604
664,467,568,504,524,598
665,473,577,508,532,595
657,471,564,513,534,596
655,480,570,511,536,601
657,470,567,511,529,605
661,480,581,500,533,601
658,470,565,513,534,595
661,485,577,511,525,604
668,480,582,504,526,601
657,474,568,513,535,594
665,477,583,509,524,605
664,472,580,513,525,603
668,476,584,513,528,601
665,478,584,515,527,603
668,487,583,511,539,596
657,487,571,515,534,602
665,482,584,515,537,596
667,479,584,514,529,603
667,476,577,505,526,603
658,485,575,511,537,603
665,471,576,510,533,606
655,485,568,516,536,602
665,483,584,504,539,602
661,488,578,512,528,604
667,481,583,503,534,604
661,485,579,517,536,597
664,486,580,513,534,603
655,469,584,513,534,600
667,483,586,503,537,603
668,477,583,515,530,604
666,472,581,514,536,597
662,488,580,514,539,595
661,475,571,516,540,596
666,472,578,514,536,595
666,471,584,514,536,600
656,487,579,511,539,606
665,486,581,510,527,604
664,487,580,520,527,606
667,478,583,504,526,605
669,483,588,506,532,604
662,486,580,520,525,605
655,482,568,519,537,599
665,477,583,518,528,606
664,481,581,515,536,603
655,488,579,507,539,603
655,482,566,521,538,596
661,482,584,507,539,603
663,488,576,518,526,607
664,484,582,519,526,606
669,483,585,504,532,603
653,487,570,518,536,605
660,486,582,507,538,604
665,471,577,518,526,606
666,475,581,515,525,607
655,490,566,515,534,606
667,471,576,513,534,599
663,474,568,502,527,606
667,473,568,505,531,595
667,484,566,501,524,601
664,471,558,494,521,597
665,471,560,489,515,603
666,471,557,486,518,596
664,480,553,483,500,599
668,476,556,469,511,604
666,471,550,478,510,603
668,481,552,466,507,605
661,486,546,477,497,597
664,485,541,473,492,602
665,476,543,474,505,595
665,469,539,468,502,599
654,482,521,464,499,603
666,485,529,467,486,602
668,478,530,457,491,603
664,485,523,470,487,598
660,473,513,469,493,605
663,483,522,468,489,594
668,480,523,457,492,604
657,486,516,463,493,600
665,483,522,457,491,600
665,470,511,469,489,601
664,481,511,469,483,591
663,486,516,469,484,593
668,476,518,451,482,604
670,485,515,453,485,600
660,486,508,453,484,600
669,481,513,451,482,600
665,482,508,461,483,595
660,486,503,451,479,601
663,483,503,449,476,602
655,484,491,452,481,599
668,479,503,452,467,602
664,482,495,462,469,600
665,467,493,459,472,602
659,470,490,462,470,602
654,486,480,460,469,602
664,485,491,459,468,591
670,471,496,453,472,599
668,479,495,451,460,597
667,465,493,455,469,601
668,474,490,452,461,599
658,475,480,459,472,600
656,486,482,452,474,597
662,483,494,456,475,594
659,486,490,460,467,590
659,482,480,448,465,600
660,480,494,459,471,601
657,478,481,457,474,598
663,483,500,448,469,599
664,486,493,461,471,591
662,484,496,459,473,591
661,483,493,454,467,600
667,469,500,458,477,601
664,483,495,459,472,590
664,484,495,461,475,590
666,478,500,461,478,599
665,475,500,459,478,599
655,480,485,455,478,597
667,480,501,456,467,599
665,466,497,466,473,602
668,477,499,459,465,597
660,479,496,448,473,599
666,476,498,460,468,590
666,466,501,454,471,599
667,464,501,453,472,601
665,475,500,456,472,591
665,475,499,457,459,592
656,479,494,445,473,597
663,472,498,453,472,589
664,472,500,455,473,593
654,480,488,449,473,596
666,463,499,455,472,598
662,475,494,457,475,589
664,460,488,457,471,599
665,478,487,458,464,590
665,468,490,450,473,597
655,464,471,450,470,598
663,458,480,453,468,599
665,465,480,450,467,595
665,458,475,452,460,600
656,471,468,439,463,596
664,470,472,449,460,596
664,469,474,440,460,595
664,467,472,450,446,590
661,466,478,436,451,599
662,471,470,445,448,599
665,453,469,448,452,599
664,469,471,448,445,591
668,465,475,433,442,598
662,471,470,446,449,588
665,457,475,443,453,598
667,466,476,442,444,596
666,465,474,439,443,597
658,470,470,433,453,597
659,470,472,431,453,598
655,467,463,440,457,596
667,469,474,449,448,589
664,465,477,444,459,593
667,465,478,446,458,593
655,466,465,438,459,597
668,469,480,439,451,599
666,464,480,447,460,597
654,472,465,446,462,595
656,469,470,439,460,597
664,470,477,451,461,589
660,455,472,455,459,599
662,472,474,455,458,588
666,457,480,454,463,600
658,470,472,444,464,597
667,468,477,458,454,593
658,459,467,456,463,599
663,455,476,461,464,600
655,472,468,448,467,596
654,470,472,449,470,596
667,464,484,459,472,597
665,466,481,453,461,600
649,466,470,460,474,597
663,467,482,461,473,587
664,462,487,463,479,598
664,472,482,471,477,589
648,472,479,462,473,593
664,469,495,477,485,590
661,457,500,476,493,601
661,463,501,475,496,599
664,455,499,478,494,601
664,467,505,473,487,602
653,464,491,478,499,597
656,463,494,482,499,599
666,467,512,469,501,600
662,459,515,488,504,600
652,472,509,476,510,598
667,467,517,474,504,601
648,465,502,485,510,598
652,472,502,479,511,598
662,458,510,490,508,601
660,468,516,477,505,601
662,458,509,491,510,602
660,474,517,492,502,594
663,469,518,486,503,599
659,459,524,488,516,591
662,465,525,490,514,595
664,456,524,490,517,591
662,470,530,482,516,600
654,471,517,489,517,602
663,455,526,492,519,592
660,458,516,491,516,595
664,463,527,492,518,590
652,467,512,491,517,602
663,469,526,481,515,599
661,472,522,488,506,601
656,472,518,486,516,598
665,466,524,484,510,602
657,472,518,498,519,593
661,469,524,492,516,595
666,459,523,487,519,592
662,475,519,490,506,599
658,472,523,485,519,603
662,466,523,483,509,608
665,469,525,482,518,606
653,469,508,489,518,611
661,475,517,489,509,606
661,472,524,483,517,616
663,472,519,486,507,613
660,474,517,490,508,610
654,464,506,488,518,616
663,457,519,492,517,617
659,472,519,493,509,612
664,463,523,491,526,607
664,463,521,482,517,614
655,463,508,497,522,614
663,464,522,494,527,606
662,460,517,493,524,608
658,471,522,486,527,615
653,474,519,484,523,613
658,473,518,498,517,616
654,461,509,496,525,618
658,471,523,493,522,609
664,467,522,484,526,613
665,469,522,486,522,614
661,469,526,489,529,612
653,465,509,497,527,617
653,472,521,500,524,612
650,475,513,498,530,617
651,468,511,498,533,617
649,473,514,491,531,615
665,468,529,489,534,614
658,469,532,503,532,611
660,471,534,491,539,613
664,460,536,501,539,607
652,474,534,496,542,618
665,469,543,492,540,614
662,471,546,492,541,612
657,473,542,501,545,614
659,473,547,505,532,618
663,465,552,507,549,607
648,472,542,511,548,616
660,473,556,513,548,606
647,474,552,511,554,617
663,467,564,513,554,611
651,465,550,513,558,605
654,475,558,511,558,617
659,460,556,512,558,608
662,474,564,503,558,616
662,466,565,515,546,618
650,467,551,518,559,607
656,461,563,515,555,610
661,472,565,506,557,616
646,466,549,519,560,619
660,474,564,508,562,615
659,465,561,508,557,614
660,458,557,513,560,608
658,475,556,521,551,620
657,473,554,516,554,617
648,466,541,517,552,616
659,473,553,512,546,619
661,470,555,505,549,617
656,470,551,502,549,617
651,474,546,501,551,610
654,459,542,506,547,612
662,458,541,503,545,610
655,470,538,492,537,617
647,469,516,501,529,620
661,469,525,488,527,618
656,458,513,492,531,612
645,471,503,487,526,620
661,460,514,488,527,621
656,471,508,492,517,618
660,471,511,480,511,616
655,473,504,475,512,618
661,469,504,475,510,617
651,465,484,481,512,616
660,459,492,480,508,617
649,463,479,479,505,615
659,472,488,480,492,609
657,455,484,477,501,615
657,471,481,474,498,604
658,468,476,469,487,612
655,467,482,454,486,612
658,456,480,464,492,612
647,461,465,454,489,609
660,464,475,457,476,610
662,462,476,453,476,611
660,452,471,459,481,608
649,465,455,452,481,607
655,454,461,458,476,609
656,469,464,457,473,600
655,459,455,458,479,606
661,463,468,455,467,604
657,449,460,455,473,607
659,459,465,444,474,608
650,459,464,446,473,605
661,457,470,447,460,605
657,445,461,456,468,605
657,463,464,451,470,594
657,461,465,454,458,605
657,460,463,453,456,596
658,458,463,452,458,596
660,444,467,448,465,606
660,451,469,440,453,600
657,457,465,435,458,603
654,451,452,447,463,601
657,459,464,447,458,602
644,458,454,443,460,598
656,462,465,445,461,592
658,462,470,434,457,602
649,462,456,440,463,599
658,459,468,445,465,595
649,454,456,442,463,602
651,465,464,435,461,601
659,448,469,452,462,604
649,466,460,448,469,601
658,466,477,445,463,604
648,473,465,447,473,603
654,474,471,447,471,606
656,462,475,465,476,608
660,471,483,462,481,604
658,462,474,467,479,609
657,476,479,455,480,598
649,471,470,461,490,606
657,478,480,470,488,599
652,475,470,462,491,604
654,477,477,458,487,610
660,474,486,470,482,604
661,465,488,469,493,610
663,466,490,470,492,612
657,476,489,470,494,605
659,477,488,468,491,613
648,477,475,464,493,608
653,469,474,472,492,609
661,462,489,472,492,612
652,472,477,472,493,610
661,470,489,472,482,608
659,469,490,470,495,604
649,473,478,466,496,609
655,469,491,462,497,610
661,471,493,465,495,609
651,473,491,476,490,605
657,476,492,476,501,603
662,476,494,479,491,604
658,478,493,480,498,603
655,464,484,480,507,603
660,473,495,480,492,606
650,472,484,474,504,609
661,473,496,478,493,609
664,472,496,472,493,610
657,464,491,480,490,609
660,472,497,483,493,607
653,472,483,479,503,610
661,476,495,464,498,613
662,469,498,478,492,608
664,473,499,475,493,609
652,472,490,467,502,610
650,478,491,469,505,610
660,470,502,476,505,609
656,479,497,479,502,601
651,479,493,469,506,609
659,474,502,477,508,606
655,472,502,476,494,607
649,478,493,470,506,609
658,476,500,481,501,600
664,472,506,470,495,610
648,473,487,477,506,607
655,464,495,481,503,611
657,479,500,481,499,608
659,464,507,479,506,609
654,478,505,484,504,600
652,475,508,477,510,602
650,478,504,466,507,604
647,477,504,467,510,607
654,478,508,482,507,600
651,479,509,484,510,599
654,473,514,470,512,609
654,475,512,484,509,611
656,474,515,472,511,609
644,469,499,482,515,611
649,479,511,486,514,604
651,473,513,479,505,608
646,478,514,481,517,609
639,478,505,479,512,609
637,473,503,479,518,609
651,470,511,474,510,610
642,478,507,474,516,608
640,478,507,476,517,609
652,461,521,483,518,610
644,475,517,479,518,608
651,463,520,483,520,599
650,460,521,485,519,600
649,473,520,478,507,610
647,476,519,488,513,606
646,463,525,484,520,600
643,467,513,487,517,607
644,475,525,490,516,606
647,473,529,480,514,608
643,477,526,491,511,604
646,472,533,475,520,606
648,476,531,475,520,604
643,477,531,490,513,607
642,471,537,492,523,603
645,472,543,478,524,598
636,473,546,480,525,604
643,463,548,494,528,596
633,479,532,497,528,605
647,474,552,482,532,604
641,474,552,498,530,608
640,476,553,498,527,601
636,462,546,496,536,595
640,463,546,496,540,598
638,479,550,497,526,605
641,471,557,498,541,598
633,475,540,500,538,602
639,480,552,501,533,604
640,478,551,500,531,605
641,470,558,499,541,601
633,467,538,499,537,604
639,476,552,495,530,606
645,459,556,497,545,595
632,472,548,494,542,606
638,461,549,499,542,598
641,463,552,498,544,597
644,455,553,498,541,593
645,462,554,498,546,597
640,475,555,505,537,602
640,476,555,503,537,603
640,475,555,503,540,602
640,479,552,504,536,606
632,478,547,498,546,607
633,474,542,503,542,605
641,463,549,499,547,595
631,473,543,502,543,608
646,473,555,494,536,604
642,474,552,499,533,605
646,458,554,496,547,595
647,469,554,492,535,605
646,470,557,486,546,604
635,467,544,496,543,606
635,462,541,500,541,605
648,457,550,495,546,597
647,455,542,497,544,599
647,464,551,497,544,600
648,468,547,492,530,608
639,473,535,496,541,609
641,463,548,496,543,599
653,469,544,483,535,601
652,469,538,481,539,606
634,468,521,492,533,609
642,467,516,491,530,611
649,455,518,489,530,605
655,450,525,486,531,599
656,452,522,484,526,601
655,463,518,482,511,605
655,463,512,473,519,608
646,463,499,470,514,606
657,462,506,462,509,608
663,442,503,470,503,609
656,449,504,466,503,605
655,452,500,456,483,607
659,441,498,460,484,605
662,449,495,458,473,602
647,454,480,457,480,602
647,455,476,453,483,600
660,448,487,458,467,598
653,436,471,456,469,601
660,434,482,451,470,600
662,436,475,448,455,593
658,428,472,438,453,597
649,431,457,446,461,595
660,427,471,443,461,592
648,421,460,447,456,595
660,431,469,435,451,594
662,428,467,440,444,591
659,429,465,442,457,584
657,423,467,438,456,589
650,431,453,430,456,589
660,414,463,441,451,592
658,409,455,442,446,591
655,425,462,443,454,585
661,422,462,436,441,590
659,419,463,432,443,592
661,416,463,437,440,591
659,415,462,439,452,586
648,417,446,437,451,589
658,420,458,441,443,582
660,414,461,434,436,587
649,415,441,430,446,583
662,417,458,428,435,588
660,403,457,433,439,588
647,417,440,425,439,582
649,415,441,429,434,581
656,407,444,430,430,585
656,419,450,423,431,576
660,418,452,424,431,577
658,419,448,413,423,583
660,408,452,425,429,582
658,421,450,429,425,572
657,422,451,426,434,572
656,423,452,427,430,574
660,419,457,420,421,583
647,421,441,427,434,582
661,422,456,427,421,578
658,417,460,427,433,582
658,425,454,430,433,575
661,424,464,419,431,589
655,429,458,429,436,577
656,428,456,432,435,574
658,422,462,429,439,581
662,424,464,425,428,585
653,429,459,434,434,576
659,426,460,431,427,586
661,425,465,434,426,586
647,427,451,432,439,588
649,432,452,428,440,587
661,429,464,436,430,584
656,429,468,424,436,594
661,428,467,431,429,591
656,432,465,436,442,585
662,432,467,437,433,591
657,435,466,441,443,587
660,423,472,438,448,597
657,423,465,443,447,602
651,438,467,435,449,599
661,436,472,438,440,598
660,439,468,445,442,591
659,444,469,439,451,590
660,431,465,446,448,601
654,438,459,441,449,599
659,447,471,446,442,594
661,447,472,444,440,593
658,445,472,443,454,594
663,444,475,443,441,598
655,451,472,445,449,591
660,448,478,435,447,599
661,445,473,446,448,603
658,473,469,446,451,591
660,462,470,445,449,598
658,486,478,443,455,598
655,499,474,432,450,601
660,494,479,443,454,601
655,496,469,450,452,601
655,501,469,452,452,602
649,521,463,448,454,600
656,520,470,435,459,599
657,505,473,450,454,603
660,518,474,449,457,591
657,518,475,448,458,593
658,526,477,448,447,600
648,523,466,452,457,601
663,524,481,440,452,602
662,523,479,437,456,603
662,521,482,441,455,603
662,512,479,450,461,595
654,526,467,445,461,599
653,516,479,449,459,604
660,524,478,441,457,603
650,524,474,452,457,604
657,526,475,453,456,594
654,515,479,451,458,605
663,525,474,441,460,601
653,514,479,450,457,604
661,514,478,450,463,596
652,516,480,451,460,604
663,519,478,452,459,594
660,526,471,442,463,600
663,512,479,451,463,596
658,518,476,454,455,593
648,518,471,456,459,603
664,520,475,440,462,602
661,509,483,450,462,602
661,519,481,449,452,604
657,515,477,452,459,594
650,519,473,455,459,605
646,517,473,454,458,603
661,517,475,440,459,601
658,520,469,444,463,600
664,513,478,441,456,602
656,512,481,440,460,603
663,513,476,441,461,603
660,500,476,452,460,604
659,515,481,449,449,600
657,514,471,442,462,600
652,504,468,455,461,604
663,512,481,449,449,601
652,517,465,450,462,600
659,516,478,454,460,593
661,512,480,453,450,599
656,518,477,457,451,595
658,518,479,451,451,599
664,509,482,448,450,604
654,508,469,456,460,604
662,515,478,441,461,603
659,518,479,456,452,597
660,512,480,452,461,593
649,509,468,456,460,603
650,518,467,455,462,603
650,509,464,453,465,600
661,506,480,452,453,596
656,503,478,455,461,591
657,495,478,455,468,594
661,489,482,452,454,603
658,480,483,452,467,600
662,474,481,451,466,601
651,470,465,451,463,601
657,477,475,441,459,601
659,469,480,451,452,601
662,466,477,448,448,602
663,464,473,449,446,598
646,461,459,449,457,601
648,464,459,441,459,599
663,465,474,437,451,602
658,468,470,447,460,591
659,464,469,451,448,594
658,464,465,449,452,593
657,463,467,436,452,602
661,451,469,444,456,599
661,458,466,447,445,598
657,449,462,449,455,603
656,449,458,450,454,602
655,463,461,437,456,600
659,450,464,449,456,601
652,458,454,448,457,600
653,466,466,450,458,592
661,456,470,446,460,600
658,465,464,440,454,602
661,447,465,449,455,601
659,461,466,449,450,593
653,467,455,443,462,599
660,463,470,439,453,602
659,451,464,452,457,603
656,452,464,452,456,601
660,466,467,452,452,593
651,453,452,452,457,599
653,468,467,437,459,601
646,466,455,445,460,599
660,464,467,452,450,595
657,455,470,449,460,604
653,468,461,444,451,602
659,465,469,449,462,595
657,468,469,451,463,594
646,470,459,443,463,600
657,465,471,450,449,598
650,471,458,447,462,597
653,469,467,441,462,601
660,463,470,452,451,596
658,471,469,454,452,596
659,469,468,448,460,592
658,470,458,453,453,599
660,473,470,455,456,593
657,457,467,454,462,604
650,473,458,451,467,600
653,472,472,455,465,595
659,465,475,451,463,596
656,463,476,450,463,600
661,465,474,448,465,598
654,473,469,441,463,602
657,467,476,448,452,601
661,465,473,454,450,599
657,451,467,457,460,604
662,455,475,440,456,604
649,449,456,444,460,598
660,446,468,437,449,601
661,441,468,443,456,594
654,448,463,435,455,597
664,444,468,446,444,596
655,448,465,435,455,599
653,448,466,434,455,598
661,440,455,445,458,597
660,433,465,448,455,601
658,448,473,437,453,599
661,436,466,449,458,601
660,450,470,438,452,601
660,455,465,452,457,590
658,452,471,450,464,592
651,455,465,442,461,600
656,458,467,440,460,600
657,446,464,456,459,602
659,464,475,447,454,600
657,457,467,455,462,601
660,471,471,457,456,592
654,465,461,458,463,599
665,470,475,455,455,593
663,457,477,454,468,600
661,455,474,457,462,602
659,457,471,458,466,601
660,459,474,456,466,602
655,467,467,459,466,599
660,468,476,455,472,596
662,463,476,457,472,598
657,477,473,460,470,590
658,475,472,446,467,601
662,474,477,450,462,602
647,472,461,456,471,598
662,474,478,454,459,599
659,478,471,457,466,591
647,472,462,454,472,597
659,472,476,445,464,601
659,478,472,461,464,590
658,478,474,460,467,588
660,462,475,459,468,600
663,465,479,455,470,603
659,476,474,461,461,594
663,473,478,457,459,599
659,472,480,457,472,594
658,477,476,462,461,594
661,474,480,448,465,600
649,479,470,449,474,598
657,473,482,452,461,601
661,475,481,451,459,598
661,471,472,461,468,600
655,475,475,446,466,601
663,463,481,456,470,600
659,470,478,453,470,590
657,478,477,460,467,598
652,479,471,447,471,600
660,478,476,444,469,599
655,479,478,460,464,592
658,464,481,458,469,601
663,476,484,450,463,601
665,473,482,456,460,600
659,476,479,458,474,590
657,476,481,458,472,592
662,462,483,457,471,603
658,466,481,456,469,594
662,477,479,462,462,594
650,476,468,458,474,599
655,477,483,449,465,601
659,458,475,461,468,600
658,466,478,462,469,603
662,467,482,460,473,602
663,467,485,459,471,599
662,473,484,456,473,596
655,479,481,457,474,594
657,475,486,459,475,599
649,484,470,460,476,598
661,485,483,465,470,591
665,482,489,460,469,600
658,474,479,466,477,600
656,485,490,456,480,600
660,481,493,466,485,595
652,490,483,453,488,596
659,473,495,469,483,601
657,485,497,469,487,595
661,469,497,469,482,600
653,481,493,470,484,600
659,494,505,473,489,590
659,489,514,472,486,590
657,493,514,474,485,591
658,492,520,461,494,598
659,497,516,476,482,593
661,493,525,464,499,597
649,492,512,479,498,601
655,485,520,477,504,600
652,483,518,482,509,601
649,491,520,483,508,600
660,481,532,482,512,602
657,495,537,472,512,598
657,494,535,486,508,592
658,483,530,482,512,601
660,479,533,484,513,593
658,491,540,487,513,596
659,493,543,473,512,599
648,499,534,481,516,604
646,493,530,489,514,606
656,494,539,476,518,601
659,496,541,481,519,599
661,494,544,474,514,601
656,493,542,475,517,596
647,498,529,488,518,609
646,495,528,491,517,611
655,485,532,487,522,604
658,494,540,482,509,610
655,490,544,478,521,609
649,478,532,488,519,606
653,493,537,490,512,614
653,491,537,489,511,610
639,493,528,493,520,614
641,494,528,491,522,615
640,493,527,491,521,612
655,488,538,486,514,612
644,486,526,492,523,612
645,491,535,488,526,614
650,491,537,494,519,611
654,481,541,492,526,605
654,489,541,480,523,612
652,492,539,493,522,612
642,489,526,494,527,614
651,489,535,493,517,615
650,475,534,491,529,607
658,482,541,480,526,611
654,485,539,480,520,611
646,488,531,491,528,616
650,483,543,480,530,612
644,487,530,491,530,616
655,484,542,482,531,612
655,484,543,483,532,613
647,476,527,492,528,609
654,480,534,494,523,608
655,472,533,489,530,607
655,486,535,490,517,615
659,481,543,480,526,612
658,471,540,489,531,604
658,469,536,490,529,604
646,484,525,494,524,618
646,476,521,492,523,618
659,480,531,483,514,616
657,472,532,487,517,605
660,475,531,473,516,610
658,472,523,480,502,610
662,470,519,469,501,611
650,464,502,474,503,604
660,470,513,463,500,602
650,473,497,465,495,598
657,469,505,467,490,588
659,454,501,463,481,598
660,463,502,462,472,591
662,460,500,456,468,589
657,449,482,461,472,590
660,455,489,452,471,580
657,452,487,450,468,577
659,454,481,453,459,575
655,446,469,451,463,582
649,454,467,437,463,577
657,449,480,447,461,575
654,444,467,452,456,581
648,448,466,445,456,579
648,457,467,436,458,578
648,453,474,432,448,580
656,439,467,444,443,579
657,451,468,442,441,567
661,448,472,428,438,578
660,434,463,437,438,576
659,443,468,433,441,573
655,445,464,436,434,568
656,444,463,436,426,568
659,427,458,432,433,579
647,439,450,428,435,575
657,442,457,433,432,569
654,436,465,423,428,578
650,431,449,435,433,577
655,422,458,434,429,579
657,432,462,432,420,572
660,415,464,427,427,581
656,432,461,432,424,570
652,423,450,433,427,579
656,420,463,428,428,577
646,433,450,424,429,576
652,418,451,434,424,578
659,418,466,429,428,578
657,414,458,431,424,580
655,433,458,431,423,570
648,421,447,431,424,576
654,417,451,430,423,578
652,430,456,427,425,569
647,432,452,415,427,577
645,432,446,424,427,575
643,433,446,423,426,573
658,430,457,430,415,572
647,428,448,416,426,577
660,429,462,426,418,578
660,429,461,428,417,576
654,435,460,433,428,569
653,420,456,436,429,580
654,434,460,419,429,577
656,437,460,436,433,570
659,421,459,433,433,579
653,437,463,439,428,573
651,425,454,439,435,580
658,434,466,434,424,578
661,435,464,431,426,577
660,433,470,432,427,582
656,436,467,437,439,573
661,427,466,437,435,584
657,439,468,438,441,574
652,429,462,441,436,583
646,440,456,433,438,580
655,440,470,432,428,582
655,439,469,437,440,576
646,440,455,440,439,580
659,429,467,440,436,583
659,438,470,434,441,576
651,446,465,426,438,580
653,443,466,428,437,582
647,448,460,434,442,580
653,446,468,438,437,584
658,443,470,444,429,576
650,444,470,428,438,583
646,444,457,437,443,580
656,442,467,443,433,574
652,446,465,444,435,573
659,442,468,430,434,584
653,445,460,440,441,575
656,440,462,430,432,585
658,429,459,437,436,583
645,444,448,428,438,580
654,439,456,435,441,578
637,439,437,437,439,582
654,436,456,436,439,579
654,440,453,428,441,578
643,445,448,429,442,579
641,445,447,430,441,582
651,432,448,442,439,584
653,444,458,442,438,575
644,444,448,434,444,582
656,432,466,440,443,583
654,428,461,444,441,586
646,445,461,432,446,584
653,433,462,448,443,586
658,430,470,445,446,586
658,441,471,442,438,581
654,448,469,451,445,576
655,432,469,452,449,586
651,438,463,454,452,585
651,451,475,454,453,576
658,447,480,457,450,582
658,445,481,457,450,586
654,445,486,456,465,585
658,443,486,455,455,592
646,452,477,449,471,593
644,453,477,450,471,594
642,451,478,454,477,595
644,457,481,458,479,596
649,433,481,468,476,599
650,437,492,470,480,600
644,454,484,466,486,597
649,452,492,459,485,600
641,441,497,470,489,597
640,445,485,473,486,598
650,443,488,475,485,600
652,441,492,475,487,599
642,454,486,469,490,596
653,437,496,476,486,602
651,440,496,477,486,600
655,442,496,475,487,602
651,440,494,476,486,601
643,451,486,473,489,598
657,450,500,474,478,599
652,455,498,479,482,593
651,443,497,476,488,591
653,441,496,472,489,600
652,456,498,478,484,590
649,453,500,464,486,599
654,452,500,466,482,599
644,448,486,475,491,597
651,452,500,474,493,592
652,455,495,477,484,586
653,448,502,472,490,595
654,452,498,478,481,590
653,455,496,476,486,588
656,451,501,468,480,596
652,442,491,475,488,597
649,444,491,478,486,598
650,459,497,474,491,589
642,457,488,468,493,594
654,459,500,460,483,599
645,451,488,476,488,596
652,446,496,477,485,600
645,455,487,473,489,596
644,463,494,464,490,595
641,459,486,470,489,596
651,447,495,477,487,597
654,458,497,477,484,588
652,460,499,474,491,589
650,460,500,463,487,598
656,446,503,475,488,600
638,458,489,472,490,596
648,453,491,476,488,598
642,458,490,468,493,596
655,446,503,473,489,598
644,449,487,472,486,597
656,457,501,475,479,592
654,458,504,473,491,592
658,455,506,465,484,599
653,462,502,478,482,587
653,460,504,475,492,589
647,450,499,478,486,597
653,458,503,476,482,591
641,459,491,470,492,593
644,453,490,476,488,594
651,465,501,477,492,587
646,462,499,463,491,596
651,461,502,476,487,588
653,463,503,476,484,586
657,458,508,470,479,596
652,458,509,463,482,598
652,460,506,475,492,590
655,454,507,471,492,592
643,463,497,464,492,594
656,457,508,469,484,597
644,463,497,464,492,595
648,453,508,474,488,597
652,456,503,473,481,588
653,448,501,476,489,599
643,460,495,469,492,595
656,458,508,465,482,598
656,460,505,475,479,591
644,461,495,470,493,597
646,450,494,477,487,597
644,455,494,477,487,595
650,447,496,477,486,597
652,457,506,474,490,592
655,459,505,479,479,591
654,459,509,467,481,598
656,459,505,477,481,590
654,455,507,472,492,590
657,457,507,473,479,594
657,457,510,473,479,595
657,446,503,476,488,599
659,458,507,469,481,596
649,460,503,476,493,587
647,462,499,464,491,596
654,458,509,467,480,596
646,455,493,479,489,597
652,462,503,477,487,588
643,464,496,467,492,594
649,448,495,478,488,596
658,459,503,474,481,593
642,463,495,470,494,595
651,451,495,479,488,597
657,448,509,472,481,597
657,458,505,472,481,592
645,455,492,478,491,595
640,465,496,468,494,594
651,442,496,479,489,598
654,462,504,477,486,587
653,463,503,478,486,588
655,458,507,473,480,594
651,454,493,478,490,596
654,465,504,479,486,589
654,455,510,475,494,595
644,459,494,478,494,596
646,470,494,476,498,594
657,453,511,476,497,600
645,456,499,480,499,596
646,467,510,469,503,595
656,449,514,479,506,595
643,468,504,479,504,595
653,462,520,468,507,596
652,465,515,483,496,591
656,455,516,473,497,598
641,451,507,475,508,593
655,441,519,481,507,588
656,433,521,480,510,590
654,443,516,479,500,595
651,425,514,479,512,598
643,438,505,480,514,598
650,435,519,485,510,590
654,432,519,477,507,600
651,434,520,486,513,595
655,422,521,484,526,588
654,431,521,476,517,596
648,435,519,484,514,599
655,419,519,484,529,588
653,432,520,476,517,594
653,430,520,476,519,596
650,434,519,484,518,598
638,431,510,485,530,598
652,436,520,478,518,597
654,435,522,477,524,595
644,444,517,482,530,598
653,442,519,481,520,598
646,443,518,482,530,597
651,443,519,487,525,591
652,443,517,474,519,596
646,436,502,482,523,599
642,442,499,478,525,597
656,431,509,476,521,594
652,443,511,476,509,592
652,439,507,473,518,586
648,452,502,462,518,594
650,452,504,462,515,593
644,456,495,468,516,595
653,455,505,476,506,587
658,452,509,464,505,594
654,455,505,474,503,589
644,451,493,465,510,589
647,456,500,463,512,592
653,455,512,460,507,593
658,453,504,471,500,586
651,443,497,472,510,593
646,457,503,472,513,586
656,449,504,468,498,589
655,456,502,474,502,586
653,456,499,474,510,583
657,448,502,470,510,588
658,452,502,467,495,593
651,446,488,472,503,594
654,452,492,470,499,581
656,439,493,470,499,594
658,439,498,468,500,593
657,450,494,466,487,587
654,440,486,469,494,592
652,440,479,468,489,592
658,436,489,461,489,590
645,441,468,458,486,588
657,430,478,460,478,592
656,440,478,455,466,586
652,423,466,455,472,589
648,439,468,441,467,586
655,432,467,449,465,579
647,437,459,438,463,585
648,437,462,433,458,585
658,427,465,428,453,585
658,420,462,437,449,582
650,436,455,437,450,576
651,434,452,422,435,585
653,431,449,433,428,584
654,438,449,423,430,587
657,428,448,431,436,584
653,437,444,429,436,580
653,438,442,428,423,583
644,445,432,421,436,582
652,444,436,433,429,577
653,446,435,431,428,575
652,443,437,430,430,589
648,433,429,433,430,586
657,445,440,433,422,581
645,447,431,426,433,583
656,443,440,428,422,579
643,438,431,429,432,583
654,430,437,436,427,587
654,444,443,421,430,586
652,427,438,430,427,588
654,442,446,431,434,581
659,445,445,422,423,587
649,438,432,435,432,583
657,444,445,433,425,582
645,448,438,424,436,584
644,449,435,427,439,583
653,443,444,432,431,577
657,432,445,437,435,589
660,442,446,435,434,590
659,444,450,427,427,588
657,433,443,437,436,588
655,447,448,436,440,579
659,449,447,439,432,581
656,433,450,438,440,588
654,449,450,438,444,577
660,433,452,437,440,588
656,447,450,425,436,586
646,446,437,439,445,586
651,435,446,444,442,588
651,438,443,443,445,590
649,449,452,432,447,589
645,449,444,443,451,589
656,455,455,445,448,581
657,442,459,445,451,593
648,459,454,438,454,592
656,455,463,444,454,588
657,448,458,445,451,594
643,456,449,445,452,595
645,470,451,442,455,593
653,475,462,449,447,588
658,457,464,447,450,597
653,469,470,448,455,600
649,477,457,453,454,598
647,494,463,440,461,595
657,486,473,446,461,596
659,489,473,448,451,599
653,486,462,456,461,598
652,496,471,444,465,598
659,494,477,454,457,597
660,492,478,455,458,597
654,499,478,458,475,590
653,499,477,449,474,599
656,497,479,450,473,600
658,489,478,459,476,600
658,491,488,460,478,598
659,485,481,461,473,604
659,488,485,460,477,601
654,500,481,461,467,598
654,502,481,465,476,593
659,499,484,464,470,600
648,495,471,462,481,604
652,501,482,453,482,605
656,496,486,456,473,607
656,487,481,466,483,607
647,494,471,459,484,606
650,498,485,463,489,600
657,489,485,466,490,611
651,496,467,465,491,609
655,502,485,469,497,602
653,510,485,474,491,602
646,500,480,473,496,613
651,500,480,471,494,612
655,514,496,463,495,613
659,519,496,463,502,612
658,510,510,474,505,612
654,522,506,477,495,607
654,510,506,479,507,613
659,518,511,470,502,614
646,521,498,483,508,615
655,521,509,483,511,614
657,517,512,484,518,606
651,524,500,480,523,615
655,510,506,489,524,614
646,516,511,490,527,614
654,517,510,476,530,612
644,518,507,493,529,618
652,518,507,487,533,616
653,512,516,493,522,616
655,511,521,488,531,607
654,519,521,480,523,614
649,519,525,481,526,612
646,511,512,490,529,617
653,519,525,482,522,616
658,516,522,488,532,615
641,518,519,488,530,613
642,514,524,489,533,610
655,518,538,477,527,614
652,506,535,485,534,607
655,505,541,487,534,606
640,515,533,488,533,608
652,511,542,489,530,610
650,517,540,478,529,613
641,510,527,491,531,615
650,502,538,487,536,605
651,513,540,480,536,611
653,512,543,477,532,613
647,512,539,489,523,615
638,517,530,491,532,611
650,512,548,487,537,605
650,512,544,477,529,612
643,515,536,490,536,613
647,515,545,489,523,616
648,516,547,483,538,615
647,513,550,494,531,614
648,506,551,492,544,606
650,519,557,486,547,614
652,507,552,496,552,604
650,516,554,495,555,614
638,512,542,504,553,610
642,508,546,501,559,605
647,511,556,506,561,608
649,512,553,509,553,613
634,522,540,511,561,615
648,510,556,508,567,606
643,517,555,497,565,614
647,519,544,510,563,615
651,506,555,508,568,608
642,509,541,510,562,613
637,518,547,509,563,609
644,519,542,511,564,619
647,516,550,506,554,616
645,504,546,508,566,609
652,514,550,506,567,618
652,508,553,496,562,613
641,516,536,513,568,609
648,512,548,499,564,613
649,500,548,510,570,607
637,515,537,510,568,611
648,510,548,515,560,616
645,517,544,508,560,616
650,516,546,505,565,614
646,516,544,516,569,618
636,515,534,519,572,612
638,516,533,515,572,610
646,511,542,520,566,615
651,498,544,516,574,608
650,500,549,518,569,614
645,515,545,514,572,615
653,503,549,518,569,614
641,517,531,520,577,611
638,514,532,520,574,608
645,511,541,512,572,617
649,514,542,509,568,617
645,504,528,516,572,608
639,509,522,520,570,613
650,514,535,506,560,619
652,511,531,512,554,620
643,513,520,515,563,616
653,498,523,512,564,611
652,505,533,514,550,620
650,509,532,501,560,619
646,498,516,510,558,616
642,511,520,511,556,623
654,508,524,503,546,620
657,495,526,507,555,611
654,506,525,497,550,620
643,509,510,499,547,620
650,502,516,507,534,618
655,508,514,495,530,620
643,512,511,490,539,620
650,497,511,503,535,620
651,496,510,502,531,622
654,502,518,499,531,612
643,512,503,497,530,622
647,504,503,497,525,622
655,508,515,487,514,619
652,512,511,493,525,613
642,511,507,482,521,618
644,512,507,480,517,616
652,509,510,489,520,609
643,509,493,487,514,618
643,505,495,489,512,618
649,509,507,477,510,618
652,512,505,489,504,610
654,508,508,476,503,619
639,510,491,481,508,614
655,496,502,481,506,615
653,494,500,481,502,617
651,508,495,466,495,615
650,503,493,475,499,606
648,503,489,478,487,603
644,494,476,473,492,610
655,496,489,471,492,611
641,504,477,468,492,607
642,494,473,473,489,608
650,502,484,476,480,600
651,495,481,472,480,599
654,496,482,463,468,607
652,499,480,455,474,605
653,498,480,455,466,606
653,492,480,463,467,602
653,496,477,449,461,604
649,494,472,459,455,594
650,497,470,459,460,592
645,482,463,458,462,601
654,488,473,451,452,597
649,489,469,440,460,600
641,485,455,447,460,597
649,480,468,447,461,594
639,478,453,449,457,596
652,480,465,444,445,595
638,484,449,446,456,593
652,479,460,450,441,589
644,470,443,447,452,594
647,462,456,451,449,595
636,468,445,449,453,593
653,466,459,443,454,590
652,465,457,431,439,594
642,470,452,443,446,581
642,467,448,432,444,591
639,468,443,431,445,588
646,467,447,440,442,579
648,446,443,436,436,592
648,465,445,439,432,582
643,462,443,425,438,590
647,461,447,428,434,589
647,463,443,435,438,581
646,461,439,436,432,578
645,444,441,432,433,590
641,449,430,432,432,587
639,447,425,430,428,584
648,458,439,430,427,578
644,459,440,429,430,576
641,459,440,430,428,578
646,455,443,427,432,579
645,459,442,430,428,578
640,457,445,427,435,580
646,441,439,433,432,589
646,452,445,429,433,580
648,438,437,431,431,587
649,435,439,433,431,589
647,450,441,432,428,579
650,446,443,432,424,583
647,449,442,433,429,579
648,451,443,433,434,590
643,450,444,419,436,588
650,447,443,433,427,581
649,439,450,424,427,590
652,429,447,430,437,588
638,435,432,426,435,585
651,437,449,428,438,587
638,442,434,422,439,587
648,431,441,431,439,582
643,442,443,420,438,588
636,433,433,433,434,587
652,427,447,429,436,591
648,441,447,432,425,586
648,441,448,429,436,582
650,432,448,430,434,588
651,424,444,432,433,588
643,436,432,430,435,586
640,446,436,428,438,587
646,448,446,435,435,579
646,431,441,434,434,589
657,432,450,432,437,592
652,437,451,430,439,587
647,435,444,437,436,589
652,443,449,434,428,585
642,448,444,421,439,589
655,443,450,431,427,585
649,447,447,433,441,579
652,435,449,433,439,592
639,449,439,425,442,588
647,449,448,437,439,579
640,450,438,429,442,588
651,445,454,426,434,590
653,446,448,434,429,588
641,453,441,430,439,586
648,448,452,434,443,583
653,445,452,435,428,587
652,441,452,434,442,588
652,433,449,433,440,589
642,441,438,434,440,588
649,435,444,437,438,591
643,448,446,425,440,589
638,447,438,432,444,588
653,447,451,437,433,583
644,448,455,424,438,591
649,450,452,436,441,580
648,452,449,436,440,581
650,447,456,428,436,593
649,436,445,438,440,591
638,451,440,432,444,588
648,445,453,423,437,592
652,446,455,430,438,592
653,446,455,432,431,591
651,451,452,438,446,583
642,443,439,440,445,588
649,452,452,441,443,580
653,449,451,443,437,585
651,448,456,438,448,585
646,439,444,442,444,590
644,447,447,427,447,590
635,449,442,440,447,589
643,447,447,432,445,587
653,455,453,443,446,581
655,449,459,445,437,587
640,453,455,433,447,592
654,441,461,442,451,591
646,453,457,434,447,593
645,456,459,435,449,593
645,443,453,447,448,594
650,455,458,447,455,583
643,450,447,445,452,590
648,455,461,435,450,594
651,456,460,436,448,594
653,460,460,451,445,583
656,459,461,449,444,587
649,460,462,448,458,585
644,463,455,440,462,591
655,458,465,444,454,595
653,447,459,457,462,595
652,460,463,446,461,593
650,460,461,449,470,592
656,447,465,462,460,591
643,460,452,461,476,591
652,461,464,467,474,583
658,457,470,463,468,593
648,450,461,470,480,595
650,449,464,470,478,595
654,456,472,465,485,588
648,463,463,457,486,592
657,461,473,463,473,596
653,459,471,456,476,597
654,461,472,470,475,593
650,462,478,457,480,600
642,460,462,465,486,598
655,451,481,467,488,603
652,458,480,467,488,599
654,456,483,468,489,604
637,467,466,464,489,603
648,465,481,459,482,607
652,459,483,468,476,605
645,451,477,472,486,607
632,471,472,466,488,605
631,468,472,471,487,605
641,460,486,471,485,608
636,474,490,467,477,606
630,481,486,458,485,606
633,479,487,470,488,598
636,466,486,472,483,608
630,472,476,471,485,605
621,478,475,468,488,603
633,476,492,466,476,604
629,467,486,473,486,605
622,480,487,460,488,603
622,481,492,460,490,605
627,476,494,468,482,604
616,475,480,476,491,603
629,467,490,472,492,607
624,485,490,474,492,593
626,476,497,471,495,601
621,485,491,462,493,603
625,481,493,463,489,604
626,477,495,472,499,600
617,475,481,479,495,603
614,480,479,473,501,602
622,482,494,474,490,599
628,481,496,469,494,604
620,476,482,478,500,604
627,483,495,464,498,604
617,481,480,476,504,603
629,479,498,474,507,600
631,479,497,474,496,604
629,486,492,481,501,593
627,482,488,466,507,604
629,483,492,480,500,598
627,483,492,468,503,606
632,471,498,477,508,603
621,474,484,482,507,606
630,473,497,475,510,604
628,483,493,481,500,597
629,476,489,481,503,593
631,463,491,479,507,607
628,478,495,479,510,596
633,465,496,478,507,607
628,469,498,477,511,604
634,479,496,480,499,598
631,478,497,480,508,596
637,474,497,474,498,604
629,463,501,478,509,606
627,464,489,482,506,606
626,477,491,469,508,605
636,473,499,471,502,606
636,471,499,471,498,606
639,472,499,473,498,606
636,457,492,481,505,607
637,470,496,481,499,598
639,468,497,478,498,604
636,467,494,481,503,598
629,460,483,477,508,605
626,468,486,472,509,603
645,465,500,472,498,609
643,454,496,475,506,609
638,468,497,478,511,597
642,453,499,478,508,607
644,453,500,478,506,610
642,451,490,478,504,607
641,470,497,476,510,599
643,470,496,480,503,600
647,465,499,473,496,606
642,466,496,465,506,609
648,466,488,470,508,606
641,453,485,478,503,607
648,467,494,478,498,599
648,448,484,479,502,610
651,466,496,477,508,601
650,469,494,478,500,598
653,450,494,475,499,610
655,464,497,479,489,603
652,464,497,463,494,610
652,464,493,474,492,597
651,449,481,472,495,608
654,462,490,473,484,601
648,461,490,466,496,596
645,458,478,468,491,604
655,457,490,464,492,601
643,466,479,456,491,602
643,462,474,460,487,602
658,461,488,463,476,600
653,465,484,464,482,594
647,467,482,451,481,603
642,463,472,457,480,599
644,465,476,447,477,598
657,468,481,463,475,597
653,466,479,458,467,589
658,461,486,450,461,598
657,465,484,445,464,598
655,452,478,457,470,598
652,464,481,457,458,590
658,460,484,448,455,595
645,457,469,449,466,596
645,458,469,444,468,593
655,460,477,451,463,584
646,458,467,446,467,594
652,449,481,448,465,593
649,456,467,439,463,598
656,453,476,451,452,589
659,455,478,449,462,586
659,451,481,444,451,596
656,440,478,448,461,596
653,455,477,450,466,586
657,451,480,447,450,594
652,439,473,448,457,596
649,447,465,450,462,595
656,443,471,452,459,597
655,442,472,452,459,598
652,449,478,447,464,592
651,456,472,436,461,594
654,457,471,449,463,586
656,455,476,439,457,597
655,458,473,450,463,584
658,451,475,442,463,591
655,455,472,446,460,585
655,453,472,448,450,586
658,446,470,443,443,590
656,448,473,440,457,593
653,454,468,442,455,583
653,454,467,441,456,583
659,445,471,437,455,592
648,451,466,427,447,591
656,454,460,425,447,588
650,455,458,424,448,589
654,454,462,441,439,581
648,455,455,420,445,588
656,456,459,433,439,580
648,452,463,428,446,581
651,442,450,432,440,586
644,452,447,426,445,585
655,448,462,427,444,583
655,443,454,432,441,588
653,451,461,425,431,586
659,454,461,428,432,584
657,444,452,434,443,588
657,453,463,421,435,589
649,448,446,430,443,587
660,450,461,428,445,584
658,456,462,418,438,589
655,457,460,418,440,588
660,442,455,429,441,586
659,455,447,423,443,584
656,444,449,430,439,585
649,457,452,417,442,583
658,452,463,421,431,586
659,443,453,431,438,589
653,445,452,431,438,589
657,457,458,432,434,576
647,452,447,429,441,585
650,452,464,427,443,584
658,457,446,424,444,587
651,458,457,420,441,585
645,448,450,432,440,586
651,459,460,420,443,587
659,455,465,427,433,589
651,462,459,420,446,588
658,452,453,435,444,589
657,449,462,436,444,590
655,448,466,436,446,590
655,463,462,437,441,578
649,462,466,432,437,588
657,466,467,435,451,582
654,452,460,437,447,590
662,468,472,428,439,591
660,458,468,439,452,590
649,468,463,428,454,589
654,472,472,432,447,593
657,476,466,444,452,583
649,478,468,446,453,583
653,465,474,443,461,592
657,472,471,443,465,587
655,469,474,445,468,591
659,474,472,448,457,592
646,475,475,448,464,596
654,482,471,459,483,588
652,478,474,455,483,588
650,488,462,460,488,594
656,479,461,460,486,596
656,472,477,461,487,596
651,479,478,463,491,597
651,492,475,465,492,588
653,491,478,463,497,597
653,483,483,465,496,600
651,487,477,470,496,602
644,500,483,458,500,600
650,501,488,472,496,596
646,501,488,468,502,594
641,498,476,467,498,601
649,501,489,474,494,594
645,487,492,471,500,604
646,499,494,470,502,593
644,501,483,467,503,599
633,498,491,465,499,603
647,500,509,469,492,600
641,499,500,473,502,601
643,499,515,474,497,593
633,505,504,470,504,600
645,501,507,476,500,603
643,502,515,469,493,601
642,488,510,457,505,600
642,503,517,459,505,594
643,506,517,473,508,598
628,506,508,472,509,601
640,507,519,476,503,593
629,508,520,480,502,599
640,490,521,477,514,599
639,507,529,479,518,597
637,494,532,479,517,596
642,504,532,482,505,605
640,494,532,482,520,598
642,508,527,486,521,608
628,504,526,487,525,609
643,504,542,476,519,610
629,510,539,486,530,601
642,504,544,477,526,611
642,506,540,486,530,604
644,505,543,480,527,613
640,502,543,480,529,611
641,507,541,486,528,613
635,493,537,492,541,603
640,492,540,496,531,614
641,505,543,490,532,612
643,502,546,489,540,610
641,505,547,488,546,612
644,497,545,504,539,611
638,509,546,501,539,612
643,500,557,506,550,606
635,495,542,504,553,606
639,501,554,509,547,614
636,498,548,508,557,608
642,505,563,510,561,607
629,510,556,508,562,613
643,495,555,510,562,615
639,512,569,503,557,614
644,505,574,498,559,610
639,502,572,504,560,612
638,508,573,507,559,612
640,509,576,511,560,612
642,504,583,499,569,610
643,505,582,499,567,609
630,507,576,508,572,606
644,496,586,510,575,610
644,508,582,506,575,611
640,508,582,514,562,614
644,509,581,509,576,603
641,496,582,509,576,602
628,503,570,513,574,606
638,496,576,510,574,608
640,508,583,509,564,614
630,510,575,512,575,615
640,509,573,511,574,615
630,506,571,515,575,608
639,505,587,512,566,614
643,493,586,511,578,603
635,512,583,503,577,612
637,507,587,501,578,612
642,506,575,514,577,608
639,503,593,511,578,604
638,505,590,509,567,613
640,510,591,513,568,614
637,509,590,509,567,614
632,504,582,511,579,611
634,505,590,503,579,613
630,495,593,512,571,615
638,511,592,507,570,614
639,510,596,509,583,604
643,506,597,499,576,610
633,498,584,510,578,608
642,511,598,510,582,604
638,511,593,511,570,611
627,512,585,512,579,611
639,509,599,500,584,611
637,509,596,501,583,612
638,509,594,507,572,613
640,499,599,511,585,604
637,507,591,510,585,604
637,497,593,510,587,603
638,497,595,511,588,603
635,506,600,515,575,614
629,514,586,516,588,606
641,508,601,513,587,612
642,508,599,503,578,613
628,507,583,514,585,602
638,510,599,510,575,613
641,508,602,504,588,612
641,501,600,514,581,612
640,511,596,509,574,614
638,510,599,514,575,613
643,496,598,512,588,604
644,508,600,501,583,610
643,507,602,513,580,613
636,503,586,514,584,607
641,509,597,516,573,615
641,513,586,516,586,608
640,510,597,514,576,615
630,502,598,512,574,615
638,513,598,504,575,613
641,511,596,507,575,614
632,511,585,516,585,608
641,497,595,511,588,604
644,508,601,501,586,613
641,508,602,501,583,611
644,496,599,513,586,608
641,510,598,506,576,613
632,511,585,514,587,607
640,513,599,507,575,615
631,504,587,513,585,609
639,510,597,515,575,616
640,511,598,505,587,614
643,497,600,511,588,603
643,509,597,504,588,612
643,495,596,511,586,605
646,497,592,509,585,604
644,496,591,503,571,615
650,508,592,500,578,613
642,514,588,500,573,611
647,497,583,508,567,615
646,506,585,512,566,616
643,498,577,504,578,616
635,511,583,499,576,613
645,496,574,506,574,607
649,503,582,496,570,614
649,508,580,498,568,614
649,497,576,510,563,615
649,496,577,505,572,608
645,510,578,497,572,614
651,496,570,505,570,606
647,514,572,502,565,609
635,508,560,506,557,617
643,513,557,503,553,619
650,511,564,494,539,618
651,507,562,491,536,615
642,507,562,481,541,614
638,511,550,490,538,617
649,514,555,476,534,613
651,505,547,489,519,616
647,512,536,491,525,616
641,511,547,478,529,613
655,508,538,470,522,612
651,507,537,486,513,611
651,510,527,481,506,614
652,499,526,474,515,613
641,505,513,481,512,611
650,503,520,481,501,605
652,486,513,474,510,610
656,498,511,477,496,604
654,494,499,474,498,611
653,488,506,469,502,604
655,491,503,460,490,609
641,495,488,461,499,606
643,495,491,455,496,605
640,486,482,461,493,603
652,490,494,453,488,607
651,494,486,463,485,597
650,493,488,451,482,606
645,486,470,462,484,605
655,491,481,462,476,596
652,494,478,457,474,600
641,482,482,453,479,596
649,491,478,456,486,594
652,496,478,459,471,594
647,483,477,459,475,603
649,494,485,448,474,604
640,488,472,459,478,605
653,492,486,455,484,597
643,486,473,462,479,603
654,485,481,448,481,603
658,493,485,460,471,601
651,480,483,462,477,594
653,490,477,449,484,603
647,479,472,463,481,604
650,487,485,450,477,603
651,487,486,456,486,599
647,477,473,462,480,605
647,478,482,460,482,592
652,487,486,447,476,603
656,483,486,454,468,600
655,483,481,447,477,601
654,473,473,457,475,603
656,479,486,452,478,596
643,487,470,452,480,599
645,486,469,448,478,597
654,473,482,451,471,594
647,473,479,456,470,601
656,484,484,451,462,598
652,475,486,451,475,598
654,468,478,456,469,600
653,483,487,453,476,590
647,477,487,453,476,600
648,491,480,443,473,600
643,492,476,445,478,599
650,475,473,449,479,598
651,492,484,456,476,591
649,483,486,458,474,603
642,494,490,446,472,603
643,495,476,450,481,601
652,493,484,458,470,594
654,489,488,447,474,604
645,488,472,454,479,600
643,489,477,455,482,603
651,491,487,456,469,600
655,477,487,455,479,602
649,494,485,460,476,594
647,494,487,460,481,592
644,487,475,458,479,601
644,490,491,455,483,602
644,495,474,446,471,604
654,490,491,455,470,602
656,491,481,459,477,605
643,496,489,457,483,593
649,494,489,447,480,604
657,489,491,448,476,592
656,489,490,457,471,599
648,492,490,458,482,594
643,489,491,459,481,593
654,492,491,447,475,603
655,491,492,463,474,596
646,488,487,458,483,601
642,492,478,458,483,601
651,495,491,460,482,594
648,494,495,447,481,603
656,481,497,459,485,600
654,489,495,459,486,594
654,486,496,458,484,598
643,492,483,463,481,602
653,478,481,462,483,604
651,481,497,461,483,593
656,478,487,463,479,593
655,491,498,452,476,605
653,488,499,455,485,601
656,491,497,449,479,603
658,493,497,452,475,604
655,480,493,462,486,593
650,496,492,464,479,594
642,485,483,464,482,603
646,497,483,460,484,602
651,494,492,450,481,605
655,492,494,449,482,604
654,482,499,460,485,603
652,491,498,466,479,604
654,489,483,460,481,602
658,486,494,450,481,604
650,483,491,466,484,605
655,479,496,462,488,596
657,491,497,456,483,605
658,493,497,455,476,604
654,479,492,465,482,605
646,496,498,460,474,601
637,491,483,460,486,602
655,492,496,456,486,602
654,495,494,464,476,597
646,487,499,459,485,601
643,496,489,462,484,604
649,495,493,451,485,603
656,493,499,456,476,605
653,494,496,450,483,601
657,487,498,459,486,601
643,494,491,464,478,605
641,487,482,462,483,603
650,481,488,466,481,605
654,479,497,461,487,599
652,493,497,452,480,603
658,494,500,455,474,604
645,496,485,452,485,602
656,490,499,454,473,603
655,490,491,451,486,601
655,478,494,459,484,605
652,492,494,462,481,605
644,494,493,463,476,602
653,479,491,460,480,602
650,494,498,445,470,599
653,490,486,453,475,589
652,486,480,455,461,590
655,475,480,450,463,598
654,475,460,443,450,591
656,466,469,439,459,587
657,475,464,434,445,590
655,460,456,438,449,581
652,476,453,435,447,579
653,466,451,433,446,580
657,461,437,432,444,588
652,475,442,417,442,585
644,475,427,420,442,581
644,468,423,425,438,582
652,476,431,413,436,580
659,471,431,417,422,581
654,476,425,410,426,580
652,471,429,418,434,573
652,476,417,410,426,581
649,474,432,410,425,581
657,460,424,421,429,582
656,467,432,416,419,579
656,455,416,417,433,571
657,454,431,420,430,578
656,463,433,412,422,581
655,461,435,419,434,577
651,469,430,424,426,574
655,458,435,420,433,577
652,468,430,426,430,571
656,453,435,424,432,579
656,466,438,426,431,583
644,470,425,415,436,580
657,457,438,421,436,577
644,464,423,422,435,579
647,470,434,414,435,582
656,453,441,426,432,574
655,466,428,421,424,580
658,454,440,417,430,582
646,461,436,427,433,585
657,464,426,423,426,582
649,457,430,415,437,581
650,456,444,425,438,580
657,459,443,426,438,581
653,447,434,428,435,586
657,458,446,416,432,586
644,456,444,430,436,584
651,460,440,427,439,584
649,448,432,428,441,576
653,452,439,417,430,583
653,460,440,432,432,574
653,444,427,428,429,578
655,456,444,425,439,578
652,442,434,428,440,573
656,443,443,419,434,583
653,456,430,424,430,585
652,457,443,422,429,585
653,442,438,428,440,582
650,445,436,431,436,584
655,451,447,426,441,585
654,458,442,428,441,577
654,456,445,425,428,583
652,443,436,433,437,585
656,445,448,428,442,580
656,445,445,428,438,572
652,461,442,422,430,585
645,462,431,424,441,583
653,461,443,416,440,582
656,450,448,431,438,576
652,467,444,428,442,579
652,470,435,419,436,587
657,468,451,428,444,578
649,477,448,425,432,586
656,478,451,429,432,584
645,480,435,434,443,583
646,485,439,433,445,584
659,488,454,435,439,575
646,487,435,436,444,576
652,484,446,436,450,576
652,486,445,426,439,587
658,495,456,432,435,589
650,490,446,439,443,586
657,500,453,439,437,581
654,498,455,436,449,580
644,502,457,440,446,587
657,494,457,435,448,581
654,498,454,434,450,579
653,501,451,425,446,585
656,503,453,440,439,578
653,502,453,437,443,576
658,500,459,429,439,588
650,495,452,427,445,582
655,502,459,440,438,579
657,486,450,438,445,587
654,499,458,440,442,578
647,503,451,428,449,585
646,504,457,441,446,585
656,504,454,438,453,578
658,502,451,441,442,578
657,496,458,439,447,585
652,502,455,438,450,577
658,497,458,426,447,588
650,496,460,430,437,583
656,501,456,440,446,578
651,496,459,436,450,580
655,489,453,441,447,589
649,494,444,441,446,587
658,499,460,434,439,588
645,497,453,427,449,587
656,501,458,439,438,584
656,499,459,436,438,586
654,489,448,424,446,588
644,505,448,430,450,583
642,500,444,436,450,585
657,503,456,442,441,580
644,502,445,434,449,586
646,500,444,438,447,590
656,502,447,442,438,587
657,499,460,441,437,585
656,488,457,443,440,582
660,498,462,433,440,588
657,500,459,441,451,585
658,500,462,430,439,589
657,488,457,440,449,588
656,498,459,435,437,587
655,500,462,442,439,586
656,490,459,438,448,583
660,490,460,440,449,589
651,492,447,442,439,579
658,499,461,440,440,585
644,502,456,430,451,587
655,489,453,439,446,589
656,502,457,442,451,584
659,496,460,437,438,585
646,496,444,436,448,587
657,502,450,429,452,586
655,495,450,429,448,585
653,494,454,436,450,582
654,492,461,438,444,590
657,480,458,438,450,580
659,487,440,430,447,584
656,486,455,437,433,584
647,478,442,437,444,587
655,487,449,438,436,580
655,482,452,436,437,580
658,478,454,431,439,576
654,481,449,434,434,588
654,470,444,434,440,576
653,488,439,426,445,583
658,470,450,429,438,586
650,484,444,432,438,580
657,482,446,423,423,581
654,486,443,431,429,573
644,470,445,430,433,582
645,482,433,432,433,582
655,481,450,428,423,579
656,489,444,433,430,582
657,484,451,433,431,583
653,488,448,420,430,582
659,489,454,426,425,581
656,490,456,425,427,583
659,491,456,424,430,582
645,484,443,435,435,582
651,487,442,432,439,582
656,495,457,424,433,583
653,497,454,433,436,584
654,495,442,432,439,581
659,485,459,426,440,573
649,500,454,425,435,574
655,501,455,437,436,573
650,487,448,439,438,585
655,502,455,439,433,576
646,501,444,433,442,582
655,497,457,439,438,585
657,493,444,438,440,583
654,499,455,440,430,579
664,497,459,430,433,585
656,496,452,439,433,578
654,495,449,440,438,574
656,489,448,437,441,575
644,488,438,438,442,583
640,490,436,435,443,582
662,483,451,433,430,583
659,471,447,438,439,585
653,484,436,429,445,582
653,480,445,433,431,584
653,483,440,440,432,580
653,480,436,438,437,587
647,482,432,426,430,582
646,482,434,426,444,584
659,475,439,434,442,574
657,476,439,436,443,577
655,477,439,436,443,577
651,480,432,425,445,583
656,478,438,436,445,576
655,482,436,432,444,582
658,467,441,433,429,584
652,480,435,425,441,582
659,480,436,440,433,577
644,473,424,431,443,581
653,474,434,436,440,576
650,462,426,437,437,585
655,456,435,425,440,575
651,461,426,438,437,584
658,470,440,429,428,585
655,470,438,431,440,573
656,475,436,434,428,583
646,474,421,431,435,578
644,471,423,434,432,578
657,461,435,433,431,581
659,461,435,433,435,577
659,475,438,419,426,577
656,463,437,437,427,577
657,465,433,434,431,578
650,479,439,430,435,575
649,480,437,434,430,569
645,479,425,430,432,576
646,482,433,435,429,579
655,466,435,435,430,580
645,481,428,428,435,580
647,478,439,421,435,577
645,477,433,422,435,577
644,482,427,428,435,576
648,483,438,434,428,569
645,484,435,423,421,578
644,478,444,428,424,578
653,469,444,431,434,578
645,483,430,426,437,578
645,468,444,430,436,575
650,468,431,431,425,573
645,484,430,433,435,579
645,484,431,427,436,575
655,482,441,435,428,571
644,479,430,432,436,577
654,480,445,433,436,578
657,469,442,433,423,577
654,480,443,435,439,572
655,476,441,432,436,571
652,481,441,436,424,574
654,478,445,432,437,576
656,481,441,433,437,573
653,483,443,432,423,575
654,485,444,438,426,574
648,483,436,424,436,578
651,473,441,433,428,571
657,469,439,437,438,576
658,480,445,436,440,572
658,468,446,434,427,575
655,480,445,435,428,575
657,478,445,434,435,581
658,483,445,423,433,580
657,477,446,433,426,581
652,485,445,441,427,574
645,481,432,431,428,573
644,472,445,435,438,580
649,479,447,431,428,580
655,480,446,435,435,580
651,482,446,424,437,579
655,483,446,426,434,581
655,483,441,424,437,580
653,480,448,435,443,573
657,468,448,435,439,571
657,470,441,438,435,576
654,482,446,436,439,575
658,480,450,434,427,579
659,469,447,438,438,582
649,476,435,438,437,582
647,475,436,438,437,580
654,480,447,440,429,575
658,469,445,438,434,575
657,486,450,437,439,570
646,480,435,431,441,579
654,483,445,426,436,579
648,486,441,427,440,579
655,484,434,436,440,580
655,468,447,437,438,583
652,471,436,438,438,580
647,481,448,434,442,576
648,478,434,437,440,579
654,481,448,426,433,582
642,479,433,435,440,578
653,484,446,437,440,575
657,469,448,436,440,573
653,470,441,441,439,580
655,484,450,425,433,582
656,482,447,439,430,576
658,468,449,437,440,581
658,470,450,435,440,585
653,469,441,437,440,582
658,480,450,430,433,582
656,481,450,427,437,581
653,484,445,438,441,572
654,482,447,426,435,581
657,477,451,436,434,581
656,481,446,438,440,572
657,484,451,433,441,577
652,486,445,438,438,571
655,477,443,441,428,573
657,481,447,438,429,578
654,486,442,440,434,574
649,484,434,433,431,580
658,479,450,433,429,581
658,481,449,427,441,582
655,467,437,432,443,578
656,481,448,438,434,583
653,484,445,440,438,583
657,482,448,427,438,581
652,471,450,437,440,574
657,479,450,436,443,574
650,482,449,436,441,576
655,484,433,436,444,579
655,469,449,436,444,576
658,465,449,435,440,580
655,483,447,441,430,572
655,480,448,436,443,575
655,480,450,436,444,574
652,483,446,428,435,574
659,471,449,439,441,584
658,482,448,439,445,573
655,480,447,439,446,574
654,479,448,439,441,572
648,485,439,431,444,579
645,487,438,436,445,576
653,485,447,441,439,573
646,479,435,440,445,571
651,481,450,438,445,577
657,470,447,440,443,584
655,483,446,439,441,583
651,484,445,428,435,581
644,485,442,442,440,583
656,484,447,439,434,576
644,480,438,441,440,583
654,472,442,437,440,583
656,481,448,441,443,583
655,478,451,437,444,579
652,477,437,444,444,578
658,479,447,427,445,581
646,485,439,435,444,580
650,483,443,428,443,579
647,484,438,436,444,579
645,485,436,430,439,582
652,485,448,427,443,583
648,482,438,433,445,580
658,470,451,439,446,586
655,471,437,430,442,580
654,484,446,442,437,573
646,479,445,427,445,580
647,476,441,439,444,581
649,484,448,430,442,572
654,487,454,442,436,573
660,481,451,436,431,581
658,481,453,429,444,583
659,480,454,437,447,581
655,481,449,427,441,583
657,469,451,441,443,585
655,478,449,439,438,582
656,481,450,430,437,584
645,486,449,442,436,575
653,469,444,440,440,586
655,471,448,442,441,582
652,466,445,443,441,582
654,485,449,442,442,577
656,474,448,442,440,574
649,470,444,430,446,582
651,482,455,438,445,580
658,471,452,429,438,583
644,483,439,433,447,580
645,486,455,432,439,582
647,487,440,434,447,581
657,482,450,437,433,575
657,468,452,441,443,584
657,469,453,438,443,582
658,482,454,435,432,576
650,486,442,441,447,573
658,482,453,433,436,583
650,476,439,443,444,583
657,480,449,441,431,577
658,472,454,439,445,583
654,483,450,441,447,573
659,468,451,440,442,580
656,484,450,441,440,573
657,469,451,438,446,582
651,472,446,443,446,575
657,481,449,440,443,574
651,487,450,441,441,573
658,480,455,437,433,582
653,480,451,442,437,574
657,474,453,440,434,581
656,478,438,435,440,582
644,490,454,439,445,581
654,484,452,438,433,580
652,471,454,439,448,576
646,477,440,440,445,582
657,482,450,441,445,575
657,470,451,440,444,585
658,482,454,436,434,579
656,483,451,441,434,585
656,482,456,434,434,582
654,487,450,441,445,573
657,471,451,440,444,585
643,487,441,435,446,580
657,484,452,442,436,575
657,470,449,430,445,584
656,482,454,441,435,580
658,481,453,438,448,576
655,483,454,430,439,585
655,481,455,430,439,584
647,476,441,443,447,582
653,486,447,439,444,583
660,481,456,436,444,581
648,475,449,426,445,581
650,481,454,430,434,585
653,487,450,442,444,585
659,473,458,438,445,582
657,480,452,439,432,577
650,476,454,440,433,581
646,485,440,442,442,583
650,472,444,442,442,583
650,484,442,429,440,584
656,482,453,437,445,573
656,484,456,432,438,579
648,481,444,429,443,581
658,483,453,443,434,580
655,479,456,438,445,580
658,481,455,436,443,573
657,471,451,441,441,574
660,481,455,435,434,581
657,479,454,439,433,582
658,471,453,434,449,581
654,485,451,441,435,575
645,479,440,439,445,581
646,482,456,438,448,578
648,478,441,442,445,586
656,478,454,437,445,583
652,482,453,440,434,581
644,479,454,441,445,574
656,479,454,438,448,576
656,478,455,439,447,584
650,484,451,443,446,584
652,483,449,429,440,584
657,482,443,429,444,583
657,481,443,432,434,584
653,481,437,434,434,574
645,486,418,436,440,585
655,472,421,422,435,583
656,483,413,427,425,575
652,469,413,426,435,582
656,478,412,423,433,581
649,475,397,427,428,581
660,483,404,412,417,578
653,471,402,415,427,574
645,482,400,409,419,577
657,480,403,418,405,570
656,480,399,413,418,565
646,482,387,417,414,572
648,479,401,414,402,571
658,473,402,414,410,563
659,470,401,414,398,569
647,467,387,415,398,567
654,470,401,401,405,572
655,454,396,416,406,569
644,468,401,402,407,563
657,454,405,412,410,567
657,453,407,416,405,574
659,464,400,401,408,571
657,465,408,416,398,570
658,455,410,412,411,571
659,455,410,412,399,573
657,462,412,414,399,569
644,468,398,419,408,574
656,470,407,415,400,568
653,467,411,414,414,564
643,474,398,412,412,572
652,473,410,412,412,567
658,468,414,407,403,574
653,474,410,418,411,563
657,469,414,414,402,572
653,459,407,411,403,574
655,471,413,419,405,569
660,469,415,415,404,572
646,474,404,410,415,571
657,459,415,414,413,575
657,466,415,411,412,572
658,469,417,410,406,574
653,474,413,420,407,566
654,472,416,417,417,572
651,465,404,419,414,574
655,459,415,419,414,575
653,464,413,422,418,576
645,469,406,419,418,573
655,471,420,419,420,569
658,467,424,419,421,572
657,473,421,422,408,570
655,475,419,408,419,574
659,474,423,426,411,577
645,478,425,424,421,575
647,472,417,417,423,567
649,464,430,426,420,577
649,463,415,426,418,577
655,476,423,425,424,578
646,473,416,422,426,577
659,473,418,418,419,580
656,470,417,425,430,578
649,479,419,431,429,583
657,477,430,434,426,575
647,475,436,434,432,586
655,478,434,431,435,578
647,479,421,431,439,578
640,482,422,427,440,584
654,466,430,437,436,587
652,481,437,433,428,586
649,482,430,426,442,577
657,473,440,432,443,586
656,483,436,434,446,580
658,476,442,434,434,592
655,480,440,428,438,591
658,479,447,435,435,590
656,467,446,429,449,589
658,480,451,443,445,593
659,478,456,440,436,589
657,479,459,441,452,585
648,481,454,441,451,591
659,481,482,431,450,594
645,482,477,448,456,594
655,487,501,450,451,587
647,479,485,448,460,596
652,472,497,453,459,596
656,472,502,449,466,592
648,483,502,440,464,588
657,483,515,449,466,598
645,486,515,449,463,601
648,484,508,455,464,600
652,491,524,450,457,602
650,491,537,443,472,603
650,488,527,455,476,605
644,496,543,455,479,602
643,503,532,460,481,603
652,507,543,462,475,598
655,497,551,457,486,599
649,513,551,451,481,607
657,501,551,461,491,603
652,503,551,461,491,603
643,522,539,464,488,609
650,519,540,466,490,608
637,523,535,465,493,605
653,519,553,469,487,600
647,531,549,467,500,605
648,535,552,468,491,608
648,520,557,470,506,604
644,537,555,471,501,614
650,535,551,461,506,608
645,537,557,459,500,611
635,538,558,462,508,610
645,533,557,465,512,611
646,522,556,478,510,606
646,524,549,476,503,608
636,529,549,473,517,604
638,537,539,481,514,615
628,534,544,478,517,606
643,527,548,478,521,604
646,534,535,481,510,613
642,531,547,478,512,612
636,528,547,487,519,613
643,520,550,484,524,613
641,536,547,487,527,614
634,529,550,483,532,605
642,528,542,483,530,606
646,530,539,485,528,617
649,530,549,475,531,613
645,527,541,492,527,611
636,523,545,485,534,606
641,531,547,486,523,615
634,525,547,489,538,605
637,530,538,493,541,614
648,519,554,493,537,611
641,530,555,496,539,613
642,531,559,486,543,611
644,516,562,499,543,615
644,526,566,495,556,611
643,527,565,504,563,616
641,524,570,511,565,611
638,530,563,515,568,611
643,524,577,517,574,612
642,524,573,511,571,616
639,528,577,508,567,614
641,525,580,519,576,613
640,527,580,510,563,614
639,513,581,520,566,615
640,527,581,507,577,616
629,516,578,520,580,609
638,522,576,515,577,616
629,518,574,520,584,604
638,521,579,514,573,613
641,506,577,524,584,606
636,521,582,517,579,614
641,515,578,516,581,618
633,517,579,519,575,613
644,515,583,513,582,617
639,514,578,512,580,614
631,508,568,521,577,615
630,510,566,524,570,619
634,500,564,521,581,607
644,512,574,523,579,615
644,510,579,511,580,617
642,512,574,515,572,618
645,514,558,522,574,615
644,511,568,513,568,615
645,511,566,510,563,616
634,515,552,519,571,611
643,514,561,512,570,619
637,513,547,515,567,611
648,508,561,511,555,619
647,499,555,508,566,609
639,499,547,508,561,612
635,515,539,509,557,620
649,508,552,500,554,616
641,508,548,508,549,616
648,502,544,495,552,615
650,505,543,499,545,618
639,507,540,506,550,616
649,506,542,506,555,608
648,508,540,502,541,619
644,494,536,502,550,614
651,505,540,497,541,618
651,501,542,503,546,612
646,504,539,491,545,616
647,505,537,489,543,617
650,502,536,503,545,610
651,506,535,493,532,620
651,504,533,502,542,615
649,495,529,494,542,619
646,508,532,492,544,617
648,506,534,488,543,617
638,508,517,500,540,617
643,510,523,498,541,620
650,507,533,499,537,613
651,507,531,488,535,618
653,500,530,496,541,610
646,499,519,497,541,613
652,505,531,498,540,620
644,511,523,493,542,621
652,504,532,496,542,609
637,505,516,505,537,620
638,510,518,501,531,618
646,508,524,500,540,612
640,503,516,487,538,615
641,510,520,498,537,621
644,495,518,502,541,610
651,505,529,485,538,616
652,507,527,499,538,617
650,506,531,486,540,618
638,509,516,500,537,622
654,506,531,488,541,619
650,509,528,500,534,617
654,494,527,497,543,609
640,506,516,499,539,623
644,497,516,499,537,617
649,504,531,482,533,617
642,506,515,501,538,624
652,503,530,495,541,611
645,497,516,497,542,610
653,505,530,489,533,620
652,500,516,496,540,614
641,501,516,486,535,620
651,507,527,503,540,614
649,509,527,497,527,621
640,503,515,501,540,616
646,507,528,491,540,620
654,504,532,486,540,618
650,507,527,493,539,611
652,508,527,499,527,621
643,508,528,487,531,617
654,501,530,497,542,611
648,510,526,497,536,617
646,510,524,495,539,621
655,505,530,484,536,616
648,508,527,490,529,619
655,505,533,486,533,617
654,505,531,485,538,614
648,509,529,498,529,618
652,500,532,491,527,622
651,497,527,495,540,610
653,506,532,485,535,618
651,505,526,496,528,620
654,506,528,486,537,616
641,511,511,490,538,619
640,510,509,490,535,621
646,499,508,498,533,621
652,505,522,487,535,612
643,509,513,491,532,620
652,504,521,483,531,616
649,508,515,493,526,616
642,502,505,490,525,616
645,498,501,492,523,620
655,500,516,473,519,614
654,498,509,487,507,609
643,502,497,475,519,615
652,494,509,477,514,612
655,498,503,476,501,610
653,492,502,473,510,607
652,484,499,472,505,615
644,498,494,459,501,612
646,489,483,472,500,613
648,500,491,475,492,600
650,499,487,465,497,604
649,498,486,455,493,609
653,491,488,461,489,601
643,502,476,453,493,605
650,499,486,462,491,598
650,498,484,465,481,598
649,483,486,463,486,606
652,492,487,458,475,604
653,492,486,449,476,593
650,495,486,446,480,604
649,497,485,458,484,595
655,491,485,451,470,603
646,495,486,455,478,595
650,494,482,459,480,594
644,494,479,447,481,602
648,494,481,447,469,598
650,492,484,459,472,594
643,487,472,457,476,604
648,493,486,458,478,598
644,490,487,458,481,598
651,492,486,461,469,599
642,495,476,449,480,601
649,495,484,449,473,595
653,493,489,457,470,603
652,492,488,462,468,596
649,482,484,463,479,605
653,480,491,460,481,610
652,484,490,458,481,599
648,494,488,460,480,593
643,495,477,455,483,602
654,491,490,456,471,599
641,493,474,466,482,604
648,481,480,460,482,605
648,493,487,459,483,605
649,487,491,461,484,604
641,496,477,456,480,605
647,479,482,461,482,606
654,490,493,453,474,598
642,486,476,462,484,604
647,480,480,462,481,604
648,479,482,465,481,606
641,487,477,457,481,604
652,481,494,459,473,603
653,488,494,453,481,607
651,493,476,464,486,604
650,489,495,453,486,601
649,479,485,466,482,606
637,492,480,458,487,605
641,488,477,459,486,604
652,482,493,461,487,604
653,480,492,463,485,605
647,483,486,467,489,606
655,489,492,459,475,605
656,490,495,458,478,607
649,490,493,464,490,600
644,494,488,454,487,605
649,492,490,468,487,608
648,483,480,468,485,608
652,477,489,466,482,597
650,490,495,457,481,608
655,479,494,465,487,606
651,490,493,464,476,607
651,490,495,463,477,598
648,494,492,465,481,608
650,491,491,466,483,595
653,480,497,464,487,597
650,482,493,463,488,600
653,478,492,467,489,606
651,492,490,470,480,599
654,489,498,467,484,597
641,494,483,460,490,603
641,494,482,468,473,602
654,479,495,465,489,608
650,491,496,459,491,603
652,479,495,467,488,597
645,492,494,466,489,598
654,479,495,464,489,605
641,487,482,466,485,606
655,490,498,458,477,607
649,488,497,468,488,597
641,494,486,456,491,605
639,496,484,461,491,604
652,478,493,468,486,602
645,495,490,469,479,599
653,476,495,463,486,603
652,488,497,458,489,599
654,479,493,467,485,610
651,478,495,467,488,609
654,491,497,462,477,605
650,492,493,455,487,607
652,490,495,465,487,598
646,484,484,469,491,601
654,479,498,463,488,609
649,491,492,453,490,606
637,496,486,455,490,605
650,492,495,465,493,599
641,496,483,459,492,604
646,475,486,469,481,605
652,492,493,468,494,598
653,479,493,467,488,599
641,483,480,465,486,604
651,481,496,466,491,608
648,494,493,469,483,609
641,498,482,463,487,608
654,491,498,457,484,600
643,495,490,454,490,606
648,494,492,469,484,598
651,494,492,469,490,607
653,494,495,464,479,609
652,490,498,460,480,607
649,493,494,454,480,608
642,496,490,457,491,605
648,492,496,468,491,599
652,495,493,469,490,603
642,485,483,464,487,606
642,489,483,467,488,605
656,490,497,458,480,608
651,490,496,471,487,605
652,483,498,461,489,604
654,491,497,461,481,608
643,484,484,466,487,609
649,488,484,467,489,606
647,494,493,469,486,597
646,493,494,455,492,606
651,492,495,470,480,609
649,494,494,469,479,602
648,498,495,467,478,599
652,482,500,464,489,605
651,492,498,457,484,610
642,496,490,458,492,607
653,491,496,458,483,610
652,479,497,464,490,607
653,487,499,464,491,606
647,492,495,469,481,601
644,481,493,472,488,611
656,492,499,460,480,608
651,494,496,466,492,605
643,497,489,457,491,606
650,493,494,468,488,609
651,496,492,470,484,598
653,491,496,466,489,608
645,481,493,468,487,607
650,494,494,466,490,609
640,489,484,468,480,604
649,489,499,463,479,608
640,492,482,466,491,606
650,494,495,468,482,599
640,483,484,465,487,606
648,481,492,470,490,609
649,496,495,468,490,602
652,482,497,464,494,602
652,491,497,465,480,606
652,474,493,467,486,608
647,495,494,468,488,610
652,490,499,461,482,608
652,480,490,465,491,607
639,496,485,461,493,607
644,494,491,455,492,607
654,488,499,465,492,597
640,481,481,466,491,604
655,491,498,459,481,609
646,483,495,467,488,610
650,497,494,469,483,606
652,486,498,466,493,603
650,494,495,467,492,599
647,494,496,469,488,610
639,495,485,463,493,609
639,492,482,461,489,605
649,481,490,470,487,609
651,494,494,470,482,599
655,483,499,465,493,607
652,494,495,455,487,609
655,487,499,458,486,609
650,493,491,470,489,609
651,477,490,468,487,605
648,481,489,468,488,606
653,491,493,465,477,604
645,492,491,452,488,605
653,488,490,460,470,603
638,495,474,451,480,604
644,489,478,444,473,601
653,481,479,439,465,599
653,467,476,447,461,594
648,460,467,444,457,598
651,473,453,440,458,592
651,462,466,438,454,590
644,472,457,440,445,586
654,466,460,424,450,587
640,474,456,433,442,592
647,457,448,434,440,592
649,469,451,420,434,590
647,470,448,428,440,581
650,468,446,426,438,579
651,468,447,420,425,587
639,473,431,420,434,584
639,471,430,419,435,586
651,455,443,425,431,588
644,473,435,415,435,583
640,472,430,422,436,585
651,467,446,421,423,585
641,474,436,415,435,588
652,466,447,429,436,586
640,472,431,426,438,585
652,465,447,429,427,581
644,473,441,417,437,578
638,468,433,428,438,585
651,470,448,428,427,585
637,475,437,421,424,586
651,472,435,431,439,589
649,464,451,424,439,585
640,468,436,430,442,588
650,473,447,418,439,588
651,472,451,430,427,586
640,471,437,427,441,586
650,474,448,431,434,586
650,470,453,421,436,589
644,466,438,435,441,589
648,473,449,433,446,579
648,474,450,433,441,592
650,474,455,423,442,590
650,474,451,434,446,589
648,460,447,435,441,591
654,472,455,427,434,592
642,472,438,432,444,588
644,465,440,435,442,581
648,475,451,441,437,581
643,477,445,424,446,590
647,474,451,436,442,589
642,478,443,429,447,592
653,470,455,430,436,590
641,471,440,435,444,590
650,470,456,430,446,586
651,471,455,433,434,590
654,460,456,434,446,589
643,478,441,430,447,591
652,471,453,436,435,586
651,477,452,435,442,582
653,472,457,426,440,594
647,463,447,439,446,591
652,476,452,439,438,593
651,466,450,438,443,592
643,467,444,438,446,591
638,479,442,435,448,589
654,472,441,437,445,590
648,478,453,438,444,582
655,471,456,433,436,590
644,467,442,439,446,590
650,461,453,439,447,589
653,474,459,433,438,590
651,477,453,441,438,584
653,474,455,439,436,591
651,473,456,434,437,590
643,467,443,440,445,591
648,476,455,438,448,585
642,476,451,427,449,592
653,463,457,437,448,590
640,469,441,434,447,588
638,478,443,433,450,590
653,472,457,434,437,591
640,474,444,431,449,589
651,470,457,436,451,590
642,476,448,429,450,588
649,473,457,432,441,593
650,476,454,441,441,581
642,470,442,438,448,590
654,467,460,435,449,583
653,472,456,442,440,587
654,472,456,439,439,594
646,476,458,427,447,592
638,479,451,428,450,590
648,467,444,436,447,591
651,462,451,442,448,595
652,461,458,436,449,592
652,475,456,441,440,593
652,463,459,436,451,590
652,473,457,442,437,591
651,470,461,437,450,590
641,476,444,438,451,591
649,477,457,436,451,590
640,470,444,439,449,592
648,477,455,441,443,583
652,463,456,441,450,594
644,468,444,440,448,589
639,478,447,434,455,590
641,471,441,436,451,592
652,468,459,436,452,588
653,472,460,437,440,594
654,461,460,438,450,596
654,475,458,427,446,586
649,460,453,442,448,594
650,476,456,441,451,589
652,462,459,439,449,594
651,461,455,438,447,595
648,473,459,439,438,591
643,476,452,429,451,590
647,464,450,442,448,593
640,475,444,439,451,592
652,474,456,429,446,592
640,479,447,438,452,583
643,469,444,440,450,592
651,460,456,441,449,593
638,480,448,435,453,590
650,465,462,438,451,583
657,474,459,433,443,594
653,463,460,438,451,591
649,477,456,442,446,583
652,474,460,439,453,585
653,472,461,437,440,593
653,463,462,438,453,591
638,477,455,430,453,593
643,478,451,431,452,591
646,464,453,444,449,595
650,475,459,439,453,585
648,476,457,440,452,583
652,472,460,438,452,583
651,460,457,441,450,594
651,474,459,440,442,591
643,478,452,428,452,590
649,473,456,444,454,594
650,477,456,429,450,592
647,464,450,444,454,591
649,476,457,442,441,592
647,478,457,441,454,584
639,478,448,436,453,585
652,471,463,438,454,588
650,473,462,429,447,593
651,463,461,439,452,591
648,477,460,429,451,591
650,472,461,440,454,591
654,458,460,440,450,589
652,478,458,437,454,584
651,474,458,430,446,593
649,478,457,442,448,585
650,474,463,431,445,595
645,468,449,442,450,594
651,463,459,440,452,595
643,478,452,430,453,586
647,476,456,427,450,594
654,474,447,442,451,593
648,478,457,442,444,592
640,468,446,435,447,590
650,462,459,438,451,593
645,475,456,440,439,587
639,470,442,438,445,592
642,463,439,438,442,590
649,475,448,425,438,591
641,479,431,424,439,586
647,477,437,433,436,578
639,470,421,428,432,584
650,463,434,424,433,582
650,466,432,418,419,584
636,463,414,420,429,580
650,461,429,411,422,583
649,461,425,416,414,579
637,459,407,418,424,579
649,442,417,417,419,579
651,447,416,414,418,578
646,443,406,418,415,578
645,450,409,414,418,569
644,438,405,416,414,579
649,444,409,404,405,578
650,441,408,410,401,576
650,441,408,401,407,577
648,433,408,408,413,571
649,434,405,407,413,570
639,439,403,397,408,575
651,433,401,402,395,569
639,441,394,396,409,571
651,427,404,405,407,570
648,433,402,406,409,564
645,433,401,403,408,565
638,434,393,394,403,571
641,424,386,407,405,568
637,431,386,402,405,568
635,431,388,400,406,568
635,429,385,403,406,571
635,430,385,402,406,569
646,413,396,407,404,571
644,430,397,410,401,561
646,427,399,409,398,565
639,431,394,396,408,569
647,424,407,403,401,573
638,427,388,403,407,570
647,429,400,410,399,563
650,414,404,406,407,574
647,432,401,411,406,562
636,428,392,403,408,569
647,423,407,397,402,571
651,429,406,407,397,569
648,431,404,412,398,565
640,423,393,411,408,572
650,429,405,409,398,569
649,425,409,406,412,568
647,429,406,407,411,567
645,435,405,411,413,563
652,419,409,408,411,574
649,431,409,409,399,569
637,431,396,409,413,572
646,437,408,412,410,564
648,433,412,409,415,570
639,443,402,402,416,572
646,439,417,414,417,570
634,450,403,414,417,578
649,455,417,422,410,575
652,448,423,418,423,580
650,461,423,423,427,575
649,467,429,415,425,588
651,478,433,420,436,590
650,483,441,436,448,584
652,478,450,437,453,589
651,489,451,442,457,588
645,494,452,434,461,595
653,486,465,445,464,596
650,494,468,439,465,601
653,483,465,454,469,601
658,492,483,447,466,603
651,490,488,453,486,597
655,487,494,464,489,605
644,497,482,467,494,603
656,500,499,463,491,610
655,506,502,473,500,601
649,511,501,479,513,606
641,514,492,479,519,612
657,510,511,475,512,615
654,510,513,486,521,607
646,510,503,488,519,616
652,512,522,486,521,608
654,519,519,478,525,615
648,518,520,477,513,613
650,513,517,487,513,616
651,507,520,481,526,604
646,524,519,482,515,614
649,523,524,475,524,612
649,521,519,480,530,615
635,528,509,488,527,618
642,515,524,485,532,606
634,522,518,482,528,605
646,529,515,486,530,617
642,523,515,485,517,616
635,525,519,485,532,605
637,539,522,477,525,613
641,532,520,488,519,615
632,539,509,487,533,617
638,523,524,491,532,613
631,540,521,488,526,615
637,529,523,494,528,615
634,536,522,485,530,614
638,536,531,481,541,611
630,543,529,488,533,613
635,537,535,485,547,613
635,536,534,487,548,612
635,526,539,497,547,608
635,531,540,502,540,613
620,531,543,498,553,603
625,537,552,492,554,611
631,541,557,493,551,610
624,542,549,511,557,611
634,536,564,508,550,612
627,525,567,511,569,603
638,531,567,508,571,612
634,533,576,506,571,610
623,529,568,514,577,604
633,518,578,523,568,614
630,517,578,523,574,613
632,531,564,527,579,609
636,530,572,520,582,615
624,534,568,532,588,604
619,535,570,531,591,604
632,528,582,526,588,614
629,516,587,531,585,611
622,524,580,533,592,604
621,529,574,532,591,604
635,522,586,524,589,616
635,521,587,521,589,616
630,526,589,518,591,611
629,523,586,528,587,611
633,524,581,531,584,607
633,523,591,519,592,616
632,513,593,531,587,606
628,524,578,530,588,611
630,523,586,527,586,613
631,526,588,523,590,611
627,516,588,528,592,610
635,512,590,528,590,611
637,521,590,519,590,616
637,522,589,524,589,617
637,511,592,528,584,612
623,526,576,528,593,605
624,521,580,528,592,606
636,508,586,526,590,612
636,517,583,524,578,615
636,521,577,528,587,614
637,515,578,525,585,615
633,524,575,528,586,609
639,507,585,525,586,611
641,509,587,524,584,611
641,518,588,513,585,618
643,518,579,525,582,616
645,517,576,525,581,617
642,522,587,512,586,617
644,519,584,513,586,618
642,524,580,513,586,616
639,508,571,521,584,608
637,511,566,522,582,606
646,518,579,508,579,615
644,521,570,520,571,615
645,519,566,518,573,612
641,518,569,516,571,616
642,520,561,521,572,613
634,521,559,519,575,607
636,519,565,517,576,608
646,518,572,511,575,616
641,510,563,518,576,609
649,517,566,515,571,619
634,517,562,519,575,609
631,513,561,518,574,607
647,510,566,519,562,615
648,517,564,507,569,616
647,517,561,505,564,614
650,518,559,509,567,617
647,504,551,513,562,609
650,514,553,519,552,613
642,507,547,511,559,611
645,514,552,507,559,615
641,511,536,511,555,609
636,521,533,509,551,612
645,520,530,508,549,619
636,513,531,502,546,609
651,514,532,490,543,615
645,498,517,495,534,608
647,512,519,492,523,616
650,501,521,492,531,606
652,511,517,478,523,612
642,514,502,486,526,616
647,512,510,489,517,611
648,513,510,479,510,615
652,501,503,479,515,602
651,506,501,467,507,611
654,511,502,465,506,611
652,509,494,478,500,602
640,510,483,471,507,602
642,518,482,473,503,609
655,497,493,469,502,607
653,504,493,465,489,604
652,504,491,465,487,605
654,498,489,462,496,600
651,495,483,460,493,598
653,482,478,458,487,603
649,491,474,457,485,593
650,492,468,456,480,590
641,492,457,445,480,595
652,489,464,452,464,589
649,479,454,450,471,595
651,488,457,449,462,586
653,478,460,443,467,591
650,486,448,444,453,583
648,479,442,422,456,590
650,486,440,439,455,579
654,480,441,432,444,586
653,471,442,431,453,584
654,479,440,428,438,585
646,473,432,432,443,585
654,481,439,423,434,583
649,479,439,423,446,578
651,471,434,427,439,583
641,482,425,425,439,581
649,482,440,423,439,579
652,485,439,422,427,578
651,483,442,420,437,574
639,487,429,418,435,578
650,488,441,420,423,575
639,487,428,414,433,578
648,489,440,418,427,569
640,482,428,421,427,578
652,483,438,407,418,577
647,488,440,412,416,577
654,477,440,414,426,579
652,487,440,413,416,576
648,479,431,418,421,578
655,487,436,407,411,575
648,492,431,414,417,565
653,488,435,402,411,576
636,492,426,401,420,571
650,491,430,399,419,570
647,492,432,412,418,565
639,494,421,405,422,572
653,488,434,411,407,571
652,488,429,411,409,571
645,492,436,412,420,572
653,488,430,416,409,569
649,486,424,418,422,575
649,493,438,414,426,569
650,492,442,416,427,574
652,493,443,416,429,574
649,497,441,420,432,572
641,505,431,417,433,579
654,502,445,413,427,582
642,501,428,426,432,582
655,504,430,424,422,582
658,504,441,420,423,582
652,495,444,427,436,587
654,511,446,428,441,579
655,525,448,430,433,586
655,534,448,430,435,588
655,548,448,431,435,588
644,568,436,439,446,589
656,580,450,431,440,591
654,576,448,435,449,588
659,597,448,425,449,591
655,598,447,440,452,591
650,598,450,438,456,591
656,616,452,438,447,591
660,613,450,428,458,590
655,613,452,444,454,586
656,617,449,434,466,590
658,611,455,448,464,582
651,621,443,445,469,589
646,611,446,452,467,591
649,622,448,447,472,591
659,615,461,443,474,595
658,618,470,447,473,595
656,604,464,456,482,585
656,616,471,449,471,596
659,617,470,448,475,596
643,611,466,458,479,597
658,611,471,451,471,596
659,606,470,456,488,587
646,616,460,464,483,597
659,615,470,449,487,596
659,602,461,462,492,589
653,614,472,466,489,590
647,614,462,464,498,597
651,606,475,466,496,602
660,606,475,455,502,601
659,590,478,469,504,592
654,605,471,460,507,599
658,608,486,463,498,602
653,590,486,472,511,602
654,597,483,477,509,591
646,593,481,478,508,603
655,597,485,478,501,595
650,584,485,478,511,604
655,593,485,478,505,595
658,592,490,475,501,599
660,587,489,464,510,602
648,594,478,479,511,601
654,591,489,476,503,596
645,583,485,477,510,602
658,565,495,474,514,590
648,568,489,478,510,604
649,564,491,477,509,603
657,554,496,474,513,593
660,554,495,473,515,591
654,566,481,472,514,601
659,554,494,473,513,592
658,564,485,465,512,600
658,566,496,471,499,600
645,563,482,478,509,601
648,557,488,478,508,602
660,547,493,473,512,592
660,552,489,462,508,602
658,551,491,476,507,591
660,552,488,464,512,600
647,555,480,475,511,600
653,549,480,468,513,600
647,548,481,477,509,601
655,548,493,475,499,596
652,531,491,474,510,603
648,540,482,472,510,600
655,535,492,478,497,596
645,528,480,474,510,601
659,506,496,473,509,603
658,495,492,472,505,604
646,493,480,473,505,600
654,474,480,473,503,602
657,475,488,471,498,592
652,465,485,455,502,601
650,443,478,470,499,601
659,441,492,462,490,602
656,422,484,469,497,602
662,418,490,466,496,603
662,422,489,463,485,597
651,411,471,462,495,599
658,401,481,466,492,603
657,413,485,461,496,593
658,400,478,465,490,602
658,397,477,463,489,602
657,397,480,464,490,603
660,402,487,461,493,596
654,410,484,450,489,601
656,410,483,463,490,592
659,412,487,453,483,603
659,408,486,459,489,596
657,413,481,462,486,591
660,398,486,461,487,597
648,408,472,459,488,600
651,408,471,460,488,600
661,402,487,460,486,601
646,420,478,452,488,601
650,410,472,453,476,602
647,422,475,455,489,599
650,423,474,454,489,597
654,421,483,450,487,600
650,419,472,460,488,600
660,420,488,453,480,602
662,420,483,460,475,598
660,424,483,463,480,594
663,422,488,454,477,602
650,429,472,457,490,599
657,428,485,460,486,593
655,420,477,464,485,602
659,442,483,466,482,592
650,444,474,463,491,600
648,454,474,458,493,600
649,456,472,461,489,599
660,463,491,462,493,596
663,488,488,465,482,598
656,507,486,453,493,602
664,515,490,456,496,603
664,514,487,467,501,594
649,526,479,472,497,604
658,514,491,467,503,595
649,528,477,473,499,602
659,524,494,466,491,601
656,523,485,462,505,597
660,521,487,463,504,597
661,504,499,472,500,603
657,528,505,474,497,593
658,531,516,461,505,604
659,537,508,468,510,599
664,526,524,477,508,593
651,546,512,471,512,601
649,549,515,477,514,597
659,552,523,476,503,601
661,538,528,480,516,597
655,552,523,480,507,602
657,553,514,484,516,605
649,555,513,481,518,599
655,545,524,479,520,593
660,540,527,481,518,597
653,556,513,484,515,605
659,539,526,481,519,592
665,537,526,485,513,599
652,551,512,484,516,602
651,548,512,484,515,603
662,540,525,484,509,597
656,545,515,482,517,605
661,541,528,471,519,602
653,546,512,484,516,603
658,544,514,484,518,603
656,530,527,483,519,596
659,542,522,483,507,598
654,534,524,482,521,593
663,541,530,472,523,601
663,535,526,485,512,601
661,532,528,483,518,598
664,531,528,488,516,598
664,533,528,486,516,600
661,544,530,472,521,601
653,544,526,482,522,594
662,537,532,487,517,599
656,551,534,474,516,599
662,549,528,486,510,598
662,539,536,489,514,599
661,554,539,474,518,600
649,546,535,485,523,595
652,553,523,488,516,600
659,554,538,476,514,601
647,549,529,486,520,597
664,548,535,483,523,602
659,554,535,477,510,603
649,550,525,488,516,599
663,552,529,484,521,604
662,553,539,477,517,601
653,541,537,484,521,593
659,545,535,489,510,596
650,552,528,487,521,596
664,537,537,489,516,600
662,552,538,477,516,599
663,545,526,486,521,603
665,547,534,478,522,601
654,553,526,490,519,604
660,548,533,483,522,603
663,548,541,479,521,601
666,549,530,486,522,602
655,551,540,475,518,600
661,544,531,491,507,595
662,549,542,476,520,600
650,547,538,488,525,595
655,549,521,490,518,603
661,547,538,477,515,600
657,549,535,484,511,601
663,532,536,489,516,599
659,548,538,474,517,600
662,532,538,489,517,595
659,544,532,487,508,600
662,540,534,489,512,595
653,547,523,489,518,603
658,544,537,476,518,600
662,545,539,475,519,599
660,543,533,486,511,598
660,547,538,476,514,601
663,547,538,474,518,600
659,532,538,488,509,598
660,543,533,490,509,599
665,542,533,492,513,601
663,546,541,476,520,599
654,547,524,490,520,604
662,532,539,491,518,599
663,544,538,478,522,601
659,548,538,477,514,602
654,547,532,489,521,603
648,547,540,485,522,596
655,530,554,484,525,593
649,536,549,484,521,593
657,544,549,486,513,604
657,528,557,487,529,595
655,528,558,489,527,598
649,546,545,492,526,604
657,537,559,485,517,605
651,546,564,486,525,604
656,545,566,486,532,603
658,530,570,497,538,599
656,543,567,495,534,607
651,528,571,497,551,596
655,541,570,491,547,604
658,537,572,494,560,604
660,524,574,508,557,602
656,537,573,498,564,605
656,536,565,510,567,607
654,537,574,504,558,606
658,525,574,512,559,606
651,526,578,512,568,595
652,521,583,514,564,606
657,539,580,509,562,606
643,532,578,513,577,598
653,540,584,508,564,607
656,534,582,511,577,607
652,525,587,513,576,601
655,523,590,517,568,606
649,526,585,516,577,602
654,536,588,509,568,608
656,531,586,524,569,608
652,524,586,517,579,606
660,522,587,520,565,609
654,536,583,517,569,608
658,531,585,510,577,608
652,535,588,507,570,608
651,523,583,515,571,602
648,528,582,515,570,601
653,533,581,513,569,604
658,531,586,505,572,606
652,519,584,515,563,606
646,530,568,513,568,598
658,527,571,510,562,611
659,513,573,513,548,605
655,523,573,499,547,602
650,517,555,508,546,609
648,506,552,506,541,599
642,516,546,504,535,601
648,510,557,503,523,599
653,505,551,489,521,599
645,494,538,496,526,593
652,496,537,488,512,596
650,478,533,491,521,585
642,491,529,487,516,594
636,489,520,483,512,593
642,475,513,486,506,593
636,488,505,481,507,589
633,484,507,473,502,589
635,480,499,472,497,588
647,463,505,477,492,589
646,465,500,473,489,582
648,467,497,465,472,587
642,465,491,470,476,576
641,466,488,472,470,576
645,452,492,466,473,584
647,451,491,465,471,583
645,451,489,464,468,581
631,468,471,461,467,580
633,461,477,451,460,583
643,458,479,456,451,581
628,461,466,456,460,578
626,458,464,457,461,577
635,461,473,463,452,572
625,460,464,458,457,578
639,448,478,458,453,581
635,455,479,459,452,578
634,453,475,458,452,574
625,462,465,448,451,577
629,446,459,460,444,578
635,449,473,452,435,578
623,449,458,458,441,576
628,453,467,457,438,567
634,447,470,446,430,578
623,452,460,443,441,574
630,448,466,456,430,570
622,449,461,442,437,576
630,445,462,440,432,575
637,443,466,442,430,575
635,440,463,446,424,575
624,441,448,453,434,575
635,437,463,448,439,574
623,452,448,442,439,571
624,447,452,442,439,577
632,450,459,452,435,566
635,446,464,450,434,576
625,450,453,444,441,574
626,443,451,454,439,576
638,438,468,453,439,577
632,436,460,455,440,577
636,449,465,454,431,573
634,454,464,457,434,570
631,444,458,461,444,578
629,460,462,449,449,577
636,451,466,466,451,581
633,464,472,458,459,580
639,455,480,470,468,584
630,479,476,476,481,584
637,471,491,490,486,589
631,492,502,486,504,590
646,490,527,498,513,587
636,502,519,503,518,596
644,506,537,507,516,595
640,503,541,508,521,604
643,508,541,509,535,600
650,506,565,510,548,596
649,506,565,512,550,600
640,524,558,515,557,601
643,517,571,515,558,603
650,524,580,506,557,610
652,510,572,515,552,610
652,517,572,521,553,611
647,512,576,519,565,603
650,512,576,517,563,607
653,519,575,522,558,612
651,518,572,519,570,613
639,530,567,522,574,602
651,512,582,523,570,611
650,512,584,524,565,612
650,513,590,523,573,607
653,514,589,527,567,614
642,528,577,526,583,601
655,522,590,520,582,614
655,523,591,520,582,616
645,520,592,525,584,606
652,523,598,515,587,613
655,510,594,526,585,606
641,526,579,532,588,603
654,520,591,525,584,614
638,527,580,531,588,603
652,523,589,531,580,611
653,506,591,527,586,606
642,528,576,530,586,604
640,526,580,529,590,603
655,509,590,530,582,608
644,524,572,532,584,602
649,509,581,528,586,602
639,525,572,529,584,602
645,512,572,531,585,604
641,521,576,526,582,603
652,519,573,521,569,614
651,507,565,514,562,603
653,515,562,516,541,612
654,519,561,512,540,609
650,521,549,503,525,611
651,504,543,500,531,599
652,514,540,487,525,606
651,516,533,488,509,607
651,511,528,483,515,604
641,506,510,486,510,603
652,505,518,479,496,605
649,513,517,479,495,605
647,512,510,482,501,593
651,498,504,479,496,603
648,509,507,472,493,602
647,511,504,466,489,601
650,509,500,469,486,600
647,510,495,480,488,589
652,505,492,474,476,591
647,495,488,478,483,597
637,507,475,470,486,593
639,507,483,465,486,594
637,506,474,469,485,591
646,504,489,460,473,594
652,493,490,462,467,593
637,496,473,460,476,591
650,491,481,466,465,581
649,486,479,451,468,590
650,482,483,459,453,587
639,488,473,448,465,587
645,483,485,446,454,591
637,483,467,447,456,585
646,483,473,454,443,577
638,482,475,437,447,587
645,474,474,448,449,578
647,472,470,442,436,585
648,462,464,442,435,578
646,469,465,435,435,576
646,472,460,438,427,574
648,466,459,426,412,581
643,456,442,426,416,580
646,464,446,414,410,568
646,466,440,410,400,566
644,457,439,400,402,565
644,462,431,397,393,570
638,465,418,385,394,565
637,463,416,388,392,567
651,458,428,389,378,568
652,448,427,391,388,568
647,464,423,385,383,567
642,461,418,379,388,564
649,458,426,388,373,561
647,462,426,392,377,557
649,457,433,389,388,560
640,463,421,388,388,564
649,450,433,395,388,569
643,462,435,382,390,567
648,452,439,401,394,570
651,464,445,393,398,572
651,451,442,404,397,574
647,464,448,398,393,574
641,457,435,411,404,574
648,466,448,412,413,568
648,470,448,421,413,567
647,467,449,421,422,571
645,469,453,416,423,580
651,473,464,434,438,576
652,470,473,426,439,585
648,477,480,446,451,581
639,476,477,446,461,588
644,483,502,447,478,592
647,489,520,465,494,598
654,482,547,476,514,595
654,502,559,472,526,606
656,506,573,484,538,607
656,511,578,490,546,611
647,506,572,508,558,609
649,517,587,504,556,611
649,519,589,511,563,616
655,516,597,510,581,609
649,508,587,519,585,618
656,518,598,518,585,619
643,525,589,526,592,608
656,516,601,521,590,617
654,511,605,528,587,614
646,527,591,529,596,608
653,522,607,520,595,619
650,526,605,522,596,615
644,528,594,533,598,607
649,523,602,529,587,617
655,522,608,521,596,622
652,523,604,521,594,620
655,509,601,527,594,614
648,513,604,527,589,615
652,519,600,517,590,620
642,521,590,526,590,609
653,520,598,513,584,619
641,522,579,523,581,610
649,519,574,522,573,614
656,515,575,520,570,620
655,514,577,514,569,619
654,512,573,515,562,619
655,501,574,517,561,611
656,514,579,502,556,618
658,512,578,502,555,614
655,496,571,511,553,606
653,509,572,511,552,612
648,514,563,502,531,617
649,513,553,508,537,617
652,511,556,493,531,614
653,505,555,494,523,604
646,495,533,491,512,614
652,508,539,484,503,613
648,505,535,490,505,601
637,492,512,484,497,605
648,499,524,469,485,610
646,499,519,466,489,605
644,487,511,476,486,605
644,487,510,473,482,604
647,494,507,464,465,601
644,497,507,468,481,596
641,501,500,472,468,596
645,502,489,457,474,601
640,485,493,464,466,599
641,487,483,460,460,597
630,502,471,449,461,593
640,497,483,453,460,588
629,495,465,447,453,589
632,500,471,440,454,590
636,487,475,448,452,588
641,488,473,446,451,586
636,477,467,450,443,592
632,484,452,440,443,586
630,482,448,442,440,585
630,481,447,443,439,585
640,485,462,433,434,587
644,486,457,441,429,582
633,482,443,440,436,585
644,481,456,434,423,584
645,473,454,435,435,580
630,484,437,431,433,580
641,480,449,435,433,574
639,467,450,433,430,581
633,472,436,435,430,581
642,477,449,435,421,577
635,469,438,441,432,583
630,481,442,433,438,581
645,478,456,437,429,584
632,478,442,442,440,583
642,471,454,444,429,582
635,485,456,434,445,586
642,482,465,446,444,591
644,487,466,449,440,588
640,493,465,453,459,583
642,496,468,455,449,592
639,504,467,462,461,587
644,487,469,464,467,598
642,502,478,467,475,589
639,499,483,460,468,598
644,491,483,471,477,599
644,491,481,473,479,600
647,490,491,467,480,598
642,501,495,464,476,601
648,501,493,475,474,597
643,494,488,481,485,600
642,509,498,467,495,600
650,500,510,479,498,597
641,496,496,483,497,603
651,499,512,479,501,600
641,504,498,482,499,603
643,508,509,470,501,605
651,492,513,483,504,598
652,503,512,473,501,607
645,509,507,469,506,603
631,509,502,480,511,605
646,512,513,482,499,607
651,516,518,480,516,607
637,524,516,485,514,599
635,521,525,486,523,597
639,531,532,481,523,605
646,525,532,489,530,607
645,529,538,486,534,605
645,527,536,491,539,606
645,517,539,500,533,601
639,530,529,499,538,609
637,527,538,501,530,608
625,528,536,499,544,598
634,515,549,502,550,599
638,513,552,506,548,603
639,523,551,493,552,608
631,504,545,501,550,601
631,521,550,502,542,609
631,511,554,508,554,604
636,516,555,503,557,611
633,519,555,501,550,608
632,515,555,510,549,613
635,515,563,503,563,609
632,515,558,516,555,614
627,516,564,506,560,610
626,506,548,519,570,604
635,500,550,514,572,602
640,499,568,517,563,613
622,513,549,519,572,604
627,510,548,521,574,604
642,509,560,512,574,611
633,513,547,522,572,607
634,513,559,516,571,611
643,506,563,523,566,614
640,512,565,512,577,613
641,518,547,523,576,612
645,514,561,508,571,611
633,512,544,519,576,602
647,510,555,516,560,615
646,517,546,506,552,615
652,503,543,503,558,608
646,512,534,491,538,617
636,512,520,500,535,621
647,507,531,495,536,612
645,515,523,485,524,618
647,505,522,489,527,611
644,501,499,485,520,623
643,490,510,479,515,612
644,502,505,477,515,607
646,491,504,479,509,617
632,506,491,466,510,614
645,500,502,469,494,616
643,488,495,475,500,617
630,504,485,463,501,613
632,494,479,467,481,611
630,492,470,457,479,608
641,481,481,458,475,609
645,483,484,449,472,606
641,495,478,451,465,594
639,489,481,445,468,597
643,491,480,447,452,601
639,481,470,449,460,604
630,497,466,438,462,598
639,493,472,433,454,600
638,498,466,442,456,584
637,496,465,441,448,588
637,491,460,425,442,595
640,489,461,434,445,584
640,474,456,435,436,592
642,482,461,428,439,587
642,484,458,429,425,586
632,477,443,429,428,586
640,486,451,422,425,574
642,480,454,407,416,582
638,482,449,414,413,570
644,466,447,411,412,579
641,480,450,401,407,578
630,479,433,408,408,570
641,476,447,406,395,571
640,482,448,396,399,574
633,483,444,398,406,570
631,488,440,407,411,571
635,484,451,403,410,573
644,470,455,415,416,578
643,482,456,421,409,575
639,483,461,420,418,582
642,483,462,429,436,578
639,487,460,428,435,583
627,483,449,438,439,583
642,476,458,438,439,586
646,489,468,435,435,587
644,493,471,441,438,584
631,499,464,439,454,587
644,492,481,446,454,584
636,501,483,453,449,581
645,498,492,447,447,592
644,482,489,455,463,596
643,486,490,460,468,589
647,483,494,458,470,598
640,501,493,454,476,599
638,493,485,472,481,600
641,488,486,477,488,601
646,493,499,474,497,600
640,503,494,467,499,601
649,488,495,487,508,606
642,499,500,486,504,604
644,504,496,495,516,605
639,504,495,483,527,604
635,503,492,494,531,609
645,504,511,504,539,601
649,502,522,492,537,608
644,506,522,510,532,611
648,502,534,499,546,609
633,502,523,513,548,606
648,498,546,512,547,611
644,492,543,512,557,603
650,504,557,504,555,610
632,503,542,521,561,604
647,506,558,509,564,613
649,503,562,508,561,613
632,510,549,520,561,613
647,510,558,518,554,613
645,509,559,520,555,616
643,509,556,513,563,618
646,507,563,522,553,618
643,510,561,522,559,617
636,507,544,520,564,609
644,497,558,518,565,608
645,510,563,516,562,615
645,512,564,513,562,615
643,500,559,517,567,608
635,507,551,520,564,611
644,500,554,521,562,616
648,503,566,508,561,616
648,511,565,510,557,617
648,507,565,506,561,616
648,511,561,511,551,616
646,511,557,514,555,615
648,511,559,505,560,616
647,498,553,511,558,605
649,511,549,507,540,616
647,512,547,500,540,614
651,500,545,510,543,607
646,514,538,496,534,613
652,504,536,491,532,613
643,510,527,496,534,613
641,494,511,500,514,612
645,512,517,488,506,611
647,490,506,491,505,612
635,513,501,489,498,610
649,512,510,480,486,606
646,506,504,483,483,600
638,501,492,478,486,606
649,505,499,471,473,600
640,508,486,461,482,601
643,494,485,470,475,604
645,506,490,467,468,595
637,508,475,456,470,600
646,503,488,450,460,601
646,502,480,445,463,599
648,489,481,455,462,601
644,508,465,450,462,596
644,505,474,454,454,588
640,505,474,441,456,595
638,511,467,441,457,594
640,504,472,438,454,594
645,504,468,453,444,590
646,504,466,449,444,589
635,496,452,445,448,591
642,499,462,444,436,582
644,491,466,438,445,581
642,496,458,432,441,577
641,481,452,435,435,588
642,488,455,432,438,580
641,488,456,427,423,585
639,486,449,430,416,577
644,486,446,411,424,579
636,484,443,415,426,579
643,486,448,421,416,578
645,485,451,422,414,579
644,484,444,426,421,569
631,491,437,414,421,577
640,489,442,423,425,569
637,487,440,424,418,566
640,481,447,421,423,568
641,472,448,419,419,576
639,484,445,410,414,577
636,473,442,421,416,578
636,483,443,422,411,564
641,484,452,416,408,579
641,484,450,410,414,576
637,482,451,419,421,572
640,483,451,417,409,576
638,478,447,427,417,578
636,487,453,424,428,572
626,492,442,425,426,577
630,490,444,426,431,578
640,487,458,432,433,575
638,491,461,435,439,577
642,490,464,440,428,582
633,496,469,450,450,582
641,491,474,446,460,584
641,493,476,457,450,590
629,494,459,457,469,596
642,493,482,457,460,600
633,481,472,468,472,601
629,494,468,466,481,601
641,497,482,476,480,596
632,489,472,478,489,606
636,485,476,483,492,606
634,500,475,465,496,604
632,496,473,478,493,607
639,500,484,481,491,600
643,483,489,478,498,608
643,498,481,477,489,603
638,494,488,476,489,611
640,499,486,485,495,603
633,491,478,488,508,613
631,498,476,486,513,615
634,501,494,490,504,610
640,495,488,494,505,602
633,499,492,493,517,608
644,486,496,491,518,607
640,493,493,495,516,601
630,500,483,488,522,614
631,494,482,494,521,616
640,496,500,486,515,612
645,498,502,496,517,615
635,501,497,487,529,611
641,503,499,499,525,609
637,502,501,500,527,608
638,489,498,505,532,615
633,497,493,505,538,616
641,486,508,504,541,610
642,496,502,510,539,611
632,502,497,503,553,614
646,500,510,511,544,615
640,501,510,512,547,614
645,488,512,511,556,608
634,504,502,508,557,615
642,503,513,507,556,614
642,505,510,512,548,614
642,501,514,502,552,614
643,492,506,512,561,608
646,496,516,511,562,607
644,508,516,502,561,613
645,506,518,514,549,615
646,510,520,502,556,613
635,507,508,514,560,611
646,507,521,514,551,613
640,510,521,511,563,616
641,499,524,512,567,605
644,510,528,505,566,613
648,509,529,504,565,610
647,500,529,515,563,612
646,513,529,506,569,613
644,512,524,511,563,616
643,502,520,518,577,605
638,504,512,518,564,617
638,510,517,515,573,616
646,509,526,519,564,619
636,515,513,521,572,609
648,499,523,515,574,611
645,510,523,515,567,616
632,511,514,520,572,613
641,513,528,507,570,615
642,500,518,516,576,609
643,514,514,521,569,612
646,509,527,507,569,616
643,500,518,517,567,615
643,514,526,506,565,617
643,512,514,519,567,616
646,514,524,506,563,619
635,511,512,519,568,614
645,499,524,514,568,613
636,514,509,518,566,622
645,503,526,521,557,620
649,511,524,506,564,619
638,516,511,515,559,620
643,512,511,509,559,618
652,511,523,510,560,620
647,500,522,517,568,614
644,513,519,516,563,618
638,503,510,520,569,614
644,516,521,509,564,618
644,515,523,507,563,618
647,513,524,507,569,618
634,516,509,520,569,619
637,501,511,517,569,620
648,511,524,508,565,619
637,505,515,518,573,607
647,509,524,520,560,621
648,513,520,514,566,619
645,516,524,506,567,617
632,515,512,521,570,614
645,513,526,507,570,617
635,511,509,516,568,621
647,503,525,518,568,618
648,510,527,516,562,621
648,511,525,506,570,617
634,518,510,518,568,620
647,512,520,514,569,621
645,514,512,518,570,613
647,515,512,520,570,617
644,514,519,515,571,619
634,518,509,518,569,621
647,501,524,514,573,614
647,514,524,507,570,619
648,513,517,511,568,618
649,513,509,503,561,617
649,515,515,499,555,617
647,501,509,507,544,610
644,500,499,504,535,611
645,499,493,497,523,611
637,513,479,495,517,613
649,509,490,484,506,612
641,510,482,487,499,604
642,494,471,483,500,610
635,499,455,473,491,605
647,495,463,460,481,599
644,494,459,457,475,594
648,491,455,450,454,597
644,489,453,438,455,596
646,479,447,441,456,592
637,480,430,444,451,594
637,475,433,441,448,591
641,486,431,438,437,579
641,484,436,423,436,589
642,473,426,433,435,587
646,483,434,429,426,585
643,481,432,426,437,579
633,485,414,427,431,580
634,478,414,427,430,582
636,487,429,427,430,572
631,478,415,429,426,581
630,485,413,425,429,580
643,483,429,425,418,578
641,483,430,427,427,576
630,482,415,428,428,579
636,489,429,419,428,581
635,489,430,431,424,574
630,489,422,424,433,578
643,485,436,424,423,581
637,487,432,422,433,580
637,487,435,430,436,574
646,475,436,433,436,582
636,490,434,437,432,573
640,489,432,438,430,576
630,490,425,430,441,581
