=~=~=~=~=~=~=~=~=~=~=~= PuTTY log 2023.11.02 23:15:26 =~=~=~=~=~=~=~=~=~=~=~=
611,510,661,483,481,607
612,508,657,487,483,607
602,510,651,491,491,605
610,508,655,489,481,606
610,505,658,486,494,605
608,496,652,494,493,608
612,503,659,494,491,598
613,502,659,482,495,605
608,509,654,498,481,605
608,508,657,496,486,607
609,509,655,494,482,602
610,505,657,488,492,605
607,495,649,496,491,609
608,508,657,497,484,601
614,502,655,490,494,606
609,491,655,493,495,603
598,501,645,495,491,608
600,500,644,494,491,609
604,509,650,495,492,609
598,504,644,497,490,607
609,506,655,487,482,607
612,502,658,485,487,602
611,503,661,483,493,607
611,489,657,491,494,604
603,507,650,494,496,606
608,506,657,490,496,603
609,490,656,492,496,601
611,491,656,491,495,602
612,491,658,493,496,601
602,509,651,493,494,605
611,505,657,497,488,597
608,509,658,487,486,609
604,510,653,492,494,605
610,505,658,496,494,598
614,504,659,498,490,598
613,496,655,493,497,601
615,499,659,495,500,600
609,506,651,489,495,604
605,509,652,492,495,606
607,502,645,497,500,609
614,508,658,479,499,609
616,507,645,501,500,609
605,496,654,495,502,605
614,496,656,490,490,610
611,495,656,492,498,606
604,497,650,495,499,605
608,490,659,497,502,602
602,489,645,498,496,608
599,491,644,498,503,608
613,479,654,496,499,605
613,493,659,489,491,609
610,480,652,493,489,605
601,490,644,499,496,609
614,486,652,494,487,601
605,474,653,493,496,606
611,481,658,497,489,598
615,467,660,492,497,598
616,475,661,480,496,606
613,473,658,495,482,594
612,462,654,490,493,605
608,476,656,493,484,599
614,476,657,488,478,604
609,469,646,491,493,607
605,480,651,490,494,603
612,478,655,494,483,602
603,476,644,493,491,608
603,477,643,493,488,607
614,486,654,491,480,604
610,477,661,481,490,604
615,481,656,486,477,605
604,483,658,494,477,600
604,484,650,489,487,603
601,481,658,480,489,604
610,482,655,490,475,603
615,468,655,487,488,596
612,477,659,493,482,595
613,479,658,489,475,605
609,465,651,489,485,607
610,467,651,492,482,604
614,470,660,489,486,597
601,479,661,478,485,604
614,468,653,489,489,608
603,475,644,494,484,605
613,473,652,485,472,603
602,477,644,493,484,606
614,477,661,490,489,604
599,485,647,494,484,605
609,481,658,484,486,603
613,463,655,491,481,593
601,484,650,492,487,604
611,480,656,493,479,596
612,480,654,491,469,601
603,481,657,484,485,601
613,475,661,491,481,592
615,476,660,477,478,604
609,480,646,488,480,601
614,464,659,487,480,593
606,471,657,479,478,600
614,457,661,483,460,600
613,465,657,483,466,590
612,466,658,480,466,589
607,453,648,477,469,600
617,461,648,481,465,591
611,467,655,480,455,593
615,460,660,478,468,588
612,462,658,479,462,585
615,463,644,478,457,594
615,462,658,461,449,592
607,467,655,467,456,588
618,454,656,471,457,583
616,455,659,472,454,580
612,468,655,476,444,583
605,467,649,475,451,589
605,461,644,474,450,590
605,469,649,471,453,584
613,465,659,462,450,584
612,469,658,465,456,579
617,467,659,462,448,579
609,459,645,472,453,578
607,456,652,473,454,579
602,470,645,476,451,572
618,454,659,469,449,563
608,467,657,476,448,564
614,465,662,462,452,571
608,466,657,467,455,563
612,468,658,464,456,569
613,467,660,461,450,571
615,460,658,473,456,562
606,456,653,472,455,570
617,466,659,463,454,569
615,468,655,469,444,572
611,470,657,464,455,569
604,457,660,472,458,573
609,470,654,466,455,569
617,467,660,462,451,572
614,467,655,472,452,573
605,466,644,475,451,575
618,468,659,462,446,576
620,466,659,460,450,576
609,458,646,471,451,577
615,460,659,471,451,566
616,466,660,462,453,574
613,468,652,468,442,574
619,454,659,467,455,568
605,465,641,468,449,576
611,465,656,471,444,571
606,466,645,471,450,577
608,465,651,467,453,574
613,463,655,463,454,574
613,459,649,468,437,573
619,452,654,467,455,573
612,465,657,472,445,572
616,462,655,457,448,577
613,461,656,470,448,568
613,448,652,467,454,573
617,460,657,458,446,580
611,451,644,467,453,580
609,461,658,471,450,568
617,460,655,461,443,579
614,465,654,468,443,578
618,443,654,467,451,571
612,458,660,457,454,579
620,460,657,459,448,579
614,460,644,472,453,578
614,465,655,468,442,577
605,451,653,466,455,576
614,452,649,469,455,580
614,465,655,472,447,573
607,457,644,469,453,582
605,457,654,471,445,573
607,469,644,470,453,578
603,468,641,473,453,582
614,469,653,470,453,580
616,468,655,464,447,581
607,460,646,469,456,582
615,469,656,467,446,580
617,467,657,461,450,580
616,467,656,459,458,578
619,462,658,471,451,579
617,458,651,468,459,580
613,472,654,472,448,580
617,468,659,459,458,579
605,473,645,472,456,582
619,466,659,458,455,581
606,473,649,469,458,579
608,472,650,465,458,579
619,469,657,459,454,581
616,459,650,468,458,580
619,455,652,468,459,578
617,455,651,469,454,569
614,472,653,464,460,577
612,472,654,465,459,579
601,470,642,473,456,583
613,470,653,475,449,575
618,457,655,470,448,579
619,473,659,463,461,578
618,458,655,470,461,578
620,471,659,460,460,580
620,467,659,473,458,571
613,475,654,470,451,577
615,469,657,475,454,572
614,475,656,474,453,577
609,467,644,471,459,583
613,464,650,467,458,582
619,471,653,471,459,570
620,465,658,474,463,573
615,475,656,474,455,572
606,474,641,476,461,583
618,475,658,461,456,575
620,476,654,464,455,581
619,472,659,473,462,574
605,481,643,473,461,583
618,472,654,467,453,584
617,464,654,469,467,578
621,475,658,461,461,583
617,475,656,474,462,574
621,476,655,462,460,584
617,465,653,468,463,582
617,470,659,472,461,586
611,480,656,466,465,581
608,473,641,472,461,586
608,471,642,471,462,586
615,481,653,470,454,583
615,481,653,473,451,582
620,477,657,459,462,585
613,469,645,470,463,585
607,480,643,473,461,585
614,481,653,470,454,576
605,477,643,472,461,587
615,479,653,468,456,577
612,469,645,470,463,584
611,480,651,464,465,583
614,463,655,472,453,586
616,476,655,463,462,577
612,480,653,466,466,584
614,480,653,469,453,585
619,468,657,470,468,579
604,483,643,473,465,587
610,466,649,467,464,588
613,466,648,470,466,586
615,464,654,470,469,583
610,482,650,470,471,578
619,476,658,462,467,585
619,478,653,461,463,587
610,479,656,476,460,579
616,478,657,474,470,581
615,481,652,471,455,590
616,477,656,473,465,590
605,481,642,475,466,591
615,481,653,472,456,587
618,473,656,475,472,582
618,470,659,469,466,583
605,485,647,473,472,590
616,481,655,476,462,592
619,479,659,463,467,592
619,470,655,472,471,587
614,482,652,465,471,590
618,469,652,472,469,589
620,473,657,473,474,583
611,485,652,473,468,593
606,481,642,477,468,593
605,488,653,464,472,590
620,481,654,460,468,590
616,480,656,477,466,582
608,477,643,476,469,595
606,487,643,477,468,592
614,483,658,465,470,591
612,471,649,475,472,590
613,471,649,473,471,591
608,482,642,477,468,594
615,483,655,478,465,583
611,476,643,478,469,595
605,480,641,478,468,593
618,476,655,475,469,582
617,479,658,476,472,583
608,471,651,474,473,591
616,466,649,474,472,591
613,482,652,474,461,589
615,476,656,480,466,584
606,469,643,476,470,594
612,481,652,478,462,587
606,475,642,477,468,595
619,475,658,465,467,593
606,479,647,479,470,591
606,479,645,478,470,590
613,471,658,481,464,584
606,472,641,475,467,593
616,453,655,475,470,588
608,468,653,462,463,592
613,454,655,475,458,589
605,455,645,476,466,591
608,458,655,480,457,585
610,448,651,475,467,581
599,451,644,477,465,590
614,451,659,464,468,585
608,448,655,478,461,578
607,450,654,477,455,581
608,451,653,469,466,590
612,435,657,472,466,580
597,449,645,476,462,581
599,450,648,470,461,582
610,445,660,459,460,582
597,433,651,465,461,581
606,448,655,471,451,572
598,448,644,469,456,580
609,446,656,471,448,572
609,445,658,470,455,571
598,444,644,470,455,582
601,434,653,465,448,579
597,451,643,469,457,579
611,448,660,457,458,582
609,442,661,468,455,570
609,448,654,473,449,573
599,439,650,467,458,581
609,439,660,468,461,571
602,442,644,470,458,582
612,437,658,467,459,573
603,437,655,467,461,573
611,448,660,458,452,582
598,454,645,470,455,580
605,442,646,467,455,572
598,443,653,464,444,579
611,442,658,461,452,572
612,438,658,451,445,581
607,445,657,464,455,575
609,441,660,454,451,580
611,433,654,461,455,575
613,444,660,453,452,580
616,444,659,452,449,581
603,439,650,464,453,580
607,453,654,464,444,582
613,457,654,465,446,578
618,457,647,468,456,584
617,457,659,468,456,576
614,455,651,465,460,584
613,470,655,465,449,587
611,471,655,460,451,589
616,458,656,462,465,586
612,466,645,465,459,592
619,468,660,448,463,588
609,473,648,460,457,589
616,458,647,456,455,592
611,474,645,455,452,587
621,459,658,452,449,580
624,455,657,448,445,580
626,456,656,435,435,591
621,452,643,442,439,591
629,445,657,429,437,581
615,446,643,439,439,591
630,439,657,437,443,578
632,449,656,429,437,590
631,436,656,436,445,582
619,442,642,442,442,590
633,429,658,441,443,592
632,434,660,441,446,587
631,422,655,440,447,585
635,423,658,443,447,581
616,435,646,441,444,589
623,421,649,440,444,590
632,434,651,435,433,585
632,430,656,433,446,587
632,428,653,440,433,587
629,426,656,437,446,589
631,418,657,445,441,588
633,414,656,445,439,579
634,400,658,442,447,580
634,399,658,442,444,577
636,398,655,440,444,581
633,407,655,434,433,587
633,411,656,445,432,576
630,409,655,443,434,576
630,410,656,435,442,582
630,407,653,437,443,582
635,405,658,433,436,584
625,399,643,444,437,586
632,406,656,448,435,575
629,404,655,440,440,582
634,402,657,439,431,584
634,399,657,447,434,574
634,399,657,435,437,585
633,388,654,446,444,582
634,394,656,450,436,578
621,401,645,450,444,585
625,408,651,448,445,584
629,408,647,450,444,585
633,408,660,440,447,586
634,415,657,444,439,587
625,422,652,450,452,584
623,412,644,455,449,585
622,424,649,456,450,585
632,420,660,445,445,588
631,425,660,446,455,583
628,431,657,453,456,583
630,433,656,460,449,577
632,434,659,447,458,586
633,436,656,449,451,587
629,442,655,463,449,580
622,439,645,460,455,589
634,437,658,459,460,579
633,451,658,451,457,588
626,456,654,462,452,587
622,455,650,464,460,584
629,465,651,465,453,579
621,471,646,458,467,584
630,475,655,468,456,582
633,470,657,464,464,577
621,479,644,468,464,589
630,487,655,464,454,586
628,477,649,464,468,587
631,498,655,465,458,587
632,498,653,462,457,588
630,505,660,455,469,585
635,505,658,466,472,581
630,527,654,462,458,588
621,529,643,468,464,589
631,529,656,468,460,580
618,542,644,466,463,590
618,549,645,464,460,590
620,536,657,464,464,580
628,536,657,465,459,580
623,554,657,460,462,584
623,548,653,466,451,582
625,551,653,457,461,584
611,559,640,465,460,590
622,551,649,465,451,582
611,550,646,461,464,586
619,558,651,461,450,588
620,543,655,464,459,579
621,558,653,459,450,589
620,556,649,463,462,586
621,554,656,454,464,587
614,552,636,467,461,587
619,555,655,468,457,579
618,553,649,458,449,588
613,556,642,469,460,590
615,557,653,459,451,580
616,557,649,469,461,589
618,555,653,460,451,589
608,550,641,465,453,588
619,546,640,462,451,587
616,536,642,454,439,586
609,534,642,454,440,586
619,528,658,439,442,583
617,514,658,448,439,576
618,529,644,448,439,584
608,523,654,446,442,581
618,531,656,437,437,586
608,527,649,449,445,584
624,534,655,439,448,583
618,540,652,443,439,586
618,527,659,455,439,583
610,550,646,454,452,584
615,552,642,462,452,588
619,557,657,451,454,589
611,550,649,462,459,582
610,562,644,468,459,590
610,559,650,464,465,590
610,568,644,460,465,590
623,551,657,468,466,590
622,552,660,467,468,580
618,569,656,463,459,588
612,572,643,471,468,591
621,570,659,457,470,589
622,573,659,459,468,591
611,566,651,467,473,590
623,574,650,467,471,590
615,566,655,467,475,584
619,576,658,462,467,591
625,570,659,460,478,588
619,578,656,466,464,592
615,577,642,473,474,593
623,577,657,460,477,590
620,580,655,466,471,593
625,570,656,479,477,586
621,561,659,478,492,583
613,573,652,482,493,592
614,578,647,484,495,595
628,575,656,488,492,588
624,579,656,485,491,593
619,572,656,485,507,596
624,567,661,489,506,588
630,567,657,492,497,588
625,584,658,482,494,598
616,584,645,492,506,599
629,577,651,489,508,595
626,577,660,482,505,595
621,573,659,491,512,592
620,574,657,495,510,599
630,572,660,497,506,588
625,584,659,495,514,591
627,583,660,479,512,598
630,573,657,495,505,588
616,587,646,496,515,595
619,573,650,493,514,590
629,571,660,495,513,591
625,573,660,493,505,596
630,581,661,485,516,597
626,586,658,487,508,599
632,580,654,487,513,598
627,583,657,492,514,589
623,576,646,493,507,600
623,569,657,490,514,589
629,563,662,493,516,588
632,572,660,483,512,596
634,562,659,497,507,587
625,553,659,493,514,595
631,557,660,491,513,589
628,572,660,486,505,600
629,572,649,496,513,599
626,572,660,484,509,600
627,571,658,490,505,599
631,570,661,483,512,595
634,568,657,491,516,597
622,563,653,496,514,589
634,562,658,492,516,598
628,549,658,496,514,588
632,558,656,487,513,593
623,562,646,495,509,599
630,556,652,498,515,598
619,551,653,495,513,592
621,554,645,500,512,598
620,546,650,496,515,589
632,543,658,481,515,596
630,523,659,499,513,592
629,537,656,493,504,597
632,517,660,499,510,588
632,515,660,498,513,593
625,520,656,494,514,587
628,530,655,491,502,597
620,525,653,494,514,589
621,531,646,494,512,594
630,531,662,481,511,598
630,528,656,499,504,592
630,532,660,498,512,598
629,534,653,500,511,593
634,527,656,490,503,597
630,536,655,495,501,596
632,529,658,496,507,589
634,524,661,496,509,590
623,538,645,495,509,599
622,534,652,492,510,601
630,537,660,482,505,597
631,536,660,482,505,600
629,538,655,489,498,596
629,524,662,493,509,590
632,537,654,488,510,595
634,525,658,494,500,589
624,538,645,496,507,598
628,523,660,492,511,591
636,522,658,495,499,598
633,518,659,495,501,588
632,529,662,482,505,596
620,532,653,490,505,599
625,528,653,492,505,596
625,528,657,488,495,597
632,515,662,493,505,588
629,527,656,494,494,593
632,532,662,480,500,598
630,518,660,489,503,593
619,534,645,493,504,600
633,528,657,486,506,594
634,520,654,494,495,585
625,519,661,491,503,588
635,520,660,494,501,588
634,519,662,493,505,588
621,535,648,492,504,599
623,529,658,493,498,593
620,538,645,494,501,599
631,521,661,492,499,588
630,537,661,479,501,599
631,534,649,490,502,598
620,537,648,490,502,599
635,521,658,493,497,588
622,539,647,493,501,599
634,524,662,489,504,588
632,535,656,489,489,595
623,526,654,490,502,600
636,536,653,479,505,593
627,538,648,489,499,600
633,538,664,478,498,598
631,536,649,487,502,596
624,527,656,483,500,596
632,535,657,490,491,593
617,540,646,488,500,600
631,539,658,480,493,599
631,537,655,486,502,597
632,540,661,477,498,599
622,536,660,484,503,595
635,525,662,486,502,600
632,540,660,476,496,599
623,543,648,486,500,601
633,540,658,477,491,598
633,534,658,486,491,593
624,539,650,483,502,597
637,531,659,487,495,592
623,535,652,483,505,598
633,538,652,481,503,600
634,539,650,484,501,599
623,541,647,483,501,601
632,538,652,487,501,598
629,535,662,473,499,600
638,524,659,483,500,590
635,521,664,486,504,589
635,523,662,487,502,590
636,519,663,484,504,600
619,537,650,485,504,600
625,539,649,484,502,601
625,536,654,482,505,598
631,539,650,487,502,598
627,539,647,485,501,600
630,538,662,474,499,592
637,525,662,485,503,590
621,538,655,483,505,602
634,538,663,473,498,600
637,530,661,474,508,595
632,536,659,482,494,595
636,525,665,486,503,588
637,538,666,473,506,598
626,539,647,486,503,598
625,539,647,486,503,601
636,539,655,488,504,597
625,540,648,486,503,600
632,531,663,483,507,594
638,524,664,487,502,590
625,531,659,484,507,595
624,542,650,487,502,600
638,539,660,472,501,597
626,540,648,488,502,600
627,540,659,488,495,592
638,537,662,476,508,597
632,539,659,484,496,597
636,535,658,484,495,595
637,536,655,480,507,597
638,538,661,483,508,599
632,543,659,480,495,600
636,538,664,475,503,600
637,532,660,489,504,589
637,526,664,489,509,588
637,527,662,487,502,589
640,538,662,476,505,595
624,543,649,488,504,601
635,535,657,488,494,595
640,539,656,486,505,598
638,537,656,484,503,595
638,536,658,485,507,597
636,539,664,477,507,598
636,526,664,483,503,590
638,539,666,477,507,597
631,543,650,492,504,600
636,542,662,482,507,601
629,543,648,492,504,599
635,535,660,492,494,593
639,538,661,482,507,590
627,534,660,486,505,591
623,536,654,487,503,600
638,527,663,488,503,589
637,526,663,490,505,589
632,541,664,478,498,601
636,533,660,489,495,593
631,542,652,483,505,596
625,534,656,487,505,598
636,533,660,492,495,595
636,529,661,492,496,592
637,536,654,486,505,597
639,533,659,482,507,597
633,538,646,489,502,599
624,535,651,486,504,599
638,536,659,478,503,597
634,537,655,476,499,601
624,538,649,488,497,597
625,531,642,486,500,595
623,528,643,487,500,599
635,534,654,476,502,598
631,532,637,489,503,600
633,532,640,489,501,597
631,534,648,480,494,599
633,531,650,480,494,599
634,522,651,473,497,599
640,517,642,481,496,597
636,516,650,473,492,599
633,508,646,473,488,594
633,512,645,487,489,590
625,504,634,484,489,602
625,502,633,484,490,601
634,508,644,475,482,600
626,500,634,481,489,602
637,510,647,470,485,598
629,512,646,474,492,597
634,511,650,472,492,598
634,493,647,480,489,593
638,491,649,478,485,594
631,496,647,480,470,592
636,492,653,464,476,599
634,486,650,466,467,600
628,478,639,475,471,601
627,476,639,475,469,600
630,484,650,477,460,592
636,480,654,464,467,597
633,483,651,468,456,599
632,486,652,472,457,597
623,488,639,474,460,598
636,506,653,464,451,598
634,497,656,466,460,592
637,504,653,464,460,597
627,514,637,466,455,599
624,522,648,462,457,598
632,511,654,461,462,593
621,527,641,462,452,600
630,524,645,463,455,600
626,514,653,459,460,597
621,524,643,461,452,599
623,522,642,459,447,598
633,513,647,455,450,595
632,511,654,449,436,594
630,497,649,455,444,594
627,499,644,451,444,596
636,499,656,450,447,583
630,500,651,443,443,591
634,503,656,442,440,594
630,506,652,451,436,592
619,511,645,458,445,594
632,507,652,456,439,592
617,510,644,462,448,596
631,502,657,458,453,586
627,511,658,449,455,594
628,515,653,458,446,594
632,520,658,450,452,595
630,516,657,452,455,593
619,514,649,458,455,593
628,504,651,460,457,594
622,508,643,461,456,596
631,515,654,459,458,592
630,516,659,452,459,594
624,505,648,461,459,593
627,514,654,461,446,591
629,514,653,456,460,595
633,506,658,461,458,588
633,516,657,452,456,596
632,506,657,461,448,592
628,520,653,457,449,593
633,505,654,462,459,587
632,505,656,460,459,590
633,517,655,452,460,591
631,507,654,463,453,585
625,521,654,457,450,596
619,514,651,461,457,591
629,518,658,451,460,593
618,519,650,462,457,594
627,520,656,459,448,594
618,516,650,460,460,595
628,507,652,462,460,592
616,522,643,462,456,595
628,519,658,447,450,592
613,517,651,451,447,592
623,507,650,454,448,589
619,517,659,444,447,587
624,509,653,449,445,582
627,519,656,446,444,585
624,522,657,438,440,587
621,526,654,448,437,587
620,509,649,448,442,585
622,510,655,449,443,578
617,527,656,444,434,585
627,525,654,446,444,582
619,516,658,450,445,577
621,524,654,452,435,580
618,532,644,455,442,588
614,532,643,453,443,587
623,525,650,453,446,584
612,532,644,454,444,587
613,527,646,453,445,585
620,535,644,458,444,587
625,532,658,445,446,585
623,530,653,455,434,585
624,518,658,456,443,577
627,530,653,451,449,584
627,529,655,457,436,582
623,523,654,457,441,589
628,522,658,458,443,577
623,535,644,456,446,587
626,539,644,455,443,586
624,529,653,455,435,581
626,534,651,451,445,585
624,522,658,452,449,577
625,533,653,453,436,582
627,535,648,450,447,585
615,539,641,453,445,587
613,540,642,455,446,588
627,533,657,451,450,585
627,535,658,445,450,588
615,534,652,455,451,586
630,539,656,452,450,589
623,535,656,460,449,583
622,549,656,453,447,594
617,544,641,462,459,595
627,540,652,459,450,589
619,542,652,458,464,593
630,545,658,452,468,594
625,552,656,454,455,599
619,550,641,466,465,598
627,535,658,461,469,589
631,547,658,454,472,591
630,544,652,464,461,595
633,530,654,469,467,590
625,536,655,463,473,591
619,546,646,466,474,602
624,547,642,468,473,601
631,542,658,455,473,601
620,542,643,468,476,600
633,522,655,470,472,589
626,520,655,467,479,594
633,529,658,456,474,599
622,525,649,469,477,599
625,521,641,474,480,602
630,520,653,474,471,597
633,517,654,477,475,596
632,527,655,464,480,601
637,520,654,470,486,598
625,521,652,474,488,597
632,531,655,464,480,600
630,518,656,478,491,592
634,517,658,479,485,591
632,534,656,466,482,603
636,527,653,472,487,595
635,534,647,478,487,601
636,523,653,479,475,597
630,538,656,469,478,604
636,532,659,467,487,593
635,534,654,474,474,603
636,529,652,474,486,601
633,529,658,464,483,602
637,525,660,465,484,600
637,505,657,474,486,595
634,515,658,463,481,602
635,512,655,474,471,601
638,511,664,464,483,601
634,505,658,466,480,599
639,498,651,472,481,600
631,497,650,472,480,602
636,498,659,474,480,600
629,510,650,472,478,600
636,509,658,467,472,604
629,502,648,474,479,603
633,511,663,471,474,603
630,512,642,477,480,600
636,504,660,473,482,593
625,512,652,470,475,604
633,518,646,474,470,603
625,517,645,471,470,603
626,518,645,473,468,603
637,514,652,467,470,599
623,513,646,471,469,604
640,504,662,468,472,593
638,513,648,470,470,599
636,516,649,472,470,600
632,514,647,471,467,593
638,513,652,468,471,601
631,502,649,467,466,600
630,518,644,472,467,602
621,513,653,470,471,598
628,514,651,470,470,600
635,520,653,460,464,600
628,519,647,472,468,601
627,511,645,470,467,604
635,518,655,468,460,601
631,510,645,471,469,603
629,509,646,469,471,603
628,520,644,473,469,603
638,518,660,461,469,601
636,517,650,472,472,601
626,514,649,469,471,600
637,520,656,462,466,603
625,521,647,473,471,599
633,520,658,462,468,601
637,513,653,473,462,598
637,516,658,465,476,599
629,520,643,474,469,602
632,517,650,474,471,601
632,521,657,464,463,598
637,504,661,470,476,594
624,510,645,472,471,603
628,511,646,475,467,599
627,520,644,474,472,604
638,512,656,473,464,596
636,520,657,465,466,602
637,516,661,460,473,600
633,518,656,469,463,599
630,520,645,476,471,602
637,516,661,460,473,600
639,514,659,463,473,602
636,516,659,460,469,602
630,507,645,472,472,600
636,512,657,472,468,592
633,496,650,468,469,600
627,510,646,472,466,600
641,511,659,459,469,597
637,497,653,467,470,598
637,510,656,463,455,600
634,497,660,467,465,593
625,506,644,468,461,601
625,502,645,468,458,600
628,500,643,465,455,599
632,506,656,458,458,595
626,500,645,463,452,598
635,493,651,458,454,594
630,492,644,459,451,593
626,500,644,463,450,598
639,498,660,448,450,593
640,498,660,445,445,594
636,501,656,449,447,592
628,499,651,450,441,593
636,497,656,448,431,582
637,496,659,453,439,582
640,496,661,439,440,593
627,500,645,453,441,591
636,491,655,449,443,588
636,504,658,452,437,583
637,493,661,450,445,585
638,505,658,452,437,584
634,507,657,459,437,588
634,507,655,457,437,584
637,499,660,457,447,583
630,498,654,455,451,591
638,505,660,458,451,583
620,514,652,458,453,596
636,513,657,445,453,592
625,508,643,461,452,596
637,516,661,449,453,595
629,520,643,464,452,597
638,517,662,451,459,592
635,514,646,461,451,595
624,524,644,461,452,598
635,520,659,451,450,596
627,511,644,463,444,592
643,516,659,453,459,591
637,522,652,462,455,595
625,521,645,463,455,594
627,511,646,462,455,598
633,522,651,459,444,594
638,517,654,456,458,592
635,518,654,459,444,594
638,506,659,460,460,588
639,514,658,452,458,594
627,512,650,460,456,594
636,504,658,458,458,586
639,510,660,461,454,585
635,513,648,461,454,596
635,513,659,449,450,595
633,514,658,452,449,596
639,500,658,454,455,590
636,504,659,458,451,585
631,500,648,459,454,593
635,508,660,464,450,586
636,508,656,455,443,592
626,516,646,461,454,597
626,515,649,459,445,596
633,511,657,454,441,593
639,507,661,447,450,595
636,508,660,449,453,591
626,508,646,457,445,594
630,507,654,453,439,592
641,506,660,443,451,591
633,507,658,456,441,584
634,506,658,444,441,593
632,494,651,452,450,595
626,512,648,455,448,592
626,508,645,456,448,593
633,496,653,449,450,593
635,511,659,447,448,591
626,506,644,458,445,595
636,511,655,452,439,593
639,502,659,455,450,583
630,497,659,452,453,584
627,511,645,455,449,593
633,512,656,452,440,591
632,511,651,445,452,590
628,502,649,454,451,592
634,507,656,449,451,591
635,504,655,445,450,590
635,498,663,439,449,591
631,491,659,451,444,583
638,488,661,448,444,582
640,486,660,449,448,583
635,501,654,449,435,590
641,497,660,438,446,590
636,502,655,450,435,585
626,496,646,452,444,593
641,483,661,440,449,587
642,499,660,439,449,589
636,488,654,448,450,586
636,489,656,450,449,589
637,501,657,450,451,589
639,495,656,452,453,582
638,503,658,444,442,593
631,505,657,454,439,584
627,506,647,453,446,583
628,497,646,454,449,593
643,502,657,442,445,591
636,492,653,451,450,588
631,504,657,448,439,593
637,491,657,451,449,586
635,501,659,442,448,591
639,491,657,450,452,585
634,504,657,456,437,587
641,492,659,453,453,583
638,503,660,442,450,589
625,495,648,454,451,593
630,507,653,451,454,589
636,496,661,455,450,582
638,493,660,454,453,586
634,505,657,458,441,587
631,492,652,454,451,592
636,501,661,444,451,591
636,509,657,458,441,586
633,507,658,449,454,588
636,492,656,454,453,588
640,494,661,452,454,582
638,490,656,454,454,590
635,503,658,458,446,584
632,506,656,449,455,589
625,507,649,456,452,592
637,493,659,457,454,584
628,501,645,457,450,594
628,508,645,457,450,593
625,509,645,459,450,593
623,510,650,459,453,592
626,514,645,457,454,595
626,509,645,464,460,598
631,518,656,459,455,597
627,507,651,466,470,597
631,521,660,457,468,599
633,521,659,455,474,596
637,513,658,474,469,594
631,518,659,461,471,602
633,514,657,478,476,593
638,519,654,476,487,598
634,516,656,481,481,599
636,513,655,486,489,593
622,523,646,488,496,604
622,521,645,488,499,605
625,524,644,490,500,602
633,515,656,488,490,597
635,513,659,473,498,601
619,514,650,485,500,601
635,520,660,475,497,600
631,518,645,486,498,600
631,519,655,482,489,601
638,516,653,481,502,601
634,519,660,473,497,603
631,521,657,478,495,604
637,515,660,489,500,592
634,522,660,472,501,600
635,509,660,484,503,595
629,513,656,484,503,596
631,523,654,487,489,599
635,520,654,482,504,598
633,517,654,481,485,600
634,523,660,476,499,601
635,511,653,480,500,596
634,521,651,484,496,601
629,511,653,485,495,603
631,524,656,477,481,601
632,510,655,481,494,595
633,522,659,474,486,602
638,510,659,484,495,592
635,519,655,482,480,601
632,522,655,481,483,599
635,519,653,481,493,600
628,522,645,484,489,601
634,519,657,469,480,604
631,511,651,481,489,601
633,510,659,481,493,592
640,517,656,476,491,599
634,520,659,470,484,601
633,520,648,484,487,602
635,506,655,480,491,598
627,512,655,480,490,596
627,516,653,479,492,600
633,524,658,477,479,603
624,525,645,483,487,603
635,520,654,479,478,599
629,523,646,483,487,603
637,516,656,485,480,598
633,522,645,484,488,602
636,522,650,482,488,602
636,517,648,486,487,602
638,509,657,480,492,597
636,520,655,481,490,599
636,520,659,472,490,600
641,521,658,478,493,599
635,525,661,471,490,602
635,525,658,475,482,603
632,512,658,479,493,596
629,510,652,482,491,601
626,525,646,481,490,604
631,524,645,483,488,602
633,522,650,481,485,601
637,510,662,481,492,594
624,522,648,482,487,602
638,520,657,475,492,599
627,524,646,483,488,602
634,522,647,483,489,601
630,522,646,483,487,603
625,523,645,483,488,603
624,518,655,484,481,601
639,509,660,479,492,594
633,524,659,471,486,602
635,516,659,484,482,595
636,516,658,482,483,592
631,520,656,478,480,600
631,508,654,480,489,601
638,512,662,481,492,594
625,522,647,481,489,602
625,523,646,483,490,604
637,510,660,481,494,594
633,522,649,483,490,604
632,509,655,479,493,599
631,511,654,480,490,603
640,523,655,479,492,599
632,510,652,480,492,602
637,518,658,478,492,601
630,521,647,484,488,603
632,521,644,485,490,602
628,520,649,484,490,602
634,516,658,486,481,597
636,521,658,475,479,604
630,512,660,480,492,596
637,513,658,487,479,596
625,512,657,479,489,598
632,517,646,484,487,603
638,498,661,475,485,594
636,510,659,483,481,592
635,517,660,471,480,603
638,507,662,466,481,603
625,519,651,479,485,600
639,502,664,479,487,594
640,513,654,480,485,601
634,513,663,469,486,601
634,499,654,478,485,598
635,515,657,473,475,603
633,511,663,474,485,599
635,508,664,466,482,600
624,504,647,479,478,603
625,512,647,479,476,604
635,508,655,476,470,591
634,507,658,477,469,592
630,504,655,473,473,599
637,503,665,467,474,602
640,502,659,467,466,602
633,501,662,463,470,599
626,499,646,474,466,602
638,503,661,460,458,602
631,506,655,458,460,597
643,503,662,453,458,596
633,500,660,455,449,597
635,504,658,464,442,595
637,491,657,461,455,589
626,505,647,463,449,595
638,500,662,449,446,595
633,509,658,463,440,594
640,505,663,450,452,593
634,493,652,453,452,591
627,502,646,464,448,595
629,498,648,462,452,593
638,502,663,451,448,595
638,504,661,451,448,595
625,506,647,466,452,595
639,496,661,463,454,585
635,509,658,466,442,590
635,510,656,462,444,590
624,509,647,466,452,595
637,510,658,459,445,595
634,509,658,465,447,588
627,496,647,465,452,596
632,506,658,459,460,592
635,511,656,460,444,592
634,509,658,467,443,592
637,493,658,460,458,586
635,491,654,462,457,589
631,492,654,463,454,597
625,503,647,464,453,594
628,504,648,465,453,594
628,507,647,464,454,595
636,504,662,453,458,590
636,504,656,458,441,593
636,499,653,463,440,584
639,490,658,459,454,588
636,498,656,455,447,592
639,495,660,460,454,578
637,509,659,454,443,588
635,508,660,463,447,577
638,507,662,450,449,586
637,511,662,453,454,581
633,513,658,455,441,584
637,497,656,459,452,580
632,513,646,464,450,581
633,510,654,457,452,578
639,510,661,454,446,582
640,511,662,451,451,579
637,514,659,454,448,579
638,504,662,463,452,569
642,501,659,461,455,571
638,500,658,461,455,576
636,514,660,453,450,581
626,507,648,463,452,582
635,515,659,458,442,582
640,512,656,463,440,578
632,514,644,465,449,583
636,517,657,454,448,583
640,505,662,463,458,572
636,512,656,460,443,581
630,514,646,465,450,584
638,502,654,462,457,583
641,501,660,461,457,576
637,514,660,448,454,581
641,510,660,451,449,585
626,518,649,464,455,586
640,507,658,451,454,581
627,511,645,466,453,583
639,509,660,465,453,578
628,512,653,466,451,577
627,510,642,466,450,588
636,504,654,463,457,588
631,518,645,466,453,588
636,513,654,458,447,591
627,514,653,462,458,584
638,507,660,465,451,576
626,511,646,466,453,587
629,509,645,465,452,588
639,499,655,465,455,584
640,509,660,453,447,588
628,510,647,466,451,587
640,512,656,456,443,586
636,511,657,466,444,577
639,499,652,458,456,582
636,498,651,460,453,586
642,505,662,461,453,578
631,514,645,464,451,587
637,511,659,457,455,581
642,511,663,453,455,584
638,512,656,461,444,586
627,515,645,463,452,588
639,501,660,460,458,579
640,510,659,464,452,577
637,500,653,463,457,586
627,516,645,463,457,589
634,504,646,463,457,588
640,512,654,464,460,588
633,508,646,467,459,594
627,511,645,470,460,593
637,503,655,460,467,591
641,500,656,465,467,589
636,504,651,468,468,591
637,514,647,473,468,595
628,510,644,471,469,600
637,515,661,455,469,599
635,515,659,461,473,595
641,516,652,470,477,598
636,517,646,476,476,601
640,513,654,469,483,600
639,516,659,466,484,599
636,519,658,467,480,605
638,517,658,467,482,603
633,518,655,473,480,605
633,503,659,476,493,598
636,517,654,473,482,605
638,514,661,469,496,605
638,504,655,476,499,598
634,512,655,482,493,604
624,510,645,482,499,612
625,508,646,480,500,611
627,517,644,484,495,613
634,519,649,482,502,610
629,520,655,472,494,613
629,516,646,482,503,614
627,506,660,470,501,614
628,519,656,472,495,617
632,503,660,482,504,608
626,505,650,482,507,615
629,517,658,471,506,616
622,511,643,483,504,619
618,512,650,478,507,615
632,505,659,479,500,608
632,510,658,477,502,608
631,513,651,474,492,614
632,515,660,465,505,617
627,504,651,474,506,617
631,514,660,466,504,617
626,519,655,467,499,623
619,516,644,477,505,624
630,509,660,479,501,614
618,511,646,480,502,626
623,509,652,476,495,623
629,492,658,474,502,618
625,504,655,475,491,621
626,488,654,469,502,624
622,500,657,460,501,627
630,490,658,468,498,619
618,501,645,467,497,629
627,501,660,454,495,629
619,502,645,468,493,631
616,502,644,472,495,630
630,494,660,468,500,620
627,499,655,459,487,632
626,484,656,467,498,624
627,505,657,460,493,630
626,494,657,468,504,624
623,511,655,466,504,627
615,514,641,471,503,630
619,503,649,474,507,628
622,515,642,476,504,630
620,514,644,478,506,631
614,510,642,478,505,634
622,517,657,467,499,631
626,501,656,474,509,624
624,518,657,465,500,632
617,515,643,476,505,634
628,513,650,474,503,629
627,517,659,462,501,631
617,511,644,476,500,630
617,512,642,475,499,629
620,519,645,476,498,627
622,518,642,474,497,625
620,511,644,473,493,624
629,513,656,472,498,618
629,499,651,466,490,609
627,511,658,463,485,609
632,514,660,461,489,604
627,516,645,475,483,602
628,518,655,467,473,599
632,502,654,470,483,592
633,512,651,468,481,593
633,502,654,468,482,589
632,518,659,460,476,592
631,517,658,459,476,589
634,505,657,469,478,581
633,516,659,459,473,585
630,518,656,463,463,583
630,519,655,465,457,578
630,510,657,469,466,565
625,516,646,471,464,572
635,504,658,469,468,564
633,516,659,457,464,571
630,519,659,458,462,571
631,518,645,471,462,567
637,513,652,466,465,561
630,496,651,461,463,562
632,502,652,464,463,560
630,515,659,453,453,561
635,512,648,467,456,556
635,510,656,458,444,556
626,514,644,464,449,555
631,512,657,456,444,553
624,506,644,466,452,553
635,511,656,458,447,553
632,511,659,455,458,548
624,516,640,463,455,551
626,515,642,466,452,550
634,499,660,463,451,537
634,501,658,461,448,536
634,498,659,463,444,534
627,502,649,462,438,543
634,510,661,452,442,541
629,499,652,461,441,541
632,499,650,462,440,538
619,510,644,465,434,541
632,512,656,466,423,535
634,504,656,452,420,539
630,496,648,460,432,541
634,507,658,454,425,539
634,496,658,460,434,533
629,509,656,462,422,537
625,510,654,459,423,538
628,500,652,461,432,540
632,507,659,451,435,537
636,502,659,462,434,529
635,495,656,460,434,535
629,506,659,464,431,531
632,509,659,452,436,538
619,511,644,463,431,542
629,513,658,453,431,543
633,505,659,463,436,532
629,501,648,461,436,542
635,507,659,451,434,543
635,513,660,451,435,543
633,510,656,466,428,536
629,503,645,458,436,542
634,498,656,460,437,536
638,506,660,450,432,541
630,501,646,461,434,542
635,496,659,463,437,533
620,509,643,464,432,541
636,497,656,460,435,531
635,505,657,462,425,526
624,507,654,464,422,532
629,506,656,455,426,532
632,507,655,458,416,534
624,503,643,464,425,534
633,509,654,463,414,530
631,491,653,459,427,530
632,509,654,463,416,528
623,510,645,464,424,535
635,507,656,449,424,535
636,503,658,463,430,526
636,504,659,452,432,535
633,506,655,455,422,536
630,496,651,459,432,534
628,509,653,458,432,535
633,508,655,455,429,535
637,499,660,461,427,527
634,492,658,460,432,530
624,506,647,461,428,537
635,504,656,464,425,529
624,501,644,463,426,536
634,492,649,456,431,533
633,493,660,460,433,530
636,497,659,462,429,528
637,495,661,460,432,529
639,506,659,448,429,537
633,511,655,461,420,536
637,493,658,460,433,530
637,504,659,452,426,538
635,499,659,461,428,525
636,497,659,462,429,527
631,508,653,459,427,533
636,500,660,462,425,529
628,499,643,462,426,537
626,500,645,461,423,537
631,494,651,458,427,532
637,502,659,460,422,525
626,508,646,462,422,533
638,503,659,449,422,533
635,508,655,456,415,533
636,493,654,459,427,532
634,508,656,461,414,529
624,503,643,464,423,537
637,506,658,451,428,534
620,508,647,463,424,536
623,502,644,464,425,537
636,496,660,463,428,528
629,492,652,459,429,536
626,508,649,463,427,539
635,507,654,460,420,542
633,505,644,459,422,539
626,503,647,460,426,542
631,500,658,462,429,531
629,494,647,457,427,544
639,493,658,459,434,535
638,506,657,449,432,540
634,511,653,461,421,541
630,508,652,460,434,543
634,505,656,464,425,536
638,494,659,460,434,539
640,506,660,449,431,545
625,503,655,454,435,548
636,503,660,465,432,540
626,510,649,465,434,551
639,493,658,463,439,546
636,503,659,454,443,552
634,505,659,452,441,555
632,508,656,461,431,559
627,511,647,465,439,560
639,501,659,464,444,551
641,508,659,454,444,561
639,505,661,453,445,563
635,506,655,456,437,569
635,494,649,462,444,566
634,506,654,464,434,566
628,502,645,466,440,566
636,504,656,454,437,569
625,498,642,468,443,568
635,503,655,460,436,569
625,501,643,467,444,570
638,499,657,467,443,558
630,498,649,466,444,570
642,494,660,451,444,568
625,495,644,466,442,571
635,500,650,459,435,563
625,505,643,466,441,570
637,489,659,465,445,561
637,482,657,463,448,563
639,482,660,463,446,561
623,491,644,466,442,571
625,496,645,465,443,572
635,495,655,467,434,567
638,490,657,455,449,569
626,494,642,466,441,573
639,490,660,454,446,571
637,482,657,464,449,562
624,494,643,465,444,573
624,485,643,468,442,572
631,482,655,459,446,570
636,479,656,452,435,571
631,464,650,462,443,571
624,476,645,464,442,569
639,472,658,453,446,569
638,470,659,450,443,569
633,470,661,455,444,566
641,467,658,451,439,567
628,467,652,456,438,562
638,457,656,457,441,560
629,463,643,460,436,566
632,475,653,459,428,564
636,472,654,456,426,565
636,458,656,458,440,561
638,459,659,458,442,557
625,469,645,462,436,566
630,474,655,456,439,562
633,470,656,463,431,558
625,475,645,462,437,567
635,472,661,449,443,564
630,476,652,456,440,565
627,468,644,461,437,570
632,478,651,456,442,565
635,461,653,459,443,568
640,473,657,450,437,570
637,473,661,450,442,569
628,479,655,459,432,567
622,475,644,462,439,571
632,464,648,459,443,571
629,470,645,460,441,571
636,472,658,463,442,559
630,464,653,459,442,569
626,480,646,457,445,570
632,470,658,462,440,561
637,476,656,454,434,570
636,477,658,450,446,566
635,463,652,460,444,564
637,476,657,449,438,570
638,475,660,448,444,566
627,473,643,462,443,571
631,465,659,450,441,568
632,479,652,459,444,568
636,471,659,460,441,560
640,476,660,449,443,569
639,477,661,445,443,567
625,481,644,463,443,568
636,464,656,460,445,567
633,460,649,458,441,568
635,477,655,454,432,564
638,469,660,448,443,568
636,462,656,460,445,564
636,463,654,459,444,567
635,480,654,463,432,564
627,469,644,460,441,570
639,467,657,459,444,560
629,476,660,452,445,568
633,477,656,454,434,569
635,464,654,460,445,565
636,473,656,454,431,571
629,466,644,462,444,571
639,474,660,450,443,569
631,469,645,462,443,570
636,474,657,463,438,561
636,478,656,458,432,570
633,466,650,460,445,567
628,467,646,462,443,569
637,478,659,452,446,568
625,478,643,464,442,571
639,468,659,461,448,561
638,477,656,453,443,570
625,480,645,463,444,572
638,472,659,462,446,570
625,480,643,465,448,572
638,482,657,454,453,569
627,482,643,463,451,576
636,466,655,462,455,571
635,489,657,469,450,568
635,494,656,470,451,572
639,495,653,455,455,579
633,496,651,463,463,579
634,499,654,468,452,575
640,487,656,465,465,569
635,483,656,465,464,578
634,501,654,467,454,580
634,485,650,467,464,582
636,495,652,462,466,578
638,485,655,465,468,577
639,486,654,465,466,577
638,497,658,469,458,573
635,504,654,468,454,578
629,503,647,466,465,582
635,499,658,470,457,575
635,501,655,466,450,578
640,500,659,454,461,582
628,503,647,469,465,580
629,503,648,469,458,573
638,503,655,460,454,583
638,486,657,466,468,577
641,496,658,454,460,581
640,495,655,458,459,581
637,489,652,467,465,577
639,498,658,470,462,572
621,506,643,470,464,582
643,502,658,457,463,584
637,506,655,472,456,576
627,506,644,469,463,583
634,504,654,469,453,579
638,487,655,465,467,578
641,487,657,466,468,574
642,488,652,467,468,574
636,501,654,473,457,577
639,503,652,459,456,582
631,494,647,467,464,581
637,504,653,468,453,581
630,494,643,470,464,583
626,504,642,472,464,585
627,499,644,471,465,583
642,502,655,457,468,577
634,489,647,469,467,582
639,502,660,459,469,580
627,503,643,475,464,582
641,500,661,462,468,580
636,503,656,462,461,583
630,506,646,472,467,582
631,502,652,471,463,581
635,504,655,473,457,577
642,489,657,471,470,574
636,502,653,472,456,578
638,494,657,473,468,572
635,501,655,467,470,581
642,499,659,461,465,582
634,501,655,471,470,581
636,502,655,475,459,576
640,499,657,460,463,582
636,502,655,473,459,575
630,498,643,474,465,582
629,496,644,471,466,584
638,502,657,475,460,573
642,489,658,472,472,573
637,501,655,474,459,575
633,502,652,470,469,577
638,486,652,470,471,577
635,490,646,468,468,580
637,498,661,462,469,577
636,482,652,468,467,576
627,492,644,470,464,581
638,490,650,463,464,576
627,492,644,470,462,580
641,488,657,458,464,578
640,487,657,457,457,581
628,490,644,471,460,581
639,481,657,470,458,570
632,489,655,473,452,577
635,473,651,465,461,577
637,472,650,464,464,576
641,474,655,454,459,578
631,480,647,465,459,578
636,480,647,468,448,573
641,463,647,464,460,571
638,465,640,461,459,574
637,468,634,461,459,576
641,471,642,465,461,570
640,465,640,463,460,571
639,465,636,463,460,574
638,480,637,458,449,580
633,471,624,465,457,580
638,483,631,463,447,579
639,482,628,458,449,580
642,466,624,463,461,572
639,480,614,455,460,576
628,477,598,466,457,580
640,482,597,464,448,577
636,482,582,466,449,572
640,478,573,455,455,579
642,475,573,451,454,577
629,475,557,466,453,579
637,467,562,461,460,575
628,481,557,464,457,578
626,475,553,467,453,578
637,479,563,463,447,573
637,461,565,459,456,571
642,469,563,450,449,579
641,455,562,459,456,572
644,458,565,460,457,570
629,468,548,464,450,580
633,472,559,461,443,574
635,461,556,459,453,579
639,472,563,464,449,568
635,460,559,460,456,578
643,458,569,459,457,572
640,468,571,464,450,569
626,475,568,459,454,575
628,470,562,462,452,579
631,477,569,462,452,578
640,461,585,462,456,570
637,476,584,463,444,573
632,477,593,459,455,577
630,481,595,464,455,577
631,481,602,464,455,577
633,473,600,465,454,580
639,479,615,467,449,571
637,477,626,467,453,570
625,478,614,468,453,579
642,469,633,463,452,570
641,473,623,466,458,570
638,482,635,469,450,571
641,484,642,460,445,581
637,486,642,469,448,573
625,485,632,468,454,579
639,480,650,469,455,571
635,473,650,466,459,572
640,480,647,457,447,579
639,480,652,468,456,571
639,481,655,468,457,570
629,489,640,469,455,580
642,483,640,466,455,570
626,489,641,469,455,579
628,481,641,468,457,581
626,485,642,470,454,581
637,487,651,463,447,579
642,484,656,458,457,580
641,485,655,455,453,582
629,477,642,469,459,582
628,486,639,467,457,582
643,478,658,454,455,578
639,484,655,469,456,571
636,484,653,471,450,571
641,480,658,473,457,569
636,486,653,471,450,575
629,485,641,470,457,582
627,489,645,470,456,582
640,486,658,457,452,581
635,489,654,465,448,579
636,488,653,462,460,577
639,485,656,461,449,581
638,486,655,457,455,580
626,491,647,471,456,580
627,489,648,471,456,579
627,482,643,471,457,582
630,490,656,472,447,576
635,484,658,470,456,571
642,484,658,458,459,578
634,485,657,470,453,572
636,481,658,473,455,569
637,485,658,459,455,580
637,485,660,459,458,579
634,472,655,468,461,575
635,485,656,474,453,570
625,483,644,474,456,580
632,474,649,471,457,579
636,483,658,473,457,570
633,490,656,474,449,575
638,476,662,469,462,571
629,488,654,468,448,579
638,475,657,468,462,572
624,485,646,474,459,580
627,478,650,472,461,581
634,487,660,475,460,569
626,490,656,473,451,574
636,487,662,463,461,578
633,486,657,468,465,578
630,491,656,473,451,576
624,490,642,476,458,580
625,491,649,472,462,577
631,485,661,464,458,580
633,492,654,474,450,578
619,485,647,476,459,581
621,491,647,477,458,580
634,474,656,473,465,576
635,488,662,463,462,579
631,492,656,478,451,573
634,486,660,464,455,580
632,486,656,471,451,580
634,476,657,473,464,573
630,491,658,477,452,574
638,476,658,473,463,573
631,492,657,477,451,577
630,476,651,474,462,582
632,491,658,469,451,581
632,489,656,471,450,580
635,483,659,463,452,582
635,487,660,463,460,579
627,480,648,476,459,578
634,489,661,469,463,577
631,489,656,470,463,577
624,491,650,476,460,580
623,491,651,475,461,579
630,484,659,477,457,571
631,478,649,472,462,578
625,477,646,473,457,581
625,490,650,476,461,579
633,488,657,469,453,569
626,489,654,473,463,578
620,485,645,477,460,582
622,484,648,478,460,582
634,486,661,478,461,570
628,478,648,474,460,581
629,489,659,468,464,576
634,474,653,473,464,579
636,483,662,463,461,579
631,487,658,469,462,578
631,472,658,472,464,576
624,486,646,478,460,581
630,487,657,477,453,575
636,469,659,474,463,573
635,475,660,476,461,571
637,475,662,462,458,580
632,468,653,473,461,579
632,463,653,472,461,577
634,472,661,467,462,579
632,470,660,478,456,570
640,469,667,463,459,577
636,462,661,472,465,569
623,474,649,475,459,580
628,472,656,477,451,574
636,468,660,463,456,580
635,470,659,465,452,581
631,470,662,464,463,578
632,468,661,463,461,580
624,471,645,477,459,582
638,471,663,465,463,578
639,473,662,462,463,577
635,469,663,477,461,570
633,471,661,476,459,569
634,470,661,481,460,570
635,457,660,473,463,572
637,469,661,465,456,580
636,470,660,467,452,580
625,470,647,476,457,582
628,461,651,473,460,582
638,458,662,474,464,580
631,469,660,470,462,576
639,468,650,462,455,576
635,468,660,465,455,580
634,469,658,466,450,580
633,470,658,477,450,573
637,463,657,465,453,578
635,469,660,464,461,576
633,473,657,474,450,576
632,473,659,468,451,580
636,471,661,466,455,580
633,473,660,470,463,576
627,476,650,470,457,580
628,475,654,471,462,578
627,476,656,472,462,578
634,473,658,469,466,577
629,475,653,472,462,577
634,471,660,466,459,578
633,461,652,471,462,578
638,473,662,462,459,579
634,476,659,476,449,570
636,464,660,474,465,572
639,461,665,473,462,570
630,464,658,472,460,582
634,472,660,463,462,578
634,475,657,476,450,575
628,464,651,472,459,580
637,473,659,474,453,571
637,455,657,470,458,573
633,461,652,469,462,581
630,465,647,474,458,581
640,473,662,460,457,579
637,461,659,471,463,573
628,476,652,473,460,578
639,463,661,473,460,568
634,472,664,466,462,576
630,466,647,473,461,580
626,471,647,476,456,582
628,467,649,475,460,581
636,477,654,465,450,577
637,463,656,471,463,575
632,475,655,467,462,577
632,476,658,475,451,573
633,463,653,471,462,579
629,475,657,473,460,578
641,462,662,472,460,571
637,469,661,474,459,569
626,478,648,470,457,577
627,470,647,471,456,582
627,477,647,474,457,580
636,475,659,462,463,578
621,472,646,476,457,581
637,473,659,465,451,581
638,475,659,474,454,571
634,477,657,478,447,577
630,476,658,467,459,577
632,475,657,468,464,577
637,474,657,465,463,578
642,471,663,461,460,579
639,473,661,462,455,581
638,461,663,473,461,572
626,475,647,475,459,580
635,477,658,476,451,575
639,473,660,462,454,580
638,463,660,471,461,571
636,472,657,467,448,580
638,473,659,465,455,581
626,467,649,474,460,582
636,475,660,477,453,571
631,464,649,472,461,582
633,470,660,476,457,567
632,466,662,476,462,571
636,475,657,475,449,579
628,468,647,474,455,582
636,476,657,473,450,580
640,473,661,464,456,582
628,479,649,476,462,581
625,480,647,477,459,580
638,470,662,472,455,573
627,480,652,476,462,579
628,469,649,476,461,580
624,476,648,477,460,583
636,475,661,464,457,583
637,466,661,475,464,572
633,479,656,465,463,579
635,475,657,469,448,581
629,467,650,473,463,580
635,477,658,470,464,579
635,477,659,477,456,574
634,480,659,475,454,576
639,475,659,466,456,583
635,476,659,477,460,572
635,474,659,475,449,576
642,469,664,461,461,579
639,476,661,462,463,581
637,480,655,473,452,579
638,466,659,475,466,576
639,470,662,476,460,572
632,480,657,476,453,579
636,465,657,473,466,577
637,465,657,469,460,583
637,476,659,466,457,582
626,475,647,478,461,583
625,475,644,477,461,585
635,478,658,477,452,577
637,477,663,467,464,579
639,475,661,464,462,582
636,479,659,478,454,576
624,481,650,477,460,583
624,479,645,478,460,584
633,475,662,466,464,581
633,478,656,472,452,582
635,477,660,459,461,583
637,471,661,479,463,574
636,479,656,479,455,577
633,478,659,480,454,576
638,473,662,478,459,574
632,463,653,471,464,582
624,478,646,476,461,583
638,478,660,468,453,583
635,476,659,477,454,577
625,474,647,476,462,586
630,467,652,475,463,584
637,475,660,465,459,584
625,478,655,475,461,584
627,467,647,474,460,586
634,476,658,478,456,577
623,472,644,478,457,584
635,464,660,475,465,575
633,465,656,472,466,582
630,479,656,473,463,583
626,467,647,475,463,586
622,468,648,474,462,586
637,477,663,468,467,582
625,463,654,474,466,582
628,465,653,473,465,585
634,464,659,474,466,576
632,481,658,474,452,583
630,480,655,472,465,582
633,480,658,472,453,586
628,467,651,474,463,583
634,465,654,474,466,580
636,472,662,477,460,575
624,474,649,477,460,586
636,479,657,477,452,582
623,477,645,477,462,585
637,464,659,473,467,575
632,479,658,469,466,583
635,476,660,464,459,584
622,480,650,476,462,583
631,479,658,469,452,582
631,479,657,471,466,578
632,476,662,464,463,579
623,479,647,478,460,582
630,478,654,473,462,579
628,471,646,474,461,582
625,482,646,477,454,584
625,479,648,477,459,579
636,466,660,474,466,572
630,477,660,466,463,579
636,470,643,474,461,583
628,473,661,478,458,571
636,464,661,474,464,571
636,478,659,467,455,580
630,481,659,477,453,571
631,469,662,476,461,567
628,482,650,471,462,574
635,473,661,476,462,563
632,466,652,474,463,573
632,481,658,470,463,568
636,466,658,472,465,564
625,483,648,478,459,569
633,480,657,473,449,568
631,479,659,471,451,568
635,477,659,477,454,560
624,477,647,478,458,569
635,465,656,473,462,562
632,479,657,468,463,565
621,481,655,475,461,566
640,474,663,474,461,557
633,476,658,477,452,562
632,476,661,464,459,568
634,466,655,473,463,565
636,477,659,466,457,569
633,481,651,475,461,567
636,472,661,477,459,559
630,468,654,475,461,570
632,482,657,474,450,569
624,478,647,476,460,572
632,481,657,478,452,565
630,478,660,466,457,571
634,467,659,473,465,563
633,466,654,473,463,569
625,478,645,476,458,572
636,467,662,473,464,563
632,482,658,473,450,570
624,477,646,478,458,571
627,480,651,475,459,572
635,478,659,466,454,570
636,481,658,476,451,567
629,480,658,477,452,559
638,480,656,474,450,561
637,474,646,477,456,565
633,472,659,465,455,562
637,482,659,463,459,561
631,468,653,473,459,561
624,480,647,476,457,564
632,477,659,479,448,558
635,478,660,465,454,563
634,482,657,473,448,557
625,477,647,477,457,564
636,481,656,473,459,561
635,479,659,466,452,565
629,468,656,473,460,561
636,465,660,473,462,553
630,470,651,469,459,562
624,478,658,467,452,565
636,464,660,474,463,553
636,469,647,474,457,563
635,466,645,477,453,564
637,475,661,473,460,552
638,476,661,475,451,551
636,478,660,464,449,561
635,475,658,466,442,559
638,471,658,463,448,559
636,465,658,470,453,551
636,468,661,472,454,551
637,478,662,473,451,560
636,467,661,469,453,558
638,467,659,471,457,555
624,474,652,474,455,561
636,479,663,465,459,558
637,478,659,464,455,560
633,478,666,463,461,557
636,478,660,464,453,564
635,482,656,470,449,562
639,472,662,459,455,565
635,474,661,476,460,560
628,468,662,473,461,557
630,480,657,463,457,569
632,485,659,476,449,568
636,477,660,478,456,558
632,485,657,478,451,563
638,483,658,464,463,567
632,473,653,472,462,567
640,485,662,464,461,568
628,476,646,475,460,572
635,471,653,473,461,568
629,476,649,473,462,573
634,486,658,470,453,572
640,482,662,462,461,569
624,474,657,470,449,571
639,471,661,472,463,566
625,472,648,477,456,571
633,488,657,474,450,569
635,485,657,469,463,568
638,489,659,463,455,572
626,482,646,477,458,573
637,477,660,469,462,568
631,489,658,471,463,569
637,482,662,463,458,569
634,473,654,472,463,568
635,485,657,469,451,571
636,483,660,463,461,569
635,482,658,477,457,562
637,471,659,473,463,565
638,472,662,473,459,562
641,484,662,464,455,569
638,478,661,477,459,561
639,485,663,466,462,569
636,478,650,475,462,572
634,487,657,461,456,571
631,488,656,470,461,571
634,480,658,477,453,565
636,471,655,471,464,568
634,489,657,472,451,571
641,484,657,458,455,570
636,483,660,477,458,561
641,483,654,479,447,565
631,487,655,471,462,569
629,487,656,468,462,569
638,486,662,463,459,570
624,476,647,476,460,571
629,481,656,478,450,569
628,487,653,473,462,570
640,479,660,462,457,571
638,488,657,469,462,569
634,490,655,472,451,570
637,486,659,465,455,573
642,474,661,464,459,572
639,481,663,475,460,562
626,489,653,471,464,569
634,489,658,467,464,570
638,486,663,464,462,571
627,487,657,470,463,569
625,485,644,477,459,573
625,489,645,477,458,574
625,490,645,476,458,571
628,491,650,475,461,572
639,486,660,465,455,573
635,486,655,476,452,567
631,489,657,476,449,570
633,474,653,473,461,570
636,487,659,467,452,573
637,474,657,473,462,566
625,474,659,471,463,567
633,490,657,474,449,571
628,480,645,472,456,574
636,472,656,477,452,572
631,479,654,473,462,571
637,473,649,476,460,572
638,474,659,473,463,568
638,487,653,473,462,570
640,473,658,473,464,566
634,491,654,472,463,570
638,474,661,473,461,562
641,483,661,464,466,569
639,484,662,463,457,572
640,487,660,464,456,573
639,475,653,471,463,569
635,488,657,477,452,566
637,489,657,469,451,572
635,489,659,476,454,565
638,485,661,463,462,571
634,491,657,477,453,567
625,490,662,462,464,573
637,491,656,475,451,571
632,479,652,474,462,574
637,491,654,473,464,571
627,479,643,477,455,570
636,488,662,465,464,572
627,488,645,478,459,575
629,492,656,470,464,572
629,493,648,474,460,574
631,492,652,473,464,572
633,476,651,474,450,573
628,486,646,476,460,576
636,477,653,473,466,573
635,492,658,473,452,572
635,490,661,465,459,575
638,492,655,469,452,575
633,477,654,473,463,574
639,481,655,468,464,572
630,493,654,473,462,573
640,488,659,463,463,574
641,489,662,463,464,572
635,492,658,478,453,569
626,492,646,477,463,575
640,476,660,474,461,567
626,487,645,478,460,576
634,487,661,477,459,566
640,478,657,474,465,568
630,491,655,472,452,571
636,488,661,475,458,565
628,494,652,469,463,573
634,492,661,464,466,574
635,491,659,465,466,571
639,487,661,476,459,565
631,487,645,475,461,577
638,485,661,464,461,574
637,485,663,464,461,572
634,484,661,475,461,564
635,493,656,475,451,572
628,488,651,471,459,575
636,491,658,477,453,568
636,493,657,478,452,569
626,487,662,463,464,573
628,488,646,476,459,577
636,491,658,477,455,570
639,484,660,477,463,566
635,492,658,478,455,570
638,491,658,467,455,576
637,495,656,474,451,572
637,495,656,473,451,572
638,489,659,465,458,575
641,479,657,473,465,569
642,483,662,460,460,575
636,488,660,464,465,574
628,496,658,470,452,576
639,480,662,473,462,565
638,491,657,469,453,575
635,491,659,478,457,565
636,493,654,479,452,568
633,481,647,474,463,576
627,493,654,471,463,572
628,486,644,478,460,575
631,492,647,476,462,573
642,490,659,465,458,576
630,484,646,476,460,578
633,493,655,470,465,572
625,494,646,478,460,575
628,493,648,475,460,576
632,481,648,473,461,574
635,490,657,465,456,576
637,491,657,478,455,568
640,486,659,477,463,566
640,489,665,468,465,574
627,497,656,473,466,569
629,489,649,476,462,573
631,481,661,475,466,564
632,482,652,474,465,575
637,492,660,477,456,567
639,488,660,469,464,572
628,488,652,473,462,574
628,496,647,467,463,570
627,491,662,478,453,570
628,492,658,470,465,572
627,494,643,472,460,573
625,494,651,473,465,573
627,493,649,473,459,572
632,490,659,476,457,566
639,491,655,469,464,573
628,493,645,477,460,576
640,485,661,475,463,565
636,478,654,472,466,574
632,494,658,468,467,573
631,480,652,473,463,574
635,481,649,473,463,573
636,490,657,477,457,566
635,478,660,474,465,568
631,483,647,474,460,577
630,484,648,474,463,574
631,494,650,473,462,572
641,478,657,471,466,571
637,492,657,471,454,571
638,478,658,473,465,566
641,490,647,477,460,574
637,483,661,475,463,565
632,493,654,473,463,574
640,479,657,473,451,573
638,490,657,464,465,572
638,484,655,471,450,573
627,493,648,476,462,574
639,480,657,473,463,570
642,475,657,474,464,566
631,494,655,471,465,572
633,481,657,477,455,567
627,494,647,476,460,575
626,493,652,474,464,567
642,490,645,477,462,576
642,490,662,464,465,575
631,482,647,474,461,575
639,489,661,463,460,576
638,491,660,474,462,566
641,478,659,472,465,568
634,476,651,469,460,577
630,495,656,471,464,573
635,492,657,477,456,569
640,490,658,462,459,575
636,494,655,468,464,571
637,491,659,478,448,564
626,491,646,477,459,574
640,487,662,465,466,571
640,482,661,462,463,572
639,491,646,475,461,574
634,493,658,468,467,569
640,485,661,464,466,569
636,489,655,476,459,564
631,486,645,469,462,570
636,493,656,476,451,569
636,494,661,469,464,567
629,497,645,478,462,570
640,488,661,464,464,569
628,496,656,472,453,570
637,493,656,467,464,566
628,489,658,475,461,570
641,479,644,474,462,569
626,486,661,473,464,561
637,491,648,468,452,562
642,479,656,478,455,558
638,489,657,477,457,557
640,484,662,464,461,565
640,490,658,465,459,564
637,493,662,472,464,564
636,492,656,476,456,554
630,494,655,475,455,559
641,482,658,471,466,554
636,486,652,471,449,553
631,486,647,461,465,555
640,475,655,472,463,551
631,487,646,474,463,555
639,479,645,473,461,555
638,486,659,476,460,542
635,479,656,474,454,546
640,479,661,472,465,541
638,494,643,468,448,548
639,480,656,471,453,546
635,495,658,465,455,546
635,493,660,465,467,541
633,493,660,473,462,538
637,478,658,464,456,542
635,481,654,472,465,543
642,489,661,467,463,539
637,490,660,463,463,541
641,492,661,463,463,541
644,491,645,472,453,542
640,491,653,465,452,538
629,494,652,470,463,536
640,478,656,472,466,532
627,495,661,462,467,535
626,495,656,471,465,535
639,493,659,462,461,536
629,496,641,471,465,530
640,480,654,474,462,531
636,493,656,472,453,542
640,484,659,473,464,535
628,494,647,477,459,547
636,494,661,462,464,546
643,492,660,463,468,546
637,490,660,477,464,541
638,494,660,477,451,552
634,493,664,466,466,550
640,489,661,464,464,551
625,497,644,478,460,554
636,496,651,472,464,550
628,491,645,466,457,550
637,493,655,478,454,546
640,487,660,475,466,542
638,491,651,473,464,550
635,496,656,476,455,546
637,491,662,462,465,553
640,493,663,468,467,552
637,494,656,473,451,554
636,495,654,469,463,559
628,495,645,477,461,564
636,495,657,465,462,559
638,478,656,475,456,555
642,492,645,463,456,564
636,496,659,473,462,558
627,496,644,476,460,564
638,478,662,472,457,555
640,493,655,466,454,563
629,487,650,473,457,556
641,480,660,473,461,566
638,490,644,463,451,565
640,488,645,464,454,568
635,475,652,460,462,566
640,487,660,459,458,567
636,492,655,467,452,567
636,488,657,473,456,559
629,487,647,470,459,568
635,487,654,469,448,566
642,479,658,458,457,567
634,466,659,470,451,573
641,471,659,455,440,573
640,455,661,469,443,566
637,468,656,461,435,571
639,463,642,452,446,576
629,467,657,464,449,570
634,468,658,465,436,575
627,461,643,465,447,577
636,466,655,463,449,576
629,460,645,464,446,580
631,456,646,463,448,581
638,454,657,462,449,573
633,456,649,467,444,570
635,466,657,466,436,570
636,466,657,456,451,577
637,467,660,456,445,579
628,463,658,456,450,577
626,471,650,468,448,578
638,461,658,466,453,572
627,470,656,462,438,579
637,455,655,468,448,579
637,456,660,465,448,571
634,459,660,467,450,567
633,461,650,467,451,579
639,468,657,458,442,579
631,470,653,463,451,577
634,471,656,466,452,577
632,459,659,468,448,569
630,462,646,467,448,578
638,467,659,459,444,579
635,469,657,460,440,579
629,470,650,467,448,578
634,473,656,467,439,577
628,473,650,469,450,579
626,475,641,465,448,578
633,470,645,469,445,571
641,469,662,457,451,577
637,469,658,463,439,581
634,456,654,464,449,579
635,470,662,465,451,579
628,462,641,466,445,582
634,471,657,469,441,576
636,472,660,459,452,578
636,470,657,461,435,579
637,458,660,467,450,571
631,459,649,457,451,579
630,472,650,466,437,579
636,455,658,465,443,573
634,470,660,462,452,579
633,470,659,469,446,572
641,467,660,456,449,578
639,458,657,458,444,580
641,468,659,457,452,581
637,471,657,463,437,580
627,474,647,469,449,579
637,466,658,469,444,569
636,473,655,469,438,576
638,458,658,459,444,578
634,473,652,468,438,572
640,468,660,469,448,577
638,460,659,456,448,577
627,461,642,470,444,576
630,472,654,469,447,575
638,457,655,471,443,570
625,476,645,467,450,579
637,473,655,458,450,578
632,461,651,466,453,577
632,472,656,470,444,574
638,470,661,457,447,583
641,470,661,471,449,580
627,475,648,464,439,584
634,458,658,467,452,577
641,471,658,458,444,585
638,469,660,458,452,582
639,470,659,457,449,581
628,474,646,471,451,583
634,474,655,466,440,583
633,474,656,469,444,585
636,471,657,462,442,585
631,463,648,463,453,580
641,468,662,456,449,583
635,475,646,459,446,586
638,473,656,472,443,578
635,473,654,468,441,582
634,473,652,460,452,582
633,468,662,469,450,576
633,463,646,467,452,577
640,476,653,467,449,581
628,467,647,469,449,587
634,462,652,465,453,583
633,472,660,459,455,581
636,475,655,457,449,586
633,473,654,468,449,584
640,471,660,457,449,585
640,470,657,465,445,586
638,469,658,463,441,585
633,474,654,464,441,585
636,475,644,462,441,586
635,473,662,472,451,585
640,471,657,470,451,582
629,459,660,467,451,575
635,476,655,470,444,577
638,473,657,471,451,586
627,480,645,470,448,586
626,462,658,464,454,573
636,476,655,468,439,581
640,467,660,468,450,576
632,466,648,469,449,585
636,472,659,469,451,588
636,474,656,468,440,583
636,476,655,471,447,572
634,462,649,466,454,579
635,462,658,466,454,574
635,475,653,470,445,574
635,462,651,467,440,585
627,476,653,466,454,577
641,459,657,465,453,576
635,474,657,472,452,585
636,460,656,468,455,583
640,461,651,468,451,582
635,462,653,467,453,576
634,475,650,468,452,582
637,464,650,467,452,582
637,461,653,467,453,578
636,476,654,471,442,579
639,470,656,471,445,582
636,476,652,470,446,581
642,471,660,463,452,580
635,475,655,464,449,584
636,470,660,459,448,583
635,475,656,465,441,579
636,473,662,455,447,584
641,473,657,461,454,581
632,463,651,465,453,579
636,472,658,469,443,576
638,473,662,459,448,574
636,462,651,467,453,581
640,471,661,466,450,582
641,471,660,466,449,583
641,470,662,470,446,584
633,476,657,463,453,580
632,466,645,457,448,582
629,467,644,467,451,573
638,473,661,466,443,584
636,457,654,467,455,576
637,470,658,460,448,574
640,468,661,458,451,579
636,470,656,455,441,583
641,455,660,467,452,573
641,465,660,455,451,580
628,455,644,470,449,582
628,450,646,462,449,582
623,457,642,469,448,584
634,457,660,459,454,579
633,452,658,468,448,574
633,455,656,458,455,583
621,454,641,467,453,577
632,455,654,467,454,579
631,442,652,471,448,573
628,450,656,469,452,573
628,459,651,470,445,576
628,456,648,468,453,581
627,443,649,457,452,582
630,444,652,466,457,577
628,456,654,458,455,579
622,459,652,465,446,582
625,445,650,468,456,578
626,461,651,467,456,578
626,448,646,466,455,580
620,457,638,473,454,584
627,458,649,463,446,583
618,462,643,472,453,584
627,457,653,464,446,581
626,462,652,472,446,578
628,446,651,467,458,576
619,461,648,468,456,581
628,459,653,463,447,583
630,457,657,468,454,580
631,464,650,469,457,580
620,455,641,473,452,580
618,463,650,467,459,579
623,463,652,467,457,572
632,461,653,466,458,580
630,463,643,472,456,581
629,449,657,473,459,573
631,460,657,459,450,581
632,449,659,470,458,573
628,455,655,472,448,577
617,463,645,472,454,581
630,459,657,470,453,575
631,457,659,461,456,582
632,462,646,470,454,582
630,456,659,472,460,574
631,466,660,472,461,580
630,468,656,465,449,582
633,463,660,475,458,585
631,464,660,472,453,583
632,469,657,463,461,579
634,465,656,476,452,577
619,472,647,471,459,582
630,470,646,476,457,584
625,458,655,471,462,576
633,472,658,466,459,582
632,474,656,459,452,574
624,475,648,474,459,580
638,459,661,470,450,584
635,457,656,468,461,577
621,474,652,472,461,579
626,474,650,471,458,581
634,474,656,467,455,583
631,460,648,471,456,582
634,468,659,473,464,578
631,459,656,466,462,575
634,473,657,466,448,582
638,463,660,455,456,580
634,459,656,467,461,576
637,452,660,465,460,575
639,468,661,464,456,583
637,470,660,457,458,579
625,472,645,460,459,572
637,471,657,468,449,577
635,468,659,470,455,582
636,469,655,459,445,580
627,465,647,463,455,579
635,459,657,462,454,581
641,457,657,465,443,576
634,455,656,459,439,582
620,454,647,460,450,584
634,452,658,463,440,574
633,451,658,461,449,581
637,440,660,452,443,584
627,456,652,460,451,580
641,454,661,451,448,583
638,457,662,451,455,581
641,449,659,455,456,572
637,457,662,451,451,581
636,458,660,463,446,583
639,463,659,451,454,575
629,458,659,461,441,578
631,452,651,461,453,583
636,464,656,465,455,581
627,469,649,463,450,582
633,453,647,464,452,580
633,464,653,459,454,581
635,461,656,464,442,578
626,466,649,464,451,582
641,450,660,459,455,575
642,459,662,448,450,580
632,463,652,457,451,580
635,466,657,458,452,578
626,465,644,463,450,584
640,447,653,458,453,581
639,461,660,449,450,579
627,465,648,462,450,583
628,462,660,449,451,581
629,465,646,463,451,582
627,461,646,460,451,583
639,450,653,458,455,578
642,457,662,462,448,582
629,467,650,463,453,582
641,464,658,455,447,583
641,449,655,464,452,572
641,461,660,451,449,581
634,459,661,463,451,573
641,462,659,451,448,580
638,466,660,462,457,575
627,467,647,466,454,584
638,463,644,468,450,573
641,465,660,452,448,583
632,462,646,467,454,583
639,460,662,466,455,571
640,460,659,456,447,583
643,456,663,454,459,575
638,441,653,464,458,579
640,453,656,456,451,583
630,447,661,453,454,581
640,446,660,466,450,579
627,454,653,463,457,580
636,451,657,458,457,580
633,454,656,463,445,578
644,450,661,455,455,575
641,439,657,465,458,574
627,448,646,467,457,579
634,430,653,460,455,580
640,439,654,458,452,580
632,435,654,455,452,580
639,420,657,451,439,581
628,431,661,449,447,579
641,411,659,454,445,574
638,424,657,448,431,574
641,410,660,435,429,583
642,412,658,433,429,581
642,400,661,440,419,578
638,408,657,439,421,574
635,399,649,439,425,581
635,408,656,434,429,579
637,393,659,442,418,576
638,404,661,442,421,573
629,410,649,441,426,581
643,406,662,429,426,580
638,409,660,432,429,581
633,395,653,438,425,582
639,405,661,438,422,572
638,408,657,435,428,583
635,412,656,432,427,580
627,414,650,441,432,583
637,397,651,443,428,581
628,407,662,431,430,580
637,399,656,439,430,577
633,413,659,446,427,572
637,400,654,443,432,581
638,401,656,440,433,578
637,418,657,441,432,580
624,414,647,447,435,573
635,418,656,443,421,581
641,409,661,434,433,581
637,423,659,440,421,583
634,405,655,444,432,583
639,400,659,444,435,581
642,415,663,449,430,574
633,422,663,439,432,583
627,425,649,452,437,582
639,417,656,449,437,580
629,430,647,454,436,583
636,428,661,454,432,575
634,430,656,448,440,581
636,431,662,443,434,585
626,419,663,455,438,582
639,437,663,445,444,583
640,428,660,454,446,580
636,448,657,455,441,573
634,449,652,458,450,584
626,457,653,457,452,584
636,453,662,461,454,576
637,462,650,462,448,581
626,460,648,462,455,589
628,482,647,464,458,587
639,485,660,464,461,581
641,494,663,453,468,585
637,494,662,468,462,577
639,483,659,457,458,587
636,500,660,455,462,588
629,501,647,453,464,586
638,499,661,454,463,577
639,492,661,454,464,587
626,507,647,468,468,588
638,497,661,463,473,582
627,510,648,470,471,589
632,507,654,470,475,579
626,515,660,466,465,588
628,522,647,478,474,588
624,524,649,476,480,590
633,523,661,466,476,588
634,522,650,478,483,589
627,518,659,475,488,583
625,521,654,475,485,578
635,522,657,482,476,582
624,512,652,472,487,584
634,528,661,467,479,589
637,526,649,480,483,588
632,517,660,478,488,580
635,527,657,478,486,577
633,531,649,480,487,590
623,529,661,479,490,578
637,528,655,478,488,582
624,531,655,471,491,585
639,526,663,468,488,586
629,519,661,479,489,585
634,530,659,477,478,587
631,532,659,476,481,586
634,527,658,480,479,586
633,516,660,482,493,579
628,532,648,486,485,587
624,521,659,482,492,582
634,531,656,471,491,587
640,528,653,487,491,586
637,526,659,480,493,584
637,526,660,475,495,585
626,523,657,482,494,581
628,519,650,483,496,585
636,514,659,480,496,584
625,515,659,478,484,587
634,517,657,485,495,587
630,500,655,484,491,586
635,510,657,478,485,586
625,504,647,487,492,588
637,510,657,483,484,588
631,497,658,486,480,584
634,511,659,476,492,586
632,512,652,484,498,579
633,511,661,487,485,579
637,502,661,484,497,581
637,512,660,475,489,589
632,518,658,484,496,582
636,512,657,484,483,588
627,508,649,486,493,588
636,502,660,480,496,585
622,517,655,475,495,586
626,510,647,486,492,589
625,507,647,486,491,577
623,513,649,486,493,590
635,506,647,487,492,589
632,513,659,486,485,583
633,522,650,486,493,588
628,510,653,484,494,592
635,514,662,470,491,588
633,515,657,484,483,584
632,521,661,474,487,587
633,517,663,473,492,588
622,519,664,473,492,585
628,518,661,488,486,591
635,505,657,485,494,585
633,520,661,471,482,591
630,510,650,480,491,589
634,518,646,477,485,591
631,515,660,484,480,587
634,511,658,484,493,591
621,519,647,487,490,593
630,517,655,482,494,592
622,521,660,484,493,588
633,515,657,486,482,584
634,515,647,486,494,581
633,507,645,485,491,578
632,513,660,489,481,583
620,511,646,489,492,586
632,511,658,489,486,579
628,521,660,490,487,580
630,520,657,481,484,589
630,516,662,486,495,580
633,511,661,487,492,579
633,515,647,488,490,589
625,508,662,485,481,585
629,519,661,475,487,589
630,517,661,473,488,589
633,513,657,479,494,584
633,512,662,484,491,587
627,516,648,486,483,580
621,516,647,477,487,589
633,512,656,481,493,587
628,509,661,486,490,583
630,512,663,476,490,590
631,507,656,481,484,592
619,510,649,482,487,593
631,503,662,486,496,590
633,509,661,487,491,581
628,512,663,485,490,592
629,511,661,489,487,582
623,505,661,487,490,592
623,514,646,487,489,593
629,515,658,489,487,583
631,503,663,487,490,583
631,511,662,486,489,584
623,521,658,477,480,598
628,516,655,483,491,595
632,520,645,486,490,599
622,512,646,485,485,597
627,517,659,469,483,602
632,498,660,476,488,592
627,509,651,477,472,598
632,504,662,465,481,601
620,509,651,476,482,599
632,487,659,471,483,593
630,498,661,477,482,604
630,503,655,464,485,599
624,497,643,476,488,598
624,509,654,477,474,598
621,509,648,478,485,600
612,507,644,482,485,605
629,509,657,469,484,604
622,514,643,484,486,596
624,515,654,473,482,606
626,514,654,478,492,603
615,522,656,481,492,606
624,519,654,481,480,608
620,516,643,483,489,598
618,514,656,480,492,601
621,512,656,481,487,610
628,528,656,471,490,607
626,524,656,470,485,608
612,532,643,484,483,612
621,528,644,479,488,604
621,530,649,479,487,608
624,529,656,479,487,608
622,523,658,483,484,599
619,524,657,483,481,598
615,528,658,480,488,609
617,537,656,473,480,610
615,541,654,472,481,609
611,526,654,481,488,607
621,536,656,485,483,610
616,537,643,484,482,608
618,526,659,483,481,599
618,538,644,481,485,606
617,538,648,482,484,608
606,535,648,482,486,604
611,528,658,482,485,603
603,542,654,484,485,608
616,537,650,489,473,605
603,539,648,484,482,611
614,540,653,483,484,611
615,537,650,477,483,603
613,538,659,476,481,609
611,535,655,481,483,604
614,526,659,484,481,598
604,540,642,489,478,607
606,536,644,486,478,605
600,527,653,476,483,604
609,536,648,484,482,602
600,539,655,480,469,606
612,533,654,481,484,606
609,537,659,475,481,605
607,532,657,485,470,609
600,525,655,484,485,599
609,532,658,477,482,606
606,534,643,476,478,606
597,526,655,487,480,605
611,526,654,483,483,601
608,513,658,488,479,608
605,528,655,484,471,606
610,525,649,476,483,603
604,526,645,490,480,606
610,519,656,491,472,600
598,529,643,489,480,606
604,514,659,487,484,592
610,512,660,490,481,590
607,532,658,477,477,600
610,532,661,479,486,594
610,520,658,490,476,587
603,528,656,477,478,595
592,526,650,476,481,593
605,518,658,487,474,583
604,515,660,491,480,585
594,520,653,486,481,585
606,526,654,483,482,591
593,522,660,490,484,587
593,529,658,476,483,591
592,525,654,487,486,591
602,526,647,490,470,589
605,527,656,481,474,596
603,517,659,490,481,584
604,529,662,490,481,586
606,523,659,491,473,589
601,530,650,492,479,595
595,526,657,494,471,589
599,530,649,490,481,592
599,522,661,490,484,589
595,535,661,479,479,596
608,518,662,491,481,585
598,529,654,487,485,594
611,531,664,485,483,594
608,534,650,487,472,597
612,518,662,490,480,586
599,529,649,488,479,593
610,521,664,491,470,593
613,535,659,474,483,593
605,525,658,487,484,593
600,541,649,490,481,598
611,538,659,487,471,596
610,538,652,480,475,598
603,533,647,489,479,600
610,539,659,484,472,598
613,538,660,477,474,596
607,527,660,484,484,589
607,540,649,489,478,600
605,538,651,485,480,600
610,526,660,476,483,596
613,526,662,486,485,590
616,534,658,480,475,597
618,530,661,488,472,588
619,535,665,482,485,595
615,539,664,490,481,598
616,535,662,476,485,595
607,535,649,490,482,597
621,525,663,489,485,588
616,538,659,488,478,600
622,526,660,478,485,596
608,539,651,476,485,601
609,540,647,489,485,599
623,531,658,482,489,595
622,528,658,490,477,591
623,520,659,492,475,591
623,523,651,489,487,600
621,527,658,489,476,597
625,523,659,485,490,595
621,525,662,479,487,596
623,520,664,478,489,596
626,505,661,491,491,589
626,502,660,494,487,590
623,514,663,481,491,597
625,498,660,491,495,597
626,495,658,492,496,595
622,496,655,490,494,599
626,507,661,483,485,601
624,505,663,496,490,600
621,508,656,497,482,596
627,508,664,479,494,596
625,493,658,491,494,596
624,507,661,496,485,588
628,506,662,485,484,601
622,509,659,496,488,590
628,495,662,491,495,596
624,513,659,486,482,600
623,494,655,490,493,598
627,496,662,489,491,590
617,509,655,491,490,597
622,507,659,495,488,588
615,509,652,489,490,598
619,495,653,492,488,602
628,493,659,488,491,592
623,499,662,489,486,591
629,494,659,490,491,592
617,497,653,490,487,593
620,511,655,490,480,600
626,505,664,491,492,591
627,502,661,489,481,600
617,512,647,493,491,602
627,517,652,492,494,595
627,515,660,484,497,599
629,506,659,487,488,603
624,521,663,484,495,603
625,518,652,499,497,601
625,517,650,495,503,601
627,513,658,504,493,599
628,517,662,487,502,603
630,513,648,499,498,604
626,517,662,489,502,602
625,518,659,497,494,599
620,508,649,503,505,599
619,513,656,499,506,603
633,511,662,490,505,599
625,515,660,491,497,604
620,512,648,489,503,602
626,501,662,502,501,594
629,498,662,488,501,602
619,496,647,501,502,603
618,494,652,503,494,596
627,481,658,497,504,599
629,482,661,499,504,594
631,486,665,488,499,600
627,483,661,489,493,602
630,475,664,485,496,603
618,467,648,497,494,602
629,471,660,486,496,591
628,468,662,491,494,598
624,470,658,490,493,598
627,469,657,489,492,595
625,470,658,492,479,600
622,473,651,491,492,598
625,476,653,490,492,598
627,477,656,493,484,600
631,479,660,482,482,598
624,489,653,491,493,600
626,492,651,494,484,595
628,490,656,497,487,592
624,498,651,482,495,599
628,506,651,485,486,602
630,507,655,479,492,600
631,510,652,494,493,592
617,516,648,490,482,599
629,519,640,494,489,601
625,523,638,496,487,591
627,511,644,491,492,600
622,521,644,494,494,599
625,521,643,488,479,597
624,528,646,493,483,600
626,526,638,495,493,599
622,516,646,489,493,596
616,526,638,493,496,601
627,508,645,492,494,594
615,532,634,495,495,600
621,516,647,498,491,592
616,522,644,494,495,600
625,526,640,495,495,598
622,526,647,496,496,593
620,524,648,490,483,600
619,507,643,495,492,598
625,510,650,487,483,603
625,503,651,498,487,600
624,496,644,493,489,597
613,504,649,483,490,598
625,504,652,482,489,596
626,503,649,495,488,591
621,506,643,491,482,587
626,502,649,481,486,600
621,506,644,484,489,597
619,496,637,492,487,598
621,510,636,493,478,596
612,500,625,492,488,596
613,506,622,496,484,601
622,506,631,484,485,590
615,499,618,493,485,599
615,499,614,492,490,594
617,505,621,487,488,597
615,503,610,493,485,589
611,508,612,490,488,598
619,507,617,486,483,600
623,497,622,490,488,598
609,501,604,488,487,599
620,502,619,479,487,599
622,492,619,487,490,589
618,502,618,490,490,598
617,504,616,490,487,600
621,493,618,492,486,587
620,506,618,491,479,593
626,502,626,479,487,597
624,503,624,483,480,599
621,503,627,491,491,596
616,492,623,490,491,599
623,502,632,479,491,596
623,501,635,480,487,599
609,506,621,496,492,596
613,506,623,494,487,598
611,501,621,494,491,592
621,503,634,495,480,591
620,504,634,486,486,589
621,502,634,486,490,597
618,487,633,491,491,595
624,489,643,493,488,589
620,499,642,496,483,590
619,498,643,483,479,595
609,502,631,495,488,600
625,488,648,494,496,589
613,495,636,495,493,596
622,488,652,482,489,589
618,499,650,496,481,593
617,502,646,492,493,590
618,500,651,486,493,597
619,497,652,496,489,600
611,495,640,494,488,601
619,497,654,494,491,594
610,499,640,497,488,599
620,500,654,490,488,597
615,493,644,495,492,599
612,499,645,491,493,595
625,493,659,495,488,589
622,501,662,494,486,600
624,496,661,493,491,592
623,507,657,487,480,599
624,496,662,483,478,595
616,511,648,493,490,598
628,508,664,481,489,597
627,495,661,490,491,592
628,506,661,481,482,599
619,497,655,487,488,598
625,509,659,484,487,600
627,505,664,477,484,600
628,508,661,480,483,601
627,502,659,476,481,600
618,511,654,489,487,601
625,511,660,490,485,604
627,511,659,484,486,593
631,508,663,475,478,602
628,506,659,481,475,603
627,511,667,478,491,598
627,498,664,484,493,595
627,514,664,472,488,604
620,509,649,484,491,601
630,511,662,474,492,600
625,513,660,474,479,603
622,505,650,479,490,603
629,498,661,479,488,604
625,511,649,477,489,605
630,499,662,475,492,598
628,500,659,474,491,601
628,515,664,466,487,603
633,510,664,465,484,600
625,516,661,470,482,604
630,497,660,477,482,598
629,498,660,472,493,598
629,510,660,475,490,605
624,511,663,469,493,602
627,514,651,475,483,604
631,510,666,471,491,599
626,515,652,474,491,603
631,511,664,461,489,605
627,513,654,467,480,595
625,512,667,461,493,603
617,515,650,475,490,602
628,504,656,471,494,602
624,517,649,458,487,604
620,516,647,475,489,605
618,503,648,477,479,600
630,511,666,464,493,606
630,501,657,472,491,604
627,514,652,475,489,605
619,509,650,476,481,602
630,512,666,464,481,602
629,500,659,473,492,596
629,516,660,467,482,606
630,515,657,472,493,602
632,509,663,476,489,595
631,516,664,464,489,603
619,512,649,476,481,595
632,513,656,473,487,603
624,503,655,473,492,599
619,513,657,475,488,598
621,515,649,479,487,604
628,512,660,475,480,603
620,516,652,478,490,605
629,515,662,471,489,606
622,501,652,473,488,604
619,517,651,476,489,605
618,514,654,473,492,600
618,514,657,474,480,599
627,500,658,477,492,598
626,501,655,475,494,605
627,516,664,467,486,605
634,510,666,465,484,601
619,513,650,479,488,605
629,508,660,468,485,604
629,512,665,465,479,603
627,512,667,467,492,603
633,508,661,475,487,594
627,508,664,477,489,606
632,508,664,466,494,604
632,499,663,475,492,596
630,508,665,477,492,601
632,505,665,466,489,603
628,512,655,478,492,604
632,506,664,480,491,597
634,510,665,467,495,604
628,514,662,473,483,606
619,507,650,480,492,608
633,511,665,466,488,606
619,509,650,481,489,606
628,512,661,476,484,605
629,512,665,469,496,603
617,508,649,484,492,597
630,497,661,479,497,601
631,508,662,475,486,608
630,502,667,483,496,597
628,512,659,482,493,606
634,507,665,471,491,608
625,498,657,481,495,604
631,509,664,471,498,604
634,508,664,472,491,608
628,510,663,483,491,598
619,510,649,483,492,608
630,505,665,483,494,608
619,504,650,483,493,608
619,508,654,483,496,606
627,504,663,476,493,606
630,499,665,471,493,605
632,493,666,485,498,597
625,504,659,479,497,604
628,489,659,480,498,605
628,506,662,485,486,600
632,500,667,471,484,607
633,498,665,470,492,607
629,497,666,471,497,598
628,492,662,479,489,599
628,480,657,479,491,598
629,495,662,484,486,604
628,494,660,486,486,601
622,496,654,483,496,606
633,484,666,481,497,604
624,495,660,485,487,601
623,481,650,480,492,609
633,492,666,481,501,600
627,497,659,477,500,604
620,489,649,480,494,607
627,494,661,478,497,609
625,496,657,473,497,604
627,480,655,482,495,609
632,489,667,471,496,605
625,481,657,480,496,606
622,488,652,485,494,608
632,489,664,472,490,607
632,488,667,469,495,607
629,473,660,482,496,608
630,494,663,480,485,607
632,488,666,471,493,608
631,492,664,474,495,605
622,479,648,481,494,597
632,489,663,474,489,608
635,478,664,483,498,597
627,476,655,481,496,604
632,477,665,481,498,597
633,476,664,482,496,603
632,476,664,480,498,597
630,478,655,483,496,609
631,476,661,480,497,608
626,477,658,481,495,607
621,489,649,486,494,608
628,486,661,481,495,608
619,478,649,485,489,598
622,483,654,483,496,604
626,479,655,481,495,605
628,478,660,482,484,604
632,473,665,471,494,607
621,472,649,484,493,608
632,476,664,472,496,605
632,477,665,472,491,605
633,477,665,471,495,605
629,478,665,473,498,602
627,479,664,485,491,605
632,476,664,482,486,606
628,462,658,480,496,602
628,461,655,481,496,609
622,471,649,486,494,608
630,459,659,482,497,604
627,471,663,479,497,597
619,477,655,484,497,606
630,461,659,482,496,604
632,475,665,473,496,604
634,474,664,484,495,605
630,472,666,483,496,597
622,483,651,485,496,605
621,479,649,483,493,608
633,480,663,475,489,606
623,484,656,483,495,604
631,485,661,482,483,606
628,484,662,488,485,601
632,468,663,482,501,599
633,471,662,482,500,599
629,472,663,482,497,608
634,483,660,475,488,606
632,478,666,485,496,596
631,484,662,488,492,597
619,484,650,484,494,599
620,485,650,487,495,607
631,481,664,487,494,608
629,487,662,477,485,605
630,487,665,477,499,604
630,476,656,484,496,607
621,486,649,486,492,606
633,479,662,483,500,608
631,494,659,481,487,606
635,485,665,474,493,605
630,500,660,483,486,606
633,500,666,476,498,606
630,491,661,484,500,599
634,499,664,486,497,596
630,509,660,485,488,607
634,496,664,486,497,597
618,510,651,488,495,606
635,500,664,484,500,598
635,514,662,481,498,605
630,506,652,478,499,603
632,508,660,484,499,600
633,518,660,481,498,608
621,524,650,489,494,604
630,511,659,482,498,601
633,522,662,481,497,604
629,524,663,475,492,602
625,529,662,479,484,605
634,515,660,489,487,596
631,526,663,476,491,606
632,514,661,488,483,599
615,529,649,488,492,606
627,515,665,487,495,595
625,531,649,489,493,606
628,527,659,484,482,605
627,515,663,482,500,597
632,514,663,487,493,601
634,527,666,476,494,603
626,529,650,491,493,606
620,524,656,484,496,602
623,528,649,489,491,606
622,531,650,485,491,596
633,525,660,479,497,602
627,532,649,489,492,599
618,525,657,484,492,606
634,525,661,482,497,603
626,516,663,484,497,598
628,533,663,475,488,606
633,525,659,478,497,602
619,528,657,473,491,606
631,525,664,474,494,602
635,514,664,486,490,605
629,528,665,469,488,605
633,521,653,483,492,604
630,531,663,486,491,604
623,526,646,483,489,606
635,516,664,484,491,603
624,531,650,485,492,606
630,533,660,477,482,605
633,532,663,470,490,604
632,519,664,481,492,603
637,520,661,483,485,609
625,531,655,479,493,604
634,533,664,470,489,605
631,530,651,483,491,602
626,533,650,487,492,608
635,529,659,478,480,604
631,526,657,478,493,600
633,525,661,472,480,605
628,516,662,480,493,600
636,522,660,483,481,609
626,525,650,483,492,606
631,525,651,484,492,605
631,522,660,483,491,602
640,521,662,473,495,602
634,510,657,480,494,602
632,523,650,485,492,605
637,520,665,483,492,595
628,522,648,485,489,606
627,524,649,485,490,605
634,523,658,479,484,601
626,524,647,485,491,605
637,516,651,480,489,603
636,520,653,481,491,605
633,522,650,484,490,599
640,518,661,472,495,601
636,522,660,478,483,604
638,511,665,483,499,605
632,511,659,474,497,600
637,518,664,474,497,602
628,521,652,486,495,603
625,522,650,484,494,605
626,514,657,481,497,600
637,511,662,476,488,604
625,518,648,485,494,603
626,517,651,483,494,603
625,521,648,484,493,604
636,504,660,481,496,598
622,517,654,484,494,600
636,502,659,481,496,596
631,508,652,481,492,599
639,502,663,482,496,588
633,516,649,486,491,599
635,514,652,483,495,600
631,515,650,485,492,599
627,509,649,485,495,599
637,513,661,469,490,597
636,510,662,485,490,598
631,510,661,482,483,596
636,508,661,485,487,590
632,508,661,477,482,599
627,506,646,485,489,600
630,508,660,480,495,596
635,511,658,477,493,602
637,503,663,485,486,591
635,501,664,484,485,590
630,493,655,483,491,600
629,506,655,481,489,598
634,491,660,482,492,593
626,505,649,484,486,601
631,505,661,485,478,593
637,504,662,486,480,593
629,501,652,479,488,597
641,501,666,471,487,599
634,501,663,470,483,598
641,500,665,469,490,598
632,495,651,483,485,600
639,498,661,474,478,601
641,496,661,471,485,600
636,499,660,480,475,599
631,499,660,480,474,600
631,487,651,480,486,601
642,492,666,470,486,600
636,492,662,483,479,591
627,481,650,479,485,600
639,474,659,478,488,595
638,488,662,475,476,601
641,485,663,468,480,601
642,483,666,468,487,599
628,484,650,482,484,603
630,476,650,481,485,599
633,478,652,478,485,601
639,476,663,480,485,591
638,471,656,478,484,593
632,484,661,475,486,598
627,483,652,481,484,601
639,467,664,479,488,595
631,471,649,479,484,600
628,472,650,479,483,602
635,475,662,483,477,588
632,467,654,481,486,597
639,471,665,478,481,589
641,471,660,469,480,593
638,477,662,472,488,594
639,463,663,478,488,593
637,473,663,474,478,595
638,456,662,480,487,588
631,470,659,475,475,595
626,471,650,483,483,596
632,463,649,483,483,598
637,469,661,473,478,595
634,465,655,480,485,596
636,473,664,473,488,594
638,465,663,483,486,586
639,460,661,481,488,590
636,474,663,484,476,587
630,471,656,479,482,593
638,464,664,483,480,585
635,472,662,485,481,586
635,474,662,486,477,590
632,461,654,482,486,596
638,473,662,474,478,597
637,458,662,483,487,589
628,469,649,485,482,598
639,471,664,473,487,592
637,472,661,479,475,596
635,462,663,484,489,586
627,468,650,487,483,596
640,471,665,474,486,593
636,473,666,477,485,594
632,465,655,483,484,595
632,466,655,482,484,593
634,483,660,484,473,589
633,485,660,487,473,590
637,481,664,487,483,595
637,476,662,483,484,585
638,487,664,474,480,593
630,492,659,487,469,587
633,492,659,483,471,592
634,488,663,485,478,586
631,494,660,481,483,591
624,485,650,486,480,597
630,497,659,484,471,590
627,493,662,480,484,593
624,497,656,487,480,597
621,499,649,487,480,597
636,489,663,485,480,585
634,494,664,483,481,584
631,510,661,488,472,588
632,509,663,487,477,584
631,518,664,474,478,592
629,518,663,475,475,595
628,514,663,484,470,585
631,528,659,475,470,587
626,533,660,474,455,591
631,530,663,473,463,585
633,531,662,471,460,585
629,531,657,476,458,587
625,535,649,480,454,587
628,529,662,481,450,581
631,533,661,470,460,586
624,534,659,480,447,583
615,535,651,477,459,590
625,522,663,479,460,588
627,534,659,479,449,587
626,538,653,481,463,588
630,531,661,484,455,583
624,539,666,469,465,588
630,539,658,476,468,588
626,537,665,469,465,590
620,545,649,482,464,593
629,530,661,480,470,586
629,546,664,470,467,592
619,548,650,484,467,594
631,542,659,472,471,587
627,545,654,481,468,591
622,547,664,474,466,592
628,543,665,472,472,592
619,547,649,485,467,594
630,543,653,483,469,592
630,544,665,471,472,591
630,532,664,483,469,584
629,542,654,483,472,592
625,544,650,481,467,594
633,541,662,479,472,590
626,545,648,481,469,593
630,536,665,484,460,590
630,541,656,482,472,594
634,523,663,484,470,584
627,543,650,485,469,595
628,545,662,472,457,596
632,542,660,481,462,593
635,531,660,486,465,587
636,538,664,473,469,594
624,542,655,483,469,595
631,543,654,485,465,595
632,543,663,472,463,593
634,541,663,472,461,595
632,525,662,486,455,588
633,536,664,474,459,596
632,522,659,478,468,586
627,526,657,481,465,596
638,522,656,481,464,597
624,514,653,483,463,594
636,508,663,480,457,586
628,516,649,482,462,598
628,513,663,472,461,598
634,511,661,484,457,589
637,508,661,476,456,595
641,503,666,470,467,595
639,492,662,482,464,589
641,504,664,473,465,593
636,496,659,480,470,591
637,510,662,486,463,586
630,506,649,483,467,596
633,512,663,486,462,585
639,510,664,485,468,584
639,513,665,471,468,593
640,512,662,478,470,589
639,510,664,483,468,582
638,505,663,483,472,581
627,514,659,481,470,587
637,514,659,481,460,590
626,523,650,484,469,591
637,520,666,486,471,589
634,523,661,472,464,591
638,522,659,483,459,588
638,522,654,485,468,590
634,524,663,472,467,587
640,523,666,474,471,590
637,524,665,472,471,591
627,524,650,484,469,593
636,511,658,481,473,588
637,511,661,483,471,594
640,522,665,476,475,592
627,520,655,486,473,593
638,511,661,486,476,591
636,527,661,482,464,596
634,528,663,478,468,598
630,516,665,486,478,586
639,524,664,475,476,596
636,525,654,487,476,596
638,525,661,486,479,596
635,515,658,476,477,595
639,516,661,492,466,593
628,530,648,491,475,600
627,521,659,487,479,593
632,526,647,493,475,599
638,512,661,489,472,589
637,522,664,489,476,589
621,533,657,487,475,595
636,535,659,485,463,596
632,538,661,486,462,595
632,539,659,483,462,597
635,537,665,475,473,595
632,533,656,484,458,592
629,540,647,490,469,595
626,536,645,488,470,596
638,534,661,482,472,592
632,538,653,485,471,593
635,536,657,484,459,590
625,536,647,488,470,594
632,527,664,486,468,586
637,538,663,474,471,594
635,525,663,488,470,586
636,532,657,489,461,591
637,534,658,489,464,591
637,537,664,474,474,592
637,524,662,485,467,586
631,521,661,485,470,586
634,534,663,472,474,593
635,534,663,479,476,593
633,534,650,487,473,595
634,524,660,490,466,590
633,536,664,476,476,592
633,533,659,488,464,590
633,533,657,482,465,589
633,530,659,484,466,594
628,525,661,483,477,586
631,536,651,488,475,594
636,531,658,489,466,592
623,534,654,484,477,593
630,537,664,485,476,584
624,536,655,483,478,594
635,536,663,472,475,594
637,536,660,475,479,591
628,541,654,486,478,593
625,533,658,483,479,590
633,539,660,486,469,592
624,542,649,488,476,595
625,541,649,486,477,592
629,527,663,483,482,585
631,536,660,486,482,588
625,533,658,481,482,585
626,529,662,482,470,586
628,544,658,481,482,588
633,538,658,480,482,586
624,542,648,487,482,587
630,533,660,488,477,579
632,540,653,485,484,584
629,526,664,485,481,577
631,526,665,485,478,581
634,531,660,487,475,580
632,536,662,476,487,585
631,539,650,485,484,588
631,536,659,486,476,583
632,529,662,488,481,578
620,542,648,487,483,588
631,534,656,483,487,585
628,543,659,484,475,585
632,540,664,472,485,585
620,540,655,482,486,586
633,540,660,480,488,584
628,528,665,484,490,579
629,541,665,474,487,588
623,544,663,475,480,589
633,532,660,487,481,579
622,543,652,482,489,594
619,538,651,482,489,588
621,537,655,482,489,587
630,542,665,473,484,589
621,535,658,481,489,587
631,534,659,486,478,583
623,543,647,487,486,590
621,544,649,486,487,590
633,539,653,485,490,590
623,535,657,481,491,586
620,538,646,485,487,589
635,534,660,485,481,582
631,545,659,478,479,591
629,543,661,476,479,593
628,542,659,476,480,593
633,526,650,486,484,591
621,535,659,483,492,585
633,524,664,484,492,591
624,535,656,473,487,592
632,540,661,476,484,594
633,536,651,487,487,592
638,531,659,479,492,591
633,541,663,476,484,593
625,531,659,483,494,591
630,528,662,481,492,587
637,522,660,488,483,586
629,539,660,479,484,595
636,526,660,488,481,587
635,531,658,480,493,591
636,533,660,476,492,590
636,523,662,488,482,586
623,534,656,481,491,593
635,530,658,484,477,591
627,540,649,485,488,596
637,532,664,470,492,590
623,529,656,483,491,591
626,531,657,481,494,591
629,535,660,475,483,595
627,528,656,484,492,591
629,527,659,483,493,588
633,535,661,478,480,593
638,529,662,478,490,590
632,537,660,480,480,593
637,531,658,481,491,592
637,532,665,474,492,592
637,531,662,478,491,590
635,534,660,482,478,594
626,537,650,486,488,594
638,521,662,487,483,585
634,520,664,484,489,582
637,534,665,472,489,592
637,526,658,479,488,588
638,536,658,483,490,592
638,525,661,488,481,587
634,534,659,483,477,591
630,526,662,483,492,586
639,534,663,474,491,591
638,536,663,475,490,590
636,530,658,487,477,589
630,524,664,483,494,584
636,537,656,481,488,592
624,535,656,484,490,591
633,540,664,476,483,596
638,536,664,473,487,593
634,531,655,480,478,591
634,535,662,473,479,595
636,539,663,474,484,596
640,524,664,488,482,585
637,525,660,487,482,585
633,538,661,476,484,594
639,533,661,481,491,591
638,534,657,481,490,591
630,535,660,482,478,592
638,525,661,487,479,589
630,523,663,486,494,584
631,525,661,485,491,585
638,517,664,485,485,584
634,537,660,477,479,595
637,535,659,485,479,592
637,528,660,487,480,588
636,537,664,472,485,593
637,530,660,485,479,590
635,522,663,485,488,583
635,527,649,485,487,591
639,530,655,483,489,592
636,532,659,478,480,595
631,523,664,483,492,586
639,530,662,475,495,594
630,525,646,485,485,594
633,531,663,477,486,593
639,509,658,484,489,584
636,525,660,485,477,592
635,522,660,490,479,590
622,524,659,486,491,589
631,531,659,481,481,596
636,528,661,488,489,585
637,529,663,473,488,592
635,525,658,486,477,591
623,531,653,486,489,595
632,526,660,487,477,592
633,529,662,478,483,595
628,515,658,482,492,583
624,522,660,485,491,589
637,525,659,487,489,593
623,532,651,490,488,595
632,530,663,487,488,593
619,524,655,485,490,593
631,528,659,483,475,594
621,521,658,488,489,590
635,523,664,476,486,595
635,519,659,492,475,591
629,521,661,479,480,595
625,522,651,489,484,597
630,520,660,483,475,596
634,519,664,479,487,593
620,523,651,488,485,600
631,520,650,490,483,595
631,518,662,480,477,599
635,508,662,483,488,589
630,522,651,492,483,595
631,522,654,487,486,594
624,526,648,489,485,599
628,513,664,485,488,590
621,521,656,488,488,595
635,514,661,492,481,590
632,510,659,488,489,592
624,518,662,483,489,590
629,530,649,489,485,597
633,522,658,488,476,593
635,527,665,477,489,596
634,532,663,480,483,596
636,526,653,494,482,589
635,526,657,490,487,595
623,534,651,492,485,598
623,532,656,487,487,595
626,518,663,487,491,590
634,515,663,492,480,588
635,524,665,478,490,593
632,528,655,488,490,596
626,532,666,477,486,595
621,527,650,490,488,600
635,517,664,490,488,587
630,533,659,483,479,597
634,523,660,488,478,593
627,528,659,490,477,594
624,534,650,490,486,598
629,520,664,486,492,586
622,526,658,487,489,595
624,533,647,492,486,597
623,533,649,491,487,597
628,534,649,492,487,598
633,529,657,487,488,596
633,518,663,492,486,587
631,532,659,488,478,596
634,528,660,482,491,593
614,536,658,486,489,593
630,540,661,484,491,595
627,538,660,494,478,592
628,547,663,480,485,597
628,530,664,489,484,588
618,547,650,490,488,598
624,536,663,488,491,588
631,539,666,476,487,595
633,533,660,492,483,588
628,545,657,481,484,598
633,533,662,492,479,592
625,537,659,488,492,589
629,545,652,493,487,597
627,547,665,478,489,595
621,546,649,491,487,598
628,540,661,485,475,595
629,546,656,486,490,595
631,545,662,485,492,593
627,547,659,487,478,595
622,551,654,487,490,594
632,540,656,487,487,596
623,556,649,490,485,598
632,552,664,483,489,595
628,557,664,478,490,596
612,562,650,489,487,599
627,562,662,483,481,599
632,558,660,484,490,595
620,555,660,489,491,592
625,567,662,482,483,598
624,551,663,489,492,587
632,562,658,489,492,595
628,568,658,487,480,598
627,553,664,492,490,586
630,566,653,489,492,595
624,566,659,487,479,596
620,562,663,485,496,591
623,564,647,495,490,598
629,562,661,493,480,590
630,569,652,492,491,596
630,565,660,490,482,594
625,574,647,496,489,599
630,569,656,490,492,597
630,568,663,480,496,597
632,557,660,493,484,593
621,563,661,489,496,590
630,551,665,491,492,589
629,571,660,485,484,598
623,563,661,489,494,590
629,571,661,483,483,598
621,563,661,489,494,592
620,569,657,489,493,594
618,567,655,490,493,595
631,566,661,485,490,587
632,567,666,479,494,595
631,569,657,488,492,596
632,569,664,480,492,595
624,573,661,483,487,597
619,566,657,490,494,596
627,568,661,484,494,598
634,568,660,491,494,594
623,563,660,489,495,591
622,563,662,490,496,590
633,557,664,493,489,589
620,573,648,492,491,598
619,571,656,489,494,587
625,573,648,492,490,600
619,574,647,493,490,599
629,568,662,482,495,593
628,571,659,488,481,596
627,564,659,494,484,592
634,562,662,498,485,591
621,567,657,489,493,597
635,569,661,487,494,595
633,558,664,493,492,588
631,566,659,492,481,594
619,574,647,494,492,598
627,571,660,488,481,597
631,570,653,493,492,596
633,568,665,480,495,595
633,567,655,491,492,596
633,564,660,492,482,593
620,570,655,488,494,596
628,572,660,485,482,597
633,560,663,495,486,590
629,572,663,479,492,598
626,570,651,493,492,595
627,569,660,487,481,597
628,569,652,493,493,596
628,557,663,492,494,588
616,572,650,492,496,599
617,575,650,494,493,599
622,573,648,494,493,598
625,567,659,491,482,596
630,572,661,489,491,593
622,557,663,491,497,590
625,572,650,495,491,598
631,563,659,492,483,594
630,568,662,486,497,594
631,555,663,493,488,588
629,554,663,495,488,587
617,565,654,492,494,598
628,566,660,490,480,595
617,565,660,491,481,595
624,557,663,492,498,589
628,567,654,493,490,597
633,554,663,494,493,586
627,568,660,485,489,597
618,559,663,491,496,590
627,550,665,492,493,588
632,566,661,485,498,595
621,561,661,491,501,591
628,572,659,485,491,599
618,572,664,480,493,597
627,558,665,490,493,588
628,570,652,493,493,597
628,570,663,485,489,599
632,565,659,493,484,591
631,556,662,494,493,586
631,570,666,481,495,596
626,557,662,491,496,591
623,558,662,492,498,590
630,555,662,493,486,587
628,567,665,480,495,595
619,562,655,490,494,595
631,563,656,490,495,595
632,559,659,494,483,593
620,565,654,490,494,596
623,558,662,491,496,591
630,553,664,493,494,586
628,568,649,494,490,600
632,565,659,491,481,595
620,562,656,489,495,595
625,568,651,493,492,597
623,569,649,494,491,597
632,551,662,492,490,589
634,562,656,490,492,596
632,560,657,489,494,595
635,561,658,488,494,597
626,561,648,493,492,598
621,562,652,489,494,599
628,559,661,484,485,598
619,559,651,492,494,599
634,552,657,492,494,596
628,557,661,485,489,597
632,550,664,483,494,596
633,539,657,492,488,587
628,550,653,495,495,598
630,554,662,480,489,598
628,551,661,487,486,600
622,549,650,495,496,597
621,550,647,494,497,601
630,548,663,483,496,598
625,545,650,497,496,599
630,542,650,498,498,598
619,541,651,494,499,597
629,528,668,498,497,589
621,546,650,497,498,600
620,529,659,495,503,594
622,530,658,500,503,596
620,535,646,497,501,605
633,518,661,498,495,592
632,524,664,488,506,597
634,513,661,502,495,595
635,516,661,500,495,594
631,510,660,496,505,597
630,523,663,486,501,601
632,508,661,500,506,589
625,522,647,499,501,600
633,518,666,486,503,599
631,516,663,486,503,598
625,519,646,498,501,599
633,512,666,488,504,599
630,516,662,489,499,601
621,508,651,499,503,602
632,498,660,497,502,595
630,500,657,496,505,597
628,511,666,491,505,597
637,511,665,486,504,598
633,501,657,496,505,593
633,515,653,499,499,600
635,503,662,503,502,591
623,521,647,501,500,601
630,519,660,495,491,599
627,512,662,494,505,590
625,518,647,499,500,601
629,517,660,500,490,598
632,526,659,498,491,595
625,528,651,501,498,600
621,529,652,499,501,599
636,518,664,489,502,597
636,526,665,489,501,592
635,528,663,489,500,599
621,528,654,497,500,599
631,517,662,502,491,591
624,534,649,499,496,602
631,536,664,487,491,601
631,521,663,497,496,590
634,521,660,496,480,596
633,528,660,498,481,597
625,529,662,494,491,596
622,532,656,495,489,601
629,538,662,489,481,600
629,541,661,488,481,601
631,527,664,495,492,590
633,538,659,501,479,595
633,531,664,494,492,591
624,536,660,494,492,597
622,539,662,488,487,592
626,537,663,492,489,591
620,550,651,491,489,597
630,551,652,493,484,597
630,547,656,494,487,598
626,553,661,481,481,601
632,556,665,479,485,600
619,543,659,490,489,596
626,538,663,491,491,591
627,536,665,492,487,590
627,545,648,492,483,598
617,552,648,495,485,602
619,548,651,494,485,602
618,549,653,491,487,598
616,552,651,492,488,601
631,547,662,487,493,597
626,539,666,490,487,594
618,548,652,492,489,599
631,551,657,489,491,597
632,551,648,493,486,603
632,545,659,493,476,591
627,538,664,493,486,589
627,549,658,485,476,600
628,551,665,478,485,596
620,556,648,491,481,599
627,556,661,483,474,599
620,555,649,491,479,601
623,555,649,491,478,601
617,555,648,487,480,602
631,553,654,487,480,598
628,540,665,486,482,593
631,554,661,481,484,594
630,555,665,477,484,596
633,552,657,484,484,596
625,545,662,486,486,591
631,554,655,487,482,598
627,558,649,489,483,599
628,555,657,484,484,597
628,543,664,492,484,590
618,554,654,488,487,598
632,558,655,490,486,598
625,563,645,488,487,597
630,554,659,492,478,593
632,559,664,485,492,596
625,563,649,493,489,602
630,555,649,492,487,599
630,555,659,491,482,597
632,560,654,493,492,598
620,561,655,492,494,598
630,555,660,497,485,596
626,547,663,492,498,590
630,557,662,483,493,600
629,540,664,490,499,590
634,546,651,496,499,599
632,528,665,500,497,589
632,539,656,495,501,599
635,533,660,491,502,597
632,531,653,498,499,600
636,529,664,487,502,596
636,521,660,500,490,593
634,511,657,495,497,589
630,527,660,490,490,599
634,521,667,485,500,597
631,525,660,482,493,598
630,517,659,497,491,594
635,516,660,501,489,594
621,525,655,494,499,599
634,512,663,495,498,590
634,522,661,487,500,596
633,513,662,501,494,591
636,524,659,492,501,597
635,521,660,501,490,594
634,516,661,502,493,591
621,526,656,496,500,598
624,519,659,495,501,597
632,523,659,499,491,597
634,517,659,501,493,593
627,527,649,500,499,603
621,524,650,499,499,601
632,521,662,489,500,600
630,521,656,497,502,598
632,523,665,484,500,597
624,524,646,500,499,601
625,514,660,495,503,593
626,514,662,496,504,591
623,518,651,499,501,600
632,499,658,496,504,594
619,515,649,500,499,599
620,512,652,500,498,600
630,501,654,496,505,599
634,509,663,488,497,599
622,508,650,500,504,602
633,498,660,497,505,593
621,518,650,500,503,599
635,501,663,497,500,590
631,512,662,501,496,589
631,516,648,500,500,601
633,520,659,493,493,600
631,525,661,488,496,599
633,520,655,496,500,598
635,522,666,491,503,598
638,523,658,496,502,598
630,516,664,497,507,589
637,512,660,501,492,593
635,529,664,487,500,598
622,538,653,494,503,599
636,531,664,486,503,597
623,530,660,496,502,594
629,535,649,499,498,599
637,534,662,489,501,597
635,522,663,499,496,590
636,527,661,501,494,591
634,539,664,499,494,589
633,541,659,497,489,598
621,543,656,496,499,596
620,552,648,496,494,599
632,550,660,493,496,596
628,538,664,496,492,590
634,550,661,492,494,596
631,553,663,484,486,600
624,554,660,492,482,598
629,555,653,497,487,599
631,558,646,496,487,595
624,551,658,491,489,590
620,561,651,494,484,601
628,559,662,480,485,598
628,562,661,485,476,601
627,559,654,492,484,598
630,560,664,479,485,600
628,546,662,490,488,591
628,556,657,490,477,596
632,552,653,492,485,600
632,554,659,494,476,592
628,554,661,495,476,592
624,552,662,491,488,593
630,559,665,479,490,598
630,561,663,481,483,599
624,549,662,485,489,587
628,567,662,482,479,600
632,561,656,489,485,597
633,560,660,486,485,598
628,561,660,489,473,600
618,561,654,489,485,598
623,569,649,495,483,601
617,567,655,491,485,600
632,566,653,491,484,599
618,562,659,488,487,598
631,561,657,494,473,598
632,566,662,483,484,595
622,556,663,486,484,590
624,560,661,488,486,591
629,566,659,490,472,600
630,555,665,492,480,590
629,567,655,488,483,600
629,572,666,478,478,600
630,552,664,487,480,591
632,557,663,493,475,591
631,557,664,491,476,589
629,576,660,488,471,600
626,571,662,486,470,600
631,557,664,492,474,591
627,573,649,493,477,600
628,570,658,489,468,599
621,576,650,493,483,596
622,575,649,491,479,602
630,569,660,489,466,597
633,568,658,484,484,599
632,569,664,480,485,598
632,565,661,492,474,596
629,572,651,486,483,600
621,574,649,491,484,605
621,567,654,487,486,602
627,559,663,489,484,594
620,570,652,487,485,604
622,566,660,488,488,597
627,558,664,489,489,594
625,574,648,491,484,604
636,561,662,479,489,600
635,570,664,477,488,603
635,567,662,484,490,603
628,557,661,488,489,596
623,572,654,488,488,603
625,565,655,485,487,602
636,565,662,480,492,601
633,563,648,493,488,604
630,555,662,487,492,596
633,562,659,489,480,602
637,561,662,485,494,601
634,562,659,484,494,603
635,560,664,479,490,603
637,545,660,493,486,596
622,557,647,493,492,603
630,555,650,490,489,605
621,548,649,493,484,603
623,551,647,493,492,604
638,553,655,488,496,601
631,541,662,493,492,593
624,559,648,495,493,605
634,545,662,492,489,601
630,560,661,482,489,602
622,556,654,489,495,600
635,557,664,482,497,601
625,560,647,495,493,604
624,554,648,494,495,603
631,557,657,486,485,600
627,554,665,480,495,602
626,551,648,493,492,602
636,543,658,486,496,596
622,536,657,488,497,594
619,541,648,493,493,600
623,539,648,494,494,600
635,533,661,483,499,598
625,538,646,490,495,598
636,531,658,487,498,597
633,519,662,495,490,591
631,532,658,488,485,595
634,524,660,494,487,592
630,537,658,488,485,601
628,542,661,483,489,602
624,534,657,490,497,600
635,541,649,492,494,603
629,542,662,481,496,603
625,547,663,482,491,603
634,544,664,483,498,601
627,551,648,494,495,605
624,545,657,492,495,597
631,552,663,482,494,602
631,550,657,495,483,599
631,547,658,495,483,601
630,553,654,493,493,603
628,554,651,496,488,604
621,555,652,492,494,603
634,542,664,496,486,596
629,554,659,488,482,606
630,547,658,495,479,600
634,551,661,482,489,606
630,554,661,483,481,607
633,552,660,487,490,605
627,557,648,493,485,606
623,542,662,491,489,598
629,543,658,488,490,600
634,553,652,489,486,604
636,553,657,486,486,604
634,553,656,485,487,603
633,552,656,488,474,604
631,553,657,489,475,604
636,537,659,494,482,597
625,558,648,492,483,606
633,555,658,489,476,605
628,556,647,487,481,608
632,555,649,494,483,605
635,549,662,476,486,604
629,543,659,488,488,602
630,557,661,481,483,608
636,548,659,492,476,599
636,553,664,477,488,604
635,540,659,490,486,594
636,552,658,483,486,603
631,553,663,476,485,606
632,552,657,487,477,603
622,552,652,485,487,602
632,539,662,489,483,596
634,554,661,477,484,605
633,555,663,475,483,605
634,543,657,486,472,602
621,551,656,484,488,602
623,557,646,485,482,608
633,548,658,488,472,603
633,559,660,479,475,607
632,555,655,484,472,604
618,556,645,483,473,603
626,560,644,482,481,603
632,545,662,485,480,596
620,555,650,478,481,603
629,564,659,471,476,606
634,560,662,466,485,602
634,552,658,481,474,597
620,561,655,477,483,599
621,557,651,476,484,601
625,553,660,478,483,592
627,568,660,467,478,600
631,565,664,472,485,597
631,565,655,475,473,600
627,569,662,462,481,599
629,570,661,466,481,602
631,565,654,476,485,598
632,553,660,478,476,592
627,569,660,467,478,601
619,559,659,475,486,594
621,570,646,480,481,604
632,565,664,471,485,598
626,569,662,466,480,601
630,555,659,480,475,594
629,559,663,478,483,592
626,569,656,476,470,601
626,569,665,467,475,601
631,554,659,477,480,590
631,570,662,467,482,601
627,570,663,466,478,603
621,571,648,479,480,605
624,571,662,469,477,604
629,555,663,476,481,592
625,571,648,479,481,604
622,562,655,476,484,601
630,565,657,478,472,601
631,570,663,466,482,605
633,568,664,465,487,601
638,557,660,481,479,598
631,568,649,480,484,597
639,563,658,472,484,607
624,558,658,476,482,592
625,565,652,476,489,604
626,559,652,477,488,603
639,541,661,480,483,597
631,540,663,478,489,595
628,555,649,481,489,606
635,548,659,480,479,601
636,543,661,469,480,608
637,539,664,465,489,605
638,527,659,480,478,601
632,531,661,468,485,604
623,519,658,477,493,600
641,518,659,479,479,601
628,522,650,480,492,607
632,509,650,482,491,605
634,500,649,481,489,601
637,501,659,480,496,600
629,518,647,484,490,607
629,511,649,483,491,606
637,518,661,473,487,606
631,512,656,481,493,604
631,520,647,485,491,607
638,518,660,482,484,603
642,511,663,484,491,594
642,508,663,481,496,597
635,507,663,482,496,596
630,522,647,482,492,606
640,518,664,471,496,603
639,500,658,486,496,600
639,518,662,474,489,606
643,510,665,485,492,597
634,517,648,487,492,607
640,515,658,483,485,605
642,502,661,482,499,597
632,509,653,484,495,608
642,505,659,483,498,600
641,517,663,473,494,606
631,512,659,482,498,601
635,521,649,486,493,605
638,515,652,487,494,604
632,519,647,486,495,608
639,517,664,476,491,605
641,513,660,476,498,603
639,514,657,483,497,604
637,514,656,483,496,604
642,512,664,487,494,596
629,519,656,484,497,603
639,517,659,484,486,605
629,514,656,483,497,602
632,509,650,485,495,608
639,514,659,482,486,605
643,514,665,472,496,604
639,514,654,486,496,604
636,516,649,488,493,607
641,516,660,480,485,605
640,514,653,486,492,605
642,516,655,484,497,604
642,522,661,482,484,603
632,519,657,484,498,603
637,527,659,482,485,606
641,525,665,477,497,603
640,528,652,487,494,607
630,529,650,487,493,607
634,519,662,485,498,595
637,535,663,477,493,606
639,535,662,476,494,604
644,535,663,477,497,602
632,542,649,489,493,607
644,536,659,486,496,602
635,541,665,476,493,605
640,531,664,489,496,595
628,547,654,483,498,603
640,549,663,477,491,606
638,535,663,488,496,597
644,548,663,477,498,604
643,538,663,487,493,595
636,552,660,482,485,606
640,552,654,487,494,604
637,551,659,486,483,605
637,555,664,477,490,606
630,556,649,491,492,608
637,554,652,485,490,606
632,559,648,489,492,606
642,542,661,489,484,598
627,552,653,484,494,603
642,545,664,488,493,596
643,557,657,486,493,603
638,559,662,481,482,605
630,559,655,485,493,603
638,560,661,476,489,601
635,564,663,476,488,605
639,550,664,487,491,596
641,561,654,486,492,606
630,566,646,484,491,605
638,564,660,484,480,605
641,562,663,481,494,604
640,565,649,488,491,606
636,566,661,483,480,607
635,556,662,486,495,598
637,564,664,475,492,606
639,551,664,488,489,595
635,567,648,488,487,607
636,564,653,488,491,604
636,566,661,475,487,607
641,564,665,474,494,603
638,564,664,476,493,604
636,567,664,476,489,606
636,561,650,483,487,606
635,559,664,474,489,604
635,566,663,475,484,606
636,559,654,485,492,604
638,553,661,483,486,596
638,545,661,485,492,596
634,567,663,474,483,606
638,559,660,485,481,601
636,562,659,479,492,603
640,562,656,483,487,604
635,565,650,487,492,606
639,551,662,488,484,598
630,567,649,487,489,608
628,556,658,482,495,601
637,567,661,474,486,607
637,566,665,474,490,605
636,566,662,475,485,605
639,552,663,488,487,595
628,568,649,488,488,607
640,563,664,474,490,603
632,567,649,488,488,605
637,552,662,485,489,595
633,565,649,488,488,606
637,565,665,471,491,604
631,565,649,488,489,605
628,562,657,483,491,602
634,550,665,485,490,594
636,563,664,474,488,604
641,555,661,488,486,599
637,551,663,489,486,594
632,554,663,485,494,597
636,563,659,484,480,603
625,563,649,487,489,607
627,561,655,485,490,603
630,555,662,484,494,597
633,566,660,483,482,605
636,550,665,485,489,595
637,563,657,484,492,602
634,558,650,487,487,604
639,551,661,488,482,598
638,559,660,489,482,601
639,550,663,488,487,595
636,566,649,488,491,604
635,562,659,483,480,604
639,544,662,486,484,597
633,548,662,484,495,595
637,547,661,488,491,595
635,563,660,487,480,605
640,564,649,485,484,606
631,563,647,489,492,604
637,558,664,478,494,603
631,563,664,478,489,605
635,561,663,475,491,604
636,562,661,486,484,606
633,550,663,488,493,598
629,553,659,486,495,602
625,559,655,487,494,605
626,557,659,481,492,603
634,566,663,477,488,607
636,560,666,477,495,604
636,560,664,478,493,604
638,560,658,487,493,603
621,564,651,487,493,607
633,565,660,481,483,608
637,544,659,491,485,595
631,553,662,488,491,599
628,555,660,488,494,601
636,560,659,494,481,602
636,564,664,478,492,606
630,563,654,490,492,605
633,563,654,489,492,608
635,562,664,477,493,604
634,565,660,481,482,608
636,548,662,491,488,598
636,556,659,491,479,600
623,561,655,487,490,604
634,563,660,476,490,605
634,564,652,490,487,606
627,558,660,487,490,600
632,567,662,477,485,607
634,567,662,475,483,608
622,568,647,486,485,610
625,569,647,491,486,609
624,563,654,488,489,604
632,564,659,487,475,603
636,555,656,492,476,601
632,566,664,476,485,606
620,566,652,486,486,607
622,567,653,485,488,596
631,568,649,491,486,603
635,565,660,484,488,602
632,566,662,477,481,606
630,553,663,488,486,597
629,571,651,492,484,606
624,559,658,486,488,599
634,556,657,490,476,600
624,570,648,491,484,607
631,569,661,476,480,607
624,571,648,487,481,606
627,556,662,483,483,596
621,569,648,486,478,607
631,570,659,480,469,606
621,567,655,480,480,602
631,566,664,470,478,603
630,572,662,471,471,606
630,567,661,469,472,605
632,556,664,480,472,596
632,565,653,478,476,602
623,561,660,475,477,598
631,556,661,479,466,597
628,553,663,473,473,593
633,557,662,474,462,594
632,561,660,474,457,595
626,572,660,462,462,603
615,560,659,465,466,594
622,571,647,470,458,602
637,566,662,462,463,598
620,572,647,463,456,603
627,571,661,453,454,599
626,570,659,455,448,601
630,557,661,463,452,590
628,570,663,451,456,597
630,556,661,449,454,600
630,566,658,459,445,597
631,567,660,453,459,597
626,569,664,450,460,598
630,568,664,452,462,596
621,570,649,463,454,602
627,564,657,463,449,595
623,559,661,462,462,592
619,565,658,462,463,592
620,574,647,466,453,601
624,574,649,467,460,601
619,570,652,465,463,599
630,553,662,469,463,592
631,567,665,451,461,599
627,559,663,468,462,592
629,572,657,465,453,600
633,566,660,468,454,599
630,572,651,469,465,602
621,566,658,467,469,596
635,560,660,467,463,589
636,561,661,470,461,594
621,576,646,469,467,603
624,566,653,463,472,596
627,575,648,471,469,604
625,567,660,468,474,596
637,565,659,471,465,596
636,568,658,467,467,599
633,563,664,470,477,593
621,573,657,466,480,599
637,560,661,470,473,595
625,573,658,465,481,599
630,583,649,470,480,605
621,579,656,465,481,603
632,568,656,464,483,597
639,576,659,468,471,599
634,584,663,456,479,601
631,578,657,465,484,598
638,572,658,470,473,598
640,570,661,470,479,594
631,585,645,471,481,606
633,587,649,472,482,605
637,569,662,470,488,596
639,571,664,469,488,594
635,587,657,469,476,606
628,581,659,471,489,601
638,571,662,475,488,595
630,578,658,476,494,600
639,585,662,468,492,606
632,577,660,478,497,597
631,588,648,481,494,606
631,587,649,484,494,606
641,572,661,485,491,596
637,587,648,482,487,602
642,569,659,486,490,594
643,578,664,474,498,602
624,587,649,484,496,607
642,583,653,483,494,604
628,582,655,483,495,605
630,586,648,484,495,607
637,585,657,480,486,604
642,583,664,473,497,603
639,588,663,473,491,606
641,586,662,473,497,604
636,587,647,486,493,605
639,583,663,473,498,603
639,572,662,484,499,596
641,581,657,485,485,601
633,587,647,486,495,605
632,588,663,474,491,604
637,574,663,483,496,607
638,586,662,472,494,603
644,573,648,485,495,607
643,581,659,486,487,600
629,584,653,482,497,604
631,583,654,482,499,603
632,587,647,487,493,605
644,582,657,481,498,603
630,588,647,487,495,607
632,587,647,487,497,605
642,570,662,485,496,595
631,579,656,484,498,604
644,583,664,473,496,603
645,575,657,488,484,597
634,586,649,488,495,605
635,581,658,480,486,603
635,581,648,487,495,607
633,582,648,486,495,606
637,578,648,487,496,606
631,579,646,485,494,605
632,576,649,484,496,605
633,572,657,483,496,600
644,562,662,486,493,595
646,565,657,486,491,595
631,572,654,482,497,605
640,576,650,482,495,604
642,561,660,487,488,597
632,567,655,483,497,601
631,567,654,483,497,604
644,558,661,485,494,595
637,560,661,483,501,598
645,566,659,487,488,597
641,571,653,486,496,602
636,560,660,479,499,598
642,570,665,471,497,604
646,569,661,474,500,602
647,567,657,481,499,604
644,564,659,489,487,599
647,555,662,486,494,597
644,553,664,486,497,594
644,563,651,484,496,603
641,568,657,481,485,605
640,562,661,476,490,607
646,557,661,480,499,602
643,546,663,481,495,596
644,552,658,485,486,601
645,550,665,474,498,603
645,535,663,486,495,595
633,549,650,484,497,607
646,543,659,479,499,603
640,542,659,481,498,602
632,537,658,482,499,600
644,534,659,487,490,597
637,545,650,487,494,595
641,531,663,484,496,595
633,549,647,488,494,606
643,547,663,472,494,605
645,545,664,475,497,604
641,552,663,473,495,603
637,541,661,484,500,596
641,541,662,489,489,596
633,557,648,487,494,605
644,552,663,480,498,603
645,548,659,486,486,601
644,546,657,486,484,602
645,554,664,472,497,605
645,552,660,479,497,603
645,552,661,476,500,603
645,542,663,486,494,596
641,553,662,473,497,604
644,555,663,475,496,605
646,544,660,486,487,599
644,543,662,483,498,595
644,550,664,471,492,605
642,560,661,476,488,606
643,556,658,482,483,604
633,546,658,482,499,604
640,558,646,486,493,604
644,551,659,488,485,601
642,542,663,484,500,596
642,551,657,477,483,604
645,555,662,476,498,601
645,545,659,486,490,597
631,558,649,483,496,606
642,559,663,473,495,606
643,561,662,472,489,607
633,562,647,482,495,604
631,553,653,482,497,605
635,559,649,484,495,605
632,550,659,483,499,601
643,555,658,482,485,601
642,558,662,472,491,607
633,560,647,486,494,607
633,544,663,481,500,595
646,548,658,487,487,599
645,554,654,485,495,605
646,539,660,486,489,596
643,539,663,483,493,595
632,550,646,482,496,605
645,545,659,486,481,598
636,553,648,486,493,606
640,536,660,483,498,598
642,556,649,485,493,605
644,554,663,474,496,604
632,564,649,485,494,608
645,558,659,487,480,598
633,556,654,483,497,604
643,565,658,474,484,604
644,560,662,474,497,603
644,560,665,473,495,604
643,563,663,475,491,606
642,563,648,485,496,604
640,562,662,473,492,606
635,553,662,483,494,599
646,549,662,488,486,597
643,557,661,473,491,606
647,562,662,487,486,597
638,563,647,489,489,606
646,562,662,476,489,604
635,562,649,489,485,606
647,558,658,482,490,605
644,547,663,487,487,595
643,546,663,486,486,595
631,557,655,482,489,602
640,560,660,482,478,605
632,555,653,482,491,603
643,541,661,487,487,597
629,559,648,485,488,606
639,559,660,480,478,607
640,558,661,475,485,607
644,553,664,473,491,604
642,555,664,474,491,604
643,553,656,485,489,605
641,555,652,488,488,606
640,556,651,485,488,607
644,541,664,486,486,595
634,559,664,473,489,604
639,560,657,475,482,606
642,557,663,467,484,606
641,550,658,478,475,605
636,545,659,481,491,598
640,558,662,480,483,608
639,554,658,480,477,604
640,556,658,482,477,606
642,539,663,485,489,595
641,549,660,486,479,599
630,557,648,483,488,609
641,550,657,489,488,599
643,550,659,488,479,601
645,551,660,478,493,603
641,539,663,483,493,595
630,551,650,482,490,609
645,552,655,483,491,605
643,549,659,487,480,602
639,558,661,470,483,604
630,554,648,483,489,609
639,556,663,472,486,606
630,558,648,483,487,608
631,550,657,481,492,602
640,553,662,471,487,606
642,550,658,475,486,602
640,553,658,477,475,603
627,556,648,482,485,607
642,553,656,479,487,604
625,552,653,481,487,604
626,553,659,478,478,606
638,542,660,488,484,609
638,545,660,472,490,605
627,551,653,482,489,606
640,552,661,475,490,604
634,539,664,486,489,597
640,553,659,483,490,605
628,555,647,487,487,607
631,550,664,474,491,603
636,547,655,488,477,599
637,552,658,481,490,605
633,557,662,471,487,606
625,542,660,483,491,600
633,551,658,486,477,604
632,559,658,488,486,608
622,545,658,481,486,600
620,558,651,483,485,606
631,555,658,486,475,604
630,544,663,486,483,595
630,561,662,475,484,606
624,550,659,484,487,600
631,557,660,477,485,603
623,564,647,489,482,607
631,551,658,489,475,601
625,546,654,488,476,602
626,556,658,485,473,605
621,550,654,485,486,604
632,539,659,488,480,594
630,552,663,475,483,603
621,546,655,483,486,599
629,538,661,486,486,594
620,553,645,485,480,606
630,538,657,487,472,595
628,552,647,486,479,605
630,552,658,474,480,602
633,537,656,487,477,593
629,538,658,484,485,595
627,539,657,484,485,591
632,551,657,480,484,603
623,555,638,489,477,606
630,540,654,487,480,595
632,550,654,473,484,601
615,549,644,483,483,603
629,555,653,476,473,605
636,540,652,487,477,595
624,556,638,486,478,605
634,541,655,475,483,603
631,540,654,482,483,595
635,537,653,480,469,595
637,544,654,482,465,597
635,548,658,466,473,603
638,550,657,467,472,602
624,552,648,474,471,604
633,550,658,464,465,603
631,535,660,474,470,594
636,551,646,477,466,602
632,550,645,478,465,604
628,538,660,473,470,598
641,542,654,474,468,603
639,536,660,475,465,595
641,541,661,465,469,603
630,540,658,474,472,601
635,550,646,479,469,603
640,548,663,465,471,604
642,539,655,472,472,601
628,552,648,477,472,606
639,552,663,468,469,607
632,542,659,477,476,606
638,541,662,476,478,600
633,555,649,478,469,609
641,555,664,467,471,606
630,544,660,478,476,606
640,554,649,481,473,607
644,551,658,477,465,604
636,554,647,482,472,608
647,551,657,482,475,606
641,548,650,482,474,606
638,554,651,482,473,608
643,553,659,475,479,603
631,557,648,483,474,609
646,553,664,470,479,606
644,553,661,473,478,603
640,553,651,483,476,607
641,557,663,471,469,608
636,549,661,480,479,601
639,556,661,465,474,600
642,558,662,473,466,608
641,553,657,474,478,601
644,551,653,481,476,605
646,543,659,483,468,599
645,555,666,468,480,605
643,552,656,479,477,606
637,547,661,477,481,598
641,551,660,474,480,604
636,549,660,478,480,599
634,553,655,479,477,601
639,558,649,483,474,609
646,552,661,468,479,605
648,553,659,478,478,604
640,557,659,476,466,606
644,556,664,469,475,607
647,553,663,472,478,604
636,558,649,483,475,608
637,548,660,479,476,601
636,546,659,474,480,596
643,556,665,468,475,606
639,557,650,485,476,607
645,558,664,470,473,607
650,553,653,476,478,603
646,542,662,481,474,598
633,550,657,478,478,602
645,553,663,469,479,604
639,549,645,483,473,606
632,551,657,483,479,608
642,555,660,475,468,607
646,539,663,483,475,597
630,547,660,478,480,601
646,554,651,483,475,605
632,552,655,479,478,606
635,554,648,482,476,608
648,550,661,479,478,605
643,549,659,478,465,607
644,551,664,467,473,606
644,548,655,477,474,608
647,547,658,476,476,604
626,545,656,477,475,605
646,551,662,470,465,609
647,546,661,468,476,605
645,547,659,481,461,605
645,545,656,477,461,599
643,554,663,468,465,609
629,552,650,476,469,609
631,552,653,474,467,608
643,547,664,463,465,608
644,546,649,476,464,610
638,544,647,475,459,606
641,548,659,465,452,609
644,548,647,474,459,608
629,543,656,467,461,605
642,543,662,456,456,610
638,528,662,467,458,600
642,534,659,472,450,601
632,544,648,471,458,610
632,533,660,468,462,602
645,538,656,468,460,608
638,542,647,473,456,605
636,539,659,462,452,609
638,544,661,474,459,610
637,545,660,462,456,608
637,530,662,467,460,600
638,543,660,459,457,611
636,541,664,459,464,607
640,542,657,468,448,607
635,544,648,474,460,611
641,524,664,474,460,597
637,544,660,466,452,607
633,545,647,473,460,612
632,543,646,471,459,609
640,542,662,461,461,609
643,537,660,461,465,606
642,539,664,460,465,607
629,546,646,471,463,610
642,534,658,474,454,601
629,542,647,471,464,610
638,544,659,463,457,610
642,540,650,471,463,606
642,530,661,475,459,598
637,543,648,475,462,608
637,530,659,470,465,602
641,530,660,476,457,611
644,540,659,465,468,608
632,539,656,470,466,603
635,532,662,470,468,599
638,544,661,460,463,609
640,530,661,471,465,600
629,546,647,471,463,611
641,536,656,474,455,604
642,540,656,469,467,606
628,539,654,466,466,605
640,540,660,462,465,606
643,527,662,472,461,598
637,543,659,467,453,610
642,539,658,470,460,608
632,540,647,473,461,609
632,543,647,475,465,610
638,537,659,461,456,612
636,543,655,463,462,612
642,536,655,469,453,603
633,527,660,472,468,601
638,541,659,467,456,609
630,540,652,471,466,608
643,529,660,474,454,601
639,542,662,461,463,607
641,541,647,472,466,610
637,529,661,473,463,599
638,539,657,468,454,607
641,537,657,477,455,606
643,536,658,475,455,604
641,530,661,472,463,595
628,541,653,469,467,608
641,540,659,465,468,607
634,544,647,476,453,607
637,541,660,471,456,608
645,540,654,472,466,607
629,541,648,471,466,607
644,536,664,463,470,605
633,541,648,474,461,604
644,535,665,461,472,608
642,534,651,472,468,608
642,536,658,471,459,607
638,531,650,474,469,610
628,533,649,475,470,610
637,533,647,476,471,610
643,524,660,474,463,605
638,517,649,473,473,610
641,530,662,467,465,611
642,532,664,464,470,611
640,526,658,471,477,605
647,525,661,476,466,605
642,528,659,468,478,606
646,517,661,476,469,600
647,527,666,463,476,608
645,526,660,476,465,604
646,517,662,476,471,599
642,527,660,474,466,605
641,512,665,473,473,600
633,534,650,474,474,612
645,525,661,472,461,605
642,534,665,465,467,610
638,521,660,464,470,610
646,517,664,475,471,599
638,539,652,473,472,611
642,533,665,463,466,610
644,520,667,469,475,599
636,536,650,471,474,611
642,524,664,470,467,604
642,532,667,457,477,606
645,533,663,469,465,608
645,534,659,463,479,611
644,520,667,469,475,598
647,524,665,472,470,599
635,529,661,468,477,606
633,536,653,472,476,612
644,533,658,470,476,607
647,523,665,470,473,598
647,534,666,463,477,608
638,526,666,472,478,602
632,537,653,472,477,611
645,543,668,462,474,598
633,534,651,473,476,608
649,529,663,475,465,603
642,539,662,468,465,611
648,535,668,461,476,609
643,523,657,463,476,609
634,539,655,471,474,610
647,530,664,475,468,603
647,524,665,474,468,602
646,535,662,479,465,606
647,523,667,476,474,599
644,534,658,472,473,610
637,540,650,476,474,610
646,530,663,477,471,600
643,537,660,473,478,602
636,536,653,474,474,611
642,535,661,476,465,607
647,531,664,477,472,603
637,528,666,469,475,603
646,526,664,476,469,603
646,523,668,474,475,599
636,535,669,463,478,607
645,535,655,473,474,608
633,533,659,471,477,608
647,536,667,461,474,607
636,540,658,472,476,608
647,535,663,467,476,608
649,533,659,470,476,606
636,530,658,472,476,610
646,538,654,473,473,609
646,535,657,472,476,612
637,532,661,470,475,606
644,537,663,470,465,609
634,539,665,471,477,604
645,537,668,460,472,609
642,540,667,463,471,607
647,535,662,470,475,609
647,523,668,471,468,612
648,531,664,470,477,609
637,537,660,478,463,610
646,531,664,463,477,608
647,521,664,476,467,606
647,533,652,475,473,610
648,527,657,470,475,611
650,529,666,471,471,609
647,529,662,464,463,607
646,532,667,461,469,610
648,525,659,466,474,606
649,526,669,461,475,606
646,528,655,469,470,607
637,524,660,460,467,609
649,511,663,466,468,602
649,523,661,465,472,607
647,520,663,468,461,601
647,522,667,455,472,605
643,526,652,466,470,612
643,513,666,465,471,598
636,516,661,455,472,604
644,523,662,461,458,599
641,521,660,455,456,606
643,520,652,462,467,606
645,520,662,448,465,606
642,520,659,459,470,604
642,518,664,448,468,605
643,521,656,458,456,603
647,516,655,457,470,604
646,514,655,453,469,602
645,506,655,454,470,605
641,515,642,460,468,606
650,520,656,450,470,604
640,508,652,455,470,603
646,521,648,455,470,604
650,517,644,454,461,605
634,518,652,453,459,607
646,523,656,449,463,608
635,522,658,449,469,605
645,522,643,462,468,606
648,521,645,462,470,607
648,508,654,460,472,598
637,521,640,464,468,609
635,513,654,463,468,606
647,520,657,450,469,607
647,517,655,453,469,606
640,520,643,459,472,605
647,516,660,451,469,610
638,518,642,465,467,608
644,519,656,458,458,607
640,520,656,456,461,607
645,516,647,465,469,606
638,522,644,463,472,605
649,518,655,462,472,604
648,508,657,462,473,599
650,508,660,463,472,598
635,523,648,463,471,608
642,517,658,468,457,600
647,522,660,460,471,606
641,511,653,464,473,606
650,521,664,455,471,606
646,524,659,461,462,609
643,527,656,458,463,611
648,523,665,457,472,606
648,524,665,453,471,607
641,512,663,464,474,600
644,528,662,457,465,609
647,525,657,466,470,608
648,510,664,463,475,601
641,527,648,467,470,612
645,525,660,460,465,610
635,526,649,465,473,612
646,526,666,452,471,608
637,521,660,462,478,605
647,522,666,457,477,608
646,520,666,463,463,604
636,527,657,463,475,612
643,524,654,465,472,611
644,526,653,465,473,609
644,526,654,466,474,609
644,529,663,464,475,602
644,513,664,463,476,602
644,527,665,469,461,608
650,525,660,463,474,608
635,528,651,464,473,611
638,517,662,466,467,600
645,530,664,454,468,612
645,515,665,466,470,601
640,528,652,466,472,611
649,525,668,458,473,608
644,532,664,457,468,610
640,523,663,463,473,600
636,533,650,468,473,611
634,528,652,465,473,609
639,534,652,467,474,612
645,532,662,464,462,608
647,530,651,466,470,608
650,521,663,468,466,600
643,523,665,468,476,603
640,525,661,469,474,599
650,526,663,471,465,603
639,523,662,468,476,604
647,517,665,469,470,599
641,519,665,467,476,603
639,534,652,469,472,613
647,535,666,457,468,611
649,527,663,472,463,603
647,531,662,465,463,610
651,529,665,462,470,609
639,534,651,465,470,611
649,534,663,461,469,610
651,525,660,467,472,610
651,529,666,462,473,607
650,512,665,469,472,601
638,536,651,471,472,612
651,529,658,469,471,610
651,527,663,474,462,604
651,528,663,460,475,608
652,519,663,471,467,602
640,537,653,467,473,613
650,519,664,470,467,604
641,524,663,465,476,604
648,532,663,461,460,611
651,530,665,456,476,610
649,532,667,454,470,611
641,538,651,465,469,611
646,533,652,465,468,610
646,525,664,468,463,606
644,520,664,464,476,607
650,512,666,465,470,601
650,518,665,466,468,599
650,529,662,460,462,608
646,531,661,460,462,610
647,518,666,465,471,601
647,533,664,456,467,610
651,529,667,466,466,610
647,525,652,466,471,610
650,524,662,467,462,608
652,524,665,462,474,613
648,525,653,466,473,611
648,514,662,461,478,599
648,525,663,455,465,610
648,522,664,464,464,610
645,511,656,465,475,609
650,514,667,465,473,601
648,527,666,456,470,612
644,513,666,465,478,602
654,514,664,470,467,602
649,525,652,471,470,601
642,520,662,468,480,604
644,527,651,472,476,611
652,519,667,458,479,609
651,515,661,465,480,607
651,497,661,468,481,605
651,511,666,459,476,609
649,508,666,473,474,601
644,499,652,472,478,609
651,501,666,472,478,601
648,508,659,465,481,601
640,502,650,474,481,612
641,505,654,474,483,609
648,503,663,473,475,610
650,502,662,468,475,611
647,488,660,473,489,608
641,494,654,473,486,610
646,489,659,472,487,611
649,501,667,474,487,602
650,498,662,472,483,600
644,502,661,468,487,610
652,489,664,472,491,601
652,498,667,460,487,610
655,497,667,459,486,612
645,486,656,469,488,609
646,497,666,461,481,612
644,486,656,469,488,610
651,496,667,458,489,610
649,498,663,466,479,613
640,501,656,473,488,609
648,498,663,462,477,611
651,490,666,476,490,599
642,490,653,472,486,611
648,494,666,475,484,601
646,502,662,468,478,611
646,503,663,463,490,607
638,497,652,473,485,610
641,503,658,471,490,608
645,491,659,469,489,608
644,491,657,472,486,610
636,501,649,462,488,611
639,512,652,475,486,612
649,500,666,474,490,601
649,508,665,460,485,610
645,511,659,476,478,605
652,512,659,472,491,609
647,512,662,473,480,608
646,515,655,472,488,610
640,511,652,476,487,614
642,505,661,474,493,605
650,517,661,470,495,608
648,520,654,473,488,611
647,521,661,476,480,610
649,509,663,474,491,602
648,520,658,474,492,610
646,510,660,475,493,610
643,513,665,476,493,604
645,529,662,478,481,609
646,530,664,477,490,610
635,528,661,477,495,607
645,533,655,479,491,610
635,543,651,478,491,612
649,534,658,476,492,609
645,532,665,479,492,602
646,531,665,477,491,601
648,533,663,481,483,602
633,549,649,478,488,612
645,549,661,475,479,609
644,535,665,474,487,600
638,550,649,477,487,612
634,553,654,476,487,613
644,547,656,475,488,609
644,544,662,481,478,609
639,550,649,480,487,612
633,544,656,474,490,608
638,541,660,473,489,607
634,552,650,476,489,609
648,535,662,478,482,601
648,540,662,478,481,605
646,533,665,477,485,601
644,549,665,463,486,608
642,550,653,479,485,610
637,548,651,473,488,607
644,547,655,476,486,610
634,549,649,475,486,613
644,549,665,465,484,612
638,536,663,474,487,602
643,545,658,473,488,609
642,546,659,468,488,605
643,534,666,476,487,601
641,552,663,461,482,610
629,548,655,473,487,609
646,543,661,467,486,606
641,536,665,475,489,600
646,542,661,478,479,604
639,541,662,474,489,604
645,534,666,476,484,602
646,547,665,461,489,605
644,543,659,476,475,606
641,548,662,472,476,610
636,537,658,473,486,607
646,534,663,477,479,602
641,551,665,466,476,612
641,551,663,464,480,611
642,553,662,467,476,609
643,548,662,463,481,612
644,547,659,478,475,607
642,546,660,462,486,610
642,552,650,475,482,610
637,551,652,473,481,609
634,552,649,471,481,610
645,538,665,474,479,599
637,541,665,468,485,599
642,540,665,470,480,597
641,539,659,474,477,595
641,546,665,469,483,608
630,552,650,474,481,609
637,556,665,460,481,607
631,558,651,475,479,607
635,555,653,474,482,608
634,540,664,470,485,598
632,545,661,468,485,600
638,545,664,469,482,597
628,550,659,465,483,604
623,549,657,463,481,602
628,552,652,467,482,608
635,544,664,465,481,600
638,549,661,465,471,601
641,554,659,463,483,598
640,552,660,462,482,599
631,560,652,469,477,608
628,558,655,466,481,608
635,555,650,468,479,610
629,557,653,468,481,606
639,549,662,469,470,600
640,541,664,468,478,596
641,554,658,466,482,605
637,559,662,460,470,607
632,547,656,470,483,604
638,554,660,465,469,605
628,555,659,465,482,605
625,560,652,469,479,608
634,557,663,461,472,607
630,550,658,466,483,602
633,555,665,456,478,605
627,553,658,468,481,606
638,558,653,473,479,606
627,553,658,467,481,604
639,558,665,458,480,606
632,559,651,471,480,608
639,543,665,470,481,597
643,555,657,468,483,605
632,555,658,467,482,605
636,557,659,465,472,604
641,543,664,472,479,598
636,556,652,470,480,607
641,553,665,464,486,604
642,553,665,467,483,603
636,559,649,470,484,606
639,555,667,459,481,608
639,545,660,465,486,599
637,553,664,465,486,604
641,555,666,460,485,606
639,550,661,473,472,603
642,552,662,474,474,601
642,543,666,472,482,596
635,553,651,475,482,610
643,544,664,473,483,598
642,553,661,473,472,606
643,551,661,474,475,603
645,556,657,470,484,606
635,543,664,470,487,601
628,561,651,473,482,610
640,557,662,462,473,609
638,539,663,472,484,598
643,544,666,471,479,599
633,559,652,469,482,611
631,560,653,468,480,612
647,554,667,462,484,608
639,559,652,473,486,609
646,543,666,468,476,600
638,558,652,474,480,609
642,557,666,458,479,611
644,554,668,461,483,606
641,546,664,469,484,599
644,555,668,459,483,607
642,559,665,463,474,609
643,555,661,468,472,606
633,558,652,468,485,604
640,558,652,473,474,604
646,538,664,472,482,600
644,557,665,460,472,610
643,553,663,471,470,605
648,554,665,463,484,606
637,553,649,473,479,610
634,554,661,470,483,608
638,558,652,470,481,609
646,540,663,471,479,600
648,555,656,471,481,609
648,549,664,473,485,610
648,552,669,459,483,608
645,551,661,470,482,609
634,559,658,468,483,609
643,544,668,468,484,601
644,542,668,469,486,600
649,550,661,468,484,606
647,543,667,458,480,609
647,553,668,459,483,606
649,551,668,462,485,607
646,551,661,473,471,607
636,558,651,473,480,610
645,555,660,469,474,607
645,555,667,459,481,610
647,551,664,467,486,606
640,558,653,473,480,610
649,553,669,460,485,606
642,543,666,469,486,601
647,552,661,465,485,607
645,556,667,461,480,609
638,545,663,471,487,603
639,558,650,468,482,612
647,549,661,467,471,603
633,548,660,469,487,603
642,554,660,470,480,599
644,559,662,460,478,611
634,552,651,471,482,609
635,558,645,473,481,611
647,548,657,468,472,605
646,541,661,472,483,598
646,548,654,472,472,605
635,548,649,469,485,609
644,549,656,460,484,608
634,543,641,470,483,609
643,547,638,464,484,604
647,546,652,463,484,606
648,547,641,471,483,608
643,549,646,467,473,608
641,541,645,470,480,609
637,536,643,468,486,603
646,535,649,471,483,601
635,545,634,472,482,609
635,548,632,472,481,609
634,544,639,473,485,604
643,548,644,464,473,610
641,549,646,458,479,609
639,548,646,460,478,611
646,539,644,460,479,609
640,549,633,472,481,611
634,539,646,466,485,604
643,547,643,466,472,607
645,543,644,473,484,603
632,550,636,469,482,610
643,555,649,459,477,609
646,544,647,474,472,606
641,550,647,463,474,609
645,542,649,471,473,603
644,546,654,460,474,610
644,544,652,459,486,608
631,549,637,471,486,610
643,544,648,465,484,607
644,537,647,462,483,607
641,532,654,473,481,609
644,543,652,463,488,607
637,549,645,469,484,609
641,536,653,471,477,604
637,545,643,471,482,611
636,548,655,464,474,611
640,546,658,458,483,609
636,547,653,463,477,610
629,542,650,471,485,610
640,544,654,463,486,607
638,544,648,470,484,611
621,547,644,473,482,608
625,543,649,469,483,611
636,544,647,474,482,610
633,542,654,464,475,610
632,546,639,475,484,610
633,544,645,474,479,611
633,543,653,471,469,607
634,543,654,469,470,610
633,546,653,464,474,611
640,530,657,475,475,601
625,544,651,473,479,609
628,531,659,473,484,601
623,545,642,476,476,612
625,544,643,473,479,611
634,546,643,475,477,612
636,539,653,475,465,607
636,542,658,462,475,609
634,543,644,475,474,608
637,540,659,464,476,605
636,543,651,470,464,605
628,548,641,476,473,606
635,548,656,464,470,605
634,551,658,465,471,606
624,548,643,468,467,605
636,549,648,474,477,603
637,550,658,463,473,603
637,551,646,474,477,604
636,550,659,463,480,601
633,545,655,464,472,592
627,545,656,473,478,597
635,536,657,475,476,591
636,534,655,478,470,589
628,546,640,478,476,598
636,537,658,467,482,592
632,535,641,473,478,590
631,530,652,471,478,589
635,528,656,470,482,587
632,532,655,467,472,588
635,524,649,475,478,588
634,533,660,463,475,589
637,518,658,476,478,579
636,525,656,479,469,583
633,529,655,470,481,585
635,517,657,476,476,580
637,520,657,477,473,583
628,532,643,477,476,591
632,515,658,475,482,580
637,520,660,470,482,586
625,522,643,473,478,585
623,517,648,475,478,588
630,508,651,474,480,587
640,516,655,469,482,585
636,512,654,475,468,581
636,515,655,480,483,578
636,511,660,475,482,579
639,520,652,474,481,586
636,510,660,476,483,578
636,519,651,475,469,585
636,522,649,472,477,587
637,511,657,477,477,590
636,524,652,475,478,588
636,524,655,476,471,586
632,527,660,479,475,581
633,531,655,472,468,591
633,518,656,472,482,580
637,529,646,464,478,592
637,529,649,474,482,590
634,534,660,463,482,591
623,528,655,475,484,589
625,538,643,477,480,596
634,535,643,468,476,595
634,537,646,480,476,596
637,524,658,479,474,586
634,529,654,474,470,592
636,533,656,468,481,593
634,535,658,467,476,596
636,534,661,467,485,594
634,534,649,477,480,596
630,524,658,476,484,589
636,530,652,481,469,590
636,534,658,469,481,595
634,536,659,466,482,595
632,541,652,467,473,597
628,532,654,467,479,596
634,539,657,470,482,596
625,541,656,467,480,601
633,539,655,479,483,590
634,539,628,481,479,603
635,540,627,476,485,599
631,529,621,478,485,593
633,529,615,476,482,593
636,540,596,473,484,600
637,540,582,473,485,600
624,545,570,481,479,605
635,531,579,483,476,594
629,532,585,478,484,595
622,545,575,479,483,604
624,547,578,484,481,604
633,542,596,476,474,603
628,547,584,485,482,606
631,533,619,484,485,602
620,551,624,487,476,600
632,543,633,481,486,598
619,543,634,482,484,601
631,547,643,479,487,601
622,552,628,484,481,603
621,552,647,476,476,603
626,551,647,478,475,603
616,548,641,482,484,602
628,550,648,479,473,603
626,549,640,474,486,601
629,543,648,485,472,599
621,550,636,486,482,605
622,538,653,484,486,594
622,542,647,482,486,602
619,545,644,482,483,605
630,550,654,470,485,601
632,550,653,471,487,601
622,551,641,486,482,607
628,551,657,472,482,604
622,542,650,481,487,600
629,552,654,481,486,602
631,547,657,473,486,601
630,542,646,482,485,602
621,554,643,484,481,607
632,545,653,486,473,597
632,548,659,473,483,605
625,540,654,482,488,596
632,539,658,485,477,594
630,551,647,485,482,604
634,550,660,474,487,601
632,548,654,473,487,603
624,551,645,485,482,606
