=~=~=~=~=~=~=~=~=~=~=~= PuTTY log 2023.11.03 00:43:34 =~=~=~=~=~=~=~=~=~=~=~=
532,382,381,413,426,549
528,369,390,413,426,548
532,379,394,404,421,552
519,377,376,414,423,551
528,385,387,418,424,540
525,372,383,411,420,543
516,376,377,412,424,550
520,384,380,412,426,545
527,381,389,413,425,547
519,379,378,416,422,551
530,378,392,405,420,551
517,383,375,416,423,551
527,381,387,412,413,551
527,383,389,408,415,551
521,385,378,412,416,552
526,383,388,411,417,545
533,376,393,412,426,549
528,378,390,415,421,541
527,379,391,415,424,541
528,385,389,414,416,550
519,386,378,411,426,549
532,369,393,412,426,541
520,381,378,415,424,551
529,368,390,416,423,553
532,372,392,414,425,547
530,368,392,414,425,551
530,380,393,419,426,550
523,364,381,417,417,553
529,380,393,408,421,542
530,380,395,407,420,551
523,373,384,411,425,551
529,382,390,412,413,552
520,374,379,412,417,553
519,378,392,412,414,551
530,371,388,416,428,549
520,386,382,405,427,549
533,372,395,418,425,552
531,381,381,413,415,549
529,385,388,418,416,547
525,385,383,405,419,549
530,371,390,414,426,551
521,376,375,417,420,550
528,377,391,416,426,542
528,383,389,417,413,548
529,387,386,411,426,549
531,383,390,414,414,551
534,378,389,404,426,550
529,385,388,410,414,553
530,380,389,409,420,547
528,387,389,404,422,552
521,377,379,417,423,553
531,381,392,415,428,542
528,372,388,414,426,550
529,387,386,413,422,539
521,388,392,409,426,550
527,379,391,414,428,543
522,382,378,416,428,550
523,387,377,413,425,551
524,373,387,418,424,552
524,387,380,413,424,553
523,372,386,414,426,554
530,387,390,412,426,547
525,387,388,407,428,551
528,385,388,418,424,547
531,382,393,415,428,543
531,383,393,402,414,551
534,385,387,407,428,550
530,384,390,415,413,552
516,387,379,415,417,553
528,386,379,415,426,554
535,373,393,415,418,548
528,380,389,413,423,542
532,384,393,412,416,547
527,381,394,408,422,554
528,389,391,419,423,544
521,389,382,414,428,551
532,384,391,417,417,554
521,373,385,418,424,555
531,377,395,414,426,544
518,388,380,417,425,554
531,385,394,419,426,544
527,388,387,420,418,547
530,385,390,417,421,554
533,377,392,415,429,546
525,373,385,418,417,554
534,384,389,414,427,553
521,387,377,416,427,551
519,380,378,418,426,545
527,388,388,418,419,549
532,380,394,415,424,556
528,373,393,414,428,546
532,373,387,414,411,555
522,387,379,414,426,553
533,383,394,407,421,554
532,386,394,405,430,552
528,388,388,417,426,555
529,386,386,406,428,553
528,387,384,408,417,552
523,390,379,412,428,553
531,382,393,404,425,555
528,387,390,417,418,548
519,383,379,419,425,555
529,388,388,418,417,545
527,370,384,412,427,553
529,386,389,406,424,554
533,385,391,406,418,553
534,374,394,415,427,551
531,374,395,415,427,555
532,382,393,407,426,545
531,384,391,406,418,556
532,382,391,417,415,556
532,382,392,412,416,547
531,380,393,416,428,546
529,388,388,419,429,553
532,372,390,410,429,547
533,371,394,415,429,557
521,381,378,421,425,555
534,382,394,419,426,544
530,385,389,405,429,552
530,384,391,415,427,551
527,387,384,414,419,547
529,388,390,420,424,549
520,387,378,413,426,553
527,374,387,416,427,553
529,382,391,413,430,555
522,378,380,417,426,557
532,378,391,417,428,548
526,383,391,407,426,554
525,368,392,414,427,555
532,383,389,421,427,551
533,382,392,406,426,555
530,383,390,407,427,552
533,377,391,414,429,546
529,387,387,420,431,555
522,382,379,413,429,552
525,383,389,418,418,554
532,384,385,406,428,552
530,386,388,419,418,548
521,383,375,418,428,555
520,381,378,420,425,556
536,374,393,415,428,546
528,379,378,419,425,555
534,368,392,414,429,548
532,370,392,416,428,553
534,369,391,417,430,551
531,386,390,415,431,554
529,386,387,422,418,550
520,378,379,421,418,547
531,380,390,416,426,544
527,371,387,417,423,554
531,383,392,417,416,556
533,379,396,415,430,545
531,385,387,405,427,548
524,386,380,408,429,552
531,381,391,412,422,554
519,381,375,418,418,555
529,388,383,405,429,549
522,383,374,412,425,555
524,379,377,416,424,556
519,375,379,417,428,555
530,386,387,415,428,554
533,373,389,416,429,547
529,391,385,416,423,547
534,375,388,414,429,555
533,380,390,414,429,544
532,384,375,405,422,555
520,385,375,416,424,556
532,374,390,418,416,555
533,387,385,416,425,547
532,384,388,414,426,546
528,378,378,418,425,557
523,380,374,414,427,553
534,384,389,408,411,553
532,388,387,415,418,546
533,374,387,415,417,556
524,389,377,414,429,553
531,386,388,413,416,556
529,372,384,416,425,555
523,393,373,416,429,548
533,385,390,408,425,554
534,385,384,419,423,545
530,376,385,417,428,553
534,380,390,416,415,554
529,388,386,417,417,555
522,378,377,420,424,557
526,390,383,408,428,552
533,381,391,417,432,547
529,373,391,415,431,554
523,379,377,420,424,556
523,388,386,420,420,551
530,389,387,420,422,547
529,375,385,418,431,545
529,389,386,423,428,551
529,372,387,420,428,548
524,381,376,421,426,556
531,390,385,420,418,547
522,385,374,419,427,555
533,382,391,417,428,555
532,389,388,422,417,551
532,391,387,422,417,543
532,389,389,419,416,553
534,383,392,412,430,554
530,388,389,408,429,551
532,371,391,418,427,555
527,377,384,420,424,556
526,391,383,410,426,554
531,384,393,415,417,555
518,388,379,415,424,555
530,390,390,420,415,554
522,381,376,420,421,551
530,388,391,424,423,554
532,387,392,421,416,553
522,389,379,419,430,556
521,381,381,421,424,557
518,390,380,416,428,552
534,373,395,418,430,549
532,372,393,419,422,551
528,372,396,419,429,551
522,376,385,423,426,554
531,386,391,421,415,552
530,372,388,421,428,556
531,388,390,422,417,553
519,387,378,417,428,547
515,389,379,417,426,554
524,388,380,417,431,552
530,373,387,420,429,553
533,390,393,423,416,552
536,386,393,417,425,555
532,384,393,416,417,555
530,387,393,420,417,553
531,388,392,423,422,546
534,383,397,413,421,558
527,389,384,422,425,551
529,389,392,422,425,545
533,384,389,420,429,547
531,384,394,420,424,545
531,387,392,421,428,556
532,373,396,419,429,548
530,389,391,410,431,553
532,386,391,421,428,549
534,384,394,412,427,552
536,383,395,411,422,553
528,388,387,411,429,552
523,390,391,424,421,549
534,387,396,420,416,556
531,386,395,421,423,545
530,385,393,419,428,553
528,386,386,411,430,551
530,388,392,423,417,546
535,378,395,418,431,547
532,387,393,421,416,547
535,383,396,411,427,553
531,387,393,422,422,546
527,384,393,416,417,557
530,387,394,421,416,552
536,383,396,416,418,556
532,383,395,422,429,554
532,383,397,415,418,556
534,383,390,411,426,554
526,389,387,412,429,552
535,371,394,419,422,545
530,385,394,422,416,553
535,375,397,418,431,547
521,375,388,422,427,557
535,372,396,417,430,545
532,369,395,418,425,545
532,382,396,418,429,546
531,389,392,421,424,547
526,370,389,422,427,558
532,388,395,408,430,554
531,390,391,422,421,550
530,387,393,421,417,554
523,387,390,423,421,550
532,386,392,424,418,551
529,388,385,403,431,550
530,389,392,422,420,549
534,378,395,420,431,547
535,384,394,419,417,555
531,370,393,422,427,554
534,371,396,418,431,549
523,390,381,421,426,556
526,388,393,421,426,551
527,366,387,423,421,553
533,386,397,417,421,555
530,387,394,422,423,545
523,391,386,422,429,543
534,390,394,421,426,546
531,373,393,420,426,557
516,383,381,423,426,555
530,374,395,420,430,556
530,363,393,421,428,554
534,372,391,421,423,544
534,383,396,410,426,556
534,373,397,419,429,548
530,390,393,424,420,551
525,390,388,417,429,552
530,389,393,424,419,552
524,391,386,412,432,554
532,384,393,422,426,546
536,366,397,419,432,549
514,382,384,424,428,559
528,374,395,422,424,552
534,387,396,421,417,554
532,387,396,417,416,554
525,390,387,414,430,549
530,372,394,422,427,556
522,390,381,421,426,556
523,388,384,417,427,554
533,383,397,417,418,555
523,388,382,420,427,555
535,384,398,411,430,553
523,390,386,417,430,554
520,386,383,419,427,556
533,374,399,421,431,550
523,388,383,420,429,556
536,385,400,410,428,554
535,370,396,418,426,547
523,379,384,426,424,556
536,382,398,414,421,555
524,381,384,422,426,557
521,385,384,423,425,556
530,389,388,412,431,555
533,383,397,421,429,546
524,376,388,424,426,553
530,371,394,424,427,552
526,390,379,415,430,551
534,384,391,411,424,556
533,385,394,424,416,552
530,387,392,410,429,555
531,378,394,423,420,542
530,385,394,414,432,545
531,370,396,418,431,551
530,386,392,423,419,550
531,385,397,411,430,553
535,381,396,420,432,547
535,378,398,414,429,547
527,373,388,421,430,555
520,382,381,423,422,554
526,372,391,427,427,557
534,377,396,424,431,550
520,387,381,419,428,552
522,379,382,418,428,553
528,372,388,423,426,555
521,382,381,423,428,554
534,372,396,420,430,550
533,384,394,423,417,555
533,382,397,414,418,556
527,387,384,416,429,555
528,372,390,423,426,557
531,386,390,424,424,542
531,387,392,424,416,555
535,377,396,419,431,547
532,384,394,419,417,553
532,384,392,409,429,553
532,371,396,419,428,554
534,379,397,420,429,548
532,380,396,420,430,557
522,387,384,418,427,554
537,383,397,416,422,555
531,372,397,418,430,550
536,370,395,419,429,544
528,384,394,411,427,554
534,375,395,413,413,553
526,386,393,411,428,553
531,385,396,411,430,554
525,388,385,417,429,550
529,387,393,423,426,546
533,386,397,418,419,556
533,369,397,420,427,556
530,373,392,424,428,554
536,376,392,419,419,556
534,384,397,413,425,555
533,385,395,417,417,553
535,387,396,409,427,550
533,382,396,420,418,555
535,374,398,411,418,555
523,384,382,421,430,551
527,389,389,412,430,546
536,377,397,407,420,555
534,380,397,421,430,546
526,373,389,423,427,556
529,372,390,423,426,555
526,386,395,422,428,546
534,377,399,419,430,547
522,389,392,426,420,548
531,386,394,423,424,553
528,387,385,416,430,554
523,387,383,422,426,555
533,384,392,424,415,547
536,377,397,420,430,554
525,380,385,425,428,556
532,384,395,420,418,555
521,382,386,424,426,558
535,374,397,420,430,547
531,387,390,411,429,549
532,371,399,419,430,551
535,387,398,411,427,555
530,386,389,414,430,551
535,384,395,417,418,556
531,388,394,424,418,550
537,386,394,411,426,552
533,385,396,419,420,556
533,388,390,411,430,552
536,380,399,422,431,547
527,387,389,412,428,553
534,383,395,423,417,555
530,370,393,421,428,554
532,387,396,421,418,555
534,385,399,410,418,555
533,380,392,424,427,546
531,391,394,423,429,547
538,385,395,407,424,553
534,384,399,412,425,555
529,384,400,412,425,554
529,364,386,425,422,552
533,383,399,411,422,555
533,376,399,411,424,555
522,373,380,424,425,555
530,365,386,423,426,554
530,390,393,423,423,546
536,386,395,414,422,556
533,387,394,423,417,554
534,383,397,423,431,546
532,389,392,423,427,555
534,387,397,423,417,554
522,382,379,424,426,556
527,391,386,415,431,553
536,382,393,416,431,544
536,382,398,416,419,556
525,376,388,425,427,557
535,388,397,412,428,554
534,379,400,423,430,547
522,380,384,424,428,556
527,378,389,423,428,557
533,385,396,422,432,546
526,392,387,416,430,550
535,385,400,417,420,555
537,376,403,402,429,558
537,373,398,421,428,553
523,378,384,424,427,556
527,391,386,415,431,551
531,392,394,412,431,553
533,387,395,423,427,545
531,389,398,419,419,557
532,389,395,425,418,553
535,385,400,412,425,556
536,387,400,411,426,556
535,389,398,412,429,553
529,377,390,426,427,553
534,387,395,412,427,556
537,383,400,411,425,554
523,375,393,424,428,558
533,373,397,420,430,556
522,383,385,423,426,556
535,377,395,416,419,553
535,377,394,411,422,551
531,390,386,418,430,556
534,387,398,410,423,558
538,366,400,420,430,550
528,365,385,426,423,552
534,383,399,420,418,558
535,386,400,416,423,557
532,390,395,426,419,555
537,383,400,415,423,557
536,381,400,421,431,554
528,390,388,418,432,556
531,373,398,421,428,554
537,385,400,411,425,556
530,385,396,411,427,556
536,374,400,422,430,550
535,384,397,411,425,555
534,393,390,412,427,558
538,377,403,420,432,551
523,394,385,423,429,547
533,375,397,423,430,552
533,386,400,418,419,557
523,384,388,425,426,560
530,377,401,421,431,549
538,388,398,412,428,555
534,372,394,424,425,544
535,386,399,417,419,557
534,375,392,417,429,555
534,382,397,422,430,547
523,388,386,419,429,555
534,373,399,422,430,551
536,386,399,420,418,556
522,382,385,425,427,556
534,378,391,412,425,550
534,387,399,417,423,556
534,384,397,423,428,546
534,385,399,415,420,557
522,379,386,425,427,557
524,385,380,424,427,557
523,391,380,418,431,553
532,388,396,423,428,547
533,379,393,424,428,545
532,386,396,412,429,554
525,381,387,426,431,558
534,386,399,421,418,557
524,390,384,423,431,556
533,381,401,421,430,554
531,392,395,424,420,551
535,387,397,423,426,547
526,390,386,417,430,554
534,365,400,422,428,555
532,387,396,426,422,547
527,377,391,422,426,556
531,389,395,427,420,553
535,380,400,422,429,547
532,383,398,425,420,552
526,391,385,421,430,555
526,391,390,419,431,555
532,388,397,412,431,553
534,384,400,416,419,556
532,386,398,420,418,556
521,387,387,423,425,555
530,382,394,412,431,552
526,388,385,420,429,552
535,383,400,423,434,547
532,385,396,423,425,547
533,389,398,421,418,555
533,374,403,420,432,550
532,389,397,424,424,548
537,383,399,422,433,545
534,391,393,413,430,545
532,388,399,425,418,556
536,377,399,420,433,551
526,375,392,424,427,557
534,373,402,420,430,551
524,389,384,423,427,556
523,385,385,427,428,557
531,388,396,423,418,554
536,387,403,412,428,557
532,389,397,423,417,554
527,389,398,411,430,554
536,377,401,421,432,552
534,385,401,417,423,557
533,373,400,422,432,554
530,388,394,414,431,553
531,387,397,412,432,555
523,375,387,416,427,557
523,376,395,427,429,557
532,378,392,426,410,554
531,374,397,423,426,546
536,385,402,411,427,555
536,376,397,414,421,556
528,387,395,412,430,554
535,385,402,414,422,558
534,376,401,421,433,551
529,373,396,423,428,553
523,392,389,419,429,555
536,388,400,413,431,553
528,374,394,423,427,558
534,387,400,419,418,556
525,392,389,419,431,555
524,381,387,426,426,556
529,390,397,425,423,549
529,390,398,424,423,548
535,387,401,420,419,557
531,388,398,414,430,554
534,391,398,424,417,554
524,391,386,420,429,555
535,377,401,422,432,551
529,379,394,425,428,557
536,385,401,419,419,557
527,393,391,414,431,555
525,389,389,417,431,553
535,383,401,421,433,549
533,376,401,421,430,553
524,386,388,425,427,557
532,386,396,414,432,554
523,393,386,419,425,547
525,389,389,420,431,556
529,391,396,423,424,547
532,390,398,424,426,547
533,388,398,424,425,547
522,377,383,424,428,554
533,390,397,429,419,553
535,384,402,416,423,557
537,382,402,416,432,548
533,385,402,418,420,557
536,375,401,422,432,553
534,386,398,421,419,556
532,389,398,424,425,548
528,391,392,417,432,555
537,388,396,408,430,554
527,376,394,424,427,554
523,390,388,421,429,555
533,387,397,425,429,549
533,393,397,426,419,553
535,375,399,423,432,556
535,378,392,412,425,552
536,387,399,420,419,558
534,382,388,422,432,547
522,375,383,427,426,557
534,389,398,423,418,555
528,376,394,424,429,558
537,385,403,414,423,557
528,376,397,426,429,559
532,387,398,423,427,545
521,393,388,421,428,555
535,385,398,416,431,544
532,382,396,409,431,548
529,387,398,413,432,553
522,388,388,420,429,556
535,384,402,418,421,558
525,392,389,421,431,554
527,391,399,426,418,553
532,387,399,423,417,556
534,373,398,424,428,556
528,377,395,428,428,558
529,378,395,423,430,559
522,393,386,421,432,556
533,384,400,421,432,548
530,388,399,422,418,554
534,373,399,423,430,555
530,392,397,426,419,551
526,393,389,417,429,553
535,378,403,423,431,548
537,387,402,410,423,557
524,387,386,426,427,556
532,374,397,425,429,554
525,374,390,422,429,559
534,384,402,418,420,558
533,391,397,425,419,554
536,388,398,414,428,554
533,379,400,421,417,553
526,380,394,422,428,556
536,387,401,412,429,556
525,391,390,420,430,553
528,379,389,420,429,554
529,377,396,423,429,557
532,373,398,424,430,557
527,376,394,426,428,557
529,376,398,424,429,556
525,393,383,419,429,553
532,392,399,425,424,547
535,384,401,424,433,545
523,390,387,425,428,557
533,390,396,426,422,551
535,385,404,414,427,555
527,389,399,423,419,554
533,381,396,422,415,554
537,388,402,416,426,557
533,374,399,424,429,552
532,391,395,421,424,546
529,387,401,413,428,553
525,389,388,424,428,553
531,391,396,409,433,554
534,391,400,411,431,552
537,384,401,421,432,545
531,377,396,425,429,557
515,393,386,423,430,553
534,388,401,422,417,555
534,385,402,424,431,545
534,392,396,414,431,552
527,382,389,426,426,556
532,375,397,424,424,551
537,390,398,414,430,553
536,391,398,417,430,555
522,392,390,417,430,550
524,383,388,421,430,553
535,387,402,417,423,554
527,385,389,421,430,551
525,378,389,421,423,556
529,375,396,425,427,556
531,393,399,427,421,551
536,377,397,424,428,542
538,380,405,422,434,546
537,379,404,427,425,545
527,378,392,426,426,556
532,391,400,414,430,553
535,390,398,426,417,550
528,378,394,428,428,555
535,391,400,428,419,552
529,388,402,416,420,554
537,389,402,420,419,555
537,388,400,425,418,553
534,390,398,425,427,544
538,375,404,420,430,551
537,390,401,413,430,553
527,392,394,413,432,553
539,378,404,421,433,546
536,393,402,423,418,554
525,386,388,426,428,554
539,379,403,421,432,546
524,388,390,425,428,556
532,391,400,429,421,550
533,388,402,427,423,545
531,375,398,425,429,556
531,392,399,414,433,552
526,389,385,422,428,552
539,388,405,417,422,553
540,374,405,423,430,549
528,379,395,426,430,555
529,394,388,417,430,552
537,391,398,415,431,554
541,386,401,409,428,553
543,377,406,421,432,548
541,389,406,407,427,555
538,390,399,421,426,547
535,377,398,424,432,558
537,374,401,425,431,554
538,387,402,427,426,558
535,390,398,413,432,554
527,387,389,425,429,556
537,389,401,412,431,556
540,388,404,416,424,558
527,385,389,425,429,550
535,392,399,428,417,554
538,383,404,424,430,559
540,382,402,426,423,551
527,392,391,423,430,554
537,389,399,426,420,554
534,391,393,413,431,555
542,387,402,418,425,560
529,386,388,427,429,559
534,377,396,423,431,557
537,392,398,413,432,555
533,393,391,417,431,554
540,387,401,419,422,554
539,389,401,413,428,555
536,374,400,422,430,556
541,389,400,412,429,557
536,386,398,414,430,557
526,385,385,425,430,559
535,388,398,425,428,547
533,390,396,423,420,549
536,388,400,418,422,558
527,385,386,427,430,556
534,374,400,422,433,553
535,383,400,423,433,550
524,375,395,425,431,558
533,389,399,412,430,555
523,388,386,424,429,558
534,388,400,417,424,558
537,389,397,412,431,556
532,390,397,413,431,554
531,391,392,415,434,554
531,391,391,415,434,557
529,376,402,422,433,550
531,374,401,423,429,558
534,386,402,423,436,548
538,375,398,423,434,555
533,369,397,417,429,555
537,381,400,423,434,549
523,394,388,421,428,557
536,375,399,422,432,555
536,385,398,423,434,547
534,389,397,423,419,557
537,387,399,414,428,557
534,390,396,420,431,553
538,388,400,416,424,558
535,390,395,410,433,555
539,390,398,421,420,557
534,375,401,421,432,554
527,391,396,413,435,554
526,392,384,422,431,558
537,375,398,421,431,551
531,394,394,414,433,556
526,380,386,427,429,557
534,389,399,412,427,555
531,387,393,427,421,553
532,390,396,424,427,549
536,376,398,421,432,557
536,389,398,421,422,558
522,382,385,425,429,559
522,392,386,423,431,558
522,385,385,421,432,557
536,387,397,426,432,547
535,377,396,422,433,556
523,393,399,412,429,555
534,391,395,410,434,558
522,384,387,425,429,559
533,391,395,426,419,552
537,391,395,427,420,556
532,386,395,423,420,555
534,391,397,420,421,558
531,380,396,426,436,555
533,394,394,425,425,553
535,389,394,411,425,555
528,392,398,423,429,548
524,393,384,421,431,558
525,387,385,424,430,557
533,378,398,421,433,556
530,396,388,420,435,556
529,377,391,417,434,556
534,387,399,422,421,558
526,389,397,424,429,548
539,389,398,419,422,558
531,378,402,422,435,552
531,391,393,414,433,554
524,389,381,425,430,555
536,387,399,414,428,558
536,391,395,425,427,550
536,386,398,423,436,548
534,393,396,425,428,549
534,398,395,426,425,549
533,393,391,414,435,555
535,379,401,421,436,551
524,395,385,422,433,557
525,393,387,419,432,556
537,375,397,423,433,558
534,392,395,426,422,555
535,391,396,426,426,548
528,394,389,418,435,555
536,379,401,421,435,555
527,392,393,417,434,556
535,378,400,422,435,555
533,391,399,424,434,548
536,388,401,423,435,548
530,392,392,412,435,556
533,377,399,418,434,558
522,393,386,421,430,557
531,376,396,423,432,557
528,386,391,425,433,560
529,389,399,423,423,559
539,377,399,422,434,554
532,376,397,421,431,557
527,393,388,417,434,555
531,379,394,423,432,551
534,390,396,423,432,549
529,373,391,421,431,561
532,390,398,431,421,556
534,376,398,422,434,557
538,391,400,412,432,558
533,393,396,423,430,551
538,377,401,420,435,553
532,393,395,424,428,548
531,396,394,426,422,551
524,393,391,416,434,556
535,389,398,418,423,560
537,391,398,412,433,557
527,382,386,426,430,561
537,377,401,421,435,553
532,394,395,413,433,556
525,384,385,427,431,558
535,393,392,424,430,549
535,390,402,422,435,547
539,387,400,411,427,559
527,393,389,414,434,556
536,379,403,422,435,552
532,396,397,425,425,552
534,390,397,423,421,559
526,383,385,427,429,559
537,390,401,415,424,559
527,385,390,414,431,556
532,393,398,424,425,550
529,391,397,412,434,559
535,390,399,423,434,547
535,392,400,413,435,556
527,393,393,415,434,556
532,394,396,426,423,558
532,393,396,411,435,555
528,393,391,422,425,559
522,392,386,425,433,557
537,383,402,422,434,551
524,391,385,423,433,559
527,386,390,428,430,559
535,387,400,416,428,560
531,387,399,426,427,549
537,390,402,426,434,560
537,388,397,416,426,559
534,388,401,422,420,559
536,394,400,424,422,559
529,394,392,414,434,556
525,387,387,428,429,556
536,391,399,421,422,558
534,387,399,424,430,549
537,378,404,419,433,550
530,390,400,413,433,558
538,389,403,415,428,560
531,379,400,423,433,559
526,386,386,426,430,559
537,376,405,425,434,555
533,377,398,425,431,560
536,389,401,419,421,559
535,391,399,423,430,549
529,389,387,427,428,561
527,387,384,425,432,558
528,393,388,424,431,557
535,394,399,413,435,557
527,394,391,418,434,558
540,390,402,412,430,557
537,392,401,413,436,556
540,386,404,422,433,549
540,391,403,415,428,558
527,390,389,424,431,559
536,394,400,426,425,551
533,393,394,415,435,555
539,377,404,421,436,551
532,380,395,426,431,560
533,377,398,424,434,555
541,390,404,415,431,558
540,387,405,415,427,560
537,394,400,426,432,549
538,392,400,414,435,557
536,396,403,424,434,550
539,380,405,422,436,552
540,390,404,421,422,561
536,396,400,427,432,551
530,384,397,426,435,554
528,389,389,428,432,560
528,393,389,425,432,559
539,380,405,421,434,554
535,396,400,429,425,552
526,388,389,425,432,560
536,394,401,425,430,551
538,391,404,422,423,560
527,395,388,425,432,558
538,391,401,427,429,550
535,391,403,415,434,557
534,396,398,426,427,552
537,393,404,419,423,559
534,394,399,427,426,551
526,393,390,425,432,558
539,385,400,419,434,548
540,378,403,423,436,555
539,393,401,427,422,558
531,379,399,423,432,561
540,385,406,410,431,558
528,389,391,428,431,560
539,380,404,423,436,553
541,390,403,418,430,559
541,391,403,420,424,559
525,393,389,425,431,561
527,396,391,420,434,558
536,395,403,426,423,556
541,393,401,419,423,562
529,395,391,417,434,557
529,396,390,423,434,558
541,381,409,424,436,556
531,393,395,420,432,556
538,395,400,427,429,550
536,379,404,423,435,556
535,393,398,413,435,556
536,384,398,425,433,560
538,380,403,423,436,553
541,385,404,423,435,550
540,390,403,423,430,546
534,398,401,428,427,553
526,389,389,426,430,560
536,394,400,428,422,556
538,393,403,408,433,558
537,390,402,426,434,550
536,397,401,427,424,555
527,381,386,426,427,559
535,380,399,424,433,558
534,395,399,416,435,556
539,382,407,423,436,554
523,394,403,413,432,550
538,393,402,413,433,557
539,392,406,412,431,559
537,394,404,423,435,550
536,386,401,429,423,553
538,382,405,422,433,552
533,383,394,425,432,562
532,381,397,428,432,561
530,386,391,427,432,561
528,396,394,420,436,555
539,393,404,414,431,560
530,399,393,420,436,557
537,396,401,415,432,558
526,393,389,423,431,558
531,395,397,415,434,557
540,394,405,413,431,559
528,392,391,426,430,559
540,391,405,418,426,560
537,399,401,427,426,553
538,382,405,423,435,557
535,381,396,422,428,548
538,379,404,424,435,560
527,398,390,421,435,558
531,396,400,415,435,556
541,390,407,417,425,560
537,396,403,424,421,556
541,388,405,424,436,549
540,390,405,423,436,551
539,379,407,423,435,558
528,393,390,427,434,558
535,396,402,424,422,556
539,384,405,420,432,551
540,389,405,423,437,551
535,399,402,427,429,553
538,392,405,422,424,561
535,396,402,427,431,552
537,394,402,426,422,557
536,397,401,428,427,554
529,381,390,428,433,562
536,394,403,414,435,559
532,396,396,421,436,556
541,381,406,424,435,552
542,394,408,414,434,558
531,398,391,421,437,558
541,381,404,422,435,556
535,400,401,427,429,551
537,400,400,428,425,552
538,393,401,413,435,558
537,389,402,423,419,557
530,391,394,414,432,559
530,396,393,428,432,561
528,402,391,425,431,561
539,388,407,424,437,552
536,394,402,429,423,555
540,392,406,418,426,561
536,399,402,429,425,555
531,398,404,426,424,557
532,398,396,417,437,556
538,397,402,427,423,558
533,382,398,427,434,561
539,380,405,425,433,557
527,393,391,427,432,560
531,384,396,423,432,559
539,383,405,420,432,555
536,396,397,414,435,559
541,389,408,422,438,552
533,394,399,415,436,558
543,380,406,424,437,555
529,389,391,426,432,561
539,381,407,423,436,552
529,387,392,428,430,561
536,399,400,416,438,557
537,398,404,424,436,551
530,394,391,426,433,560
528,391,391,429,432,561
538,395,402,428,429,550
539,393,403,424,434,551
530,400,390,424,436,558
537,398,403,428,424,557
543,392,405,417,427,559
532,385,397,427,433,561
539,393,405,417,429,560
535,390,405,426,437,549
529,390,392,427,431,560
536,396,402,426,429,551
540,394,406,420,426,558
536,399,401,427,424,553
538,397,397,414,437,560
534,393,406,417,427,560
542,392,407,419,424,561
538,396,403,426,432,550
538,379,403,425,434,558
533,377,393,428,435,551
538,381,403,425,435,556
542,395,403,415,433,558
539,395,404,425,423,560
539,396,406,421,426,562
538,393,399,423,421,556
528,392,391,426,432,560
537,398,403,428,423,558
540,395,408,423,436,551
536,390,401,410,434,560
540,388,403,426,435,549
541,389,405,423,436,552
535,399,403,426,426,553
542,395,406,424,422,560
528,393,391,429,432,559
540,394,407,415,431,559
527,393,393,426,432,560
533,384,407,423,434,556
534,399,397,420,437,557
539,395,406,423,420,560
535,382,400,425,432,559
526,396,391,424,433,559
536,397,403,429,423,555
539,393,407,420,424,561
540,393,407,414,427,558
537,399,402,428,426,555
530,391,393,426,431,561
534,397,403,427,428,551
539,397,401,414,435,559
539,399,409,415,434,558
534,399,399,417,437,558
531,399,391,424,434,560
534,380,396,430,427,559
535,395,403,415,435,558
537,399,403,415,436,558
536,400,404,428,423,558
533,385,400,428,432,562
540,401,403,417,437,557
541,399,406,409,432,559
537,398,404,415,436,557
540,386,408,424,435,553
527,395,392,427,432,560
534,394,400,413,432,558
541,396,408,414,431,557
539,383,404,424,434,560
540,394,407,422,417,560
535,404,401,431,425,553
540,388,404,423,436,556
529,396,390,427,432,559
539,394,406,425,433,550
540,399,406,422,426,561
540,393,407,418,425,560
536,397,410,416,433,559
535,404,402,430,429,555
531,388,402,428,431,562
536,402,402,427,431,551
540,395,407,423,437,552
539,385,408,424,436,552
537,398,405,426,434,550
534,401,402,415,436,557
538,404,402,428,427,555
533,387,398,427,433,562
536,399,405,428,433,550
532,390,397,428,434,561
540,395,404,427,437,550
538,388,406,425,436,552
533,399,405,428,423,560
536,402,401,428,428,551
539,402,405,426,424,559
535,400,397,418,436,557
531,388,399,430,432,561
537,387,402,426,433,558
536,401,405,428,423,558
538,401,405,427,423,559
539,386,406,426,436,558
534,402,404,428,428,552
541,388,406,424,438,553
536,398,408,416,435,560
537,387,405,423,434,559
538,401,403,428,426,560
539,386,407,424,436,554
536,393,399,430,420,554
534,400,406,424,425,560
533,386,408,425,435,557
535,402,401,414,436,558
531,390,393,429,433,562
527,397,392,427,432,551
537,398,405,424,436,549
538,400,396,415,436,561
540,397,408,419,426,561
539,393,408,424,436,554
530,393,406,426,434,550
536,400,404,425,423,557
529,386,401,428,433,559
538,398,404,416,433,560
541,397,409,416,430,561
539,401,405,428,433,552
535,401,405,427,425,558
535,399,403,415,433,559
533,399,404,427,424,559
536,394,400,428,428,549
538,401,403,429,424,556
529,397,391,425,433,560
535,388,403,427,434,562
541,396,406,425,436,558
541,397,408,417,429,561
537,401,404,426,436,558
530,400,401,417,436,558
542,388,409,423,437,554
534,403,399,418,438,558
527,399,402,425,436,559
538,399,405,429,423,560
539,400,406,425,435,551
528,397,391,426,435,560
532,388,401,429,434,561
528,401,399,418,436,558
531,391,397,428,431,561
528,401,392,424,435,560
540,397,408,423,425,560
537,401,406,426,434,550
527,394,395,428,433,562
538,400,402,416,433,558
527,403,396,422,436,558
535,402,403,428,422,557
533,404,403,430,424,554
537,403,400,427,424,554
538,393,407,425,437,550
539,390,410,424,437,553
537,399,403,428,435,552
538,393,406,429,421,556
534,401,404,428,429,552
542,401,406,417,424,559
537,392,408,427,424,560
535,396,404,425,422,556
535,401,406,429,433,551
527,404,394,426,435,560
531,389,399,430,435,561
533,401,395,423,435,558
535,385,405,425,435,558
538,393,409,425,436,551
539,394,408,428,436,553
536,393,400,417,431,555
539,395,409,426,437,553
528,404,395,424,436,560
536,403,403,430,430,552
534,403,397,421,436,558
538,397,407,422,424,562
527,402,392,427,434,560
532,387,406,425,435,556
540,398,408,419,430,561
538,387,409,426,436,557
539,399,409,416,429,562
534,404,403,429,429,552
527,389,398,429,434,561
539,398,410,416,430,561
537,399,405,415,434,559
526,404,394,425,435,560
534,386,404,427,436,559
537,404,405,429,427,554
536,406,404,429,425,559
534,401,404,426,434,551
544,393,409,424,437,552
536,387,406,426,437,558
529,403,395,423,437,556
537,405,405,429,424,557
537,404,403,427,431,550
528,395,395,429,434,561
522,394,398,430,433,563
532,388,405,426,436,558
537,396,405,424,427,553
530,406,407,428,432,551
533,403,404,427,430,551
526,406,394,424,436,560
533,401,408,422,426,561
539,400,409,415,432,560
536,403,400,412,437,556
540,401,407,428,424,561
536,402,406,428,433,550
530,396,398,430,433,563
536,407,405,430,429,554
537,404,407,428,434,550
537,393,398,430,437,562
533,402,406,415,437,559
533,382,397,430,430,551
533,392,402,429,436,561
537,405,405,427,425,558
529,394,400,432,435,563
532,405,396,423,436,558
535,404,406,431,424,560
539,397,409,425,438,552
541,388,409,425,435,556
536,400,405,430,426,555
539,395,409,418,427,561
531,407,398,420,437,558
528,404,395,427,434,560
541,391,408,425,438,555
536,397,395,430,433,561
529,402,396,428,434,563
535,400,404,425,425,556
542,402,408,416,435,560
540,403,410,427,435,554
538,401,407,429,431,552
530,406,395,423,435,559
542,401,409,417,431,564
539,405,403,416,437,557
532,389,402,428,434,561
538,402,404,415,437,558
525,404,394,426,436,560
528,402,395,428,434,561
542,402,410,417,436,560
536,405,407,425,426,559
534,388,402,428,435,564
538,398,402,428,420,556
536,403,408,417,434,561
536,406,407,417,438,559
533,394,402,430,434,564
535,408,407,429,424,559
539,401,407,426,437,549
527,408,395,426,436,560
537,402,407,426,438,551
536,408,405,431,432,553
540,406,405,419,440,559
526,409,394,428,436,561
536,406,406,429,428,552
527,400,393,426,436,560
536,406,404,430,427,553
533,391,402,429,435,560
527,401,395,428,432,562
537,404,407,427,424,558
539,403,410,418,434,561
536,390,409,425,437,558
535,393,403,427,435,562
536,387,401,434,434,561
542,402,411,420,428,561
538,399,407,427,440,552
528,399,396,429,433,563
527,406,396,423,439,558
536,407,405,426,428,556
534,408,401,419,437,558
529,400,396,428,433,561
531,399,397,428,433,562
540,401,404,422,439,547
540,399,409,425,438,557
542,391,410,425,437,552
538,392,407,425,436,558
539,390,409,427,436,555
536,390,408,423,425,552
541,402,410,417,431,560
536,406,407,427,433,552
542,401,410,418,434,559
529,401,394,429,435,560
537,403,410,425,425,562
538,388,408,427,436,557
539,399,410,426,439,553
541,394,412,425,437,554
541,385,410,420,434,556
538,400,409,428,438,552
533,395,400,431,434,562
538,404,411,417,435,552
541,387,411,425,440,553
529,405,398,423,435,557
528,400,392,427,432,558
537,399,407,427,427,557
530,404,395,428,435,561
541,390,410,425,439,555
529,402,395,431,434,560
538,392,407,427,435,560
536,407,406,430,430,551
537,402,407,428,437,551
537,410,405,431,431,555
532,394,403,429,437,561
535,395,403,429,435,558
543,402,412,417,434,560
536,390,405,429,436,564
541,392,411,428,437,554
525,407,400,419,437,560
539,408,405,430,428,557
534,393,402,429,436,564
537,389,407,426,436,561
537,402,407,429,435,549
542,385,410,417,439,555
528,406,396,427,435,560
541,398,410,427,439,551
538,405,409,423,425,562
541,395,410,422,434,552
534,406,406,427,430,552
534,405,403,417,437,559
527,406,394,426,437,561
540,395,411,424,426,561
540,405,410,419,431,559
534,392,404,428,436,560
529,396,401,429,435,562
534,399,410,422,427,561
530,402,396,429,435,564
542,403,410,415,434,561
540,403,408,429,425,560
539,391,408,428,438,560
530,398,396,432,433,561
539,389,409,427,435,560
539,405,408,426,427,561
534,393,397,426,436,558
528,399,395,428,434,560
536,407,402,430,427,557
538,404,406,426,435,551
537,405,407,429,432,551
540,404,410,423,428,562
535,406,403,418,439,559
540,397,412,424,438,552
530,394,404,429,434,563
539,402,409,421,425,560
539,404,413,420,429,562
539,403,409,427,435,551
539,396,410,412,430,562
542,391,411,426,437,554
538,406,405,430,431,552
534,394,411,422,428,551
533,390,409,426,438,560
528,393,397,431,432,562
533,411,400,423,442,558
543,390,412,423,432,558
527,403,394,429,435,560
540,393,411,425,440,555
534,408,406,432,425,557
539,404,409,420,427,561
541,404,412,417,438,559
536,403,406,429,433,553
538,405,406,430,436,551
534,408,403,420,438,559
539,405,408,425,427,561
539,382,412,427,437,550
540,408,406,428,431,552
527,402,396,428,435,562
537,407,407,429,427,555
535,393,407,428,437,561
532,396,400,430,435,560
539,404,411,417,431,562
541,403,410,418,429,562
538,406,406,415,438,558
539,404,410,420,431,563
540,390,406,425,436,560
535,390,405,428,436,559
536,406,403,430,426,558
538,402,411,416,433,560
542,402,410,420,433,561
540,404,406,417,436,560
539,405,409,427,425,559
529,405,391,427,430,561
527,403,396,429,435,561
537,405,406,429,424,559
535,405,403,415,439,557
538,403,414,411,435,557
538,402,408,427,426,560
539,403,406,417,436,560
539,402,410,426,425,563
535,408,407,429,429,555
535,402,407,428,435,551
539,392,409,426,438,557
526,402,396,430,433,563
540,395,409,427,439,551
538,386,407,425,430,561
538,403,407,425,424,562
535,389,403,425,436,557
537,406,406,431,426,559
532,406,399,421,438,559
538,400,411,419,432,561
534,396,411,425,440,554
530,405,405,433,425,558
542,401,405,420,431,560
527,397,396,428,432,562
538,391,410,429,439,554
536,405,406,430,426,559
537,392,408,427,435,552
540,402,404,417,433,559
528,401,395,430,436,561
540,400,410,418,434,561
534,401,402,418,438,557
536,402,403,415,437,557
539,399,409,424,425,563
527,400,392,430,433,558
528,389,404,429,433,560
535,401,409,422,429,560
529,391,394,428,434,561
535,405,404,429,430,551
539,399,409,427,434,552
540,393,411,421,430,560
529,395,396,429,432,563
529,408,395,424,439,559
538,401,408,425,425,560
539,392,409,427,437,551
532,408,400,425,438,560
539,392,410,424,438,558
534,390,403,428,436,557
537,404,404,429,432,551
528,406,397,425,438,558
539,402,406,416,437,559
540,402,409,422,428,560
540,391,410,421,438,552
543,390,411,425,440,555
538,399,411,423,426,561
538,406,405,417,438,558
536,400,408,427,435,551
526,403,397,430,436,561
543,400,412,413,432,562
527,402,394,426,437,560
533,390,403,429,435,563
539,389,409,428,437,560
533,400,410,423,427,562
537,404,407,418,440,559
536,407,404,413,439,559
540,401,410,426,422,561
541,394,410,426,438,556
542,397,413,425,438,553
542,392,407,421,439,552
536,406,407,427,424,558
541,402,412,417,434,562
532,389,405,422,436,560
536,405,406,431,425,557
538,403,410,421,431,561
536,390,411,426,438,559
532,405,409,426,425,561
541,402,412,421,430,561
538,403,410,424,428,560
536,399,403,430,428,551
537,405,408,429,431,553
526,399,396,430,434,563
534,403,413,424,428,562
538,401,410,427,436,550
541,400,408,423,435,551
534,404,407,430,426,556
535,393,412,426,439,554
538,396,408,427,436,559
526,403,396,426,436,560
536,405,407,431,425,558
539,389,412,428,437,555
541,401,411,417,430,561
528,408,399,423,437,559
539,401,408,419,438,559
537,402,403,423,434,547
526,401,396,431,433,561
537,407,405,432,428,556
540,398,410,419,429,561
535,388,407,427,435,563
535,381,405,424,432,559
539,400,410,421,430,562
535,404,405,432,425,555
534,405,406,430,427,557
536,402,405,431,428,554
537,388,406,427,436,561
535,387,403,427,436,561
536,387,407,427,436,559
534,405,402,419,441,559
536,389,411,425,438,554
540,383,408,427,435,549
526,402,395,427,436,562
536,405,407,429,430,553
537,387,404,428,434,562
537,402,402,416,439,558
533,401,407,425,426,561
533,401,410,418,437,560
533,391,398,425,435,560
533,403,401,419,438,558
536,403,406,431,430,554
535,405,406,431,426,558
534,390,401,429,436,561
533,389,404,432,436,560
532,391,401,431,434,563
525,399,394,430,435,558
529,394,397,432,434,562
535,403,405,431,430,555
541,399,405,418,438,559
532,395,399,429,436,560
540,398,411,423,433,562
528,398,395,430,435,562
533,404,395,420,439,558
528,403,396,427,433,559
528,405,395,427,437,559
537,402,406,431,426,558
540,400,410,423,426,562
540,397,410,419,429,561
535,389,406,428,435,559
534,399,410,425,425,563
539,402,408,431,429,552
539,380,406,427,434,554
535,392,403,428,435,562
538,387,409,426,437,558
536,404,407,430,424,556
536,405,406,430,428,553
542,400,412,418,434,559
532,402,399,425,438,558
534,389,401,429,435,562
541,398,412,417,435,559
529,398,395,431,435,561
536,403,408,430,434,554
528,393,396,431,436,562
537,401,407,429,426,558
541,385,409,425,437,554
531,400,401,421,437,558
541,395,409,429,437,550
542,391,412,426,440,552
543,392,412,425,437,551
539,396,410,422,428,559
537,391,408,426,428,551
539,394,412,428,435,550
536,398,409,426,424,560
531,401,398,424,436,559
541,393,412,428,438,552
532,394,399,431,433,562
537,401,408,426,432,553
537,400,408,426,426,559
528,393,397,430,433,560
528,403,399,429,436,561
543,387,413,429,439,553
541,401,408,418,438,556
536,401,404,419,438,558
542,389,408,421,439,551
536,389,406,430,438,563
540,397,409,418,433,561
542,384,412,427,437,556
530,392,401,429,436,563
540,400,411,426,427,562
536,400,408,433,425,559
543,400,414,420,433,561
542,399,414,420,433,561
538,397,409,431,430,555
534,403,407,419,441,559
536,397,401,416,435,557
540,403,407,418,438,557
535,385,408,430,437,561
540,396,411,425,440,551
533,391,403,432,435,561
529,402,397,429,436,560
538,405,408,432,429,557
536,401,409,431,433,551
539,401,410,428,426,561
540,386,412,427,437,556
542,390,413,428,437,558
540,393,411,428,434,552
540,395,413,423,437,551
540,398,413,419,434,560
537,402,408,431,426,559
529,403,399,428,438,560
529,403,399,426,436,560
529,396,396,425,435,557
540,399,413,425,427,562
542,402,414,420,432,561
539,390,413,427,439,555
538,388,409,428,436,562
540,391,411,428,440,554
529,403,398,428,436,560
537,403,409,430,437,551
542,393,409,420,428,561
537,403,410,431,427,557
538,389,412,426,438,559
539,386,410,429,437,560
536,406,409,433,428,557
541,391,410,422,427,563
542,391,414,416,429,562
539,388,412,427,438,558
543,401,413,417,435,560
539,402,412,431,426,561
531,404,399,426,438,559
530,398,401,432,435,562
529,404,398,428,436,561
539,404,409,432,425,559
537,403,410,428,426,561
538,403,410,431,431,553
533,404,403,425,438,558
540,402,412,431,437,551
531,397,400,423,437,560
539,403,408,430,434,553
529,406,398,427,437,559
530,393,400,431,429,562
536,406,410,431,425,558
534,403,405,419,440,559
540,401,412,428,425,560
542,389,413,426,439,554
541,401,409,430,435,549
527,403,399,431,437,562
531,404,401,424,437,559
536,405,403,431,429,556
539,388,414,428,440,557
542,387,413,428,439,559
539,387,411,428,438,558
537,403,409,433,427,558
542,399,415,421,433,563
540,395,411,430,440,551
527,394,407,432,435,563
530,400,399,431,434,562
540,388,413,427,440,555
536,393,408,431,435,562
540,390,414,428,439,553
537,407,406,420,441,560
540,387,412,428,434,558
530,407,402,425,437,559
542,391,415,429,439,556
529,395,400,431,434,562
538,403,411,431,430,554
531,404,404,420,440,557
537,403,410,421,438,559
535,392,408,430,438,561
540,396,409,424,437,550
532,385,406,431,431,559
528,399,400,432,434,562
538,403,411,429,426,561
537,387,409,429,436,560
536,406,407,431,429,553
541,402,413,423,440,561
540,391,413,426,425,552
531,394,411,429,436,552
541,396,412,427,437,551
541,389,415,428,438,554
539,401,414,423,431,562
538,388,412,428,430,562
527,402,401,431,434,564
540,400,409,430,435,552
535,396,413,429,438,552
531,405,409,433,432,552
540,402,410,431,435,551
543,390,415,425,438,552
531,393,403,431,434,562
543,401,412,417,435,561
536,402,410,430,432,552
538,405,409,431,429,556
542,400,414,419,435,560
539,402,413,426,427,561
527,395,403,432,434,563
537,404,410,432,428,558
536,405,414,420,435,559
527,399,399,432,434,563
541,401,407,420,436,560
530,405,400,423,440,560
530,407,403,424,439,560
540,390,414,429,437,552
536,405,411,432,427,560
537,402,412,430,436,550
538,389,410,429,436,559
537,404,412,430,437,550
537,406,410,432,426,556
541,392,416,419,424,563
533,407,405,420,439,559
538,406,409,433,427,560
541,394,414,421,421,563
540,402,411,428,428,562
541,402,409,432,427,561
541,390,415,427,440,553
532,399,399,432,435,562
539,399,416,422,431,561
537,401,417,417,438,560
529,406,400,426,437,561
527,399,401,431,435,562
541,390,415,429,439,555
542,401,417,423,428,566
531,395,408,434,436,564
541,396,417,427,439,554
534,403,413,433,426,561
531,407,409,432,426,558
527,406,403,425,440,559
528,394,405,431,436,563
536,404,411,429,432,551
541,403,417,419,433,561
535,407,409,428,427,555
532,407,409,432,432,555
535,407,412,433,428,556
536,405,410,432,431,552
540,403,414,420,437,560
529,404,404,429,438,562
532,405,401,425,440,559
539,404,409,418,438,559
542,402,414,424,427,562
529,397,401,434,437,562
540,402,418,420,437,560
531,394,407,433,435,564
540,389,413,428,439,556
541,403,414,417,438,559
541,405,410,419,442,560
528,400,401,438,436,562
529,406,402,430,436,562
542,397,415,430,437,553
534,394,406,433,434,563
540,402,412,431,435,552
531,396,409,433,436,563
541,401,414,422,432,562
537,407,411,432,430,552
541,391,417,427,439,554
538,403,413,429,425,563
541,400,417,420,433,562
538,403,412,434,426,559
539,408,411,433,426,559
537,402,415,425,428,563
530,390,403,434,431,560
543,389,417,428,438,556
540,403,414,421,439,560
538,405,411,433,435,554
542,391,415,427,438,556
538,398,412,430,429,559
538,403,412,431,428,560
542,392,417,428,438,557
543,402,412,415,437,561
541,403,416,419,433,560
541,387,414,428,439,557
542,402,418,422,433,563
541,390,415,428,440,557
532,407,405,426,438,559
529,397,406,433,436,549
540,401,416,424,428,562
541,398,413,430,437,552
538,390,416,427,439,559
535,398,417,429,439,553
533,408,404,425,440,560
540,400,415,424,429,563
541,403,415,425,427,562
540,396,410,414,434,559
536,383,412,431,439,558
541,403,416,419,435,561
527,402,398,430,438,560
528,402,400,432,436,563
544,403,416,419,436,562
526,406,403,428,437,561
528,403,400,431,438,562
535,406,410,419,440,560
540,404,413,431,426,559
542,402,415,427,426,561
540,400,417,429,440,552
542,394,411,422,427,559
538,406,411,433,429,553
537,407,411,432,428,557
532,408,408,418,440,562
529,410,402,428,439,560
540,406,411,433,432,553
539,404,413,430,425,560
538,405,415,429,426,562
540,401,415,428,427,562
540,391,416,429,440,553
541,406,414,429,425,558
526,408,404,426,438,561
540,401,414,431,436,551
541,391,408,424,439,560
536,404,417,419,437,560
538,387,410,430,430,552
538,406,412,423,428,558
541,407,411,435,429,557
528,393,408,433,436,564
527,402,402,434,435,564
531,406,400,427,438,560
537,407,410,432,432,557
532,393,408,431,435,563
526,406,403,431,437,563
538,404,418,419,437,561
541,405,415,428,429,562
536,405,411,432,431,552
541,401,416,422,434,560
521,400,401,434,436,563
532,406,413,432,433,552
535,390,411,430,437,562
537,408,409,431,432,553
540,401,418,426,432,563
527,401,401,435,436,562
539,403,415,429,427,560
542,401,416,432,427,562
537,404,414,430,426,561
541,402,416,421,434,561
539,407,413,434,428,557
542,400,417,424,428,561
534,406,409,420,439,560
542,397,402,433,435,563
529,404,401,429,438,562
536,405,413,435,432,550
528,400,403,434,434,562
539,406,414,420,441,560
539,402,413,430,436,551
532,391,409,430,435,562
543,404,416,421,430,564
540,392,417,431,440,555
536,391,411,432,438,561
539,390,416,428,441,554
537,405,409,420,437,559
543,402,411,420,438,560
540,391,418,429,439,554
537,406,412,432,433,553
540,402,417,423,428,563
532,407,409,421,439,560
540,398,414,430,441,561
537,407,413,429,426,559
529,398,401,433,434,563
539,400,416,432,442,553
536,400,412,415,437,559
530,409,403,426,441,562
527,400,401,434,434,563
540,403,412,432,428,557
537,409,406,427,441,561
534,408,412,438,431,557
538,405,413,431,437,552
538,407,413,421,440,559
537,411,411,434,429,556
538,408,412,435,427,559
539,406,414,430,426,561
528,391,410,434,438,560
542,404,419,421,433,565
534,407,408,421,441,558
529,400,403,436,434,563
530,409,416,420,435,562
541,405,416,428,430,563
537,406,412,433,425,558
538,413,410,434,433,558
530,403,402,433,434,551
538,390,415,431,437,560
541,404,415,420,437,561
546,400,416,417,432,563
538,405,414,433,426,561
538,407,412,430,432,553
544,402,417,421,434,561
536,407,413,432,435,554
540,390,414,428,437,561
542,392,416,429,438,557
535,394,408,433,435,563
534,407,408,422,440,558
540,403,415,428,430,562
538,404,411,431,424,560
531,410,406,427,441,560
536,407,410,420,441,559
544,406,417,420,433,564
543,404,411,419,435,561
536,407,410,433,429,555
530,405,400,429,438,561
541,405,417,423,433,564
536,407,410,434,427,558
539,392,418,429,439,559
537,409,411,435,428,558
530,407,407,422,440,559
530,396,397,433,432,560
531,407,402,428,439,562
530,403,402,434,431,552
531,410,405,422,441,561
539,403,415,420,435,561
537,406,413,430,427,559
533,406,406,423,439,560
530,398,405,434,436,563
538,403,414,432,438,553
539,405,412,430,438,551
531,405,401,434,436,563
539,399,412,428,427,557
540,393,417,428,442,559
542,399,415,429,439,553
536,409,412,434,431,551
539,397,414,430,439,553
540,402,415,431,438,553
536,391,414,431,438,561
537,409,412,434,430,556
538,405,413,432,434,554
537,391,410,431,437,563
534,409,407,422,440,560
540,404,415,422,427,562
530,411,401,432,436,562
538,391,414,431,439,560
537,409,412,432,435,553
538,408,411,434,434,555
529,409,403,428,439,560
540,403,416,429,429,561
539,405,417,425,428,564
538,393,415,430,440,561
538,407,412,432,434,552
540,406,416,427,429,564
534,395,410,435,435,564
541,399,417,429,442,555
536,407,412,433,430,558
543,402,416,425,429,563
539,407,413,434,432,554
545,392,417,428,440,557
532,400,403,427,435,562
528,408,399,430,437,561
539,392,415,434,438,559
540,394,415,431,439,557
542,392,417,429,440,554
543,406,417,420,438,561
537,409,412,435,429,559
539,406,414,428,428,561
540,404,414,420,439,561
541,401,416,429,439,554
535,393,409,432,436,562
542,400,417,429,442,553
538,400,414,431,437,553
528,404,400,425,441,562
540,403,413,431,435,552
530,402,398,426,439,561
542,403,417,422,435,561
531,388,408,435,436,564
538,408,412,433,436,552
538,406,414,430,441,553
540,390,413,430,438,561
529,399,404,436,436,564
539,406,413,421,438,561
537,407,413,431,435,552
542,402,418,422,434,563
538,410,408,433,433,557
530,406,408,421,440,560
524,406,400,433,437,562
534,404,408,419,436,559
538,405,415,420,437,562
541,404,415,430,441,552
538,410,411,435,431,556
529,400,402,434,436,563
541,395,416,430,440,557
537,393,407,432,438,560
536,394,410,434,437,564
542,402,417,420,435,562
540,406,415,432,442,555
538,411,412,434,428,558
530,409,405,425,441,562
541,403,416,423,432,563
540,405,416,429,428,562
539,397,417,433,441,557
539,404,413,430,442,555
538,393,414,429,433,560
541,403,418,421,436,562
539,405,411,432,435,553
530,408,404,427,441,563
529,408,403,420,440,560
535,398,415,429,441,554
540,404,414,423,436,560
538,407,414,430,436,553
537,408,413,433,434,554
540,401,417,421,434,561
540,403,412,422,437,561
539,391,413,429,438,562
537,404,413,432,434,553
538,394,409,432,436,564
538,406,414,434,427,562
537,393,413,432,438,561
539,407,413,433,428,558
533,397,407,433,436,563
541,405,414,427,428,563
529,400,402,435,436,561
539,400,412,435,427,556
535,389,407,427,437,565
535,410,409,434,435,552
541,402,416,429,442,552
528,403,400,432,439,563
542,394,415,429,440,560
541,395,416,428,440,557
539,408,412,432,430,561
539,407,413,431,427,560
538,412,413,434,433,554
530,406,402,429,439,562
529,410,401,429,438,561
541,393,418,431,440,558
540,403,415,432,445,561
541,403,415,433,438,550
528,400,403,434,437,563
533,410,403,423,440,558
530,398,403,434,435,563
528,410,400,427,437,562
543,403,417,424,428,564
540,407,412,434,429,560
532,409,406,426,440,560
539,403,417,428,440,555
531,404,402,429,439,562
543,402,417,421,433,562
529,400,402,436,434,564
541,405,419,428,428,560
529,400,403,433,437,563
536,405,413,432,435,552
532,409,406,424,441,561
530,408,403,431,439,559
536,407,411,421,442,560
540,404,414,433,427,562
542,404,411,419,438,561
540,397,418,429,439,556
529,411,402,428,440,560
538,404,415,429,429,562
544,405,412,425,435,563
535,393,414,431,438,560
532,409,401,429,439,563
541,404,418,423,434,562
540,409,403,431,439,554
528,408,402,432,438,561
538,401,412,434,431,553
540,404,416,429,430,563
534,396,405,434,436,564
542,399,418,420,434,562
539,393,412,431,437,561
541,403,416,428,429,563
538,391,416,431,438,561
541,404,414,430,437,552
531,402,403,433,437,564
532,408,404,427,438,560
538,408,411,434,429,556
540,409,413,433,432,557
535,409,402,435,435,563
535,393,409,432,438,564
537,395,419,428,440,557
548,406,415,419,438,562
540,405,414,432,439,553
539,409,414,433,431,556
542,408,413,421,440,561
541,392,416,432,440,550
541,405,415,429,426,561
529,402,403,438,436,564
532,397,406,435,436,564
538,409,412,434,432,555
543,403,417,422,436,562
538,408,412,432,431,554
537,392,413,432,438,561
538,401,413,429,427,558
539,405,415,431,428,562
542,398,417,431,442,554
543,401,416,429,440,553
542,405,415,421,437,560
538,391,412,432,440,562
536,401,403,422,437,557
540,408,409,432,433,556
539,407,413,434,427,562
530,408,405,427,441,561
539,394,408,428,438,562
528,405,402,429,437,562
537,391,419,430,440,557
543,404,416,426,430,561
532,408,404,429,438,562
538,403,415,432,435,552
539,406,414,431,437,554
543,406,417,416,434,562
535,408,416,432,428,563
543,404,416,424,432,564
530,408,402,428,438,561
542,404,419,423,434,564
540,409,410,429,430,556
542,403,417,422,434,562
540,390,415,430,438,561
541,402,417,426,429,563
542,398,418,432,441,553
540,403,413,432,437,553
536,408,403,417,442,557
538,406,411,424,440,561
530,411,397,429,438,562
538,400,407,436,426,554
542,405,415,425,429,563
533,395,407,434,437,566
541,405,414,431,435,552
540,410,414,434,435,554
533,404,417,424,431,564
531,401,401,435,435,564
545,396,418,417,428,563
536,409,403,424,440,561
541,405,416,430,427,562
533,404,401,432,439,559
543,399,417,420,425,564
539,403,416,431,425,564
540,406,411,421,439,559
538,393,413,432,440,559
533,408,402,429,439,560
536,395,409,434,436,564
541,404,414,433,438,564
545,403,416,434,428,561
541,398,411,419,436,557
541,394,416,429,441,555
542,401,413,421,436,561
541,405,417,424,434,562
540,414,412,434,439,553
536,412,412,435,432,556
542,405,416,423,434,562
529,401,403,435,436,563
531,404,400,434,437,563
538,409,413,432,436,553
534,396,408,434,436,564
542,392,415,431,438,557
540,409,411,434,433,554
539,407,414,431,429,560
537,407,410,422,439,561
540,407,414,436,428,562
537,407,411,434,427,560
529,403,401,435,437,558
531,403,401,430,438,561
544,404,417,421,436,562
535,409,407,423,442,559
541,407,417,431,428,563
539,391,411,433,438,556
541,399,416,431,440,555
541,402,417,426,434,563
544,393,417,430,442,554
543,408,418,431,430,565
529,394,403,433,433,561
541,406,414,431,441,552
534,410,411,435,428,558
539,395,416,431,440,561
541,394,415,429,441,555
540,407,412,422,441,559
543,407,411,419,442,558
533,407,408,422,440,561
526,404,401,431,438,561
541,405,418,420,433,562
543,405,419,422,438,562
536,394,413,432,440,562
538,410,414,434,429,556
541,395,418,429,441,559
530,405,402,434,436,563
534,395,409,435,437,563
541,407,413,420,442,560
541,402,419,430,441,555
543,412,413,430,428,559
541,404,415,432,440,554
543,405,417,420,438,561
531,404,402,432,436,563
542,406,413,421,438,562
540,406,416,420,441,560
542,409,398,434,428,559
532,408,412,434,428,558
540,393,415,430,442,557
541,394,413,432,441,559
542,395,417,431,439,558
540,393,416,431,439,560
541,394,416,428,441,560
529,403,403,434,436,564
539,408,405,418,443,557
544,398,417,429,441,553
543,396,417,430,443,561
533,394,409,434,439,564
538,405,414,433,438,554
535,398,406,434,436,564
543,386,413,431,436,554
545,404,418,421,433,563
536,409,407,423,443,561
531,408,405,425,441,561
530,403,403,432,437,564
543,408,419,419,441,562
540,406,414,432,428,559
529,403,399,435,436,563
541,404,416,433,439,553
530,397,408,434,438,565
542,400,418,431,443,556
533,409,413,433,435,555
529,409,401,429,439,560
537,408,406,425,442,560
540,390,414,432,439,562
540,404,414,431,443,553
539,408,413,435,435,554
531,402,403,423,440,563
542,403,417,427,429,563
533,408,405,427,441,562
535,412,408,425,444,560
541,406,414,432,439,553
537,401,413,431,440,551
536,410,411,434,425,555
533,409,402,429,439,561
528,406,400,428,440,561
543,406,417,425,434,564
541,401,415,426,437,552
539,408,412,431,427,560
531,394,403,429,434,563
541,401,417,430,443,554
540,409,408,422,441,559
542,403,416,426,431,563
531,406,401,433,436,564
531,412,400,433,437,563
535,407,408,423,440,561
539,404,412,416,440,558
529,400,404,435,437,564
540,408,411,435,431,555
529,402,402,434,437,563
533,408,407,421,441,560
541,393,413,432,440,560
531,404,402,436,438,563
529,408,396,427,439,558
538,408,411,434,435,554
541,395,418,429,443,556
540,406,410,419,441,562
533,410,402,429,442,562
531,409,402,428,441,560
533,411,398,424,439,557
539,408,411,421,442,560
539,409,414,434,429,562
529,410,401,432,438,562
540,392,416,430,440,562
542,401,416,431,440,555
540,392,415,432,439,563
541,407,414,420,438,562
538,409,409,433,439,553
541,407,413,419,442,562
531,402,400,435,437,563
541,406,411,422,439,560
540,408,409,424,442,560
534,409,403,425,441,560
540,396,411,434,434,553
540,408,411,425,440,562
543,403,415,429,439,553
530,404,399,430,437,562
539,411,411,434,438,553
529,402,400,433,438,563
539,401,408,423,443,560
536,410,409,423,444,560
539,407,413,431,441,555
535,400,404,419,436,561
535,410,407,422,443,562
544,397,416,421,436,563
543,406,414,430,430,563
540,398,407,433,433,549
541,404,418,422,437,562
541,398,417,431,442,555
542,408,413,433,436,552
541,408,413,430,427,562
533,412,398,427,440,565
533,406,402,434,438,563
531,408,402,432,440,563
542,406,417,424,434,562
544,407,415,423,436,561
538,411,412,434,432,559
531,406,402,432,439,564
532,406,401,433,437,566
535,393,413,431,439,562
535,396,409,435,437,564
530,398,401,435,437,564
543,401,415,431,443,551
534,412,401,427,440,562
542,405,415,430,437,552
541,406,415,430,429,561
539,410,412,423,442,561
539,407,413,435,431,559
543,394,416,429,440,559
544,401,410,433,438,563
531,400,403,428,441,557
540,407,414,430,429,563
531,405,402,436,437,563
544,395,418,426,430,562
530,404,402,434,439,564
539,410,412,435,432,553
541,413,411,436,430,558
539,406,411,421,442,560
537,407,413,433,428,561
544,391,414,434,439,555
544,395,417,416,431,564
526,399,403,437,437,564
540,409,413,440,429,559
532,409,402,429,440,561
532,412,403,427,442,554
530,406,403,435,439,562
539,407,413,437,428,559
540,409,414,430,429,563
536,409,408,426,442,560
541,407,415,420,440,560
540,393,417,435,438,564
545,404,415,421,437,561
539,394,412,432,440,562
544,408,418,420,437,562
543,405,415,429,430,563
542,402,416,430,442,555
538,397,418,431,442,553
543,394,414,433,442,561
540,399,413,420,434,558
540,409,413,436,429,561
543,410,417,421,443,561
537,407,415,428,433,562
527,409,401,432,439,562
536,399,409,435,439,564
542,408,414,431,428,564
544,405,417,420,438,563
540,409,410,423,444,561
541,405,415,431,431,562
538,393,412,433,442,560
541,395,417,430,441,554
544,409,408,424,442,560
533,411,406,429,443,561
530,411,402,431,440,562
534,395,407,430,440,555
540,409,413,436,430,558
542,393,416,430,442,560
539,407,411,423,442,560
525,406,416,432,440,557
541,403,416,424,434,562
545,405,418,424,435,564
544,406,418,415,436,559
529,406,403,433,440,565
543,408,413,419,441,560
531,397,415,431,442,559
545,394,417,432,443,556
544,405,416,431,435,562
536,409,409,422,439,564
540,410,413,437,429,558
538,409,416,429,443,553
539,411,413,434,429,561
539,396,404,432,439,564
534,411,407,427,441,561
534,411,411,434,433,557
528,405,402,434,437,563
540,410,412,435,436,553
531,409,401,433,438,563
543,398,418,431,427,562
541,406,418,421,440,561
540,393,415,432,441,559
538,394,416,433,441,560
533,410,412,436,428,557
535,397,409,436,438,565
540,409,414,436,430,560
538,409,413,434,430,561
542,405,414,431,438,556
543,388,412,431,443,559
538,411,412,433,431,559
540,409,412,434,430,559
538,393,416,433,431,561
538,409,413,436,433,557
532,405,402,432,436,560
538,412,405,418,443,556
540,404,416,433,430,563
542,404,404,435,433,554
543,402,418,431,442,553
538,408,412,434,437,554
543,400,416,433,441,555
530,407,402,431,439,561
538,405,416,433,428,562
543,397,412,435,430,558
531,394,399,433,441,562
531,404,402,437,438,563
541,407,415,428,431,563
535,409,414,421,441,561
540,407,413,431,428,561
535,404,415,430,434,563
536,409,408,422,438,561
542,401,416,432,438,554
539,402,414,433,443,558
532,409,417,431,441,556
539,408,416,438,429,563
545,405,420,424,435,564
541,395,417,434,440,553
544,402,417,431,441,554
541,403,413,423,439,561
533,399,406,433,439,564
538,410,412,420,437,561
544,397,412,431,443,556
540,394,413,431,443,557
531,409,400,430,444,557
533,410,411,433,435,553
542,394,412,431,440,562
536,408,413,430,431,559
538,404,398,432,435,554
538,410,401,433,430,560
539,403,407,428,435,555
540,411,408,431,429,560
539,407,404,420,443,560
540,406,412,431,431,561
541,393,411,428,443,554
534,406,397,429,440,562
541,407,411,429,430,561
537,396,408,433,439,563
535,407,397,433,433,565
539,409,410,432,436,556
541,406,411,431,429,562
546,404,411,416,439,563
536,410,408,435,433,557
544,403,413,432,424,564
531,398,402,431,438,566
544,392,413,430,440,561
539,407,411,429,441,554
541,403,412,426,430,563
541,403,410,430,438,553
540,401,413,429,442,562
538,404,413,424,429,564
534,408,408,432,432,556
534,393,408,432,439,561
532,391,406,430,439,554
534,400,412,428,439,551
532,387,408,433,437,560
531,389,411,425,437,559
534,400,414,420,436,558
535,407,406,421,439,558
522,401,400,433,435,561
531,406,407,430,426,560
535,399,414,428,440,551
524,399,398,420,435,560
536,403,411,431,437,551
536,401,415,420,437,560
537,382,411,427,435,550
535,399,402,430,434,561
533,397,414,428,441,552
537,391,416,421,437,560
533,405,410,419,440,558
538,399,414,429,441,551
536,405,410,431,438,551
537,409,410,434,429,557
525,401,399,432,436,561
535,405,408,420,440,559
526,399,399,433,436,561
537,405,406,424,438,547
534,406,405,430,438,561
536,391,412,429,437,558
535,391,411,428,440,558
532,405,406,415,435,558
525,402,413,428,427,561
527,403,409,431,433,551
538,400,416,420,431,560
535,397,414,428,438,550
537,394,415,427,440,550
529,390,405,431,435,559
520,400,400,430,435,560
530,405,408,420,439,555
533,405,410,418,437,558
533,400,413,431,434,551
533,404,410,418,437,558
531,399,410,431,430,553
529,407,404,425,437,557
531,400,403,432,437,560
535,396,414,424,421,560
527,397,404,419,432,559
536,397,410,429,438,547
534,405,410,426,427,560
532,404,412,432,434,551
536,392,415,430,440,554
529,385,407,433,437,562
528,408,406,425,437,558
536,404,413,431,438,550
528,396,410,435,435,561
537,403,415,426,427,559
525,408,404,424,439,558
537,405,415,421,437,558
528,395,405,432,435,557
534,403,414,428,426,559
526,400,401,434,436,559
526,403,416,422,435,562
528,396,409,432,437,562
533,408,410,434,429,561
531,391,404,427,439,559
526,396,403,434,435,561
539,402,417,422,435,559
534,407,414,431,430,557
537,405,415,429,427,559
523,402,401,431,436,561
534,405,410,418,441,558
536,404,413,433,438,551
535,403,414,423,439,559
519,399,403,433,435,562
533,408,412,434,428,556
532,392,407,433,437,561
538,392,416,430,442,556
536,404,415,433,427,561
539,405,416,425,439,560
534,398,408,433,431,548
537,391,417,430,440,557
534,410,412,434,436,552
538,405,401,430,429,557
539,393,416,430,442,556
537,404,418,422,434,561
524,406,403,434,439,563
534,392,416,430,440,563
535,412,411,434,431,554
533,399,402,421,438,555
531,391,417,428,440,555
529,408,405,422,440,555
538,399,414,434,438,560
527,406,398,434,439,561
530,409,405,431,431,556
527,408,406,426,441,559
532,409,406,423,441,556
539,403,413,421,438,560
540,398,418,431,441,552
541,408,415,419,439,560
535,407,413,432,437,551
531,387,407,433,434,559
529,410,405,426,443,558
536,404,417,435,438,561
535,405,413,421,440,559
536,410,411,423,441,557
533,407,418,421,439,558
532,393,411,434,439,563
531,393,411,435,438,563
529,403,404,435,438,561
539,393,418,430,442,556
536,410,411,423,445,559
538,410,414,426,443,561
532,404,405,428,440,558
525,405,405,433,440,562
535,392,418,430,441,556
528,409,406,428,442,561
538,406,418,425,431,562
537,406,418,419,439,558
532,399,411,434,439,562
529,410,404,428,442,561
538,393,418,430,442,555
538,403,418,426,435,560
529,410,406,429,437,552
536,392,417,431,441,561
533,394,411,434,440,560
535,400,415,428,426,558
536,406,416,433,431,562
529,410,408,428,443,560
528,409,414,435,430,557
539,401,418,432,442,553
537,394,417,433,442,559
537,404,418,428,431,562
529,401,402,430,440,559
538,399,418,431,444,552
536,408,414,422,444,560
528,411,412,422,444,563
532,395,414,432,442,560
537,408,415,432,436,555
536,408,415,421,443,559
537,402,411,420,444,558
538,408,414,434,428,559
538,396,414,435,433,556
540,405,418,421,438,558
524,401,403,435,440,560
533,395,419,435,439,563
539,402,418,431,441,551
536,404,412,422,438,560
539,401,418,430,442,552
539,396,419,426,435,562
534,412,413,435,435,553
532,409,405,428,443,559
539,394,419,431,443,555
538,407,416,431,432,561
538,408,417,426,434,561
542,401,421,423,435,561
539,407,417,431,431,559
538,394,417,432,441,561
536,396,413,433,441,560
535,393,419,430,444,558
535,394,415,431,442,561
528,399,406,434,439,561
535,411,414,436,433,558
536,408,413,421,443,560
539,397,420,431,444,552
528,406,406,435,440,564
538,396,420,431,444,555
523,401,409,434,440,563
537,411,417,435,431,557
536,408,414,433,438,553
535,410,410,423,445,558
537,402,418,431,439,557
535,393,414,433,440,561
527,408,407,430,442,558
540,402,418,432,446,553
536,405,417,423,438,561
540,407,424,424,437,559
538,393,417,431,441,558
531,409,410,424,444,558
541,406,419,426,437,561
540,405,418,422,437,560
537,397,420,431,445,557
540,408,420,431,431,561
538,409,415,423,442,559
538,404,416,432,446,552
541,406,418,422,440,559
538,406,415,434,438,552
530,400,406,435,437,561
527,410,403,434,441,560
532,397,412,435,440,562
535,393,416,427,438,561
526,409,404,434,442,561
541,407,420,424,437,563
539,397,420,430,445,554
538,409,415,433,431,559
538,409,416,435,438,554
540,405,420,424,438,562
539,407,413,422,444,559
530,412,414,436,433,556
540,394,420,430,444,556
533,410,412,424,446,559
532,403,404,435,439,561
527,410,404,432,440,560
540,402,419,430,446,552
536,411,415,436,431,553
540,403,416,430,441,552
529,407,404,433,440,562
536,408,416,436,431,558
537,397,412,435,436,548
537,391,410,433,441,560
537,400,415,420,445,560
528,407,404,430,440,562
542,403,420,425,435,562
536,412,415,436,435,559
537,409,416,433,432,559
539,399,420,420,437,558
538,407,420,431,441,553
542,404,420,422,439,561
534,396,415,433,437,560
532,408,404,432,441,561
534,409,411,422,444,559
536,411,417,434,431,559
542,393,418,431,444,558
537,410,415,435,433,557
537,410,416,438,433,561
526,411,407,427,443,561
541,407,419,422,439,560
530,410,404,432,443,559
543,397,415,424,446,553
535,393,416,432,440,563
532,405,416,434,442,552
539,407,417,434,434,561
535,403,411,417,438,559
536,411,416,436,432,558
539,398,421,429,446,553
538,409,416,432,432,559
536,413,416,434,442,552
537,411,416,435,430,559
535,413,416,437,436,556
530,406,404,433,442,560
540,403,419,431,441,552
530,412,410,430,444,560
538,408,416,432,443,551
537,409,415,424,444,558
541,409,417,423,442,559
522,409,407,430,443,560
535,409,412,423,443,558
529,402,408,436,442,563
538,413,416,436,434,557
535,387,409,434,438,561
528,405,408,436,439,565
536,412,419,423,447,559
535,409,412,421,445,559
534,395,416,434,442,561
527,402,408,435,441,562
531,410,414,423,443,559
543,405,422,424,439,562
538,394,421,430,443,559
527,407,405,435,442,561
542,394,421,432,444,557
540,394,421,432,444,554
536,397,410,428,443,561
540,404,421,429,428,563
537,407,419,433,433,561
539,410,419,432,433,563
540,398,420,429,445,555
539,395,422,433,440,556
539,393,418,430,444,557
536,411,417,435,433,556
541,405,421,434,444,562
528,406,407,436,439,560
538,412,413,434,432,557
540,407,420,427,434,561
542,407,418,423,444,558
535,394,416,428,442,559
537,409,416,438,435,552
537,410,412,425,445,559
531,410,417,434,438,555
537,403,417,431,429,556
539,408,419,430,433,562
533,394,417,427,441,557
542,411,421,425,431,561
540,408,418,434,442,553
539,398,421,433,446,552
536,409,416,436,436,555
540,408,421,427,437,562
532,396,414,433,441,562
541,401,421,432,446,553
532,400,411,435,441,561
541,405,421,427,431,562
540,404,419,432,431,561
540,405,419,435,438,554
535,411,417,438,431,559
542,399,423,430,444,555
534,395,422,432,443,557
537,409,415,425,444,559
532,412,404,427,443,560
534,403,411,422,439,560
538,411,419,435,433,563
539,385,418,426,438,560
539,408,417,424,441,560
540,409,417,436,439,552
537,412,417,437,433,559
526,407,407,434,442,562
538,412,417,434,438,551
529,408,405,434,440,562
531,399,413,434,440,563
537,410,418,424,445,559
537,403,413,435,435,550
530,409,402,431,441,558
528,412,408,429,443,561
540,403,421,433,444,552
530,413,407,433,443,561
539,408,420,423,443,561
538,405,420,431,444,553
539,400,414,433,427,558
530,393,403,438,436,563
535,411,413,424,445,558
536,396,415,435,441,561
527,404,406,438,441,561
539,393,422,433,444,562
539,411,417,436,431,559
541,398,421,431,444,554
535,399,407,431,441,559
535,413,413,423,445,558
537,413,416,436,431,559
539,401,421,434,445,553
537,406,419,434,442,552
530,411,407,430,444,561
539,404,420,435,444,552
541,403,421,431,444,553
528,413,405,433,442,561
534,411,410,422,441,561
541,407,422,432,445,553
530,413,407,433,442,562
536,410,415,435,437,553
540,404,420,434,441,554
538,406,421,423,444,560
539,407,419,435,431,557
540,407,421,424,441,560
539,403,418,432,445,552
540,403,419,433,443,552
533,412,412,424,444,558
540,396,420,436,444,557
537,394,417,433,444,557
540,394,419,429,444,560
533,414,401,430,439,561
542,403,419,432,444,552
523,411,405,431,441,561
532,401,409,435,440,564
535,413,417,435,434,558
535,410,414,423,444,561
531,401,408,431,431,562
541,399,420,432,446,552
530,406,406,436,440,562
543,398,422,426,445,554
530,408,405,435,442,562
534,401,417,435,444,562
540,394,419,433,442,560
536,398,410,428,443,557
544,397,421,432,446,553
537,412,418,437,434,560
533,411,413,425,445,560
530,398,408,436,441,565
537,410,416,437,433,557
541,397,421,433,444,553
529,404,407,439,445,562
537,411,417,423,446,558
529,407,408,436,440,564
542,396,420,432,445,556
536,401,410,436,436,564
532,410,407,429,444,561
531,410,405,432,441,561
541,395,406,431,442,562
542,404,420,432,442,553
530,406,406,433,440,561
540,408,418,434,441,552
531,413,410,428,446,562
532,396,413,435,443,563
540,408,420,427,436,561
536,408,419,427,435,564
531,409,419,426,445,560
538,397,420,433,445,560
538,395,412,428,443,558
530,413,405,432,441,561
530,401,405,436,442,562
540,405,419,433,444,552
539,408,419,431,432,563
538,406,412,428,443,558
539,413,412,431,433,555
528,408,408,435,440,564
537,408,417,436,440,553
532,404,406,434,441,563
532,409,409,430,444,560
540,395,420,432,444,556
539,408,418,435,444,560
531,404,407,427,445,561
542,400,422,433,446,556
531,406,403,430,441,559
530,411,405,436,441,563
540,395,421,432,444,556
541,396,421,433,446,553
539,408,419,431,432,560
539,395,417,433,442,560
539,411,418,431,432,558
521,409,407,438,441,562
543,406,422,428,437,562
539,402,414,437,434,553
539,412,409,419,447,556
539,395,409,436,441,563
536,414,411,431,447,559
538,412,419,438,432,556
541,400,424,433,447,555
529,396,412,430,443,558
539,405,419,434,442,552
538,410,417,437,441,553
541,408,421,433,443,553
538,415,419,437,437,557
541,405,421,433,445,555
545,407,420,423,442,560
540,411,417,426,446,554
539,409,417,438,436,555
541,395,422,433,445,559
543,402,422,433,432,562
542,397,421,434,446,555
540,408,421,431,433,563
536,413,416,423,446,560
543,407,409,437,442,563
528,414,407,435,438,562
542,394,422,434,443,556
528,412,409,434,441,563
544,396,422,430,445,556
535,411,417,437,434,559
537,414,417,436,438,557
541,405,420,422,439,560
541,410,422,433,434,563
533,398,414,438,441,563
540,396,422,431,442,561
537,397,415,434,442,566
544,409,420,435,445,553
540,396,423,432,445,553
541,406,423,428,434,562
541,398,422,428,444,554
540,401,419,437,433,561
530,410,407,434,430,560
535,404,424,433,447,553
538,412,419,435,434,561
541,397,421,433,444,556
537,396,420,436,443,561
543,407,423,426,439,562
532,402,410,438,440,564
545,408,418,421,443,561
540,414,419,423,442,551
542,404,421,433,446,552
535,410,415,426,444,561
533,399,414,436,441,563
542,410,428,423,442,560
540,411,414,418,446,555
536,394,417,439,442,561
539,409,422,432,433,561
531,402,410,439,441,564
542,400,423,427,434,561
532,391,414,435,436,560
540,401,420,435,434,564
532,400,412,436,441,564
532,414,408,433,443,559
531,415,407,433,443,561
541,397,423,433,446,558
543,405,423,424,441,561
533,403,407,430,434,562
539,412,419,437,434,558
539,412,412,424,445,560
542,404,424,436,441,553
542,404,421,435,446,554
540,407,422,424,441,561
543,408,420,433,434,561
535,403,421,435,444,552
541,412,418,438,433,557
541,407,423,423,439,563
544,405,423,423,438,562
535,413,420,424,440,559
542,402,423,433,441,554
541,409,420,431,433,563
540,405,421,425,444,561
540,408,415,422,445,561
539,396,424,433,444,557
538,408,423,427,438,562
530,397,402,439,436,560
534,409,419,436,444,552
542,402,423,433,446,552
539,412,420,439,436,561
539,397,420,435,445,563
540,402,422,435,447,558
536,411,411,430,445,559
538,410,414,427,444,559
542,409,421,427,435,564
530,413,408,435,444,560
537,407,425,424,443,561
540,406,423,426,438,563
541,407,419,422,442,560
538,412,420,436,433,557
536,414,417,437,434,558
539,398,422,432,446,555
537,408,419,436,441,552
538,406,423,426,436,562
541,409,415,436,440,562
530,411,411,435,444,558
539,408,424,425,442,559
528,408,424,425,440,560
527,410,403,428,442,557
542,400,419,423,445,559
533,402,408,427,441,553
529,413,410,433,443,561
526,401,411,437,436,561
538,405,419,422,443,558
536,392,420,435,442,560
540,407,421,433,433,561
537,410,419,438,437,551
543,397,423,433,440,547
538,409,418,438,433,556
530,400,404,437,442,563
539,408,418,425,445,558
532,397,409,436,442,563
542,396,422,435,445,559
543,396,423,433,447,558
532,409,418,436,434,556
530,391,413,432,443,564
540,411,419,436,444,552
541,406,419,424,442,556
536,391,415,434,443,564
536,409,419,424,446,558
537,404,420,435,433,561
540,408,420,435,435,561
531,400,410,435,442,564
538,392,412,436,443,564
534,408,418,424,446,560
540,406,421,432,433,563
532,414,408,435,441,564
542,395,421,433,445,558
533,396,412,436,440,564
542,403,420,428,446,557
540,409,417,436,441,552
538,404,423,429,435,565
541,404,423,427,439,562
540,397,417,433,428,557
535,412,407,431,444,562
542,409,419,423,448,560
530,397,413,437,442,564
544,408,415,433,438,554
538,407,418,436,439,553
543,402,424,432,448,553
535,394,419,434,443,561
539,410,417,438,433,560
543,401,423,433,451,554
538,405,423,425,441,562
538,411,417,439,432,557
540,395,421,434,446,558
542,407,424,436,442,564
530,413,408,434,438,560
540,405,421,435,444,552
541,407,420,435,436,559
541,406,423,435,442,557
541,384,423,426,442,560
540,407,420,435,444,562
540,410,421,433,436,561
537,412,418,438,436,554
533,398,416,437,443,564
539,405,421,434,433,563
541,410,419,437,441,551
543,404,419,434,452,555
532,406,408,438,442,564
537,411,420,423,443,563
535,396,415,439,444,564
537,411,417,438,439,554
531,414,407,434,446,561
539,402,413,437,432,555
534,398,412,438,441,561
541,396,423,431,438,562
532,408,409,436,441,563
540,412,418,428,446,553
541,408,424,434,435,563
534,397,413,436,441,561
537,398,417,436,443,561
542,407,423,429,432,562
541,403,424,433,447,554
539,408,420,435,441,554
532,412,409,433,442,561
542,410,419,436,433,559
536,396,411,429,445,558
539,411,421,436,444,560
540,396,422,436,444,559
537,412,419,437,433,561
544,408,425,425,444,560
536,408,423,425,443,561
544,407,420,424,443,560
530,408,407,435,444,561
529,402,410,437,442,563
544,410,422,425,435,563
536,412,412,427,447,559
534,410,414,432,446,559
536,400,410,436,444,560
535,399,415,437,442,562
544,406,422,425,439,563
542,406,424,428,439,563
535,394,419,436,445,560
530,409,409,435,443,561
534,412,420,436,433,560
538,412,411,437,440,553
540,409,419,436,443,552
536,411,418,438,433,556
531,412,411,432,447,560
540,411,418,438,437,558
537,413,419,437,439,554
541,410,419,435,443,550
537,397,416,437,444,565
540,413,419,437,436,557
545,406,425,428,440,563
539,408,419,436,441,553
532,400,418,436,444,564
543,410,420,423,445,562
545,401,423,435,446,554
542,404,424,434,444,553
540,396,423,433,441,561
540,411,421,423,443,561
542,395,422,434,446,555
542,407,425,429,437,564
541,408,423,433,434,561
540,412,418,431,448,560
542,407,422,438,441,553
543,407,422,431,434,556
541,408,420,426,446,559
537,414,418,439,435,558
537,413,420,437,434,559
531,396,419,438,434,559
533,412,409,433,444,563
540,396,423,433,445,559
539,411,417,437,439,564
543,407,423,430,436,565
535,399,415,425,444,560
535,400,415,438,442,560
531,413,409,432,447,559
541,408,422,431,438,561
536,414,418,426,447,561
544,396,423,435,446,555
536,399,414,437,448,561
531,415,407,434,445,560
540,409,420,436,444,554
536,413,414,427,447,560
530,413,419,439,435,557
532,409,409,440,440,563
538,396,418,437,444,562
530,396,423,437,435,561
530,397,409,436,443,564
540,413,419,437,436,560
536,412,418,438,438,555
541,408,421,436,443,558
531,398,420,433,446,562
542,409,423,425,442,555
532,416,409,430,445,562
543,398,424,435,448,555
532,408,408,436,443,563
538,410,417,425,446,561
537,414,418,439,436,558
541,409,417,426,446,561
531,397,420,437,444,563
529,403,409,437,441,563
539,411,419,439,440,555
544,408,424,427,439,563
539,411,418,425,447,560
536,398,417,435,445,561
542,409,420,436,443,553
541,400,422,434,436,563
529,401,407,436,442,563
535,409,420,424,445,562
542,399,424,432,447,555
542,402,423,435,442,554
530,406,407,436,442,563
537,416,420,439,436,558
538,396,419,434,446,561
542,397,424,435,446,555
538,410,415,430,447,560
542,406,425,435,449,554
541,411,423,431,434,562
541,410,421,436,434,561
540,409,420,435,436,561
538,414,418,438,442,553
537,410,414,428,441,563
530,408,409,438,442,563
532,412,415,429,446,560
538,412,419,439,438,553
538,412,413,425,446,563
538,411,413,428,447,559
536,398,423,436,449,556
541,408,423,425,442,561
530,410,424,428,441,562
542,409,424,427,443,562
542,414,415,429,449,560
542,405,423,432,448,558
541,409,423,437,435,561
539,414,421,436,447,560
540,411,419,437,434,557
542,398,423,434,449,558
535,389,415,437,444,562
531,413,408,436,445,563
542,406,422,435,442,552
543,411,419,424,448,560
540,396,422,438,446,560
545,404,424,429,436,563
533,409,409,437,441,564
541,403,422,434,447,555
537,411,416,425,447,561
533,414,411,433,445,561
534,412,411,429,445,560
543,398,424,435,448,556
542,408,421,437,446,553
531,401,414,438,442,565
540,409,421,436,443,552
544,397,426,433,447,554
543,396,424,434,446,555
529,401,412,440,443,566
544,396,422,434,446,558
538,412,419,438,438,556
544,409,422,433,435,563
532,399,410,438,442,563
539,411,418,431,429,559
533,409,410,438,435,564
540,411,421,436,435,559
534,400,416,435,443,565
544,409,424,429,435,564
538,399,411,429,446,559
531,415,403,428,444,559
533,411,408,435,444,561
541,401,421,433,433,564
532,414,410,434,448,562
539,404,413,440,432,552
531,396,415,436,445,562
538,411,419,439,434,558
537,398,415,436,445,558
542,405,424,434,449,554
537,411,412,430,445,560
530,407,410,424,446,560
543,408,424,426,449,562
537,409,420,432,434,562
533,404,412,437,442,563
542,402,422,427,427,563
544,407,426,425,442,564
538,410,413,428,447,562
544,409,423,426,439,563
544,410,421,423,446,561
535,398,419,436,445,562
542,397,422,435,446,560
544,408,421,434,445,555
541,412,414,428,446,560
533,403,409,430,447,561
544,402,422,434,449,554
529,413,409,435,446,562
531,410,408,433,444,561
543,398,419,430,434,560
538,413,420,439,439,563
541,397,423,435,449,559
541,406,417,436,449,551
538,397,416,437,444,562
541,396,408,435,444,561
539,409,422,424,447,561
536,407,420,425,444,560
534,402,417,437,442,563
540,406,421,435,442,553
541,400,416,436,442,557
532,412,409,435,440,563
537,398,419,437,446,561
526,406,408,439,444,565
543,396,424,434,450,557
529,414,409,437,446,563
530,411,408,435,444,562
538,413,417,438,437,557
539,411,414,431,447,560
539,410,419,437,434,556
530,409,407,435,445,563
539,411,420,439,437,561
541,407,426,434,448,557
531,406,416,426,446,561
536,396,419,437,445,562
544,411,425,421,443,562
532,405,410,437,444,565
544,413,425,436,448,559
537,412,418,440,437,558
531,409,410,436,440,563
541,396,427,433,447,564
542,406,425,434,448,555
534,411,411,430,446,562
541,408,423,436,449,554
534,411,420,440,437,555
542,405,423,435,450,561
540,414,422,438,441,554
543,407,425,429,438,564
541,409,420,424,445,560
542,408,424,425,443,562
541,409,424,434,435,564
543,407,422,429,434,564
538,387,419,427,444,563
538,412,418,439,442,555
540,410,420,436,433,563
534,414,410,431,444,563
540,397,423,436,447,559
540,403,423,436,435,558
538,413,419,437,445,564
533,402,414,435,444,562
530,407,412,436,434,563
538,396,418,435,446,561
542,398,422,433,449,557
538,407,418,426,445,560
532,401,417,437,442,564
538,399,418,435,446,550
537,411,415,427,446,559
543,409,421,433,434,564
533,400,416,440,445,564
540,396,423,434,438,562
542,397,424,433,447,558
535,401,415,436,446,557
527,414,409,432,445,561
543,410,423,430,437,556
542,405,423,437,450,556
534,400,422,438,443,566
544,409,422,436,434,561
542,409,422,426,445,561
539,400,422,436,445,554
543,409,424,428,441,564
540,394,421,434,447,559
532,406,411,439,444,565
542,405,421,435,444,553
537,397,418,438,445,563
543,408,424,429,439,564
538,403,419,429,437,558
540,415,418,439,436,559
542,405,422,434,446,554
539,386,420,436,445,562
530,414,414,429,447,555
542,412,423,436,434,563
535,399,418,440,435,561
545,399,424,434,448,557
544,406,423,435,445,554
539,413,417,434,440,560
529,407,407,436,444,562
542,411,416,426,446,561
542,406,422,434,447,554
538,408,425,432,442,562
543,408,422,433,435,562
541,404,420,436,442,566
544,401,425,433,447,555
542,410,419,426,445,561
536,399,417,438,444,563
532,403,410,438,442,564
537,415,416,426,447,557
532,415,411,431,446,564
543,400,422,423,442,560
539,410,419,441,442,555
531,408,407,438,443,564
536,412,416,440,439,555
543,399,423,435,445,563
542,408,421,432,443,566
534,400,416,438,445,562
539,407,424,432,434,562
543,396,422,432,448,557
541,410,420,434,435,564
542,412,419,438,443,554
542,399,420,429,447,556
530,408,409,435,443,563
542,397,418,428,449,561
533,412,420,434,448,557
544,411,420,425,446,561
542,407,423,429,437,564
540,407,422,430,434,564
538,397,416,439,443,564
540,413,418,438,439,554
541,412,420,436,444,551
543,407,421,436,444,553
546,408,421,423,446,563
540,413,420,438,438,557
542,409,420,436,434,561
538,413,419,438,438,557
539,410,423,436,434,564
544,399,425,433,448,555
530,414,408,436,444,564
535,416,414,429,447,561
539,411,413,427,447,560
541,409,419,425,446,561
537,410,417,431,447,560
541,411,420,435,435,560
531,406,403,440,442,564
539,410,419,434,446,562
538,395,414,436,443,560
540,399,420,435,446,561
534,398,418,438,443,563
537,413,407,435,444,560
540,401,421,420,443,561
539,413,419,438,437,559
540,410,422,433,435,565
540,410,420,427,442,560
533,396,416,437,445,563
536,413,416,435,446,559
532,411,412,431,448,561
542,408,424,429,442,563
534,400,415,438,446,563
532,400,414,441,442,564
543,409,417,426,448,560
543,396,423,435,447,558
541,408,423,431,430,566
542,407,425,428,440,558
542,406,425,434,448,555
529,407,408,434,443,564
530,401,408,432,439,563
537,414,415,428,448,561
531,398,417,440,444,565
539,409,423,434,435,562
530,410,402,438,443,564
545,408,422,424,444,562
536,395,416,436,446,564
543,411,418,426,437,560
538,413,420,438,440,554
540,395,421,436,446,561
538,395,421,436,444,562
537,411,420,436,441,554
540,412,420,436,441,555
540,414,419,437,435,562
532,396,418,437,445,562
544,408,424,427,443,563
542,408,424,431,440,562
543,409,417,438,434,562
534,413,413,432,448,561
536,413,417,439,440,555
544,398,416,427,447,561
539,414,416,439,440,555
541,410,424,433,435,563
540,410,419,438,442,553
531,408,423,428,441,563
542,405,422,434,445,554
524,413,407,434,445,562
542,411,423,433,439,562
540,411,421,434,448,556
540,408,422,425,445,561
534,397,421,435,446,562
532,414,411,431,445,561
530,407,408,440,443,563
532,412,407,437,444,564
541,408,423,437,447,561
532,413,411,431,444,565
543,406,425,427,438,564
538,416,419,438,439,556
540,395,419,438,444,562
541,408,422,440,430,562
532,414,411,435,446,559
537,412,414,426,447,561
534,400,409,432,440,563
531,408,410,439,442,564
544,410,419,425,448,560
541,412,421,437,436,558
541,412,421,435,435,560
530,415,408,435,443,562
534,404,414,439,444,565
537,412,420,438,434,560
536,410,414,429,448,560
547,409,423,425,443,562
543,405,424,438,446,561
534,396,419,435,443,562
533,412,417,439,436,558
543,396,423,436,448,559
542,396,422,435,446,559
541,411,421,436,442,555
531,412,406,437,444,564
532,415,408,434,448,561
531,399,413,439,444,565
543,408,421,435,446,554
541,395,422,434,446,560
536,414,419,438,444,557
533,404,409,440,444,565
537,417,419,440,437,556
540,408,422,433,434,564
543,395,421,436,445,552
538,410,419,442,433,562
535,415,413,433,447,560
543,410,423,436,435,564
541,406,421,434,434,564
543,411,425,426,441,564
531,408,410,440,444,565
534,409,404,438,440,564
539,411,416,427,448,560
543,410,422,436,447,554
541,409,422,435,432,563
544,396,423,440,444,564
539,413,419,439,434,561
542,409,420,437,446,553
541,404,421,436,449,554
534,412,411,434,447,561
539,410,420,426,446,561
544,408,423,434,436,563
544,403,422,434,445,554
538,411,420,441,434,562
531,415,408,436,444,564
531,413,409,438,448,563
543,411,424,427,444,561
545,397,424,433,448,556
541,412,418,439,441,555
543,410,419,424,446,561
524,415,411,436,446,561
533,412,420,439,435,558
537,412,420,426,448,560
542,407,422,429,437,564
539,413,420,437,436,561
541,410,422,433,438,564
531,415,407,437,445,564
543,389,425,428,442,556
539,409,420,426,447,560
531,411,408,439,444,561
542,411,424,426,444,563
536,397,418,438,444,561
531,415,408,431,445,561
540,408,424,434,445,552
541,408,424,424,444,561
538,409,411,426,448,559
540,414,419,440,435,556
538,414,421,440,444,552
530,404,412,438,443,563
540,411,421,437,434,560
531,406,410,439,444,563
541,398,423,431,441,562
541,409,421,438,447,563
540,412,423,435,429,562
533,406,409,440,445,554
543,408,421,440,446,560
542,407,411,433,435,562
535,414,415,427,447,560
542,405,424,437,448,555
530,408,409,439,443,563
543,407,425,426,442,562
544,404,425,433,446,555
540,387,415,439,440,557
539,411,420,438,447,556
535,413,413,433,447,560
541,412,422,426,447,559
542,408,423,432,435,563
538,413,414,428,438,555
540,415,420,432,435,558
541,409,425,427,445,561
540,412,424,426,448,562
547,400,423,435,447,557
544,410,425,428,440,563
535,401,416,438,443,563
540,396,421,439,444,564
533,393,405,440,437,560
540,410,422,438,443,556
529,416,408,437,444,563
540,414,421,438,439,559
545,397,424,433,448,557
531,413,409,433,445,562
539,395,421,435,446,560
539,415,419,439,436,555
532,413,411,437,443,563
532,404,412,442,443,565
538,412,420,439,434,560
541,415,412,419,448,555
543,411,424,426,439,561
542,411,421,438,437,563
541,399,416,438,443,553
529,408,404,439,444,564
542,410,421,427,447,561
545,409,426,427,443,563
530,407,409,438,444,562
541,408,423,436,435,564
530,408,411,440,444,564
542,409,423,438,443,555
537,403,424,437,444,562
539,397,422,435,446,562
535,399,418,439,439,562
525,416,413,432,447,561
532,415,411,434,447,561
542,410,425,427,441,564
534,416,405,432,447,560
543,407,425,426,441,562
540,411,419,440,442,554
538,412,419,435,434,562
529,406,410,437,444,565
541,409,422,435,434,563
536,396,419,437,445,561
530,408,410,437,444,563
528,406,412,440,442,564
544,399,425,435,448,556
531,405,409,434,445,562
536,396,418,440,445,564
537,413,414,436,439,554
535,407,423,428,438,563
542,399,427,432,447,557
540,407,425,430,446,551
530,409,409,439,447,560
542,410,423,431,436,563
544,408,425,430,448,554
529,406,412,438,444,565
545,397,425,435,442,565
539,411,423,434,434,562
537,406,425,438,448,555
540,409,426,427,445,561
539,410,418,425,447,560
546,397,422,436,447,556
530,411,426,430,441,566
541,400,419,438,438,550
543,409,426,430,441,563
541,411,424,426,445,561
540,411,421,439,442,553
530,413,415,430,448,560
536,413,425,429,440,562
538,413,422,440,436,560
530,414,425,438,443,555
541,398,425,435,448,556
544,399,425,434,449,561
541,399,425,436,448,554
533,411,412,435,446,562
540,410,421,437,443,553
540,397,418,439,447,562
540,416,413,432,437,560
540,413,419,436,441,554
539,412,417,428,449,560
540,398,421,433,447,565
542,399,422,436,446,555
537,414,415,425,449,560
537,411,417,437,439,553
536,414,415,425,449,562
536,413,411,427,449,561
540,411,416,439,440,554
539,412,415,441,433,559
538,396,418,435,447,561
538,408,418,437,446,554
532,412,419,441,439,554
540,409,421,427,447,562
536,398,415,436,444,564
530,408,404,437,445,561
536,399,419,436,445,560
528,413,405,427,442,560
541,412,413,424,446,561
539,409,419,427,445,561
534,413,417,441,439,556
530,414,412,429,448,561
532,401,413,435,443,564
530,414,410,428,448,560
537,412,416,427,447,560
530,411,408,435,446,562
540,414,419,436,434,561
530,407,407,438,444,565
539,406,415,438,434,563
542,398,422,435,448,555
535,410,413,427,449,560
533,399,416,439,439,561
536,411,418,440,433,559
539,403,417,426,442,556
537,396,418,439,445,561
536,415,419,440,440,563
542,410,423,428,444,565
535,413,417,433,431,558
535,408,422,428,441,563
543,401,421,428,449,555
539,396,421,437,446,560
538,412,419,433,433,560
537,412,414,440,433,562
536,410,418,426,446,561
536,414,419,440,440,555
536,413,418,439,440,555
531,404,410,431,443,557
530,406,408,438,442,563
540,395,424,435,447,552
533,410,422,425,447,560
539,395,424,437,445,556
533,400,414,440,446,564
541,403,423,435,447,555
535,413,422,425,447,561
533,413,414,427,447,562
527,412,409,436,446,562
542,406,423,435,447,553
537,413,420,440,438,554
529,403,415,442,443,564
538,406,422,437,447,553
531,399,416,440,444,564
529,411,409,436,446,562
535,413,420,425,446,560
540,409,419,424,439,561
537,410,420,435,440,554
540,412,419,439,441,553
535,414,420,440,435,558
539,411,426,428,438,562
528,406,408,438,443,562
528,412,410,440,442,563
531,403,417,440,444,565
531,410,410,442,443,564
539,408,423,437,448,559
535,414,418,438,440,554
539,407,422,438,448,552
534,411,419,426,445,559
542,412,427,426,446,564
540,410,420,427,446,559
525,409,407,437,444,562
530,416,413,434,448,563
529,408,412,440,445,564
540,413,422,437,435,562
527,408,407,439,445,560
534,410,425,428,434,559
536,416,421,441,436,559
534,417,420,439,440,556
529,406,409,440,443,560
532,396,423,437,445,561
540,411,424,428,443,563
527,400,410,439,446,563
537,399,423,437,447,563
537,407,423,438,452,552
540,410,425,427,443,563
540,413,420,425,446,564
531,402,419,440,445,564
539,407,422,436,449,561
543,410,422,426,447,562
530,410,410,436,444,564
534,409,425,431,440,563
536,397,418,437,445,561
531,414,424,441,434,560
543,400,425,435,447,555
533,403,412,440,444,565
531,402,416,440,443,564
529,415,413,433,446,564
538,398,423,437,448,560
543,397,427,435,449,558
540,413,422,428,448,560
538,411,422,438,443,553
538,412,424,438,443,555
531,408,410,440,444,557
537,413,422,425,447,561
541,399,421,436,448,559
541,410,426,427,445,563
538,414,419,442,438,556
531,396,408,442,439,565
541,410,424,434,449,552
536,413,421,437,443,555
541,405,424,436,449,556
547,411,424,435,435,564
533,418,411,433,446,561
529,415,415,435,450,558
539,414,421,440,437,556
540,400,424,437,448,558
537,400,422,437,447,561
534,401,415,439,444,564
539,411,423,436,449,562
543,412,425,428,448,561
523,415,410,435,446,562
537,411,421,442,434,560
539,413,421,439,442,554
531,414,411,433,448,562
530,416,413,433,449,559
531,410,410,439,448,564
543,409,421,428,445,562
535,405,417,441,443,566
534,414,417,430,448,560
532,415,421,440,435,560
541,408,427,428,441,562
537,399,421,440,447,566
541,411,424,436,435,564
532,407,412,440,445,564
545,397,426,436,447,554
532,400,415,440,444,563
538,398,418,438,444,561
539,411,425,435,436,563
532,415,413,434,449,559
534,399,415,440,446,564
544,406,423,435,444,555
533,405,411,441,449,563
543,399,424,435,443,557
545,408,425,432,440,563
531,403,407,434,442,561
532,395,409,442,443,560
541,416,419,440,437,558
533,403,414,441,446,563
539,414,420,439,444,553
538,413,411,431,447,560
540,412,422,441,443,553
531,415,410,434,445,562
531,415,410,433,448,561
543,414,420,442,435,561
546,403,425,425,443,564
543,393,420,436,443,551
536,410,423,427,447,560
540,409,425,434,438,565
541,398,422,436,446,562
537,416,421,440,436,558
546,399,423,437,447,561
543,398,424,436,448,564
538,415,420,440,440,556
544,414,420,425,448,560
533,403,411,439,442,565
541,407,424,436,450,554
533,416,412,433,448,561
540,411,424,432,437,564
532,411,409,436,444,563
543,410,426,427,444,563
536,399,411,434,444,560
544,413,421,431,445,563
543,399,424,428,443,551
542,408,425,431,439,564
544,401,424,438,446,563
531,411,408,439,445,559
542,413,421,441,437,559
539,410,421,440,442,554
535,414,423,443,449,561
542,411,419,427,447,560
542,408,425,431,444,553
544,405,425,437,450,556
543,398,423,438,447,561
533,410,423,433,447,561
545,408,425,428,441,563
539,413,422,428,446,561
538,400,419,437,445,565
546,412,426,433,438,564
544,399,426,437,448,558
544,412,412,435,447,561
538,416,422,428,450,561
541,414,422,440,447,553
545,408,426,430,442,562
542,411,422,439,443,552
544,411,424,430,445,561
534,413,410,435,445,562
522,412,412,439,445,564
546,409,426,429,444,563
544,409,426,442,445,566
538,408,425,432,438,564
535,417,416,434,449,564
544,411,422,439,445,554
534,399,417,441,444,564
532,415,410,435,445,562
531,409,409,441,445,563
544,408,422,440,441,554
545,410,426,432,436,564
539,396,422,437,446,564
542,410,423,433,435,564
542,407,425,435,447,555
540,415,422,441,435,561
540,414,421,438,448,554
541,412,421,444,435,557
545,410,427,431,441,564
543,399,424,435,449,558
543,402,425,436,450,555
538,413,418,428,448,561
537,397,419,442,445,562
538,399,422,439,437,559
539,408,424,439,447,554
539,414,423,429,450,562
542,413,421,439,448,550
537,410,426,435,436,554
535,408,413,440,445,563
539,399,423,438,447,564
541,410,426,435,438,564
540,414,422,441,438,559
536,415,414,434,447,562
544,409,425,427,444,562
540,418,419,439,438,564
543,401,426,438,450,559
547,410,426,427,442,562
537,414,420,428,450,561
536,409,426,430,440,560
541,408,428,429,441,564
537,398,424,442,446,563
536,406,419,442,446,564
544,411,427,426,444,563
544,399,428,440,443,554
547,409,426,430,441,563
544,400,428,438,450,563
540,408,420,437,445,555
543,398,428,437,447,554
540,414,423,438,449,560
543,400,428,438,443,560
544,410,427,427,440,562
531,409,412,441,443,565
540,415,422,440,444,554
540,411,424,439,446,553
542,414,421,442,439,555
546,400,428,438,448,556
535,411,425,439,446,554
533,413,413,437,446,563
531,409,413,440,446,563
530,413,413,443,443,563
535,415,423,443,435,561
540,413,422,442,441,555
544,402,428,438,450,555
544,412,426,428,446,562
544,398,427,437,447,562
544,415,426,439,436,563
544,399,427,436,448,558
544,412,421,423,449,560
545,399,429,437,448,555
531,409,413,442,444,564
545,409,428,431,439,564
537,415,424,440,437,559
531,413,412,436,446,562
535,403,419,441,443,567
531,407,414,441,444,566
543,409,427,432,440,564
546,400,428,437,447,556
534,417,414,433,449,561
547,409,428,428,444,563
543,409,424,431,442,564
545,411,422,428,447,561
538,402,421,440,444,566
539,400,421,438,446,561
540,415,422,441,436,562
543,413,424,440,445,555
547,410,428,430,444,563
531,409,414,441,446,564
543,400,426,437,447,562
542,396,424,437,449,559
541,403,424,440,441,554
541,407,418,440,442,563
542,409,426,436,436,565
539,419,422,442,441,559
538,416,417,430,450,559
539,415,418,432,449,561
536,396,418,436,440,565
540,410,425,439,442,555
536,418,418,434,447,556
533,403,414,442,445,565
542,409,427,438,447,553
536,401,421,437,440,565
536,412,411,436,446,561
543,406,426,438,448,554
536,404,417,442,448,561
531,408,414,442,444,561
533,411,413,441,446,566
543,404,428,440,448,555
543,399,428,433,448,561
538,415,422,441,437,558
543,413,424,438,435,562
536,407,413,434,444,558
539,411,426,435,438,564
539,414,419,429,448,558
542,411,428,434,441,564
544,408,427,438,444,565
544,412,427,435,437,564
541,408,426,439,443,553
531,416,420,433,450,563
532,417,414,439,447,565
544,408,426,440,449,556
542,412,423,441,442,553
540,412,419,428,447,560
542,400,425,439,447,564
546,402,427,438,447,555
541,417,425,441,440,561
543,413,421,430,448,559
533,414,413,438,447,561
529,415,416,434,447,564
540,417,424,437,436,564
542,410,418,438,447,554
544,397,427,437,447,559
541,415,425,430,448,559
539,415,413,435,448,561
531,415,413,435,447,561
544,412,428,434,437,564
529,412,412,442,443,563
545,400,426,437,449,559
546,412,430,427,445,562
530,415,413,442,444,564
533,414,412,434,447,555
539,414,424,428,449,560
540,415,423,441,444,555
525,409,413,443,444,565
541,414,424,441,441,555
544,399,427,437,448,551
539,416,423,440,442,555
536,412,417,434,448,556
544,405,428,438,449,556
535,408,413,442,443,564
545,410,425,428,445,563
544,411,428,437,442,564
531,414,413,438,448,562
535,406,416,442,443,566
546,398,427,435,447,559
537,401,421,442,446,565
533,415,417,433,448,562
541,413,422,440,440,556
540,418,423,440,442,555
543,412,427,433,438,564
542,412,425,443,434,562
540,412,421,429,448,562
540,414,422,444,436,558
544,403,419,427,441,558
544,413,427,437,437,561
541,412,425,442,445,553
545,406,424,427,444,563
531,407,414,442,443,563
543,414,426,427,449,561
543,405,426,424,447,561
535,416,419,429,447,561
544,407,429,438,449,555
537,413,421,430,449,561
546,400,429,437,449,556
542,398,427,438,448,559
536,399,414,435,444,562
541,414,425,440,436,561
542,399,430,436,448,557
538,399,423,441,446,566
542,393,430,436,448,556
542,414,425,440,444,554
534,405,415,440,445,564
543,403,429,425,441,563
543,412,428,433,439,566
534,416,424,441,435,560
530,414,412,440,446,562
533,402,422,440,443,566
543,411,426,435,436,564
542,412,420,426,449,563
535,415,410,434,448,561
533,415,411,437,447,561
539,413,425,438,434,563
535,414,416,435,447,562
543,409,430,431,442,563
540,401,425,426,443,562
541,399,425,438,447,561
525,407,414,440,443,559
534,412,425,428,447,560
540,415,421,429,448,561
538,410,428,430,446,561
544,412,428,430,437,564
538,400,426,438,447,564
539,416,420,431,451,561
539,416,424,442,441,554
539,397,427,435,449,564
537,415,424,442,438,559
544,409,429,429,444,561
533,417,413,439,445,563
533,404,417,441,445,564
537,414,417,432,448,561
543,412,427,431,438,561
542,412,426,436,436,562
531,406,412,441,444,564
542,407,425,439,450,554
537,401,423,439,448,563
544,402,427,433,431,564
540,417,424,439,435,562
532,413,413,439,447,562
532,412,413,440,443,564
546,411,425,428,446,561
533,405,414,441,445,564
546,411,429,429,440,562
538,401,423,440,447,564
539,399,423,438,449,564
547,411,423,431,432,565
531,412,412,440,444,564
540,413,425,439,437,562
535,411,426,437,436,564
542,411,425,441,442,554
542,414,425,437,436,562
539,400,424,440,447,561
542,408,425,438,445,554
542,405,428,440,448,554
526,411,411,438,446,562
529,414,414,441,446,564
536,415,418,432,448,562
544,398,427,438,449,558
539,414,416,430,449,560
535,401,422,440,446,564
542,410,425,440,444,554
539,417,423,440,435,559
534,406,415,442,444,565
543,397,427,437,445,562
531,411,412,443,446,564
548,411,428,427,445,561
538,419,425,440,438,558
534,415,412,438,446,564
544,410,428,441,449,560
537,414,424,440,442,556
540,418,422,428,449,562
547,411,427,432,437,565
544,410,428,428,444,563
538,415,421,429,450,561
541,418,421,440,439,557
542,417,425,436,440,557
539,399,423,440,446,566
541,414,423,429,448,561
540,401,428,437,448,559
534,404,416,441,445,564
535,402,421,439,445,562
539,415,424,442,435,559
540,414,421,430,448,559
533,415,413,438,447,565
543,411,428,433,439,563
541,417,426,439,437,563
540,413,425,439,436,563
540,410,424,427,449,561
544,414,425,435,434,562
540,407,415,443,446,564
540,415,422,431,446,560
542,407,428,438,448,554
543,409,428,434,437,564
543,397,429,436,447,564
531,399,426,437,445,564
543,399,430,438,446,558
541,403,426,438,436,563
539,417,418,440,440,555
540,415,423,441,441,554
541,414,425,442,441,555
542,400,429,434,437,563
540,415,423,440,442,555
543,411,428,432,440,563
539,416,423,438,437,558
543,414,423,441,435,561
531,415,412,439,443,563
536,415,417,433,448,561
543,404,428,438,447,555
544,408,428,430,449,561
534,417,414,434,447,561
533,410,425,439,444,556
535,392,422,434,441,562
540,413,425,436,436,562
543,410,427,437,451,553
536,411,423,429,447,561
541,416,421,438,435,563
526,408,416,442,443,566
541,411,428,437,436,561
544,401,428,437,450,556
540,414,425,439,443,554
536,418,417,434,448,561
539,415,420,429,447,559
545,401,429,437,447,559
536,415,417,434,448,561
543,407,427,439,449,554
541,415,426,441,439,558
538,414,425,439,438,558
541,410,428,441,449,562
544,411,430,437,436,564
540,406,423,442,436,561
538,415,416,431,448,561
530,408,415,441,446,565
540,414,425,442,438,560
541,400,424,438,448,562
539,401,427,436,448,558
546,398,429,435,447,559
544,399,431,433,444,561
543,414,426,439,435,563
540,406,420,442,434,552
540,398,425,440,446,563
543,411,429,430,443,563
544,398,428,437,445,559
533,412,414,439,443,563
542,412,425,441,435,561
545,411,429,429,443,563
533,406,416,442,444,565
531,406,414,440,444,564
534,418,415,435,450,560
536,413,417,432,447,562
545,412,429,427,444,562
532,409,413,439,445,564
541,412,427,429,435,561
543,400,428,437,449,556
536,400,423,440,448,566
545,412,430,429,444,562
541,415,426,441,444,556
534,404,417,442,444,564
533,408,414,439,444,564
542,413,427,441,436,563
541,418,418,435,437,556
543,397,428,433,439,559
538,414,424,442,436,559
539,413,423,429,447,562
541,413,423,428,449,562
540,414,417,423,449,558
538,398,424,440,446,563
531,418,412,442,446,562
542,401,428,438,447,557
540,413,424,442,443,554
532,418,415,435,448,562
532,400,422,440,443,565
532,400,422,441,446,565
545,407,429,438,449,556
539,400,420,439,444,566
543,402,421,437,431,559
544,410,430,432,441,563
541,412,425,439,446,555
530,416,413,441,441,564
538,412,419,431,448,561
537,401,422,438,446,567
540,416,425,436,436,561
543,412,428,439,436,563
543,412,429,437,437,564
541,413,427,439,449,563
545,401,430,438,450,560
542,412,426,440,445,553
535,407,416,441,444,565
537,400,422,441,445,563
543,410,427,440,446,554
542,414,424,427,448,562
541,405,419,428,444,559
534,403,419,440,444,564
543,410,428,436,450,556
545,413,429,429,446,564
546,409,430,433,441,565
538,417,422,431,448,561
535,408,418,442,440,565
545,410,423,432,449,551
544,414,424,427,445,561
536,405,417,443,445,564
536,411,426,439,446,556
541,413,427,439,437,564
543,399,429,439,448,559
541,413,427,441,448,554
542,404,423,443,440,566
541,414,426,437,437,563
546,410,428,432,439,565
546,409,430,430,440,563
540,415,424,430,449,562
542,412,428,440,447,553
540,415,428,443,437,560
536,415,428,438,436,563
542,412,429,435,437,565
541,417,425,442,435,560
542,412,430,429,439,562
539,397,425,440,445,564
547,411,431,427,441,563
541,415,424,442,437,559
545,412,430,430,444,564
540,415,424,441,442,554
535,415,425,442,437,560
543,402,430,435,449,558
544,411,423,441,445,556
532,410,414,437,446,562
548,411,429,438,454,555
541,413,427,426,446,563
543,404,419,429,442,561
537,402,423,441,444,566
541,414,422,428,447,560
536,404,423,442,447,567
544,402,428,437,451,556
542,407,429,438,449,556
544,409,424,436,438,565
542,417,424,441,437,561
542,412,430,437,437,565
543,413,428,433,441,563
541,419,425,442,439,558
531,409,416,441,446,564
532,414,415,440,446,564
543,401,429,437,449,557
543,412,430,436,435,564
539,415,424,443,434,561
547,414,422,433,438,564
540,416,425,441,438,559
550,412,430,427,444,564
539,399,428,439,446,563
535,401,422,442,445,565
547,418,429,429,443,562
543,411,430,434,439,560
545,410,431,430,444,563
548,400,428,435,448,559
543,405,427,437,440,551
543,403,429,438,449,556
544,411,432,428,442,563
542,408,427,443,438,557
541,416,418,423,449,558
535,417,420,428,444,563
546,400,431,435,447,556
532,416,410,439,446,564
535,405,418,443,445,562
541,409,429,438,435,564
533,406,420,442,444,567
545,401,429,438,448,555
542,416,425,441,437,558
544,411,429,434,439,565
543,399,429,437,451,560
542,413,430,436,440,566
547,411,427,429,446,561
539,399,425,442,445,562
540,415,422,430,450,560
539,411,430,433,442,566
545,402,425,430,440,559
540,413,431,428,449,563
545,411,429,431,443,565
540,417,424,441,441,556
542,410,429,437,447,554
543,413,424,428,449,561
540,415,424,443,440,556
542,412,430,432,439,563
540,414,423,430,447,561
540,412,427,441,440,555
544,412,426,442,445,553
543,399,427,432,443,559
532,410,429,433,439,563
533,418,413,438,447,563
546,399,429,438,449,557
532,420,415,437,448,564
534,415,415,433,447,562
540,418,424,443,440,558
543,409,429,431,441,565
537,399,424,440,447,563
546,409,426,429,446,564
538,415,422,429,443,562
545,409,432,438,452,557
544,414,425,428,447,563
534,402,421,440,445,566
539,416,422,429,448,562
541,414,424,441,437,560
539,414,424,443,436,559
534,417,416,433,449,561
541,414,426,439,435,561
539,413,425,442,442,555
535,415,418,433,450,560
543,404,429,437,448,558
544,409,429,430,445,563
535,402,422,440,446,564
541,415,428,440,436,561
539,417,425,441,438,559
542,414,427,441,435,561
533,408,414,441,444,563
548,411,429,430,442,564
536,416,418,433,448,563
541,418,423,443,440,559
543,402,426,434,440,556
544,414,423,431,436,560
544,402,430,438,450,558
541,416,426,442,437,560
542,415,419,429,447,557
544,401,428,434,448,561
544,407,428,438,447,553
536,415,419,431,449,561
536,403,415,435,445,565
544,412,424,428,446,563
533,411,415,442,443,565
531,408,416,441,445,565
546,407,427,435,448,554
544,407,429,438,450,556
536,408,427,436,437,565
546,411,428,428,440,565
534,416,417,434,449,561
543,408,429,435,438,566
541,413,424,441,444,556
541,412,426,438,436,563
542,402,428,436,449,559
534,402,420,441,447,566
539,400,421,440,446,565
531,413,413,438,446,565
542,412,426,428,447,561
543,411,429,436,435,565
532,416,415,438,447,562
545,411,429,433,443,565
530,410,413,439,446,563
538,399,425,440,446,564
539,399,425,440,448,562
545,413,430,430,442,564
542,413,427,440,450,554
539,416,423,440,437,557
543,399,430,438,448,556
542,410,428,439,436,565
537,414,422,430,448,562
533,406,417,442,445,565
541,414,424,430,450,562
534,411,413,439,444,563
542,414,425,441,437,559
543,402,423,441,451,557
542,396,427,437,447,562
537,401,421,441,445,563
539,418,424,441,439,559
533,406,415,441,445,565
535,416,417,435,448,560
537,407,421,428,449,561
533,415,414,440,445,563
532,413,415,439,447,565
535,415,415,434,448,563
545,400,430,437,450,559
546,411,427,440,437,561
540,418,423,443,442,555
541,399,427,439,446,563
539,417,424,441,440,558
542,399,430,437,450,559
543,408,429,438,448,555
542,414,424,428,449,561
542,414,425,441,446,552
535,418,414,434,449,561
540,416,424,440,440,556
540,414,427,440,446,555
546,409,428,439,446,556
545,412,427,432,439,564
542,414,422,439,443,553
540,414,425,443,435,561
543,398,429,437,448,560
537,402,419,443,445,564
537,403,422,440,445,564
535,415,414,436,448,562
539,405,428,438,450,555
531,414,414,442,447,563
545,410,429,427,442,563
532,409,415,441,445,565
535,417,425,441,437,561
542,397,428,438,449,554
543,401,427,438,450,558
532,420,414,435,445,563
536,400,421,440,445,566
537,401,424,440,448,566
539,415,425,446,443,554
539,417,423,441,437,558
544,410,428,439,450,554
549,401,430,437,449,559
534,415,424,442,436,558
538,417,422,431,447,562
546,411,427,428,444,562
541,413,426,438,433,559
545,412,430,437,441,564
543,402,429,437,449,558
533,412,415,440,448,564
538,409,413,432,445,558
544,414,425,427,448,563
545,406,429,438,449,555
530,417,414,432,446,563
543,411,429,438,435,565
533,407,413,438,444,560
539,411,427,440,436,565
544,403,428,438,451,555
538,401,429,438,449,555
538,399,421,440,445,564
530,416,413,440,445,563
535,417,419,433,449,561
541,414,425,443,435,562
537,413,416,430,449,561
544,411,429,429,442,564
537,410,428,440,450,554
539,415,422,428,449,562
532,402,413,440,446,563
546,415,420,426,443,562
537,418,415,429,450,562
542,410,428,429,442,563
542,401,428,429,442,562
543,413,424,440,446,556
535,415,410,436,447,562
541,410,427,440,444,555
542,404,427,438,445,556
536,411,413,437,445,564
546,414,426,427,447,562
538,391,424,438,446,561
543,401,429,436,448,556
535,415,415,433,447,562
542,413,429,437,438,564
541,398,426,444,447,560
536,414,418,436,447,561
544,412,428,436,441,563
539,412,427,431,438,563
543,411,429,430,445,564
534,418,425,442,440,560
540,415,424,439,435,561
543,409,428,437,449,555
541,401,427,436,448,553
537,416,413,436,436,565
545,410,429,428,444,564
544,413,428,427,448,561
543,409,430,431,442,565
532,417,416,441,445,563
535,413,419,435,449,562
543,407,428,438,449,555
542,414,425,440,448,553
541,407,419,424,445,562
531,413,414,438,445,564
544,412,427,438,437,563
544,412,424,430,444,562
542,413,429,440,447,552
536,417,417,435,449,561
537,407,418,429,444,563
542,416,425,439,445,556
544,409,427,439,450,553
543,415,423,427,448,562
538,417,421,433,451,564
546,409,425,428,445,562
540,418,424,440,445,556
541,415,425,442,437,560
540,415,424,443,435,563
544,413,430,427,445,564
540,417,424,442,437,558
536,400,425,441,447,563
547,412,427,432,446,554
544,399,427,438,448,560
543,412,428,434,436,563
541,409,428,438,449,556
544,405,423,440,438,557
544,405,425,430,440,558
546,418,424,440,438,556
543,398,429,436,448,557
542,398,429,436,450,557
542,412,426,439,447,563
538,415,426,440,447,553
531,416,413,436,447,561
540,398,427,437,443,561
546,415,429,427,445,563
536,403,421,441,446,563
542,413,423,441,432,558
543,402,423,440,446,564
545,407,428,436,451,554
542,413,426,441,436,564
540,408,420,443,431,554
542,412,425,441,436,561
532,415,420,439,446,565
542,415,418,429,448,562
531,409,414,443,445,565
533,405,416,441,444,565
531,407,415,442,445,565
545,412,427,428,448,562
541,413,426,440,444,555
532,411,413,439,447,563
537,415,425,439,443,554
539,402,422,439,445,566
539,399,425,437,447,561
546,408,428,437,451,553
539,415,427,441,437,561
534,417,417,433,449,564
536,416,420,431,449,561
543,411,427,435,438,564
542,404,429,438,449,555
538,417,427,430,447,556
542,399,425,435,450,558
541,399,425,439,450,560
542,412,425,439,448,554
539,407,418,441,434,554
543,410,427,436,437,566
542,413,424,438,446,554
532,412,411,441,444,563
542,399,426,437,449,558
540,419,419,440,440,558
537,413,415,431,447,561
544,409,424,436,450,555
538,414,415,429,450,560
541,417,422,440,437,560
547,399,428,435,449,557
540,398,422,439,447,562
544,411,423,438,435,562
536,405,417,440,445,564
540,390,422,434,441,562
545,413,422,429,448,562
543,413,426,428,448,562
542,404,419,440,443,550
540,415,425,440,445,553
534,408,413,444,445,566
540,412,426,446,435,563
536,396,421,441,445,567
540,415,419,436,438,557
541,412,426,430,446,560
545,401,432,438,450,556
539,412,424,442,444,556
543,418,423,436,443,553
543,399,426,438,449,559
543,417,416,423,450,557
538,417,423,444,438,562
532,415,414,436,445,563
542,413,426,429,447,561
545,407,426,436,436,565
536,404,421,436,442,566
540,415,429,430,447,562
545,402,430,437,449,558
546,413,429,428,448,561
534,412,412,441,446,565
542,412,428,436,436,565
530,414,412,442,443,565
538,417,417,435,448,562
531,412,413,441,443,564
527,418,412,443,445,566
546,401,430,438,449,558
530,414,418,435,448,562
532,411,415,442,445,565
547,406,429,438,447,554
544,409,428,433,441,563
539,416,425,440,440,557
531,412,411,439,444,563
535,418,415,436,449,562
542,415,424,441,433,560
540,415,426,439,446,555
546,400,429,437,448,558
534,408,417,444,444,566
539,414,423,430,443,562
543,415,427,441,445,556
540,391,424,433,441,563
537,417,420,431,452,561
536,418,414,437,447,562
536,414,410,438,447,561
542,415,424,429,448,562
547,407,427,437,448,555
541,409,423,438,444,556
544,410,430,428,445,563
541,415,426,443,435,560
534,406,416,444,443,564
543,416,421,430,448,563
545,409,427,432,440,564
542,413,430,427,446,563
545,414,426,431,448,562
538,402,425,439,447,563
543,412,426,441,444,553
531,416,414,440,447,564
545,414,424,439,442,555
536,416,419,434,449,562
544,406,428,438,449,554
541,401,426,440,447,561
534,412,416,444,443,564
538,402,424,440,447,567
543,416,425,444,435,562
544,411,429,428,445,562
537,415,418,438,447,561
536,417,417,437,448,561
540,411,429,432,444,563
544,408,427,438,449,554
535,417,409,430,448,559
534,408,413,439,446,563
544,418,422,442,447,561
542,415,427,441,436,562
533,417,414,445,446,562
540,416,424,442,438,560
543,401,420,434,449,559
541,399,425,440,448,561
534,405,420,441,444,565
546,410,432,430,442,564
535,416,416,433,448,559
546,412,428,431,443,562
545,411,429,436,438,564
544,406,427,440,450,556
541,401,428,434,449,563
531,408,414,442,444,563
545,414,430,429,443,561
540,399,425,440,448,564
538,416,420,432,449,560
543,414,425,441,436,562
533,414,414,437,446,562
542,399,426,439,449,562
533,416,411,438,449,563
537,408,418,435,444,558
534,410,415,441,446,565
531,407,412,437,439,564
542,405,425,442,436,562
537,405,420,443,447,566
534,400,426,441,448,562
544,408,427,437,449,554
539,418,423,442,438,558
543,414,424,446,436,563
539,415,425,444,437,563
541,418,426,441,437,561
545,415,419,441,438,555
544,409,428,438,450,556
533,413,412,444,446,561
533,408,414,443,444,565
544,403,428,438,449,557
543,410,429,430,441,563
543,410,425,439,447,553
543,414,424,430,448,562
535,414,415,435,446,563
531,405,414,442,444,564
547,410,428,440,448,555
541,418,425,443,441,557
543,406,427,438,448,554
533,406,407,439,441,560
539,411,428,432,442,564
541,415,423,442,441,555
534,409,414,443,447,565
537,406,421,443,445,565
544,415,425,441,436,563
533,418,417,434,449,563
541,413,425,433,448,561
540,415,425,443,443,555
544,408,427,440,452,554
545,417,429,427,446,561
545,400,430,438,448,557
531,415,414,439,446,563
540,413,424,441,447,555
532,412,411,439,445,563
544,401,429,438,448,560
535,417,417,437,449,563
532,405,414,444,444,565
545,413,429,434,438,567
532,408,415,443,444,566
537,401,420,442,446,564
537,401,422,444,446,564
532,410,413,442,444,565
546,404,427,438,449,556
539,418,424,444,437,560
546,400,431,436,446,564
540,416,424,442,440,556
543,415,419,431,448,561
546,400,429,438,449,556
542,416,424,443,440,558
546,406,428,437,448,554
545,406,429,435,439,565
532,415,414,440,445,563
540,415,425,430,450,560
547,411,429,431,441,563
533,416,411,440,444,561
541,415,425,442,441,555
543,412,428,431,445,564
539,403,418,443,446,565
536,414,426,440,442,555
539,402,428,438,448,562
538,407,421,441,446,566
543,410,429,438,451,556
528,414,415,440,445,563
540,394,423,435,442,564
537,404,421,442,443,565
539,419,424,443,439,558
541,411,427,436,450,556
538,403,421,443,445,564
544,413,430,432,443,564
543,413,427,439,445,556
544,412,429,429,443,564
539,399,425,440,448,565
548,412,426,430,444,562
538,400,422,440,445,561
544,410,431,439,446,554
545,414,427,437,436,563
545,403,430,438,450,558
540,415,420,431,452,562
544,403,429,437,450,559
544,414,432,432,442,565
541,417,425,443,439,558
545,413,429,431,447,563
540,415,422,429,448,562
541,415,427,439,438,565
544,415,426,440,446,555
544,403,429,439,452,558
547,411,429,432,440,564
544,404,428,439,450,558
542,412,425,437,435,563
540,417,417,435,449,561
544,417,423,429,449,561
536,417,423,444,436,559
546,399,429,436,450,557
537,400,422,439,446,563
540,415,426,441,445,555
542,414,425,431,448,561
543,404,429,439,450,559
541,418,426,442,437,564
544,408,429,439,450,555
545,416,426,429,448,562
541,413,424,442,442,553
543,414,425,443,447,554
540,411,427,439,449,555
536,414,414,438,445,565
538,415,422,431,448,561
537,410,429,434,436,564
538,413,431,432,444,566
546,411,430,431,443,563
547,407,428,440,447,555
545,412,428,434,438,563
546,414,428,435,443,563
540,419,426,443,438,561
536,409,414,443,443,565
537,420,416,438,447,561
531,418,414,440,445,561
545,393,429,431,451,558
543,414,427,435,437,564
531,417,413,439,447,562
541,414,428,440,437,565
540,419,422,442,440,558
541,417,425,442,437,558
543,414,429,439,438,564
538,399,427,440,447,562
547,410,431,434,437,566
544,414,425,441,441,555
546,414,430,429,444,562
533,411,416,430,449,561
541,415,424,431,448,560
545,412,424,434,436,565
539,419,426,440,443,558
543,415,427,435,439,565
534,415,413,442,446,564
538,420,416,436,447,561
546,409,431,433,443,562
536,417,415,436,449,562
542,411,428,437,452,555
534,419,416,434,449,563
540,416,425,430,448,562
531,414,415,435,446,561
542,416,425,441,444,554
545,412,428,431,444,563
547,409,426,441,449,556
545,409,427,441,449,555
538,401,424,440,446,565
544,419,423,444,440,557
542,416,425,429,449,561
545,413,426,440,446,556
544,416,425,440,438,553
545,418,419,440,445,551
533,412,415,442,440,566
538,401,425,440,447,560
535,399,420,436,446,564
543,415,430,434,441,566
535,411,414,442,445,565
546,414,428,436,441,564
546,413,428,430,448,556
540,417,419,431,449,561
541,416,426,447,436,563
537,420,422,430,451,562
547,403,430,425,435,566
547,405,432,439,451,558
533,417,414,439,446,563
535,417,414,438,447,564
533,399,417,436,438,566
545,401,429,439,444,555
545,411,429,429,445,562
541,414,425,425,447,558
542,418,423,444,437,557
544,417,428,441,446,554
539,420,424,444,437,558
547,408,427,439,450,554
543,415,428,436,438,566
542,417,427,444,432,558
545,412,426,441,446,554
544,406,431,423,441,562
545,400,429,438,448,559
534,410,411,444,445,566
541,420,426,441,442,557
546,413,428,439,447,555
533,418,423,434,450,563
544,410,430,434,439,564
546,414,424,427,444,561
539,394,423,434,440,567
547,409,428,441,447,555
546,414,428,433,444,563
539,416,415,432,449,557
543,410,428,440,449,555
541,418,425,442,447,555
540,416,422,431,449,560
546,413,430,433,443,565
537,402,416,436,445,560
540,402,427,437,448,561
543,418,424,440,444,554
538,418,419,434,449,563
539,405,422,443,444,564
537,407,419,444,448,566
541,418,416,423,449,556
540,401,424,438,446,561
546,415,429,432,445,562
541,417,425,429,449,562
543,403,428,440,451,561
539,418,424,430,450,562
536,417,418,438,444,562
535,417,417,436,449,562
540,414,423,445,439,559
546,415,426,429,445,563
548,413,430,431,443,564
547,401,431,435,447,557
545,413,426,440,438,564
543,402,430,439,436,560
545,406,430,440,448,554
537,406,421,440,446,565
541,418,425,442,442,559
547,412,433,431,446,564
548,402,430,438,450,556
537,417,418,432,450,561
532,417,414,440,447,563
540,416,420,430,449,561
544,414,429,435,433,564
541,415,426,443,443,555
534,405,420,429,449,556
547,403,429,441,449,553
544,400,429,440,448,558
540,420,425,446,436,559
542,403,430,437,450,557
540,417,424,436,435,557
541,417,425,443,436,561
541,402,427,441,449,562
546,401,431,436,448,560
547,410,426,432,448,553
533,415,414,442,447,564
534,422,415,442,447,564
532,419,415,435,446,561
539,418,428,442,439,561
543,419,426,442,441,556
539,418,426,441,437,560
545,410,430,431,443,565
533,416,413,441,447,562
544,416,422,430,448,561
532,421,412,440,447,562
538,412,428,439,436,563
533,418,425,443,447,561
545,413,426,430,447,561
532,416,415,439,448,564
539,402,424,442,447,563
543,415,424,429,448,562
546,417,429,439,447,555
546,413,426,440,444,555
533,411,416,445,446,566
534,417,416,444,443,564
533,410,415,443,444,565
542,418,424,443,445,554
536,414,415,439,448,563
540,401,427,439,448,562
539,417,426,444,437,559
531,411,415,442,445,566
542,407,419,444,435,558
547,410,430,433,441,565
537,403,423,443,446,564
537,396,423,442,446,566
544,414,425,429,447,561
544,412,428,440,434,563
545,413,431,432,447,563
540,418,424,443,437,558
543,414,422,430,448,562
545,413,430,433,445,565
544,415,429,438,438,565
546,399,428,431,444,557
540,415,424,444,441,557
546,404,430,437,449,559
545,411,431,438,448,555
534,420,415,439,449,563
536,420,418,438,449,564
545,417,428,440,435,563
544,415,428,437,438,564
540,419,425,441,438,561
544,412,427,441,446,555
537,401,418,444,444,564
537,404,420,442,446,566
544,402,429,439,450,560
543,417,427,443,446,555
546,403,425,440,449,558
543,417,426,431,449,561
549,413,432,431,443,564
541,402,427,440,447,563
544,404,430,438,451,558
539,405,419,442,446,564
545,404,430,440,444,557
544,412,429,435,432,565
544,415,419,431,449,561
547,401,430,440,450,557
537,407,419,444,446,567
547,395,430,437,444,552
543,418,427,439,444,555
544,411,430,435,438,564
542,416,424,431,444,560
544,408,430,441,445,554
543,414,431,433,442,566
538,407,421,427,444,562
543,413,426,442,444,554
545,414,431,432,442,565
544,403,431,438,450,560
543,410,429,441,451,555
542,413,430,432,446,563
541,416,426,441,438,559
546,403,430,428,435,565
532,416,417,440,447,563
545,415,427,438,437,565
544,414,429,432,441,565
545,402,431,440,449,557
545,414,427,441,450,554
539,403,417,443,446,566
540,416,417,435,448,563
538,406,421,444,446,565
546,414,431,432,444,561
546,415,429,439,437,564
533,421,414,429,448,563
542,416,429,439,438,565
532,419,421,432,448,562
536,417,415,440,446,563
541,420,424,442,439,558
537,404,419,441,445,566
533,418,418,435,449,562
535,418,416,437,449,562
541,400,427,436,446,563
539,419,417,434,450,561
545,413,431,431,443,564
544,417,419,429,449,562
542,403,430,441,449,560
545,407,429,443,445,555
543,416,427,441,437,563
545,411,432,440,446,555
537,417,422,431,449,561
542,391,422,441,442,559
546,416,423,429,450,560
534,412,415,440,446,564
534,411,414,442,444,565
535,415,416,441,445,564
541,410,432,430,445,563
542,416,425,443,439,557
543,394,428,438,447,563
531,418,415,439,442,555
546,411,430,442,451,555
543,418,426,444,438,561
542,417,425,444,438,559
535,417,417,436,448,563
531,415,416,444,447,561
548,412,430,429,443,563
541,418,423,445,437,559
542,402,428,438,450,563
542,398,428,439,447,561
542,416,427,442,437,566
544,419,425,443,439,560
534,406,416,444,447,565
544,415,420,431,449,560
544,418,427,442,432,557
535,409,418,443,447,565
544,415,422,423,448,560
540,417,424,443,437,558
540,419,424,432,449,561
546,413,430,431,448,562
540,418,423,444,442,555
540,402,427,441,446,564
548,413,431,431,450,561
533,412,415,443,437,561
537,412,416,444,447,564
545,415,430,432,443,564
541,418,426,444,439,559
531,403,422,442,446,564
544,413,430,431,445,564
540,417,425,444,440,558
545,417,427,430,449,561
543,412,430,436,437,566
539,399,426,436,447,564
545,410,431,440,450,556
542,416,424,430,448,562
542,399,427,439,448,562
535,417,415,439,447,562
536,419,419,438,447,563
545,414,430,436,438,564
544,406,422,441,430,558
542,419,426,442,440,560
540,417,426,443,438,560
544,399,429,442,448,559
536,419,415,436,448,563
542,418,425,443,442,556
538,419,421,433,450,561
546,413,428,439,437,565
540,419,425,443,439,559
545,414,430,434,440,565
546,413,429,433,445,563
544,415,427,432,450,561
545,409,428,440,451,554
533,418,410,444,444,564
542,402,429,439,450,561
544,409,431,439,449,555
538,420,423,433,451,560
543,416,427,443,436,562
535,404,425,443,445,568
535,418,414,440,446,563
544,418,422,441,437,564
543,414,428,441,437,564
543,408,430,440,450,556
540,413,430,429,446,564
535,416,414,439,447,563
545,400,424,438,452,559
540,413,426,433,449,562
545,414,429,437,442,565
543,403,430,440,449,558
544,408,430,440,448,563
544,410,429,440,445,555
535,402,425,441,447,565
545,413,427,431,445,562
547,413,429,433,444,564
534,404,425,441,447,565
543,401,427,442,449,563
533,412,415,444,444,565
543,411,430,430,446,564
535,417,414,437,449,561
539,407,430,439,449,555
537,406,424,441,445,564
543,407,430,441,451,555
544,410,431,440,450,559
532,413,409,444,444,564
538,419,420,432,452,561
546,413,431,431,444,565
533,415,414,443,446,563
535,419,416,435,449,562
535,412,414,441,448,563
537,416,418,437,443,563
544,412,429,439,437,566
543,400,427,442,447,563
529,410,415,442,444,566
534,409,416,443,446,567
536,416,414,441,446,564
537,404,421,442,445,565
537,416,425,444,436,561
548,410,428,440,451,555
542,418,423,442,439,558
546,402,425,440,448,561
546,413,428,430,448,561
544,409,429,440,450,557
549,412,425,429,443,563
534,410,416,445,445,566
545,413,427,431,448,562
539,403,425,443,448,562
543,416,427,438,438,565
546,415,427,442,445,557
542,413,424,431,449,562
545,412,428,436,440,565
540,411,429,441,452,556
541,404,422,445,445,566
542,415,426,443,444,556
538,416,418,438,447,562
545,412,428,435,442,565
546,414,428,431,443,562
538,404,423,445,441,563
544,414,423,430,448,561
547,414,429,430,445,563
549,416,429,430,447,564
542,416,427,431,448,561
547,403,424,439,446,557
546,410,430,436,442,564
533,410,416,444,444,565
537,419,418,436,449,563
546,415,423,431,450,561
545,413,427,439,437,565
547,402,431,439,450,559
544,413,425,439,438,565
547,413,433,429,448,563
544,416,428,441,439,565
529,418,416,440,448,565
545,403,429,439,450,556
540,401,422,443,446,565
537,419,420,437,452,563
540,417,426,444,437,560
540,413,430,433,442,564
537,408,419,444,444,567
545,412,430,438,435,566
548,416,426,430,448,561
546,410,428,441,450,556
537,419,417,436,447,562
541,408,421,442,431,558
545,413,428,435,438,565
540,418,417,435,451,562
546,404,431,439,450,556
540,401,422,441,446,567
543,412,430,434,439,564
544,415,426,437,438,566
541,419,425,444,440,559
542,412,428,441,447,555
534,418,414,441,446,564
546,413,432,432,443,562
535,404,423,436,446,561
544,416,426,446,436,563
546,413,429,435,442,563
541,403,425,440,448,561
543,418,426,445,439,561
542,418,426,431,451,561
544,401,426,440,449,562
546,401,429,438,451,558
548,416,426,425,450,558
536,417,416,437,447,563
541,419,425,444,439,559
548,415,425,429,447,562
544,403,432,438,450,558
528,413,416,444,446,566
544,400,429,439,448,559
537,418,418,439,449,563
545,400,431,441,448,559
546,415,430,431,447,562
537,405,424,443,446,563
538,413,415,442,445,564
537,419,420,437,451,564
535,405,417,444,444,557
538,401,423,443,446,564
536,405,422,442,445,567
545,413,424,431,449,562
545,416,425,433,447,562
533,419,419,438,450,564
534,419,415,438,448,562
547,403,429,434,449,557
543,421,426,443,439,560
543,416,427,431,451,562
534,412,417,444,445,565
533,404,424,442,446,565
540,419,425,445,435,558
542,418,425,442,443,555
545,396,430,440,448,561
537,404,420,443,444,566
545,406,430,440,450,565
544,419,428,442,447,555
545,408,418,444,436,558
540,401,426,443,447,563
540,416,420,431,450,564
544,415,427,443,445,555
545,413,429,433,441,565
543,419,427,444,437,559
543,408,425,439,437,560
546,412,430,436,438,564
538,418,418,431,450,562
533,410,415,445,440,565
542,406,431,440,452,556
534,412,414,444,445,566
540,420,428,444,440,558
541,415,420,435,449,563
547,416,430,431,446,563
544,415,426,441,435,564
543,419,426,444,440,559
540,402,426,442,449,563
542,419,427,444,439,563
539,418,425,432,451,563
548,412,431,431,442,564
535,413,416,441,446,564
543,413,426,431,447,561
533,419,416,442,447,563
541,418,421,432,450,561
547,408,431,437,449,557
546,416,430,430,446,562
546,412,428,429,445,564
540,417,417,441,446,563
543,418,425,443,437,560
537,407,421,443,447,565
541,416,425,438,437,556
533,417,428,440,435,562
544,410,429,439,448,555
545,413,431,435,443,564
536,417,417,438,446,563
547,408,430,440,450,554
542,416,427,443,442,555
536,412,428,435,438,565
542,415,427,442,437,561
539,413,415,441,444,565
547,408,429,441,445,555
536,405,423,443,446,567
543,393,430,434,445,559
544,414,427,431,448,561
541,413,431,433,443,565
532,413,415,443,445,567
547,413,429,437,438,565
533,412,415,442,446,562
533,418,416,442,448,563
543,416,429,440,438,564
547,401,432,441,449,558
541,418,426,445,438,560
535,410,420,442,448,566
539,408,430,444,448,557
535,417,426,431,449,563
543,418,425,443,438,560
546,415,426,432,449,562
533,410,417,444,446,567
542,418,423,429,449,563
538,403,425,442,449,560
546,404,430,430,439,566
544,414,430,440,437,566
537,405,421,447,444,565
534,403,414,444,441,563
548,413,429,431,445,564
533,420,417,440,442,563
545,408,431,441,449,556
544,412,425,440,437,565
540,417,428,444,441,561
541,404,434,439,451,556
544,413,429,438,429,565
538,414,415,441,447,566
541,415,428,442,445,555
546,416,427,430,449,562
539,402,426,443,445,564
543,402,428,442,448,561
542,402,427,439,448,563
547,404,430,439,450,554
542,402,426,441,447,563
547,412,428,442,450,558
543,418,426,443,440,558
535,415,416,441,446,564
541,403,425,443,447,565
547,414,429,432,447,563
542,418,429,443,437,563
534,404,423,442,446,565
544,411,423,435,446,551
547,412,429,436,438,565
537,418,431,444,441,557
543,409,431,442,448,566
541,417,425,446,439,561
548,408,431,438,448,556
546,418,423,425,449,561
540,407,419,434,444,562
548,401,432,439,449,557
538,418,419,435,449,562
542,414,429,442,437,563
544,417,428,442,445,558
546,415,427,440,436,564
542,414,429,440,435,565
539,417,423,445,437,559
541,416,426,442,437,562
546,415,432,432,446,563
546,405,423,443,445,565
545,411,427,441,448,554
544,412,428,431,444,563
545,418,426,445,440,559
545,405,431,441,450,557
545,415,427,430,448,562
548,413,427,430,449,562
540,413,431,432,450,562
542,405,432,441,452,557
535,408,418,443,445,566
544,413,426,442,444,555
538,418,423,437,449,564
542,416,429,428,450,563
542,415,428,443,437,563
544,407,425,431,450,561
539,418,425,444,437,560
534,419,416,441,449,564
544,415,425,431,446,561
547,413,426,433,445,562
543,399,426,441,450,563
542,421,425,444,439,559
543,414,431,431,447,564
546,410,431,443,450,554
533,408,417,443,444,565
535,420,413,438,449,560
546,405,427,442,448,563
544,409,429,441,446,553
549,412,432,432,437,565
545,404,431,439,450,558
537,403,423,443,445,565
546,414,416,444,447,566
532,412,415,439,446,565
546,406,422,444,448,565
547,417,429,432,446,561
543,417,425,442,438,559
545,420,422,435,452,565
542,406,429,440,436,565
542,416,423,431,452,558
531,414,415,442,436,559
540,412,432,441,448,554
534,412,416,444,447,566
532,418,417,443,446,564
543,420,426,444,442,557
545,412,431,435,442,565
537,413,429,437,437,566
546,411,432,435,439,564
541,415,431,438,435,564
535,417,427,433,449,562
543,415,428,442,437,564
546,401,429,440,446,563
538,416,422,434,450,562
544,412,432,430,444,564
540,419,427,444,440,558
539,411,431,440,449,556
546,411,431,439,448,555
542,413,428,439,445,554
541,415,419,432,450,561
534,413,417,437,445,565
540,417,417,438,446,564
539,416,427,431,450,563
538,420,416,439,448,562
545,404,437,440,450,556
545,414,429,428,448,561
543,414,426,428,447,561
545,411,430,430,445,564
540,404,423,441,446,561
541,415,427,441,437,564
534,400,417,439,443,566
544,402,432,440,452,557
542,414,430,433,437,564
543,419,425,446,441,559
533,414,414,446,446,565
547,413,427,430,447,563
534,401,417,439,447,564
532,419,415,443,441,563
544,410,431,440,448,556
543,418,427,441,438,562
539,416,427,447,449,565
545,414,429,441,439,566
534,419,418,438,449,564
535,414,415,440,446,565
540,420,421,432,450,561
540,402,431,439,450,556
542,415,422,431,449,562
543,417,425,443,437,560
538,402,431,439,449,558
543,412,424,433,450,562
544,413,419,439,447,564
542,402,429,442,449,561
532,419,415,440,448,562
544,406,430,439,449,556
533,419,417,440,450,562
544,401,431,440,449,557
528,417,416,439,448,564
548,418,427,445,438,558
542,418,425,430,450,560
541,400,429,440,448,561
543,400,428,439,447,565
544,400,429,439,450,557
534,406,422,443,445,564
537,409,417,440,445,566
534,410,431,440,449,553
526,413,415,442,446,564
541,415,425,443,440,559
542,413,431,437,437,565
546,406,432,433,445,564
535,407,431,441,446,554
545,401,430,434,446,558
542,415,431,431,447,562
546,411,428,442,444,555
544,399,432,439,445,554
547,407,431,440,449,554
546,416,425,428,448,562
535,410,418,443,445,566
544,410,428,438,440,556
548,402,430,429,446,563
546,414,428,440,446,556
537,419,420,436,450,563
534,414,416,443,446,565
532,416,428,440,437,560
546,413,426,429,439,560
543,399,429,441,448,562
546,410,429,440,452,555
531,414,415,442,445,564
532,415,430,438,449,555
534,411,418,443,445,567
533,413,433,433,443,566
533,416,435,439,451,560
544,415,431,439,439,565
533,419,415,442,445,565
547,413,432,431,443,564
541,400,425,442,447,563
542,414,428,441,448,555
548,401,431,440,449,558
544,413,431,440,435,565
544,406,421,438,442,553
547,414,423,444,448,563
533,412,417,442,447,563
544,401,417,440,448,565
546,399,426,441,448,560
541,406,427,441,442,555
538,418,423,432,449,562
543,412,431,438,438,566
543,403,431,440,452,554
543,401,430,440,449,561
547,403,431,441,450,559
541,416,432,438,437,566
534,407,418,446,443,565
545,407,431,442,446,555
542,405,430,439,451,558
540,417,423,431,450,562
543,402,429,441,448,563
537,418,419,440,450,562
538,415,426,432,450,563
547,408,419,441,446,564
543,403,427,440,447,563
543,417,427,429,450,562
541,417,427,442,443,556
534,412,424,429,450,562
548,412,430,430,447,564
544,416,427,430,448,563
543,418,427,445,438,559
541,403,429,442,447,563
545,418,430,439,448,554
533,417,417,437,448,562
545,404,432,439,450,554
546,411,433,434,439,565
545,413,427,430,449,562
544,412,424,434,436,561
547,406,431,430,438,563
543,415,425,443,440,560
546,406,430,435,444,555
545,402,419,438,449,564
546,404,431,439,450,558
542,414,428,442,441,556
546,418,419,437,450,563
546,408,430,441,450,553
543,419,427,444,438,562
541,404,422,434,451,561
534,410,414,442,445,562
539,418,432,425,446,561
547,409,431,443,449,554
534,415,432,435,440,566
542,416,429,441,439,564
542,416,425,441,446,568
547,401,432,439,450,558
544,401,428,442,437,561
544,414,430,441,437,563
544,408,430,433,444,563
532,415,418,441,447,564
533,413,416,444,444,565
532,416,424,432,449,561
541,420,427,444,440,558
538,417,429,432,450,562
546,413,430,432,444,564
543,412,431,439,449,555
539,403,427,442,445,565
540,416,419,442,445,567
546,402,427,439,434,564
536,409,419,443,445,566
541,399,428,443,448,563
541,402,426,441,446,565
544,418,427,442,437,560
545,403,432,440,450,559
533,403,431,440,450,555
540,401,428,445,448,564
547,403,432,440,449,558
540,412,432,432,442,564
543,408,425,427,443,562
543,410,430,432,443,563
544,418,426,446,439,559
542,417,426,446,441,559
542,420,430,442,449,560
533,416,418,444,446,565
545,399,430,438,443,559
539,405,425,444,448,567
544,415,428,443,441,557
545,404,431,435,448,555
534,419,416,440,448,563
545,402,432,437,451,557
541,419,425,433,438,562
545,409,432,441,452,554
541,412,433,433,442,565
544,407,426,428,450,562
544,414,429,443,448,557
544,401,431,440,448,559
542,413,431,441,448,556
538,408,416,443,446,566
546,404,429,440,451,556
547,412,432,432,444,563
545,404,431,433,431,564
536,412,419,444,446,565
536,418,427,444,444,556
536,403,423,443,444,566
538,418,422,434,449,562
543,419,421,437,444,553
533,409,418,444,447,564
539,419,428,442,442,555
544,412,430,441,444,554
535,414,412,436,447,561
542,408,423,445,437,558
544,400,417,439,447,562
543,415,429,441,449,556
534,403,424,444,446,567
543,414,428,430,447,563
540,418,427,444,438,560
545,416,430,439,436,566
533,418,431,440,450,561
545,414,434,431,447,563
544,402,429,440,448,565
542,402,422,444,446,565
547,419,420,445,446,566
537,420,419,435,452,563
536,416,418,439,449,563
547,415,434,432,446,564
535,417,421,437,448,562
534,409,417,445,445,567
532,412,414,434,448,563
533,417,433,441,449,563
543,418,428,443,445,555
545,411,430,441,453,554
543,415,428,442,436,564
541,418,427,432,449,562
544,404,417,443,445,566
546,411,427,444,448,566
545,415,434,429,445,564
544,416,423,443,445,554
536,412,417,443,448,564
547,416,430,431,447,563
544,415,435,431,448,563
539,402,423,443,446,566
536,410,418,440,446,566
547,403,429,433,451,558
550,409,432,433,441,564
533,414,416,442,446,563
543,414,432,445,445,566
544,401,432,440,447,563
547,403,431,442,451,555
544,419,423,445,437,560
545,412,431,437,438,564
534,413,418,442,446,563
542,418,433,442,435,555
544,413,429,430,446,563
533,412,416,443,445,563
542,420,428,444,441,555
541,400,428,440,448,563
533,417,418,439,447,562
541,416,422,432,449,561
544,414,431,439,436,563
539,417,419,436,450,563
547,414,426,444,443,557
545,412,432,432,443,564
544,417,430,441,451,559
536,410,426,444,440,559
548,406,432,442,455,556
535,406,433,437,451,560
543,415,427,444,443,557
544,413,429,439,436,563
535,407,433,438,450,558
545,407,432,441,446,556
545,403,428,443,436,564
548,412,432,431,440,564
545,413,431,440,450,556
546,402,422,440,452,561
545,414,433,436,439,566
542,418,427,444,440,558
542,406,426,445,441,552
546,407,428,443,444,555
541,402,423,443,445,563
542,415,428,433,445,560
528,409,418,443,445,564
543,417,429,443,448,555
532,415,417,442,447,566
547,411,432,433,439,565
545,413,431,442,446,556
547,399,426,440,442,562
535,418,423,441,448,566
540,418,427,445,442,558
542,399,424,442,446,562
537,420,431,444,446,558
534,411,417,440,447,564
545,393,430,441,443,562
540,417,428,441,447,561
544,400,429,439,449,557
535,419,430,441,448,562
548,413,432,432,446,564
542,415,425,431,448,561
543,404,428,441,449,565
545,416,428,441,445,556
545,404,433,446,436,564
539,406,421,437,446,560
547,411,432,440,450,555
535,419,429,440,436,564
546,414,432,443,447,554
535,417,418,440,448,562
543,412,430,438,442,555
547,402,433,439,450,557
542,414,428,443,437,557
543,416,428,435,439,563
534,412,418,441,446,566
543,418,423,439,436,565
533,417,419,436,448,562
540,415,415,446,446,564
536,412,419,444,445,566
547,418,427,441,450,556
547,417,426,432,449,561
545,401,432,441,447,562
545,402,434,443,444,567
535,419,427,439,452,557
545,414,417,443,448,564
546,410,430,443,434,564
543,415,429,443,437,563
538,404,418,444,445,566
543,412,430,443,447,565
540,415,424,431,448,561
543,419,425,433,452,562
541,418,423,442,450,564
537,404,429,439,450,561
546,410,431,435,440,565
534,410,430,442,450,554
537,417,427,441,449,562
536,410,420,442,446,565
536,417,430,445,445,556
544,415,419,443,446,555
545,419,432,431,444,564
546,413,421,433,452,562
544,414,431,438,439,565
546,414,433,432,447,564
541,418,423,432,449,562
546,412,427,445,448,557
536,411,416,441,445,565
545,410,434,438,450,556
536,416,435,427,444,560
544,416,428,443,437,563
531,417,417,441,447,565
542,402,424,443,442,559
543,421,426,444,442,557
547,416,424,444,446,566
543,411,434,433,441,565
547,413,433,435,449,561
550,413,427,434,437,566
537,419,432,440,451,555
547,402,431,441,449,561
537,418,429,441,449,562
546,410,429,440,438,558
540,417,428,446,439,560
548,413,431,432,443,565
543,419,421,439,449,563
542,416,428,445,446,555
535,407,429,441,446,555
542,413,432,431,446,561
538,405,423,444,447,565
547,412,434,443,444,556
541,419,424,440,438,563
543,404,425,442,446,563
546,408,425,446,436,560
546,409,430,436,434,564
534,417,423,437,450,563
534,416,416,441,447,564
545,402,426,445,446,566
548,413,433,433,446,564
546,414,427,443,446,565
539,419,414,437,445,563
534,419,432,444,444,566
541,401,427,445,446,566
546,413,431,443,445,565
546,404,434,438,450,557
542,415,429,431,450,563
540,419,428,444,445,557
547,408,431,443,449,560
542,418,427,439,433,565
546,403,431,431,447,563
533,418,430,439,449,560
541,403,429,442,448,563
547,413,433,439,450,558
543,418,428,436,443,561
542,417,428,442,449,556
538,419,430,434,449,563
533,410,433,443,450,560
534,412,420,433,444,565
533,409,427,446,447,564
534,409,420,442,445,555
539,418,424,443,445,565
542,418,428,442,432,564
537,420,422,438,449,560
544,408,427,437,432,564
537,405,422,446,447,565
546,413,432,434,445,564
535,409,419,429,450,563
537,405,432,445,446,566
544,413,433,440,438,564
544,417,429,446,437,562
545,403,435,439,450,557
539,417,421,435,441,564
533,409,421,443,446,565
537,418,428,430,450,561
545,400,432,443,445,556
546,411,431,444,440,560
543,419,434,433,445,563
545,415,433,432,446,565
543,417,429,443,437,565
543,406,429,436,449,561
535,412,419,446,446,555
546,413,432,432,443,564
536,406,423,444,442,557
544,416,429,445,435,565
546,413,432,443,448,557
533,412,419,442,449,555
546,413,434,439,449,563
547,394,427,439,446,555
542,419,430,431,443,564
535,413,430,441,446,555
543,416,430,444,441,558
540,401,427,444,443,557
547,402,430,440,448,553
547,403,434,432,445,564
548,404,423,441,447,564
547,411,431,440,446,554
543,416,431,445,436,559
542,416,424,434,449,563
538,418,418,432,450,562
536,419,421,437,449,563
542,418,428,438,449,563
544,405,432,429,438,566
546,409,432,440,437,567
548,413,432,441,452,554
546,417,429,443,447,556
543,401,430,442,446,554
545,412,417,440,450,556
544,416,421,445,446,564
538,418,422,445,442,564
546,410,420,435,448,562
545,414,430,427,445,563
546,414,430,440,450,557
536,417,419,437,448,564
541,418,426,433,450,561
539,418,420,440,444,564
532,413,431,435,441,564
539,417,424,433,450,561
545,405,432,441,452,556
538,409,425,442,447,567
545,415,425,446,447,566
551,414,430,436,451,563
542,417,427,438,449,560
544,415,426,432,451,563
534,409,423,443,448,562
532,411,424,441,451,555
537,410,433,441,451,556
543,414,430,443,443,565
544,401,426,443,446,564
543,418,429,444,439,559
542,418,428,444,441,559
544,416,428,446,445,565
545,415,436,431,449,564
534,416,419,439,446,564
546,411,431,446,445,565
