=~=~=~=~=~=~=~=~=~=~=~= PuTTY log 2023.11.02 23:17:02 =~=~=~=~=~=~=~=~=~=~=~=
649,392,385,393,387,580
648,391,375,392,389,588
644,396,369,401,397,584
645,404,370,395,396,585
657,402,384,394,395,579
660,402,385,388,391,587
643,404,370,390,395,588
659,394,386,396,397,583
646,408,375,388,390,586
642,409,375,392,398,584
655,405,387,388,395,588
644,401,371,400,395,588
656,404,381,388,401,585
648,407,378,401,387,578
653,410,382,402,394,579
653,409,385,401,396,588
655,406,386,401,398,585
644,404,372,397,398,585
652,395,383,398,396,590
652,412,378,389,392,580
645,405,373,397,399,585
657,401,387,400,400,577
660,410,388,387,394,588
654,414,385,398,397,586
654,415,385,401,388,583
654,401,385,398,397,588
646,419,375,396,399,584
657,416,384,386,398,587
653,405,390,391,401,583
651,429,379,388,401,585
658,427,381,402,387,585
657,418,388,387,399,587
654,433,385,387,399,585
652,422,379,401,397,589
643,439,373,398,398,587
656,435,387,398,388,586
652,440,385,401,395,586
654,440,386,397,403,579
653,440,383,385,400,583
658,438,388,387,401,586
653,444,384,400,393,578
652,427,383,399,397,585
651,445,380,387,394,588
646,444,373,396,403,580
656,444,390,387,395,587
655,433,383,402,397,589
658,435,390,395,401,580
653,451,386,387,394,579
654,436,384,395,397,585
653,447,391,397,401,579
656,454,385,401,398,590
659,439,390,398,401,583
653,440,383,401,396,586
656,446,385,399,396,577
649,452,380,393,402,585
646,447,372,396,397,584
653,447,388,399,398,586
650,429,382,402,390,583
654,438,390,400,388,585
655,435,389,399,391,576
655,434,385,400,400,577
648,430,378,394,401,584
654,428,386,401,389,582
654,423,389,401,389,583
658,418,393,397,402,583
646,414,377,401,398,587
651,403,386,401,397,587
655,415,389,402,388,585
652,396,391,398,398,577
655,410,391,402,389,584
649,399,385,401,402,588
660,406,389,393,389,585
650,409,384,389,401,584
650,405,385,387,397,582
659,394,395,402,389,582
659,397,395,390,393,587
646,395,379,400,400,586
653,398,390,398,399,577
654,395,388,400,399,587
646,389,381,392,402,583
653,394,389,400,392,580
658,388,393,395,390,586
660,389,395,398,400,586
662,377,395,394,399,583
656,390,391,396,400,584
649,377,388,399,398,587
648,393,387,388,402,583
642,394,380,396,399,586
659,382,396,395,389,585
645,395,385,393,399,586
656,395,391,399,391,580
651,394,387,386,401,584
648,386,381,396,398,588
657,392,393,397,391,581
652,393,391,398,391,585
647,397,386,387,402,584
655,395,392,397,389,585
658,394,393,398,398,587
654,382,391,397,395,585
659,388,397,395,402,582
650,385,384,400,398,578
654,398,390,387,395,586
645,393,380,393,390,581
660,392,396,398,403,582
658,383,396,396,401,584
650,391,381,398,401,582
657,393,395,395,403,577
655,396,392,386,399,582
654,395,397,385,402,583
654,399,392,398,404,575
659,395,398,387,395,588
652,386,389,400,399,584
659,399,391,392,391,578
648,402,385,391,401,584
647,390,384,401,397,585
658,396,396,391,401,574
654,402,395,395,389,583
647,400,382,387,399,582
647,396,382,389,399,582
647,403,382,396,399,578
650,398,382,399,398,585
661,401,397,393,401,578
661,404,398,386,403,584
661,403,397,388,394,584
654,409,393,399,397,576
654,409,393,397,400,575
661,394,395,396,388,586
657,411,391,397,393,577
656,405,397,390,393,582
660,402,398,393,390,583
655,408,399,387,393,584
657,396,395,396,399,577
659,408,397,388,389,580
648,414,383,395,402,581
660,410,395,394,391,583
655,413,393,399,400,581
655,413,393,398,390,581
659,403,397,387,389,584
656,413,393,385,398,576
650,413,390,385,403,581
658,408,397,394,402,574
651,415,388,386,400,580
647,416,384,391,399,581
649,414,394,385,401,581
662,406,400,388,391,584
659,408,396,392,403,579
654,403,392,397,400,583
647,415,383,393,398,583
659,397,399,393,391,572
651,408,389,399,394,583
656,419,394,398,396,581
648,418,385,392,402,579
658,415,396,396,389,573
656,423,395,399,393,580
659,416,399,394,392,576
649,424,388,387,403,578
651,410,385,399,404,581
647,419,383,399,399,581
649,417,386,399,400,582
660,418,400,395,403,575
660,420,396,397,390,579
655,426,396,398,388,579
651,424,390,386,403,579
656,426,384,399,405,583
657,410,397,396,400,582
656,427,392,398,398,573
652,425,396,400,398,574
660,422,400,396,393,576
658,410,399,395,402,576
657,422,398,395,404,582
655,425,397,401,391,577
650,428,389,389,404,584
648,428,396,399,388,579
659,414,399,396,400,581
659,428,398,398,391,580
651,419,386,401,391,574
661,418,400,397,403,578
655,433,396,401,399,574
656,429,396,400,394,586
652,421,384,402,400,583
659,422,400,397,404,584
651,423,386,404,400,584
658,438,396,401,401,573
659,425,398,399,404,579
660,436,399,393,400,582
654,442,395,402,402,577
647,438,384,399,400,581
658,441,400,398,404,577
656,452,396,400,406,575
657,458,399,390,398,577
656,468,399,400,404,577
656,478,395,402,391,576
654,484,397,403,392,582
652,483,391,404,400,586
655,484,395,402,401,586
647,507,388,390,399,586
647,496,391,405,401,588
652,513,394,404,393,583
658,511,399,400,393,586
659,512,401,395,396,586
654,518,396,405,394,584
653,506,394,405,401,589
647,510,391,404,400,587
649,527,385,402,403,588
647,528,387,405,400,588
645,526,394,406,403,582
658,528,400,402,402,590
649,532,386,402,402,588
645,525,398,406,400,589
643,536,386,406,401,585
651,519,400,402,402,587
656,532,401,392,401,587
653,537,396,406,392,582
653,525,401,400,403,590
644,540,387,411,399,588
653,535,401,395,394,584
647,543,386,402,402,586
648,546,385,403,398,587
652,547,399,400,389,587
655,534,399,404,402,579
651,544,397,391,400,589
649,548,400,399,391,590
655,545,394,392,392,583
651,551,399,404,391,585
656,539,390,405,399,587
652,547,401,399,399,589
650,550,399,406,405,589
655,546,398,394,399,588
646,545,389,396,401,587
644,550,388,406,401,587
651,532,402,403,403,580
652,532,403,403,404,584
647,532,398,405,401,591
650,545,399,403,392,586
640,539,393,409,399,591
654,540,399,393,400,590
642,536,395,408,400,591
650,541,388,401,407,591
648,541,399,409,392,586
642,540,386,407,401,588
648,542,399,407,394,586
641,533,402,404,408,583
644,522,399,406,402,580
656,525,400,408,401,590
654,531,404,393,397,591
644,535,404,399,397,592
647,519,403,402,403,584
652,532,402,403,393,591
646,529,388,406,404,586
653,513,404,405,406,584
650,511,399,407,402,591
654,510,401,407,403,590
647,522,389,410,405,592
651,514,400,402,405,588
649,509,398,397,405,592
654,505,400,412,394,589
653,499,403,398,401,591
651,484,396,410,402,591
653,489,398,408,389,585
651,499,401,412,395,584
641,488,389,407,403,590
655,475,400,398,400,592
656,476,403,406,395,588
659,460,406,407,405,581
654,469,399,411,401,591
654,455,401,408,403,580
655,462,403,406,403,582
658,455,405,408,393,590
652,453,405,398,400,590
646,441,391,413,404,591
658,441,408,406,406,584
655,439,405,408,402,581
654,434,403,406,404,590
659,420,405,407,405,590
652,427,406,408,408,583
655,408,404,409,397,593
654,416,406,399,400,591
654,413,407,398,401,591
653,412,403,411,404,591
659,398,409,408,406,587
657,407,405,396,401,590
652,408,401,412,409,588
658,393,408,408,406,588
662,401,408,405,407,583
657,402,406,408,408,586
647,402,393,408,403,590
649,400,396,409,404,593
658,398,409,406,407,581
653,403,402,396,407,588
647,400,393,407,405,590
649,403,398,399,407,588
657,398,407,406,409,581
656,399,406,397,399,588
662,396,408,404,395,589
654,385,406,408,404,591
659,394,409,407,405,582
658,393,410,408,407,582
660,398,406,409,404,589
658,396,404,398,402,588
648,393,403,409,405,580
660,397,411,396,402,590
655,399,406,396,405,592
657,393,410,400,399,592
654,398,406,412,397,582
646,394,395,408,408,582
647,396,395,406,404,587
652,382,408,409,405,592
656,381,407,409,404,593
655,398,408,409,403,581
657,395,408,407,404,588
646,383,406,410,396,586
655,396,411,397,401,588
648,390,398,406,410,586
657,401,409,408,394,588
657,406,411,407,395,589
657,395,406,411,404,592
662,414,413,398,400,591
651,424,406,396,408,589
647,431,397,405,407,591
661,424,411,408,406,591
648,440,397,409,405,590
661,452,413,399,401,590
659,445,413,406,409,584
651,454,402,410,406,592
657,471,407,409,396,591
655,470,408,395,405,590
661,478,412,411,395,583
649,482,397,410,406,591
662,479,413,407,407,589
658,483,409,410,409,588
661,501,411,398,409,589
655,494,398,407,408,587
663,511,414,399,401,589
660,502,413,410,409,590
654,519,412,405,394,583
659,519,402,399,410,590
651,524,398,410,408,584
655,525,409,413,398,585
654,531,411,410,397,590
656,530,405,412,399,589
645,531,398,411,408,592
656,530,409,412,397,586
657,532,414,402,400,593
649,534,397,408,407,592
656,526,410,410,405,582
661,528,403,400,405,588
660,529,411,409,410,583
659,531,407,395,405,590
649,540,398,405,408,591
658,528,412,407,410,579
657,538,409,399,406,593
655,539,412,400,401,593
657,528,413,408,409,593
649,529,411,408,407,591
647,536,407,412,405,579
656,536,405,400,410,589
650,522,411,408,410,587
660,528,410,400,408,590
653,520,412,407,397,592
657,495,410,410,407,594
659,494,412,407,397,591
654,489,408,399,406,587
653,469,403,412,403,594
656,475,408,400,406,583
660,457,413,409,408,589
655,444,411,411,407,596
645,454,398,406,408,591
647,449,404,400,411,589
645,434,398,410,408,592
658,427,413,406,397,592
654,413,410,409,407,582
649,421,399,411,408,592
655,420,413,411,406,586
660,402,409,409,407,592
652,416,412,412,404,584
656,410,411,414,397,588
656,405,412,410,408,583
648,410,406,400,409,591
656,406,411,400,405,591
656,402,414,403,401,592
648,407,404,403,411,584
644,402,399,409,408,592
645,406,402,404,409,590
659,405,412,399,406,588
655,401,415,408,411,584
659,394,415,408,406,581
648,396,402,414,405,592
658,393,411,404,409,590
659,404,415,406,411,583
659,399,415,409,410,588
650,409,409,411,400,586
650,411,404,402,410,590
647,403,401,413,407,593
645,406,399,412,407,589
656,408,412,409,408,584
656,395,410,412,407,594
647,413,402,397,410,590
658,410,409,414,396,590
657,409,408,408,413,593
657,414,401,413,398,587
659,411,398,409,398,593
656,405,390,410,405,592
656,416,390,410,412,583
655,414,387,413,398,586
655,415,385,398,407,590
660,410,388,406,409,586
657,417,380,413,409,586
650,409,370,407,397,591
658,409,378,392,399,590
646,419,362,403,406,587
652,419,374,410,401,581
654,411,381,407,406,586
645,418,370,399,405,588
648,417,372,411,395,584
636,416,363,411,401,587
640,421,372,399,404,590
646,406,378,407,404,584
643,401,374,411,401,590
640,419,374,412,399,580
638,405,367,412,406,589
641,401,372,410,402,591
626,412,363,399,400,581
633,416,372,413,394,582
628,418,372,413,402,579
630,394,369,412,399,587
627,414,373,410,390,582
618,417,363,404,402,583
615,416,360,409,395,588
624,402,374,412,403,583
618,410,371,407,396,572
615,412,371,401,399,585
617,406,373,415,406,578
616,398,374,418,397,582
611,409,376,419,395,584
615,399,376,419,404,585
616,412,375,412,403,583
611,413,376,423,407,573
606,413,363,421,409,573
615,413,376,411,409,582
616,414,372,427,395,579
603,412,363,424,407,581
608,412,375,422,397,578
613,408,378,419,411,576
611,406,379,420,409,576
604,416,374,412,404,580
609,414,380,412,402,580
601,421,369,413,410,578
602,410,365,425,404,580
612,416,378,422,397,579
600,420,367,417,408,578
610,421,377,424,407,573
612,415,378,422,409,573
616,417,375,419,395,579
609,408,367,426,405,582
609,409,372,422,402,583
618,416,380,410,391,582
607,411,365,416,394,582
617,418,372,413,382,579
609,421,375,411,384,574
615,410,376,405,375,578
615,417,380,402,382,581
613,422,374,406,393,581
615,414,379,405,394,576
616,424,374,410,390,574
612,403,363,411,392,585
620,421,376,410,392,575
622,407,375,410,393,588
627,417,382,403,385,583
626,409,382,407,395,583
619,411,371,411,392,587
622,419,378,396,393,584
622,421,379,408,385,580
618,425,368,400,396,582
623,418,377,387,393,585
618,420,366,401,393,584
618,417,368,404,390,585
627,424,377,406,390,578
625,420,381,392,392,586
632,414,376,401,382,584
625,408,374,404,392,587
620,417,367,403,394,586
628,408,377,404,392,586
618,424,368,399,396,584
627,421,377,387,393,581
631,418,380,399,398,577
629,416,383,398,396,579
628,423,378,400,392,575
631,421,378,399,383,583
620,425,375,391,396,582
625,423,376,403,385,581
624,425,371,391,395,581
629,424,377,404,390,573
626,424,373,390,393,580
621,416,368,402,392,584
622,421,366,399,395,581
626,414,371,403,392,581
635,415,384,398,394,577
629,417,377,403,386,575
635,406,383,400,393,579
631,424,379,401,390,570
632,425,378,390,393,580
624,427,367,398,393,578
635,404,385,396,394,575
634,410,377,402,388,579
627,423,380,404,384,573
637,410,384,399,395,574
632,424,378,403,383,569
634,422,381,403,384,570
625,413,369,400,387,574
636,420,382,397,382,573
624,418,368,400,391,571
622,412,373,403,390,571
636,419,384,398,382,568
635,411,384,393,391,562
636,419,381,402,381,566
621,417,370,405,389,569
625,414,370,403,392,568
637,416,383,401,380,569
630,421,379,391,394,568
635,412,387,405,391,571
637,419,384,403,381,567
634,404,380,400,391,567
636,416,380,397,381,570
626,421,379,395,396,568
637,413,387,404,394,563
637,418,381,409,381,565
635,419,381,405,392,559
623,420,379,392,394,567
635,418,382,406,387,563
631,420,375,395,393,567
640,416,389,395,390,571
627,422,374,397,396,570
638,415,387,402,397,564
637,419,382,402,383,568
640,418,387,397,386,572
635,406,381,407,395,573
628,420,375,400,396,571
640,421,383,406,386,568
645,415,387,407,398,567
644,407,384,405,396,578
635,413,374,407,395,578
638,421,386,406,400,569
644,408,385,405,396,580
639,411,378,407,397,580
645,414,391,403,401,575
641,424,386,393,401,579
644,417,392,399,400,576
646,411,394,404,402,584
645,403,392,404,398,582
643,411,392,403,400,584
631,425,379,401,402,584
643,429,391,403,404,574
635,421,385,404,399,588
640,438,392,397,393,577
630,442,380,397,400,585
635,439,389,387,403,585
630,444,380,393,404,583
633,438,379,398,400,586
628,446,393,397,390,584
643,432,394,395,401,587
631,433,387,398,402,588
638,448,392,398,400,576
626,442,381,391,399,585
642,453,397,387,396,588
640,458,392,398,393,580
638,466,392,400,394,579
631,469,390,387,403,585
640,468,395,396,405,576
643,469,395,397,398,587
645,467,397,395,404,577
648,462,397,395,404,585
645,476,394,401,392,580
643,475,395,386,400,587
647,464,393,395,391,585
644,477,394,398,401,577
641,461,389,400,399,587
635,471,381,399,400,585
640,476,388,388,406,583
635,477,386,393,404,583
646,463,391,400,400,585
637,474,381,399,403,583
647,479,395,402,393,582
642,491,392,388,404,584
645,486,399,399,403,584
647,490,390,390,397,587
647,499,398,397,402,577
642,496,389,404,402,586
636,516,383,404,400,588
635,510,384,404,403,585
645,518,395,399,393,584
647,504,396,402,403,589
640,510,389,407,401,588
643,509,393,405,401,587
644,510,396,403,404,588
644,526,398,394,395,587
643,526,387,393,406,585
645,524,392,394,406,585
641,527,393,406,398,580
640,528,399,401,395,588
644,529,400,395,398,589
641,532,395,394,403,587
637,523,400,403,407,587
642,534,395,406,400,579
633,529,403,403,406,586
632,541,390,409,405,589
638,546,398,398,396,587
628,544,387,409,403,589
641,534,398,404,407,580
636,552,396,403,394,583
637,548,386,401,406,586
643,539,394,403,401,579
642,543,396,407,403,578
640,549,389,396,406,585
638,555,397,407,394,585
641,552,396,409,396,583
633,552,385,404,406,588
644,547,402,394,402,590
631,541,392,407,402,591
640,542,398,409,398,583
631,539,388,408,404,588
640,532,396,408,397,582
643,515,392,397,402,578
631,503,388,403,406,588
639,481,395,409,404,589
643,465,399,406,405,592
644,463,402,406,406,590
634,466,387,409,403,588
646,467,401,407,395,589
642,470,398,410,399,581
638,470,397,395,407,590
646,460,391,397,407,588
644,459,397,402,396,586
643,440,400,407,402,590
632,458,387,407,406,590
646,459,402,398,400,591
633,459,387,406,409,589
638,445,399,411,405,592
643,448,404,401,409,586
641,433,397,409,406,592
637,432,394,410,404,592
645,428,402,406,395,590
628,432,388,407,405,588
643,431,400,408,396,586
633,430,390,400,408,588
644,420,402,406,396,588
635,420,398,409,399,581
645,412,404,398,399,593
643,395,398,408,406,589
641,405,398,410,403,580
645,397,404,401,396,592
645,383,404,403,405,587
645,390,401,405,395,589
646,383,401,401,393,590
642,391,402,406,410,580
630,394,390,404,408,588
645,374,399,406,402,591
645,386,404,394,399,589
645,390,401,400,396,588
637,385,396,392,403,588
637,385,390,407,406,591
643,394,399,409,398,584
642,389,404,406,396,588
643,391,401,408,410,579
644,393,399,408,401,582
645,390,401,409,404,580
636,391,390,404,407,587
646,375,400,407,405,591
645,391,401,409,397,584
646,388,403,403,408,579
636,377,396,410,405,590
641,391,399,396,407,588
646,390,402,405,410,577
648,387,407,397,402,588
634,393,390,403,408,586
649,390,405,400,399,589
647,380,406,404,397,587
635,395,393,401,409,587
647,393,403,406,397,582
635,393,390,407,405,588
647,392,401,410,398,583
647,374,401,403,403,591
635,397,394,404,409,587
649,391,405,402,397,589
650,390,406,401,397,586
635,394,390,404,407,586
650,389,405,404,409,582
647,398,402,403,405,588
637,396,390,403,407,586
650,384,406,406,407,589
650,399,405,408,405,587
645,397,403,406,410,580
645,402,401,408,403,579
645,384,400,409,405,589
636,396,391,409,405,587
647,401,402,396,408,587
646,396,399,392,404,588
643,405,403,408,406,580
646,390,401,409,407,589
640,400,393,410,400,589
652,407,406,399,401,590
641,404,393,411,405,589
639,421,394,403,413,587
641,420,400,395,406,588
649,415,409,407,410,583
647,432,402,411,400,583
649,423,407,407,408,587
648,443,401,401,411,577
643,459,392,403,411,587
643,470,404,406,396,586
651,481,406,399,400,591
640,491,397,399,408,588
636,489,393,411,406,591
636,502,394,404,408,588
650,498,406,408,409,581
634,501,393,404,407,589
646,506,405,411,397,585
644,510,403,413,401,583
645,511,404,412,398,584
638,517,392,410,408,589
652,512,408,403,397,589
650,514,405,398,408,590
636,524,395,413,406,590
641,513,407,408,408,589
643,527,408,404,396,590
637,530,391,411,408,590
644,533,408,403,400,592
644,514,410,404,409,584
645,519,410,405,410,586
645,523,405,408,407,581
645,519,408,406,410,586
646,532,394,405,409,588
644,533,395,402,408,587
650,530,405,396,405,591
643,533,407,410,398,586
647,531,400,400,409,590
636,537,394,409,407,589
640,538,407,410,398,585
633,537,401,409,404,590
646,515,409,405,413,585
640,529,405,411,406,592
640,528,410,407,409,594
645,540,406,402,394,589
647,540,411,403,401,591
634,543,397,409,406,591
643,534,405,412,393,585
644,540,407,410,398,586
640,529,409,407,409,589
649,522,408,408,408,581
648,539,409,405,397,590
650,526,412,402,409,588
649,534,411,402,399,591
648,533,407,411,400,583
650,535,406,398,409,588
643,538,396,407,411,589
651,533,412,401,398,590
653,520,410,408,412,579
637,533,398,411,406,590
652,516,403,400,406,585
641,513,408,411,407,591
643,518,398,408,411,588
652,505,413,409,411,586
641,511,402,401,411,588
653,506,414,402,402,592
643,498,402,413,406,593
645,507,401,399,412,588
648,504,411,409,409,579
650,493,408,412,409,591
652,505,413,399,406,590
652,503,414,404,400,590
654,507,399,413,408,590
653,499,413,408,411,590
654,499,412,408,413,584
653,492,413,407,412,587
653,495,414,401,403,592
646,495,404,402,413,588
655,480,414,410,410,588
643,494,404,400,411,588
642,484,399,411,409,589
650,480,409,411,398,585
650,476,409,414,400,585
644,477,406,399,411,588
651,461,411,410,410,582
653,464,410,410,398,588
639,465,398,413,408,591
649,457,410,411,409,594
651,473,410,413,400,588
652,468,411,409,400,591
651,451,411,411,409,589
648,453,406,414,406,592
645,462,410,411,408,582
649,454,414,400,405,592
650,451,407,411,400,586
646,449,410,413,400,585
649,435,412,409,413,586
649,427,410,409,409,590
643,416,405,413,407,590
638,423,405,400,411,590
645,413,412,401,400,591
641,409,407,412,409,580
649,398,411,399,404,592
641,395,409,413,399,586
644,393,412,401,404,590
638,384,398,411,408,590
633,394,398,402,408,588
644,396,406,411,396,581
633,392,400,405,410,586
633,394,401,401,411,587
645,382,411,407,411,584
632,389,397,407,408,589
643,394,408,397,408,589
642,394,412,397,406,590
646,388,412,408,412,584
644,396,410,408,413,580
643,400,408,410,401,584
646,399,408,401,399,587
648,396,410,407,397,588
635,399,398,410,407,590
645,395,414,405,412,584
647,394,414,407,411,583
647,385,413,405,409,588
635,392,399,409,406,588
644,397,409,409,405,579
634,391,397,411,410,589
647,392,412,400,399,590
646,395,410,409,400,585
639,377,402,406,403,590
645,383,414,406,410,585
646,378,410,408,408,590
642,395,409,395,406,589
634,390,398,410,411,585
642,397,408,410,402,580
636,389,397,409,405,590
643,400,407,410,401,583
637,391,402,392,406,589
646,394,411,404,412,582
648,393,410,403,397,590
641,402,407,409,401,579
628,401,397,402,407,587
639,399,405,394,406,589
647,388,413,404,405,586
646,398,412,405,407,581
644,409,409,404,393,587
644,414,408,409,392,585
642,431,405,406,406,589
644,441,405,396,398,591
641,448,403,409,393,582
647,459,408,395,400,582
635,476,395,396,403,588
645,474,403,404,403,581
633,484,392,398,403,588
646,477,406,403,405,583
632,484,391,405,404,590
636,481,392,406,399,591
635,481,394,407,402,592
647,479,405,402,404,589
644,492,403,391,401,591
645,483,404,403,403,591
648,497,406,392,401,590
649,500,405,391,398,591
643,501,403,387,400,589
648,509,406,391,396,591
635,509,391,402,400,590
648,503,405,402,401,591
648,508,408,396,402,584
645,521,406,392,395,591
648,507,406,400,403,588
642,521,391,395,404,589
647,512,406,399,404,587
642,512,404,401,403,589
648,511,407,401,404,588
643,523,402,390,401,590
646,523,403,391,400,592
638,516,405,400,402,595
650,524,404,392,403,592
637,526,391,400,405,589
634,525,399,406,400,594
643,528,404,406,391,587
644,524,396,394,403,590
636,530,392,406,399,592
647,528,396,391,403,588
644,527,405,401,394,588
645,524,403,404,396,584
635,523,401,404,401,593
643,525,409,395,398,592
646,529,408,401,394,591
646,524,404,407,396,584
651,519,407,394,401,592
643,505,407,404,402,593
645,502,406,403,405,580
635,503,395,400,398,591
646,488,405,404,402,590
644,489,407,404,404,582
641,466,407,406,393,585
647,449,412,393,402,590
642,439,403,393,405,590
646,432,405,404,399,581
648,421,411,396,394,591
643,414,408,403,407,583
638,415,400,394,404,588
644,397,406,401,403,591
630,404,395,401,401,591
646,394,407,398,403,583
636,406,395,393,404,589
637,394,400,402,400,593
648,402,405,387,399,590
646,402,407,392,393,592
648,403,407,385,398,591
637,397,395,399,399,593
629,404,390,398,400,590
646,410,405,385,399,590
646,396,398,394,403,588
641,403,398,397,395,581
646,405,403,395,389,591
642,408,399,385,402,588
635,401,391,398,400,594
643,408,400,395,402,581
645,404,401,393,404,583
646,406,402,389,391,590
631,413,387,391,402,588
644,409,399,393,401,579
632,403,383,393,397,587
645,413,399,398,391,583
642,415,398,398,395,580
644,416,398,395,400,581
644,413,396,392,394,579
638,413,399,393,404,581
637,397,393,396,400,592
642,414,397,395,397,582
633,412,390,383,402,587
646,400,395,385,403,584
646,406,401,388,403,584
645,398,399,389,399,592
645,409,396,387,401,583
647,409,399,378,390,592
636,410,384,388,398,590
636,413,388,380,401,589
643,414,395,390,392,582
649,397,395,389,398,592
642,411,397,377,395,589
652,413,400,378,395,590
648,416,397,393,388,586
650,406,401,390,400,583
642,403,393,394,396,592
635,408,386,395,395,590
645,418,394,385,400,587
648,414,400,382,397,587
649,418,400,396,397,579
649,407,391,396,397,586
654,407,404,398,399,584
644,415,391,401,398,587
655,417,406,400,391,585
657,420,405,401,392,586
643,416,393,406,400,585
656,418,406,402,389,581
655,411,407,401,403,577
651,413,400,409,402,582
655,411,406,407,404,583
644,421,396,409,404,585
646,431,400,398,407,582
650,429,405,412,396,581
656,430,409,400,405,586
654,430,406,411,409,576
644,433,395,412,408,584
655,423,410,408,408,583
653,436,406,411,405,575
643,432,395,414,405,584
654,431,409,409,411,575
653,426,399,410,408,582
654,436,408,412,396,582
646,439,398,403,410,581
652,437,408,412,408,575
655,425,408,413,404,573
658,429,412,411,411,578
652,437,408,414,404,574
652,432,410,411,411,576
657,432,408,413,397,579
642,436,397,409,411,580
647,429,400,417,407,584
649,429,398,418,405,583
655,431,411,414,411,577
644,428,400,419,406,584
654,436,409,419,398,575
658,431,413,406,402,583
641,435,398,419,396,573
652,431,412,406,404,583
645,428,400,411,403,579
655,430,410,404,403,582
657,429,411,409,399,585
655,430,409,419,394,575
643,428,398,419,403,583
652,418,406,420,403,584
648,417,405,420,401,585
656,418,413,415,404,581
647,415,412,420,394,574
655,415,414,417,402,580
654,427,413,417,392,582
659,425,413,408,394,583
652,428,408,419,395,576
655,423,412,414,392,583
644,428,400,413,401,581
647,426,402,407,406,583
647,429,399,408,405,580
649,421,406,416,400,586
649,416,406,419,401,583
656,426,411,411,393,583
641,427,396,415,401,582
651,427,407,419,392,580
657,427,407,416,398,582
654,427,410,413,390,582
642,427,397,414,402,584
651,429,405,418,394,577
654,413,407,416,399,585
648,433,398,402,404,579
654,415,410,409,401,577
654,414,407,415,399,584
643,432,397,408,403,584
643,432,395,409,399,584
650,417,402,415,398,587
652,427,408,401,398,585
654,428,405,412,404,575
653,428,407,412,404,576
644,426,392,414,401,584
657,422,408,407,391,586
654,430,402,413,389,579
652,431,404,411,402,577
645,422,393,411,399,586
649,414,399,412,399,588
639,430,392,408,404,585
646,430,399,402,404,584
644,429,397,403,403,586
643,429,391,404,403,586
653,421,400,412,388,579
655,414,407,406,403,583
639,419,392,408,400,588
652,423,407,395,396,585
653,426,403,408,393,581
644,422,390,402,403,587
654,427,405,403,405,579
651,418,405,402,404,581
643,427,394,403,402,587
655,416,403,391,394,586
654,409,404,401,401,589
653,422,404,389,401,588
641,427,391,393,405,585
651,422,401,401,392,586
647,423,404,398,401,579
647,426,401,387,407,588
652,418,407,383,394,589
653,419,407,387,399,589
647,416,405,388,396,589
652,407,404,398,403,589
652,418,406,388,399,588
647,414,391,399,401,589
652,415,406,396,406,580
642,423,397,387,408,586
652,420,405,386,401,587
650,419,403,395,405,583
647,420,402,399,397,582
647,419,400,397,400,581
651,413,404,394,396,588
650,400,407,394,406,586
640,415,396,386,405,585
640,403,397,399,403,589
646,398,404,395,407,587
648,401,406,394,409,586
648,409,406,388,397,588
646,414,404,398,396,584
645,414,403,401,393,586
647,410,403,397,396,585
646,410,406,387,404,589
646,412,407,383,403,589
649,409,403,389,398,588
645,415,401,399,405,579
633,409,390,391,408,585
647,410,407,394,410,580
643,409,406,397,407,579
646,403,407,394,408,582
647,405,407,394,410,582
641,412,406,385,405,587
642,416,403,397,402,578
643,399,402,395,409,581
643,413,405,400,398,583
634,415,397,387,409,585
647,412,408,395,396,587
643,415,404,399,396,584
646,411,407,395,410,578
641,416,401,385,410,585
645,402,409,397,409,585
646,412,408,390,397,587
642,420,403,399,403,579
645,415,407,385,406,587
644,417,403,401,400,582
641,397,400,395,404,590
644,416,406,397,397,583
643,401,404,397,406,588
648,405,409,395,412,582
644,403,401,400,408,590
640,418,401,380,408,585
640,417,405,401,398,582
646,418,404,399,400,588
637,405,400,399,404,590
645,418,404,393,398,586
634,408,394,400,406,589
638,417,399,387,410,587
636,405,399,401,405,590
649,405,408,395,411,583
643,404,400,399,406,590
639,418,399,386,409,584
642,403,400,400,405,590
644,410,399,386,403,585
648,402,406,398,408,589
642,408,402,401,407,588
643,421,403,399,400,583
646,407,404,398,407,590
647,425,407,396,397,588
642,430,403,400,403,579
646,442,405,398,399,585
645,447,402,399,403,579
635,449,392,400,409,588
647,456,406,401,397,585
649,464,405,390,410,587
636,480,396,390,409,585
646,483,403,401,400,584
652,489,406,396,398,590
646,500,405,400,406,581
643,497,407,396,409,584
646,499,400,398,406,591
648,506,407,393,393,588
645,522,404,400,396,588
649,522,400,389,407,586
644,525,401,402,402,581
649,525,393,393,412,588
644,528,405,396,399,590
646,528,406,391,398,590
646,519,407,398,409,586
651,529,405,387,407,590
641,533,391,397,408,588
637,535,392,401,405,589
635,535,391,403,397,592
646,532,401,398,409,589
640,520,407,396,410,588
648,527,405,400,405,585
637,536,398,390,409,590
638,536,391,400,407,594
649,532,393,402,405,591
635,539,394,402,408,593
650,523,405,397,410,583
649,532,395,392,410,590
649,532,400,388,408,590
641,526,405,398,408,588
647,535,402,403,399,583
646,516,409,399,410,585
647,538,406,399,398,590
649,523,406,399,411,583
636,541,393,403,405,590
646,523,406,399,410,581
639,533,400,403,408,594
651,522,407,403,411,583
651,527,403,402,407,581
643,536,392,398,409,588
644,521,408,402,411,589
647,521,405,400,411,583
649,517,407,401,409,583
649,534,404,391,399,592
648,531,407,397,397,590
645,531,392,402,407,590
646,517,407,401,412,591
650,526,398,397,413,589
643,518,408,403,409,591
647,530,410,400,399,587
647,526,397,395,411,582
640,524,403,402,408,592
650,525,409,399,398,590
653,520,407,393,407,591
652,518,404,404,405,581
642,526,394,401,409,590
649,527,408,399,400,591
647,511,403,406,406,592
654,522,410,390,408,590
650,512,403,404,406,593
650,525,405,407,401,584
648,523,408,405,396,587
654,505,409,400,412,581
649,509,405,404,406,583
655,486,410,402,409,591
649,494,405,392,407,591
651,472,405,401,407,589
643,482,398,394,414,587
650,474,405,406,400,585
646,458,400,405,408,592
649,451,403,403,405,579
651,434,407,402,407,590
650,438,402,406,402,580
651,444,403,404,402,582
652,427,406,403,396,587
653,417,410,402,408,587
651,415,408,405,411,591
654,416,410,397,396,591
642,427,395,399,411,589
635,419,396,401,411,591
651,418,409,402,413,584
651,424,403,400,410,581
654,410,409,401,408,582
640,425,398,399,411,589
655,420,408,401,399,588
655,414,411,397,400,593
652,403,411,403,412,590
653,413,406,391,405,591
655,412,408,392,407,589
641,413,394,397,411,590
655,410,411,399,400,591
649,412,406,404,408,590
641,406,411,402,411,581
652,402,406,391,405,587
653,404,411,400,412,585
652,407,409,401,398,589
654,407,411,391,405,591
640,408,397,398,409,588
649,407,406,404,404,582
657,402,412,401,412,584
651,411,406,403,406,580
652,405,409,400,411,583
654,395,409,402,409,591
652,412,408,404,401,584
642,411,399,390,412,587
650,403,411,401,412,582
649,397,411,401,409,591
655,408,412,400,398,591
645,413,402,393,410,589
649,414,409,398,398,585
644,414,407,402,403,583
653,411,408,397,400,590
644,399,402,403,407,591
641,406,395,394,407,589
652,409,408,405,397,586
641,410,396,398,410,589
647,411,405,389,410,588
650,414,403,402,405,579
650,412,407,399,400,585
654,404,407,391,400,590
651,411,407,402,408,581
652,411,407,388,409,591
653,410,409,395,400,589
651,406,410,399,413,584
642,407,397,403,408,591
655,400,410,397,409,587
654,403,408,400,410,586
649,400,401,402,407,593
654,409,410,398,413,583
643,415,397,395,410,587
649,415,405,390,409,590
652,414,410,393,405,591
651,409,413,404,410,585
655,415,413,394,404,591
650,418,407,403,411,581
654,408,411,402,411,584
653,413,411,397,401,593
644,418,402,396,412,588
653,411,413,402,412,586
653,392,411,402,411,588
640,415,399,402,413,590
643,412,399,410,410,592
648,421,408,407,404,583
649,406,405,408,408,591
642,414,398,406,409,590
651,419,414,396,406,591
650,421,407,408,407,582
648,408,406,409,408,592
643,419,390,408,411,587
655,419,399,408,399,588
655,420,403,410,400,585
656,413,398,412,409,578
654,411,407,408,412,586
644,418,392,413,408,588
658,413,406,412,412,588
651,430,398,402,411,585
655,425,407,412,414,577
645,418,401,418,407,588
657,423,407,412,411,580
659,427,408,403,404,588
659,429,405,404,403,587
655,430,404,417,397,582
659,429,408,406,398,588
659,430,404,403,402,589
656,431,405,403,404,587
655,436,402,412,410,574
654,437,404,417,401,578
657,426,405,414,390,584
660,430,406,405,398,586
646,442,398,406,409,585
647,448,391,407,408,581
655,451,401,415,406,578
660,434,406,411,407,584
648,450,398,404,410,585
656,431,407,405,406,584
655,452,405,416,397,582
655,451,401,408,405,578
659,442,403,406,406,585
657,448,401,407,407,580
652,455,399,411,395,583
660,439,405,407,403,588
659,454,403,406,393,587
645,452,381,406,403,587
656,456,397,411,395,584
654,457,394,411,396,582
656,441,397,409,402,578
645,448,395,408,404,588
652,444,398,411,402,589
655,454,406,398,406,586
656,438,411,407,401,585
656,451,408,411,400,579
646,441,397,409,403,588
658,442,408,406,389,585
659,439,411,407,395,588
649,426,397,405,399,590
657,435,410,407,404,580
657,431,408,411,394,587
654,431,408,409,405,581
642,432,397,405,407,587
662,425,411,410,393,587
661,416,411,405,408,585
653,426,404,398,408,588
657,423,411,397,402,588
653,411,401,411,403,590
656,425,408,408,398,583
653,410,403,410,403,588
647,424,396,403,408,589
658,420,409,407,395,588
657,424,406,408,396,582
647,416,392,405,404,584
647,422,396,405,407,587
652,406,401,409,397,591
653,414,402,408,404,591
657,427,404,394,404,589
654,423,403,409,400,578
658,428,407,410,395,583
658,418,412,404,407,587
649,432,398,402,408,591
648,426,395,400,404,585
659,430,412,400,397,589
662,419,412,403,406,588
657,430,410,406,406,580
663,433,406,392,400,587
659,422,408,405,406,591
651,435,401,394,407,588
656,437,406,408,396,582
655,437,408,406,402,579
648,437,398,399,406,586
655,421,403,408,401,592
648,436,395,405,406,589
660,428,406,407,394,589
663,436,411,402,394,589
659,428,409,403,407,589
647,440,395,405,404,588
658,446,408,401,405,579
660,444,412,398,395,590
658,433,404,407,405,590
659,438,397,402,404,588
649,449,395,402,403,587
659,453,407,403,408,581
653,458,402,392,408,587
650,451,394,405,405,590
650,440,404,403,401,591
661,451,404,391,401,591
649,447,393,399,405,589
662,446,407,395,397,593
648,442,392,404,403,590
653,427,398,403,403,592
649,438,398,391,406,588
658,429,408,391,399,591
655,412,406,399,405,592
654,426,406,401,404,578
656,417,406,398,407,578
647,421,390,395,408,587
650,419,399,389,409,588
654,419,399,400,400,577
654,418,403,398,401,580
645,414,391,399,404,588
656,408,407,398,409,581
655,401,403,400,404,590
656,403,405,400,403,590
648,419,402,400,401,579
652,417,400,386,407,585
658,409,410,397,406,582
656,400,407,398,407,586
653,414,406,387,407,587
659,399,406,396,409,581
646,411,392,400,405,587
659,400,407,399,407,587
656,412,404,402,396,583
645,405,394,403,404,589
644,404,393,399,403,589
656,397,406,400,403,589
653,412,406,399,405,579
657,411,405,404,396,585
644,411,394,397,407,587
646,403,393,403,402,590
659,405,407,394,395,590
660,408,408,397,395,589
657,413,395,398,404,590
660,408,407,390,399,590
651,411,402,388,407,588
644,410,394,401,406,589
658,400,408,398,407,583
654,417,404,403,403,579
655,416,406,389,407,585
650,421,399,391,408,588
648,432,399,388,407,587
647,424,399,402,404,592
655,442,401,393,396,588
639,441,393,401,403,590
652,457,401,389,409,585
659,450,407,398,408,588
661,472,405,390,402,590
658,484,404,389,398,588
644,498,393,397,407,589
655,491,403,400,406,590
646,508,393,402,405,590
655,514,401,405,399,583
644,516,405,392,401,592
657,506,402,400,405,580
659,506,406,399,406,590
657,508,401,401,404,591
654,523,398,405,399,581
644,527,396,404,403,594
657,516,402,402,404,581
648,522,401,400,406,591
656,530,403,393,401,591
655,526,400,404,403,581
645,531,392,406,404,592
651,538,389,400,405,590
652,533,391,400,407,589
647,536,403,396,396,591
647,540,401,407,397,589
653,537,403,397,396,594
642,530,395,406,405,593
653,538,403,394,399,594
655,536,401,394,405,590
649,542,386,400,407,590
645,529,402,400,408,591
652,537,400,396,398,591
654,548,402,393,401,594
651,549,402,394,403,595
640,552,391,407,405,594
652,557,400,399,393,591
640,560,396,404,408,596
649,568,390,399,410,592
649,567,400,406,403,587
648,571,391,400,407,594
650,559,408,403,410,593
651,559,397,408,404,595
655,566,406,405,409,584
650,576,404,409,401,589
642,573,397,409,407,596
656,567,406,410,405,584
651,570,412,401,399,595
653,570,412,397,404,594
654,552,413,407,413,587
645,562,397,412,409,592
647,558,411,409,399,591
648,540,411,410,410,593
645,549,399,410,412,591
657,532,413,412,415,583
644,537,411,413,410,593
654,530,410,414,406,583
653,534,410,416,404,585
652,529,414,414,401,589
652,529,413,410,403,590
652,523,416,406,404,594
642,513,404,417,412,594
656,507,416,407,407,593
650,492,409,417,411,592
651,501,413,419,410,583
650,494,412,403,414,591
655,488,417,417,403,591
654,484,418,406,411,590
658,467,420,415,414,591
654,477,415,403,412,591
656,465,420,416,416,590
646,475,411,408,415,589
643,473,406,412,417,588
655,453,417,417,414,591
643,467,404,416,415,589
641,464,404,415,415,589
655,457,419,417,403,588
655,443,422,414,416,587
657,446,421,412,397,591
654,447,414,416,409,581
649,439,419,413,411,583
649,439,414,413,411,581
659,419,418,410,410,591
657,427,418,405,401,592
655,422,415,414,396,588
650,422,409,399,409,589
659,417,417,400,402,592
657,416,413,405,395,591
658,401,411,405,407,592
647,415,400,402,409,589
654,399,410,406,408,590
657,398,411,404,408,589
651,415,404,405,408,586
644,413,396,403,408,592
656,411,410,403,409,583
651,404,403,407,406,594
655,414,409,393,405,592
653,400,406,408,405,594
656,413,411,394,402,593
659,413,411,401,397,594
653,402,403,404,405,593
656,408,408,402,408,586
656,404,408,402,405,590
656,409,406,396,406,585
657,411,410,392,396,593
647,420,396,396,408,590
647,414,399,391,408,591
655,405,409,400,408,591
656,411,408,400,407,583
643,416,394,402,405,591
646,414,396,404,406,593
659,414,410,397,396,592
659,412,410,399,408,585
644,415,393,399,405,590
658,404,411,400,407,589
656,413,410,400,408,582
655,403,407,403,404,594
644,422,394,398,408,590
658,416,410,395,401,593
644,419,393,399,407,590
648,412,394,403,403,593
652,420,404,401,405,582
658,406,407,397,407,590
658,409,408,397,407,588
658,407,407,399,407,590
647,421,396,394,405,589
645,415,394,402,404,592
654,420,408,390,404,592
647,411,395,402,403,593
649,424,398,390,407,589
645,414,393,404,404,593
654,420,404,400,403,584
649,421,397,389,407,590
650,423,400,390,408,589
645,428,393,396,407,591
656,411,407,397,408,589
654,426,400,396,404,578
642,422,390,401,405,590
650,411,398,403,403,593
661,423,404,388,402,591
650,411,399,401,404,593
652,413,399,403,403,593
644,417,393,402,404,593
650,424,398,389,406,589
645,423,389,398,407,590
654,417,406,400,397,591
647,414,393,395,408,590
653,407,403,387,404,591
648,400,394,404,405,592
652,409,400,388,407,589
646,398,394,399,403,593
657,403,404,394,408,580
652,400,398,388,408,589
654,404,404,397,403,581
654,406,402,399,396,585
648,407,403,399,401,582
651,393,397,399,406,591
652,397,401,386,401,585
655,398,405,395,405,582
656,404,407,387,400,591
644,399,395,399,394,590
655,396,390,397,404,591
654,407,407,389,398,590
654,410,407,384,403,590
653,397,399,393,405,588
654,411,403,393,397,585
654,408,405,391,394,588
654,398,403,392,405,590
652,411,402,391,394,585
649,415,400,395,399,578
656,407,406,384,393,590
656,408,406,380,399,591
654,404,408,388,408,584
644,415,395,382,408,587
656,403,405,387,408,583
652,414,401,393,398,580
649,404,393,379,402,585
649,414,401,379,408,587
639,413,389,388,404,588
645,396,392,390,399,589
649,408,403,396,395,583
653,409,403,396,402,580
655,397,399,398,403,590
657,409,402,399,394,582
658,405,405,398,395,586
661,392,408,397,406,586
662,395,410,387,392,590
660,404,406,399,392,585
662,392,409,400,409,586
661,405,406,391,403,588
655,390,397,403,407,588
648,400,391,403,405,587
649,397,391,400,404,587
651,408,395,398,411,585
654,394,397,409,407,589
660,402,408,404,399,587
657,405,406,409,410,579
661,397,411,406,411,580
661,384,404,409,409,589
659,391,409,408,414,582
651,397,394,413,410,590
650,400,393,402,410,582
658,404,405,409,399,586
651,409,405,414,404,579
648,408,392,412,413,586
656,410,401,416,404,581
660,392,411,412,415,585
662,402,411,408,406,589
661,397,413,402,411,590
656,408,410,415,420,590
656,406,414,419,418,590
660,401,417,417,421,582
654,406,415,420,418,580
655,401,418,417,423,583
648,406,413,421,418,582
657,387,420,415,419,585
654,403,419,412,417,592
651,400,417,421,425,586
637,403,403,421,424,590
644,407,409,412,427,590
646,394,411,423,423,592
640,413,406,421,427,588
649,397,414,425,424,591
644,408,416,424,415,589
649,405,416,422,414,587
644,407,411,424,423,579
650,413,413,423,411,585
647,395,409,423,417,585
646,412,411,425,405,579
640,403,404,407,412,576
645,396,410,416,407,577
634,398,401,421,403,579
640,410,402,406,407,575
641,412,403,416,394,574
642,412,400,415,402,568
642,411,399,414,397,570
647,396,402,406,404,575
632,409,395,412,399,578
637,411,396,414,392,572
630,411,384,407,401,576
639,410,393,410,389,572
643,398,397,407,400,574
635,414,387,398,399,577
633,409,380,397,398,574
641,400,394,406,397,576
627,416,377,407,394,578
639,416,388,410,391,575
635,403,382,407,397,581
640,420,388,405,398,572
641,422,386,405,390,574
646,418,391,393,393,582
636,411,377,404,398,581
634,417,373,402,399,579
643,424,384,404,394,573
646,421,384,387,402,581
646,421,383,401,402,572
650,422,387,397,394,574
646,421,382,388,403,582
648,427,380,402,400,574
648,425,380,399,401,573
651,423,384,390,398,582
637,423,367,399,403,583
635,424,367,398,403,583
645,428,378,402,397,576
648,427,377,386,403,583
631,429,367,393,406,581
646,426,380,400,393,582
642,424,381,387,401,584
633,430,369,396,408,582
644,421,380,398,408,577
634,431,371,389,409,582
632,418,367,402,402,583
632,429,368,395,406,582
643,426,379,388,404,583
632,422,368,403,403,585
642,412,382,399,404,585
639,414,375,402,405,585
632,413,377,404,402,588
645,424,383,401,409,576
645,411,382,402,407,584
645,419,388,401,410,578
636,414,375,407,403,587
646,419,387,405,396,586
643,416,389,405,411,578
641,414,391,404,408,578
635,423,385,398,411,583
642,419,380,413,406,587
637,414,396,410,412,579
638,409,394,403,400,585
629,415,395,410,410,576
630,421,398,417,407,576
629,420,400,416,403,583
616,414,391,417,413,585
629,419,404,413,412,583
615,408,399,422,413,586
615,423,404,423,414,577
621,417,404,420,403,584
621,408,405,419,417,580
607,416,389,416,414,584
615,419,394,411,414,580
621,423,404,415,410,585
606,429,387,420,417,583
616,428,393,425,413,576
612,427,392,429,408,578
613,426,390,427,407,578
611,431,388,425,415,574
609,409,388,425,414,584
602,426,383,415,418,581
605,430,386,427,415,575
607,425,389,425,420,574
596,425,376,427,413,583
606,426,384,427,405,576
609,427,393,415,413,587
611,423,394,423,421,581
608,428,396,425,420,579
607,428,392,427,418,576
611,427,394,421,411,584
604,434,386,415,420,583
612,430,394,420,408,587
612,430,396,413,412,586
611,421,392,426,418,585
614,433,396,425,406,584
607,416,385,428,415,588
617,421,398,425,419,585
622,433,401,421,408,587
616,441,392,413,422,586
627,430,400,419,421,585
625,432,401,420,422,580
623,443,396,426,410,582
625,441,400,422,409,587
629,439,400,420,409,588
630,445,403,411,420,581
633,423,400,422,419,585
632,442,398,427,411,587
630,427,399,421,417,592
634,431,403,422,422,592
622,446,389,424,424,592
637,439,402,421,425,590
630,456,393,412,425,593
639,459,400,424,412,592
636,466,393,409,427,593
635,471,394,424,424,596
631,468,388,422,424,596
642,474,400,419,430,586
639,475,401,420,430,586
646,478,402,410,424,596
632,483,390,413,431,594
638,489,400,411,433,594
637,491,399,425,428,587
640,481,400,419,431,596
629,497,388,417,433,594
641,492,401,419,433,598
639,501,397,418,429,598
642,505,403,417,431,596
644,510,403,417,432,596
643,530,403,414,432,593
642,524,402,404,428,596
638,536,404,414,421,593
643,536,406,404,427,595
640,541,408,410,421,595
644,535,403,416,429,585
628,540,399,418,431,597
645,542,400,403,430,594
642,545,407,406,427,595
630,540,402,419,428,596
634,534,402,420,431,598
640,543,401,408,435,593
643,530,412,415,434,591
644,541,405,411,435,594
641,541,416,411,426,597
639,543,405,415,433,594
638,545,417,417,424,594
642,530,417,421,436,588
640,539,410,411,435,593
643,531,416,422,433,585
629,540,407,425,430,597
642,541,424,417,425,598
639,542,419,425,422,590
642,536,419,424,426,587
647,538,416,415,434,593
631,541,411,427,431,596
640,540,426,422,422,596
639,535,425,423,418,594
642,538,427,416,431,597
645,528,424,425,437,588
636,538,424,429,422,592
643,530,426,428,435,586
635,535,412,431,434,595
631,527,419,433,432,597
630,523,424,435,436,597
643,518,425,440,432,585
643,520,424,424,434,596
636,514,415,438,437,593
641,511,426,442,436,585
643,495,432,439,439,592
644,492,431,439,439,591
632,489,418,441,433,595
640,488,427,444,439,582
641,491,431,439,430,593
630,496,428,435,440,592
620,495,415,443,445,591
625,495,432,437,439,593
615,493,417,452,443,592
624,490,432,445,442,586
617,503,430,450,438,583
610,503,424,437,443,589
618,489,428,446,440,591
603,506,413,446,442,588
603,493,414,451,437,590
609,504,420,450,435,581
601,494,409,452,435,592
607,493,423,448,442,584
602,483,401,452,431,590
608,493,415,442,429,591
595,493,396,448,438,589
592,493,395,444,437,587
604,489,410,437,432,590
592,474,393,450,436,590
592,483,393,450,435,590
603,477,409,443,437,587
598,486,407,446,439,581
598,487,407,448,424,587
594,487,409,438,431,589
594,478,403,450,433,590
603,481,411,443,429,590
600,482,414,441,429,591
603,484,414,437,428,590
596,483,413,448,438,580
600,482,415,446,425,588
591,487,408,439,437,588
597,471,407,451,434,589
596,489,405,436,438,584
603,473,417,447,436,589
596,486,408,436,435,587
598,485,409,445,431,577
601,479,412,446,419,585
604,469,414,446,431,592
596,483,409,430,427,587
608,465,412,444,424,590
604,485,410,448,416,583
609,472,411,438,425,588
608,486,401,426,419,590
609,482,393,422,421,587
611,480,392,420,416,590
611,479,395,419,408,591
609,482,388,428,401,587
614,473,387,422,411,581
615,472,382,425,412,586
603,469,365,417,401,591
617,468,378,418,390,587
617,473,375,416,392,583
610,472,367,406,401,587
605,473,363,406,399,588
612,469,364,410,397,590
618,478,374,409,389,583
624,476,376,403,385,589
620,477,372,406,388,585
621,474,374,403,400,581
624,463,374,401,397,589
620,479,372,405,391,584
619,466,366,406,396,592
627,476,377,392,399,583
614,469,364,404,397,590
619,464,371,404,398,592
612,476,362,402,397,589
625,464,376,401,401,592
621,479,373,406,398,582
624,474,377,398,390,591
627,474,376,407,391,587
619,465,370,406,399,593
613,475,363,404,399,589
627,465,380,402,402,588
624,477,376,394,400,590
622,463,373,407,398,591
625,477,379,403,391,589
614,473,366,409,400,591
622,475,380,404,404,582
627,474,381,399,394,592
623,464,376,407,400,591
616,478,368,401,403,592
618,480,372,396,405,587
626,476,381,403,390,589
625,476,379,404,406,580
621,478,378,405,390,588
611,475,368,401,403,589
621,462,377,404,398,588
625,475,382,400,391,590
624,476,379,395,399,590
624,467,383,404,403,581
621,468,383,403,400,581
626,473,385,397,393,588
627,473,383,394,394,589
624,468,382,402,400,583
622,462,375,405,397,589
623,472,383,407,388,586
614,467,368,407,398,586
627,472,382,404,390,585
627,471,381,401,392,586
626,472,381,405,388,584
615,465,368,408,397,587
619,476,375,395,402,582
628,468,385,397,394,585
621,459,377,408,398,587
622,464,379,391,396,582
627,468,384,395,398,582
620,463,382,406,400,573
615,461,369,407,398,583
618,450,373,412,398,584
620,459,382,409,398,574
614,463,370,402,401,581
619,462,376,396,402,581
625,456,384,403,388,582
628,457,386,405,400,576
616,461,374,397,399,580
627,458,386,399,393,581
612,456,371,406,399,580
619,447,375,412,397,583
624,462,382,412,393,572
626,459,384,408,388,576
628,453,387,408,401,573
628,449,388,408,397,575
626,458,386,398,395,582
621,462,382,411,400,570
624,462,382,412,389,576
623,448,381,412,398,585
624,461,381,410,399,572
623,460,380,412,395,571
616,464,373,405,403,580
623,460,381,415,389,577
623,459,379,412,399,572
622,462,379,415,396,571
613,458,372,405,404,578
623,453,385,410,391,581
624,457,382,397,401,579
613,450,371,416,400,584
615,460,380,413,400,573
616,457,376,402,404,580
622,442,380,411,402,583
619,452,382,409,392,583
621,440,382,410,403,580
609,453,377,403,403,582
612,455,375,414,397,577
613,453,378,409,394,583
604,456,366,404,405,581
600,457,369,401,406,579
606,440,368,414,401,583
605,447,375,411,405,576
594,457,366,401,406,580
606,442,377,412,404,578
598,455,365,404,405,580
600,444,368,418,400,583
596,454,362,413,403,581
605,457,375,418,394,581
604,459,374,418,395,580
594,455,361,417,405,583
610,456,380,406,399,584
610,458,382,407,397,584
594,462,371,406,407,582
600,454,369,418,404,584
611,463,380,417,401,577
613,456,385,415,410,572
614,463,382,416,401,576
606,461,372,409,408,584
605,456,373,417,405,586
619,448,390,413,409,585
611,460,378,408,410,584
618,460,379,414,396,584
609,457,374,412,408,585
616,457,379,406,409,584
628,457,394,405,402,587
622,459,384,405,409,587
626,460,382,404,409,584
628,444,381,416,406,591
635,446,390,412,410,587
621,454,390,410,409,581
635,457,389,410,397,585
636,459,392,401,407,588
627,455,376,413,406,590
636,459,387,412,410,578
629,451,377,413,408,590
642,448,387,405,396,586
638,455,388,410,413,580
642,451,394,406,403,591
642,448,393,408,402,589
632,444,378,407,414,589
640,443,390,406,411,583
641,446,378,397,414,591
640,435,380,409,416,596
641,432,379,408,416,594
630,441,369,405,417,591
639,428,379,403,417,593
638,441,382,403,415,591
640,438,381,391,420,592
640,434,391,390,419,585
634,422,383,401,422,594
642,417,392,397,426,590
628,430,377,399,426,590
626,430,377,396,427,590
640,426,393,394,414,593
632,429,389,396,422,583
634,424,391,379,424,591
632,428,392,382,420,591
635,428,393,394,410,590
625,425,380,391,419,592
635,428,391,390,409,589
635,417,392,391,416,595
632,429,390,392,415,583
634,426,392,390,415,594
632,417,390,395,414,594
633,427,392,394,417,582
632,426,393,390,417,584
623,432,381,386,419,589
622,431,382,386,418,589
620,426,393,383,406,591
632,415,390,394,412,594
635,427,393,394,402,587
637,431,390,393,402,586
640,424,397,382,406,590
627,414,383,386,411,586
623,429,384,387,410,589
631,422,395,391,407,580
636,412,394,389,407,591
623,412,396,390,406,588
638,423,396,378,400,591
635,415,391,379,400,588
633,426,392,391,395,587
620,418,377,393,405,589
629,424,393,388,395,587
620,426,378,385,404,590
629,426,375,393,395,584
633,422,377,380,397,588
621,425,369,380,408,585
633,423,393,378,403,586
629,423,391,391,400,582
627,415,376,390,404,588
625,420,388,381,409,585
631,403,393,390,406,588
618,415,380,387,407,586
628,414,390,379,408,587
623,414,387,379,408,588
631,407,392,391,408,579
631,412,393,392,394,588
627,407,392,380,404,587
628,412,385,393,398,580
632,397,390,390,404,588
633,408,395,382,397,588
630,409,393,386,393,584
631,408,395,377,400,588
626,413,392,391,397,578
629,407,393,387,393,585
626,410,389,390,401,589
622,411,380,383,404,583
633,405,394,386,403,577
631,405,393,384,405,578
623,401,380,392,397,586
629,412,395,378,396,585
627,417,390,391,394,578
633,406,396,386,401,578
630,418,392,392,399,576
632,419,391,390,399,574
634,417,398,377,397,584
632,413,391,388,395,572
630,411,381,386,389,585
631,431,393,393,397,578
630,429,394,395,394,578
622,429,385,390,405,583
635,429,398,390,394,584
627,420,386,397,401,586
636,429,397,396,394,583
633,437,395,397,402,576
632,426,399,393,406,578
634,437,398,397,397,579
632,434,395,382,405,584
633,438,397,398,397,580
638,432,401,389,399,588
635,423,396,397,408,583
625,432,386,397,405,586
640,446,401,388,403,586
638,435,398,397,407,585
637,445,399,397,397,585
636,438,396,400,409,585
638,446,400,397,409,579
637,439,397,400,407,588
635,450,398,401,407,577
637,438,397,403,405,587
639,452,397,408,402,578
637,453,387,407,404,586
636,435,396,402,401,588
638,455,398,407,404,577
637,455,399,394,405,586
640,453,397,396,407,585
641,437,404,404,407,588
639,455,400,409,408,590
644,446,404,405,408,585
641,467,402,408,400,580
642,461,405,404,408,579
643,460,405,401,410,583
641,476,405,405,408,580
643,473,406,404,410,580
644,465,403,409,405,589
641,486,404,410,396,582
631,485,392,406,406,585
646,478,408,406,408,584
644,491,408,407,410,581
640,501,403,411,398,582
644,501,410,408,409,578
647,504,411,404,410,586
644,511,408,409,406,576
635,501,398,411,406,585
649,511,411,407,408,576
648,513,411,407,410,577
651,510,410,397,404,587
651,513,408,409,397,583
649,514,408,405,398,584
649,496,412,407,409,582
656,500,394,411,405,585
651,499,401,400,403,585
656,486,401,412,406,587
652,486,409,410,409,582
653,495,411,410,396,584
659,491,417,405,402,587
658,487,415,414,403,576
655,491,415,415,410,575
657,495,418,413,399,579
655,496,412,405,409,582
656,493,416,409,395,585
657,493,400,417,407,583
645,494,401,415,409,584
656,493,415,405,406,575
660,491,411,405,396,582
653,485,410,415,408,573
653,481,410,419,405,572
653,469,406,416,402,582
649,480,406,406,395,583
652,478,404,411,393,583
646,472,395,417,405,579
646,466,401,416,403,577
644,476,398,414,389,581
645,476,397,408,397,581
632,479,381,405,398,582
644,475,394,417,391,581
637,471,388,403,400,580
643,475,390,420,393,579
635,480,387,417,393,574
641,476,390,417,390,581
641,479,386,419,394,577
642,470,390,409,402,580
637,463,391,415,402,583
631,477,373,414,400,583
637,479,381,417,391,578
625,478,369,407,401,582
622,477,376,402,404,579
634,461,382,412,397,584
629,462,380,413,400,585
631,461,383,408,402,579
625,476,378,409,401,573
627,468,384,405,402,579
622,475,381,398,396,583
623,470,381,406,390,581
613,474,371,403,403,580
621,475,381,408,395,574
613,469,371,405,402,581
628,469,384,407,390,584
626,468,384,402,400,577
626,463,381,406,400,582
625,466,385,403,403,583
622,465,383,408,400,584
627,477,384,406,402,575
628,471,386,398,399,585
616,487,370,406,400,582
622,492,377,398,402,581
615,496,375,399,404,582
626,482,380,406,398,584
624,499,374,394,401,581
631,485,387,404,400,581
616,493,374,409,400,584
630,490,388,406,402,582
629,505,382,408,391,580
632,495,387,405,403,581
627,510,386,408,402,574
629,504,390,403,404,578
631,513,388,409,390,582
623,512,376,404,405,583
639,503,392,396,397,586
633,502,383,396,407,584
638,488,389,404,402,576
637,479,391,393,405,585
641,451,390,405,405,587
645,453,392,403,395,584
636,435,387,408,403,587
642,444,391,395,408,583
644,435,392,404,397,579
642,439,393,406,396,580
645,434,395,407,398,581
640,421,387,405,408,586
644,422,401,405,407,581
649,426,402,403,407,584
646,423,397,406,392,585
650,429,402,398,412,587
648,418,403,406,411,586
638,423,389,411,407,588
641,424,390,412,409,589
649,431,401,394,409,586
647,432,402,394,411,589
650,429,406,403,404,590
644,431,400,400,412,587
647,421,404,408,416,580
638,416,392,411,408,590
644,422,400,411,406,577
631,423,396,399,416,584
647,412,407,406,414,582
647,405,407,409,413,587
644,413,403,396,411,588
647,415,405,405,403,586
643,409,403,396,409,588
642,399,401,407,411,588
647,408,407,405,401,587
634,411,395,402,415,585
646,410,404,409,402,583
636,406,390,401,413,585
646,400,405,406,415,579
636,406,391,406,412,587
647,403,406,405,412,586
636,410,395,401,415,586
641,410,398,395,415,587
643,407,404,410,400,583
647,406,408,403,404,590
636,401,394,411,410,590
647,404,411,404,415,586
635,409,390,409,405,585
649,409,408,399,407,589
647,410,406,395,411,589
648,400,407,405,413,586
646,411,404,408,402,584
635,409,392,409,410,588
634,416,393,402,415,585
634,412,396,403,414,586
643,411,405,412,406,579
646,407,412,395,409,588
644,412,403,410,406,578
636,411,396,392,415,583
645,389,407,402,409,585
645,406,409,398,408,589
639,398,403,395,414,588
638,412,400,406,407,578
631,408,393,404,412,585
642,409,403,395,412,588
641,397,402,408,411,586
646,408,406,405,414,578
631,408,394,404,413,586
645,395,408,406,414,585
643,408,405,404,402,583
643,407,405,401,410,587
633,412,395,400,415,584
647,395,408,405,410,590
645,408,407,409,400,585
646,400,411,403,413,585
646,407,410,401,413,583
644,412,407,408,402,582
635,406,396,407,412,588
641,419,406,409,405,577
644,414,409,401,404,587
641,421,405,407,405,581
633,410,396,406,411,588
647,415,411,395,405,590
645,405,410,404,412,584
638,421,402,396,413,585
641,407,406,412,412,589
643,424,406,406,410,578
643,420,407,405,416,577
637,425,400,395,414,585
642,425,406,409,406,577
633,422,396,405,413,586
645,424,407,407,404,579
644,418,410,405,416,580
640,423,408,408,412,577
646,420,409,402,403,587
643,408,408,408,411,589
640,424,407,396,413,586
642,426,405,396,411,587
643,420,412,405,416,580
644,420,411,395,408,589
647,420,412,403,402,589
645,408,410,408,413,587
646,412,411,402,414,587
646,424,409,407,401,586
635,421,397,413,411,585
645,420,410,397,406,586
633,438,397,408,400,588
648,435,407,406,400,589
647,435,399,402,402,590
648,435,406,402,404,590
634,443,398,400,414,586
647,444,407,399,407,589
642,434,403,411,406,591
643,445,407,406,400,581
647,457,407,408,400,585
650,461,410,408,397,589
644,463,405,398,403,585
646,476,408,411,406,581
651,475,413,404,397,589
639,476,397,412,400,590
639,486,396,410,403,589
642,482,405,413,404,591
637,498,397,405,407,588
650,490,414,406,409,588
637,503,398,412,407,590
649,505,409,409,408,583
646,512,405,398,407,589
652,499,411,407,408,584
641,515,407,411,404,592
652,518,412,396,403,588
650,502,409,404,402,591
649,517,412,411,403,582
648,524,412,402,396,591
639,526,396,411,404,590
643,513,411,408,407,589
636,524,405,412,406,593
637,530,399,411,403,592
650,526,411,398,403,592
652,524,402,399,408,586
645,526,411,406,396,589
652,528,412,401,402,591
651,526,406,412,400,581
646,521,413,406,407,588
651,521,409,408,408,582
648,534,412,403,397,593
643,533,398,408,407,590
646,532,400,403,407,589
641,521,412,409,405,593
647,535,411,408,396,587
650,528,403,401,408,589
649,523,416,404,402,593
651,514,412,405,401,594
649,511,413,416,396,589
650,498,414,412,405,591
651,500,420,406,400,592
647,499,415,401,403,592
643,480,410,413,406,594
646,485,420,403,398,593
648,481,421,404,397,595
638,479,414,411,397,586
635,470,411,393,406,590
645,457,422,405,410,587
640,459,416,407,396,589
639,440,413,405,407,592
635,439,418,401,410,586
632,442,419,395,405,591
633,435,415,402,398,591
627,437,408,405,405,591
630,420,414,390,399,592
626,428,405,402,402,588
622,423,403,401,401,585
623,409,407,398,412,588
616,425,398,402,406,579
619,414,393,400,397,585
607,415,389,402,409,590
613,422,399,402,402,584
611,423,404,401,411,579
601,414,390,400,411,586
609,421,402,402,407,579
607,421,403,401,413,576
606,419,401,401,410,577
604,414,402,393,409,577
595,421,395,391,417,585
595,419,392,395,415,583
596,405,398,402,411,588
602,401,404,399,413,584
592,419,387,392,416,580
605,408,406,397,416,579
603,415,402,391,411,584
607,402,404,398,412,584
603,405,398,402,414,584
607,418,402,398,404,582
606,411,403,400,409,577
609,406,401,401,416,587
598,408,392,403,412,586
612,414,407,393,404,583
613,413,407,393,408,587
600,414,394,397,419,584
616,402,406,399,415,582
608,403,399,405,413,584
615,408,409,398,416,579
616,409,407,400,418,577
618,411,406,400,404,583
616,412,402,403,408,579
617,413,408,393,407,584
621,396,404,400,413,588
619,415,403,403,408,579
623,407,407,396,416,586
625,398,402,399,411,587
624,417,401,400,402,580
630,408,407,391,400,587
617,407,391,399,406,586
629,408,404,387,402,585
625,407,401,398,401,575
629,414,402,395,405,575
631,412,403,396,407,576
623,420,390,394,405,584
634,414,400,401,397,580
638,417,401,399,392,579
638,417,394,399,391,579
642,414,402,391,391,584
643,416,401,399,387,580
646,404,403,395,400,582
648,403,400,398,399,583
644,418,398,387,393,581
642,417,393,390,401,581
640,414,388,399,399,582
651,417,399,401,396,572
651,415,399,402,399,574
653,419,398,405,390,577
655,414,402,402,400,573
654,417,403,404,391,582
654,397,403,405,398,584
656,416,408,394,394,583
656,407,404,403,400,584
646,417,404,407,394,580
655,421,398,407,401,570
657,408,396,405,401,580
657,421,397,395,397,579
652,422,392,406,403,570
657,418,391,402,402,575
657,410,388,407,403,579
643,426,370,404,402,577
652,427,381,409,396,569
643,419,372,407,400,579
642,423,370,401,401,577
650,425,381,397,403,579
648,424,379,395,402,577
654,420,385,401,391,579
652,423,380,410,391,573
644,428,374,395,405,577
643,425,380,395,401,576
650,420,383,404,404,574
650,423,381,405,391,573
635,426,368,405,400,576
648,423,386,402,392,580
649,423,384,391,396,578
640,417,370,407,398,579
634,424,369,403,403,573
647,424,386,399,391,577
645,425,382,404,404,568
642,426,384,402,404,569
645,423,384,392,398,576
642,417,380,393,398,577
638,428,380,407,398,577
637,411,377,406,398,579
639,412,385,402,401,574
631,429,372,399,404,574
637,428,380,405,400,567
632,428,382,409,390,569
635,425,380,393,400,574
638,422,384,406,388,574
634,426,381,405,393,575
623,413,384,403,401,569
623,410,368,409,388,571
626,415,373,409,394,573
620,425,387,406,396,571
626,425,383,397,394,569
631,420,386,407,380,569
625,424,382,413,391,559
626,426,384,405,386,558
627,420,389,398,384,566
621,424,378,400,392,562
623,418,384,412,382,555
623,420,382,400,388,558
616,411,374,411,387,555
621,402,375,415,380,552
619,407,376,413,383,551
626,411,388,414,377,545
627,403,385,412,379,536
631,403,391,410,377,536
632,403,392,406,378,547
630,388,387,412,384,546
630,405,385,413,382,537
635,383,393,405,384,546
633,396,385,414,372,538
621,402,391,396,385,546
633,399,390,410,389,540
626,405,377,409,390,546
636,401,391,409,377,542
635,403,391,411,376,545
636,391,387,413,382,548
637,390,392,410,388,546
633,392,388,412,391,548
638,401,391,409,378,550
625,406,379,406,390,544
637,403,392,403,382,551
631,408,377,411,392,550
623,410,377,409,391,549
636,407,392,412,380,549
641,402,391,415,393,552
638,413,393,412,395,544
639,415,393,402,393,556
637,411,393,415,396,548
643,415,397,413,384,560
644,412,396,411,397,552
633,412,380,411,395,558
646,411,398,411,399,556
648,417,395,413,386,564
633,414,382,414,396,566
643,420,394,399,399,566
638,401,384,410,396,570
647,417,391,405,387,565
649,404,395,406,397,574
648,419,394,406,398,562
643,417,394,394,399,572
640,418,386,398,400,572
648,413,396,401,399,566
643,407,388,400,398,574
653,403,397,397,398,574
647,420,393,400,394,567
646,416,396,398,401,569
645,413,395,400,392,572
643,418,394,398,395,568
641,414,394,399,391,571
642,404,398,383,390,577
628,412,385,394,400,577
628,405,387,395,399,580
636,413,397,396,392,571
623,408,375,393,399,580
627,417,390,384,399,579
630,408,402,384,395,581
622,415,397,395,399,568
624,408,400,386,393,580
623,399,399,394,404,578
616,401,392,397,399,583
625,412,392,396,402,582
614,415,383,393,404,579
613,411,383,397,406,578
625,411,397,393,394,578
620,415,393,396,408,577
622,400,402,394,406,573
617,419,397,397,401,571
624,411,401,383,404,580
615,415,395,387,408,582
620,413,393,397,406,580
624,413,397,384,407,579
630,412,400,395,404,572
632,408,404,385,398,584
629,406,401,389,393,579
628,410,402,394,405,574
626,406,396,397,395,571
623,415,395,385,406,580
630,417,399,397,397,575
633,414,398,385,399,583
635,410,402,395,404,577
624,415,385,395,401,585
635,424,397,399,396,584
631,433,389,387,400,581
637,441,396,396,395,576
637,459,392,400,392,577
633,453,383,395,396,584
639,474,394,400,392,580
634,489,393,387,401,586
642,495,397,391,390,587
641,501,396,393,389,587
629,516,381,393,403,583
642,518,397,389,393,585
637,510,393,399,399,588
642,519,397,398,398,576
624,530,388,401,398,587
645,528,390,393,400,573
629,528,394,399,404,588
645,524,401,396,404,577
643,529,395,399,401,590
632,531,397,396,400,587
628,540,391,398,400,588
632,541,393,398,398,587
641,544,399,398,392,581
641,545,387,396,400,577
647,536,399,396,400,578
647,528,402,395,402,579
645,539,403,385,398,588
628,543,401,399,394,581
631,546,387,395,402,587
646,547,390,391,405,585
641,537,401,400,395,579
645,533,402,396,394,585
634,538,399,399,402,587
637,533,402,393,402,585
647,527,400,398,401,578
639,520,403,398,404,586
632,524,390,402,401,587
642,501,401,400,404,589
643,506,400,401,404,587
637,490,401,404,395,588
636,476,396,390,407,584
639,453,400,403,401,589
635,460,393,403,400,587
648,444,407,393,401,588
643,428,404,402,404,589
641,430,405,402,408,586
633,427,391,399,404,586
647,429,404,406,397,586
642,423,407,404,402,580
646,406,408,399,406,586
644,411,407,396,395,588
630,417,394,397,407,585
646,401,407,401,407,586
644,404,403,403,393,583
644,405,406,386,400,587
633,414,394,399,408,586
636,412,398,390,408,585
646,409,407,401,394,586
648,406,410,395,397,588
648,403,406,392,399,588
639,392,407,400,406,587
634,408,393,394,409,585
641,392,392,404,403,590
641,403,398,402,406,578
640,405,400,399,405,585
640,407,396,402,402,577
644,391,398,400,405,584
639,411,402,402,399,579
643,396,406,399,405,588
634,413,394,393,407,584
634,414,398,390,408,585
638,413,402,402,401,577
642,413,404,401,408,577
645,401,405,402,406,585
641,415,404,404,401,578
635,410,392,395,402,584
645,406,398,403,403,587
634,414,394,399,406,584
641,412,408,390,404,586
649,403,406,401,408,580
648,404,408,399,407,577
645,403,407,396,395,585
646,392,410,399,408,581
644,391,397,402,402,585
644,408,403,401,400,576
647,389,408,398,406,582
648,401,404,388,407,584
646,403,405,387,403,582
645,403,406,398,395,582
643,408,400,389,407,583
636,407,404,402,406,575
643,407,404,402,397,579
632,411,394,395,410,582
636,404,406,398,396,582
638,408,402,401,398,579
634,408,403,398,404,574
636,405,404,392,411,574
624,409,388,387,410,581
632,392,397,393,408,586
638,397,389,389,412,583
636,405,387,392,411,581
636,407,405,384,408,584
627,399,392,395,411,583
635,402,407,393,417,575
629,411,400,397,409,573
630,394,401,398,414,580
628,389,395,397,415,581
636,408,403,385,412,579
627,404,390,398,413,578
624,400,394,397,413,580
624,411,390,393,415,577
635,410,400,384,413,578
634,410,392,398,408,578
623,404,390,395,409,577
627,413,392,384,412,576
639,401,403,390,395,577
638,391,402,390,406,572
633,412,398,396,397,570
633,406,396,397,397,565
631,412,401,396,406,574
636,406,404,391,406,568
637,398,407,391,407,573
624,410,390,391,404,576
630,412,400,394,400,569
630,402,395,396,403,579
631,412,400,383,407,575
636,408,403,393,394,574
633,406,400,396,400,568
628,415,395,390,394,572
643,412,406,387,395,578
638,416,400,398,398,569
629,413,392,396,401,577
640,418,402,401,394,571
643,410,405,395,403,569
648,410,408,387,395,578
644,399,403,399,402,579
650,412,405,400,389,578
651,422,405,391,395,581
653,432,407,394,395,582
651,437,405,401,401,573
653,441,408,396,395,582
652,447,404,404,389,579
641,446,392,406,398,583
640,447,393,406,399,583
651,455,404,402,398,574
653,448,408,400,402,577
647,441,400,403,395,584
651,463,402,405,391,583
643,465,394,402,404,577
646,461,404,406,403,573
651,462,402,408,402,573
655,445,404,407,403,584
656,452,406,405,406,575
650,459,397,398,405,580
652,452,406,403,392,581
651,450,403,408,391,581
658,448,406,399,397,582
653,450,402,411,394,578
659,430,406,403,402,576
654,448,399,414,399,568
657,445,398,402,404,575
657,435,403,410,394,570
644,435,385,413,402,572
651,450,402,404,402,577
653,451,404,404,402,574
647,449,402,413,410,566
644,456,397,417,397,566
629,451,385,418,405,572
640,449,399,414,408,565
640,454,399,408,396,573
636,455,398,414,394,572
635,456,396,416,396,565
638,458,395,417,397,576
640,442,400,412,404,572
641,448,400,412,407,567
643,452,403,403,400,575
639,443,397,416,405,577
630,450,403,413,407,567
638,439,398,415,403,577
632,446,389,415,403,576
640,445,400,414,406,574
630,454,388,414,404,575
643,458,399,411,395,575
634,464,393,404,408,574
636,463,391,404,407,572
631,464,388,412,404,572
645,454,401,412,402,565
638,461,396,403,407,574
632,457,385,417,405,574
639,463,397,418,398,566
642,458,402,409,398,575
641,464,398,421,399,567
631,464,388,411,408,572
636,449,397,419,403,577
635,464,399,419,397,568
630,448,400,421,396,570
645,457,403,417,408,570
643,455,404,417,411,567
647,462,404,410,403,578
637,467,400,420,407,575
641,466,400,424,408,567
642,452,401,420,409,578
632,460,390,423,409,577
633,467,408,416,412,575
646,456,406,417,412,572
649,465,404,419,400,578
647,457,405,414,414,574
643,467,399,424,407,570
642,460,403,425,402,577
650,461,405,418,402,577
639,464,388,416,416,579
652,449,408,419,415,577
652,461,408,412,416,577
653,456,406,419,417,575
649,465,401,421,417,580
648,448,397,424,417,586
652,449,401,421,418,588
651,461,407,408,415,588
641,460,394,418,420,586
654,461,409,409,413,588
647,452,398,419,417,588
653,450,404,416,418,587
649,465,406,398,411,588
661,460,410,404,409,578
652,451,408,413,421,578
642,457,396,408,420,584
653,443,408,416,418,585
650,450,408,415,418,577
654,451,409,409,409,588
650,440,401,418,416,588
643,446,399,418,415,587
655,439,410,411,414,583
656,453,409,409,413,577
642,462,402,409,419,583
655,462,408,419,408,587
652,460,409,418,422,580
657,468,410,415,409,587
643,472,396,416,423,585
651,473,407,423,416,578
646,480,399,415,428,585
653,469,408,421,407,586
651,479,408,424,414,583
656,474,412,417,412,590
650,478,407,424,415,581
656,472,413,420,424,582
656,469,412,413,412,589
650,479,408,424,421,578
644,477,397,422,421,588
651,475,414,415,413,590
655,467,414,419,424,586
644,480,401,414,425,585
644,479,398,412,424,582
654,473,412,420,425,579
655,475,412,412,418,584
654,463,411,405,417,585
639,459,401,426,421,584
650,470,408,425,416,573
652,453,412,421,423,582
652,453,415,423,424,581
652,464,411,422,412,584
641,447,396,424,416,582
647,462,411,422,426,574
649,466,408,426,417,574
649,449,410,422,422,588
651,463,410,423,413,582
648,462,412,419,414,587
651,459,414,413,416,587
653,460,414,417,415,588
645,452,405,425,423,588
649,449,411,418,423,588
637,465,403,417,427,583
652,448,414,423,427,583
649,446,414,422,425,580
636,440,399,426,421,590
635,438,398,423,422,587
645,433,413,413,420,589
648,428,413,422,427,581
644,425,409,424,426,578
646,418,409,426,417,589
636,420,401,418,427,586
646,419,411,427,417,582
649,407,415,422,427,587
633,406,405,429,425,590
643,418,413,414,428,588
645,413,415,425,431,578
636,411,403,429,432,587
648,399,414,426,429,590
646,420,417,425,431,579
643,427,414,429,424,579
650,423,419,420,421,589
638,430,410,418,432,586
645,430,415,428,419,586
647,428,417,427,419,588
644,437,415,429,427,580
648,439,416,431,422,580
642,435,408,417,431,587
649,444,415,429,424,581
645,441,418,427,420,586
646,445,417,427,431,580
647,452,416,429,425,579
652,445,419,425,420,588
639,452,405,424,431,588
653,449,420,421,421,587
639,450,409,415,430,587
652,450,421,424,432,584
639,451,406,429,428,588
651,457,419,424,420,586
638,456,405,429,430,588
649,457,421,427,432,578
648,456,422,426,431,583
649,457,416,428,428,590
648,457,421,427,430,580
640,455,407,428,430,587
650,451,419,426,431,583
647,465,418,413,419,581
650,466,421,424,430,580
643,470,421,427,431,579
649,471,416,421,429,577
649,474,421,419,418,580
645,476,417,427,424,577
647,464,415,429,424,588
640,483,412,418,427,585
649,481,420,419,416,589
635,486,408,421,426,585
645,485,416,430,414,580
642,473,413,428,423,588
641,492,415,429,418,578
632,489,404,425,425,584
635,493,407,417,427,584
649,490,423,419,417,589
635,495,411,428,427,579
645,491,422,427,428,580
635,498,407,423,428,586
647,493,422,419,420,586
648,493,419,419,426,589
643,497,417,430,425,578
635,498,405,420,428,584
650,493,423,417,420,590
644,497,417,431,419,581
649,482,419,427,428,589
648,500,417,430,420,582
650,493,422,419,424,588
645,495,420,427,430,580
637,499,406,427,427,587
639,490,407,427,423,586
648,496,418,420,428,583
649,489,418,430,420,582
653,475,423,428,430,583
653,469,418,426,424,588
648,469,423,419,424,585
654,455,422,428,428,584
652,464,421,420,424,586
652,449,420,432,428,585
653,467,418,431,426,583
653,461,424,423,420,586
647,452,415,433,426,588
652,463,422,423,418,588
652,455,423,428,432,584
649,459,420,418,427,587
636,460,413,419,429,584
631,451,405,426,424,588
644,447,420,423,427,585
643,428,420,418,420,587
641,447,417,429,411,585
630,445,404,425,422,588
633,454,410,418,426,585
629,449,406,425,423,578
640,452,419,424,425,580
640,454,418,424,420,577
631,455,406,425,420,589
626,460,406,422,423,586
639,459,416,424,421,580
636,448,411,422,421,589
631,452,405,421,422,586
632,462,409,413,422,585
641,460,417,419,422,579
632,460,406,416,412,588
633,469,408,415,422,587
645,468,418,418,410,586
646,465,422,415,422,580
642,459,415,419,417,590
639,468,406,420,415,588
637,478,406,414,421,585
646,475,417,405,416,586
636,478,406,416,419,583
649,477,419,423,417,576
650,476,418,422,417,574
655,471,423,414,409,583
651,479,416,427,411,570
650,477,417,412,418,575
658,480,422,415,412,575
656,476,422,426,417,575
639,473,407,421,418,573
643,476,408,421,420,572
645,470,405,426,416,572
651,479,414,424,409,559
648,478,416,413,413,569
640,464,412,424,415,568
633,472,407,426,413,571
643,463,413,424,412,571
635,470,406,421,401,568
648,472,419,420,403,568
642,460,415,423,414,569
641,471,418,425,413,558
635,475,408,417,412,566
644,469,415,420,409,558
636,464,407,419,411,559
646,476,414,419,407,558
641,477,417,416,402,557
645,474,416,408,399,567
642,473,414,411,406,557
639,467,406,414,402,567
646,476,416,407,394,566
646,478,416,401,400,567
641,482,410,413,404,556
641,482,410,416,401,556
637,469,404,415,402,569
632,475,413,404,401,566
635,480,406,406,407,559
639,482,409,418,396,560
637,477,412,416,411,557
637,475,413,415,409,557
638,470,413,416,408,564
636,481,410,419,403,555
633,483,406,411,399,568
639,481,407,420,407,560
626,482,395,414,412,567
631,474,394,419,410,570
638,482,402,414,413,567
639,477,403,416,418,562
645,467,404,414,417,567
642,474,407,414,417,564
635,470,384,410,416,572
647,461,401,407,416,575
647,458,400,404,415,573
641,473,395,406,411,566
644,471,396,403,418,567
641,460,393,405,414,576
640,460,394,402,416,572
638,472,391,408,411,566
633,461,390,393,415,576
620,475,392,400,419,567
630,475,392,400,404,574
621,479,384,394,420,574
629,477,391,403,403,574
630,477,393,404,405,571
618,475,381,408,416,576
625,482,392,404,417,565
626,474,395,403,414,573
611,490,382,401,416,573
619,490,391,407,415,565
617,492,392,408,412,566
614,493,390,396,418,573
614,497,393,396,419,574
615,480,392,408,414,578
612,497,393,408,415,566
616,492,395,406,414,565
619,495,399,395,414,577
620,496,393,407,415,565
623,493,396,408,403,575
618,496,400,397,415,576
624,495,392,411,415,567
631,493,402,403,410,576
621,487,385,413,413,578
634,496,396,414,407,574
634,496,399,415,409,574
642,489,403,410,420,574
639,496,398,414,418,580
638,493,404,408,408,579
642,494,404,402,410,582
646,491,405,410,419,573
644,498,400,414,408,574
635,487,389,410,411,581
646,494,403,408,405,581
640,488,391,416,414,583
646,497,400,400,417,580
648,498,391,406,420,577
639,498,399,407,420,580
648,490,409,406,423,583
644,480,407,415,417,587
647,471,412,414,418,587
636,494,406,405,421,584
643,490,412,414,421,581
634,492,405,404,419,584
626,494,396,408,422,583
635,492,408,419,409,582
633,487,409,418,411,583
634,491,413,414,420,585
636,479,415,413,422,583
637,487,413,412,422,579
634,493,405,414,419,577
635,487,407,411,420,585
627,487,402,402,421,586
638,475,412,412,422,582
635,483,411,417,408,585
632,478,407,402,420,585
631,467,410,414,418,589
635,477,412,403,420,588
624,478,412,415,422,583
631,471,411,415,407,582
632,477,414,416,419,578
630,474,414,415,411,584
630,473,412,416,425,580
626,472,410,403,423,585
621,471,405,408,423,585
626,464,406,417,416,588
636,471,417,413,410,588
633,463,412,417,417,590
634,479,414,415,416,579
624,476,403,414,419,587
632,484,409,417,414,583
637,467,420,412,422,584
640,479,419,410,412,588
639,478,418,405,412,587
632,484,414,418,413,582
629,481,414,418,413,580
633,479,418,404,421,588
623,479,402,415,421,588
635,479,415,419,412,584
640,477,411,415,410,586
636,484,412,403,422,586
629,473,404,419,416,588
641,477,419,415,421,583
639,487,414,419,412,581
638,489,414,420,414,581
634,489,412,406,422,586
642,477,420,415,421,586
644,481,420,414,422,584
640,494,414,405,418,589
629,494,403,416,420,586
643,499,418,411,413,589
639,508,417,406,418,589
637,511,413,420,418,580
640,501,414,419,420,592
632,518,405,419,421,591
642,515,414,407,422,589
642,508,420,417,425,589
629,515,404,423,422,587
637,519,414,422,424,589
638,517,405,416,427,590
628,511,403,421,421,588
641,502,419,418,426,584
636,484,412,423,421,581
633,487,411,412,425,590
636,478,414,422,421,581
640,464,417,419,424,588
640,466,415,418,412,589
642,462,418,410,419,593
642,462,419,420,424,590
640,461,417,415,414,591
641,463,415,420,414,589
637,457,417,417,424,591
633,463,414,423,421,582
639,460,413,409,420,593
625,459,403,417,424,591
635,456,408,405,423,589
633,451,413,422,423,581
641,446,419,416,414,594
638,439,419,411,422,592
634,445,416,417,412,592
634,446,405,424,420,593
625,452,402,420,423,590
639,457,419,415,414,594
631,459,417,422,426,582
636,450,413,423,420,593
631,469,410,412,426,588
624,470,404,418,425,589
629,465,412,422,421,590
632,470,418,412,423,589
640,470,419,425,426,581
643,460,418,423,425,590
632,478,408,422,427,588
651,467,419,426,425,591
644,480,423,417,419,591
641,469,414,428,423,581
634,483,409,419,429,587
647,482,417,427,427,579
649,466,420,425,426,589
642,469,411,412,421,587
644,478,411,408,421,590
649,472,414,422,413,582
651,466,414,414,411,586
649,451,413,417,418,589
652,459,412,414,407,587
653,449,410,408,420,581
645,444,404,415,413,590
647,459,403,412,412,578
645,456,397,397,414,585
651,457,404,407,409,576
651,457,399,407,411,585
655,455,402,400,399,587
650,463,399,409,412,576
649,449,392,408,409,586
647,450,391,407,406,585
655,460,400,404,399,583
646,456,387,409,406,584
654,447,396,407,408,586
651,463,396,407,401,579
653,461,395,406,399,579
655,448,399,402,409,580
653,450,399,399,398,585
642,457,388,397,408,580
646,456,392,391,408,582
653,449,397,398,400,574
643,452,385,403,404,583
652,456,396,397,405,574
656,444,399,400,406,582
644,457,382,403,405,576
656,441,403,399,405,574
655,441,401,399,405,581
654,450,399,401,406,575
647,456,392,388,407,581
653,455,397,403,392,580
654,443,401,399,405,581
654,459,396,399,396,576
652,458,402,401,404,574
656,445,404,402,403,583
654,456,403,402,405,576
650,464,402,403,406,575
643,454,389,404,404,583
653,460,403,404,408,575
646,449,400,406,403,586
655,455,405,404,407,575
648,463,399,394,406,582
654,445,402,404,404,582
650,466,401,407,405,575
647,449,396,408,402,585
653,458,404,398,397,585
640,463,398,410,395,575
647,456,403,404,406,577
642,467,396,408,399,574
643,463,397,405,403,573
637,466,393,407,398,574
640,459,396,404,407,580
636,451,396,403,406,580
636,462,395,402,395,583
619,460,385,398,407,578
628,463,393,407,395,579
614,467,382,402,409,580
622,467,389,407,405,572
611,461,378,405,407,579
621,457,387,406,391,578
616,449,390,408,405,581
613,459,380,411,405,580
610,461,378,410,405,579
620,463,394,405,410,572
624,465,393,404,394,578
619,466,392,409,402,572
615,454,391,407,405,581
620,454,391,407,403,583
618,456,391,408,404,582
622,470,393,404,395,579
612,463,384,412,404,569
620,467,397,406,395,581
614,466,386,410,404,581
621,480,393,410,408,578
609,472,385,407,409,572
613,483,381,400,410,578
625,479,398,400,402,582
621,466,393,409,405,580
624,481,396,406,398,578
612,474,382,411,405,575
623,475,393,407,393,576
623,475,397,407,409,574
628,481,397,399,401,580
625,479,396,407,410,572
613,483,382,406,408,578
617,479,384,408,407,581
622,468,388,413,406,582
627,480,396,412,399,574
632,470,399,409,410,580
626,468,392,414,406,583
633,472,398,409,411,573
635,462,394,410,410,583
630,477,386,411,405,574
633,463,389,411,407,585
642,471,399,406,409,583
641,469,399,402,402,584
639,457,393,411,405,586
641,467,397,411,409,575
639,470,391,399,413,584
639,469,390,400,414,585
637,469,389,404,416,585
647,462,400,412,405,583
648,457,399,400,405,584
640,463,400,412,411,579
648,444,403,409,416,584
644,456,400,412,409,581
645,455,397,410,408,583
644,454,393,412,410,582
644,453,402,396,415,587
647,441,409,406,420,581
638,426,400,410,417,589
633,441,392,408,416,587
633,446,392,403,417,586
644,441,406,410,405,588
646,438,408,405,407,589
648,438,410,401,415,589
637,435,396,400,415,583
634,440,404,404,408,589
643,425,402,408,416,589
636,430,391,413,415,588
638,426,394,413,416,588
644,435,403,409,409,585
646,429,405,410,422,581
646,417,403,410,420,585
639,441,402,412,418,578
632,427,387,412,415,584
644,433,408,412,422,582
643,438,406,412,422,580
632,440,393,409,421,587
647,441,402,416,407,584
636,446,387,410,419,590
629,442,392,409,422,586
642,444,400,416,417,580
637,441,394,404,412,584
647,430,408,415,420,587
633,439,394,414,419,587
642,445,405,402,420,587
644,449,408,418,411,583
643,450,412,414,409,584
644,459,408,404,423,586
649,453,413,413,424,581
642,452,399,418,418,589
639,467,400,409,424,586
650,446,408,413,419,584
645,472,410,416,419,581
647,474,410,417,422,578
644,477,403,406,425,588
654,465,411,415,426,587
650,475,410,414,415,581
656,479,414,408,421,590
642,478,397,419,429,587
650,478,400,415,425,589
644,491,407,410,431,588
652,491,409,417,429,580
650,496,409,421,430,577
655,493,414,408,418,590
646,490,403,420,427,590
655,485,417,416,418,582
657,501,415,407,424,590
645,493,404,422,426,591
652,509,412,424,416,586
644,509,400,419,428,589
654,508,413,423,419,583
657,514,418,409,424,589
645,512,409,418,428,584
656,505,418,416,430,587
650,520,401,417,429,588
656,518,418,415,419,590
650,515,402,414,423,589
659,509,418,419,429,588
658,509,418,418,428,588
652,522,409,410,430,588
656,510,417,419,427,588
651,514,418,418,425,588
647,522,413,422,423,591
658,513,416,419,421,581
642,531,403,421,421,590
643,524,411,424,424,593
650,517,417,419,424,588
651,532,415,420,414,588
659,527,412,409,426,589
653,515,418,419,425,585
656,529,414,410,410,582
654,526,413,422,421,581
644,533,402,423,420,592
641,531,407,422,419,592
657,527,407,412,423,590
655,527,419,408,420,592
653,518,420,419,423,587
645,531,415,425,411,587
656,515,416,419,423,582
656,518,417,420,421,583
653,537,417,419,411,591
642,533,402,418,418,592
655,512,414,417,420,582
647,518,417,419,422,585
643,536,404,423,422,592
655,517,416,419,426,581
641,528,409,422,421,593
648,530,414,424,417,586
652,532,419,418,413,592
647,516,418,420,424,591
657,514,413,422,425,582
651,511,414,423,416,585
655,496,417,420,428,583
653,491,417,410,424,591
655,466,415,418,424,583
654,448,417,420,426,595
648,444,409,424,422,581
658,439,419,418,413,592
653,439,416,411,422,592
654,431,418,428,413,590
651,433,416,426,416,587
641,423,403,422,426,591
655,421,419,422,417,594
648,426,413,415,427,590
654,420,421,425,427,584
647,426,416,427,417,586
654,410,417,427,423,594
657,422,417,421,429,582
645,429,407,421,427,590
655,427,415,426,415,587
652,429,416,429,420,585
657,418,421,425,424,592
652,424,416,430,415,586
658,419,418,412,423,589
654,415,417,414,424,591
654,413,418,426,430,585
658,411,420,417,421,594
646,415,409,418,429,589
653,414,416,429,416,585
647,403,411,428,427,590
655,414,417,428,419,586
648,404,411,428,425,590
653,418,418,427,420,585
646,403,407,429,421,591
647,403,408,426,428,589
641,409,401,419,425,588
654,407,417,420,427,593
642,407,404,422,423,591
654,405,417,420,413,590
650,395,415,418,423,591
654,407,419,406,421,591
647,394,412,418,419,593
645,409,408,407,425,591
641,403,404,417,419,591
654,409,414,416,412,587
653,407,415,416,410,588
643,405,403,419,422,591
641,410,401,416,421,589
653,412,413,420,413,584
651,414,412,404,424,589
655,398,417,417,423,591
643,403,402,418,419,592
654,399,418,415,422,589
653,412,417,408,415,592
652,418,415,416,412,592
646,417,410,407,423,589
643,410,402,417,420,590
650,421,414,417,415,583
642,409,404,418,419,591
645,418,401,416,422,590
648,415,408,403,420,590
641,425,402,411,423,589
644,427,406,407,422,589
657,417,418,414,423,590
642,431,415,403,422,588
652,418,415,415,411,593
650,425,409,405,418,589
655,427,415,414,423,584
653,436,418,405,418,591
655,432,419,416,422,587
656,439,417,413,409,590
654,443,414,408,419,591
642,448,403,421,421,590
651,441,420,421,423,585
648,452,410,414,421,587
652,455,410,411,421,588
642,446,405,429,417,590
654,432,418,422,416,591
655,449,419,422,411,591
653,454,418,431,411,585
653,452,421,427,413,590
649,456,416,434,413,583
654,450,421,425,414,590
654,447,418,430,426,581
643,457,409,422,426,586
647,454,416,422,423,589
647,442,413,434,422,589
650,439,418,433,424,591
648,456,421,437,424,581
647,454,421,436,418,579
647,458,416,436,416,581
637,447,406,438,425,579
646,455,417,435,420,580
648,453,418,434,424,579
651,453,422,427,413,591
647,452,420,432,423,579
649,445,421,432,423,586
649,452,421,434,423,583
647,455,416,435,420,577
650,454,421,424,418,588
649,448,418,432,422,582
646,455,416,434,409,584
651,445,421,433,421,582
645,460,415,435,417,577
650,449,418,429,407,587
649,456,413,419,411,583
646,458,414,432,406,583
645,444,416,432,419,582
641,457,413,431,407,584
628,444,406,434,414,585
636,450,411,429,418,576
633,458,408,432,413,574
632,456,408,435,404,579
630,459,410,421,412,583
615,451,395,433,412,578
624,456,408,422,411,583
611,450,395,432,412,582
619,464,405,421,417,571
616,445,404,431,414,584
614,447,408,427,415,581
616,451,405,428,415,575
617,456,404,421,407,583
615,461,399,428,408,573
607,457,388,418,413,580
618,462,396,428,404,578
616,449,392,424,410,585
623,447,395,420,412,582
615,463,392,407,412,573
622,450,395,417,413,581
611,464,384,407,412,580
621,459,396,412,401,582
620,463,394,419,403,577
617,465,387,414,408,571
617,463,392,419,409,573
619,462,391,419,399,578
610,461,380,416,408,581
627,460,396,408,402,583
623,459,395,406,399,582
620,463,392,418,399,577
624,451,396,410,413,578
626,459,396,405,401,583
620,463,388,403,411,581
613,458,376,412,407,579
626,449,391,409,411,579
628,458,394,411,413,577
630,450,396,412,412,579
623,452,388,418,407,584
616,458,381,414,409,580
628,463,394,415,410,573
626,463,392,417,406,573
630,449,396,414,411,584
621,454,382,415,413,577
631,465,392,414,406,575
633,460,392,413,411,574
638,462,395,411,401,581
628,459,380,414,412,584
636,463,394,414,411,573
644,449,398,410,416,581
623,462,382,411,413,583
641,460,395,410,413,575
642,442,396,410,412,586
631,451,384,407,412,585
646,447,400,406,416,582
648,442,401,402,415,580
634,446,386,405,413,584
643,453,397,405,405,576
644,454,395,398,412,576
648,436,405,398,414,583
635,445,388,396,413,585
649,443,403,388,406,587
633,428,395,393,410,588
642,435,396,384,415,587
643,444,402,392,402,587
633,428,400,394,412,587
635,441,401,394,403,588
630,444,398,380,410,588
632,435,404,389,403,591
631,437,404,383,408,591
627,441,401,380,412,589
630,440,403,382,414,587
626,426,399,392,413,589
629,438,403,392,405,588
629,441,399,391,403,588
626,446,400,396,414,579
632,442,404,388,409,590
619,437,390,396,413,589
631,440,404,394,403,587
619,424,392,398,413,589
630,431,404,394,418,583
631,424,405,395,416,589
633,429,406,395,419,583
632,431,405,396,418,584
631,438,402,398,417,576
624,433,391,400,414,590
627,436,387,396,414,588
639,431,406,395,419,586
638,442,403,396,406,586
628,444,392,399,412,591
641,437,402,399,401,587
644,447,407,387,413,589
647,448,406,397,415,583
644,452,403,401,412,580
644,444,400,403,400,580
652,439,407,399,412,585
649,452,407,403,402,585
641,455,394,398,413,588
652,452,409,403,413,581
649,458,406,395,409,586
657,462,410,397,404,589
649,452,402,410,407,579
646,469,399,399,411,581
648,462,398,414,408,587
654,461,408,409,411,582
645,478,399,407,415,582
657,478,410,411,399,581
653,468,407,415,409,587
659,474,414,411,413,579
656,473,411,414,411,584
649,491,410,416,414,573
659,478,414,412,414,582
660,491,414,407,407,582
644,500,400,412,415,578
653,484,410,418,414,580
652,499,412,419,405,580
648,497,411,417,414,571
652,497,414,413,405,580
652,494,412,417,417,569
646,499,411,409,413,578
647,486,412,420,414,577
639,489,402,424,410,579
638,483,408,420,411,580
643,497,414,409,411,579
642,496,411,419,403,578
639,500,410,420,409,570
643,487,414,417,413,573
632,498,400,413,411,577
634,495,404,411,412,575
642,493,411,418,411,569
645,486,413,417,413,574
648,482,415,416,409,575
644,495,409,422,404,572
638,499,407,409,416,576
644,498,409,419,417,572
646,489,410,418,397,575
647,497,411,419,401,582
642,498,409,418,407,570
641,499,404,403,408,570
642,497,407,416,411,569
631,497,398,410,412,577
639,481,404,417,409,579
646,488,412,416,413,571
642,495,409,414,400,575
639,498,407,418,403,570
641,496,410,416,400,576
645,492,411,407,406,579
644,484,408,416,411,577
637,489,399,419,411,577
646,489,411,417,414,569
639,496,404,406,412,574
642,492,414,408,408,576
634,490,397,419,412,574
642,495,407,421,406,567
650,490,411,406,409,576
644,476,409,421,411,578
645,476,409,418,413,578
643,490,409,420,408,565
644,483,409,422,403,569
650,472,413,412,402,575
635,471,400,412,416,570
650,460,413,414,403,575
633,459,398,416,414,572
636,457,397,418,413,572
638,459,399,413,417,570
640,444,402,418,414,571
645,448,409,409,411,569
633,447,397,416,415,565
647,415,412,415,410,570
642,433,409,422,405,568
645,412,408,420,413,575
646,423,411,418,414,565
637,426,402,413,417,573
648,409,412,418,417,572
646,404,410,420,418,578
645,421,407,423,412,569
649,414,412,413,405,579
638,410,393,419,416,578
648,410,412,419,406,580
638,415,399,415,420,578
638,407,398,422,418,580
647,412,409,424,412,571
647,409,412,409,418,579
640,408,401,419,419,580
649,409,409,424,409,577
638,406,398,424,418,581
652,404,414,418,408,583
648,412,411,425,411,577
652,409,412,418,425,574
653,403,415,419,423,579
654,410,413,411,415,584
648,415,410,423,416,574
641,408,401,421,420,585
642,400,405,422,420,586
651,395,409,423,425,579
653,395,416,421,423,582
641,410,401,417,424,582
653,411,413,409,422,582
646,414,407,410,426,582
653,399,416,420,423,583
644,413,404,414,425,582
651,413,411,418,413,578
649,414,411,422,421,584
653,409,418,410,419,586
640,416,404,415,426,583
649,413,414,422,415,582
651,409,414,415,412,584
646,416,412,410,428,584
648,409,408,410,421,581
648,419,414,423,420,576
650,400,414,422,423,584
653,405,420,419,427,585
651,417,416,413,416,581
651,411,419,419,428,576
643,420,411,410,427,582
649,421,412,423,417,581
649,419,415,422,415,579
650,413,418,419,430,577
643,404,412,425,423,583
649,411,420,418,428,578
653,405,423,419,428,582
650,420,416,421,416,582
647,423,418,422,427,576
652,420,422,413,421,585
648,421,423,410,421,585
640,421,407,421,426,585
651,419,421,420,430,577
651,425,419,421,416,582
645,428,418,422,428,576
650,415,417,421,428,587
655,429,423,417,421,586
649,436,415,426,421,577
656,433,424,413,423,587
646,439,406,427,427,586
657,443,422,422,431,583
644,457,410,416,432,584
646,464,410,421,431,583
660,467,424,414,423,587
659,466,423,424,430,585
648,488,412,420,431,586
649,476,418,429,427,590
652,494,413,418,429,588
656,501,418,430,419,582
659,501,424,417,422,590
654,509,420,428,432,580
654,512,420,431,418,584
653,517,419,428,417,582
657,508,419,423,414,587
657,507,423,427,429,589
659,515,413,418,428,580
646,519,408,428,429,587
651,509,416,431,428,591
650,510,410,430,426,591
654,519,405,424,430,587
655,514,419,433,422,580
656,516,419,429,416,587
645,500,413,431,427,592
644,511,408,424,430,587
657,503,422,427,431,583
658,497,422,427,430,586
659,504,422,428,420,590
654,509,419,431,421,586
655,508,420,430,416,587
652,505,417,432,423,581
655,501,419,429,417,588
643,502,410,422,431,588
647,493,408,431,426,591
650,497,419,431,420,584
657,490,424,423,417,592
654,486,423,428,432,583
656,483,419,430,428,584
651,475,417,431,428,592
650,474,412,433,426,589
652,488,417,433,428,581
649,490,415,421,435,589
646,487,414,423,432,587
649,475,408,431,427,591
646,486,410,424,429,587
653,481,418,433,428,580
645,476,411,427,432,587
655,470,423,428,430,580
658,450,424,430,430,589
653,460,420,434,423,581
655,449,423,428,432,580
646,439,411,433,428,589
657,446,419,429,419,585
653,430,420,432,429,591
654,444,422,431,429,581
657,441,424,428,431,580
656,445,420,427,429,580
651,429,417,433,428,591
655,439,421,432,420,585
652,438,423,430,428,580
647,427,426,428,432,586
654,437,420,430,429,580
655,424,418,430,427,592
650,436,413,420,429,587
657,432,421,430,428,580
656,427,423,427,431,580
654,424,422,418,427,586
651,426,421,429,425,577
658,409,425,426,428,588
655,415,420,413,426,589
655,415,425,421,431,581
647,423,410,419,429,585
652,421,419,425,421,579
657,408,420,420,427,583
648,417,413,411,429,585
649,403,413,425,423,589
654,414,418,421,424,578
643,411,409,423,424,588
656,411,420,421,428,579
637,416,407,421,423,587
654,418,419,422,414,585
657,416,422,424,413,587
656,421,421,421,416,584
653,425,417,423,425,575
652,411,416,423,424,589
653,430,413,410,426,587
643,426,405,421,424,586
654,431,416,423,418,580
658,418,420,420,426,588
645,435,406,417,428,586
657,433,417,411,423,586
654,436,417,422,422,577
650,439,417,425,421,577
657,440,422,420,410,587
658,436,418,421,419,583
647,450,403,426,416,586
656,455,413,425,413,576
653,445,406,428,414,586
661,445,418,422,419,582
659,454,417,418,407,586
647,448,402,423,417,584
657,456,414,429,408,579
661,456,416,414,416,585
656,457,413,429,409,579
656,458,412,429,411,580
653,445,410,431,416,586
658,446,416,427,414,584
646,450,402,428,418,583
654,464,412,430,411,575
656,463,413,427,415,573
657,463,415,422,402,580
652,469,409,414,412,576
650,458,403,426,407,578
652,468,406,411,409,573
647,473,399,415,408,572
657,466,412,418,407,565
654,471,408,419,398,567
653,472,406,418,406,562
644,470,400,410,407,571
655,455,410,415,408,571
656,462,408,415,410,568
654,468,402,421,396,568
650,453,401,416,406,575
649,465,401,418,399,568
650,452,401,416,409,575
638,467,384,416,408,575
642,464,399,413,411,567
636,470,391,403,407,572
631,456,392,419,410,577
630,471,393,402,410,574
624,461,385,415,407,575
626,473,392,414,404,566
623,462,392,411,405,577
613,485,385,403,411,574
625,483,393,408,396,573
623,486,392,408,407,567
623,476,392,408,406,577
618,496,389,411,401,568
615,495,391,410,405,566
615,491,386,411,397,565
613,491,385,409,399,564
602,486,379,409,402,578
613,489,392,406,407,570
608,496,385,395,405,574
601,498,379,398,407,573
600,499,377,391,406,572
593,496,372,407,404,576
603,489,390,404,406,570
598,496,384,406,400,567
604,492,392,393,399,576
607,474,389,400,400,578
604,492,389,405,406,567
604,484,384,410,404,579
600,486,381,409,405,578
609,492,393,399,400,579
595,495,383,399,408,575
606,491,394,395,402,576
602,490,392,407,408,568
608,480,393,403,408,573
604,492,387,409,402,567
594,486,376,400,402,575
592,489,375,408,405,576
600,493,387,410,396,571
596,495,386,396,406,575
603,480,386,405,407,573
596,491,392,398,400,578
590,487,379,411,401,577
595,489,388,391,400,575
593,500,387,411,400,569
596,492,391,406,410,571
597,492,392,407,409,573
593,492,392,407,406,573
588,499,386,398,407,576
581,489,376,409,404,575
578,493,376,410,407,576
585,483,385,411,403,578
588,488,387,406,392,574
588,488,392,407,406,571
585,496,390,411,404,567
576,488,379,414,404,577
572,494,378,411,403,576
585,497,392,413,395,573
579,488,388,414,403,577
581,489,389,413,402,577
570,503,378,409,406,575
578,499,380,410,406,574
580,502,377,414,407,576
582,503,380,409,408,575
589,489,388,414,405,578
596,499,396,402,404,577
595,505,395,412,409,567
598,504,391,416,401,567
604,490,399,407,407,572
605,502,398,410,399,577
597,497,391,417,407,579
609,504,397,409,397,577
599,510,385,406,412,576
602,506,385,411,407,575
618,497,401,409,411,574
619,506,398,412,404,567
622,507,396,415,398,571
615,505,385,410,407,579
627,503,400,401,406,579
633,501,399,415,395,576
632,501,397,414,399,573
638,489,401,409,411,578
639,499,399,408,409,571
639,504,396,412,402,570
641,498,399,397,406,577
642,491,398,407,405,567
644,496,400,396,408,579
644,497,399,409,402,572
647,491,400,410,398,576
637,485,384,400,412,576
652,478,403,402,401,580
651,472,404,400,400,583
642,475,393,396,411,579
649,467,401,402,412,575
650,467,405,396,403,583
645,467,403,403,411,572
645,464,402,404,408,573
647,456,406,392,402,583
647,455,403,403,400,577
649,452,407,388,410,585
648,451,408,394,405,584
647,437,405,399,412,583
640,453,399,399,411,573
643,439,409,402,414,580
641,453,406,389,410,584
627,457,398,391,416,585
636,448,408,397,404,585
638,448,410,391,408,586
635,451,383,401,414,574
627,441,380,404,412,588
635,440,383,401,416,587
624,456,374,391,416,582
629,445,381,404,411,585
636,455,387,401,416,574
630,449,372,405,413,588
633,464,397,405,407,577
631,450,398,406,413,587
638,462,402,408,407,580
628,465,394,400,418,583
635,463,403,396,416,584
625,461,394,406,412,585
628,465,398,400,418,584
637,463,404,408,408,577
630,452,396,408,412,586
638,464,404,408,412,575
638,462,411,395,413,585
641,447,407,406,414,586
632,457,406,395,414,586
641,448,406,408,412,586
636,454,398,407,413,586
635,463,402,396,418,583
630,459,394,404,415,584
648,460,411,397,407,584
641,442,406,404,410,587
646,449,412,405,415,584
648,459,409,400,419,577
644,452,406,408,416,588
637,456,398,409,407,578
636,466,401,399,418,583
642,466,408,408,413,575
636,463,405,398,416,582
637,455,398,411,413,587
641,465,411,394,416,585
648,460,414,401,406,588
645,459,412,409,417,579
644,465,410,397,413,584
634,459,399,409,414,585
649,461,414,405,417,577
639,463,410,409,415,576
644,467,410,410,414,576
646,469,409,398,418,584
643,470,409,410,412,575
645,471,409,410,411,577
646,469,409,412,408,580
646,457,414,408,417,582
646,468,412,410,414,575
651,467,414,405,406,586
648,468,412,412,419,576
650,467,413,415,419,586
650,467,413,411,404,583
651,467,414,404,413,585
655,463,418,412,419,580
651,472,415,415,415,576
651,477,412,415,412,576
643,471,402,413,415,585
654,478,412,414,410,576
655,477,404,419,403,582
658,465,417,419,418,586
655,478,419,421,406,582
659,471,417,415,421,581
646,487,405,415,422,583
650,486,418,425,412,581
658,480,422,419,422,578
654,490,416,424,416,574
655,485,420,420,422,576
651,492,412,413,423,581
646,493,408,424,421,583
659,484,411,427,420,581
647,495,406,420,424,583
655,478,417,427,418,585
657,482,419,425,422,581
663,492,423,419,414,583
658,500,419,430,412,579
655,499,419,429,413,575
654,486,419,427,420,584
662,487,423,426,423,578
649,502,411,421,423,581
657,501,420,428,421,574
661,488,416,423,419,578
654,492,417,429,421,584
663,497,423,421,414,583
657,489,420,427,422,583
659,502,417,429,418,574
661,493,423,424,424,575
644,504,409,422,421,580
651,503,411,420,421,580
659,493,423,425,422,575
649,498,408,424,418,582
659,501,421,429,408,579
660,500,424,424,406,583
645,503,411,421,419,581
660,499,422,424,406,581
662,493,422,417,408,580
651,505,416,416,419,580
652,503,414,419,418,581
656,503,418,430,409,574
661,488,424,423,418,579
657,498,420,423,412,584
653,491,409,429,415,583
655,503,418,428,408,577
662,498,421,424,405,581
654,504,414,414,419,581
654,504,416,426,417,572
661,500,420,413,408,583
644,495,405,426,414,583
660,498,414,416,407,582
652,503,412,424,409,576
655,494,413,418,420,575
641,499,396,419,415,582
647,499,405,421,408,575
648,492,408,416,419,574
635,499,388,409,417,578
646,498,401,402,414,579
644,494,399,408,404,582
635,495,392,401,414,580
625,493,379,410,414,578
635,487,399,409,417,579
620,496,384,416,413,580
626,489,391,415,412,582
627,497,398,410,405,580
630,503,396,415,405,576
629,497,393,416,400,573
629,501,399,412,404,580
619,507,388,405,416,577
631,503,401,403,411,581
612,506,384,413,415,581
619,505,397,411,415,569
620,506,398,403,410,579
617,494,389,414,411,580
617,503,399,401,406,580
613,493,396,413,412,577
614,506,398,411,404,577
614,501,399,410,415,572
613,508,395,401,415,578
614,508,397,413,402,578
599,499,387,416,412,580
616,495,400,411,413,580
612,506,399,402,411,579
613,509,394,414,405,574
609,507,398,411,419,571
619,490,397,412,412,578
614,510,394,420,408,572
607,503,387,416,414,582
618,502,401,413,417,574
614,495,397,415,415,580
614,496,394,417,413,582
615,512,396,415,412,572
607,497,387,416,413,581
603,506,386,415,415,580
617,509,398,414,404,578
612,511,396,415,414,570
612,511,396,417,406,574
612,511,396,418,410,571
608,511,398,416,415,571
604,498,393,415,415,581
608,511,394,403,416,577
611,506,399,413,420,572
597,509,387,412,419,578
608,511,398,414,405,575
596,513,397,414,406,577
609,496,397,415,415,581
594,501,389,417,415,582
611,508,403,408,407,582
599,512,389,418,413,581
612,509,401,415,408,578
600,511,393,408,419,577
605,513,399,418,406,576
610,503,403,415,420,576
594,512,388,414,417,579
607,503,404,410,415,572
605,512,402,405,416,579
609,503,403,406,404,581
607,504,404,413,420,573
604,514,389,415,419,579
602,498,399,419,415,582
597,514,391,419,417,583
606,511,398,406,420,578
611,509,401,406,416,580
603,502,392,420,416,583
605,499,394,419,417,582
615,511,403,408,418,582
601,508,390,418,418,579
616,509,406,406,412,580
613,497,404,417,419,580
608,498,397,420,416,582
616,498,405,416,420,577
612,499,400,417,418,581
614,506,404,415,421,572
617,504,406,415,424,574
616,500,406,412,420,575
604,512,395,419,415,572
609,510,387,412,417,578
613,512,390,414,418,578
621,506,401,409,409,571
620,511,400,416,410,572
624,505,401,400,415,580
628,484,405,407,413,580
628,493,405,408,418,575
630,498,405,410,420,574
619,503,393,410,417,579
620,500,391,412,413,575
631,490,400,411,415,581
632,506,401,412,413,572
635,507,401,412,407,576
635,506,401,414,408,575
627,503,392,414,415,581
642,500,407,405,406,582
642,497,408,409,419,576
639,493,397,409,414,581
634,506,394,408,417,579
635,505,393,410,417,579
649,499,410,401,414,582
646,506,405,414,411,576
651,500,410,406,410,583
648,503,412,402,418,582
643,498,397,416,418,583
655,499,411,408,409,584
652,491,410,414,420,583
651,502,409,415,418,575
652,501,411,411,409,583
648,506,409,406,423,581
652,502,407,407,422,584
648,500,412,415,424,574
655,491,414,417,423,583
652,489,409,419,424,584
650,507,410,419,418,575
655,492,413,415,428,584
646,496,403,421,420,587
653,501,412,420,413,584
643,494,405,422,418,588
644,505,400,414,425,583
654,500,415,410,416,586
651,495,414,417,427,580
656,495,413,419,426,579
654,499,414,416,427,576
654,502,411,408,422,584
655,491,412,420,423,587
651,508,409,422,417,579
653,500,412,419,422,575
655,496,414,417,426,580
656,494,415,417,426,579
655,502,412,417,413,584
655,505,410,422,415,579
649,491,413,418,426,581
656,504,410,408,424,584
649,486,407,423,422,580
643,505,411,424,414,583
643,498,396,414,421,582
643,508,410,420,425,581
647,496,401,423,422,586
657,501,412,416,420,587
644,497,399,422,422,585
656,492,412,414,420,575
655,500,412,420,413,581
655,496,408,414,423,574
651,501,410,417,422,576
644,502,401,410,426,583
657,497,411,414,412,584
655,487,414,414,425,584
653,503,406,415,425,573
657,498,414,408,416,585
646,490,407,420,420,587
652,501,408,419,414,575
657,500,413,410,415,586
656,495,413,416,424,578
656,498,412,413,413,586
655,491,414,415,424,580
654,486,408,418,421,585
655,503,410,419,420,576
654,500,411,419,411,582
643,500,397,416,421,581
654,500,411,415,409,584
653,501,411,407,422,584
654,498,416,407,418,585
651,502,411,417,413,583
644,502,396,414,424,584
654,500,411,421,414,581
643,497,398,416,422,584
645,503,400,414,425,585
655,486,415,416,424,584
654,500,411,405,420,585
656,489,413,416,425,583
658,495,415,411,412,585
658,497,415,411,413,585
658,499,414,413,413,588
644,498,399,418,422,584
658,499,416,410,416,587
641,504,400,415,424,584
657,502,411,421,413,580
657,492,414,415,412,585
653,498,413,421,421,587
644,492,401,421,422,587
653,500,409,405,422,585
657,497,413,420,411,585
655,494,408,419,420,573
655,485,409,418,423,585
655,486,416,416,424,581
654,500,411,420,419,576
644,496,400,422,421,585
654,485,412,418,423,584
645,494,399,419,421,585
642,498,399,415,423,583
651,500,410,420,419,578
658,491,415,411,416,586
648,490,407,405,424,582
656,486,412,416,424,578
649,488,407,403,423,583
656,476,412,414,423,576
655,480,415,404,419,586
655,480,408,401,419,583
645,476,396,411,419,583
655,473,412,410,422,579
654,460,409,411,417,587
656,474,409,409,409,580
655,461,410,410,419,587
655,476,411,409,424,577
657,463,412,407,420,581
656,475,409,409,408,582
644,479,398,405,419,584
660,474,408,408,406,582
649,467,400,410,415,587
646,466,399,409,415,587
656,470,412,406,416,576
647,478,396,403,415,583
650,461,403,407,415,587
652,473,407,408,403,581
643,468,396,407,413,585
658,466,412,405,417,579
654,460,406,405,413,585
648,476,399,397,417,582
653,460,411,406,414,587
654,467,413,405,418,577
655,472,410,403,405,585
650,476,405,408,411,575
643,465,396,403,409,587
656,470,409,405,412,576
645,471,403,394,416,583
649,474,405,406,403,580
656,465,409,400,414,578
652,472,405,401,407,574
652,472,404,406,401,578
653,469,407,392,410,585
653,470,406,398,408,576
651,474,406,403,401,581
654,456,407,403,412,587
656,457,410,400,412,582
655,467,408,402,414,575
645,462,401,405,410,588
652,467,404,404,407,574
658,471,410,390,408,587
651,476,403,392,412,583
653,462,408,402,412,584
647,476,408,391,412,583
657,461,411,400,413,582
656,472,410,401,401,584
654,476,408,400,401,583
652,476,407,406,403,579
644,470,397,403,411,585
657,473,413,394,406,587
657,473,411,395,407,588
648,477,398,389,414,580
644,473,397,402,413,584
648,478,407,409,406,581
652,480,406,410,409,576
645,480,401,399,417,582
645,471,398,408,410,586
653,478,410,410,403,583
647,472,400,398,415,582
644,474,396,406,415,583
646,476,409,395,413,583
655,477,412,397,412,584
655,478,409,410,401,583
650,466,406,412,412,587
645,472,397,411,412,586
650,478,407,397,411,584
656,478,412,400,409,584
643,477,399,410,413,583
654,464,407,412,412,587
653,465,406,412,411,587
656,480,410,414,405,581
659,476,414,404,407,585
660,476,414,401,409,587
653,479,408,400,414,583
660,476,415,402,408,585
657,477,412,411,418,577
660,468,414,410,415,580
659,464,411,411,414,584
649,481,406,401,415,584
659,465,415,411,415,581
655,482,410,415,403,578
649,465,406,414,412,588
660,478,418,403,409,586
646,472,398,413,414,584
644,478,399,408,416,583
659,477,411,410,403,584
657,470,414,410,414,578
655,470,414,411,416,578
649,482,405,401,418,582
654,481,409,415,407,578
656,474,408,402,413,583
655,474,407,414,411,574
646,482,401,408,415,583
659,476,414,408,406,586
653,471,414,411,417,577
657,474,413,411,418,577
660,475,414,404,408,587
653,477,413,401,415,584
646,473,398,415,414,583
660,475,416,404,409,586
649,466,404,415,414,587
657,461,413,415,414,584
660,466,414,410,417,579
656,471,413,415,416,577
654,476,409,415,412,576
653,477,408,403,414,585
645,478,396,409,414,582
648,476,399,415,412,585
645,480,399,408,415,583
655,476,414,407,406,587
660,476,414,406,404,587
659,464,415,410,416,582
659,477,415,403,408,587
657,475,414,408,404,585
659,472,413,412,415,577
649,481,404,407,416,583
647,479,395,408,414,581
660,476,412,410,402,584
655,481,411,412,412,578
655,479,408,412,404,579
657,462,412,408,411,587
660,474,415,401,403,586
656,473,413,405,412,577
647,474,399,407,411,584
647,477,400,401,414,584
657,474,415,399,405,586
655,480,408,407,404,578
654,477,408,391,408,585
652,464,406,405,409,585
658,462,411,403,410,583
657,476,410,400,399,583
657,466,411,402,410,583
636,475,395,402,409,583
649,481,402,395,412,581
654,477,406,407,400,579
641,481,396,402,411,584
650,475,407,406,410,577
651,480,401,407,404,579
653,466,402,406,409,584
652,478,399,406,410,575
648,479,395,396,409,583
652,465,397,404,407,581
651,466,401,403,413,584
638,481,387,402,410,582
652,477,403,399,399,585
651,469,398,406,411,577
652,471,399,404,413,580
652,473,399,404,412,576
648,476,397,398,407,586
645,475,394,398,405,585
644,476,396,397,405,586
639,465,390,409,409,586
642,473,394,406,412,576
628,479,382,401,411,582
633,476,392,408,412,574
633,480,387,398,412,582
641,477,396,408,413,576
642,467,396,409,412,583
636,484,391,411,406,576
642,482,395,395,405,585
639,470,394,408,410,583
636,472,390,409,410,587
635,476,393,409,410,585
637,486,394,403,400,584
636,481,390,401,403,587
631,479,387,412,408,575
634,485,398,398,410,584
632,495,392,399,413,582
637,485,399,408,414,581
640,499,392,414,403,579
636,497,396,414,401,580
635,499,394,413,409,576
628,499,387,408,413,584
642,495,403,404,407,586
641,495,402,412,403,585
625,500,388,410,415,583
644,484,406,411,415,582
635,500,399,403,415,584
630,498,389,413,416,585
640,499,405,415,415,579
642,498,404,417,407,581
645,484,409,412,416,583
634,494,392,417,413,585
648,494,409,403,411,588
633,490,393,416,414,587
648,494,405,407,411,587
634,491,394,420,414,586
645,487,403,412,415,574
644,485,407,404,415,585
649,468,408,413,416,584
649,477,411,405,414,587
646,475,407,417,404,580
637,471,397,406,418,583
642,454,403,418,415,588
641,462,401,406,417,583
646,444,407,414,415,585
646,449,406,411,418,579
645,437,407,417,416,587
648,441,406,414,406,581
646,440,409,411,406,587
645,444,404,417,411,576
651,433,409,413,417,577
650,433,409,412,404,585
639,436,393,410,417,582
638,431,394,413,415,585
650,429,408,413,407,583
651,413,407,414,417,583
646,426,402,403,417,583
654,412,408,412,416,583
641,417,395,417,412,582
652,419,408,418,404,585
654,412,407,416,408,581
648,408,399,417,415,588
653,418,409,403,412,584
647,409,402,415,413,586
656,414,409,408,406,587
654,420,406,402,406,585
649,424,404,414,412,577
652,421,407,402,415,583
655,415,411,410,416,578
652,424,406,417,405,579
650,424,401,403,417,583
648,409,401,414,412,588
654,425,406,416,404,582
657,424,405,402,412,587
637,423,395,411,417,586
653,419,410,410,418,575
654,410,407,409,414,583
652,423,395,414,413,586
646,418,401,416,414,587
653,429,408,416,405,580
648,416,404,420,412,588
655,423,411,409,406,587
651,429,407,417,407,582
652,428,409,416,418,575
653,429,408,417,409,577
654,427,409,402,414,587
652,431,407,417,410,577
642,423,394,412,413,581
653,413,409,414,415,586
653,423,411,415,417,578
655,425,411,413,406,584
652,429,407,417,407,579
655,425,413,404,409,586
652,418,409,415,416,588
646,421,398,416,413,588
650,431,406,403,415,584
651,433,408,416,415,577
650,433,405,417,413,586
649,433,408,404,414,583
655,430,413,406,410,589
655,433,411,414,405,587
652,437,410,413,404,585
654,436,409,415,419,576
652,440,407,418,407,579
656,437,413,411,407,588
657,438,412,411,406,588
643,437,397,415,416,584
644,445,400,409,420,583
653,444,410,415,417,578
642,443,396,416,415,587
643,439,400,408,412,586
657,443,410,414,403,586
648,436,398,419,413,588
654,445,412,412,407,587
656,447,413,411,407,590
650,446,408,413,410,579
654,453,410,414,408,587
654,443,410,418,416,590
641,454,393,416,413,583
650,459,406,420,407,581
653,454,407,406,411,585
650,467,407,419,409,579
650,455,413,417,419,586
651,472,409,416,411,580
654,469,415,413,406,588
647,454,404,422,413,588
651,462,409,418,405,585
649,487,405,421,409,583
651,488,408,421,411,580
644,477,403,423,412,591
654,476,414,417,417,587
653,494,409,419,411,580
650,490,414,413,410,590
648,493,409,423,405,585
643,484,400,423,414,591
645,495,409,422,409,583
653,480,411,418,416,590
638,495,398,415,417,587
652,488,409,421,416,590
641,496,409,420,414,580
640,493,398,419,416,588
650,494,409,423,406,584
639,497,398,421,420,589
650,494,410,422,413,579
653,494,414,410,415,588
652,495,408,422,416,579
643,496,402,418,422,586
650,477,411,421,418,589
654,485,418,419,422,590
655,478,412,429,404,588
648,478,410,425,418,591
654,488,417,419,409,588
642,489,401,424,420,589
643,482,405,427,419,590
655,480,404,427,418,587
642,480,399,427,415,584
653,470,417,426,422,589
654,479,416,414,419,588
651,475,412,430,412,578
649,472,413,416,423,587
656,463,420,424,424,579
656,461,421,417,416,588
657,452,419,424,425,583
652,453,415,430,412,582
643,446,405,425,421,586
642,448,405,421,422,585
653,428,415,428,420,589
656,437,419,423,410,588
655,434,419,417,418,589
650,431,417,430,410,585
655,425,399,424,420,586
646,421,403,430,418,589
646,424,403,423,422,588
657,416,418,421,412,588
659,414,417,417,415,589
653,417,410,427,417,579
651,402,407,423,419,590
658,411,413,418,412,589
645,413,410,419,422,579
646,419,403,409,422,586
655,404,408,417,419,588
650,420,400,408,418,587
653,423,405,420,408,584
651,422,403,404,420,589
643,419,397,415,416,590
653,426,406,414,411,580
654,426,395,409,408,588
652,428,405,414,413,580
657,421,411,403,409,589
656,413,410,410,419,588
651,410,404,413,414,590
658,423,414,402,412,591
648,415,403,412,417,590
643,429,396,406,418,585
652,428,408,415,406,584
654,425,408,412,404,588
647,429,408,413,410,580
655,426,412,403,409,589
648,412,409,410,418,586
654,422,412,408,420,582
645,429,399,405,419,586
643,426,398,411,417,584
656,426,410,408,406,588
649,431,408,394,420,587
655,413,411,410,417,585
650,418,403,412,415,590
654,413,410,409,416,586
642,426,396,409,415,588
655,426,411,403,407,588
643,425,399,411,415,588
653,408,406,410,415,590
655,429,409,410,417,578
656,416,411,408,417,586
647,420,401,411,413,588
653,431,411,410,406,585
646,428,395,411,413,588
650,431,403,399,418,585
654,434,409,409,414,578
650,432,405,401,415,584
649,432,403,400,416,584
656,417,411,408,413,582
651,433,403,402,418,582
653,432,406,413,404,579
642,434,397,407,413,581
656,428,410,408,402,585
641,434,398,407,414,583
643,424,394,412,412,583
653,435,406,415,406,575
641,433,401,404,415,580
650,435,405,415,412,574
656,422,409,412,416,579
651,419,411,414,416,582
645,418,408,415,415,582
644,428,394,418,412,581
646,429,411,407,408,583
646,437,403,413,407,571
640,436,406,419,404,576
635,420,407,415,415,579
641,436,394,420,411,580
644,434,415,408,407,581
643,435,406,418,402,578
646,436,407,405,407,580
638,440,408,415,400,581
640,451,404,419,403,575
627,457,399,406,415,578
636,461,406,413,399,579
627,456,396,416,406,582
635,467,395,407,410,578
632,451,400,413,409,582
630,466,401,411,401,572
625,453,397,411,407,583
633,448,404,408,407,581
631,465,403,411,398,577
625,464,404,405,398,580
620,467,401,413,402,575
626,466,401,398,410,579
625,468,398,412,403,572
623,468,396,399,412,578
627,466,398,409,399,577
629,464,399,407,411,573
624,461,399,404,407,571
623,453,399,407,408,582
623,473,398,412,399,575
611,470,385,407,409,580
624,476,397,408,411,572
613,474,397,409,413,572
623,473,400,408,411,573
612,477,384,409,410,581
617,473,386,413,407,582
622,477,399,401,399,582
622,487,395,412,400,574
623,480,398,409,411,571
627,483,400,402,401,582
623,481,391,394,411,580
628,484,401,402,404,582
620,475,396,412,410,583
621,491,395,413,401,576
624,474,394,411,408,583
627,490,400,400,408,582
628,490,399,402,407,583
628,492,397,408,400,578
621,478,390,413,410,584
628,488,399,406,401,581
628,487,400,403,402,583
612,485,401,396,404,584
623,495,396,412,407,574
617,490,393,413,404,570
627,495,397,410,411,570
629,479,402,409,413,577
626,497,395,415,403,575
628,493,400,402,410,582
620,496,395,413,412,572
624,484,399,411,414,573
621,494,396,413,401,577
619,490,398,411,413,572
619,498,395,415,405,576
619,495,400,412,412,579
617,492,398,402,406,574
606,492,396,411,410,572
606,476,383,415,409,579
615,478,389,415,408,581
614,486,399,416,413,574
612,491,400,403,400,581
617,490,398,410,401,578
616,483,403,398,405,580
619,487,400,409,400,580
618,488,397,403,409,580
623,484,401,405,407,582
612,474,401,410,402,582
614,471,391,405,414,580
627,459,399,402,408,582
630,441,400,412,411,583
633,437,392,400,414,577
636,429,401,409,411,581
639,438,401,403,406,583
636,436,401,406,400,582
642,426,400,400,402,582
643,424,402,406,411,577
646,426,392,412,406,584
636,432,388,404,415,579
646,415,401,407,413,582
643,428,390,399,414,580
648,417,403,405,414,578
644,417,404,405,413,580
649,416,402,405,410,580
637,428,388,405,412,582
641,418,393,409,409,585
649,416,402,404,410,585
645,433,391,403,405,586
646,430,400,409,402,576
640,431,398,396,414,580
634,427,390,405,414,581
648,416,399,410,410,584
652,418,406,406,415,575
649,430,402,408,404,573
640,415,401,408,411,586
649,432,402,409,408,577
645,432,398,396,417,581
646,425,406,402,412,582
643,424,405,403,417,574
640,428,398,399,416,582
646,409,408,403,412,583
654,422,410,395,406,586
648,428,403,402,408,574
648,421,393,403,412,583
651,413,410,400,416,578
640,423,395,403,413,584
650,412,405,404,413,586
648,423,394,402,414,585
652,429,407,394,415,584
641,428,395,396,413,583
652,415,410,401,416,581
655,430,397,400,416,584
648,430,404,406,407,578
653,424,409,395,407,588
641,427,407,406,402,583
649,431,405,407,405,577
648,430,407,407,410,577
654,427,410,393,412,584
642,425,396,406,412,585
647,428,408,408,413,576
651,428,406,408,404,579
643,424,400,397,416,584
642,422,396,406,412,586
652,413,407,411,403,580
641,421,398,408,407,588
655,424,412,405,412,585
649,423,406,395,412,586
654,432,411,405,413,580
643,447,402,398,411,586
639,446,410,396,409,586
641,440,398,411,408,589
636,442,410,407,413,579
638,439,396,410,409,589
651,452,412,401,403,589
650,444,410,408,398,589
643,453,396,408,409,587
646,456,403,393,411,583
640,462,397,410,408,589
647,451,412,406,413,583
646,462,411,402,403,590
649,461,411,401,402,591
640,469,399,401,413,587
644,456,403,410,409,589
649,472,402,397,414,586
647,459,411,407,412,585
647,472,396,407,409,589
646,481,413,403,404,590
642,475,406,414,412,591
649,492,411,408,402,588
635,490,397,411,412,588
647,498,411,412,402,586
643,504,409,411,412,589
635,499,397,410,413,590
641,498,410,409,418,580
646,501,413,402,405,589
641,493,400,412,413,589
647,486,413,411,413,589
649,487,413,411,415,586
646,497,413,397,408,588
647,490,412,412,418,578
650,481,410,415,414,579
646,479,410,414,415,579
646,472,409,405,412,588
652,462,416,403,411,589
650,453,415,414,417,580
648,447,411,415,418,578
648,443,416,402,414,588
649,435,411,402,410,586
641,433,401,412,417,586
653,423,415,412,419,581
641,431,405,408,419,586
644,426,402,411,418,584
646,407,412,415,414,588
648,409,417,412,419,584
639,417,401,416,414,588
649,425,408,414,408,581
649,415,415,414,418,580
639,419,400,415,417,588
651,415,417,413,419,581
638,416,401,419,415,588
648,414,417,405,414,587
649,414,416,415,420,579
650,411,416,415,419,580
637,413,402,413,416,585
652,412,417,409,407,590
644,405,403,417,417,588
652,412,417,406,412,587
648,413,410,415,408,579
652,409,418,410,407,588
639,416,406,409,420,586
640,412,405,409,420,586
650,406,416,413,420,579
649,409,417,413,420,579
649,411,418,414,421,580
652,408,418,414,418,579
638,417,412,417,417,588
647,403,413,417,417,588
637,409,416,415,417,576
641,411,405,416,416,587
650,413,415,416,408,581
653,399,418,412,416,579
638,411,411,413,413,576
652,418,420,402,418,586
648,417,411,417,417,589
652,418,414,417,408,582
652,416,418,411,406,588
653,419,419,406,411,590
648,424,409,406,419,586
648,425,415,419,411,578
647,423,413,414,409,579
652,432,414,419,404,581
650,434,413,419,412,577
644,443,407,406,419,586
644,434,409,419,415,590
650,452,417,413,408,589
646,460,412,419,413,580
647,454,415,412,409,587
652,462,417,404,417,587
641,466,413,420,412,584
638,452,403,416,419,588
639,465,403,412,420,588
652,460,418,411,408,591
647,449,411,419,416,590
652,449,419,415,420,583
648,458,411,404,417,586
650,461,417,416,407,585
645,451,410,419,415,590
648,461,415,415,416,580
650,448,413,418,416,591
648,463,413,407,419,587
638,453,404,421,415,589
651,457,418,418,407,590
643,448,409,420,416,592
650,464,418,415,405,588
652,460,419,417,419,583
653,451,420,416,420,584
652,453,415,416,419,583
653,454,404,409,420,586
654,456,409,412,409,587
654,437,404,419,417,581
642,457,390,417,420,585
642,439,397,422,419,585
636,453,395,422,419,586
639,440,397,425,417,589
643,438,401,422,419,585
643,449,400,412,412,587
632,442,390,427,416,590
630,439,388,426,415,587
627,448,392,424,408,579
628,450,394,421,418,576
624,454,398,412,409,588
616,452,380,419,416,584
628,451,394,410,412,587
622,453,392,413,415,585
616,457,388,410,412,584
626,452,397,412,402,586
613,454,381,415,412,583
617,458,381,407,415,580
618,456,394,421,402,580
624,453,395,419,401,583
619,455,391,408,413,585
614,456,381,419,412,584
621,457,393,422,405,575
626,441,396,426,402,581
616,456,386,412,414,583
613,460,382,416,413,583
612,454,398,417,414,578
623,454,398,417,413,583
624,451,399,420,410,576
612,448,390,408,414,582
609,455,383,413,415,583
619,441,397,417,413,583
622,443,389,417,413,583
618,452,382,418,411,584
613,444,392,420,405,576
621,450,393,403,411,584
618,454,386,413,414,581
618,441,380,414,409,582
618,454,395,406,413,581
605,457,381,411,414,581
616,456,394,416,410,574
615,455,396,414,404,578
618,451,398,406,407,585
616,449,399,418,413,573
607,458,381,414,413,582
619,452,398,413,402,584
616,458,395,417,408,575
603,448,383,418,411,584
605,453,382,415,410,583
618,441,394,417,411,587
612,452,398,414,414,575
613,456,390,406,416,577
621,439,396,411,401,586
614,456,387,417,412,586
609,456,396,413,413,574
610,458,395,408,417,584
609,451,395,417,412,586
624,452,401,407,408,585
618,442,400,420,412,586
625,452,389,411,415,584
619,449,387,419,412,585
622,455,399,416,417,576
625,456,400,405,412,586
624,457,400,422,404,581
615,461,394,406,417,583
626,457,399,407,411,584
625,456,401,407,408,585
620,459,397,405,411,583
623,457,402,406,415,583
622,457,395,405,416,584
616,461,391,406,415,582
625,463,399,404,413,585
622,463,392,415,404,580
624,463,399,413,403,582
617,447,397,414,414,575
626,457,387,409,418,582
615,452,388,416,413,586
619,461,396,403,415,583
625,460,385,416,413,584
625,458,383,412,415,583
627,458,402,402,415,583
625,459,400,406,405,585
625,459,389,403,415,579
613,464,386,406,416,584
623,444,398,413,413,584
621,462,396,415,408,576
626,449,401,411,416,581
615,456,387,414,411,586
623,462,382,400,409,584
625,448,398,411,416,576
624,460,397,401,415,581
628,460,385,412,411,585
629,453,396,407,402,585
627,462,396,413,403,580
630,457,383,408,403,586
630,465,395,409,410,576
632,458,401,407,415,583
635,454,390,402,415,583
623,459,387,410,405,579
636,452,386,412,413,586
635,454,400,406,414,582
637,452,397,407,411,577
642,446,399,407,402,582
642,438,397,406,413,584
641,445,396,395,415,584
638,444,397,410,403,581
646,438,402,400,404,588
643,441,400,410,404,581
646,434,401,406,402,584
635,437,400,394,415,583
647,431,402,404,403,587
648,420,401,407,404,583
647,426,404,401,417,579
643,432,401,400,414,585
630,433,391,400,415,583
643,431,390,402,420,576
645,423,403,400,405,587
648,428,407,393,407,588
643,428,403,402,415,590
629,420,393,401,413,587
642,429,402,389,415,585
637,426,403,388,416,586
632,423,393,400,416,587
642,426,399,392,419,584
643,423,404,404,406,580
646,417,403,393,418,585
646,415,405,399,414,587
648,416,409,388,410,587
647,406,400,400,405,583
637,423,396,395,417,585
644,422,403,403,408,578
639,421,405,394,417,584
642,406,403,402,414,587
647,408,410,401,403,587
634,418,390,399,418,583
640,423,404,403,413,578
648,407,409,401,416,586
636,419,392,402,415,587
643,424,403,403,413,590
648,422,410,394,411,588
647,424,409,405,413,579
644,415,398,402,414,586
648,423,408,404,411,580
637,425,394,407,415,587
646,429,404,410,408,580
649,429,407,404,403,588
646,419,409,404,416,583
650,431,407,407,404,584
640,429,395,409,413,588
644,440,397,402,417,586
650,432,409,411,404,584
643,430,402,408,418,583
651,430,403,408,402,584
638,450,394,405,405,590
653,454,411,401,412,590
645,453,411,411,416,584
646,471,406,412,413,581
650,470,410,413,405,588
646,465,406,415,414,591
649,464,407,404,409,592
648,475,411,414,418,583
651,476,409,410,418,587
646,481,407,404,407,583
646,482,407,407,417,587
648,481,411,416,415,588
637,476,411,418,413,580
648,467,408,413,418,587
646,485,409,417,416,592
649,475,414,405,406,589
645,479,412,418,418,581
651,480,413,413,406,589
638,486,409,420,417,579
652,479,408,410,419,587
650,476,414,421,409,581
643,486,408,411,420,587
651,471,406,423,407,587
649,486,411,417,417,588
645,470,414,419,417,587
646,483,412,421,405,586
651,472,414,421,416,588
651,471,412,424,406,584
652,471,416,420,418,587
653,477,414,420,418,580
648,483,413,417,406,590
646,487,410,410,415,589
651,483,415,417,407,589
645,487,412,425,409,582
646,483,412,411,417,587
648,480,400,425,415,589
651,482,416,415,411,590
649,471,417,424,416,591
645,471,411,425,413,591
647,482,415,423,418,588
641,471,410,424,420,585
647,481,416,424,417,590
644,471,414,423,420,590
644,473,418,424,418,584
636,488,406,415,421,584
642,487,412,427,415,578
640,485,409,413,419,587
647,481,417,421,407,587
637,486,404,412,421,583
638,472,408,427,415,590
639,475,402,426,416,589
634,482,403,429,416,589
639,476,417,416,411,588
643,485,411,426,408,582
646,471,418,427,413,579
646,482,415,424,419,578
638,485,411,429,419,585
642,485,411,415,419,587
634,483,415,425,419,579
640,487,412,414,420,586
646,482,415,424,417,586
633,484,400,424,419,586
648,482,416,416,421,585
640,486,408,415,420,586
647,482,416,417,407,591
632,487,400,425,420,588
636,486,405,416,422,587
645,475,415,423,419,582
644,471,412,427,418,589
647,481,417,425,423,584
634,479,400,427,417,589
648,482,416,416,413,590
643,470,412,425,416,588
645,484,413,428,408,583
648,480,415,420,408,589
638,475,406,428,416,589
644,472,411,427,417,590
645,485,415,415,414,589
639,471,409,429,416,591
647,480,416,426,407,588
650,470,419,423,423,585
645,461,411,430,423,579
646,460,415,428,409,590
648,467,415,429,417,590
644,470,401,422,419,587
635,462,401,429,417,590
648,457,414,423,423,580
646,454,412,414,419,588
645,455,402,422,422,587
645,447,412,425,419,579
647,447,411,428,412,579
651,435,401,428,417,591
642,440,408,426,417,590
639,437,415,414,413,587
649,432,418,424,418,584
651,426,409,424,418,591
641,444,407,417,421,588
638,446,401,414,421,585
646,441,414,431,409,587
646,447,414,427,419,580
650,438,417,428,417,579
637,448,401,426,420,588
652,444,417,426,410,590
650,444,415,425,418,581
640,448,403,424,417,590
650,444,416,421,409,590
649,443,417,424,418,590
650,444,414,426,420,580
647,444,415,416,409,586
652,444,416,424,421,587
653,443,417,417,414,589
650,448,412,428,409,582
647,446,415,428,414,591
652,434,411,427,419,591
651,436,417,423,423,585
646,449,413,424,423,580
648,447,412,424,408,590
640,444,403,426,418,589
647,433,413,428,420,587
652,447,415,423,411,587
648,448,412,416,421,588
647,433,410,428,409,587
650,448,412,429,416,578
651,445,414,425,409,587
652,441,417,425,422,583
654,440,419,411,412,589
651,446,415,422,423,586
641,444,417,421,418,589
649,446,417,414,416,589
640,443,401,427,420,587
644,449,412,410,409,585
649,451,405,420,423,587
648,452,410,430,412,582
654,446,417,425,407,587
649,447,414,429,418,584
638,446,402,425,422,587
647,445,404,430,419,590
646,448,416,424,419,578
648,452,414,428,416,579
653,449,417,415,418,588
652,424,413,425,418,588
641,427,408,428,420,590
651,435,415,423,412,589
650,420,413,427,415,591
647,436,411,427,419,580
650,419,414,422,422,588
648,431,407,413,420,588
649,429,413,422,423,583
652,431,411,424,416,579
646,426,414,418,411,590
649,429,411,410,422,585
651,425,413,418,409,589
641,426,402,416,421,586
653,411,414,417,421,587
643,424,403,419,423,580
649,407,411,418,419,589
646,409,404,419,418,590
648,421,409,408,411,587
647,424,402,411,421,587
651,421,399,420,414,579
649,419,406,420,416,590
653,420,415,407,415,590
651,421,412,404,417,579
649,422,411,418,411,583
654,421,399,415,419,587
648,422,409,417,408,582
642,413,402,419,416,590
653,428,402,410,421,586
640,420,401,415,418,588
650,425,413,420,407,588
651,412,411,406,418,590
647,427,410,406,419,589
651,420,416,414,416,588
650,426,417,409,415,588
637,428,400,414,417,587
647,430,412,422,422,580
643,424,402,419,418,588
639,430,404,413,422,587
643,430,409,407,422,585
646,429,415,419,410,584
652,423,418,417,423,581
650,425,415,417,424,578
647,427,413,410,418,579
638,428,417,418,405,587
650,432,413,422,416,578
649,429,416,421,421,588
647,414,409,421,419,591
645,423,404,424,421,585
649,434,412,417,419,577
652,425,416,418,409,588
651,431,419,406,418,587
640,435,402,416,421,586
645,422,407,424,420,591
653,425,419,409,419,587
653,434,405,417,419,586
650,434,413,423,422,590
656,420,415,422,422,589
646,436,414,423,419,579
655,437,415,422,422,587
657,434,419,415,421,587
656,437,420,416,420,589
655,439,415,426,413,580
656,428,419,421,423,584
651,443,412,412,411,588
653,445,416,413,421,579
655,447,416,422,420,580
640,456,406,419,423,586
653,457,414,415,419,590
657,456,418,420,412,589
650,466,414,416,422,587
652,452,410,429,419,588
657,462,416,426,422,587
657,459,418,425,422,585
651,474,409,416,422,584
647,474,402,430,421,586
656,477,413,430,411,581
647,474,401,430,422,586
656,461,414,423,421,586
643,487,404,421,414,583
654,484,417,417,421,586
652,477,411,432,422,588
659,487,418,419,416,588
644,490,402,424,413,588
656,490,413,426,410,587
654,494,410,417,423,587
643,493,401,428,422,586
643,504,414,426,425,578
650,500,408,419,424,586
646,496,416,424,413,588
643,497,401,426,424,588
657,500,411,429,421,578
641,499,399,423,420,584
657,498,411,417,419,587
656,501,400,430,421,586
652,507,409,431,421,589
654,509,412,433,415,580
647,498,402,434,425,579
655,494,411,432,422,578
655,508,399,431,423,586
655,493,415,429,414,585
651,510,409,433,421,587
645,502,414,423,420,587
656,492,412,419,418,588
652,501,411,431,427,579
647,508,413,424,415,588
652,505,414,421,427,587
652,491,413,428,427,581
642,498,408,432,418,578
648,508,407,435,417,582
637,507,397,425,422,588
647,506,408,434,414,579
651,502,411,432,425,585
638,508,395,431,424,585
639,506,397,425,426,585
639,493,402,434,422,576
639,491,405,434,422,587
647,492,413,426,424,585
652,477,401,418,423,584
651,485,411,425,423,586
650,481,409,429,422,576
638,482,399,428,414,578
654,474,413,417,422,586
649,473,411,427,420,588
654,460,413,419,422,582
650,469,410,430,407,583
649,458,413,423,419,579
643,458,398,417,413,579
641,448,411,417,405,587
653,445,409,417,406,585
649,447,408,420,413,590
655,443,408,405,417,586
652,439,409,414,414,590
644,434,410,412,416,588
643,434,396,415,413,588
652,435,404,416,413,590
657,434,412,405,410,588
653,439,401,409,416,584
655,430,412,412,418,582
653,438,406,401,416,586
655,434,412,409,403,587
650,438,398,401,402,587
647,429,404,415,414,587
645,435,398,412,405,584
652,442,406,415,409,588
650,426,406,413,414,588
653,435,408,414,406,585
652,441,409,415,408,582
653,439,409,415,411,576
646,442,399,409,418,584
655,435,414,408,409,583
654,437,415,408,407,589
654,438,412,412,419,577
647,431,414,412,417,586
657,439,414,412,407,587
657,434,416,416,418,588
649,440,399,415,414,587
644,440,399,415,417,585
645,434,400,416,414,577
646,431,417,414,419,584
645,436,399,416,415,587
658,440,413,416,407,584
655,440,411,420,407,585
658,440,414,412,407,585
654,442,410,418,406,585
649,443,406,407,423,584
657,438,415,414,411,588
661,431,415,415,417,585
657,439,414,410,409,589
645,438,399,414,415,589
644,444,399,416,419,586
660,430,415,415,421,583
660,439,414,419,417,577
656,427,414,408,413,588
648,444,402,411,409,575
658,440,411,419,415,577
657,442,412,420,408,583
656,441,412,419,421,584
659,440,416,412,418,588
659,433,401,420,416,588
661,429,404,409,423,584
656,440,410,407,417,588
650,432,415,420,417,588
659,440,413,415,408,585
657,427,411,419,412,586
657,444,411,421,420,583
660,434,415,415,422,579
657,446,413,407,417,585
651,436,401,422,417,587
659,449,415,417,419,587
660,445,418,416,421,582
658,451,410,420,414,577
662,455,412,405,418,584
658,462,416,411,410,587
645,458,403,420,417,588
659,465,411,420,418,578
655,456,404,408,421,577
646,466,402,422,417,587
656,472,411,419,417,577
659,467,418,407,416,588
659,467,413,419,408,578
659,455,410,417,420,583
656,471,411,420,419,576
653,466,416,412,414,589
657,466,400,419,415,586
653,460,411,408,418,585
650,465,402,423,418,588
661,466,418,413,409,588
659,465,416,417,419,581
656,473,409,422,409,584
658,468,414,418,422,579
652,473,405,409,422,584
661,467,417,409,414,588
656,473,411,421,420,584
660,458,413,419,419,577
659,464,417,417,419,584
656,473,411,423,412,578
649,469,401,419,419,587
661,461,416,419,422,582
657,474,410,422,412,578
656,473,414,420,420,587
659,466,416,419,418,589
656,469,415,423,416,577
649,473,416,419,420,586
653,473,411,409,422,586
649,465,402,424,420,585
657,471,416,419,420,587
658,464,414,408,419,585
662,467,412,406,419,585
659,469,415,420,423,579
661,468,416,411,415,587
647,465,403,420,421,586
660,466,403,420,407,587
661,467,416,411,416,588
647,470,406,409,420,587
653,464,414,418,424,580
659,451,413,421,419,578
649,469,410,412,414,589
660,451,414,420,419,584
658,469,412,423,407,579
660,454,411,423,416,578
654,470,401,419,418,585
655,471,410,420,416,578
655,470,401,417,409,588
646,472,403,414,420,585
655,456,406,422,415,589
661,468,410,420,417,577
657,474,414,408,419,585
657,477,411,417,418,584
658,478,411,419,420,585
657,479,412,417,420,579
658,493,409,420,406,585
657,495,412,412,408,587
654,503,408,419,415,578
654,507,407,416,416,577
654,508,403,406,417,585
638,509,404,413,404,586
648,510,402,417,405,585
641,513,390,410,416,583
645,500,401,412,416,588
630,516,389,415,416,589
638,511,399,413,406,585
644,513,400,407,407,589
628,507,386,415,413,583
640,514,391,406,417,586
634,505,392,418,413,589
630,506,387,418,412,588
634,514,387,419,405,585
632,516,385,412,417,586
633,516,399,417,415,578
629,501,393,419,413,578
630,517,396,412,405,588
621,516,385,416,418,579
627,502,396,416,415,578
621,513,391,420,413,590
631,506,395,419,404,582
630,515,399,417,404,587
634,511,397,407,414,587
623,516,390,413,415,588
633,507,401,417,417,590
631,512,395,407,418,586
628,511,396,407,412,587
631,505,400,417,417,590
629,511,398,414,405,587
616,513,382,415,413,584
623,513,396,423,408,588
624,506,401,413,419,583
621,510,399,418,417,578
626,510,399,410,410,588
622,508,399,419,413,586
621,501,399,417,418,585
616,512,396,422,416,578
619,496,400,419,418,587
608,505,385,417,418,586
620,496,401,418,417,585
615,504,385,418,407,588
603,504,383,420,412,577
615,490,396,424,415,589
602,501,385,424,415,588
612,500,398,422,418,588
615,501,394,411,413,588
604,503,394,421,416,590
600,499,400,412,414,586
614,496,399,421,416,580
616,499,395,412,413,587
604,500,390,414,414,589
611,496,396,417,418,585
611,487,395,423,415,587
608,494,391,413,417,587
606,489,394,425,405,587
596,489,382,414,409,590
601,491,392,414,418,586
603,495,387,413,411,588
600,484,392,420,419,582
593,488,389,424,415,578
580,491,376,426,416,587
595,484,392,414,410,589
592,471,390,422,418,584
585,485,387,420,418,584
587,486,388,413,407,585
589,489,390,411,413,586
576,480,376,424,413,585
582,478,389,420,417,581
586,478,392,414,408,580
577,480,391,415,403,587
576,471,385,424,412,575
574,476,388,419,416,585
574,487,381,412,418,584
572,477,377,426,412,588
576,486,390,423,414,576
577,473,377,425,411,586
571,484,381,416,419,584
579,466,389,422,413,587
569,480,379,420,416,583
570,470,377,422,413,585
571,476,383,424,406,576
568,474,377,422,413,583
580,462,387,418,415,577
577,474,381,419,414,585
578,467,386,420,403,582
578,470,390,419,417,585
576,469,391,411,415,580
576,469,387,422,403,580
575,470,391,408,404,585
573,464,392,418,416,580
569,462,381,420,410,585
572,467,388,415,414,582
564,466,373,421,410,584
569,473,386,416,414,576
571,470,386,420,408,582
572,455,385,416,415,579
559,465,391,417,415,578
561,460,388,419,406,584
568,470,389,418,410,573
559,467,390,413,413,580
572,457,388,417,411,580
572,468,390,417,414,574
572,468,389,411,402,582
562,474,380,415,411,580
570,471,387,418,410,581
567,474,385,415,401,582
571,463,388,410,413,576
567,469,386,420,400,574
560,464,377,419,408,579
568,473,392,419,407,580
570,465,391,416,410,577
566,469,388,419,407,577
564,471,377,410,412,577
567,469,387,416,397,574
562,471,388,407,409,578
564,468,387,416,398,576
552,468,373,414,408,577
560,469,389,414,406,575
562,472,389,404,403,576
548,457,381,417,403,576
553,471,369,411,407,570
538,468,374,411,404,569
552,464,385,412,392,567
548,450,388,412,403,558
548,460,380,408,403,567
550,460,386,412,392,566
546,447,385,415,400,566
546,453,386,410,403,559
540,453,374,412,398,567
548,447,386,411,403,561
537,456,383,401,402,554
534,453,371,412,401,553
543,457,382,411,404,551
537,457,374,403,403,560
534,456,372,411,402,554
538,448,373,414,398,561
542,440,382,412,399,560
545,451,387,410,397,559
539,452,380,407,403,557
535,451,370,412,400,557
544,449,383,406,397,558
544,448,385,410,390,559
542,453,382,413,399,558
541,439,378,415,397,556
534,449,371,414,394,549
544,447,384,409,388,555
542,452,380,415,388,554
546,451,385,414,389,553
546,448,386,413,399,548
542,450,381,408,387,555
538,453,379,402,401,554
533,447,371,414,399,554
541,454,385,410,401,548
532,454,375,413,401,556
543,451,383,409,389,557
530,455,372,407,402,554
532,448,371,414,394,547
544,449,384,409,401,553
543,441,386,410,403,549
530,448,385,410,404,550
541,444,381,414,401,553
529,449,368,413,404,550
526,455,372,409,402,553
529,451,370,414,402,551
542,445,385,399,398,554
538,442,379,411,399,555
532,438,371,409,393,552
538,458,380,413,393,540
536,457,380,405,398,542
540,454,380,397,396,551
539,462,379,417,393,545
543,444,382,412,400,552
532,452,370,414,396,555
545,455,386,401,399,553
544,449,385,410,401,550
543,460,383,416,389,550
540,461,371,401,391,555
546,460,382,410,386,549
542,460,381,403,401,551
541,455,383,413,399,554
538,464,381,416,396,546
539,463,382,403,399,555
532,460,370,416,401,553
540,458,385,415,402,551
544,449,389,413,401,553
544,444,383,419,397,550
537,450,374,417,398,555
535,461,378,405,404,551
548,457,388,406,393,557
534,456,373,404,401,553
543,449,390,414,402,551
542,452,389,417,403,554
544,452,389,415,402,552
533,455,374,417,401,553
545,461,389,404,403,553
546,459,388,415,397,547
542,462,383,417,397,546
545,446,387,414,391,552
548,458,389,418,402,552
544,463,385,417,405,548
537,462,379,418,403,554
553,458,390,412,391,555
548,458,385,407,402,553
542,452,379,420,400,556
548,460,388,420,403,555
548,461,389,413,402,553
550,456,390,412,392,557
537,463,377,407,391,553
548,446,382,418,400,555
538,463,375,422,390,547
539,462,381,417,403,553
550,450,391,416,403,551
550,459,389,415,401,553
539,459,371,412,403,551
548,449,390,410,399,547
546,462,388,403,401,556
547,465,389,420,409,544
547,448,386,420,401,558
548,455,390,416,403,550
548,461,389,408,404,552
551,448,391,415,402,556
545,465,387,421,397,558
552,450,391,419,402,555
548,457,392,416,404,549
549,449,390,416,402,545
540,459,375,419,402,554
548,456,391,418,401,556
549,448,390,418,399,558
551,463,376,418,391,552
536,464,376,416,393,555
549,466,389,408,402,554
547,449,385,420,396,549
548,463,389,415,394,553
541,458,376,421,399,554
545,453,384,422,401,558
551,466,388,420,392,545
