=~=~=~=~=~=~=~=~=~=~=~= PuTTY log 2023.11.03 00:46:56 =~=~=~=~=~=~=~=~=~=~=~=
644,468,565,606,604,624
641,470,565,605,602,635
639,469,566,608,600,630
632,464,563,610,599,632
644,453,570,599,602,623
646,464,570,598,600,632
641,469,565,610,596,625
632,454,554,609,602,627
636,454,564,607,594,629
638,469,561,610,599,630
636,469,562,603,596,632
641,467,568,614,591,632
641,469,563,606,597,631
638,454,563,607,601,626
638,467,558,614,595,623
634,465,552,613,602,624
632,469,567,613,599,624
642,468,563,607,600,633
641,467,561,610,598,635
644,453,552,608,604,624
642,452,566,607,593,633
639,470,566,611,590,633
644,464,568,602,597,634
644,466,563,607,596,631
632,465,551,607,607,625
634,467,564,595,603,634
642,452,567,606,593,633
643,452,561,607,598,626
644,464,569,596,603,635
642,453,568,608,595,633
640,468,564,605,603,631
635,468,554,611,605,625
637,456,558,604,602,625
631,470,551,608,608,625
637,454,558,604,603,633
645,463,552,609,607,623
636,468,563,603,601,630
643,467,565,593,606,630
638,452,568,607,595,633
632,460,554,597,605,632
640,469,565,608,598,631
637,456,567,603,598,632
644,460,568,609,593,633
632,465,569,606,602,632
635,460,565,605,608,626
641,468,566,597,607,633
643,461,567,607,592,634
636,468,567,597,605,633
645,468,570,594,605,631
641,464,566,606,599,625
644,465,569,595,605,636
634,472,552,608,602,622
644,467,571,602,603,635
644,471,564,603,602,632
646,454,566,603,601,633
633,467,555,602,610,624
630,466,554,605,594,629
645,469,568,593,605,636
638,458,562,600,605,635
633,470,555,595,606,634
639,472,566,601,604,632
644,455,567,605,600,634
644,468,568,610,595,632
645,468,572,593,605,635
644,464,568,607,594,634
642,467,568,599,608,635
637,453,566,596,610,634
631,468,555,598,608,635
642,465,564,609,595,634
641,472,562,606,604,634
638,470,564,601,603,633
635,472,556,608,603,632
640,454,553,608,594,636
643,472,564,603,604,635
631,466,552,609,608,624
645,467,567,596,604,628
633,462,550,605,607,624
645,464,564,595,608,637
636,470,554,595,605,638
634,471,549,609,606,635
642,465,563,599,606,637
642,465,562,605,607,629
645,468,562,599,606,635
636,453,564,609,599,632
631,471,549,612,610,625
643,457,561,612,599,637
642,455,563,609,611,633
641,468,564,606,611,627
642,468,551,601,609,634
638,469,563,601,621,637
637,469,562,609,617,636
638,469,564,605,624,637
638,467,564,621,614,640
638,469,563,606,627,638
636,465,557,622,623,638
635,458,563,624,619,640
632,471,560,623,627,639
633,469,559,612,635,643
635,461,564,624,623,643
631,473,566,611,634,644
630,473,558,620,635,639
629,469,563,617,638,644
624,471,551,627,642,639
632,450,564,626,631,644
630,470,550,626,633,643
624,459,554,625,646,637
631,469,558,630,634,642
620,462,551,625,639,637
630,475,556,626,639,642
630,470,559,631,632,643
631,470,561,617,644,644
621,454,553,626,645,646
634,457,562,617,645,644
628,473,556,627,639,641
623,474,555,616,644,645
630,471,553,625,641,641
635,469,556,625,643,646
632,468,550,619,646,643
631,472,547,628,635,634
635,467,551,621,640,644
621,467,548,627,640,641
637,468,546,627,641,637
631,455,545,626,633,644
635,468,539,628,643,642
638,454,523,625,631,644
639,464,532,618,638,641
634,463,526,624,644,635
628,464,512,623,643,635
639,460,525,608,642,646
637,459,513,617,632,645
639,457,515,615,638,643
628,453,506,619,643,634
637,455,518,607,639,646
637,462,501,617,633,644
640,452,512,609,637,644
635,448,514,616,633,645
641,454,517,620,627,643
636,452,514,614,633,642
631,453,507,616,638,639
629,466,504,615,637,641
643,464,518,620,636,642
644,461,506,606,641,643
627,465,505,615,635,640
632,459,506,617,638,635
644,456,519,618,642,635
643,457,520,621,625,643
645,462,517,617,638,640
648,453,523,619,625,642
635,464,522,615,637,637
637,462,523,616,636,640
633,459,513,623,641,634
645,459,530,624,628,643
632,460,531,622,637,638
645,461,533,618,637,644
631,463,521,614,643,633
632,461,522,627,644,634
645,464,532,626,631,644
641,459,537,628,629,644
643,465,537,615,645,646
641,454,541,624,632,645
644,468,541,619,645,644
643,468,545,631,646,646
635,460,540,626,642,641
644,471,548,622,644,645
642,472,541,632,636,642
639,475,545,630,646,639
643,466,548,634,634,643
643,460,549,629,633,643
631,475,538,634,644,636
640,475,547,628,646,642
638,459,548,627,643,639
644,471,551,628,645,641
642,475,550,618,648,641
641,473,554,620,647,644
645,471,546,620,647,644
644,473,555,619,649,642
644,462,555,627,648,631
642,475,539,634,636,640
644,474,553,618,647,642
642,475,549,632,639,638
637,465,544,629,647,638
644,467,549,621,647,643
632,473,536,632,650,632
646,464,551,629,632,641
642,475,550,622,649,641
633,474,538,631,649,631
643,478,546,625,639,638
644,477,545,633,647,637
633,473,536,631,648,633
641,477,547,625,648,637
634,478,536,627,644,640
645,472,549,622,648,642
639,477,539,633,645,634
635,462,540,628,645,638
643,468,547,624,644,641
632,469,538,631,645,638
638,468,540,632,645,634
647,459,550,633,646,632
638,451,542,619,647,642
632,461,536,632,644,633
641,454,548,617,646,641
646,449,549,632,633,643
640,456,545,621,645,643
645,453,551,618,645,641
645,440,549,627,636,642
646,452,548,617,643,643
644,450,547,633,631,640
633,440,540,628,642,638
633,442,543,631,634,639
634,445,536,626,643,634
637,438,534,630,644,634
632,451,530,631,644,630
645,435,546,628,632,642
646,435,544,627,632,639
645,436,545,617,639,642
645,448,545,614,643,635
645,443,545,628,644,632
634,453,532,630,644,638
641,453,534,628,634,637
633,446,529,627,645,631
633,450,528,615,643,643
642,451,534,627,639,635
645,445,543,626,637,638
642,436,543,626,629,642
636,452,530,627,641,631
645,443,541,626,630,633
645,447,537,618,637,638
646,442,543,609,638,643
632,441,524,620,640,639
648,440,541,603,638,642
645,442,532,613,634,639
642,441,526,613,636,640
647,440,536,604,636,637
649,440,536,605,632,640
648,439,528,608,638,634
637,435,521,607,632,631
638,443,523,602,632,637
645,427,535,606,625,640
644,427,531,598,622,639
637,431,526,602,632,630
647,441,528,605,626,638
637,437,520,598,633,634
646,442,524,597,632,636
649,438,519,593,630,639
649,427,527,593,628,638
648,448,525,589,630,638
649,430,527,584,631,631
649,444,528,594,632,630
652,443,523,586,628,637
648,448,524,579,624,641
646,447,516,587,636,634
640,448,512,591,631,638
649,449,517,584,624,635
641,440,510,586,628,629
641,448,507,582,625,640
655,444,519,575,624,640
644,440,521,572,622,640
645,444,507,575,622,637
642,441,513,578,619,636
652,436,513,583,612,636
643,437,511,576,616,635
651,434,511,572,622,632
654,432,510,576,618,632
642,424,503,578,608,635
653,416,509,572,620,634
654,416,512,571,616,630
649,414,509,571,620,625
654,426,509,565,619,636
641,428,493,573,614,631
648,416,507,569,617,625
653,426,508,558,616,637
643,427,493,565,612,631
653,425,502,554,613,636
654,417,507,565,614,627
653,419,507,553,598,635
652,426,499,567,601,636
647,409,500,565,613,626
651,423,500,562,607,633
644,411,502,566,598,636
653,407,505,566,600,634
650,422,496,553,609,633
645,407,498,562,609,624
636,415,490,563,607,625
649,420,498,550,600,632
646,419,489,563,605,628
653,414,499,561,606,628
652,418,497,561,596,630
651,411,489,548,606,636
646,413,489,554,602,634
656,401,501,547,603,634
653,404,500,559,600,631
652,390,502,558,606,628
644,392,493,561,604,625
642,390,498,561,607,625
642,400,487,561,596,634
653,401,496,549,603,637
636,402,486,561,594,635
655,395,501,558,603,628
647,389,491,561,595,635
652,401,499,562,606,636
656,402,500,561,607,635
650,404,499,564,595,632
649,406,498,566,594,634
653,405,499,551,605,635
655,399,502,560,602,630
646,406,492,557,603,632
642,402,488,564,606,627
652,403,504,556,607,631
654,398,499,556,603,633
649,393,500,556,595,634
656,404,506,552,606,633
655,403,503,560,594,633
653,407,500,564,592,634
652,405,501,564,602,623
654,403,501,567,600,633
652,409,499,560,593,632
651,409,501,562,598,633
649,395,502,563,606,623
644,405,506,560,593,629
652,393,506,552,606,634
650,395,501,561,604,626
645,395,499,556,602,634
655,407,508,554,605,632
643,403,492,560,601,634
643,408,492,553,602,635
654,408,504,561,600,632
647,412,497,556,601,631
651,411,502,566,592,631
646,399,498,556,604,634
652,396,506,562,603,627
653,409,506,564,597,633
653,402,505,563,594,634
655,411,501,554,603,636
645,406,489,560,599,633
654,414,499,563,600,633
655,411,505,565,593,635
643,413,495,558,599,634
653,411,506,561,596,632
644,396,505,562,603,624
656,401,510,560,591,632
646,404,494,564,599,627
656,408,509,554,598,630
650,413,498,563,603,633
657,407,511,551,594,632
659,409,511,549,602,634
652,412,508,564,602,633
648,413,500,560,597,633
645,409,496,564,598,628
645,408,496,559,594,632
658,398,511,559,597,629
645,406,496,563,598,623
655,398,511,561,591,630
647,400,503,563,594,629
651,412,507,562,591,629
652,413,507,568,600,627
655,409,512,552,585,631
654,397,512,557,594,629
646,403,503,564,595,631
655,398,512,558,594,627
649,397,507,561,599,623
655,402,512,564,587,630
648,414,509,562,599,632
653,403,512,563,587,633
644,410,497,556,599,627
645,410,497,566,598,622
652,413,508,564,586,634
651,405,511,559,594,629
653,397,510,557,586,634
653,413,511,549,597,634
655,411,507,559,593,631
652,399,509,560,599,622
652,408,512,548,596,635
655,397,511,559,596,628
647,415,500,555,594,631
658,410,513,553,594,632
647,416,499,553,593,633
656,410,511,558,595,627
655,410,509,560,585,632
648,402,503,561,598,621
654,415,503,550,593,629
653,412,509,563,598,620
654,415,509,562,589,628
647,398,511,561,583,630
658,402,514,560,584,631
652,399,511,560,591,621
659,408,512,563,585,630
655,410,511,555,593,629
658,412,509,548,595,629
656,412,513,548,595,632
643,410,498,560,592,631
653,407,510,559,588,627
645,413,499,560,583,622
655,399,511,558,597,623
651,402,508,560,596,621
655,403,510,558,594,627
657,406,511,549,582,630
658,411,512,559,592,627
642,417,502,554,592,627
655,410,513,547,594,620
652,415,505,553,592,632
654,414,508,548,584,629
653,400,513,557,585,632
655,412,513,550,583,628
648,417,500,559,593,626
652,415,508,551,592,633
650,417,503,553,583,631
655,402,514,561,590,627
660,412,511,548,581,630
657,413,515,549,594,632
660,411,513,563,588,627
648,420,500,556,594,624
655,417,508,558,582,630
656,410,511,559,584,634
654,414,512,560,584,631
658,413,515,555,592,634
655,403,514,562,582,629
648,418,503,555,595,621
657,409,514,564,583,630
651,418,511,563,581,630
656,414,516,548,592,632
657,414,516,549,593,632
644,407,501,563,592,623
654,417,512,561,593,629
654,417,511,565,584,628
642,420,500,561,589,626
645,415,498,558,591,625
658,402,515,556,582,628
644,412,501,563,582,620
654,416,513,550,595,631
658,414,517,555,587,632
656,403,515,558,586,628
646,420,502,557,594,619
655,415,511,562,583,631
648,407,506,563,592,626
646,406,501,556,588,620
652,421,510,562,582,621
654,417,512,551,595,628
651,402,508,550,593,631
653,404,511,559,591,625
655,414,515,550,593,630
656,403,516,561,584,628
655,403,514,561,582,631
656,414,515,549,592,631
657,416,516,550,591,630
658,404,516,562,580,631
656,413,515,555,589,627
645,416,500,559,594,629
653,411,508,552,590,632
657,398,514,563,582,629
657,393,516,561,583,631
644,404,500,562,591,621
648,410,501,555,593,621
647,410,502,554,590,629
651,392,509,562,596,631
652,409,510,564,587,627
657,399,512,554,594,629
654,411,511,562,587,631
657,395,515,561,597,629
655,410,511,550,600,626
654,408,512,557,602,631
656,410,516,549,599,635
654,410,508,554,599,635
656,406,516,553,598,634
651,393,512,561,597,629
648,404,499,562,596,629
652,407,517,559,600,635
656,406,516,556,605,633
654,412,512,564,600,631
657,405,515,553,607,634
654,408,514,555,607,630
657,407,517,556,603,634
655,405,515,568,594,634
653,410,511,567,598,634
646,401,507,568,603,632
646,405,501,568,604,626
648,400,507,567,607,626
643,407,503,569,604,625
656,408,516,557,606,638
648,397,511,566,606,625
658,408,514,557,604,634
654,410,516,555,605,635
649,417,499,562,602,633
655,404,516,569,605,628
649,401,510,567,608,636
655,414,513,570,596,635
656,413,514,558,607,635
657,400,515,566,594,636
648,415,505,563,603,634
649,399,513,566,601,635
650,402,511,569,607,625
644,409,502,565,602,635
652,417,512,561,605,632
647,417,509,568,607,625
654,411,518,555,607,636
657,417,502,566,603,631
660,413,517,559,602,638
648,401,510,568,608,637
655,400,517,567,609,627
646,407,511,569,607,625
652,418,506,562,601,636
656,413,517,555,605,638
644,411,503,568,593,637
653,418,512,562,605,635
648,411,505,559,602,633
651,418,514,564,602,634
648,417,504,563,602,630
657,406,518,568,592,629
652,405,518,570,594,627
648,403,510,569,608,630
647,410,505,571,608,626
654,402,517,567,600,635
646,415,512,558,607,634
649,403,503,571,608,627
653,420,515,563,603,633
645,412,499,571,601,629
653,418,513,562,606,634
651,420,508,564,604,636
653,421,514,563,606,640
647,420,505,565,603,632
644,412,502,573,610,628
644,420,502,571,609,627
646,406,507,569,610,636
655,414,518,562,613,636
651,417,515,563,614,636
654,420,512,574,607,634
650,420,508,570,613,627
655,413,515,576,604,635
657,404,518,575,605,636
644,407,506,576,617,626
649,403,515,571,608,639
644,417,502,575,616,629
643,413,514,573,615,637
654,413,515,577,607,634
648,403,515,574,611,638
658,415,519,565,616,641
650,418,508,568,616,638
645,409,510,577,619,626
648,410,508,577,620,635
653,420,513,576,610,636
656,415,514,568,615,640
648,405,510,576,614,629
646,406,512,577,602,640
644,414,504,578,615,635
653,420,514,574,609,637
653,419,511,565,615,638
644,420,502,573,615,634
646,421,503,575,615,632
650,421,509,567,616,639
643,419,503,573,605,628
655,416,514,573,615,633
642,411,505,577,619,626
652,413,514,577,606,636
654,419,514,563,619,636
645,413,503,578,619,631
651,413,512,563,616,639
654,419,515,563,619,636
656,411,517,578,606,636
644,419,503,573,605,627
649,404,511,576,620,627
651,423,513,572,615,634
656,419,516,571,613,633
655,404,517,574,606,627
657,417,514,577,606,636
650,406,513,571,614,635
657,416,515,569,611,639
653,420,514,568,616,637
648,421,506,568,616,636
652,419,513,573,610,634
643,423,503,574,615,627
654,418,518,561,615,636
656,417,517,564,618,637
648,409,512,570,617,634
656,418,519,564,616,638
654,419,517,561,619,636
656,418,517,561,617,634
644,417,503,576,617,631
646,412,506,574,619,628
652,422,514,567,617,637
656,413,514,569,616,636
643,418,504,571,617,628
658,418,516,565,614,638
657,407,519,570,603,634
646,427,504,567,616,635
648,406,511,570,616,629
655,407,519,568,605,636
655,419,514,565,612,633
644,421,503,567,612,630
648,409,511,568,616,634
656,421,516,561,616,634
654,420,515,570,603,631
653,419,513,570,604,635
655,422,515,557,614,635
649,413,513,558,615,634
653,424,514,560,614,627
649,424,503,564,610,633
656,419,518,555,613,637
651,420,519,560,610,634
656,421,516,557,614,634
652,410,514,566,606,628
654,420,514,570,604,635
657,419,519,565,609,633
652,425,513,562,611,626
656,411,517,572,601,634
651,423,511,560,611,632
654,403,515,567,607,634
657,405,515,568,602,636
653,424,515,572,606,634
654,423,515,558,614,634
653,423,516,560,614,633
654,424,515,560,612,635
660,421,513,563,609,633
654,420,515,573,600,632
659,419,519,562,609,637
646,426,511,554,607,639
656,417,517,558,610,636
646,427,503,567,608,633
653,422,515,571,603,631
656,421,514,567,607,630
655,415,516,572,599,635
657,423,513,571,602,632
656,412,520,570,598,636
658,421,515,563,604,625
658,419,519,556,608,636
657,409,519,568,596,635
656,416,514,557,609,634
645,426,505,561,603,633
658,418,518,557,604,632
657,420,519,557,608,636
653,423,510,559,605,634
653,422,515,559,607,631
642,420,503,569,606,631
653,418,510,573,592,631
655,411,518,570,594,635
645,426,502,560,607,625
656,411,517,571,595,633
655,421,521,566,599,634
653,411,516,567,601,631
657,422,517,571,594,632
645,420,504,571,608,625
652,425,514,566,603,632
658,419,517,558,607,634
651,424,514,561,606,625
658,423,520,562,598,632
643,426,506,569,604,631
643,422,505,573,604,625
655,421,518,558,607,624
656,411,516,564,596,633
652,425,511,560,606,634
652,423,514,572,598,631
657,415,518,558,606,633
657,409,519,572,596,634
656,418,520,571,595,633
657,415,518,555,607,634
657,419,515,569,592,634
654,422,515,572,596,626
657,426,519,563,604,636
656,419,516,570,594,626
647,425,503,567,603,627
659,422,517,559,601,632
649,412,513,566,600,629
655,424,517,560,606,623
648,428,506,566,602,636
645,425,504,567,607,633
657,424,512,570,597,631
652,417,519,572,593,633
653,409,517,568,598,632
650,415,505,563,598,636
653,424,515,561,606,631
656,423,514,563,601,633
658,422,521,563,601,633
654,425,514,561,605,623
653,423,513,572,595,631
657,421,520,557,602,635
653,424,513,564,603,629
645,419,504,572,604,622
659,417,518,572,591,632
657,415,518,571,592,630
645,420,504,571,605,624
657,422,519,559,603,631
653,425,514,570,597,630
645,423,509,572,601,622
645,418,504,572,604,626
657,424,510,558,604,632
653,425,515,560,606,631
654,422,516,566,600,634
658,412,517,571,606,633
653,424,513,569,599,628
652,412,513,568,600,630
648,413,511,571,606,630
648,425,506,564,600,631
661,423,513,563,601,630
646,428,505,569,601,630
645,424,504,570,603,627
653,426,509,565,601,633
655,425,514,566,603,630
657,409,516,559,601,633
651,426,508,570,601,630
655,425,513,567,602,630
647,427,504,568,601,622
658,424,518,565,603,633
651,426,515,562,606,622
658,411,519,570,593,633
655,425,514,574,597,621
651,423,518,557,606,633
655,411,517,570,605,622
655,411,518,569,593,632
650,427,513,566,601,630
656,424,518,557,604,636
656,413,519,569,595,632
658,421,517,573,592,632
656,418,518,573,590,633
650,410,516,569,599,631
655,411,518,570,594,633
657,423,519,560,604,634
652,413,513,568,601,630
657,417,520,572,591,632
648,414,512,571,608,621
655,425,516,574,594,630
656,422,514,572,594,630
657,414,518,572,591,633
654,427,514,570,599,630
657,423,518,558,604,634
659,423,517,559,605,633
644,420,504,573,603,625
658,423,516,565,600,632
655,428,513,568,599,630
655,427,511,560,602,634
656,417,519,573,592,630
658,423,519,559,601,629
652,430,514,566,601,629
656,426,516,561,603,632
645,421,505,571,603,623
652,423,519,559,603,631
651,425,517,565,601,630
645,423,503,573,603,622
648,429,506,564,599,630
654,429,515,568,602,632
657,418,518,573,591,632
646,422,504,571,603,623
656,424,521,566,602,634
644,426,505,572,602,625
658,422,519,559,602,633
648,429,508,567,601,631
652,414,516,569,600,630
648,418,511,572,604,624
655,422,515,560,604,630
655,421,517,573,592,632
655,414,520,571,601,632
655,426,516,561,605,629
658,426,518,567,601,631
653,428,514,571,601,629
651,426,516,565,601,628
651,424,517,574,593,629
655,429,514,567,595,628
656,423,520,558,603,633
654,413,515,569,597,630
656,428,516,560,603,631
651,412,520,571,593,631
650,415,511,572,604,621
653,421,512,568,596,629
647,428,505,569,598,628
653,411,513,567,599,628
654,412,517,569,595,629
660,423,520,563,602,633
655,412,519,570,594,632
651,411,516,568,598,630
656,417,516,573,590,631
657,426,512,555,601,633
654,427,514,571,596,629
655,426,517,559,603,632
647,424,504,569,598,627
654,419,519,557,604,632
658,413,519,571,589,632
655,427,517,561,602,631
649,417,512,573,602,631
658,425,520,563,599,633
656,428,514,573,594,629
655,412,515,569,594,629
653,427,512,559,600,633
647,417,512,569,604,626
659,423,516,561,599,632
655,427,518,559,603,631
656,424,520,557,601,632
646,417,520,559,600,632
645,416,504,572,600,623
655,427,521,560,602,630
654,427,517,563,603,632
655,429,514,575,593,630
658,417,519,554,597,632
655,428,515,573,593,632
649,424,515,576,591,629
654,411,515,569,593,626
649,417,512,569,602,624
656,416,520,568,589,632
658,418,519,573,589,631
652,429,518,571,594,629
655,429,515,572,591,629
639,421,506,572,600,622
641,419,505,572,601,622
653,428,514,570,596,630
656,423,519,560,601,632
655,425,517,560,602,631
655,428,516,561,602,625
647,415,511,574,597,630
659,424,516,562,599,632
655,415,520,571,590,631
658,413,520,572,590,631
646,419,507,572,599,624
656,420,519,573,588,632
650,414,514,567,598,627
646,428,508,568,598,627
658,423,521,558,599,632
656,420,519,562,599,628
656,423,517,573,590,630
649,414,513,568,598,628
655,426,519,566,598,629
646,422,504,572,600,625
655,413,519,570,590,630
657,426,519,561,601,630
653,411,518,570,593,630
648,428,516,574,595,630
654,405,517,566,596,630
657,426,520,558,600,632
647,426,505,570,598,627
651,425,518,566,599,630
647,410,513,565,598,623
660,425,520,560,599,634
657,421,518,573,589,628
652,432,508,567,598,632
647,417,512,571,603,622
646,432,507,569,598,629
653,431,515,568,594,628
647,428,507,566,597,629
658,422,518,574,589,630
652,407,513,567,598,628
653,426,514,571,598,627
650,430,516,572,596,628
658,425,518,573,588,629
655,422,518,574,588,630
659,423,518,559,601,632
656,427,517,568,597,629
652,430,511,570,589,628
653,430,516,563,602,629
654,427,515,572,595,628
658,427,515,561,597,629
644,414,513,569,597,627
658,426,515,567,596,633
655,420,519,572,588,632
648,431,508,567,598,631
656,427,515,571,592,628
649,413,515,568,597,630
659,425,521,562,599,633
660,419,520,574,588,631
655,425,515,565,598,628
650,414,515,568,598,628
646,421,506,572,600,622
647,419,509,573,602,621
655,430,518,565,600,629
657,423,522,559,600,633
649,431,514,571,594,628
651,426,518,567,599,630
656,427,518,565,593,628
653,417,520,570,589,631
653,429,515,573,601,620
653,430,517,561,600,629
653,411,518,571,595,632
657,424,521,560,600,633
653,413,516,569,595,629
647,419,511,573,600,621
658,422,523,572,593,626
657,426,520,560,601,630
654,429,516,578,595,628
657,425,517,573,589,631
646,426,503,572,599,624
652,429,518,568,595,627
654,415,517,568,591,631
657,415,520,573,590,630
659,417,522,573,590,632
651,430,510,566,597,630
657,426,512,567,597,630
656,413,518,570,590,629
655,432,515,568,595,628
655,426,519,569,599,629
652,429,512,563,597,634
648,416,511,571,602,622
640,422,505,573,598,621
652,431,513,569,598,624
656,422,519,575,589,630
655,429,511,563,597,635
657,426,520,560,602,632
654,426,518,560,602,631
647,427,506,569,597,626
657,424,518,574,589,629
658,409,522,572,588,631
655,427,517,561,602,630
654,429,517,570,594,628
649,432,508,567,598,631
659,418,516,563,596,621
655,429,514,571,591,628
651,425,520,560,599,632
657,423,520,572,589,631
658,426,517,566,596,632
656,427,518,566,596,631
653,423,519,573,588,630
655,429,518,571,594,629
655,428,518,559,601,632
655,423,519,570,589,628
654,432,519,563,600,629
649,417,513,569,596,626
644,427,507,571,596,623
647,422,513,569,599,624
656,421,518,566,590,629
643,428,509,571,599,623
654,429,519,573,590,629
659,428,519,567,595,629
659,427,522,560,597,633
658,426,521,557,599,631
652,428,515,568,596,626
653,430,518,572,593,629
654,425,514,569,593,629
657,414,521,573,587,629
650,415,517,569,594,628
649,432,511,567,596,630
657,418,524,570,582,632
654,430,518,564,597,630
655,431,518,573,588,629
657,425,521,572,585,629
653,431,520,563,598,629
655,430,518,571,592,629
658,424,519,566,596,630
644,432,508,571,595,627
644,431,507,572,597,623
656,433,514,565,591,628
652,434,514,566,591,625
652,429,523,559,599,631
656,415,522,570,590,629
649,432,511,567,594,627
657,428,524,567,595,631
647,430,510,569,597,628
655,424,522,573,585,628
646,425,509,574,596,624
654,434,519,572,593,627
655,428,522,560,599,632
657,420,524,572,584,631
653,431,518,565,598,628
650,432,514,571,597,624
654,436,519,566,596,628
657,427,523,573,587,630
643,431,507,572,596,624
658,428,522,567,595,630
648,422,513,564,595,621
656,428,521,559,596,632
654,435,515,569,592,625
654,430,522,561,598,630
658,429,521,556,598,631
656,427,508,570,593,628
647,435,510,568,591,628
653,430,514,569,594,626
655,417,524,572,585,631
654,432,515,571,593,628
656,432,520,572,583,628
654,433,518,564,596,628
660,428,525,561,592,630
656,432,518,568,593,626
647,431,509,573,594,620
648,434,508,568,595,625
654,431,524,559,595,629
658,430,523,560,591,631
659,429,521,566,591,628
656,432,526,561,591,628
649,422,512,569,594,622
655,433,519,568,593,626
647,427,507,573,591,620
655,431,519,574,583,627
657,418,523,570,584,629
655,429,523,558,595,630
654,437,519,564,594,628
654,429,525,565,583,629
652,435,513,571,590,622
659,432,522,565,589,627
658,432,522,564,591,627
658,418,522,571,577,627
660,433,523,563,589,628
657,430,519,574,582,625
654,433,519,574,585,624
648,436,510,568,590,626
657,431,521,557,593,629
655,435,517,559,591,626
647,425,510,573,592,618
658,432,520,565,590,630
655,429,521,573,582,627
647,424,516,568,590,623
646,426,512,568,591,623
657,433,524,559,590,629
654,418,522,570,583,628
649,435,517,573,585,624
649,434,519,573,584,626
657,422,522,566,580,626
643,432,507,574,590,621
652,431,524,560,589,631
647,435,512,564,588,628
656,429,522,574,580,626
659,430,524,559,588,629
657,426,521,562,587,628
655,434,519,569,591,627
658,420,524,573,581,626
653,434,518,569,587,624
644,432,508,572,587,619
654,437,518,568,583,624
656,421,524,571,578,628
659,432,520,555,587,629
657,420,524,570,577,627
657,431,521,560,587,626
658,414,521,572,571,626
655,436,519,570,583,623
644,422,517,568,587,621
654,435,509,567,585,622
647,415,514,567,585,620
655,436,515,567,585,623
657,430,521,558,587,628
654,434,515,569,583,621
658,433,522,558,589,626
643,431,508,571,586,618
650,435,510,563,583,624
650,423,517,568,585,623
656,435,518,573,579,625
647,428,510,573,586,617
650,423,519,560,585,626
656,434,519,560,587,625
654,432,517,564,586,625
646,427,512,572,587,615
658,420,524,570,577,627
657,434,521,560,589,626
659,433,525,567,583,628
654,421,522,569,580,624
648,426,512,568,588,622
655,432,524,564,584,625
653,424,523,568,577,626
654,439,517,567,586,628
658,426,523,571,573,626
653,423,518,567,581,624
657,432,523,562,585,627
654,439,518,570,579,622
649,438,512,572,584,617
654,437,520,573,577,623
656,424,522,571,575,627
655,430,524,571,575,625
656,421,524,571,574,626
655,435,520,570,579,623
644,436,509,570,581,619
646,428,511,573,586,616
652,422,521,567,577,623
654,431,519,572,576,623
644,439,509,570,584,618
644,431,509,571,583,619
657,435,524,557,583,625
658,432,522,561,582,626
653,438,518,566,582,621
653,421,522,568,574,626
651,433,520,574,576,622
656,433,523,557,588,626
648,426,516,572,587,618
649,438,512,560,582,624
646,437,510,568,580,621
657,432,526,559,583,627
648,439,511,561,581,624
658,435,520,572,573,626
655,434,520,559,585,624
655,436,519,570,578,623
658,435,525,563,581,624
647,427,510,569,575,626
655,432,524,570,574,625
654,438,515,560,585,625
653,435,521,559,586,625
649,439,519,568,579,623
652,439,514,570,582,621
655,435,523,559,581,626
655,434,522,559,585,628
654,436,518,566,582,622
653,434,522,557,585,627
643,432,513,569,584,619
657,425,524,571,573,627
655,430,523,573,574,624
656,434,519,573,574,625
650,440,515,568,582,619
646,433,509,571,582,616
656,436,520,565,582,629
655,422,522,568,576,625
652,424,520,568,579,624
654,422,522,569,574,624
657,425,521,557,586,626
651,439,518,568,578,624
654,439,517,569,578,623
645,438,509,572,584,621
652,416,518,566,581,623
643,437,509,570,583,621
657,436,519,566,582,623
653,423,518,567,580,624
645,440,510,569,581,622
657,434,524,560,584,625
648,432,508,571,583,619
654,425,524,569,577,625
656,432,524,574,573,624
654,439,521,559,585,624
654,428,523,571,574,625
658,429,523,574,573,625
656,437,522,557,586,625
654,425,521,567,579,625
656,432,521,574,573,624
657,437,521,565,578,622
656,431,522,553,586,626
654,440,519,570,580,623
655,438,519,568,579,623
649,424,518,567,582,626
645,442,509,567,581,623
649,427,522,569,580,625
644,441,509,567,583,622
656,435,524,558,584,627
642,432,511,573,585,616
644,437,506,568,582,615
655,438,526,558,583,624
654,424,523,568,577,627
655,436,524,564,581,625
651,433,517,567,581,622
653,435,519,573,575,623
651,433,522,573,573,623
647,430,515,568,586,619
655,436,524,561,581,625
650,443,519,576,579,622
651,439,524,560,586,626
652,442,519,575,575,622
652,435,524,560,582,626
650,426,521,570,587,625
640,440,509,572,585,619
647,443,521,566,586,622
654,438,526,565,584,627
649,438,526,558,586,626
650,434,522,574,574,623
649,425,524,571,577,626
652,438,523,560,586,625
646,444,520,567,584,623
652,434,522,575,575,623
646,442,520,566,586,622
641,443,519,573,585,619
647,444,520,571,577,623
650,440,525,564,582,624
638,443,510,573,585,617
643,443,521,579,579,624
650,440,522,562,590,623
645,427,523,574,575,625
650,428,522,569,579,625
649,434,524,575,573,623
647,427,521,571,581,623
653,447,520,569,582,622
647,443,521,566,584,622
643,429,519,570,585,620
651,439,526,561,586,626
641,435,513,572,587,615
650,429,526,572,576,623
643,444,511,569,582,620
648,426,525,565,586,621
652,440,526,559,585,626
643,444,516,572,586,616
648,442,517,572,586,616
650,441,521,570,584,618
650,443,521,575,579,621
651,442,524,560,587,623
652,439,525,574,576,622
653,442,521,562,584,625
640,439,510,573,583,615
653,435,527,562,584,624
654,440,528,559,586,624
645,445,522,568,581,620
648,436,518,572,583,617
646,445,515,573,585,616
651,442,525,561,586,624
643,429,522,571,582,618
648,443,522,572,584,615
652,444,524,560,587,623
654,442,528,560,586,621
654,441,527,559,588,624
650,439,526,575,574,622
647,444,523,561,590,623
654,440,527,562,585,626
644,432,522,571,581,620
650,430,526,571,580,622
638,444,513,571,587,613
651,443,527,560,587,623
650,445,524,571,577,621
643,445,516,574,586,615
642,434,520,570,583,617
644,443,527,561,587,613
637,439,514,572,584,614
648,443,527,566,580,621
645,444,527,560,585,622
651,443,527,559,586,623
651,435,524,561,584,624
646,447,523,563,583,619
652,438,529,569,569,621
653,441,527,561,584,623
649,445,527,574,574,620
643,431,518,571,584,616
646,441,520,568,582,619
651,444,529,560,585,623
647,445,528,561,586,621
641,447,513,572,586,612
648,446,524,574,575,621
648,448,525,567,584,619
652,443,529,560,582,623
647,450,523,566,585,619
646,446,519,569,584,615
650,433,528,571,585,614
648,446,523,570,580,619
641,438,521,570,587,615
646,448,522,570,583,619
644,448,519,574,582,615
638,444,514,571,588,618
649,445,525,564,586,620
646,433,523,571,577,618
650,437,527,573,573,621
650,434,528,572,574,621
647,448,525,565,584,619
649,447,525,564,587,620
649,447,523,559,587,622
650,447,524,565,585,620
640,449,515,574,586,612
638,442,514,571,582,612
647,431,521,569,580,621
637,446,512,574,586,611
645,436,518,571,583,617
649,445,512,572,580,623
652,444,531,560,583,624
652,437,528,571,573,622
641,450,515,574,583,613
641,450,519,571,583,617
651,444,530,563,583,624
638,443,512,571,586,611
648,451,522,573,581,617
651,446,528,569,583,623
639,444,512,574,587,612
640,445,514,574,585,610
641,436,522,570,578,613
640,451,513,575,585,611
648,448,521,570,581,620
650,446,524,573,576,619
642,451,517,575,584,612
633,441,514,571,586,614
649,441,528,574,574,621
646,437,523,569,581,618
652,444,528,562,579,621
650,433,526,572,576,621
650,447,524,575,578,617
651,445,525,565,582,616
649,436,529,573,571,621
648,449,521,561,583,618
651,443,530,561,581,621
642,444,514,572,586,609
634,447,513,573,583,609
653,444,527,575,570,619
646,450,523,569,580,615
651,445,528,560,584,618
652,442,526,575,571,617
652,450,519,569,579,617
647,433,524,572,578,620
651,446,529,562,582,623
650,447,529,571,579,617
649,444,525,577,572,620
652,446,530,561,580,622
646,449,524,565,583,617
647,452,523,568,581,617
643,451,515,576,583,610
653,446,529,562,580,619
644,430,517,571,581,613
650,448,527,561,583,618
651,436,528,572,573,619
649,446,527,561,583,622
648,453,522,571,579,613
642,444,515,573,583,609
650,448,526,575,576,617
650,440,528,574,572,619
653,446,527,567,581,619
653,448,531,566,580,623
654,438,529,558,582,622
653,440,528,558,582,622
650,450,525,568,579,617
653,446,528,564,580,621
650,449,527,563,583,620
652,449,527,565,585,621
649,450,526,564,584,619
654,448,522,576,578,619
649,448,526,563,584,619
641,440,520,571,582,614
647,450,524,568,581,618
642,453,514,573,584,608
650,447,527,557,583,619
643,436,519,570,582,612
648,452,520,572,580,616
644,434,528,571,574,617
646,446,529,560,580,621
646,447,531,560,579,618
640,452,517,574,580,612
647,447,528,561,582,618
635,451,514,573,582,609
647,446,530,559,580,619
644,447,525,575,570,616
646,447,527,571,576,613
634,443,516,571,581,607
643,451,522,569,578,613
634,446,512,573,575,610
644,446,514,572,582,607
645,447,529,560,583,618
629,445,515,572,581,608
643,452,521,570,577,614
640,435,525,567,576,615
640,454,516,575,578,609
643,435,525,571,578,613
645,452,525,568,577,616
635,449,514,573,582,607
636,442,518,570,581,609
635,445,513,573,582,607
646,446,530,560,579,617
648,437,531,573,568,618
636,447,514,575,580,604
646,451,528,575,574,614
646,447,523,568,577,614
644,449,527,576,570,615
636,441,521,570,580,611
635,444,515,574,583,608
646,448,527,567,576,616
644,451,527,567,580,613
645,449,524,571,576,614
644,440,527,571,574,614
642,437,526,571,577,614
648,445,528,576,570,614
649,450,526,568,577,618
637,441,522,570,581,611
647,450,524,557,582,617
641,454,524,567,576,614
649,449,532,560,578,615
635,444,515,571,583,606
649,450,528,562,581,616
648,446,529,560,582,617
644,449,532,568,579,613
647,427,530,574,567,617
643,452,524,569,577,614
647,440,527,570,570,615
645,448,528,563,580,616
642,450,522,574,578,611
649,449,530,561,581,616
635,443,517,572,573,616
643,453,527,568,575,614
637,439,520,572,580,611
641,451,521,574,579,610
646,437,529,572,570,617
648,445,529,574,569,613
650,447,531,562,580,617
635,444,519,573,580,610
648,437,529,573,570,617
638,440,521,570,578,610
644,454,524,571,573,614
649,451,527,565,577,619
648,446,530,576,568,616
637,436,518,567,578,609
645,454,524,569,574,611
649,449,529,562,580,617
635,440,516,573,582,606
644,452,526,574,571,613
636,440,523,571,583,609
637,441,515,572,584,608
636,449,516,576,577,607
637,437,525,563,576,616
636,443,521,572,584,610
636,455,516,576,581,607
644,450,525,564,582,616
647,438,527,575,570,618
646,450,527,563,583,615
637,449,516,573,582,607
638,453,517,575,580,609
647,439,529,572,572,616
644,436,529,571,574,616
647,448,529,562,582,615
643,453,524,568,576,613
647,450,530,562,579,617
649,448,529,569,577,616
647,448,531,562,579,619
645,454,524,571,577,615
646,439,530,576,569,617
633,449,516,574,583,607
647,451,527,573,574,614
636,444,516,571,581,610
646,450,527,562,582,616
643,454,526,571,578,614
649,447,530,561,580,618
648,438,531,571,572,618
644,450,525,576,574,614
646,446,530,576,571,618
648,445,529,573,569,615
637,454,516,574,581,607
643,443,529,576,570,617
634,447,514,574,583,607
645,453,514,570,579,612
647,448,530,562,581,617
642,439,527,570,576,614
634,445,515,574,582,608
649,451,528,565,582,616
650,440,531,573,569,617
638,453,516,576,581,608
642,440,521,570,580,612
646,450,526,575,574,616
648,448,527,568,574,618
644,455,526,576,577,615
636,448,514,574,583,608
647,452,512,568,577,616
647,446,528,575,568,617
646,450,527,574,573,614
643,454,524,570,577,614
644,454,525,576,573,614
645,445,527,575,569,616
644,452,523,571,578,612
650,445,531,574,568,618
645,450,527,575,567,616
645,448,530,561,583,618
650,448,529,560,583,618
649,445,531,575,570,617
645,432,528,574,572,617
636,455,514,574,581,607
643,438,527,570,578,615
646,450,528,576,569,615
647,439,528,571,574,617
642,441,522,572,583,610
635,456,515,575,584,605
638,450,521,568,580,607
646,450,529,565,584,619
646,451,526,572,578,617
635,453,515,576,585,608
649,436,530,574,573,619
642,453,526,566,583,617
646,454,526,566,584,617
645,451,527,576,572,617
646,452,528,564,584,618
639,442,523,572,581,613
651,441,530,575,580,618
648,449,529,561,585,620
641,453,518,575,583,611
643,439,526,570,582,614
647,452,528,561,584,618
642,454,524,572,578,614
646,453,525,571,581,617
642,453,525,565,583,618
640,455,518,575,582,611
636,444,517,571,585,611
648,451,525,573,575,616
651,438,530,575,567,615
636,455,516,574,579,607
647,451,526,572,574,612
646,452,529,561,582,616
650,452,524,568,578,614
649,445,523,576,571,614
652,451,531,569,577,616
640,456,513,575,581,604
652,448,529,561,582,616
649,449,527,575,569,613
649,451,528,563,582,614
648,453,526,559,581,610
650,440,529,574,570,614
650,447,527,578,572,611
651,450,531,562,580,616
637,450,515,573,584,602
647,439,527,573,576,612
642,438,529,573,571,612
643,456,518,574,582,604
646,438,530,573,571,614
647,453,526,569,579,609
650,446,529,558,578,612
649,449,530,561,582,612
649,438,529,573,573,613
651,447,530,575,571,610
640,450,513,574,581,602
644,440,526,571,579,609
642,456,515,574,582,602
642,454,522,573,579,608
652,453,527,568,576,610
650,454,530,562,582,613
637,457,515,576,579,601
648,453,526,565,582,610
650,453,528,560,582,612
650,450,526,575,571,610
650,451,525,573,570,612
646,456,519,574,584,609
648,454,527,564,582,611
647,456,525,571,576,608
646,454,527,564,581,609
650,439,530,573,569,612
645,450,526,575,570,610
651,451,532,559,583,611
652,451,532,566,579,613
647,453,526,578,576,609
644,440,524,572,575,609
642,455,515,570,579,603
646,455,525,572,570,608
650,451,525,564,578,610
637,452,514,575,582,600
652,450,530,560,580,611
646,440,526,570,578,606
638,452,515,575,583,600
651,450,531,562,580,612
652,445,530,575,568,611
638,450,515,572,584,599
647,438,530,571,575,609
646,455,525,573,575,607
649,449,528,574,569,610
653,453,523,563,579,612
640,448,515,571,584,602
637,453,516,573,584,601
649,440,531,573,569,610
636,448,514,573,584,599
638,445,519,570,576,604
638,454,514,572,583,600
647,455,525,572,576,606
651,446,529,576,570,609
653,453,523,569,576,612
650,443,524,577,564,608
650,450,530,561,580,613
649,450,528,577,572,608
651,449,530,561,579,612
647,457,527,573,572,606
648,456,524,574,566,603
640,456,515,575,577,600
648,453,528,562,580,609
651,450,526,565,576,610
643,441,524,570,576,603
639,456,515,576,579,600
648,450,530,575,567,607
652,445,531,559,573,611
652,444,530,575,567,612
639,452,513,574,579,599
636,447,517,573,580,600
640,452,516,573,582,599
648,455,525,570,577,607
646,456,526,563,573,608
648,452,527,577,562,604
649,455,523,572,575,608
645,442,529,575,567,609
640,445,517,573,580,602
637,458,515,579,579,597
647,454,525,568,577,606
641,457,518,574,576,601
647,448,529,576,566,609
650,451,529,561,577,610
646,450,515,572,579,601
651,449,532,563,577,611
646,451,531,570,575,607
646,454,527,570,573,606
648,452,529,561,578,608
652,442,530,574,562,610
647,455,526,568,575,608
637,453,516,567,576,599
649,451,529,575,567,607
638,457,517,575,579,600
641,441,522,570,576,603
648,452,530,575,565,610
646,453,528,570,570,606
652,445,530,557,573,610
645,456,527,565,578,602
650,441,524,568,570,606
638,451,515,575,579,598
649,447,527,575,568,611
652,453,528,567,576,608
651,453,527,556,578,612
643,455,520,574,575,603
650,453,525,567,574,611
648,454,525,571,570,607
644,457,524,574,571,607
645,453,524,569,575,606
647,451,528,561,579,610
641,451,510,571,577,602
643,435,526,567,579,607
646,453,523,571,577,604
646,454,526,571,571,606
647,451,531,563,577,611
646,456,527,571,575,608
646,452,527,579,568,607
646,455,527,570,575,608
652,442,531,574,567,611
639,456,517,576,578,602
650,452,527,569,576,609
648,448,530,577,567,608
648,454,526,570,576,607
652,450,532,563,577,612
647,453,526,563,580,608
636,447,515,566,578,600
647,456,523,573,577,607
646,455,524,567,578,608
642,442,519,573,582,603
651,449,528,563,582,611
649,450,529,559,579,602
645,454,523,573,576,608
633,454,514,576,582,601
647,438,524,572,574,605
650,437,526,573,573,610
649,451,529,562,581,612
647,454,526,577,574,609
648,450,526,577,574,610
642,442,520,573,582,605
641,455,513,578,585,601
651,446,527,576,574,614
648,451,531,562,590,617
635,447,514,574,595,606
649,440,528,566,593,618
650,439,531,575,587,619
648,439,527,575,595,620
648,444,523,565,603,621
643,457,525,574,603,620
647,445,529,580,589,621
637,438,514,579,606,616
644,441,529,578,603,623
644,452,526,581,598,622
643,440,525,578,603,622
649,445,529,582,596,626
647,440,529,581,599,626
648,444,530,564,609,627
636,455,515,584,609,617
633,454,516,582,612,616
637,454,516,584,610,616
644,455,526,575,609,625
641,455,516,583,609,619
648,447,529,578,607,626
642,458,522,577,605,625
649,451,529,587,598,625
648,446,527,584,599,627
651,450,529,571,610,629
636,452,515,584,613,617
636,457,513,584,612,617
647,450,529,570,610,627
639,443,520,580,610,623
646,457,527,575,612,627
635,453,513,585,610,617
647,453,527,572,614,627
638,455,516,588,611,620
649,441,530,585,603,626
644,441,528,587,606,623
645,441,530,592,603,628
635,453,515,593,613,617
642,456,527,590,613,626
636,453,514,594,620,620
635,455,516,598,619,620
647,452,529,589,619,629
643,443,531,601,609,631
639,458,526,598,620,628
645,452,532,591,619,634
632,447,515,602,626,622
643,446,531,607,611,632
639,455,527,604,622,627
641,451,530,595,624,634
639,454,524,605,622,628
638,452,532,596,626,630
641,453,526,609,621,629
626,459,516,612,624,622
637,440,532,612,616,630
633,458,527,610,620,629
631,457,523,613,623,626
632,440,530,611,620,630
633,442,531,613,616,632
632,455,526,614,618,628
638,443,523,614,627,626
635,446,532,617,614,634
629,458,521,616,625,627
638,452,533,600,624,634
630,454,526,614,624,627
629,452,520,613,623,624
628,458,524,616,624,625
626,442,526,615,624,627
632,454,524,613,624,630
630,440,527,616,620,630
623,450,516,616,628,623
626,456,517,621,626,625
636,442,532,619,615,631
635,452,533,611,624,631
625,456,521,618,624,624
635,443,532,619,616,631
634,458,529,615,624,628
631,444,527,616,623,629
630,456,527,619,619,630
622,450,517,620,630,624
632,454,532,606,630,633
636,453,525,607,626,634
627,441,527,617,624,629
628,452,524,616,623,630
623,443,525,619,623,624
631,452,529,624,619,631
632,440,531,620,624,631
635,453,529,614,630,633
630,443,533,620,622,633
625,447,525,618,636,626
629,444,532,623,621,633
627,457,523,619,632,628
626,459,529,616,632,631
630,451,529,620,623,630
627,458,530,618,638,632
623,455,532,612,638,634
620,448,523,619,636,626
630,456,530,611,637,634
630,441,534,622,629,634
618,446,515,623,640,625
617,448,521,622,639,627
627,443,530,626,632,632
625,459,526,621,636,632
626,444,533,624,627,634
624,458,526,623,636,632
628,442,529,622,632,634
626,459,530,626,641,624
629,451,532,628,623,635
630,454,530,630,628,633
620,451,515,624,643,625
633,442,535,624,627,635
631,453,533,628,627,636
626,456,532,612,641,636
633,444,533,623,631,638
626,458,522,627,636,627
623,448,524,624,638,629
624,458,531,630,631,631
633,457,537,620,637,634
627,457,537,613,641,638
620,458,523,626,643,624
624,462,525,627,640,627
629,437,533,623,638,636
630,456,540,629,630,635
625,447,533,624,640,630
631,450,544,628,627,635
626,455,542,614,643,635
629,445,543,627,630,635
629,460,542,620,644,635
620,455,527,628,643,626
628,459,541,628,643,634
629,447,546,627,631,637
618,458,532,630,646,623
630,462,542,624,640,634
624,447,541,625,642,632
627,457,545,631,636,635
622,452,536,629,646,628
625,465,545,629,639,633
630,460,550,618,646,636
628,464,543,633,637,632
626,465,546,626,642,634
628,450,551,630,635,637
627,466,548,629,641,633
630,449,551,633,632,636
628,464,546,630,636,633
620,451,542,627,645,631
623,461,548,622,646,635
626,463,547,633,639,633
621,465,541,631,644,629
629,462,553,619,647,638
628,448,552,631,636,634
630,464,553,624,644,636
619,467,539,632,644,630
625,449,550,630,640,635
626,463,550,621,649,635
625,465,547,625,648,634
624,457,542,631,638,633
615,457,531,633,649,627
627,469,545,631,646,634
621,469,549,625,646,636
616,461,541,630,646,631
616,461,537,633,650,627
629,462,549,637,637,635
619,456,542,632,646,632
628,464,551,622,646,635
622,456,547,632,645,635
619,456,543,632,647,634
629,463,551,622,649,638
619,459,542,632,649,629
626,470,547,632,646,634
620,456,546,633,648,633
624,469,546,634,647,633
626,467,551,624,649,638
611,463,542,633,652,632
625,466,550,636,637,636
626,470,550,636,643,637
625,468,551,627,652,637
626,467,542,635,647,633
622,473,539,637,649,630
630,465,552,623,650,639
624,471,549,631,648,634
622,472,545,636,647,631
627,456,548,640,634,638
620,462,539,636,653,629
627,455,551,636,643,638
627,448,548,635,640,639
617,473,537,640,650,627
630,455,552,635,640,640
619,473,539,637,649,629
617,473,537,638,651,628
627,469,549,640,642,635
620,472,541,636,650,629
627,472,543,628,647,636
626,470,550,628,650,635
631,458,552,636,639,639
627,471,545,635,646,634
626,454,547,634,647,636
624,472,547,634,642,635
630,470,545,631,648,637
618,465,538,635,652,627
627,468,547,633,643,636
625,470,547,630,649,638
625,471,549,624,650,636
625,473,543,635,648,632
626,457,553,635,640,638
631,470,547,633,646,638
623,451,548,630,644,636
627,457,552,635,638,638
627,468,547,634,645,634
630,468,553,625,648,639
615,468,537,637,650,628
623,472,542,635,647,629
632,471,547,632,646,635
625,473,549,630,647,636
631,468,551,627,646,638
627,469,547,638,643,636
626,470,542,632,645,634
623,471,545,635,646,634
631,466,552,623,648,641
616,466,537,636,651,628
625,464,543,635,643,636
626,455,551,634,642,636
627,466,548,624,650,640
620,474,535,633,649,627
632,458,547,633,635,639
619,463,537,636,636,636
627,468,551,635,636,637
633,467,551,624,646,638
627,471,548,634,639,634
634,467,553,629,642,636
622,466,537,632,642,629
622,470,535,637,644,629
633,460,551,635,633,638
628,455,551,633,633,638
634,470,552,625,640,637
634,467,548,637,632,638
633,470,553,626,641,636
633,465,549,637,631,637
633,457,552,636,631,638
633,469,553,622,641,641
628,472,547,627,642,636
624,468,536,639,644,627
634,457,552,634,627,638
633,457,551,634,633,638
623,464,542,632,640,632
638,469,553,621,643,640
623,469,537,632,645,627
623,470,536,634,646,627
623,466,537,632,646,627
630,455,548,630,639,634
623,466,535,634,647,627
632,470,548,634,640,636
633,470,550,621,648,637
621,460,543,634,643,633
634,462,552,638,633,636
634,468,550,628,644,635
631,471,543,631,644,634
622,474,540,636,646,627
630,475,548,631,643,635
631,472,547,636,640,633
627,474,543,632,645,630
623,464,539,633,649,628
629,473,549,628,645,635
633,470,552,623,646,640
630,474,546,633,642,634
623,468,539,634,647,628
632,451,553,634,635,638
634,457,556,635,634,637
634,471,549,631,643,635
632,475,548,630,642,634
624,465,543,633,643,631
622,461,544,633,647,632
634,467,553,635,633,636
633,471,552,623,646,638
624,472,537,638,646,630
623,464,539,636,647,627
636,467,552,638,632,636
630,456,550,633,639,634
625,462,545,630,647,631
624,473,540,636,643,629
631,475,549,627,643,635
634,469,555,630,640,641
627,469,551,624,645,636
634,470,550,638,634,633
622,463,542,632,643,629
632,473,546,633,642,633
623,464,540,634,646,627
628,456,549,633,643,633
633,464,552,634,630,637
632,469,554,629,640,638
627,459,546,632,642,633
624,470,539,636,647,627
633,468,554,618,643,639
623,468,535,636,644,626
636,467,552,622,644,637
622,467,538,634,645,628
619,465,537,633,646,627
625,476,540,635,642,627
635,469,555,625,636,638
629,455,549,633,639,634
629,474,545,634,637,632
633,469,550,629,640,636
630,456,550,632,640,635
626,471,543,636,644,629
636,460,552,621,644,639
622,465,539,638,646,635
634,472,549,627,643,636
622,468,538,638,644,627
636,473,548,631,640,635
631,456,549,632,639,634
635,468,554,622,642,639
636,469,549,627,638,637
635,459,556,635,631,638
631,474,550,628,642,634
636,473,546,632,641,635
636,468,539,633,645,627
624,458,543,631,642,633
625,476,542,637,644,625
637,456,554,634,631,638
636,456,554,631,634,637
632,467,550,637,630,633
630,472,552,633,639,635
632,471,549,625,642,635
631,473,548,633,635,634
633,456,553,631,633,638
623,461,539,632,644,628
633,473,549,633,635,634
635,469,551,626,640,638
631,458,546,625,639,632
624,473,538,634,644,628
636,456,554,630,628,637
634,466,554,621,643,638
632,474,549,627,643,636
632,471,548,628,643,635
632,471,549,630,642,636
635,450,551,632,634,637
632,471,544,631,641,631
635,468,555,622,646,638
635,467,553,621,642,640
635,456,552,633,631,638
631,473,548,633,640,632
636,461,554,634,630,638
629,472,544,633,643,631
637,458,555,633,630,637
635,466,554,620,644,637
635,457,553,633,632,637
627,465,540,630,643,628
630,464,546,629,637,635
635,471,550,628,641,637
627,458,546,629,641,633
638,455,552,633,631,638
628,456,546,631,638,634
634,463,551,630,629,636
632,463,550,630,640,635
634,472,549,633,636,634
637,467,553,620,642,639
631,471,549,629,638,636
635,467,551,635,630,636
629,468,550,620,646,637
634,463,551,623,641,635
636,457,549,628,636,635
635,457,554,632,633,636
629,449,548,630,636,631
632,473,549,630,635,635
624,468,537,634,644,627
628,472,539,633,643,628
632,471,551,628,646,637
630,473,546,629,637,633
637,467,554,620,641,639
624,465,538,630,644,627
633,468,548,629,639,632
633,470,551,621,644,638
623,458,547,629,646,631
635,471,554,620,640,638
625,474,538,633,644,627
630,473,550,630,636,636
634,459,554,632,632,637
632,472,549,630,636,634
632,472,548,628,639,634
634,470,552,623,644,637
636,465,551,635,630,637
635,457,553,631,631,638
632,472,551,621,643,636
636,467,554,621,640,639
636,461,552,622,644,638
636,468,555,620,641,638
633,471,546,633,642,631
628,451,545,625,641,631
626,466,538,633,643,628
619,467,538,633,644,624
628,457,544,630,641,631
636,469,555,622,642,638
633,467,547,636,632,635
633,463,547,633,645,629
635,468,550,629,638,634
628,472,545,631,641,631
636,468,549,626,641,635
638,458,553,631,630,636
634,465,555,634,629,636
632,472,550,623,641,635
638,468,550,627,637,636
628,467,540,630,641,628
624,464,539,631,643,628
632,456,550,630,636,637
635,468,553,621,642,636
632,466,554,621,639,638
633,465,548,635,633,634
635,469,552,627,639,636
624,471,537,634,644,627
637,469,553,618,635,638
635,468,554,620,639,637
632,472,549,632,635,634
630,457,548,629,637,635
640,470,548,622,639,636
631,469,549,632,635,634
636,468,554,619,639,638
626,474,542,632,643,628
633,472,549,629,635,634
635,470,550,624,638,635
627,474,543,634,638,630
636,468,549,624,637,638
634,472,550,633,629,635
636,468,554,621,637,637
626,471,540,634,641,628
632,457,547,628,638,632
636,467,554,620,639,639
634,466,549,623,640,634
623,469,537,634,640,627
632,471,549,629,638,634
636,470,552,620,641,637
635,471,552,617,641,637
635,468,551,625,637,638
624,474,537,634,642,626
626,464,538,632,643,628
631,470,549,626,638,634
628,457,548,627,640,632
627,479,540,634,642,627
635,455,554,631,628,637
629,460,546,628,641,631
634,469,555,620,638,638
629,460,546,630,640,629
629,472,537,634,641,626
637,466,554,620,640,638
632,474,550,630,632,632
625,469,549,625,640,636
632,472,552,620,641,636
636,467,554,619,640,638
632,474,549,628,635,634
625,468,536,632,643,626
627,472,543,631,637,628
634,468,551,620,637,633
633,471,552,620,639,635
638,459,554,631,629,636
635,469,553,635,630,634
635,470,551,621,640,635
624,465,539,631,642,628
635,467,555,619,637,641
636,470,552,618,642,637
629,473,548,630,637,632
635,471,548,619,640,637
635,472,549,622,637,633
629,458,546,628,637,631
630,457,550,628,634,632
628,475,549,628,638,632
622,459,546,627,639,630
634,471,550,634,631,633
634,474,550,625,636,634
633,474,549,628,633,633
637,456,555,631,629,635
633,474,545,631,635,632
629,460,554,632,627,636
634,456,553,630,632,637
637,464,553,615,641,638
633,454,550,629,632,633
631,459,545,626,636,631
628,474,545,631,636,629
636,463,553,632,626,635
636,465,552,633,624,634
638,453,554,627,623,636
634,470,546,627,638,633
636,471,552,618,642,635
638,468,555,618,639,638
627,473,540,632,637,625
632,474,547,622,639,634
636,470,551,636,629,634
639,468,556,621,637,638
620,471,538,631,640,626
633,472,550,623,638,633
638,463,553,630,626,636
633,473,549,627,636,633
633,472,547,627,636,634
629,473,541,630,636,630
626,464,539,630,639,627
637,458,553,629,628,635
639,468,554,621,637,638
629,474,541,630,635,630
634,472,550,618,640,633
634,468,554,617,640,636
628,471,548,633,631,632
636,455,549,629,633,632
627,467,537,631,640,625
638,455,555,630,629,637
638,468,553,618,638,633
624,472,541,631,638,628
635,456,553,631,631,635
625,470,539,631,639,625
627,462,540,628,634,625
637,469,554,618,637,637
633,466,546,627,634,634
626,463,539,629,641,626
634,472,549,631,630,634
632,456,551,630,626,635
643,469,551,618,636,638
632,458,553,630,628,636
639,465,555,617,637,638
634,471,551,620,638,635
635,467,551,618,639,636
630,461,544,625,636,629
635,457,554,629,630,635
635,468,550,623,633,634
632,471,550,624,636,635
631,471,542,629,637,629
635,472,546,625,635,635
636,466,551,619,639,636
634,471,548,625,638,634
633,471,550,624,638,635
627,469,537,632,638,625
636,466,552,618,638,636
637,463,554,631,625,635
626,471,536,633,640,623
621,469,538,632,639,626
635,467,550,632,626,634
637,462,552,630,627,636
626,468,546,630,627,635
626,468,540,631,640,626
634,472,548,625,635,633
636,458,554,629,625,636
625,469,538,628,640,630
636,449,552,625,629,636
628,472,548,623,637,632
630,456,551,627,633,634
635,473,549,627,631,633
640,469,550,624,636,638
636,467,553,617,638,638
634,472,548,633,631,634
629,472,542,627,636,628
621,464,538,628,640,627
628,455,540,626,636,628
635,466,550,618,633,633
629,476,550,625,635,634
637,467,554,615,637,637
637,457,552,628,627,637
628,457,542,628,638,630
628,459,546,627,635,631
626,468,536,632,635,633
631,472,545,630,634,629
637,472,553,630,626,636
627,473,538,631,638,626
635,471,552,620,638,636
633,473,549,624,635,633
639,468,555,621,636,635
624,469,537,629,640,626
635,454,552,629,628,635
632,457,547,627,635,632
640,469,554,623,636,633
637,457,553,630,625,637
638,467,554,618,636,636
628,467,538,631,639,626
633,472,547,627,627,630
629,454,545,624,641,630
638,467,554,617,636,637
640,464,554,631,625,635
636,464,550,632,626,635
627,470,540,632,639,626
637,470,553,618,635,636
627,472,538,635,639,624
635,467,551,632,626,632
637,467,553,616,638,637
639,462,553,625,635,637
638,460,551,632,626,637
626,476,538,630,639,625
627,472,537,631,639,626
634,465,548,627,632,633
638,457,553,631,625,636
631,456,546,627,634,629
638,457,553,631,626,636
633,456,553,631,625,635
640,468,549,614,639,637
641,467,554,618,636,638
638,457,553,628,627,636
627,470,536,631,638,626
639,463,553,631,624,634
633,467,549,632,628,634
637,457,553,629,625,637
632,468,538,629,640,629
627,471,537,629,638,625
628,473,540,631,638,625
637,457,551,624,629,634
636,469,551,619,638,636
637,457,553,630,624,636
636,461,551,632,625,635
624,474,538,628,640,626
630,473,542,630,631,628
640,468,553,616,636,636
634,470,550,623,635,635
637,463,551,630,620,633
626,470,539,628,640,624
638,460,554,618,635,637
631,456,546,627,636,631
633,455,547,626,635,632
632,472,551,619,638,635
628,475,539,632,635,625
634,471,548,625,636,633
639,456,554,629,625,635
625,462,534,630,641,625
632,472,541,628,634,629
635,473,547,628,635,632
638,469,552,617,637,635
625,470,538,630,637,625
639,459,555,630,625,637
637,469,554,616,639,636
633,454,550,628,631,635
637,466,551,631,625,635
622,471,538,632,637,626
634,470,550,624,636,633
637,469,547,626,625,637
637,462,552,632,626,636
628,461,538,631,634,626
625,469,537,628,640,625
634,473,548,624,632,632
633,473,547,624,634,633
627,461,545,624,638,628
634,473,550,620,639,628
637,472,549,631,629,639
622,467,540,628,638,627
635,456,551,627,623,633
631,467,553,617,637,635
637,461,551,616,633,635
628,458,542,626,638,629
627,467,538,629,640,625
631,456,546,627,636,632
635,468,552,632,624,634
637,471,548,625,635,632
636,471,551,618,639,637
634,473,535,630,630,633
637,462,552,630,625,635
637,469,553,617,635,633
635,455,550,628,629,634
638,456,553,630,624,635
632,457,548,625,633,633
631,470,541,619,638,635
627,461,540,618,635,634
632,456,548,626,633,633
637,473,551,620,637,632
639,467,548,622,633,635
638,467,552,615,637,635
633,469,550,620,633,637
634,473,549,626,633,632
637,462,547,630,628,634
631,458,549,626,633,631
640,469,555,613,631,637
629,460,545,626,636,629
631,457,547,622,633,629
630,473,543,629,636,626
635,472,548,626,633,632
638,465,551,631,623,635
637,456,554,629,625,635
638,467,554,618,635,636
634,467,550,631,629,633
638,462,553,619,637,635
634,456,550,627,630,635
628,469,537,630,637,626
626,465,539,627,637,627
630,457,547,628,633,631
638,467,554,617,633,636
636,470,550,627,631,633
638,451,551,628,621,635
625,473,541,630,636,628
637,467,550,632,625,634
633,471,546,624,633,632
636,455,552,628,628,635
638,466,554,615,635,637
629,459,543,626,636,627
638,463,552,613,635,636
635,470,548,626,630,633
636,454,552,627,628,635
638,468,552,616,637,634
629,460,545,627,635,630
639,466,553,618,634,637
638,468,554,618,635,636
640,458,554,629,626,637
635,471,547,625,636,633
639,463,554,613,631,636
642,466,553,617,636,636
629,458,545,627,638,630
641,468,553,616,636,637
635,472,552,618,638,635
631,471,542,629,636,629
639,468,551,624,634,634
624,468,538,630,638,625
631,472,543,628,635,627
636,472,550,632,631,632
627,471,538,629,637,625
637,464,551,630,622,634
630,458,546,626,636,631
624,460,543,626,637,630
636,462,548,619,637,633
635,455,551,626,630,635
640,457,553,629,625,635
635,470,549,629,628,632
634,465,544,625,633,631
640,462,552,630,625,636
638,457,549,630,633,631
641,471,555,621,633,635
639,468,556,616,633,636
627,474,538,631,637,626
637,462,552,631,622,635
626,461,545,627,638,627
636,472,547,626,633,631
627,469,537,629,638,624
638,467,555,620,637,635
638,464,551,632,624,635
636,466,551,629,624,636
634,465,550,619,636,634
629,467,535,623,637,627
634,474,550,624,633,632
639,459,553,630,624,636
637,466,550,630,624,634
635,471,551,622,633,633
638,456,555,630,623,636
635,471,545,628,625,632
626,466,538,627,636,626
627,463,539,627,637,625
640,468,552,615,635,636
637,471,552,616,637,632
642,469,548,612,634,636
632,473,539,629,634,624
629,473,539,628,633,626
635,472,548,622,629,630
632,471,538,630,632,627
626,473,538,627,637,624
639,467,551,615,636,635
626,469,535,629,635,622
631,457,542,627,630,630
639,462,550,628,621,634
641,459,552,616,632,637
636,471,549,631,623,632
636,471,548,619,631,629
627,473,537,628,633,625
633,468,553,616,633,635
626,462,533,627,636,624
637,473,546,626,631,630
634,456,547,624,629,634
638,471,548,625,629,633
638,472,543,626,630,629
634,473,545,624,630,631
636,474,546,620,630,632
635,473,547,621,633,631
633,458,547,624,630,630
634,458,545,622,629,631
642,472,551,612,630,632
639,467,550,631,623,632
637,472,548,626,624,631
634,471,540,627,631,626
638,469,547,623,626,630
625,472,536,620,630,624
639,457,552,628,619,633
640,466,550,628,622,636
637,472,543,621,624,631
638,470,550,615,634,633
637,472,549,618,633,633
634,471,547,625,630,628
638,468,548,630,622,633
627,473,537,627,632,624
636,470,547,628,623,629
634,473,547,619,631,634
628,473,538,628,632,626
634,473,536,623,630,628
638,469,552,613,633,635
626,475,535,624,628,625
636,472,548,625,629,632
632,457,546,624,629,629
635,466,547,625,626,632
638,472,550,629,622,631
638,464,551,628,622,632
641,462,552,630,618,634
623,463,539,624,631,627
639,455,547,625,627,633
630,468,536,627,633,624
626,469,534,627,635,624
630,470,536,628,634,624
630,473,538,627,632,625
641,462,552,610,627,634
629,459,543,623,630,630
639,467,553,617,630,635
639,468,551,613,634,633
641,474,548,620,629,635
635,469,551,615,631,635
633,474,546,626,625,630
635,473,546,624,627,632
639,469,550,619,631,631
638,468,552,614,631,636
637,471,548,619,632,632
628,467,538,625,634,624
627,468,536,626,632,624
632,462,540,624,634,629
639,459,553,627,620,634
641,467,553,614,631,635
639,471,550,614,630,632
629,466,537,625,632,626
639,457,550,625,621,634
635,473,546,628,623,631
628,466,537,626,632,624
637,468,549,628,622,633
637,456,547,624,626,632
632,472,540,627,629,626
636,471,546,627,623,630
636,470,548,630,623,632
633,473,541,625,629,628
640,468,551,614,632,634
639,470,549,618,629,630
635,465,546,622,628,631
637,456,549,624,625,631
628,472,535,626,631,623
636,472,546,623,628,629
635,472,546,620,629,632
638,474,549,616,632,633
627,475,538,626,632,625
633,466,549,627,619,633
640,464,549,627,620,624
635,474,547,611,625,631
641,462,550,613,629,635
629,471,534,626,632,624
634,452,542,623,627,630
633,466,538,620,625,626
638,463,548,609,630,634
640,459,550,626,619,634
639,464,542,623,627,631
625,465,535,624,633,627
641,468,533,623,632,624
636,470,547,615,633,632
625,475,533,626,633,625
634,457,548,622,621,632
638,469,549,611,631,633
639,467,549,626,620,631
641,461,548,626,620,634
641,458,547,623,624,634
639,471,548,614,633,630
631,470,544,627,624,630
637,467,545,622,628,627
630,464,541,622,628,625
642,467,548,612,632,635
628,463,541,623,629,627
625,462,543,621,636,624
631,453,539,622,632,628
638,465,547,627,620,632
629,468,536,623,633,624
636,470,547,627,622,631
639,456,547,626,616,632
632,471,548,612,633,634
633,470,548,610,630,634
637,457,546,624,622,631
642,466,550,611,630,635
639,472,545,609,630,633
638,469,547,627,620,633
632,472,538,625,630,626
636,474,545,618,630,631
639,464,547,612,633,633
635,471,546,613,631,632
640,466,547,625,619,633
644,467,551,613,629,635
640,466,550,612,628,634
639,470,546,616,628,633
637,469,548,612,630,633
634,466,547,626,618,631
638,470,546,627,621,631
638,472,548,611,632,633
637,473,546,621,627,630
634,456,547,620,625,631
637,471,545,616,627,634
641,467,550,611,631,636
635,465,550,625,620,634
639,456,548,622,619,631
635,470,535,624,632,624
640,468,547,623,620,630
643,466,550,624,619,632
639,474,545,619,626,632
628,474,535,623,631,623
642,474,541,620,627,629
636,470,548,611,632,631
636,474,545,616,628,630
639,472,544,616,627,631
631,459,540,620,628,625
636,472,545,615,629,628
636,472,546,624,625,628
638,472,545,617,627,632
640,456,550,621,621,631
641,466,550,612,627,631
632,473,534,626,630,622
636,469,551,615,626,633
636,471,546,614,629,630
639,469,545,615,625,628
637,472,545,620,623,629
641,461,547,609,629,633
642,465,549,624,617,631
641,471,549,615,626,630
633,461,540,619,628,628
638,456,547,624,619,628
636,470,544,620,624,627
641,450,545,621,618,631
635,471,544,621,627,627
633,474,533,623,629,622
641,457,551,623,620,628
640,473,542,619,627,626
636,473,544,620,625,626
642,468,549,618,618,629
627,467,534,623,629,627
641,469,550,615,628,629
630,466,533,622,632,628
634,467,548,610,632,631
639,472,545,618,623,628
636,473,548,624,619,627
626,473,535,623,628,621
635,470,543,616,626,627
635,458,545,618,628,626
629,466,536,621,633,622
629,468,535,624,628,617
634,472,547,615,631,627
640,457,550,623,633,631
632,460,541,620,629,625
639,458,541,613,624,627
630,473,535,625,630,630
636,471,544,621,626,625
636,474,546,619,629,627
640,459,551,621,620,631
643,467,549,612,628,629
637,472,540,621,627,624
636,472,545,615,629,630
631,473,542,618,624,628
629,471,535,624,631,631
630,471,546,617,624,627
642,468,549,610,629,632
642,460,550,622,618,631
641,471,549,609,629,631
641,462,548,605,632,630
642,468,550,609,630,632
629,475,536,624,629,620
639,473,546,619,629,630
637,473,545,624,621,628
635,452,545,618,626,626
638,458,547,621,622,629
638,472,546,615,631,628
640,473,545,619,626,627
640,458,550,622,620,632
640,468,548,611,630,633
641,467,549,609,629,631
641,471,547,611,630,629
636,474,544,621,625,627
629,460,536,619,631,622
639,474,541,613,627,628
628,476,534,621,631,620
629,469,546,610,628,631
636,458,546,621,621,627
637,467,547,611,626,627
642,456,550,618,617,628
634,472,539,622,627,628
634,463,536,622,623,625
637,471,545,619,626,625
640,464,533,621,631,620
634,460,539,619,629,623
644,470,536,622,628,620
644,470,552,609,627,632
639,467,546,627,622,628
640,465,546,620,619,628
637,472,545,612,629,626
641,464,550,626,617,628
643,463,549,613,628,631
641,449,544,621,619,630
638,472,545,619,625,628
630,472,534,615,627,631
643,465,544,614,623,632
640,470,546,617,624,627
636,472,540,623,628,620
641,457,548,625,616,627
627,467,534,624,629,620
639,470,548,624,618,627
641,470,543,605,628,631
641,471,547,616,625,628
629,459,535,617,616,632
636,472,545,616,628,627
637,470,547,615,628,626
637,470,550,616,623,629
630,464,533,623,629,620
637,470,548,610,630,630
635,457,546,612,624,632
638,469,548,625,611,628
636,474,547,621,619,629
627,470,536,621,627,620
634,471,547,623,625,630
636,471,545,624,621,628
621,473,534,619,631,620
634,470,545,621,624,626
632,471,546,627,618,629
635,458,551,626,616,631
637,465,551,614,627,632
634,459,550,624,618,631
637,463,547,613,627,632
631,473,547,619,629,628
633,472,541,624,627,625
637,463,551,614,618,629
630,456,548,625,620,630
628,473,547,617,628,629
623,474,552,625,618,627
635,467,547,628,619,627
632,474,544,621,627,626
636,464,548,614,629,630
631,474,547,622,630,626
625,464,541,621,629,624
632,474,538,626,628,621
632,469,552,613,630,629
629,456,543,623,628,624
636,470,548,627,630,620
636,457,550,625,618,632
631,460,543,622,626,624
639,468,552,614,624,629
635,469,549,613,627,629
634,469,547,621,626,628
631,457,545,628,628,623
636,454,548,624,620,627
629,463,538,625,631,621
640,468,551,624,626,623
641,468,551,614,625,628
637,473,546,624,621,628
632,474,536,630,625,621
640,463,550,627,617,629
637,466,547,627,617,628
632,453,542,623,626,628
637,474,547,616,626,628
638,470,547,624,618,625
628,472,533,627,632,620
627,464,539,623,626,622
633,458,544,621,624,625
641,464,549,629,616,628
636,474,545,620,625,628
640,466,552,611,624,632
633,472,540,625,624,626
628,466,532,627,631,620
640,457,551,625,616,629
634,457,547,615,625,632
639,472,552,615,629,630
637,470,547,629,616,626
640,461,542,620,624,624
632,473,540,626,627,622
637,475,545,614,627,628
637,476,546,617,626,628
640,470,550,610,626,623
637,454,549,623,617,629
640,460,552,626,614,632
635,473,547,619,625,627
641,451,550,621,615,631
635,459,545,621,622,626
641,468,551,614,624,631
642,463,550,624,612,629
635,465,541,619,623,628
631,463,542,621,626,622
628,457,549,621,615,630
641,469,548,616,622,630
630,459,541,620,625,623
638,473,545,618,619,627
635,472,545,616,625,628
632,457,547,621,616,628
628,461,541,621,624,622
639,468,548,611,626,630
627,474,533,624,627,620
635,472,544,625,619,625
642,465,546,611,618,627
629,472,535,625,621,626
636,458,545,619,618,627
629,473,532,624,624,620
642,469,547,610,622,629
628,474,531,623,620,620
643,469,550,620,611,628
627,466,531,621,625,619
629,467,534,621,620,631
632,473,536,622,623,617
637,471,546,623,619,625
637,473,541,614,623,627
634,458,547,620,611,628
632,476,534,621,621,619
632,474,544,618,619,627
639,476,543,612,621,624
637,473,544,614,622,627
641,465,547,623,609,628
636,475,545,618,619,626
638,474,545,616,621,627
641,463,549,623,610,628
629,474,534,622,622,630
635,473,538,621,618,621
629,461,541,616,620,619
637,457,546,618,614,627
638,472,544,615,619,626
625,470,535,622,616,619
637,473,543,611,621,625
627,465,535,620,622,619
637,472,544,617,620,622
636,466,547,622,608,628
638,466,541,610,618,627
636,473,542,615,618,626
635,455,546,620,609,623
642,463,548,606,617,628
641,470,549,607,617,630
642,469,550,609,617,631
641,463,549,615,615,628
641,470,545,621,612,628
632,473,536,620,616,619
638,466,543,612,619,629
639,472,546,606,617,629
641,465,545,622,604,626
635,472,546,612,615,628
630,470,533,615,618,619
630,466,533,616,620,617
636,457,542,609,613,627
629,460,532,616,619,620
642,458,550,615,606,629
640,468,547,606,617,628
633,457,538,614,616,622
637,472,545,611,616,626
642,459,548,617,605,627
640,472,544,611,614,626
631,464,533,616,618,620
644,466,548,618,603,628
639,473,544,611,617,623
640,472,545,617,611,624
632,457,540,613,617,624
643,456,548,618,605,627
641,475,543,609,615,624
644,468,550,603,615,627
640,474,544,612,612,625
641,471,544,617,604,629
644,468,548,617,605,626
632,473,538,618,616,620
635,459,540,612,615,625
642,458,547,616,608,628
635,472,537,619,617,618
640,472,544,618,610,623
645,470,544,611,613,626
631,463,534,614,615,621
642,457,549,617,607,628
645,461,549,607,615,629
641,472,543,611,616,626
642,476,545,604,617,627
644,457,545,606,612,628
645,460,547,615,607,628
631,470,533,615,619,617
645,470,547,608,615,629
644,457,551,616,605,629
642,470,549,603,620,629
640,473,539,617,616,622
638,472,544,615,610,624
639,473,544,613,615,625
638,459,545,612,607,627
634,458,542,615,615,624
641,465,544,612,614,622
640,473,544,611,614,626
635,476,533,618,615,618
632,473,534,619,619,617
637,473,539,615,615,621
630,464,535,615,618,620
644,466,547,620,607,627
641,473,545,606,620,627
637,456,546,620,618,617
642,462,544,605,615,628
642,470,543,620,612,625
640,473,540,616,617,620
637,460,541,613,617,622
633,463,536,618,619,619
632,463,537,614,620,617
639,456,544,614,613,624
641,472,541,608,617,627
641,471,547,616,608,628
642,468,547,619,606,627
638,471,540,617,616,622
644,465,549,620,605,628
641,466,538,614,614,624
639,474,544,612,613,625
643,469,545,620,608,626
641,470,547,620,608,627
640,474,543,611,615,626
640,475,545,608,616,627
644,469,550,609,615,628
640,474,541,615,615,623
634,473,537,618,617,622
645,456,549,617,608,628
642,471,548,604,619,628
646,471,544,613,614,625
633,462,541,617,620,623
637,472,535,618,617,621
632,475,533,617,618,617
639,471,540,619,615,622
643,470,543,611,615,627
627,470,535,615,618,620
643,465,547,618,605,628
636,474,537,617,616,628
641,468,546,616,607,625
631,465,534,614,620,619
642,455,547,616,608,629
645,463,551,599,614,629
640,470,550,606,617,629
643,473,546,606,617,628
642,469,548,616,604,626
643,456,549,616,606,628
639,458,541,613,611,624
640,475,546,611,617,627
641,475,544,612,609,625
642,455,548,617,607,629
635,459,540,614,615,618
634,474,539,616,616,620
643,457,550,615,606,626
645,471,545,618,605,627
640,473,545,611,615,619
645,467,550,604,616,629
631,466,535,614,619,620
643,462,549,616,603,627
640,472,544,609,612,625
642,469,545,614,611,625
646,462,545,616,603,629
636,471,547,617,608,626
638,458,544,612,616,624
643,469,545,607,613,627
633,457,544,612,613,624
636,459,540,611,616,624
637,473,538,616,614,621
632,474,535,615,612,618
644,471,546,606,615,626
642,473,545,613,609,624
643,471,541,611,614,624
635,458,543,611,614,625
640,472,544,612,611,626
636,459,540,612,612,624
644,451,550,610,602,628
637,474,537,614,609,625
644,466,549,617,605,629
644,459,551,614,605,629
645,468,549,605,613,631
631,466,532,613,617,619
636,458,543,611,612,624
638,476,540,615,615,620
641,469,547,618,603,627
640,475,543,610,615,627
642,472,542,614,609,626
644,457,549,615,605,628
633,466,534,615,618,620
640,456,545,611,611,625
645,450,547,612,606,628
641,469,547,617,603,627
643,458,548,612,605,628
645,467,549,615,603,628
640,473,544,608,613,628
632,472,535,616,617,618
644,471,546,607,612,627
633,463,535,612,618,619
641,474,544,611,609,627
645,464,549,615,606,628
633,467,533,615,617,620
644,469,550,599,616,629
646,460,550,611,603,628
641,473,541,610,612,625
636,473,537,614,613,621
640,467,547,613,605,628
646,468,548,606,612,628
643,457,548,611,605,628
642,473,547,605,616,628
644,469,546,615,603,626
631,466,536,610,617,621
643,472,545,614,607,626
643,458,548,614,603,628
643,474,547,607,608,626
647,457,550,613,604,631
643,468,549,602,613,629
634,476,535,615,615,617
644,468,549,600,615,629
632,465,535,611,618,621
641,475,546,616,609,625
641,477,543,607,613,625
640,471,546,612,608,625
629,469,533,612,615,617
635,459,539,609,615,623
643,473,546,604,611,627
647,467,548,613,602,626
643,472,542,601,617,628
644,470,551,599,614,630
640,473,546,601,615,626
643,464,543,604,608,624
645,458,548,612,604,628
632,474,532,613,614,619
636,459,539,608,612,621
641,457,546,610,605,627
646,470,549,598,612,630
632,473,535,612,615,619
635,474,536,604,612,627
647,470,548,600,611,627
645,468,548,598,615,618
643,473,540,609,610,623
643,476,542,604,608,622
634,476,535,611,612,619
639,461,541,608,611,620
642,458,547,607,607,626
644,469,550,596,611,630
634,463,532,610,614,618
633,468,532,610,614,617
636,474,538,603,609,627
646,470,545,603,609,627
632,471,534,611,612,617
638,464,534,604,610,623
644,470,548,598,614,626
645,471,550,599,607,629
640,474,537,607,609,622
647,467,551,598,611,630
641,460,545,607,608,624
642,458,549,609,600,629
632,465,530,612,613,617
646,457,551,606,603,624
644,467,549,610,599,628
637,471,536,611,611,620
646,455,543,608,602,627
637,473,540,607,606,620
646,467,546,610,600,627
644,457,549,607,602,628
640,476,545,607,609,624
633,468,544,598,610,629
640,465,549,608,600,628
639,461,540,607,611,621
637,458,546,608,608,627
633,463,537,605,612,621
639,471,540,607,610,626
645,461,549,610,601,629
647,461,546,605,600,628
644,457,550,610,601,630
643,466,538,607,611,623
644,468,547,612,600,627
638,459,540,608,609,619
639,469,549,596,612,629
645,475,543,607,607,625
644,471,548,592,612,629
632,475,533,611,613,620
634,476,535,607,608,619
633,463,534,606,615,620
646,459,550,607,613,627
634,461,541,605,611,622
642,472,545,601,612,627
646,463,548,612,595,625
648,467,549,597,610,630
644,471,543,604,609,627
633,455,535,608,614,621
634,473,534,610,613,619
641,470,547,611,599,628
633,469,532,609,615,619
637,460,538,607,615,623
646,467,548,598,612,630
646,469,547,595,614,630
636,474,543,605,609,625
643,468,545,609,601,627
648,458,547,608,601,628
642,457,541,605,608,624
646,468,547,603,611,626
642,474,539,603,612,626
642,468,542,597,613,626
646,470,546,596,613,630
641,473,529,609,600,628
643,457,538,604,609,624
640,456,538,603,608,625
647,457,539,605,601,629
633,467,528,605,616,620
645,469,541,595,614,628
647,467,541,598,609,627
642,470,541,597,613,628
639,472,536,605,612,624
639,452,536,600,608,621
634,473,527,608,613,624
640,459,534,604,611,622
645,457,543,608,605,628
647,470,543,594,611,630
643,469,542,594,616,629
644,470,540,594,616,630
644,467,540,594,617,630
641,474,536,608,609,625
642,457,540,605,608,628
646,469,539,607,606,631
642,469,538,596,620,629
643,455,541,605,606,630
641,469,534,601,619,629
640,470,535,600,615,628
645,467,538,599,614,631
635,469,524,607,619,623
632,467,522,606,617,622
642,472,533,599,615,628
632,469,523,607,618,621
639,472,533,597,617,629
640,472,534,603,610,630
641,470,533,603,615,629
646,455,538,601,606,632
636,468,536,606,608,630
644,454,536,604,609,633
645,466,535,595,617,634
641,466,539,591,616,631
632,467,525,603,622,622
648,467,538,593,616,633
642,468,535,607,608,630
639,467,539,593,619,631
639,456,532,604,615,626
644,457,533,598,612,633
643,462,537,607,607,631
644,469,535,603,611,629
642,467,535,608,608,631
643,470,534,596,619,632
643,471,535,597,620,631
637,453,535,602,613,631
647,470,538,594,619,632
638,460,530,601,617,627
647,471,536,600,617,630
643,474,530,599,616,630
646,470,536,599,617,631
643,458,539,605,608,633
636,457,535,601,613,631
645,467,531,601,620,626
644,460,536,603,612,631
634,468,524,605,609,623
644,469,537,593,621,632
632,474,522,605,611,632
642,470,538,595,625,632
644,467,538,593,626,632
647,460,539,607,614,634
637,473,534,607,619,628
642,472,536,604,626,632
640,475,529,608,627,630
645,469,540,597,627,635
646,472,535,603,626,632
644,469,535,613,619,634
641,469,526,609,631,625
644,465,539,613,618,637
647,468,541,599,629,637
644,472,536,607,623,633
633,476,524,607,629,625
633,472,523,609,631,625
637,461,532,602,633,629
644,470,537,592,631,635
643,473,534,605,631,625
642,475,533,595,622,632
644,472,536,589,631,634
638,473,528,598,628,629
647,468,537,596,618,636
646,470,536,592,624,635
640,460,529,589,627,630
648,459,527,587,628,632
639,461,530,587,632,630
647,473,538,579,628,635
646,457,538,586,618,635
637,461,529,587,629,626
650,466,540,588,613,636
649,460,539,589,614,637
643,469,538,580,622,634
645,472,537,574,627,636
637,470,524,587,626,623
648,471,533,583,623,635
636,470,524,587,626,623
644,460,533,584,621,631
638,463,526,586,624,629
652,468,540,573,625,636
638,468,524,584,625,625
635,473,526,590,625,627
649,467,537,588,623,635
641,459,533,583,624,632
643,463,531,583,626,629
649,472,534,583,622,633
654,461,538,580,621,636
650,473,524,590,624,625
643,476,534,589,614,631
640,474,526,588,625,625
647,473,534,587,616,634
652,469,542,576,625,636
651,468,540,577,622,637
648,474,534,586,618,633
637,475,528,588,622,628
648,474,538,577,622,633
649,473,538,576,622,634
650,471,528,586,612,638
647,472,538,580,622,635
652,452,529,585,617,627
638,467,524,586,623,626
644,461,532,583,623,630
650,476,536,584,618,634
652,467,535,584,620,630
651,462,539,588,610,635
643,474,528,590,620,626
649,475,537,577,622,633
653,470,541,581,621,636
646,476,535,585,619,633
648,474,532,586,619,631
652,465,540,587,609,635
650,461,538,586,613,633
653,468,542,576,623,635
651,472,525,575,622,637
648,473,534,586,617,631
640,472,521,585,621,625
648,474,535,582,619,633
649,473,540,577,622,632
649,470,536,590,608,633
648,472,537,575,608,636
639,474,522,591,618,626
647,472,540,582,615,636
645,475,531,588,616,630
650,469,538,576,618,634
632,468,524,590,617,625
648,473,536,587,611,632
647,474,536,583,613,633
641,458,527,589,612,623
651,459,539,576,612,634
650,464,539,590,602,633
643,459,531,585,616,630
646,474,536,586,607,631
639,460,534,585,609,632
640,467,527,586,612,625
651,466,541,589,595,632
650,458,539,588,600,634
649,465,525,586,612,625
647,469,541,576,607,633
648,474,539,584,600,631
640,471,526,589,610,622
649,470,541,582,605,628
640,466,525,585,611,623
652,472,541,582,606,631
644,459,534,584,603,628
648,474,537,585,601,630
650,469,543,582,604,635
649,475,535,584,603,630
643,474,528,590,607,625
651,470,540,578,607,634
648,475,537,576,606,631
649,469,538,590,595,632
644,475,527,590,607,623
651,461,540,589,595,634
640,465,525,590,608,632
647,476,537,576,604,628
651,471,542,591,594,627
644,472,540,581,601,631
645,473,530,587,600,626
652,461,533,585,606,628
641,463,526,584,601,622
652,470,541,576,604,633
648,475,537,589,598,628
647,473,535,583,601,629
650,474,543,590,592,631
651,457,542,588,593,630
650,471,537,592,597,629
645,464,530,585,601,624
650,466,539,573,600,631
644,471,539,589,591,631
641,466,526,587,604,621
652,470,530,585,600,629
652,464,540,590,591,632
651,465,541,591,590,632
654,467,538,586,590,630
644,461,533,587,598,626
648,474,536,588,595,628
650,471,540,578,601,632
649,471,541,580,599,633
647,476,535,586,597,627
649,473,538,579,600,628
638,462,531,585,605,623
653,466,537,588,587,631
652,473,537,589,588,630
641,474,526,590,600,619
640,474,526,589,601,621
653,461,527,589,599,620
649,471,540,575,599,631
647,474,533,590,597,625
641,475,535,588,596,627
640,467,527,587,602,622
649,474,537,582,600,628
652,457,539,589,590,629
653,469,539,590,587,630
641,471,537,586,600,629
647,472,535,592,592,632
641,463,529,586,599,622
651,469,530,572,597,629
642,461,533,585,598,627
654,463,542,590,585,631
649,470,540,581,596,634
652,471,543,578,596,628
638,469,525,587,599,620
648,474,536,590,592,627
647,457,535,586,594,628
642,476,542,590,588,629
651,470,540,591,590,630
640,469,526,587,597,630
637,475,526,589,597,620
648,475,537,585,594,628
653,468,542,576,598,631
644,474,528,590,598,621
649,472,538,577,595,631
647,460,541,589,586,629
646,466,529,589,598,623
651,474,542,591,596,623
642,474,527,590,599,621
653,462,538,587,588,627
652,462,540,587,585,631
648,473,535,585,600,625
653,470,543,576,597,631
642,474,526,590,598,622
641,466,528,577,596,631
646,457,537,588,596,627
654,466,538,590,587,628
648,458,538,586,592,626
640,469,527,587,599,621
652,471,542,591,599,619
653,469,537,591,586,630
653,461,541,589,586,629
647,460,539,583,588,629
651,474,536,585,595,627
647,457,540,584,595,627
646,473,537,580,599,628
647,469,542,582,596,628
650,470,540,578,598,631
648,475,541,587,586,628
648,472,530,590,597,624
635,467,527,589,601,618
648,475,542,577,595,632
651,469,541,576,597,632
649,475,536,584,592,627
652,472,541,576,599,631
648,473,537,587,592,628
647,474,539,579,594,628
652,467,541,591,587,629
645,472,538,591,589,628
641,474,527,590,600,620
636,467,526,587,599,621
651,473,537,583,596,632
652,461,539,587,587,630
647,474,532,586,597,625
652,472,538,585,593,628
642,475,527,591,598,623
643,456,536,586,593,626
651,470,538,591,585,629
652,471,538,576,599,629
652,467,541,592,587,630
653,463,540,590,586,631
651,469,537,591,588,629
648,472,539,583,595,630
650,472,538,592,587,629
642,476,528,590,597,623
634,470,526,587,600,627
643,459,533,585,598,625
637,471,538,585,591,626
651,458,542,589,596,624
641,466,529,588,596,617
653,462,541,585,596,619
647,467,539,592,586,628
645,459,533,584,595,626
653,454,543,585,583,629
654,469,538,577,599,629
653,474,536,579,599,630
654,470,542,578,596,630
641,467,527,588,600,620
645,473,531,591,589,628
652,457,542,591,583,629
651,473,537,583,592,628
647,457,530,585,598,624
648,473,534,588,596,629
641,463,523,587,599,619
648,460,543,589,585,632
654,463,542,589,586,629
649,475,537,583,600,627
643,474,529,590,598,620
650,458,540,588,592,632
654,471,541,577,592,623
642,478,525,591,600,620
649,472,537,585,594,628
650,472,540,578,594,625
643,476,536,581,595,625
644,475,528,581,595,630
640,460,535,583,592,624
650,473,536,592,591,627
653,465,541,590,586,630
650,469,540,590,587,629
652,461,541,583,598,620
654,462,541,589,585,630
648,474,534,587,596,624
654,470,544,579,593,629
649,475,537,589,592,626
652,462,541,589,585,629
644,461,535,586,598,623
642,462,534,587,597,626
655,471,542,577,595,630
651,458,538,587,593,627
643,462,531,586,596,622
647,472,537,583,597,627
650,473,538,589,587,627
651,471,540,591,588,627
650,473,537,593,588,623
646,475,533,590,595,622
651,470,542,577,597,626
652,473,537,582,596,629
652,454,541,586,585,629
653,460,542,590,585,629
648,475,536,586,591,625
653,470,542,582,594,629
643,475,529,591,596,620
654,469,542,578,597,629
648,475,536,580,598,625
652,465,540,588,586,628
641,466,529,588,600,619
650,465,539,590,585,629
649,458,540,587,590,619
649,475,538,590,590,625
641,463,535,587,596,622
649,477,536,587,591,625
650,459,539,587,591,626
647,466,539,591,583,628
651,467,535,586,593,624
654,469,542,578,591,628
652,467,543,591,584,629
652,468,543,577,594,630
640,475,526,592,597,618
639,462,534,585,596,625
649,459,541,587,589,626
650,473,539,586,591,624
648,452,536,588,589,628
645,464,533,586,598,622
651,473,528,587,596,620
653,470,542,576,593,628
645,476,530,591,594,617
650,459,541,588,586,619
652,470,540,577,596,628
643,464,532,585,593,625
647,459,539,587,589,628
651,451,536,587,590,627
638,468,528,587,596,618
646,459,534,585,593,625
649,472,538,591,585,625
647,474,535,585,588,626
647,470,543,577,595,628
640,467,526,590,596,616
652,473,539,579,594,628
640,474,527,590,596,617
643,459,532,586,593,622
649,475,536,587,592,625
638,476,527,590,596,617
639,468,525,590,596,614
643,475,539,586,591,625
651,468,538,592,583,627
654,463,540,591,583,628
649,458,540,587,588,624
639,473,526,591,596,617
651,471,541,576,596,622
647,464,533,584,592,623
654,471,540,590,585,624
644,462,535,587,593,623
642,464,533,585,598,621
652,462,539,578,593,627
651,459,540,588,585,625
650,468,542,588,586,625
652,469,540,576,594,630
650,461,541,589,583,628
650,472,538,581,593,626
648,473,535,586,592,623
644,457,536,588,592,624
649,466,540,591,583,627
643,475,528,591,593,619
641,466,525,592,592,616
647,472,539,583,593,628
653,470,536,584,591,626
644,457,540,587,587,627
652,471,542,582,592,629
652,460,531,585,590,623
645,468,524,589,594,619
651,469,541,578,593,625
648,466,540,592,584,626
641,468,527,588,598,621
649,470,539,591,584,625
647,477,537,578,595,624
650,470,542,576,592,628
649,472,528,590,581,627
638,459,541,587,586,628
643,462,531,586,592,621
641,463,533,586,599,621
640,473,527,590,598,617
651,467,540,591,595,618
644,459,537,586,590,625
643,455,529,586,596,622
651,472,540,576,597,627
643,467,524,590,593,619
648,473,538,585,590,625
642,467,530,585,596,620
650,481,535,587,591,624
652,468,543,578,595,629
641,465,525,587,597,619
647,459,541,589,584,625
640,467,530,587,595,619
648,472,539,581,590,626
646,476,537,586,592,625
640,468,527,588,597,618
646,474,537,585,591,625
652,470,541,590,584,627
654,470,543,577,593,628
641,469,527,590,595,626
647,459,540,587,588,627
640,465,528,586,597,627
647,464,542,591,582,627
652,471,540,582,591,622
646,471,543,576,594,628
650,464,539,577,594,626
653,471,541,575,595,624
652,459,542,589,584,628
650,470,539,577,595,624
651,460,542,589,584,628
651,471,542,577,595,625
640,465,532,587,594,620
644,461,535,587,592,619
648,474,536,585,591,628
650,473,538,584,592,624
653,476,528,590,591,618
653,469,542,577,594,629
651,472,530,587,591,620
639,473,521,577,595,629
644,462,524,588,594,620
650,473,541,577,594,629
649,469,538,591,582,626
639,471,535,578,592,629
653,471,540,579,593,625
653,470,540,584,590,628
649,472,542,588,584,627
652,469,542,577,592,629
639,478,526,590,594,627
646,474,533,588,592,622
653,470,542,573,592,622
645,477,537,587,589,625
640,476,528,590,592,621
651,465,540,575,595,628
639,474,526,588,597,615
649,460,540,587,584,625
646,474,537,583,591,626
650,469,543,575,595,628
649,470,542,577,595,628
648,476,537,585,590,625
641,470,528,591,595,619
639,468,526,586,591,622
639,469,527,587,595,617
654,465,544,573,589,628
650,459,541,588,583,628
638,472,525,589,591,615
649,473,537,588,586,626
650,471,540,577,593,620
651,476,537,588,585,625
647,448,537,586,593,626
643,476,527,590,593,618
648,459,537,588,586,625
652,471,539,584,591,626
651,471,539,576,595,628
652,459,543,590,582,629
650,475,537,586,590,626
650,459,538,587,587,626
648,473,538,595,583,623
650,458,540,589,587,623
640,477,527,590,595,618
641,468,526,587,590,617
648,474,538,578,595,625
651,469,537,586,590,625
652,461,541,591,578,628
650,472,539,581,589,628
652,461,541,588,581,628
639,464,527,589,593,619
648,476,536,584,593,621
652,457,541,588,583,627
647,459,536,586,590,625
650,473,537,591,584,625
647,457,542,591,594,618
648,475,535,586,592,624
653,469,538,582,590,630
649,475,537,591,588,626
644,473,530,590,591,620
647,461,535,586,593,617
650,468,541,578,596,627
653,466,540,591,581,626
652,460,541,585,593,621
650,470,540,578,594,629
643,474,527,591,595,619
649,473,541,586,591,628
649,450,538,584,587,625
649,472,540,578,594,629
649,472,537,590,588,625
647,459,540,587,587,628
652,465,525,588,595,617
633,470,525,589,595,618
652,467,540,592,582,627
641,475,524,591,594,615
647,474,536,587,588,625
646,461,535,586,592,625
647,474,535,590,588,624
652,464,542,577,592,629
649,459,538,589,586,628
641,463,530,586,594,620
652,468,540,589,595,617
649,459,536,584,587,627
645,472,535,580,597,626
648,455,535,587,589,626
650,463,536,593,584,626
651,455,540,582,590,625
646,460,541,589,582,629
652,466,537,589,581,625
640,468,526,588,597,619
646,454,537,587,589,628
648,469,539,579,596,627
652,463,539,591,583,627
652,459,541,592,585,626
650,455,540,589,586,627
639,472,536,584,593,625
650,455,540,590,587,628
647,468,537,579,600,628
651,467,541,579,597,629
651,466,541,579,596,628
651,468,538,584,597,625
647,471,538,584,602,626
644,458,534,589,601,621
643,457,537,589,603,618
649,467,536,582,603,629
651,462,540,594,591,629
649,471,537,589,599,626
646,474,536,589,599,625
650,464,540,598,592,627
647,457,540,596,596,627
639,468,528,598,608,618
650,469,543,587,604,631
642,474,531,600,604,623
639,462,534,598,609,621
638,454,533,595,610,623
647,467,542,590,605,629
649,472,541,599,604,628
647,466,539,605,597,628
645,475,538,600,605,627
636,477,527,605,609,618
635,470,528,607,609,619
648,471,540,608,599,627
638,474,527,607,608,619
648,459,541,605,600,629
640,462,533,603,598,629
635,468,527,603,613,620
638,473,526,607,611,618
649,472,536,600,605,627
638,460,524,603,611,622
649,460,542,602,598,629
645,461,533,603,608,626
644,479,530,606,606,622
645,457,537,602,605,625
648,467,539,607,596,626
640,474,528,608,609,621
647,472,540,592,611,628
651,471,543,594,608,629
643,474,536,601,605,625
648,464,538,609,597,625
639,460,537,601,604,625
646,459,540,600,600,627
651,472,541,593,606,629
643,458,532,601,608,623
647,471,537,602,594,628
647,471,536,591,607,627
645,458,536,598,602,624
647,473,532,590,607,627
645,475,531,602,606,620
645,476,537,592,606,625
652,458,540,600,596,626
647,476,537,600,599,624
645,458,539,602,598,627
648,459,539,601,603,620
640,478,526,604,605,619
643,475,528,595,592,627
643,460,532,598,607,622
650,475,533,596,603,626
648,475,535,587,608,628
654,465,540,594,604,627
650,461,541,600,596,628
647,467,538,598,603,624
651,455,538,603,594,627
643,461,536,595,601,624
639,466,530,599,610,618
649,467,538,588,604,625
650,470,541,589,604,628
650,470,543,595,604,627
648,460,540,595,596,625
638,459,537,599,601,623
643,469,527,603,606,622
646,474,533,600,604,621
650,465,542,603,592,626
637,468,525,601,610,618
650,467,539,605,601,623
647,475,537,600,597,624
652,472,536,595,604,627
647,457,540,602,599,625
648,475,537,605,595,625
647,474,538,605,595,625
640,464,531,601,610,618
647,461,542,603,594,627
650,470,541,590,609,626
637,472,526,604,596,624
642,474,540,592,608,626
648,470,538,592,600,623
647,471,537,603,597,624
636,473,526,603,608,614
646,475,538,600,601,621
641,467,527,601,607,617
642,475,526,605,607,613
647,473,538,605,595,622
641,476,525,605,607,622
647,468,535,594,603,619
645,475,530,604,603,618
651,467,541,604,594,624
650,471,541,591,604,627
651,470,541,592,605,626
647,462,541,601,598,625
639,468,529,599,605,619
637,477,525,602,605,613
637,476,525,590,605,626
643,476,529,603,604,615
639,466,527,599,609,615
648,478,537,599,600,621
652,471,537,585,603,625
651,463,542,601,595,624
650,460,542,602,596,623
649,467,541,602,589,623
647,478,536,600,603,622
646,466,534,606,600,620
648,469,534,600,601,621
639,471,528,600,610,615
647,473,540,590,607,624
652,473,541,588,604,625
644,459,536,598,601,622
640,465,530,597,608,617
650,460,540,601,604,614
638,467,528,600,607,623
655,474,542,587,604,620
645,474,537,598,601,620
648,474,537,599,599,619
648,476,533,598,602,617
649,474,537,594,602,620
651,471,542,588,603,622
650,471,539,601,594,622
650,473,536,582,604,623
648,472,539,585,602,621
637,473,542,595,601,621
652,466,542,599,592,625
637,474,526,599,604,621
651,461,543,598,591,623
646,475,537,589,603,622
649,471,541,588,604,622
652,460,544,594,592,623
650,466,541,585,599,623
645,477,538,592,601,619
643,464,534,595,602,615
635,476,528,595,599,622
639,476,526,599,602,612
641,463,539,585,601,625
637,472,527,597,606,613
649,472,541,584,602,622
653,467,542,598,589,623
648,477,537,593,598,620
644,473,533,596,600,614
648,474,539,586,602,623
651,460,541,597,588,621
638,470,525,596,593,620
648,474,535,593,598,624
651,472,538,590,597,622
651,471,541,582,598,622
649,471,539,598,586,619
647,473,538,594,595,618
648,460,541,593,593,623
644,475,532,594,598,617
638,473,524,598,599,611
648,476,537,595,595,620
649,471,539,595,588,623
652,465,543,597,586,623
649,474,537,593,595,619
645,458,542,595,590,622
651,470,543,583,599,624
643,477,527,596,598,616
648,471,537,588,596,621
648,473,536,595,592,618
651,474,540,583,599,623
644,475,529,592,599,622
651,471,542,585,589,621
642,474,537,590,597,620
646,476,532,595,595,616
654,469,542,582,598,624
648,473,539,587,596,622
644,474,529,594,598,615
647,475,537,592,593,619
649,473,537,586,599,621
648,471,543,588,596,620
649,470,539,581,600,623
649,471,541,589,595,620
651,471,544,584,596,625
639,461,541,592,587,622
648,464,538,591,596,621
640,472,527,596,599,611
640,463,532,590,599,615
643,461,534,589,595,619
653,463,544,586,595,625
648,477,537,588,594,620
638,470,527,593,597,611
638,475,528,590,594,620
643,466,530,585,598,612
645,476,530,593,595,616
644,475,529,595,591,619
643,474,530,594,596,614
653,469,537,586,599,615
641,468,528,589,601,612
644,477,529,593,595,614
649,473,540,582,600,621
647,474,539,589,591,619
642,473,527,594,597,612
652,471,541,575,599,620
639,476,526,593,598,612
641,460,527,590,598,613
644,472,539,582,597,620
649,470,541,579,593,618
645,474,532,593,594,615
648,472,543,587,595,623
636,472,528,592,598,612
643,461,533,588,599,615
641,476,528,594,597,612
648,459,540,589,588,621
636,465,531,591,598,612
648,474,539,589,595,619
649,472,539,595,587,619
647,476,538,590,595,612
639,479,527,592,598,611
652,454,543,586,582,622
648,475,537,593,588,620
652,468,540,589,595,620
645,461,532,587,594,615
648,473,527,590,598,612
651,470,544,579,594,624
649,474,539,581,596,621
653,459,543,590,585,623
644,476,533,586,588,615
649,475,537,586,591,620
641,474,526,593,595,612
646,460,535,591,593,617
651,471,541,588,599,615
647,473,538,585,595,621
648,466,540,582,596,620
643,475,539,582,596,619
648,474,533,589,593,617
643,463,533,588,595,616
654,471,540,584,584,618
649,474,538,594,587,620
650,474,535,588,593,618
651,472,537,584,588,622
652,469,540,594,583,618
648,476,537,590,588,620
651,469,539,592,583,621
644,476,531,589,587,614
650,469,543,579,592,620
639,468,528,590,595,611
653,465,542,593,582,621
643,476,529,591,591,613
639,478,527,591,594,623
652,458,543,591,578,619
650,470,540,592,582,619
645,474,533,592,589,614
649,459,541,589,584,618
639,470,527,590,593,612
649,469,539,589,594,611
651,473,539,578,592,611
642,475,527,593,591,610
650,474,536,587,589,622
648,472,539,593,580,618
642,461,532,585,590,615
649,459,540,589,587,619
648,473,536,586,589,617
639,464,529,589,594,611
650,470,539,592,579,617
643,467,528,591,587,613
653,466,541,591,580,621
642,464,534,586,592,613
649,472,538,582,592,619
655,468,540,577,591,621
647,474,535,587,587,618
641,474,527,591,592,611
645,475,534,590,590,614
651,471,542,577,590,620
644,476,531,590,589,613
649,473,537,593,578,617
652,460,542,586,580,620
643,475,528,590,591,612
641,475,526,591,591,610
651,461,541,590,578,622
655,469,542,576,589,621
648,475,538,590,579,615
647,476,538,588,583,618
652,461,538,578,589,622
654,471,543,576,589,621
645,459,537,585,585,616
646,462,534,583,590,615
640,470,527,589,591,610
644,464,527,586,591,611
642,481,527,589,588,609
634,475,528,588,588,610
653,458,542,588,579,622
648,474,538,590,576,618
643,476,530,589,585,613
652,466,541,590,577,621
651,463,541,589,576,622
640,475,525,588,588,612
648,473,534,587,577,619
645,471,542,575,587,622
651,470,541,576,587,622
652,467,540,576,590,621
647,467,539,588,577,619
640,476,528,591,587,611
647,476,530,587,586,620
646,452,531,585,585,615
652,474,537,579,588,620
647,458,538,586,580,615
646,475,531,589,585,614
639,475,527,591,590,610
643,461,533,586,590,616
642,465,527,585,591,611
652,462,536,576,584,622
650,475,537,587,582,617
640,470,526,586,589,610
652,468,540,587,585,620
641,463,526,585,590,611
638,476,529,590,587,611
651,463,542,588,578,621
648,474,538,582,588,617
648,474,539,577,590,619
652,471,537,581,585,620
649,458,540,582,588,618
643,460,533,583,586,615
654,470,542,574,588,621
640,466,534,577,583,613
647,476,537,581,587,618
649,474,539,578,589,618
639,465,530,584,585,612
642,463,533,585,588,615
650,473,536,584,589,620
652,459,542,588,579,620
642,469,527,587,591,610
651,474,536,583,577,621
650,472,537,583,585,610
652,469,541,577,589,621
646,473,531,587,587,611
645,463,531,583,583,613
643,476,532,589,587,613
640,473,525,590,589,607
654,470,539,577,589,620
643,465,531,584,586,614
647,474,538,580,583,618
652,474,537,583,587,618
645,461,535,585,585,614
647,475,537,585,586,618
637,471,528,590,590,611
644,462,533,587,590,614
647,475,532,589,587,613
647,476,537,585,582,617
638,475,526,589,591,611
650,476,538,590,580,618
647,476,538,588,582,618
650,463,542,590,577,621
634,471,528,587,590,609
649,467,538,578,584,618
653,472,542,576,585,620
652,469,541,576,587,623
649,474,538,580,586,618
653,472,539,572,585,621
649,474,545,583,585,618
642,476,529,587,586,610
646,461,536,583,588,615
641,468,528,588,588,620
650,472,541,589,576,619
651,471,539,590,579,616
641,477,522,586,590,611
652,472,540,576,589,621
652,457,541,585,584,617
641,467,527,587,591,611
644,464,529,581,591,617
651,460,542,588,579,622
647,475,537,585,583,618
649,470,538,588,590,620
650,471,536,582,589,620
650,473,537,590,581,616
649,459,538,586,590,619
650,466,539,577,590,620
643,470,528,587,589,611
648,476,538,583,586,619
647,475,532,588,588,612
652,461,544,588,573,618
650,471,538,592,577,619
649,458,540,585,582,619
649,472,540,575,591,618
650,472,539,578,591,620
652,475,537,579,588,619
652,470,542,587,578,621
642,477,528,588,587,611
650,471,539,577,590,620
641,464,529,585,591,614
649,470,542,575,588,622
641,465,531,586,589,613
648,474,539,581,587,617
650,469,540,589,579,619
639,468,528,585,588,610
653,467,541,575,591,619
649,464,540,575,587,617
639,474,527,589,584,607
655,463,541,586,576,613
650,473,535,584,587,618
648,474,537,586,584,617
651,457,541,587,579,620
638,475,528,588,588,611
647,474,537,582,586,619
652,471,542,586,591,611
649,474,537,580,589,619
646,465,527,585,577,621
638,467,527,585,590,611
646,460,537,591,581,618
649,475,538,585,583,618
651,469,540,588,576,622
648,477,537,579,590,618
643,475,537,578,588,618
644,475,530,587,586,615
650,471,538,576,590,619
651,465,536,575,589,620
655,469,542,574,590,621
647,473,537,583,584,619
647,474,539,590,578,618
645,460,531,585,588,614
649,475,538,584,586,617
648,467,535,585,579,616
652,469,539,589,577,619
653,469,540,578,587,621
652,467,533,579,582,616
651,466,541,589,576,620
646,475,538,588,580,619
649,471,534,579,588,614
653,469,541,589,580,617
652,473,538,582,584,618
648,458,542,585,581,619
647,474,538,582,586,618
653,474,537,579,586,617
651,466,541,590,576,621
645,463,532,583,587,615
636,460,532,585,590,613
643,461,537,584,584,617
647,458,540,585,577,619
654,470,541,574,586,623
653,470,543,575,589,619
640,468,527,586,590,610
650,476,534,585,586,612
653,460,542,588,578,622
649,476,539,574,589,619
651,471,542,573,588,622
649,475,538,584,583,618
645,468,540,590,576,620
647,476,537,586,583,617
647,469,541,586,589,613
640,472,526,588,589,611
643,475,529,588,586,612
648,466,532,584,586,614
652,473,538,588,578,618
651,472,541,576,589,621
640,476,530,590,588,612
652,473,541,574,589,623
653,469,542,576,587,622
651,471,537,580,586,621
652,461,542,586,578,621
640,471,527,589,579,618
642,468,530,585,588,612
647,475,537,581,588,618
651,465,541,590,577,619
653,472,544,571,588,621
650,474,540,574,591,620
649,452,542,586,581,620
648,475,537,583,586,615
652,470,542,576,588,622
651,468,543,588,577,620
652,460,542,587,577,619
654,472,536,582,585,619
653,462,538,590,573,621
653,463,542,587,577,619
643,473,530,589,587,612
651,471,543,575,587,622
650,470,539,590,578,618
647,459,538,580,584,618
639,476,527,588,588,611
648,477,539,585,583,618
654,470,543,575,588,622
651,470,542,577,589,620
653,465,541,589,578,620
645,461,536,584,586,615
654,465,542,585,587,615
650,474,535,585,585,614
653,470,542,577,586,622
654,470,543,574,588,622
647,473,537,585,582,617
639,478,530,589,589,612
650,473,539,576,591,620
640,476,529,589,587,611
651,463,543,588,577,623
640,466,527,586,590,610
652,460,542,588,579,622
648,471,539,575,590,619
650,474,533,583,585,616
645,452,531,582,588,617
654,470,542,575,588,621
641,472,526,590,590,611
644,475,528,589,589,611
653,471,537,580,587,621
648,460,538,584,586,619
651,457,542,585,581,618
649,476,537,583,584,617
646,475,532,586,585,618
651,476,535,586,583,619
648,474,534,588,588,615
651,470,543,574,587,621
640,474,530,589,589,613
648,474,535,584,587,617
650,472,540,590,579,620
644,461,533,586,588,616
643,464,532,586,588,612
646,458,538,585,586,616
649,464,542,588,579,621
647,473,539,588,582,615
648,474,539,579,590,619
643,460,534,585,588,616
651,470,542,584,583,618
652,461,542,588,577,621
639,469,528,585,590,611
646,476,533,588,586,612
651,470,540,577,590,619
648,478,537,581,588,617
646,466,539,590,576,620
649,474,537,586,581,620
643,464,535,584,592,618
653,462,543,571,590,622
647,471,541,577,586,622
650,477,537,584,583,617
642,461,533,584,591,613
647,475,535,583,588,616
646,472,537,587,582,619
655,471,543,569,586,622
651,475,537,579,586,617
654,465,541,588,577,621
642,469,527,588,589,610
648,474,538,584,581,620
650,473,537,584,585,618
646,475,532,589,586,613
639,475,526,590,590,611
650,470,541,588,580,619
649,475,535,587,587,611
639,475,537,585,584,616
649,458,543,586,580,621
650,460,542,587,578,621
651,469,545,576,587,621
647,473,534,586,587,614
641,469,527,588,591,611
649,473,536,585,584,614
643,461,531,583,590,612
637,476,527,586,591,610
654,470,543,575,589,620
653,473,544,572,587,621
640,471,529,587,589,611
649,467,541,590,579,619
642,462,534,584,594,614
655,472,540,577,586,619
650,473,539,576,591,616
653,461,542,587,578,621
640,476,536,579,589,620
649,465,539,582,581,617
654,470,544,582,589,620
650,472,540,577,590,619
652,472,542,576,587,622
644,474,534,588,587,616
653,461,540,587,578,620
651,469,543,576,588,622
641,472,525,586,590,621
646,469,544,576,591,621
650,476,538,587,582,616
634,469,527,588,592,610
655,471,544,582,588,620
649,458,538,585,582,619
652,460,541,585,581,620
652,471,540,573,590,621
646,473,535,584,588,616
654,475,533,578,588,619
652,467,541,589,577,621
654,468,540,590,577,620
652,471,539,591,577,620
651,463,543,586,574,620
651,478,541,578,589,620
646,477,529,590,589,613
645,472,540,581,591,621
649,473,539,584,585,618
652,470,542,576,588,621
651,471,538,588,581,619
648,458,538,584,584,619
646,477,530,585,588,611
648,471,545,576,589,622
650,470,542,575,590,622
641,475,528,587,590,621
646,472,540,582,587,621
652,473,540,578,590,619
651,471,539,589,579,620
643,474,530,590,589,607
643,475,530,588,589,613
648,474,541,577,589,619
651,468,541,590,578,617
653,470,541,590,579,618
647,475,538,585,581,619
642,470,523,583,592,611
651,469,542,574,588,620
647,458,538,584,585,617
649,470,544,575,589,622
648,472,536,586,586,614
650,471,539,590,582,619
654,470,544,579,587,621
650,471,542,576,591,620
643,461,533,584,589,614
648,471,537,586,582,619
649,474,536,583,589,618
650,470,543,576,587,619
654,473,544,579,587,613
654,472,541,581,587,619
644,465,531,584,592,615
652,467,544,573,585,622
649,471,539,591,580,617
645,471,541,584,587,617
650,476,540,576,590,619
649,473,536,585,585,617
651,465,536,575,593,621
647,460,538,583,586,617
641,469,528,587,591,611
650,474,534,588,588,615
642,463,534,584,594,616
652,472,537,581,586,620
649,472,540,575,592,620
647,474,537,582,587,617
654,472,537,589,584,618
640,473,527,586,590,611
644,478,528,588,587,613
651,465,542,589,575,622
639,471,528,590,589,610
640,467,527,584,591,612
647,474,538,585,586,619
651,471,544,575,589,624
653,462,542,588,576,622
645,468,531,588,587,614
650,475,533,581,584,618
648,474,538,584,586,619
647,458,539,586,583,619
642,469,532,583,590,613
653,466,541,576,589,615
648,475,537,583,587,618
654,467,541,588,575,620
654,474,544,580,587,621
650,473,538,580,584,619
651,463,544,589,577,620
653,474,538,579,588,618
652,465,541,589,575,620
640,473,527,589,589,611
652,470,542,575,590,621
639,467,528,587,589,611
652,472,543,576,586,621
654,461,543,587,577,622
651,472,541,591,577,618
646,472,541,582,584,621
648,477,540,589,581,618
635,471,527,589,589,610
649,474,536,585,585,618
651,472,540,577,589,620
651,451,539,586,580,620
652,474,541,575,590,622
653,465,540,589,575,620
651,471,539,589,577,619
640,475,529,588,590,610
649,474,540,576,589,619
649,476,537,581,583,617
652,459,543,588,577,620
654,471,542,570,588,620
651,464,542,586,578,621
652,467,545,576,574,620
651,473,539,590,578,620
649,471,541,579,587,620
650,470,542,574,590,622
652,470,542,578,588,624
643,460,539,585,583,616
646,467,542,589,576,620
646,473,537,587,582,620
653,465,539,574,588,621
650,460,540,585,583,617
640,469,527,589,591,611
654,471,544,575,587,621
643,473,531,588,586,614
641,466,525,593,588,610
650,474,539,586,581,620
640,469,528,588,590,610
646,476,531,588,587,610
648,475,538,578,590,619
642,467,528,582,590,614
651,459,543,587,580,619
638,473,527,589,590,611
651,474,539,581,585,618
655,471,542,576,590,622
651,469,537,589,578,620
652,472,539,592,578,619
644,473,537,581,586,619
647,476,538,589,579,615
649,476,538,585,586,618
639,477,528,591,590,611
649,453,543,581,577,621
648,476,539,579,590,620
641,473,528,587,592,611
651,465,538,594,579,620
651,465,541,589,576,621
645,462,535,585,592,614
641,470,525,589,592,607
648,473,542,581,587,621
641,471,525,589,591,611
653,471,541,577,589,621
648,461,535,585,589,617
654,464,534,580,589,618
638,472,525,591,594,612
648,477,531,588,586,620
650,475,536,592,585,621
642,471,525,589,598,612
644,456,525,588,591,615
650,477,534,585,596,620
652,471,538,583,603,623
652,471,539,583,597,621
650,464,539,582,602,624
640,469,524,594,603,613
652,472,538,585,604,625
646,476,534,590,600,623
647,460,536,593,598,623
641,466,527,596,605,616
641,470,524,597,602,616
653,472,537,585,607,625
643,475,535,593,604,622
649,472,533,586,603,624
651,478,535,599,595,622
649,475,530,597,603,622
648,477,535,593,602,623
651,464,540,600,593,625
647,461,536,595,603,622
653,472,540,586,604,628
651,474,537,594,604,624
650,478,526,600,605,617
650,477,531,596,606,621
650,478,532,589,605,624
645,475,537,589,605,624
652,470,539,584,607,625
651,471,538,599,595,626
647,476,536,591,607,623
653,472,541,588,603,627
647,477,531,596,600,621
652,461,540,599,594,625
641,471,524,597,605,615
651,463,540,599,595,626
653,471,540,586,607,627
645,463,538,587,606,625
633,469,526,597,608,616
649,479,534,588,605,621
646,475,532,598,600,618
648,461,536,595,600,623
651,463,538,598,594,626
652,469,540,598,593,625
642,472,525,595,606,615
648,476,535,589,606,624
652,467,539,596,592,625
648,459,536,594,601,624
641,473,522,595,606,615
653,454,538,596,590,626
644,479,530,595,601,619
641,478,526,598,604,616
652,461,536,596,590,626
643,476,527,596,605,617
653,474,542,583,605,626
645,480,527,596,606,615
649,473,539,585,601,624
650,477,535,593,604,622
645,464,532,592,602,619
643,475,525,597,606,614
652,470,539,582,606,625
650,459,536,592,599,623
654,476,533,591,603,626
642,476,526,600,608,615
650,467,541,602,597,626
651,473,540,588,611,627
647,475,533,598,610,624
638,475,527,603,610,614
644,480,538,599,615,624
647,468,540,605,607,627
646,474,543,593,620,627
648,472,543,596,616,628
645,462,542,605,609,627
633,472,529,607,624,616
641,476,538,606,617,625
643,475,542,595,625,629
633,468,534,608,623,624
631,468,528,608,628,620
640,477,540,603,623,626
634,478,538,611,622,626
633,479,527,612,626,619
642,472,540,615,615,628
643,466,539,598,628,629
638,463,540,607,622,626
638,466,535,610,624,623
642,466,538,616,611,626
643,471,542,601,626,632
642,476,540,604,627,628
642,474,540,612,617,627
643,473,544,599,625,630
646,466,543,595,627,630
639,462,539,609,623,623
644,466,540,609,612,628
641,464,543,611,614,629
644,473,540,594,626,631
645,472,543,600,626,630
630,481,527,613,624,619
642,474,539,616,620,628
648,473,542,598,625,630
647,469,542,613,613,631
647,475,543,599,624,630
638,478,531,611,624,623
640,474,542,600,625,629
645,462,543,611,613,633
635,475,529,612,627,616
635,480,539,613,613,626
644,480,539,606,622,627
645,471,541,601,627,630
646,461,540,610,616,628
647,470,542,614,608,627
645,481,539,607,619,626
647,473,543,598,625,630
645,461,541,614,610,628
648,454,543,604,611,630
646,475,540,601,624,628
646,478,538,610,617,627
634,465,536,608,621,625
636,470,530,609,626,622
642,478,535,609,620,626
639,466,534,608,620,622
635,474,530,611,623,629
636,477,528,612,623,619
640,465,531,598,622,620
634,466,534,608,627,620
638,465,535,608,621,623
645,478,542,614,613,625
646,476,537,607,619,626
635,471,528,610,624,619
635,467,525,609,623,618
644,479,540,606,618,626
640,465,533,607,626,622
638,469,531,608,624,621
648,477,538,608,616,626
648,463,544,608,613,626
646,462,541,607,617,628
639,482,528,611,622,618
638,477,530,611,622,617
635,472,528,611,624,619
635,474,528,611,623,618
645,480,538,609,618,626
647,473,542,612,610,628
642,481,535,610,622,622
647,474,541,612,613,626
643,476,542,601,621,628
650,475,542,604,614,628
646,474,541,597,620,629
648,455,543,603,606,629
649,462,544,609,608,627
645,476,542,603,620,626
646,475,541,598,620,629
649,472,543,596,618,629
648,476,537,601,612,623
639,462,542,606,612,628
637,482,528,608,621,618
638,467,533,606,616,621
649,471,544,610,606,628
641,467,534,604,618,620
647,468,540,610,606,627
650,475,544,599,614,627
648,475,542,596,618,626
647,476,540,607,612,625
648,475,540,599,614,626
651,474,546,595,614,629
643,457,534,604,616,625
646,474,542,594,617,627
644,477,533,607,615,619
644,479,538,603,610,625
637,471,529,605,616,619
645,474,538,609,612,625
647,461,540,601,610,627
649,473,544,607,605,625
641,476,533,604,612,623
641,465,534,603,614,620
641,476,529,607,615,619
645,472,539,599,607,624
644,478,540,598,615,625
649,464,542,603,604,627
638,480,529,605,615,618
647,473,541,605,603,625
648,473,543,593,614,628
653,474,540,599,612,627
649,476,533,609,613,629
648,478,540,598,611,624
651,470,545,591,608,627
642,468,534,601,614,621
646,477,540,604,607,624
651,470,544,604,601,627
645,478,530,604,612,619
638,464,536,599,611,621
650,470,542,602,600,626
639,480,530,598,611,616
640,470,529,598,612,617
639,469,543,587,613,628
639,472,529,600,615,617
651,476,540,593,612,626
652,476,541,597,609,624
649,472,544,589,613,628
654,472,542,589,612,627
649,476,542,588,613,626
643,467,533,597,612,626
651,464,543,601,603,628
652,472,544,604,594,627
650,475,541,602,597,624
649,474,541,590,610,626
641,463,539,596,611,621
652,463,539,598,604,624
647,480,539,596,605,625
645,476,539,594,609,624
651,473,542,589,608,624
646,479,540,595,608,623
643,466,535,595,612,620
652,463,543,599,598,626
633,473,528,600,610,615
651,472,544,586,609,624
639,470,529,599,606,615
645,476,534,599,608,618
649,475,541,600,599,624
647,478,541,593,609,623
641,471,530,597,610,618
648,473,541,592,605,626
648,477,540,594,603,621
652,471,545,585,607,627
641,481,529,600,608,617
648,476,540,591,608,624
653,473,540,592,605,625
645,477,530,599,607,618
651,472,545,585,605,626
644,476,540,587,606,625
649,472,538,599,593,623
643,461,542,596,599,625
649,477,540,588,606,623
640,471,530,594,606,616
649,459,543,597,600,624
643,463,535,595,602,621
652,461,543,595,596,626
644,463,536,591,601,621
639,470,529,596,607,616
649,462,544,595,596,626
651,468,542,599,595,625
648,479,540,592,602,622
643,464,535,593,605,618
645,476,542,586,606,624
651,474,544,584,605,625
647,478,540,589,604,624
647,475,540,598,597,624
651,463,545,594,593,624
644,480,531,596,603,617
648,478,540,597,597,622
650,474,544,586,606,625
652,476,544,585,606,627
647,476,539,596,598,621
649,460,543,595,596,625
647,477,536,595,599,618
649,477,540,590,604,623
648,478,541,582,605,625
651,473,542,583,606,625
656,472,544,587,603,628
647,479,541,596,599,622
647,479,535,597,601,619
640,475,528,587,594,621
649,477,541,586,605,625
635,477,530,597,602,617
645,463,538,595,602,622
647,479,542,588,605,624
654,472,545,585,604,627
650,476,541,590,601,624
642,479,529,599,603,616
651,469,542,598,592,624
648,477,540,595,595,622
650,477,537,594,599,620
652,474,539,598,596,623
651,475,528,583,586,622
650,472,542,598,593,624
647,475,538,593,601,621
648,478,540,591,599,622
654,472,544,583,604,627
649,475,542,598,590,624
654,473,544,584,601,625
652,475,540,595,601,622
641,470,531,594,606,614
651,472,543,584,604,627
654,473,544,584,600,626
654,470,543,583,602,627
641,460,542,593,596,623
639,472,530,596,606,615
649,477,536,593,592,623
652,472,544,583,604,626
638,472,530,596,604,615
652,472,542,584,604,625
653,461,543,593,593,625
652,459,544,594,593,624
640,464,529,594,606,615
649,469,540,588,593,622
641,475,534,597,601,617
641,474,531,596,606,614
650,470,541,589,600,622
651,472,547,581,600,627
644,475,532,598,603,617
653,472,544,583,605,624
652,467,545,596,593,625
653,473,546,584,602,628
640,472,529,596,605,616
644,461,539,589,601,623
651,473,542,583,602,626
650,476,540,583,606,625
649,469,539,590,598,623
639,473,531,593,604,616
641,468,530,592,606,615
648,474,540,597,594,623
652,473,540,596,595,622
652,462,543,593,589,626
649,476,542,591,600,623
639,474,528,594,606,615
647,476,539,592,599,623
652,460,542,595,594,626
651,480,540,597,593,624
648,451,536,591,595,623
649,475,540,584,604,623
638,471,529,594,606,616
649,476,537,591,603,622
645,464,535,591,604,621
651,476,538,590,602,623
650,476,542,584,605,624
653,473,544,583,601,627
647,460,539,591,603,621
642,479,529,596,605,616
651,472,543,581,604,627
653,474,545,582,603,628
651,462,544,585,591,626
643,477,528,595,607,616
644,477,539,588,603,624
643,465,534,591,603,621
643,465,535,592,606,618
643,477,528,593,603,617
648,477,540,584,604,624
644,467,533,591,608,619
654,473,544,585,600,627
650,459,543,591,595,625
648,476,534,590,603,621
652,471,543,593,593,625
647,476,535,594,603,618
650,477,538,589,603,624
640,476,528,596,603,616
650,474,544,581,604,626
641,478,529,595,603,617
652,466,536,587,603,625
652,475,545,583,602,627
651,464,543,595,593,626
647,459,543,593,596,624
652,473,548,582,604,627
648,476,540,590,602,625
649,476,539,590,601,624
655,476,541,587,599,627
643,469,529,592,607,616
654,471,546,579,602,627
648,477,539,591,600,621
642,478,527,592,607,614
651,475,544,583,607,625
638,471,531,588,605,616
649,459,540,592,599,625
650,476,536,592,601,622
650,474,542,596,593,624
649,477,539,591,598,624
656,472,545,581,602,628
647,478,539,590,597,623
641,479,524,591,604,616
648,472,545,581,606,627
642,480,529,596,604,616
652,475,542,585,596,619
649,471,536,593,599,624
643,476,530,595,603,618
649,476,540,586,602,623
653,470,543,595,591,625
647,478,539,592,595,623
649,462,542,592,595,627
649,460,538,592,599,621
651,477,539,596,597,624
640,481,529,594,604,617
651,472,543,589,596,622
646,474,541,583,604,625
650,474,539,590,601,623
640,469,531,591,605,618
651,473,544,582,606,625
641,480,525,591,605,615
647,461,538,591,604,623
648,475,539,593,599,624
642,475,527,589,606,614
654,472,541,595,594,622
651,473,542,583,604,625
650,464,545,595,591,625
646,478,532,593,602,618
646,472,542,594,591,625
649,477,536,588,604,623
653,463,546,596,590,625
638,473,528,588,605,612
643,476,531,596,602,616
647,461,538,591,600,622
650,462,545,593,593,626
646,463,540,593,597,625
655,472,545,581,602,627
640,472,529,592,606,617
641,473,531,585,601,615
649,473,545,586,599,625
640,470,529,593,604,614
654,478,540,585,602,623
646,462,537,592,601,621
648,477,536,592,598,621
640,472,530,592,602,616
648,477,536,594,600,620
653,473,544,582,599,624
641,480,529,595,596,617
644,461,539,591,596,623
653,463,540,589,593,626
652,469,544,595,588,624
641,473,529,595,598,613
640,476,529,594,601,616
648,461,542,592,593,625
640,468,530,592,603,615
644,475,541,592,593,623
654,472,544,583,600,627
653,473,545,579,601,627
641,478,528,596,601,615
644,477,530,596,600,615
654,472,542,586,598,628
652,474,543,585,599,625
648,475,537,590,597,621
648,463,543,594,589,626
651,473,543,582,602,623
652,467,544,595,589,625
646,476,531,594,598,618
649,476,542,583,602,625
649,476,537,590,598,620
647,465,545,593,589,626
653,466,545,577,601,628
645,462,542,594,589,624
652,472,543,593,587,624
654,471,544,583,597,626
650,473,544,580,602,626
648,477,533,595,596,618
643,465,534,593,598,618
644,475,541,585,600,623
641,463,538,590,595,620
640,476,528,595,600,615
654,467,542,593,587,625
652,473,541,582,601,626
652,468,543,595,586,626
642,473,534,594,596,618
638,464,541,585,590,623
653,476,539,587,596,625
655,474,543,587,595,623
654,463,543,588,588,623
651,455,542,594,584,625
649,461,543,591,589,623
641,476,528,593,599,615
651,455,544,589,585,625
647,478,539,592,593,621
652,473,546,581,598,625
640,474,528,594,598,615
640,480,531,595,596,617
653,474,545,583,596,626
652,477,543,580,597,624
649,478,540,587,596,622
646,463,536,592,598,619
641,478,529,596,599,613
654,470,545,584,596,628
642,465,534,588,595,617
651,474,543,580,599,626
643,471,528,592,598,615
637,479,528,596,598,615
650,477,540,595,592,622
641,477,528,595,597,614
641,479,527,596,598,611
647,480,530,595,596,615
652,477,540,579,597,623
648,476,540,599,592,620
652,471,543,591,585,623
649,478,539,590,594,622
652,473,543,581,597,626
651,472,541,582,599,624
649,477,540,595,592,621
648,460,541,591,592,623
650,474,540,591,590,622
653,467,546,580,593,626
640,477,525,595,597,613
650,479,535,593,593,621
648,480,539,592,594,622
656,463,545,594,586,625
642,478,531,595,596,617
652,475,542,581,600,624
655,473,544,589,594,626
652,464,545,594,585,625
640,467,533,592,598,616
643,478,540,594,589,621
648,477,540,591,590,624
654,465,542,590,584,626
647,479,541,591,589,621
642,465,531,592,599,616
649,461,542,593,589,623
648,453,534,591,589,619
647,460,542,591,595,612
654,471,544,595,583,624
643,476,536,591,593,620
649,477,540,591,589,621
642,475,530,596,596,617
651,465,538,582,593,624
649,479,540,593,592,620
654,464,544,594,584,623
650,475,541,591,584,622
656,477,543,589,593,623
652,463,545,595,584,625
640,478,530,595,597,615
653,473,543,583,593,626
648,476,539,591,591,623
649,476,543,590,593,622
648,479,541,588,592,622
651,475,538,595,594,621
653,464,544,576,595,625
646,479,533,593,592,615
640,477,531,596,594,615
652,472,540,587,592,622
641,477,529,595,595,613
650,475,544,582,596,625
655,463,544,592,583,624
644,462,536,590,593,618
653,474,539,591,593,620
648,475,531,592,592,617
649,475,541,582,595,622
649,469,537,581,597,622
646,464,538,590,590,622
647,472,538,588,593,620
648,470,541,587,594,622
655,477,536,579,590,622
648,476,533,595,593,615
654,473,544,580,595,622
651,474,541,595,582,622
653,465,544,593,583,624
651,475,538,592,591,617
649,477,540,587,596,621
648,462,537,592,592,620
642,473,530,583,587,621
645,466,537,591,593,618
653,463,544,592,584,622
641,467,531,593,597,615
650,462,540,589,587,621
648,462,536,591,592,619
651,472,542,597,582,623
649,460,544,593,583,623
641,470,528,594,596,614
652,475,542,596,584,622
649,463,540,591,586,620
645,477,534,592,593,618
652,470,542,596,583,623
649,477,540,588,594,620
652,470,542,596,578,619
642,482,529,596,595,615
655,472,544,581,593,625
650,475,542,581,594,624
647,477,532,594,592,615
652,472,544,584,592,625
647,478,538,589,591,621
649,476,541,583,595,622
654,472,540,596,582,621
643,476,527,593,596,613
652,463,543,594,583,623
654,473,544,581,594,625
637,474,529,594,595,613
647,461,540,591,589,622
648,479,539,589,592,621
639,473,528,593,596,613
650,473,540,593,593,616
647,467,536,591,598,619
644,464,536,588,593,621
642,479,539,590,596,614
650,476,542,583,595,621
643,478,530,592,591,616
653,472,542,594,581,622
648,478,534,593,592,617
649,475,538,590,588,620
641,467,530,590,596,613
654,462,542,593,583,623
640,459,530,591,594,617
650,478,540,591,588,621
645,462,535,590,596,612
645,477,530,596,593,615
648,478,539,586,592,618
652,477,536,595,589,622
652,474,541,580,595,623
646,461,536,590,592,619
646,463,542,592,582,623
649,478,539,590,587,620
644,456,531,592,589,618
637,476,531,595,594,616
652,474,542,581,595,623
655,474,543,582,592,625
649,478,539,587,592,620
643,478,529,594,596,614
648,473,543,594,582,622
653,472,545,582,592,624
652,464,541,592,586,622
650,477,539,585,592,622
635,479,527,595,594,613
651,475,538,588,590,621
645,473,536,594,587,616
655,462,544,593,583,624
650,476,539,595,586,621
647,463,537,589,589,620
652,473,539,597,586,621
642,477,530,596,595,612
642,470,528,591,595,614
652,465,544,591,583,621
647,475,539,592,588,620
651,480,535,591,589,620
649,478,536,591,589,620
647,477,538,590,592,617
645,464,535,591,596,616
645,465,536,589,598,617
650,475,541,596,584,620
652,469,543,595,583,621
649,459,540,591,588,621
644,477,540,586,595,622
640,474,529,595,595,613
654,474,540,595,589,623
649,474,545,582,592,625
649,475,540,583,596,621
647,465,532,585,592,619
654,474,540,589,591,619
653,471,542,583,595,626
650,476,537,594,587,617
655,465,545,577,590,624
643,467,533,591,591,615
651,476,537,589,591,618
635,472,527,597,595,612
651,466,541,581,596,612
650,472,543,580,594,623
654,472,541,582,593,624
640,464,525,594,593,614
649,480,540,589,588,620
638,474,530,593,596,613
653,472,544,582,594,624
651,462,544,592,583,622
649,478,539,587,590,620
649,472,540,587,593,621
644,478,540,585,591,621
649,477,540,587,594,620
647,481,535,592,593,617
653,461,541,593,583,623
650,473,537,590,591,620
651,463,542,592,587,623
641,470,527,595,595,613
652,470,543,595,583,625
650,467,539,580,598,624
640,472,528,593,595,614
642,481,529,596,593,611
642,478,529,594,597,613
653,474,545,586,591,622
640,480,530,597,593,613
642,474,529,594,593,613
648,474,538,591,588,621
650,476,539,590,589,620
652,476,540,591,590,618
654,476,541,586,591,625
649,476,537,593,588,620
653,464,544,595,586,623
647,474,540,583,595,623
649,477,535,593,592,615
652,465,544,595,577,620
641,467,532,591,598,615
654,474,546,581,593,624
653,471,544,596,581,624
647,477,537,591,591,620
645,476,534,593,593,616
649,478,539,585,594,623
643,478,528,593,594,615
643,475,539,592,590,619
643,480,533,596,594,617
650,475,542,588,592,621
650,476,540,584,592,623
635,477,529,592,596,612
641,479,530,596,594,613
650,476,538,590,592,619
652,471,542,596,583,621
651,464,543,593,582,622
653,470,545,581,590,624
652,476,539,586,591,623
648,474,540,594,588,621
652,467,537,587,594,619
641,469,531,593,595,614
639,472,530,593,595,612
643,477,538,587,594,622
649,463,538,590,590,621
649,476,539,587,593,621
656,473,542,587,592,622
647,479,533,594,591,613
635,473,530,593,597,610
651,474,539,588,590,621
650,477,538,588,589,617
651,476,544,594,588,621
641,462,529,590,596,614
651,472,542,594,583,622
653,472,543,582,591,625
652,472,542,595,583,623
651,462,545,592,583,624
652,477,536,587,591,622
650,468,534,591,588,622
647,461,542,589,589,623
651,468,543,595,578,621
653,468,542,594,583,623
644,480,535,593,591,620
646,477,533,593,591,617
644,458,537,590,589,619
651,470,541,595,582,622
641,476,528,595,595,614
652,476,535,591,584,621
654,476,539,587,590,621
640,479,527,595,595,613
648,475,538,593,589,621
649,478,540,584,596,622
655,474,545,586,592,622
653,464,544,594,587,623
645,464,537,592,591,615
638,464,535,591,592,617
651,471,544,580,593,624
654,464,544,594,582,623
651,472,544,582,592,625
648,474,542,587,592,621
648,476,534,591,592,619
650,473,538,589,591,620
644,477,528,593,594,615
650,459,543,590,588,623
641,468,530,592,595,613
647,461,539,589,591,620
649,476,540,594,586,622
648,477,540,591,592,620
652,474,546,579,592,623
641,477,530,594,594,613
646,464,535,590,590,617
648,473,545,580,594,625
649,459,544,590,584,621
640,467,537,591,592,619
644,479,530,594,595,614
652,472,545,582,594,625
648,459,541,592,588,621
642,476,528,593,595,613
652,473,542,596,581,621
652,471,542,594,579,622
652,473,545,583,592,625
650,478,542,586,593,621
640,473,528,593,597,613
640,474,530,595,594,613
649,479,540,586,593,620
650,477,541,586,596,621
652,467,539,582,596,624
654,458,545,590,581,624
651,477,542,579,591,622
655,465,544,595,582,624
643,468,530,591,596,611
647,462,539,590,590,620
649,479,542,584,594,621
652,476,540,595,590,621
647,478,536,589,591,621
649,477,538,591,591,618
653,472,545,583,587,622
655,473,545,591,590,624
649,462,542,591,587,621
648,476,538,591,587,620
650,477,540,590,591,618
653,475,539,590,590,620
641,473,529,595,594,613
653,474,544,579,595,625
653,474,544,582,592,624
643,460,534,587,593,618
652,463,542,589,580,622
651,473,542,579,596,622
652,471,544,581,595,625
645,461,536,589,591,619
650,477,542,581,594,623
639,474,528,593,595,613
642,466,535,590,597,616
642,471,530,593,595,613
642,467,533,591,594,617
652,471,542,596,582,622
654,472,541,584,592,625
645,480,531,593,593,616
642,471,529,590,595,613
654,474,546,585,591,626
653,473,544,582,593,624
648,461,540,591,590,620
638,470,528,593,596,613
643,475,528,595,594,613
652,465,544,594,582,622
643,467,538,590,593,615
650,475,539,593,588,620
653,454,545,588,585,624
650,462,540,592,586,623
634,467,530,590,596,610
653,475,546,583,593,624
649,476,541,582,597,623
641,467,531,591,595,617
643,480,530,590,593,613
644,479,535,594,593,615
646,463,536,590,591,619
651,476,541,577,597,621
651,469,542,594,583,622
641,479,528,594,595,613
654,476,538,580,593,619
649,461,542,591,584,623
644,467,532,592,599,617
651,472,543,581,593,623
652,475,544,579,593,614
640,477,529,594,595,613
647,460,538,592,590,621
654,463,540,589,584,624
652,470,543,595,583,621
650,478,541,592,589,621
654,469,538,594,584,622
651,478,537,592,591,618
650,476,541,582,595,621
649,477,540,586,595,619
647,461,537,590,594,621
644,482,531,595,590,615
651,476,542,582,596,622
650,474,541,594,583,621
652,472,545,581,594,626
647,476,539,594,587,619
654,477,543,581,595,624
647,476,539,591,589,620
639,478,528,594,596,613
649,464,545,593,583,623
651,472,543,580,596,624
637,468,532,589,595,618
649,476,537,594,592,620
652,462,541,595,580,623
649,476,540,596,590,622
654,470,540,594,584,622
644,462,537,591,591,618
650,471,537,594,582,619
648,476,535,593,593,619
647,477,540,590,592,617
652,463,543,594,583,622
650,470,540,584,592,621
652,477,537,578,595,622
647,478,539,589,591,623
650,478,541,595,588,619
651,473,545,580,596,623
650,478,540,588,592,622
651,476,545,593,584,624
655,474,545,583,592,625
653,472,541,595,584,621
649,475,540,588,593,620
655,472,544,585,592,623
642,471,531,591,596,617
650,460,540,590,590,621
650,478,541,583,595,621
652,472,543,582,596,621
650,478,539,587,592,620
652,474,542,580,594,624
647,477,540,596,588,621
646,474,545,581,593,614
649,477,539,591,589,621
650,460,543,591,584,624
640,478,529,595,594,614
652,473,544,581,595,624
651,476,540,593,587,620
640,474,528,592,596,614
644,470,544,595,584,622
643,481,531,595,592,616
647,479,537,593,593,619
645,464,536,589,593,617
647,461,540,592,590,621
649,480,539,588,592,622
648,479,540,592,592,621
651,461,543,592,587,623
650,478,539,592,591,621
641,471,529,592,597,613
650,475,539,591,589,621
647,460,538,591,589,619
648,478,538,592,592,621
653,473,542,580,594,624
650,478,534,593,591,617
654,459,544,590,579,623
648,476,541,584,595,622
650,476,540,590,588,621
651,472,543,582,591,620
649,475,542,596,585,621
649,479,540,589,592,621
653,473,545,583,593,624
641,471,525,592,595,613
653,475,543,582,593,624
652,473,533,577,595,624
651,471,543,583,595,625
653,471,542,596,583,621
649,477,539,589,592,620
653,460,545,594,586,625
650,469,536,589,593,617
646,479,531,595,593,614
644,478,530,593,594,614
642,476,532,594,592,615
651,469,544,596,584,624
640,475,528,593,596,614
641,471,525,596,595,615
643,467,534,587,596,616
642,465,536,591,595,618
653,459,543,593,586,624
652,471,545,581,595,623
652,471,541,593,582,622
641,472,531,591,596,613
643,471,531,591,597,616
647,461,540,590,591,620
641,474,530,592,594,614
641,467,534,592,592,614
652,462,545,596,579,624
649,477,539,594,581,619
639,478,533,595,594,615
639,466,537,592,594,618
649,476,538,588,592,623
650,463,540,594,585,623
650,474,544,583,595,625
651,469,544,597,584,623
647,477,539,591,592,620
647,477,541,591,592,619
644,460,539,591,590,619
649,475,542,589,592,622
647,474,543,583,597,623
646,476,538,597,593,618
650,472,543,586,594,624
642,462,537,593,590,618
649,460,543,594,586,622
650,471,546,584,590,623
648,476,539,588,595,618
648,460,544,597,585,623
647,471,544,600,583,622
640,478,529,600,596,613
644,472,540,601,583,622
643,478,537,598,594,616
640,477,537,598,592,619
645,462,547,596,588,623
647,464,546,598,584,623
641,478,529,600,594,616
646,479,542,601,584,623
649,475,545,585,596,625
638,474,530,599,598,614
648,462,545,599,594,615
649,464,546,586,595,625
645,463,538,596,594,620
648,459,543,598,585,624
649,470,543,600,584,624
635,479,530,599,596,612
649,470,545,599,582,624
645,477,535,597,593,619
647,467,540,587,592,624
646,470,545,587,596,624
646,478,542,588,598,623
650,473,543,594,594,623
650,467,548,600,583,624
640,466,535,598,599,616
651,469,545,602,583,624
646,462,538,595,594,620
646,480,539,592,595,620
649,475,539,596,594,622
648,469,544,602,584,623
637,474,530,599,600,614
649,473,543,585,597,625
643,465,537,596,593,617
647,474,542,602,586,622
641,466,535,596,593,620
641,473,540,603,586,623
648,473,542,588,598,624
638,473,530,600,597,613
649,475,543,588,596,624
649,473,544,588,597,624
647,470,533,599,589,617
636,480,539,595,591,619
645,477,537,596,594,620
650,478,541,591,591,624
652,473,544,586,595,625
648,473,542,603,584,620
636,479,531,600,597,610
637,476,529,602,596,614
645,478,540,603,588,620
643,464,539,596,595,620
636,470,531,598,598,613
649,474,544,585,594,621
649,472,546,587,595,625
646,478,542,598,589,618
641,479,539,601,591,618
643,463,536,598,594,617
647,478,540,589,597,621
643,462,544,600,588,619
649,476,538,597,592,616
645,461,541,594,590,620
648,476,543,594,593,619
647,478,543,592,598,619
637,478,539,600,594,617
640,472,540,605,586,621
637,478,534,602,594,614
647,472,547,591,595,624
640,475,541,594,598,622
641,474,545,592,597,623
641,471,546,592,598,624
633,477,537,608,597,615
630,467,534,604,597,615
643,474,544,594,601,624
625,476,530,606,601,612
636,479,541,608,597,620
624,465,537,606,600,615
635,479,532,611,603,615
636,463,546,607,592,622
632,476,537,607,602,614
630,478,535,612,590,619
633,470,540,607,597,617
630,461,543,610,598,619
620,476,529,612,606,611
630,476,543,601,606,619
631,474,544,599,605,621
633,476,542,608,602,618
633,464,546,613,594,620
630,474,531,613,607,610
632,473,547,601,608,622
623,478,532,613,601,614
633,471,544,617,593,622
633,472,546,603,604,623
631,476,543,602,605,622
635,473,548,606,601,624
633,470,545,616,596,621
623,473,531,612,608,612
629,478,534,616,604,611
637,474,546,607,604,623
632,476,537,612,603,616
630,476,533,613,604,613
635,462,544,608,599,617
640,473,547,602,604,620
640,472,545,604,602,618
638,474,543,606,602,619
628,478,529,616,604,609
640,474,542,606,597,614
642,474,546,601,603,619
640,463,544,612,594,617
638,477,541,612,600,615
627,476,529,616,606,605
636,474,543,618,597,613
635,462,543,604,592,617
636,477,534,615,604,609
640,472,544,615,593,615
641,473,542,604,603,615
637,475,544,601,608,619
639,473,543,602,606,620
635,475,544,601,605,619
633,483,531,616,604,610
641,473,545,602,606,619
635,474,545,600,604,618
640,463,546,613,595,617
629,469,531,612,608,610
639,461,543,609,600,617
639,470,544,615,594,618
637,462,543,607,595,617
642,467,543,604,602,615
638,474,543,601,607,618
636,477,537,609,603,616
640,462,545,613,595,617
638,476,543,617,596,614
642,463,546,611,595,618
635,473,545,602,604,617
629,477,539,611,599,614
635,480,540,609,602,614
639,471,543,616,596,615
628,478,540,608,602,615
638,478,540,608,601,617
637,479,541,613,597,614
642,468,532,608,605,620
637,464,536,611,608,610
639,478,538,613,603,613
635,460,542,612,601,615
638,474,537,611,604,616
636,477,541,612,601,615
628,477,541,609,604,616
635,475,537,615,606,613
637,476,537,613,602,616
636,478,542,611,606,616
631,463,546,612,603,619
633,475,528,615,615,609
626,472,531,614,617,612
639,470,532,614,618,611
637,464,542,602,617,623
626,474,528,617,619,611
634,477,540,617,612,619
633,475,528,618,620,611
636,462,544,618,610,622
636,472,546,607,619,624
625,460,541,615,613,620
625,465,537,616,616,618
627,464,534,616,618,618
624,479,528,619,620,612
629,475,543,606,621,624
631,476,541,610,616,621
633,463,536,615,615,619
634,470,545,622,607,623
637,464,544,617,608,623
632,476,544,608,619,623
633,473,536,620,611,622
629,478,535,620,614,615
624,480,542,622,610,621
626,479,529,620,620,613
635,470,543,620,604,622
629,475,530,622,620,614
633,471,540,615,615,620
631,479,534,620,617,614
637,472,542,621,607,621
636,461,544,620,608,623
636,478,530,621,622,611
633,463,544,617,607,623
632,461,540,615,614,620
626,473,540,622,605,619
635,474,543,607,618,623
636,475,543,620,614,621
632,474,545,607,620,624
635,470,543,622,608,621
629,476,541,610,619,621
635,476,540,612,615,621
632,477,540,623,612,620
633,480,542,611,612,620
635,472,528,618,620,612
634,462,540,617,616,619
634,471,545,606,617,624
621,470,531,617,620,616
639,476,541,615,608,621
626,471,531,617,622,613
638,475,545,611,611,620
635,461,545,615,612,623
632,462,543,618,610,623
632,479,536,615,614,618
635,471,537,611,618,622
634,463,541,616,612,619
641,463,541,615,610,621
637,473,544,609,615,623
638,481,540,617,613,619
636,475,542,621,607,623
637,480,544,607,618,623
627,473,535,618,615,617
638,474,543,620,606,621
635,477,540,616,614,621
638,465,545,619,607,623
632,474,543,606,619,622
628,459,535,615,616,616
621,479,530,619,618,614
635,480,530,618,617,613
639,469,545,619,605,624
634,467,544,618,606,624
635,478,540,614,616,621
636,476,540,619,606,620
631,478,534,618,617,614
641,467,529,618,618,612
641,467,545,618,606,624
635,478,541,610,617,619
636,462,543,614,610,622
627,474,548,605,616,625
635,465,539,615,612,620
628,474,545,606,615,624
625,474,529,618,617,612
636,480,529,619,618,614
642,476,546,605,614,624
631,479,528,617,617,612
639,475,544,605,617,623
635,481,536,617,614,616
640,476,544,608,617,621
638,463,545,616,608,623
638,464,546,617,609,622
633,477,534,617,615,617
638,478,542,608,617,622
640,474,544,603,614,622
632,475,542,609,618,618
635,477,533,617,614,618
629,470,529,615,618,611
639,476,540,612,615,621
638,474,545,605,614,623
628,470,545,603,616,623
639,473,544,619,602,619
640,476,544,609,615,620
636,474,543,619,605,621
632,477,534,617,615,612
629,479,531,617,614,612
628,478,533,616,614,616
627,469,541,617,605,620
636,476,541,607,616,619
631,470,542,607,611,620
638,474,541,616,605,620
637,462,543,615,605,620
635,472,544,604,615,622
639,475,542,604,610,619
631,459,540,610,612,621
636,475,539,615,608,620
627,467,530,614,618,611
630,472,544,604,612,621
636,473,540,616,606,618
640,468,543,618,605,621
623,476,529,616,615,611
629,470,529,615,617,611
641,472,545,611,612,614
637,473,544,603,616,624
637,470,536,612,612,619
631,465,543,618,604,622
638,471,527,616,616,610
635,475,539,620,607,620
639,459,539,613,613,618
629,470,530,614,612,611
632,472,541,607,613,620
635,475,541,609,611,621
641,472,540,608,612,621
630,477,531,616,614,614
641,461,526,617,617,612
633,462,534,613,613,617
638,476,542,605,615,622
642,474,545,601,611,620
641,477,542,614,606,620
630,475,529,617,616,608
640,474,543,603,612,624
633,475,541,611,610,620
637,468,535,615,611,621
640,472,544,607,614,621
640,473,534,613,613,616
642,472,544,605,613,621
640,475,529,615,615,612
636,475,534,616,612,617
634,461,535,612,614,615
630,474,525,612,614,612
640,474,544,614,614,619
642,470,545,602,613,623
641,472,543,602,615,621
634,468,544,617,600,622
638,462,542,612,608,623
636,462,542,611,606,620
637,476,540,606,614,619
637,472,530,617,613,612
626,476,532,616,612,613
640,460,542,613,606,621
638,459,542,613,607,618
630,478,529,616,615,613
641,474,545,603,612,623
641,472,543,601,613,622
635,462,541,611,608,619
634,459,545,615,603,620
634,460,539,612,607,619
637,462,539,613,608,621
640,465,537,615,601,620
642,472,539,612,610,620
643,472,543,602,611,622
633,475,543,612,604,622
625,473,530,614,611,612
641,475,540,604,609,619
641,462,542,615,599,620
641,474,540,605,613,621
641,461,528,615,612,612
630,478,529,617,611,612
639,471,542,601,609,623
641,472,542,601,613,622
641,472,544,602,607,622
638,469,529,612,612,611
644,474,546,607,606,624
637,470,536,607,607,620
639,477,527,615,611,612
640,476,539,608,603,617
632,476,530,615,609,613
636,475,542,604,609,620
643,459,544,612,598,621
639,462,539,611,604,620
634,462,539,609,607,616
637,460,538,611,606,617
629,463,542,611,597,622
632,476,530,614,608,610
632,464,536,610,612,615
638,474,541,601,607,622
635,461,536,610,608,616
638,476,538,612,602,618
641,467,545,601,607,623
634,464,536,614,610,614
644,473,544,600,605,623
631,476,531,615,604,610
642,476,536,608,602,617
639,478,540,609,600,617
632,478,529,615,607,613
640,472,541,609,600,618
639,454,537,606,602,618
643,473,544,598,608,621
638,476,539,609,604,616
630,474,529,613,602,618
639,477,540,614,599,618
633,478,532,613,604,613
634,476,539,611,598,619
643,467,542,611,594,620
639,477,540,609,601,621
630,477,532,610,602,613
637,479,540,610,601,616
641,475,540,607,593,622
643,460,544,609,596,622
642,462,544,602,589,619
641,471,537,607,601,618
641,474,541,598,606,619
644,462,545,611,593,619
640,476,540,611,598,618
632,478,545,596,604,621
632,466,531,606,604,613
645,472,541,601,602,623
644,476,530,607,608,611
645,461,543,609,594,619
644,465,542,598,602,622
636,476,535,607,603,616
641,472,543,612,592,620
633,476,532,610,602,613
637,476,536,610,603,615
639,475,538,606,598,618
639,475,529,610,604,619
639,471,541,609,592,620
644,471,539,612,599,618
642,462,543,607,595,622
644,465,544,609,593,621
631,471,526,607,608,611
640,478,539,609,602,620
637,469,534,612,601,615
630,463,534,608,608,615
633,476,530,611,602,612
643,462,545,608,592,621
641,476,535,606,604,614
644,471,540,604,601,621
649,470,544,598,604,622
638,477,530,610,604,612
644,464,542,597,603,622
643,460,544,606,596,622
629,472,529,611,606,611
644,471,540,606,591,622
641,477,539,612,597,616
645,473,545,596,603,623
640,475,542,601,606,620
645,472,537,599,606,622
643,477,538,606,602,615
642,454,532,610,603,612
632,472,542,611,606,610
630,474,529,609,602,612
642,474,534,607,604,615
626,466,531,606,607,611
640,475,539,602,602,622
641,476,539,608,600,617
644,465,544,611,594,622
643,475,544,608,600,619
644,467,544,609,594,622
642,475,537,607,601,619
641,477,536,604,600,619
644,467,542,612,601,619
637,461,540,607,604,616
633,479,531,611,604,622
631,469,544,608,605,613
635,452,534,608,597,615
639,476,529,612,606,610
634,463,544,609,592,621
636,463,538,605,603,618
640,476,542,597,605,620
645,471,546,595,603,622
644,467,542,598,606,620
643,460,542,607,596,619
642,471,544,601,601,622
644,474,542,604,601,622
640,474,536,606,605,614
646,463,540,603,592,622
641,475,543,608,593,621
640,477,534,605,601,616
644,461,545,607,594,620
633,471,530,606,605,611
636,477,540,604,595,619
644,472,543,593,604,620
635,465,534,604,604,614
643,477,541,607,595,619
639,478,531,607,600,614
646,473,543,594,604,621
644,468,541,609,591,620
643,462,544,606,592,622
646,462,531,594,604,620
641,461,543,604,594,619
641,460,543,604,595,621
641,475,533,602,599,618
635,479,529,606,601,618
636,477,532,606,601,614
635,467,530,602,606,614
641,476,532,602,598,615
643,476,540,597,601,618
645,463,545,589,602,622
643,476,540,602,598,618
634,468,542,606,602,609
644,476,537,595,602,619
639,471,541,593,604,618
641,480,539,600,599,617
637,461,538,602,601,617
644,475,542,606,589,620
640,478,539,601,599,617
641,461,539,601,598,617
632,468,544,590,602,622
645,476,536,601,598,619
632,469,536,602,597,618
635,477,541,604,604,610
640,477,537,597,596,618
628,475,529,606,601,611
644,470,541,605,589,620
633,472,529,604,601,610
642,475,543,593,601,620
644,459,544,606,588,621
640,478,540,602,595,617
634,468,530,602,600,614
648,472,539,595,599,620
640,477,537,601,599,616
645,459,539,601,593,620
644,470,543,604,588,620
642,473,538,601,599,617
643,476,540,602,591,618
643,473,546,593,598,620
647,472,529,603,602,612
645,469,542,605,589,620
646,471,540,603,600,614
645,473,544,591,599,621
647,472,546,589,601,622
642,478,532,604,600,613
642,476,540,602,599,611
632,472,540,597,598,618
644,472,529,601,601,614
646,467,539,604,590,619
635,479,528,602,600,610
646,474,541,599,595,620
645,468,537,599,596,615
640,476,540,595,600,618
646,472,540,599,596,618
647,471,543,602,600,609
641,482,529,601,601,609
645,464,537,597,598,615
634,463,529,600,602,611
647,471,541,592,600,622
