=~=~=~=~=~=~=~=~=~=~=~= PuTTY log 2023.11.02 23:18:41 =~=~=~=~=~=~=~=~=~=~=~=
660,521,544,643,651,609
655,512,543,642,641,610
660,521,543,629,649,620
655,524,537,644,644,616
652,526,528,643,652,608
660,521,543,646,638,620
652,524,542,630,652,619
660,512,538,644,637,619
648,512,538,636,640,618
660,517,540,645,638,618
656,510,537,640,647,613
659,521,536,638,643,619
649,525,525,643,650,611
646,526,538,642,643,617
656,523,538,641,643,616
660,522,526,642,646,611
658,528,542,629,651,622
660,522,526,641,649,610
654,511,535,638,651,612
655,526,543,641,650,607
663,520,538,635,646,621
656,527,542,628,651,619
647,527,528,640,651,609
648,526,528,640,646,617
659,520,537,641,642,618
660,512,541,643,638,621
653,512,528,638,647,615
647,524,529,639,646,612
652,512,542,640,642,619
661,523,542,635,644,617
648,528,526,643,650,610
658,510,540,643,637,620
646,529,525,641,638,610
655,525,525,633,647,616
661,515,536,644,638,618
658,516,536,642,638,620
649,513,537,639,645,616
650,526,525,640,651,610
651,512,537,640,641,619
656,517,532,638,644,619
660,515,537,622,650,620
656,505,530,637,648,614
653,503,520,639,652,609
658,508,532,639,647,618
647,511,515,642,651,617
651,511,526,638,645,618
649,514,514,640,652,610
659,499,521,635,647,615
658,512,523,637,651,610
662,509,528,629,649,622
654,509,524,643,637,621
655,501,523,633,647,623
649,516,512,642,650,611
653,507,524,644,637,610
655,517,527,642,637,621
657,515,520,638,648,614
661,515,527,627,648,620
647,522,518,638,652,621
660,506,527,638,638,620
647,520,515,638,643,617
658,520,523,634,644,617
661,514,524,643,636,618
648,516,524,636,646,613
660,519,524,635,646,620
662,517,523,636,646,619
655,524,527,627,644,617
652,523,521,642,646,614
649,521,515,641,649,612
656,523,526,635,647,618
655,524,528,626,649,619
647,525,516,636,652,611
660,519,528,630,647,618
657,525,529,627,651,616
645,523,516,638,650,621
650,513,525,636,648,613
648,524,517,637,651,609
647,525,516,641,644,612
655,520,517,640,647,613
661,528,519,639,652,610
649,519,529,636,647,613
656,529,534,641,637,619
659,527,522,637,645,618
657,529,534,626,650,620
656,532,527,625,648,620
662,529,524,635,645,620
660,517,529,635,648,611
647,527,527,633,650,612
658,532,532,623,652,616
658,530,534,623,650,620
658,519,527,638,648,612
655,521,519,637,640,618
651,508,520,629,651,611
660,516,528,634,642,622
647,511,516,634,649,609
659,499,532,634,644,618
645,516,521,632,652,609
656,517,533,634,636,623
660,515,522,634,647,616
659,503,532,631,640,618
659,517,521,634,646,617
651,519,515,620,649,618
658,515,531,619,649,621
657,517,516,620,649,619
648,518,516,631,650,609
655,516,525,630,646,615
650,515,515,634,650,611
661,505,527,628,647,613
659,518,531,619,648,622
658,506,530,630,640,620
644,519,513,634,650,610
657,503,523,631,651,612
656,515,528,617,650,614
650,520,511,631,646,616
655,519,520,624,648,616
647,516,515,627,650,609
658,516,508,618,644,622
658,521,516,615,650,618
660,518,509,614,649,620
656,525,496,624,646,617
654,516,504,622,642,616
659,526,496,620,643,616
660,536,489,606,647,622
660,537,493,605,648,619
653,543,487,604,647,621
656,540,488,607,644,618
655,540,473,608,645,618
660,535,484,603,645,619
654,533,478,603,644,621
655,532,471,604,645,618
658,521,486,612,640,620
657,519,482,612,642,611
654,522,488,616,635,621
659,536,476,608,643,623
657,536,488,601,643,618
648,529,485,620,635,619
655,537,472,616,638,619
658,522,487,616,645,615
658,536,487,613,649,621
642,542,473,622,644,615
654,541,489,617,642,623
658,532,491,623,633,621
659,532,494,621,640,618
657,541,490,623,640,618
654,549,494,620,642,619
646,556,483,626,646,618
650,546,497,627,631,620
657,562,496,627,633,619
647,555,497,627,647,612
655,569,503,622,642,617
647,573,493,631,645,614
650,576,491,629,646,621
657,560,509,628,643,616
657,580,509,629,642,620
650,564,509,634,645,616
653,575,507,634,633,622
644,573,497,634,646,614
653,578,510,630,636,619
650,566,512,634,646,614
658,574,507,622,646,623
653,579,516,638,634,621
656,564,515,635,634,623
657,576,530,626,645,623
658,577,535,630,643,622
650,578,548,624,647,622
654,576,546,639,641,620
656,583,550,627,649,620
652,579,538,639,644,616
652,579,549,634,647,613
652,567,553,636,640,622
649,576,554,627,646,624
643,581,542,637,647,610
656,576,548,632,643,624
652,577,551,626,648,622
653,572,545,632,642,620
652,566,548,639,634,621
643,555,540,636,651,613
658,549,542,639,647,611
654,550,535,635,643,619
649,533,543,637,641,620
653,532,541,641,634,622
651,532,542,635,643,620
658,537,540,633,648,623
644,542,530,641,648,612
645,541,534,635,648,611
650,538,530,640,645,622
651,539,539,642,649,621
644,540,537,636,651,612
657,539,539,629,636,621
645,534,536,635,648,612
658,527,543,638,636,622
654,542,541,638,635,621
653,521,541,633,643,617
656,534,539,627,647,620
653,532,540,633,641,620
652,510,534,634,646,616
662,517,534,633,644,620
654,501,535,633,647,621
659,506,538,629,644,621
654,508,537,633,650,615
659,495,535,629,634,622
644,501,520,636,645,617
660,494,535,621,648,620
656,499,531,629,643,619
651,495,524,630,648,611
657,508,535,619,646,623
651,502,522,629,649,619
659,495,532,626,634,622
658,510,533,615,644,622
659,510,532,621,645,619
646,516,526,626,648,611
659,507,535,628,647,612
659,498,535,622,640,624
654,512,535,616,646,621
651,505,537,613,646,622
658,503,531,619,646,614
647,510,523,625,647,613
656,507,533,629,646,620
650,487,523,623,643,618
657,461,536,621,648,613
657,460,537,612,647,622
651,458,531,620,646,612
660,468,541,610,647,621
658,470,539,616,644,621
659,458,538,621,647,613
656,479,537,615,646,617
660,476,542,624,645,619
649,486,535,620,643,623
647,478,528,624,638,619
653,472,535,622,646,613
646,476,525,620,647,612
649,486,528,622,643,616
650,485,532,622,641,621
660,468,542,621,641,619
657,480,538,612,643,617
656,477,539,625,643,614
653,464,534,618,643,613
656,477,538,615,642,625
647,470,527,622,644,611
659,476,543,609,642,616
649,472,528,622,645,612
656,457,537,618,640,619
656,455,541,621,639,620
659,447,541,620,647,620
660,447,545,614,641,624
656,431,537,622,646,612
661,439,541,607,643,623
650,437,532,623,640,619
660,430,544,610,643,624
660,420,541,620,636,619
646,427,528,620,641,619
654,432,536,616,640,621
655,433,536,615,637,619
648,431,541,603,641,623
651,419,530,618,644,613
652,426,539,621,631,621
656,426,538,621,637,615
649,430,529,619,644,612
657,427,539,605,637,618
656,426,539,606,645,612
657,428,536,614,639,620
660,424,540,617,632,622
658,416,540,606,642,623
657,425,536,612,638,622
658,425,535,610,643,619
649,428,527,620,639,618
660,411,538,617,629,622
658,421,536,607,640,616
645,417,521,620,642,612
645,419,522,619,641,617
654,402,531,616,640,620
654,407,521,618,644,611
646,413,521,608,634,618
656,416,530,613,633,623
657,413,533,619,643,614
648,407,520,616,643,620
646,413,520,621,642,613
658,413,529,621,630,622
664,411,529,607,629,622
646,410,511,614,640,621
657,403,519,616,644,611
645,400,500,610,636,620
660,395,513,600,643,620
652,379,507,611,643,613
657,395,503,609,629,624
647,385,491,605,637,616
661,378,493,588,636,613
658,378,485,587,635,619
658,375,491,583,640,622
661,373,486,588,636,618
659,367,471,584,636,623
654,375,476,595,633,620
655,359,474,594,633,622
655,378,475,594,623,622
659,369,479,593,625,620
657,377,476,582,634,620
659,359,478,587,634,617
645,373,463,581,632,622
662,362,478,581,632,626
647,371,463,585,628,616
655,379,474,583,622,621
655,373,477,569,631,618
656,376,475,577,624,621
651,370,468,582,632,611
658,365,476,580,635,610
654,382,478,579,623,611
655,385,476,580,622,621
657,379,478,564,634,619
658,379,480,575,627,614
652,382,479,578,634,611
651,384,472,566,634,622
660,381,481,575,626,620
648,387,470,570,631,622
657,383,480,576,627,619
656,380,486,565,633,621
661,381,482,564,632,621
650,377,469,578,632,616
648,377,465,572,632,624
650,382,466,570,632,623
659,379,476,571,631,621
662,378,478,567,636,622
659,378,476,565,632,617
660,366,473,561,627,614
662,377,474,559,633,620
658,378,468,563,633,617
663,376,470,556,627,622
656,375,468,549,627,622
658,376,463,558,632,610
663,365,464,553,617,619
660,376,460,552,622,618
659,376,448,550,630,614
658,376,453,553,618,618
654,378,449,536,614,620
653,366,444,548,617,617
656,376,451,545,624,611
662,371,453,532,622,616
662,372,451,536,617,617
662,376,448,541,611,618
649,380,428,531,615,622
659,377,438,530,604,620
650,373,425,526,609,615
649,374,421,521,600,619
660,380,436,506,601,618
661,377,435,515,595,620
664,374,435,507,603,618
661,378,435,500,600,621
652,369,422,514,598,615
661,377,436,510,601,618
658,383,433,514,588,620
658,382,432,501,600,618
659,380,435,516,590,616
660,378,435,512,592,619
664,376,440,504,600,621
663,377,440,511,588,620
656,365,433,516,602,610
656,372,428,503,598,618
663,373,442,511,589,618
657,379,437,516,595,616
657,379,430,499,602,615
645,380,425,512,599,616
657,363,435,516,603,610
661,370,443,512,598,616
650,380,433,505,604,619
649,380,427,515,597,619
660,372,441,514,599,620
660,375,440,517,592,621
666,373,441,510,602,609
664,373,441,508,595,619
660,378,437,518,589,618
663,374,438,505,593,619
655,374,442,505,594,616
656,376,434,518,595,616
660,375,438,503,596,617
659,373,435,512,588,617
651,376,420,509,596,621
663,372,435,502,588,617
659,363,429,510,596,612
663,375,430,498,591,621
659,378,428,509,580,619
660,363,430,510,591,613
661,376,430,497,591,617
650,373,417,508,595,610
662,361,433,507,589,619
657,376,426,513,582,620
663,368,433,506,593,609
651,377,419,502,595,621
664,363,434,506,583,609
649,378,421,503,589,620
651,375,419,509,590,620
648,377,422,508,593,621
663,364,438,511,594,609
665,375,439,507,590,617
662,372,440,510,582,609
646,369,427,515,583,616
659,378,437,516,592,617
654,385,439,519,583,621
652,379,430,512,598,619
647,385,432,517,595,619
662,379,452,521,598,617
651,376,439,527,593,619
658,385,452,514,602,623
655,372,447,528,605,610
662,385,455,520,602,618
661,373,455,526,608,609
660,388,455,528,598,617
664,386,460,525,607,613
659,395,457,529,603,617
664,396,462,527,602,619
654,392,459,532,607,613
659,414,475,531,596,619
658,405,475,533,610,618
650,417,463,537,605,616
665,426,483,523,609,618
664,415,487,535,614,611
652,442,489,539,598,620
662,446,497,542,601,621
647,455,487,543,605,622
657,466,500,547,595,620
661,464,508,540,604,618
663,464,510,543,608,620
654,469,505,536,612,617
655,469,504,537,609,622
661,464,507,550,608,614
660,468,508,538,598,619
653,471,506,552,596,620
661,472,495,550,608,620
663,461,508,549,603,617
653,464,498,559,611,613
651,480,499,549,614,621
659,491,506,558,604,611
654,487,498,560,610,612
652,498,503,560,612,612
648,520,500,560,611,608
662,518,506,559,609,622
660,535,498,548,612,618
645,542,497,560,607,615
657,540,507,554,614,619
660,540,503,560,600,620
663,544,507,547,611,610
653,539,499,558,612,610
661,544,499,560,598,620
664,545,499,546,609,620
661,543,500,558,600,620
661,546,494,550,612,621
657,536,508,554,616,610
658,552,510,558,614,610
657,546,507,556,605,616
652,553,493,559,609,614
658,546,506,564,604,618
661,536,507,556,600,619
650,547,508,555,609,614
659,541,504,555,605,611
658,539,506,550,609,615
649,526,502,558,615,621
653,527,488,556,606,620
658,528,504,555,606,616
661,526,500,560,601,620
658,530,501,558,606,620
660,511,500,556,616,618
660,511,495,560,613,616
649,523,483,560,615,611
655,523,496,544,616,620
660,522,480,544,613,620
648,523,481,557,616,611
657,513,484,549,611,619
645,509,473,549,611,623
659,498,483,548,610,619
650,501,476,546,612,624
653,486,480,559,615,621
660,498,489,544,614,622
642,499,475,561,612,618
646,512,476,563,613,620
651,506,483,565,615,613
649,525,478,566,616,621
657,515,491,568,606,620
653,530,481,564,614,625
656,530,484,561,615,620
645,530,493,573,618,611
650,528,496,576,618,614
656,529,497,575,620,617
653,544,491,583,606,618
645,543,491,576,620,613
655,540,498,584,614,620
654,556,502,578,620,621
652,560,500,579,619,621
655,546,507,591,613,617
644,561,511,594,614,615
654,564,518,583,624,624
653,561,513,592,624,623
641,559,502,601,626,617
651,541,516,603,621,623
645,544,514,600,626,624
642,549,508,608,634,613
641,553,507,607,623,614
639,547,515,604,633,619
642,551,510,609,633,616
650,539,517,611,626,625
651,558,513,601,637,622
649,550,524,618,629,623
643,568,509,621,633,622
641,569,511,621,638,615
649,569,523,606,643,621
647,552,527,619,629,623
644,563,526,613,643,624
649,558,525,630,631,623
648,575,526,619,644,623
640,574,515,629,645,620
652,570,526,627,639,622
643,569,528,629,645,624
652,570,528,628,645,625
645,576,533,621,648,622
650,572,533,624,649,623
652,553,533,638,648,621
653,568,534,624,648,623
650,551,532,639,638,621
655,564,530,629,647,624
652,549,529,643,635,619
648,561,532,629,652,624
650,557,533,636,647,626
650,559,525,637,649,621
654,543,527,646,640,624
653,542,523,642,651,617
653,538,529,649,640,623
654,554,530,641,652,623
652,541,527,652,643,622
652,540,530,636,655,622
654,524,528,650,646,622
649,536,531,638,660,622
653,527,524,651,657,613
651,517,529,652,647,622
653,527,527,652,663,622
653,529,530,640,660,623
641,527,523,650,660,611
653,535,517,649,659,613
651,533,532,641,657,616
642,532,522,651,656,622
651,540,531,643,660,619
655,540,520,648,657,621
646,542,516,653,658,622
652,543,517,655,659,611
650,546,517,655,660,612
653,548,529,644,662,619
640,548,517,656,663,610
656,538,528,658,650,617
653,541,533,644,662,619
654,541,530,658,651,619
645,548,517,655,662,620
650,534,532,655,653,620
652,533,533,655,651,611
648,543,528,654,658,621
656,544,536,645,659,622
650,536,533,654,659,623
654,545,529,654,655,618
645,550,519,655,662,611
654,540,533,654,652,622
644,550,521,654,663,611
657,543,526,655,649,621
657,547,527,643,659,623
654,551,523,650,659,618
656,540,522,659,652,620
646,538,520,652,659,622
660,538,517,650,658,619
658,536,524,642,661,620
658,537,523,644,660,621
649,525,522,654,655,617
655,540,523,642,659,623
664,533,514,652,653,619
654,528,508,651,655,615
657,530,516,649,649,616
656,533,516,645,655,620
651,526,514,652,654,616
659,516,517,656,641,622
656,531,507,647,651,625
659,529,505,648,651,624
649,534,502,655,650,621
658,533,518,641,653,623
657,535,515,642,653,621
659,518,517,654,641,623
654,524,503,645,648,623
656,533,515,653,643,615
648,536,505,653,650,622
656,532,518,643,648,625
639,532,513,652,644,625
650,520,522,653,638,625
647,524,522,652,640,628
643,534,514,649,645,617
653,537,524,641,645,624
643,534,519,650,643,622
651,541,520,642,642,625
652,543,525,637,642,625
654,545,519,642,638,622
642,541,508,649,636,616
652,539,523,634,633,622
655,538,518,643,623,622
657,541,520,637,627,624
653,540,518,639,626,624
656,542,512,637,618,619
656,540,517,628,614,623
656,540,515,625,610,613
642,543,507,630,610,616
656,534,514,618,609,622
654,531,517,610,609,622
658,523,506,610,603,623
657,522,516,606,607,609
659,509,514,617,598,618
658,511,511,614,596,617
649,515,507,610,597,619
644,506,489,607,594,615
644,507,487,591,587,618
653,501,487,591,583,614
654,500,501,569,565,615
656,498,501,558,563,614
658,498,500,527,559,612
649,509,495,519,551,614
656,508,500,515,552,612
653,506,503,515,543,608
655,511,500,522,531,610
655,511,505,520,527,611
657,511,503,514,532,608
659,501,507,518,533,604
655,513,502,525,521,609
654,515,504,511,528,606
656,515,507,518,527,607
658,511,505,524,522,599
650,519,492,523,525,607
657,510,504,527,523,611
650,505,500,534,522,601
652,504,499,535,522,598
658,502,507,533,523,607
643,516,495,538,521,602
654,516,496,530,522,609
657,513,504,531,525,611
657,510,511,544,528,611
655,516,506,553,518,612
648,517,493,549,531,611
653,519,506,557,531,610
657,513,506,558,530,614
655,519,497,557,545,611
650,523,508,568,543,610
646,522,503,575,558,618
654,525,512,565,560,617
654,526,507,582,552,617
653,528,513,575,577,617
649,528,498,591,578,617
651,527,496,591,582,619
643,529,505,598,588,611
645,527,500,600,590,614
647,526,497,601,594,618
647,513,514,602,594,620
655,525,513,595,607,622
651,512,513,607,602,617
654,527,511,610,609,619
655,511,511,611,618,619
644,525,508,616,619,613
653,524,511,616,612,621
657,524,502,610,621,623
659,524,506,608,627,622
660,522,511,606,630,623
652,527,510,624,619,622
655,525,502,616,631,624
646,528,498,623,632,619
644,530,503,628,634,615
654,522,511,616,639,623
655,523,511,632,626,622
656,519,514,618,639,624
656,524,511,628,641,624
658,513,515,636,627,622
657,521,512,633,631,620
657,520,513,636,631,622
647,519,512,634,642,612
653,512,517,637,635,622
655,524,507,629,642,625
656,524,513,637,638,622
657,526,511,627,647,624
658,512,515,644,633,622
656,519,512,639,637,620
645,525,505,643,646,616
657,518,519,627,647,625
658,514,515,644,635,622
650,527,501,639,644,623
656,522,512,646,636,620
643,525,502,646,648,616
656,517,512,649,641,620
646,518,512,643,648,620
644,527,503,647,649,613
652,510,512,637,647,623
650,512,506,649,651,614
654,519,503,642,649,622
644,524,506,650,650,613
654,527,517,636,650,619
647,527,505,651,652,615
655,518,515,637,654,624
645,519,514,648,653,615
644,520,508,653,652,614
648,516,512,648,654,612
656,514,515,657,647,620
653,505,510,653,656,613
651,511,506,654,654,615
658,503,519,650,648,618
652,513,516,651,654,615
656,517,517,651,651,618
661,510,523,637,659,622
658,505,516,651,654,618
650,520,508,653,654,620
659,516,512,654,652,616
650,522,510,655,654,616
661,518,528,646,654,623
651,510,514,654,659,610
647,514,518,652,657,611
662,511,527,643,656,621
657,518,525,643,658,620
658,515,527,643,657,621
649,516,524,654,652,614
657,518,526,658,647,619
652,514,530,654,653,617
647,516,531,653,652,616
651,502,532,652,657,613
656,506,529,652,650,618
648,503,519,654,658,613
659,498,530,651,653,619
652,490,524,653,655,618
656,494,531,655,648,621
654,492,530,648,657,618
658,480,531,653,658,615
660,483,535,655,652,620
645,503,519,657,656,612
648,500,519,655,660,611
650,512,520,658,656,612
654,495,528,652,661,614
661,507,539,643,660,620
661,498,538,655,649,621
657,513,536,651,653,618
657,512,537,659,645,621
661,510,541,643,658,620
657,513,540,644,660,619
660,500,538,654,653,616
648,519,527,656,660,610
657,508,536,653,658,614
655,514,545,655,652,619
649,521,546,653,654,620
661,524,544,648,655,619
659,513,545,659,646,622
662,519,543,645,656,623
650,531,532,655,658,609
649,530,534,654,659,610
655,515,546,656,652,619
659,513,546,657,645,621
661,526,548,643,661,621
664,525,539,650,655,624
659,514,549,657,651,619
656,524,543,643,658,613
658,527,539,655,657,620
657,529,543,651,657,617
659,530,548,643,659,622
655,530,533,657,658,612
656,532,544,645,658,617
656,527,545,647,659,623
650,515,546,655,658,620
651,526,531,658,661,610
648,526,542,653,659,613
656,521,543,651,657,619
660,521,547,659,651,622
659,537,544,654,660,619
650,539,533,656,661,611
647,542,537,658,663,610
661,540,547,645,662,621
648,542,540,645,660,622
660,533,546,661,648,620
658,539,548,645,661,617
658,544,532,658,663,616
656,541,542,653,658,619
663,538,541,655,658,620
660,526,547,661,651,622
662,534,549,645,660,621
653,538,531,657,660,614
653,533,532,660,660,613
658,528,537,655,658,620
655,526,547,644,662,620
648,520,540,654,661,614
657,522,533,657,660,623
658,525,539,644,662,621
665,517,543,652,660,624
662,513,544,654,658,623
657,496,548,655,657,620
661,490,543,655,658,616
657,507,545,659,654,619
659,504,544,640,660,623
659,501,546,660,649,622
659,505,544,652,660,620
664,502,551,655,660,618
659,505,541,652,659,619
661,506,546,650,659,623
652,501,527,660,663,612
651,489,534,656,664,611
659,489,543,659,652,622
658,471,536,656,665,612
654,471,541,653,663,617
664,484,540,645,659,623
661,485,542,646,662,620
658,488,538,652,648,617
657,487,541,660,652,621
662,479,541,655,654,611
661,487,538,654,656,618
650,508,531,658,660,615
664,505,546,647,661,623
661,506,543,646,659,624
658,511,540,653,655,620
663,506,546,647,660,625
662,502,543,651,660,619
651,503,534,658,655,614
650,495,532,655,662,610
659,484,540,653,665,615
659,498,543,659,649,621
655,494,541,652,660,623
662,499,542,650,660,620
650,494,531,660,662,614
649,503,529,657,662,613
660,502,544,640,662,623
660,508,543,656,655,620
658,503,544,656,651,624
657,490,546,655,654,620
657,504,543,654,654,620
649,506,533,658,662,614
649,504,535,659,657,619
657,502,544,650,659,619
657,503,535,650,659,620
659,495,547,659,650,616
657,484,540,655,660,615
660,501,544,659,647,623
643,506,533,658,658,617
659,504,549,649,659,623
660,501,546,658,650,623
660,499,546,659,650,624
662,493,548,645,660,622
662,475,547,654,656,618
650,492,533,653,658,615
658,490,545,648,659,620
662,481,548,655,652,621
657,493,544,658,650,621
661,481,549,656,651,622
660,493,543,643,660,622
649,497,532,659,662,614
659,494,546,657,648,624
661,486,550,657,650,621
656,477,540,650,657,612
661,495,549,645,658,622
652,499,536,656,660,618
648,500,535,657,659,619
659,499,540,649,659,622
657,500,546,660,650,622
655,483,546,654,663,617
659,498,538,660,648,622
654,498,547,660,650,624
660,501,545,650,659,619
658,497,550,644,661,624
662,497,550,643,663,622
660,496,549,646,662,622
654,492,550,644,662,624
661,495,550,646,661,623
660,496,547,659,649,622
663,500,549,644,662,622
664,499,548,645,663,618
657,502,544,654,655,620
659,490,545,653,659,615
661,499,548,646,658,622
648,516,533,657,663,613
661,516,541,655,658,621
661,510,539,657,659,620
652,528,536,657,662,613
657,517,549,657,649,621
652,527,547,653,660,618
659,536,550,645,663,624
657,535,538,659,657,619
659,539,552,644,661,621
655,541,536,659,659,614
658,542,552,645,663,622
657,547,549,649,659,620
659,543,547,654,651,620
655,537,550,656,656,620
650,555,535,655,660,614
649,544,542,652,659,613
648,559,534,658,660,613
656,561,535,658,659,616
659,564,548,638,663,622
652,558,546,651,657,618
651,572,531,657,662,613
660,560,545,657,649,623
656,572,537,652,659,622
651,579,529,657,660,614
652,567,543,653,657,619
653,579,527,658,660,624
658,581,544,642,662,624
656,581,541,649,648,620
657,581,545,646,647,623
656,582,544,643,660,622
660,568,543,659,649,621
654,582,541,645,659,620
659,582,527,657,657,614
654,570,542,653,652,621
649,577,537,652,661,615
657,582,531,655,658,619
652,584,524,658,660,613
656,578,542,643,663,622
654,585,526,655,661,614
658,583,542,657,654,619
653,565,541,654,651,621
659,584,529,654,658,620
646,589,524,649,660,612
654,587,536,642,660,621
659,573,534,656,651,623
654,585,533,647,660,620
655,585,531,650,654,619
659,586,532,640,661,624
647,585,517,656,661,614
660,568,528,655,648,624
662,582,521,644,656,622
658,583,527,640,660,623
657,577,523,657,651,621
659,577,523,656,649,621
658,580,522,652,654,620
657,569,518,650,659,616
659,569,529,655,647,624
659,569,528,656,648,621
659,582,521,647,656,622
649,576,526,650,658,617
660,583,532,654,658,613
646,580,525,651,660,617
655,585,530,641,656,621
655,576,527,640,662,623
659,582,523,643,658,624
655,571,531,654,650,623
658,583,533,647,657,624
655,589,526,647,658,619
657,571,531,653,647,624
659,572,531,655,647,624
647,590,518,654,661,624
657,586,535,640,661,621
658,579,528,647,657,622
654,572,536,652,652,622
654,586,532,645,660,620
647,581,534,651,659,618
648,582,535,651,656,619
652,585,533,648,657,624
657,587,536,647,657,624
658,588,532,653,654,620
654,577,538,654,651,623
649,583,533,650,659,618
652,571,538,650,654,620
658,587,531,654,657,621
658,586,534,647,656,626
650,577,539,654,649,622
658,576,539,659,647,623
656,590,536,651,653,619
650,594,526,657,659,615
651,579,539,650,654,620
657,585,536,654,647,620
653,593,541,643,661,623
658,588,536,647,656,623
648,593,526,656,662,613
644,586,536,654,661,614
652,593,540,645,661,622
660,581,539,649,655,622
658,585,538,656,645,622
656,578,547,654,649,623
654,593,544,647,656,620
656,589,541,652,654,621
657,584,542,657,653,622
648,593,532,655,661,614
655,595,547,643,660,622
654,579,548,655,651,622
654,576,547,654,649,623
658,588,542,655,655,621
647,582,545,654,656,617
662,590,540,651,657,617
650,592,531,654,661,612
649,591,532,655,662,614
645,594,532,653,662,612
655,590,534,656,658,618
654,591,547,643,659,622
648,591,534,656,660,612
644,586,542,653,663,612
656,571,553,653,650,622
652,571,553,653,655,620
656,582,554,642,661,623
654,581,550,649,653,623
648,580,541,655,661,613
657,561,558,656,644,622
659,567,554,657,647,623
654,564,557,653,654,623
649,576,543,656,659,613
658,572,556,643,660,624
654,568,548,654,656,620
647,568,542,654,663,613
659,563,551,652,656,621
659,559,553,657,648,620
657,568,554,646,659,620
650,556,555,652,656,618
656,567,556,644,662,622
660,553,555,657,648,623
660,562,553,649,655,622
644,565,545,654,657,615
653,570,556,644,660,622
644,567,541,653,661,612
654,568,557,642,660,622
657,562,550,657,647,622
654,570,554,650,654,618
655,570,557,642,659,623
657,571,550,654,656,621
650,561,556,653,654,619
656,559,551,657,644,622
655,574,556,643,660,620
649,574,556,644,660,621
652,572,551,649,654,618
653,558,556,655,647,621
656,558,556,655,647,620
656,558,556,657,647,622
641,564,550,652,656,616
640,563,549,652,659,613
653,573,555,644,659,619
657,564,551,657,646,621
642,567,545,653,658,612
658,562,551,648,655,623
652,566,551,648,656,618
647,562,542,655,655,616
646,551,549,652,657,614
657,553,543,655,654,617
658,551,548,644,655,621
653,553,552,658,657,621
655,539,551,657,644,620
654,553,541,655,654,615
657,551,547,650,656,619
656,541,552,655,645,620
653,556,552,645,659,621
645,559,535,655,661,611
658,542,552,657,646,620
651,556,550,646,658,617
644,552,547,654,658,612
643,553,542,653,661,611
651,541,554,655,647,620
656,538,549,656,646,620
652,552,540,657,655,614
655,551,544,654,657,619
642,557,537,658,657,611
644,553,541,652,659,611
646,559,538,656,659,610
647,549,551,653,655,617
658,557,540,655,656,620
651,564,550,644,659,619
646,561,547,651,657,614
643,564,541,653,657,612
654,567,543,653,654,616
657,566,542,652,655,620
656,564,537,652,661,608
656,569,539,647,655,620
642,578,529,654,659,609
643,571,532,652,660,612
651,577,540,649,656,617
641,580,535,653,660,609
644,564,543,653,652,618
653,577,542,643,658,621
653,577,529,658,655,615
652,576,544,642,660,621
656,576,533,653,655,617
643,579,530,654,660,610
644,577,529,655,660,610
656,574,540,649,656,623
653,562,544,657,650,622
652,563,542,655,649,622
645,578,527,657,660,610
639,579,527,655,661,611
648,574,544,644,661,622
648,576,534,652,658,620
655,574,537,649,658,621
655,576,536,649,659,621
650,564,544,654,653,620
638,581,526,651,663,611
653,565,542,657,650,622
648,578,539,651,658,619
648,579,540,651,659,620
648,563,544,656,652,623
651,575,537,653,660,621
653,573,540,649,657,621
641,581,528,657,663,614
654,575,543,652,660,624
649,574,540,648,661,621
648,565,547,656,654,623
638,581,529,658,664,613
653,562,544,659,650,625
653,574,542,660,651,622
655,575,547,649,661,622
648,579,532,655,661,618
641,581,531,657,665,614
649,565,547,658,655,622
644,579,530,659,663,616
649,579,542,650,661,623
650,580,540,652,661,622
652,582,545,646,664,623
640,578,536,654,664,613
655,564,543,659,652,625
650,560,548,656,654,624
647,573,531,658,660,617
652,580,547,644,665,624
647,569,545,655,659,620
656,575,542,650,660,627
647,569,544,656,659,620
651,580,543,650,658,623
649,580,543,648,663,623
653,567,543,660,654,625
656,577,538,656,660,627
652,579,532,657,662,622
654,576,543,654,661,615
654,563,546,657,653,626
651,579,541,653,655,623
654,577,543,643,663,626
644,574,536,655,668,619
644,573,534,655,664,618
652,578,528,653,659,623
655,578,539,646,661,627
652,563,538,657,652,626
652,573,531,657,653,624
652,578,538,644,662,626
650,582,540,642,665,624
643,571,528,655,665,617
652,576,533,656,656,623
648,583,538,648,664,623
637,578,535,654,664,620
650,581,538,655,659,623
651,585,543,647,663,623
653,588,537,653,661,625
640,590,533,655,665,616
654,591,546,659,656,624
652,586,539,656,661,623
651,573,551,659,650,626
647,592,536,657,663,617
647,576,552,654,656,626
651,591,552,646,666,627
645,594,537,655,661,618
649,589,551,652,659,624
648,592,542,659,662,620
639,590,542,656,665,615
643,594,540,657,664,616
651,586,553,657,657,624
646,590,558,644,665,626
652,582,554,654,652,626
653,590,553,658,655,625
648,589,557,645,664,626
644,576,555,652,659,623
646,574,554,654,659,621
655,581,547,655,652,628
640,579,547,654,669,619
653,579,546,653,658,626
647,577,556,644,663,627
652,579,544,656,662,623
648,577,551,655,655,623
654,578,543,656,662,622
652,565,555,659,652,624
652,559,555,659,653,628
642,583,540,658,666,617
652,579,557,644,662,627
653,572,555,645,662,630
654,570,556,648,661,629
653,559,557,660,651,628
655,568,553,650,660,627
644,569,543,654,661,618
656,559,554,648,661,629
647,560,557,644,665,625
643,558,542,657,663,619
649,557,538,659,662,619
643,548,552,654,662,626
656,550,554,648,659,627
651,557,549,643,663,626
654,553,559,645,664,626
652,556,556,643,663,628
654,540,554,659,652,627
637,553,547,653,667,615
653,539,552,659,652,628
654,536,553,658,650,626
651,544,552,655,657,625
651,539,552,659,655,625
656,540,557,649,662,631
646,539,539,659,663,620
654,529,551,659,649,627
653,535,545,657,662,625
647,524,553,654,659,623
642,527,549,652,662,620
636,524,545,655,666,617
651,511,546,654,665,621
645,522,536,658,665,617
645,523,549,648,665,625
648,522,535,657,664,619
651,521,547,650,663,624
645,523,535,655,664,622
642,523,539,655,663,616
655,513,546,659,652,627
651,519,545,651,661,625
650,522,551,644,663,627
646,522,532,658,663,616
653,512,544,653,659,626
643,515,535,657,664,617
653,498,549,655,663,627
653,508,547,645,662,630
656,507,547,660,650,626
642,504,534,657,662,620
654,501,544,646,662,627
656,504,542,649,662,625
642,503,529,657,662,621
651,502,537,645,661,624
635,496,521,660,663,619
651,483,531,654,662,623
654,480,532,659,649,627
646,480,532,654,663,621
642,489,518,658,665,616
643,496,524,657,660,625
653,492,532,650,661,624
653,497,533,658,651,627
652,496,526,647,661,628
649,491,535,646,662,628
644,496,522,650,661,622
656,484,533,644,665,628
647,486,529,652,659,625
655,481,530,637,663,626
653,483,526,645,661,625
649,483,523,653,655,625
644,474,514,657,664,616
647,467,524,654,663,622
657,472,531,654,656,621
641,490,518,656,661,623
653,488,525,648,661,625
649,491,521,653,652,624
652,475,521,651,664,622
644,494,514,656,660,622
652,488,526,643,664,627
649,477,518,653,664,617
654,476,526,654,659,625
656,486,525,643,661,628
645,486,516,654,660,626
655,474,524,656,653,627
643,478,508,650,660,628
651,475,520,642,663,625
655,471,517,645,664,625
651,474,515,650,661,627
642,477,507,649,661,630
640,473,505,648,660,627
649,453,515,652,663,622
648,466,513,656,651,628
650,466,509,649,655,622
647,456,514,655,652,626
643,455,512,652,656,622
640,464,509,641,657,618
642,471,514,646,656,630
636,465,510,655,656,618
639,465,511,652,655,619
642,467,517,649,646,626
633,481,510,639,650,630
643,470,519,648,644,624
638,478,516,654,638,627
635,486,507,639,648,630
640,473,519,651,639,628
636,478,506,651,649,622
640,481,519,652,637,629
629,489,510,643,646,631
642,471,520,650,640,626
638,491,509,648,647,620
639,487,522,653,636,628
639,486,523,641,647,625
641,486,519,637,647,627
637,492,518,645,641,625
636,491,519,641,642,625
632,493,524,635,645,629
634,482,523,645,640,622
636,497,527,635,642,628
627,494,512,648,642,621
637,500,525,633,642,625
632,507,522,647,633,627
631,492,514,639,644,618
626,506,518,642,636,625
635,488,525,641,638,625
623,506,514,646,639,623
637,501,526,630,641,630
632,498,524,647,629,627
628,495,512,641,643,629
621,499,515,642,634,624
634,487,524,641,637,623
624,506,515,643,639,624
638,501,527,632,643,627
635,491,527,645,636,627
627,487,514,648,646,618
628,493,518,651,645,618
635,489,526,644,641,622
623,507,515,653,644,622
634,490,522,649,645,618
636,499,529,649,634,628
636,499,529,640,648,628
632,505,525,650,641,625
624,498,511,651,644,627
638,502,529,642,650,625
632,490,523,653,654,619
626,499,515,657,652,619
633,502,521,654,650,627
634,489,526,652,655,621
637,502,526,659,645,626
640,487,528,650,657,623
644,483,533,656,648,627
643,492,533,646,655,629
640,496,529,652,654,632
642,496,527,652,652,631
644,496,532,648,656,626
646,494,532,645,659,628
646,484,535,661,644,630
634,497,520,661,657,623
647,486,537,658,649,627
638,499,526,650,655,628
649,480,532,658,655,624
637,498,520,660,655,623
649,481,533,657,650,624
649,482,535,657,654,624
639,491,521,658,658,618
644,499,532,652,655,627
645,484,527,656,658,618
646,493,529,655,654,629
650,487,539,659,652,627
635,500,522,661,658,621
636,500,526,661,653,624
637,499,531,656,658,628
650,497,537,650,660,628
648,500,536,658,656,627
642,503,535,653,657,630
640,502,539,663,648,625
644,506,538,661,647,629
648,500,545,647,658,630
645,501,540,652,659,632
646,500,543,661,650,631
650,501,544,653,662,627
645,505,545,650,661,631
637,501,533,658,663,621
636,507,532,662,661,624
645,508,544,663,650,630
636,500,530,661,663,620
648,504,548,647,662,633
649,503,547,648,663,629
633,504,530,661,663,621
649,504,548,648,665,632
640,509,540,655,662,633
645,508,543,654,662,627
641,497,539,657,665,621
646,497,533,653,664,623
635,513,529,661,664,629
641,503,529,658,665,622
643,516,529,659,660,623
648,516,544,646,664,631
644,518,540,652,662,628
645,506,532,657,662,623
649,517,537,652,659,633
635,521,525,660,664,622
651,506,536,658,660,627
636,522,529,660,665,623
648,521,544,648,665,633
645,518,541,648,663,634
644,522,541,659,653,633
647,519,536,663,656,630
647,524,537,660,657,627
644,528,522,662,662,627
651,515,540,660,653,634
634,526,533,658,665,623
651,512,544,659,655,633
642,517,540,655,667,633
645,526,533,657,659,632
638,523,535,657,665,623
648,531,536,657,654,631
650,522,540,660,653,632
649,506,535,656,663,628
644,516,542,659,659,630
648,525,537,661,657,631
646,532,540,654,662,632
650,526,541,647,665,633
649,525,537,661,657,631
641,528,526,663,665,625
650,524,537,650,662,636
648,515,541,661,654,630
648,529,529,661,663,628
653,527,536,655,661,635
640,528,526,658,665,623
651,521,540,662,662,624
637,523,527,656,669,622
637,528,525,662,664,624
637,530,523,660,666,622
642,509,526,657,667,623
650,516,540,661,656,634
636,532,520,656,664,623
643,515,537,657,657,630
644,528,535,656,661,630
641,514,540,657,660,629
648,525,536,662,657,632
636,524,532,658,667,624
649,526,540,650,665,633
644,514,538,657,659,632
643,531,538,651,664,633
649,519,535,663,654,633
647,524,540,652,661,636
636,521,535,655,665,628
640,518,538,659,662,630
647,527,523,659,662,630
647,525,540,649,663,635
648,524,532,659,662,632
635,523,535,656,660,627
643,528,524,663,666,625
650,524,535,654,661,634
634,520,525,659,667,622
650,523,534,651,662,633
638,531,523,661,665,624
647,515,535,646,665,636
636,523,529,658,661,624
644,529,536,652,663,631
646,529,538,649,666,633
633,526,528,654,668,624
644,511,535,658,664,625
644,526,534,660,659,627
638,513,537,658,658,627
644,524,534,657,656,630
643,528,537,650,665,631
645,523,529,653,657,635
644,526,534,656,659,629
638,513,532,657,659,629
643,527,535,653,660,631
633,523,526,659,667,620
640,515,539,658,657,630
635,526,521,660,665,623
638,528,523,662,665,630
647,518,536,658,652,633
633,525,525,659,665,622
646,512,537,660,652,632
645,518,538,661,653,631
632,522,534,658,663,621
645,517,537,662,654,630
645,512,537,660,651,631
641,517,536,663,653,632
639,512,540,658,655,627
643,522,542,651,667,631
640,524,538,658,659,631
646,523,531,658,660,629
635,516,543,644,664,631
642,512,538,657,666,625
645,511,543,658,658,630
643,526,537,659,657,631
647,521,544,650,660,635
638,514,544,656,659,630
634,527,529,660,654,630
641,527,540,653,661,630
642,510,543,658,658,630
630,523,538,656,664,626
641,511,542,656,661,628
642,516,536,658,656,631
644,510,544,658,658,630
637,506,536,654,667,632
641,524,542,647,664,631
644,518,539,652,660,635
643,517,544,651,662,634
643,521,544,648,662,632
642,520,534,659,661,627
642,516,542,648,663,632
645,521,533,660,660,632
630,523,530,659,666,622
644,514,540,660,654,629
641,519,543,651,662,633
626,519,527,659,665,621
639,511,540,650,663,630
640,514,538,653,661,628
642,513,542,648,664,629
629,508,527,658,666,628
640,513,538,655,659,628
641,509,540,663,651,633
644,499,539,655,661,627
641,495,542,658,655,629
640,518,538,650,660,629
644,514,536,655,660,631
646,516,533,657,657,629
644,520,539,646,659,620
631,512,528,655,664,619
642,519,542,642,660,630
636,508,531,652,662,619
640,515,525,656,658,620
631,516,529,647,656,622
646,517,533,637,654,628
634,510,519,645,654,617
637,511,526,643,655,617
631,523,527,639,651,618
642,523,533,638,641,624
642,523,536,633,642,624
633,524,526,637,647,615
645,508,535,635,640,622
637,526,521,637,644,616
637,514,535,631,637,623
649,508,535,631,636,622
640,512,525,632,644,616
648,524,525,634,634,618
647,521,539,620,641,628
646,525,534,621,643,625
648,518,532,635,632,624
643,524,523,633,640,620
643,520,530,629,636,628
636,527,523,633,640,617
649,524,527,634,638,623
646,521,536,626,641,629
643,526,532,629,642,624
644,524,534,634,640,625
638,511,524,637,649,617
643,524,538,627,650,628
641,526,533,636,648,624
631,521,527,642,650,624
636,524,536,633,660,625
640,524,521,647,655,624
639,523,531,644,654,624
640,525,536,634,660,628
640,522,529,648,653,626
629,527,522,651,662,619
643,512,535,655,646,628
643,517,532,657,650,628
631,528,521,654,664,618
643,522,529,651,660,630
639,527,532,650,661,626
641,510,531,655,663,623
641,525,521,658,663,623
641,512,535,657,654,628
646,508,529,653,667,622
638,512,533,656,659,626
650,525,534,650,664,630
645,527,527,652,664,625
642,511,529,655,664,623
644,526,528,647,665,625
650,523,532,645,664,630
640,513,529,656,664,623
650,512,528,657,664,622
644,517,527,662,653,627
652,523,523,655,662,629
648,513,530,661,654,628
640,528,514,661,666,618
647,525,518,660,663,623
652,523,521,658,657,627
650,520,526,662,655,630
650,519,525,657,662,628
636,528,517,659,667,619
651,516,528,662,654,630
651,522,525,651,663,630
641,528,528,656,662,627
646,528,528,657,663,627
650,512,531,661,653,631
646,508,520,658,666,621
649,523,532,648,663,628
647,526,528,655,660,628
637,526,519,660,668,620
646,526,518,662,666,622
636,524,523,659,664,620
652,517,526,653,664,632
644,528,528,651,668,627
645,530,531,650,667,628
651,523,533,647,666,632
641,529,517,660,669,618
647,511,528,657,667,623
636,527,517,658,668,621
647,528,517,662,664,625
639,513,523,657,666,623
650,527,536,648,666,632
642,529,516,666,667,619
645,530,517,662,665,622
649,523,534,650,663,630
651,519,529,664,655,630
647,531,531,650,665,629
649,527,529,648,663,628
650,516,530,664,653,631
653,525,526,657,665,629
649,526,523,657,663,629
650,521,531,648,666,629
640,531,517,662,666,621
644,530,521,663,664,623
647,530,530,649,665,628
649,530,532,649,667,630
637,530,520,659,662,627
639,526,525,658,669,621
647,531,531,654,664,628
647,528,519,661,662,625
653,518,530,663,654,630
638,531,522,658,668,621
640,521,519,659,668,621
649,513,535,655,655,631
648,530,528,656,663,629
637,524,525,659,668,622
650,525,529,661,659,629
636,521,524,658,666,622
641,519,531,658,660,626
648,522,530,651,665,629
647,527,516,662,664,624
644,519,531,659,662,624
638,523,528,659,662,624
641,530,518,664,665,626
647,523,527,662,654,630
636,526,514,660,666,622
650,528,528,654,661,634
635,532,517,661,667,624
651,524,524,663,654,633
638,532,513,661,667,625
646,529,516,661,663,630
651,518,526,663,654,636
640,518,524,655,664,628
647,527,518,656,657,634
636,526,520,659,667,625
649,527,529,646,662,637
645,534,526,652,665,635
650,526,530,649,664,637
645,531,512,661,661,626
640,532,512,663,665,626
641,534,514,660,663,625
638,525,526,656,664,628
645,532,525,656,662,631
633,532,516,661,668,623
644,535,524,655,662,632
640,526,525,656,664,630
651,526,515,660,662,633
642,521,529,656,656,633
637,529,523,657,664,628
647,536,519,660,661,631
651,521,528,661,653,636
646,523,528,660,656,634
651,534,528,655,662,637
647,536,530,647,665,636
648,536,529,649,664,634
638,532,522,657,663,628
645,536,512,662,663,629
646,534,525,655,663,636
647,529,522,663,652,632
649,537,526,648,665,635
649,529,519,664,650,633
651,520,512,651,666,633
637,534,509,664,665,627
641,531,508,658,661,632
633,522,516,659,665,626
647,516,525,662,653,637
646,527,519,651,661,636
648,519,519,664,651,634
646,531,515,657,663,634
650,530,526,648,665,638
641,532,510,657,661,637
651,519,521,661,652,635
649,522,517,656,658,633
648,525,524,648,665,636
648,525,523,646,665,635
644,510,513,658,668,624
650,500,524,659,659,632
650,510,522,648,664,634
650,496,524,659,649,636
650,499,517,648,662,624
635,500,508,652,662,635
647,495,519,652,663,636
652,491,521,647,664,636
645,479,512,657,668,626
650,486,516,643,661,632
649,489,518,661,653,636
647,497,512,651,663,636
647,493,517,649,662,633
647,484,519,661,653,635
649,489,519,648,665,635
645,476,512,657,662,627
631,486,505,661,663,631
643,492,511,647,664,636
648,483,516,647,663,634
647,482,516,655,657,634
645,498,514,655,657,633
651,491,519,649,664,636
644,499,514,657,657,631
632,497,506,653,662,635
648,495,514,663,654,635
645,483,512,655,665,630
647,494,516,661,653,635
642,490,509,662,665,627
644,503,514,652,662,629
641,495,507,660,663,625
643,509,513,657,657,632
649,496,512,654,656,631
647,494,518,657,658,631
642,508,517,649,664,633
642,505,517,661,651,634
634,512,509,662,664,624
648,515,515,655,659,633
644,515,513,652,659,636
647,508,511,656,664,628
642,523,515,646,660,630
645,512,518,659,650,635
643,505,513,656,663,628
644,506,516,657,656,631
633,522,502,655,659,633
629,516,512,655,663,628
644,517,513,662,651,630
632,521,505,659,659,630
640,521,506,651,659,636
646,517,517,650,659,636
633,523,503,657,657,634
643,516,512,646,660,637
640,508,511,658,662,625
647,517,521,651,657,635
632,514,515,654,665,625
634,518,513,655,663,628
635,525,507,656,659,629
644,516,517,659,650,632
639,512,527,657,652,633
631,526,513,654,662,624
636,535,510,655,656,632
638,539,521,647,656,631
642,528,527,657,651,635
639,551,525,650,658,630
640,558,527,646,661,632
634,560,514,660,661,624
638,549,532,657,646,635
639,550,531,659,651,634
637,553,534,657,654,632
639,569,535,645,662,634
637,572,531,650,661,631
635,555,536,658,652,634
638,571,535,645,662,633
632,572,518,659,664,623
640,571,535,645,664,635
638,571,524,658,660,629
640,557,531,657,650,634
637,570,531,656,659,630
639,558,528,661,646,636
636,564,531,657,652,633
639,567,530,659,650,632
635,570,531,659,649,634
638,573,530,646,655,633
637,561,536,657,651,634
636,579,536,644,663,636
638,575,533,647,664,637
627,577,528,655,667,627
634,579,519,659,659,628
636,578,522,658,660,629
640,571,531,660,649,636
640,576,532,649,660,636
629,564,534,655,655,633
638,579,532,648,664,632
632,578,519,657,659,632
635,581,531,647,659,636
632,576,527,654,663,625
643,567,531,660,651,633
642,575,532,646,664,631
636,581,519,659,663,623
640,582,530,652,662,630
644,572,519,659,662,627
631,581,518,659,665,622
646,576,522,658,660,630
638,578,516,659,663,622
648,576,520,658,659,630
644,578,515,658,662,625
636,581,517,657,664,621
635,581,517,656,665,620
646,561,532,659,652,632
648,576,531,646,661,633
639,581,517,659,664,624
636,581,515,659,666,621
646,578,529,655,661,631
648,579,530,645,666,632
652,575,534,646,662,634
647,577,525,651,662,629
646,582,531,643,665,629
643,562,537,658,657,632
649,564,531,661,652,632
641,579,518,659,666,623
645,562,535,659,656,631
632,576,525,657,667,623
652,560,534,658,653,632
640,577,518,661,666,623
635,562,525,658,667,622
650,567,532,660,654,632
648,570,535,646,665,634
645,556,536,657,657,632
650,568,536,647,663,634
649,565,532,653,665,635
650,568,534,645,667,633
650,562,532,661,658,631
638,560,531,658,665,626
647,560,530,657,660,630
643,565,520,663,668,623
639,567,520,661,667,624
648,566,535,650,668,632
651,552,534,658,655,633
653,555,535,663,654,632
647,573,542,649,668,633
655,570,533,658,663,630
654,560,540,663,656,633
652,560,544,661,655,634
653,571,540,660,661,628
652,578,545,649,667,632
653,560,547,662,657,634
645,577,530,662,668,624
651,577,527,659,667,626
643,576,531,661,666,621
652,578,535,663,666,627
650,566,548,659,662,629
654,578,549,649,670,631
652,574,541,658,662,628
652,570,546,665,656,630
655,562,552,662,655,634
655,575,549,662,661,629
655,563,548,663,656,635
644,575,545,659,672,625
656,564,551,665,657,633
655,564,550,665,656,632
644,574,554,659,670,633
656,572,555,650,668,634
657,574,555,650,669,634
655,565,548,664,657,630
649,561,553,660,666,630
651,570,549,655,665,630
651,569,550,650,671,631
648,568,537,663,668,626
653,561,547,662,655,631
651,552,552,661,663,631
653,566,552,648,670,632
655,567,554,645,668,632
653,553,551,663,658,633
647,564,531,662,670,623
643,565,546,659,671,624
656,566,552,650,668,634
657,557,548,665,655,632
648,559,549,659,664,628
646,565,543,661,670,622
658,564,548,664,656,633
654,568,546,652,669,631
654,572,551,649,668,633
659,568,542,658,662,634
653,575,547,650,669,631
652,558,548,658,661,627
657,576,549,649,668,633
649,576,534,659,663,623
656,572,545,657,663,635
657,572,549,651,666,635
654,577,550,649,668,632
639,573,542,660,662,633
646,578,532,663,668,623
657,574,551,651,662,634
655,578,549,656,666,629
647,567,542,659,664,625
658,566,548,663,655,633
643,583,543,655,667,623
656,577,547,659,659,629
656,577,538,663,664,630
653,576,548,660,660,630
643,575,543,661,670,623
654,574,548,661,662,630
655,575,551,657,663,631
647,578,540,663,669,623
655,556,553,662,655,634
641,563,541,662,668,624
648,553,538,661,669,623
653,555,549,651,667,631
656,539,547,665,660,631
653,524,553,660,661,630
660,532,547,661,664,631
657,526,555,649,668,634
647,529,537,652,655,631
646,513,546,658,664,626
657,516,547,659,662,631
655,523,547,660,661,630
651,529,535,664,666,622
653,528,535,663,664,628
644,535,533,663,667,623
656,536,550,648,667,633
657,535,543,659,663,634
654,540,550,650,668,633
649,531,549,661,660,631
652,544,535,663,665,626
643,539,547,658,662,627
651,534,547,661,658,631
653,548,531,662,665,628
645,546,539,659,666,624
643,546,537,660,668,625
646,549,534,661,668,621
645,547,533,662,668,623
647,548,530,662,667,624
648,543,531,662,666,623
642,539,543,657,663,627
643,549,533,661,668,624
654,543,541,658,659,631
645,546,530,659,667,623
658,532,545,662,653,633
651,532,545,660,659,632
645,541,540,657,663,627
656,544,548,649,666,634
654,548,546,646,665,633
648,549,531,663,666,624
656,545,537,659,663,632
660,546,540,657,662,634
644,541,537,657,668,625
648,550,529,662,664,625
655,549,545,651,666,632
649,538,543,658,660,629
644,543,539,658,668,627
645,541,540,657,661,627
656,537,540,664,651,634
655,534,542,661,653,633
653,549,530,660,662,628
644,552,532,658,665,624
654,542,535,661,654,629
654,544,533,662,655,631
654,549,522,659,663,631
656,541,532,663,652,632
654,551,528,660,658,629
654,550,525,655,661,632
651,555,530,650,664,631
645,554,517,658,666,623
654,545,533,648,665,633
656,538,531,656,649,633
656,545,533,654,663,636
651,548,530,650,664,631
648,534,531,657,659,629
645,541,517,661,665,622
646,545,515,660,665,624
641,540,526,656,663,627
653,543,516,661,664,629
653,544,522,658,661,629
658,540,527,657,663,632
652,541,528,658,653,628
644,536,529,658,665,633
655,521,530,661,653,633
653,535,519,659,663,627
649,533,519,659,661,629
645,520,529,656,660,629
656,525,531,648,663,635
650,517,529,661,652,632
654,521,522,658,659,630
656,509,531,661,653,633
648,520,528,648,666,630
653,505,527,660,654,632
643,505,511,657,662,629
645,512,511,658,663,632
654,493,524,656,660,628
644,500,513,657,668,624
652,503,522,650,657,630
644,503,522,655,663,632
648,502,519,656,653,632
646,494,513,655,663,631
656,485,519,646,666,633
649,486,515,655,658,632
654,479,515,647,655,631
648,480,509,659,652,633
649,461,511,658,666,624
650,474,511,656,654,633
647,461,514,657,655,632
651,469,509,660,652,632
652,455,512,654,664,626
652,450,507,655,668,623
653,454,511,653,663,628
649,457,507,655,659,630
644,460,506,658,657,631
651,448,508,654,664,623
649,453,509,647,662,628
642,462,501,646,663,634
650,447,507,656,667,623
642,464,504,644,664,634
648,453,510,655,666,623
644,467,506,644,663,632
644,464,510,642,664,632
642,467,504,645,662,633
631,470,503,646,660,634
648,458,510,653,664,620
647,456,508,657,662,622
640,459,510,658,661,619
644,478,507,657,649,633
644,463,509,658,663,623
642,463,504,658,658,620
643,480,512,652,657,631
647,476,514,646,661,631
649,477,509,648,661,630
647,477,517,647,661,633
642,474,518,661,649,635
650,464,517,658,655,631
645,474,513,656,655,628
647,476,519,647,661,633
649,461,517,657,657,630
646,465,518,660,649,632
634,473,504,657,660,631
644,463,509,645,663,633
650,447,516,656,654,631
642,458,509,648,661,632
646,456,511,662,651,630
647,450,511,659,651,631
639,448,498,649,660,634
652,435,511,651,663,630
651,433,504,648,662,630
648,427,497,660,653,630
640,427,483,647,661,632
647,423,487,662,651,632
647,406,488,661,666,621
651,419,491,656,658,629
641,425,481,647,664,634
649,420,490,658,653,629
648,420,483,662,652,632
652,418,484,653,660,630
645,415,479,647,666,633
644,401,474,660,663,622
637,414,468,657,660,633
644,405,482,657,659,626
647,407,479,657,659,629
648,407,475,648,665,631
642,408,474,647,663,632
641,398,466,660,662,625
636,409,464,656,660,634
646,413,473,663,652,633
636,412,460,654,658,632
650,406,478,656,663,627
649,413,478,654,660,630
647,418,475,658,653,632
637,415,463,658,660,629
645,417,476,661,651,633
649,413,477,656,659,630
642,406,471,660,664,621
644,419,475,661,652,633
644,418,476,659,648,632
644,404,473,662,658,624
647,417,478,658,656,630
636,421,465,655,659,630
637,412,466,660,658,625
650,417,480,659,658,629
648,411,481,656,656,629
645,418,475,662,651,633
645,419,475,660,651,632
649,413,478,658,655,630
637,417,465,654,660,636
651,402,479,658,665,623
641,416,474,660,651,634
636,407,462,659,660,631
651,408,477,649,664,632
646,396,471,660,665,623
648,396,476,657,662,623
645,411,472,661,653,633
649,402,477,646,665,632
645,394,470,662,663,623
645,410,471,660,652,633
650,404,471,658,657,628
640,405,467,649,664,633
639,403,467,661,651,633
648,398,472,654,661,629
641,381,462,661,666,622
648,391,468,656,661,628
647,396,459,659,653,631
648,396,466,648,667,632
635,401,451,652,661,629
642,396,461,647,665,633
635,396,454,654,660,634
645,397,464,659,649,633
647,378,464,659,666,622
648,376,463,660,666,621
634,396,452,654,662,633
634,389,451,658,661,632
648,384,466,654,655,629
633,396,451,657,659,631
633,395,455,652,660,634
639,393,459,648,663,633
635,379,448,656,659,627
635,380,450,662,663,626
645,382,458,659,660,629
638,391,452,647,663,634
646,388,460,657,655,631
642,393,457,663,651,635
634,390,448,657,664,635
642,394,461,659,653,633
644,379,466,657,663,626
646,391,466,651,662,629
641,397,461,662,651,633
635,396,458,649,662,634
633,398,452,653,662,635
635,400,457,646,664,636
647,399,469,649,663,631
640,390,462,660,663,625
640,395,463,661,665,623
634,410,458,659,662,631
645,410,474,657,658,630
643,425,471,662,650,634
627,426,464,656,660,631
647,427,480,647,664,632
643,430,475,648,666,635
649,429,476,648,663,632
646,436,482,661,664,622
643,459,481,647,664,633
643,468,483,660,649,633
646,477,493,658,656,629
644,490,490,661,653,632
638,498,484,660,661,630
642,515,498,660,651,632
644,518,498,662,650,632
646,503,505,659,662,621
635,530,495,657,661,630
637,530,502,660,660,624
638,538,498,658,659,631
646,542,516,646,661,631
635,539,513,658,662,626
641,538,518,658,662,629
648,548,520,651,660,634
642,554,522,645,659,631
643,556,522,653,661,630
647,542,526,662,650,633
636,555,520,656,665,622
647,557,529,647,666,632
646,557,525,658,659,627
649,556,525,652,663,634
654,555,523,655,663,633
650,550,521,661,655,631
653,553,522,653,663,632
644,545,527,658,664,628
652,551,531,648,667,633
653,536,526,662,656,631
640,542,524,660,668,624
648,549,527,653,669,630
651,543,523,661,662,629
646,545,512,662,666,624
637,546,512,661,670,618
644,544,513,662,670,622
651,527,529,660,659,631
646,530,527,658,663,629
654,536,523,654,667,632
657,529,526,651,665,629
651,528,529,648,670,627
654,528,524,652,669,630
653,527,526,657,667,625
651,513,527,658,660,626
655,521,519,658,667,624
655,524,532,648,669,624
655,520,525,657,661,621
655,512,525,657,657,623
650,505,523,658,671,616
654,516,532,649,670,622
648,504,521,658,673,613
653,518,525,649,667,623
647,515,515,660,671,613
648,514,515,661,672,613
654,504,529,659,662,622
643,496,521,659,673,613
650,507,524,658,664,620
641,506,514,662,670,613
652,507,524,665,663,620
653,492,525,656,668,615
653,503,528,663,658,622
657,507,528,650,671,621
655,494,527,659,664,620
648,506,518,657,670,622
649,499,526,647,665,621
646,500,515,659,670,614
653,508,525,653,668,626
655,508,527,653,670,621
644,510,514,662,671,616
658,496,530,658,665,622
647,499,520,658,673,614
660,510,525,655,667,623
656,498,528,657,671,618
655,500,532,660,663,624
660,510,532,648,669,623
657,506,532,649,670,626
661,499,531,659,664,623
661,512,520,659,668,623
646,516,522,659,673,617
654,519,515,663,671,618
659,510,530,661,660,627
663,504,532,660,663,626
647,520,518,660,671,614
657,518,531,649,671,625
660,506,527,660,666,622
655,519,516,664,669,620
655,508,523,659,673,618
661,517,524,657,668,627
659,517,521,659,667,625
661,517,529,651,669,626
658,519,524,660,665,620
656,520,529,648,672,628
659,518,524,656,667,629
657,522,514,663,671,620
655,518,523,661,662,626
660,505,527,663,659,626
660,515,525,657,668,630
660,514,524,657,667,629
657,519,527,655,670,628
647,515,520,659,675,619
647,522,514,662,673,619
656,520,526,654,668,625
648,519,519,660,673,619
655,521,529,651,672,629
662,518,512,661,658,628
656,520,527,652,672,627
656,521,523,655,668,627
659,504,526,659,662,629
663,506,527,660,664,629
657,518,524,659,667,627
660,515,520,659,668,630
645,515,518,660,672,620
655,512,523,665,660,629
647,514,520,661,672,620
647,517,513,663,669,625
656,513,513,663,669,624
654,513,524,652,670,629
661,504,525,649,671,630
653,499,516,659,667,630
651,480,516,660,669,624
647,491,506,664,667,624
649,500,508,657,666,632
652,483,513,662,669,622
658,494,522,651,666,631
657,484,522,662,660,629
659,494,519,652,668,628
647,483,506,659,663,627
651,480,512,662,669,618
647,493,510,655,665,630
658,481,518,650,672,630
652,493,517,665,655,630
652,488,516,657,666,630
657,485,517,660,665,629
647,484,507,663,667,623
661,487,522,649,666,629
656,475,522,664,659,629
657,492,519,656,666,627
649,486,508,663,667,624
656,486,519,662,659,632
654,480,512,661,669,621
654,489,516,661,662,628
657,491,520,649,667,631
654,493,514,657,667,631
655,492,513,659,668,631
656,488,518,663,656,631
655,493,514,656,667,629
654,498,514,658,667,629
655,481,513,659,667,626
653,479,518,661,654,633
649,494,514,649,667,634
641,484,499,666,668,623
637,501,498,655,666,634
636,497,492,658,663,632
648,482,499,652,664,631
646,470,491,657,659,634
643,474,485,660,651,630
640,457,474,659,657,624
638,470,476,643,655,632
642,453,482,650,652,622
636,469,483,650,634,630
636,476,485,647,628,633
639,465,488,643,638,622
637,482,493,640,628,629
639,483,496,635,627,625
636,490,496,638,623,630
635,499,494,627,627,632
635,489,499,633,628,621
621,508,490,634,621,629
624,513,489,637,621,628
632,495,504,635,625,619
633,509,507,626,626,628
635,497,507,632,623,620
635,503,509,633,623,625
630,514,509,630,620,627
632,510,508,627,621,627
617,512,508,626,622,629
628,511,506,632,615,628
624,515,508,636,613,630
617,505,494,636,622,627
625,511,511,622,627,631
616,509,493,630,620,617
620,499,492,636,625,627
618,514,496,639,625,627
630,513,506,624,629,631
630,500,510,637,632,622
624,500,502,640,627,623
627,516,504,640,622,629
624,514,496,639,632,632
629,516,511,640,631,630
631,505,513,645,622,632
629,516,509,646,623,632
629,516,513,633,639,633
626,503,505,646,641,625
625,506,505,649,642,627
637,514,511,636,645,634
632,520,501,644,639,632
634,515,513,652,635,633
636,522,516,634,645,635
635,526,522,637,648,634
633,522,507,649,642,634
638,519,522,654,638,634
643,527,524,648,647,634
636,538,514,656,652,625
631,544,520,653,657,624
639,533,536,653,650,630
641,548,536,645,658,632
642,549,522,655,656,627
650,531,539,656,643,635
635,544,534,655,663,625
642,549,528,660,659,628
644,539,542,655,658,628
645,543,542,651,657,635
646,549,547,645,663,633
637,546,536,655,661,621
644,532,546,660,650,635
645,532,549,658,656,633
650,533,544,655,660,630
642,544,529,660,663,622
650,541,546,643,650,629
652,523,543,660,651,635
651,531,544,645,661,637
649,527,542,647,665,635
642,523,536,653,664,629
652,528,543,644,663,636
646,528,526,659,663,626
643,518,541,657,658,631
645,513,543,658,654,635
643,520,535,655,664,629
644,522,534,655,660,630
649,520,534,653,659,631
638,518,530,658,666,625
648,508,522,661,665,626
645,511,533,661,652,634
651,508,537,647,664,632
648,508,534,662,648,634
648,515,535,645,665,630
652,509,539,647,667,635
649,515,536,649,665,632
647,501,531,656,667,627
647,514,536,649,665,631
641,502,527,656,665,625
652,501,540,656,656,634
652,508,538,661,651,635
649,513,539,647,665,634
653,510,540,647,664,636
649,516,526,663,664,626
652,506,538,648,660,631
649,498,538,656,662,630
638,515,523,658,666,623
652,497,541,656,657,636
649,499,535,656,663,627
644,503,525,659,667,624
651,503,540,659,656,634
653,491,540,654,660,632
652,505,539,648,663,635
652,493,539,659,654,635
647,501,534,654,661,632
648,493,529,654,658,632
650,481,531,656,663,628
651,499,532,658,653,632
649,494,538,657,665,634
640,489,524,658,667,626
647,500,532,657,653,635
648,501,534,663,653,626
649,503,534,659,653,632
651,488,537,655,662,630
650,487,536,656,662,631
653,501,539,648,663,637
641,507,525,660,662,628
648,505,534,660,655,633
647,504,539,649,663,637
646,507,535,659,655,634
644,500,525,657,668,624
646,506,536,649,664,632
647,509,536,662,652,634
640,509,528,659,661,633
644,508,533,655,661,634
643,509,532,655,662,634
645,506,534,657,657,635
647,505,540,646,663,637
653,505,541,647,665,636
638,502,526,659,664,624
641,508,529,656,662,632
648,502,540,658,663,632
653,507,540,646,664,636
649,507,537,662,653,635
648,491,535,655,662,629
639,494,539,657,656,634
652,496,540,647,665,633
650,508,539,647,666,633
648,510,536,651,661,636
646,512,538,662,653,633
641,509,524,660,664,623
648,517,525,657,660,631
647,501,531,654,661,624
648,515,534,656,653,631
654,515,540,649,658,636
650,514,540,644,660,634
652,511,540,657,646,634
652,510,540,657,646,633
651,517,527,655,652,628
647,521,525,657,654,626
649,520,540,642,657,631
649,519,534,651,650,630
648,521,538,643,649,632
645,521,538,639,652,632
644,520,537,641,649,630
650,516,540,643,648,622
650,506,537,645,641,629
637,516,531,644,647,633
649,505,537,641,639,628
647,517,539,632,641,634
636,523,524,640,641,628
636,515,530,640,640,622
647,499,533,634,642,625
641,520,521,642,639,622
647,504,529,635,632,622
636,524,518,638,636,619
637,524,525,636,631,627
647,523,530,621,635,626
640,526,516,634,632,621
650,510,526,629,632,623
648,519,515,632,632,620
651,524,528,617,632,632
651,515,527,623,632,632
648,525,527,626,629,628
646,528,517,629,633,619
652,518,525,626,621,629
638,530,517,629,633,619
648,525,517,632,630,624
652,510,531,634,631,622
652,519,527,632,623,629
652,520,527,626,628,629
637,528,517,630,633,620
652,523,530,624,630,632
642,526,515,631,634,618
649,523,519,633,635,625
647,511,523,628,631,622
648,525,529,620,633,627
647,522,516,631,630,626
644,516,528,627,630,629
652,512,532,625,627,629
646,528,526,623,631,626
640,523,520,627,632,617
651,512,523,627,636,620
652,511,529,628,628,626
654,521,528,619,633,633
654,523,531,619,632,631
650,523,525,630,635,622
649,525,527,633,634,621
647,511,529,628,630,632
647,512,523,627,635,619
644,526,515,631,636,631
649,508,526,628,632,622
650,510,515,629,633,621
647,524,525,627,630,627
643,513,527,627,635,630
650,526,526,627,631,623
652,523,518,630,632,626
641,520,522,628,632,626
653,516,526,629,624,627
642,513,526,628,630,626
650,520,530,619,633,631
642,521,523,628,633,620
647,524,515,635,633,621
651,510,525,628,631,622
654,521,532,615,630,630
654,512,526,633,622,629
647,513,526,630,629,622
654,510,527,629,629,627
643,527,512,632,624,628
647,524,510,625,630,631
649,524,511,629,635,618
656,522,524,625,633,632
648,518,511,628,630,627
648,514,524,627,629,625
651,524,520,627,630,626
652,525,525,619,633,627
655,512,522,634,622,628
654,523,521,628,633,623
650,523,526,617,637,630
651,525,521,629,635,620
639,525,507,632,633,621
649,521,527,625,632,628
651,525,522,625,629,621
654,528,517,630,637,619
652,522,526,617,634,630
643,526,511,634,632,623
657,523,516,628,632,628
638,524,512,630,635,618
653,517,520,630,623,626
641,522,526,621,633,628
652,526,524,619,635,628
643,524,516,627,634,618
643,524,514,630,636,617
649,527,528,631,628,626
644,524,519,630,635,618
655,523,512,622,632,630
653,524,521,632,627,627
654,512,521,634,633,622
649,529,523,621,633,626
643,527,512,636,637,618
653,526,526,620,635,629
652,527,527,620,635,628
648,514,525,628,627,624
654,524,513,618,629,626
656,517,525,623,624,628
643,523,516,629,635,616
644,522,524,627,635,623
656,524,527,620,634,630
655,516,523,634,623,627
647,513,526,618,635,628
654,522,527,617,635,628
656,524,523,620,631,628
654,515,523,631,636,625
652,527,527,618,637,627
654,517,528,620,633,629
642,526,512,629,635,619
650,527,512,627,631,617
648,524,512,632,633,621
651,526,525,624,635,624
645,527,512,633,634,620
650,516,523,634,622,627
655,513,526,628,622,628
653,525,515,632,633,620
650,526,524,620,636,625
647,515,511,632,632,624
647,525,523,627,630,625
643,528,512,617,635,628
645,528,509,631,631,624
647,512,522,626,623,628
643,518,523,628,632,623
656,507,527,625,627,626
655,513,523,633,620,628
657,521,524,625,630,629
647,512,529,630,636,622
638,520,522,627,636,621
653,525,528,634,622,630
652,526,510,619,635,626
651,521,522,620,635,627
646,521,512,634,635,619
653,524,527,618,633,628
650,525,525,622,635,626
654,525,525,620,637,627
651,524,522,630,630,624
647,523,511,627,635,625
656,518,526,623,636,625
644,522,512,629,640,618
653,510,522,627,632,624
643,512,511,631,633,623
655,512,528,617,638,630
642,515,512,631,635,624
656,511,528,620,637,627
655,514,526,619,640,625
645,501,513,632,641,617
644,504,512,632,638,621
657,502,525,619,641,626
656,496,523,632,633,626
656,504,519,616,642,624
652,503,524,634,629,625
650,493,517,625,641,615
656,499,525,633,629,625
649,492,518,629,645,624
640,506,516,633,643,620
655,505,528,636,632,627
640,505,511,630,642,622
657,499,526,619,644,627
644,495,520,629,645,616
655,494,527,629,640,622
655,508,526,622,643,623
655,500,515,632,643,619
652,507,527,636,632,624
653,490,521,629,641,619
643,507,517,633,645,618
656,505,533,619,645,626
653,508,532,619,645,627
644,511,517,631,644,621
654,508,529,624,643,627
645,500,515,632,647,615
654,503,530,633,634,628
658,499,531,632,633,627
652,509,527,624,642,624
654,499,530,635,633,626
650,507,526,627,643,625
651,508,528,633,633,626
655,507,527,625,645,624
654,508,527,628,641,624
652,494,523,629,647,618
642,497,515,634,642,615
653,508,527,633,637,623
657,496,532,632,635,626
652,510,524,629,637,623
654,507,529,623,643,623
656,497,528,628,636,626
654,512,526,637,636,625
653,504,530,634,632,628
658,506,528,621,646,626
651,508,532,620,644,625
653,495,525,629,645,620
657,497,531,630,638,624
657,506,531,618,646,628
654,510,525,624,643,627
655,507,530,633,634,627
656,510,529,621,648,623
651,510,522,629,643,624
651,511,528,627,644,629
657,510,524,621,644,629
646,504,515,632,647,616
657,508,530,621,647,626
653,509,524,636,631,624
654,512,529,626,647,627
651,496,519,631,648,617
648,508,527,626,644,620
663,508,531,620,644,627
657,506,531,620,647,627
653,500,524,635,628,627
650,511,523,632,634,625
657,506,529,633,633,628
652,512,526,626,645,623
656,495,527,630,644,622
643,511,514,634,644,621
657,509,531,619,647,625
644,511,514,634,645,618
653,508,531,622,645,630
643,506,514,633,646,616
652,511,523,626,641,628
653,513,525,632,641,625
643,513,515,633,647,616
654,496,523,627,642,623
647,512,513,634,646,617
654,512,525,633,639,624
649,515,527,625,645,625
652,502,526,626,643,630
659,507,529,619,645,627
648,513,515,635,645,620
655,507,528,635,633,626
655,509,528,622,646,625
645,513,514,633,647,616
658,511,530,619,646,626
655,510,528,635,632,628
653,514,529,625,645,625
648,501,518,632,647,616
654,499,523,629,649,619
652,496,525,629,646,621
654,513,530,619,647,627
644,517,516,633,648,615
644,514,516,631,647,617
657,511,531,625,644,628
651,514,529,635,647,618
654,515,528,623,642,623
658,511,530,613,644,626
652,516,526,627,643,622
646,503,526,628,646,622
655,502,529,630,642,623
657,513,532,621,647,627
650,518,516,636,647,618
656,511,531,633,634,625
648,514,528,631,646,621
657,519,521,631,644,621
654,521,518,633,642,621
651,512,528,630,644,620
654,527,528,630,640,624
660,531,525,630,643,625
653,535,532,630,644,623
654,534,528,633,637,625
656,531,541,634,638,626
646,530,543,631,646,624
654,539,537,630,646,627
642,537,540,633,648,618
651,537,543,635,641,624
652,542,553,624,649,628
634,538,550,633,649,621
642,552,541,637,655,617
645,540,555,634,643,620
649,538,560,637,643,625
648,552,545,641,651,620
649,547,559,627,653,626
645,536,562,637,644,624
642,539,559,636,648,623
648,549,559,638,646,624
648,542,559,640,652,619
642,523,551,636,651,618
639,518,551,637,656,619
641,514,552,638,651,621
654,515,556,629,650,629
649,515,558,625,654,627
653,490,556,638,646,627
654,493,555,637,648,624
654,502,554,627,652,629
640,496,537,643,651,619
654,496,546,629,655,626
647,497,542,636,649,627
652,491,543,629,653,625
653,481,542,641,641,628
643,484,524,642,655,617
644,476,527,639,655,619
652,489,521,636,652,625
654,488,536,629,654,629
653,482,533,638,652,624
643,501,516,640,655,617
641,503,516,641,656,617
648,508,527,629,655,627
655,509,528,639,644,627
649,506,525,629,651,629
642,517,519,637,652,622
644,525,512,639,653,623
656,523,519,632,651,629
651,529,505,630,650,626
651,529,512,641,648,627
645,528,516,632,652,625
642,531,501,641,652,623
652,515,517,642,641,628
655,526,512,627,652,627
653,518,512,643,641,627
654,516,512,640,642,628
649,519,512,636,644,630
653,523,513,629,655,627
653,517,507,627,654,629
636,513,507,642,653,619
657,513,510,630,654,628
653,516,512,641,641,629
643,512,500,638,650,631
655,511,514,625,654,627
644,517,513,629,653,624
650,500,508,639,653,617
650,509,506,642,636,627
643,508,515,624,654,627
649,504,509,636,646,626
652,502,510,637,647,625
641,500,497,633,650,625
654,496,509,634,644,624
656,502,510,636,646,625
642,501,497,636,650,624
651,508,509,637,641,628
645,508,502,627,651,629
651,503,510,635,645,626
652,500,509,623,655,627
641,496,496,635,651,626
651,492,510,634,646,625
650,493,507,624,654,628
646,495,507,621,655,627
657,485,510,633,653,621
653,483,508,633,643,626
650,476,508,628,651,624
657,461,504,631,656,618
646,472,493,624,653,630
656,455,501,632,655,618
650,468,498,635,640,627
655,464,502,634,647,626
654,460,500,630,644,625
649,460,502,632,653,623
647,469,496,625,651,628
656,448,499,633,652,619
651,453,501,636,655,617
656,458,503,632,651,623
647,453,502,632,653,617
652,462,502,632,650,623
641,459,490,637,652,627
655,461,505,630,651,622
651,464,501,629,645,626
637,464,488,634,649,628
652,466,502,638,641,627
644,469,496,630,652,630
643,458,494,636,650,623
652,460,507,632,646,624
656,460,509,625,656,628
650,459,501,639,655,619
649,465,504,625,653,628
656,451,512,623,649,626
653,459,510,635,650,625
647,459,507,640,644,627
643,451,496,641,653,621
648,461,505,642,641,629
650,451,506,636,637,630
653,454,509,639,646,626
652,440,508,638,655,618
652,456,510,640,646,627
655,443,510,638,657,617
651,454,512,628,648,627
650,456,512,644,643,627
640,449,500,643,652,626
640,459,506,636,652,631
640,450,504,643,652,622
649,459,520,634,651,630
646,461,514,641,651,629
648,460,520,636,652,630
651,449,523,645,646,627
652,465,513,645,649,628
653,456,521,636,653,628
642,464,512,645,648,626
653,451,524,648,645,628
649,462,520,654,642,628
651,464,521,646,651,627
650,461,524,652,642,628
643,465,512,654,653,626
653,463,524,646,654,630
638,464,514,655,656,622
651,466,525,651,654,625
649,465,525,659,649,629
651,451,524,651,658,622
652,450,527,653,660,623
649,469,527,654,652,627
641,465,517,657,664,619
643,466,520,658,661,625
643,467,518,659,663,619
655,470,535,649,662,632
650,469,531,652,660,627
652,470,531,661,656,627
644,469,519,659,663,619
651,469,533,662,653,630
654,454,536,656,663,627
657,455,536,657,656,627
652,467,535,661,655,629
653,469,532,650,666,627
651,472,531,657,660,627
657,459,536,658,657,628
655,472,532,652,663,620
652,469,537,648,665,631
653,472,534,661,666,620
648,471,535,653,664,631
654,473,532,652,663,632
659,471,536,647,664,631
644,475,520,662,665,622
657,466,537,649,665,631
657,472,535,651,666,628
649,463,522,659,668,619
658,462,537,658,658,629
655,476,533,648,667,629
655,465,531,657,666,623
655,463,532,657,662,627
656,477,537,647,668,628
644,478,520,662,666,620
645,484,521,662,666,622
659,474,538,661,655,631
660,473,536,658,661,628
654,492,532,655,665,628
657,490,534,649,667,628
650,480,525,658,667,622
650,494,530,659,657,629
644,495,517,661,666,623
649,495,524,656,662,628
656,495,530,652,664,628
642,497,517,662,663,624
645,497,514,660,665,623
657,485,525,656,664,626
646,502,513,657,662,630
658,498,521,644,664,631
647,493,504,658,662,629
648,493,505,663,662,625
653,486,518,658,657,628
653,489,511,661,664,622
659,499,519,647,664,632
647,502,503,654,662,632
649,506,509,647,661,633
657,496,517,659,654,631
660,504,513,651,659,632
658,498,514,661,649,631
658,490,514,660,659,629
660,505,518,649,660,633
657,508,513,647,660,632
641,512,503,653,658,636
658,505,517,660,650,631
658,501,516,658,652,629
658,500,514,656,656,626
655,514,515,646,659,629
654,500,510,660,647,630
653,501,511,657,656,621
646,510,516,644,653,630
651,518,516,645,648,629
653,504,517,654,636,630
653,513,521,655,636,628
653,510,521,658,632,632
647,514,514,645,641,629
650,516,516,647,637,629
651,517,516,652,636,627
650,517,522,640,641,635
645,521,521,639,641,632
635,518,510,652,640,625
648,516,524,637,641,632
635,522,507,650,638,628
643,515,522,648,634,630
634,525,508,650,638,627
643,527,522,640,642,631
637,527,509,649,637,628
633,522,512,649,643,622
630,528,510,650,637,629
635,528,511,642,635,634
639,512,517,649,639,625
640,524,525,640,640,632
645,512,525,652,629,633
647,517,521,653,632,630
640,514,511,644,638,634
639,527,509,651,639,627
647,522,518,647,644,630
642,521,521,651,638,631
639,523,524,653,646,632
643,527,509,652,642,632
646,517,521,655,633,633
647,516,522,656,633,633
632,527,509,652,645,635
646,522,513,649,643,632
637,519,520,652,647,628
644,522,515,658,645,630
645,525,510,651,644,634
643,525,511,649,646,634
634,520,512,655,652,623
644,518,514,656,649,629
647,516,523,648,657,632
644,518,510,654,653,632
653,505,521,655,660,626
649,518,512,651,658,633
648,518,524,647,665,632
653,497,521,657,659,631
653,512,526,648,665,632
645,515,511,659,663,628
652,501,523,658,659,627
643,514,513,660,668,620
653,515,512,658,665,630
656,509,526,662,655,630
654,519,527,648,668,629
653,519,526,649,669,628
642,518,514,660,665,623
643,520,514,658,670,618
648,520,513,661,663,617
654,521,523,654,668,620
652,516,512,658,665,628
661,516,524,654,666,629
654,517,522,662,661,625
660,507,517,659,666,628
660,516,531,653,664,632
656,515,524,662,660,626
656,521,513,660,667,624
656,519,522,658,664,625
662,515,525,656,666,627
662,516,526,662,660,629
660,514,522,665,661,626
659,522,521,656,665,628
658,525,512,663,668,621
656,528,520,651,667,626
654,525,511,656,661,627
647,528,513,661,665,620
661,528,527,648,668,631
656,524,527,649,670,631
661,531,528,649,669,629
660,527,519,655,662,630
662,531,517,664,655,632
656,530,523,659,659,630
658,536,529,649,669,631
661,531,521,659,660,628
659,537,526,650,665,630
658,533,523,655,661,629
661,534,521,658,663,627
656,524,526,659,661,629
660,532,526,654,664,634
657,535,520,659,663,629
648,531,517,659,671,624
660,526,520,659,662,625
662,529,526,652,665,636
660,532,511,654,662,634
657,534,520,653,665,630
662,518,522,662,654,633
658,535,518,657,666,625
660,535,511,653,663,631
661,520,524,663,655,633
657,535,522,655,664,630
657,533,512,663,665,625
651,537,510,662,664,628
650,539,511,662,659,628
658,521,525,662,657,631
648,531,519,659,664,629
656,537,512,654,664,630
658,537,523,658,663,630
650,534,518,656,667,622
664,534,528,648,664,633
650,537,511,661,664,628
657,537,524,653,667,628
649,538,512,661,669,621
656,521,528,662,657,630
657,522,526,660,659,630
649,534,512,660,668,621
656,523,528,659,661,630
658,538,523,656,662,629
656,536,512,659,662,632
653,537,511,660,664,633
662,535,529,657,665,626
658,540,512,663,667,622
659,521,527,660,654,631
650,528,524,657,662,629
663,536,524,649,661,633
657,532,525,658,663,628
658,540,525,649,666,630
650,536,517,660,668,621
664,525,527,659,659,628
657,540,528,656,663,630
657,540,525,652,653,630
649,537,520,660,668,624
656,540,517,657,664,627
661,522,524,665,655,632
652,540,511,657,662,629
657,524,526,663,655,632
642,528,521,660,662,626
657,533,522,663,655,629
657,536,523,654,663,634
643,536,516,659,662,632
645,541,510,661,665,624
651,540,508,658,662,633
654,535,518,661,658,630
653,541,522,650,667,630
643,536,513,655,665,622
656,525,519,665,649,629
650,539,506,654,663,633
655,535,515,658,659,631
644,541,514,649,663,633
654,537,510,650,663,633
656,537,520,650,663,634
654,540,517,646,662,630
652,526,515,660,654,631
655,540,503,655,660,630
648,541,516,647,661,632
655,528,517,660,651,631
657,523,516,662,649,632
654,545,517,658,663,619
656,546,506,654,657,632
658,544,519,651,651,627
647,550,501,658,656,617
657,547,512,658,647,624
658,547,516,647,653,626
649,540,513,655,646,621
659,535,517,659,634,629
645,545,500,658,641,615
656,548,508,642,643,625
654,537,516,654,636,621
653,554,506,647,637,623
652,540,516,650,636,620
652,553,503,651,636,622
648,542,516,650,633,622
653,536,519,653,626,625
653,551,513,651,640,620
657,550,517,646,636,626
654,541,516,650,631,623
648,543,516,650,636,619
654,553,514,654,627,626
655,555,508,643,638,626
644,553,511,653,640,614
654,541,519,653,629,624
655,541,520,651,628,625
654,558,517,640,627,625
655,555,515,649,634,622
651,556,522,639,639,626
648,548,518,650,635,621
657,541,520,653,629,624
656,556,510,646,636,627
647,557,505,650,635,623
657,549,515,649,636,626
658,542,519,653,625,626
660,556,516,645,638,625
654,557,521,639,637,627
657,556,516,649,635,628
656,556,515,653,631,624
645,559,505,647,635,625
645,560,506,652,636,622
656,557,520,639,640,623
655,557,515,650,639,618
655,549,514,654,632,622
645,554,512,649,642,615
645,555,512,647,639,618
658,549,512,649,637,623
654,555,520,637,640,625
654,540,520,652,628,626
657,541,516,653,624,626
655,557,511,641,638,625
648,558,505,647,634,624
658,542,517,652,626,626
656,554,510,640,638,628
648,559,504,651,636,622
653,541,519,650,629,626
638,559,510,653,639,617
657,554,512,653,640,616
655,554,519,638,638,628
657,552,520,642,638,628
644,559,497,652,637,622
659,554,514,645,636,628
658,555,519,639,641,626
646,558,500,652,636,619
654,558,513,649,643,615
649,548,517,647,636,621
647,553,506,650,638,622
658,548,519,639,639,628
656,543,518,652,626,628
654,560,518,642,640,624
648,559,505,650,638,624
659,549,516,653,627,626
654,558,519,636,641,627
657,552,519,638,640,627
648,547,515,648,637,624
650,558,503,646,637,624
660,542,517,652,630,627
646,557,504,651,639,620
661,541,515,653,628,628
653,555,502,647,636,624
654,558,514,644,638,623
653,552,511,651,630,623
653,558,518,649,634,624
654,546,512,653,630,625
655,559,516,637,642,624
656,553,516,638,640,626
658,557,515,637,642,626
654,556,515,645,641,621
656,551,518,637,641,625
659,550,515,643,639,627
659,547,516,642,641,627
657,533,519,653,632,620
653,545,517,641,645,623
654,541,513,647,642,622
657,531,517,646,643,627
658,530,512,646,640,626
658,517,512,650,633,617
656,524,507,652,631,626
656,524,508,649,642,623
659,516,508,649,628,626
656,527,511,649,641,624
660,524,510,639,647,626
660,524,502,640,645,628
658,519,505,649,636,623
659,512,510,651,637,622
653,516,512,649,648,617
651,527,498,652,644,619
645,519,510,652,646,615
659,512,511,650,635,624
651,528,513,650,637,625
652,511,500,651,640,617
656,520,514,639,644,626
654,502,507,653,650,615
654,512,499,647,643,624
648,514,512,649,647,619
659,507,510,637,649,625
645,505,496,651,646,623
659,506,513,640,646,624
658,508,513,641,647,628
659,499,513,649,643,621
651,512,512,651,638,623
652,513,500,647,647,625
650,509,503,654,644,627
660,508,517,653,640,623
660,522,507,643,649,617
655,529,506,650,650,625
657,516,523,649,636,625
658,536,512,653,652,622
655,536,513,652,646,624
655,524,528,655,644,626
658,524,528,657,643,626
646,540,522,651,653,625
649,537,523,652,656,618
654,545,528,644,657,623
657,541,523,654,656,616
646,540,527,655,652,625
660,529,530,660,647,627
650,545,519,658,658,620
649,533,528,651,656,631
653,547,531,647,661,624
651,547,518,659,662,618
653,527,535,657,648,625
658,545,534,645,663,626
655,545,530,654,657,625
659,538,535,646,661,629
650,548,534,647,663,625
654,549,534,645,664,626
656,544,522,660,659,619
651,547,524,660,662,623
644,548,523,657,665,617
655,546,527,658,661,625
649,549,524,659,664,616
659,544,539,648,663,627
659,531,535,660,653,628
646,547,523,659,667,617
659,535,534,661,654,627
661,535,533,662,653,627
655,540,532,659,654,626
648,544,528,657,668,615
648,535,531,655,665,622
662,539,531,653,663,628
659,539,538,646,666,628
651,523,531,656,662,621
661,532,539,650,665,629
646,536,523,657,668,618
650,535,522,660,658,626
657,530,536,647,664,627
661,526,521,647,668,626
660,527,537,646,665,630
651,516,535,655,662,625
649,520,530,656,656,627
658,525,537,644,666,627
658,520,532,659,657,625
650,516,533,659,666,622
655,527,537,646,668,627
657,527,534,651,661,626
662,511,533,657,661,623
662,522,527,656,662,628
663,523,529,653,662,627
657,527,537,646,666,628
652,515,537,656,661,626
651,520,536,656,661,623
656,529,536,646,667,624
657,515,534,662,653,628
648,529,537,660,655,629
653,530,521,661,661,617
648,527,523,657,667,630
658,531,524,656,666,620
656,531,533,651,664,623
657,532,532,643,667,628
661,527,533,649,667,625
661,528,539,646,665,625
662,527,529,654,662,627
648,527,528,657,663,618
651,520,536,655,658,623
663,527,533,652,661,628
657,532,535,648,665,625
657,530,533,657,657,624
658,516,537,660,654,626
653,531,535,652,662,625
660,531,531,659,664,629
656,529,519,661,662,620
657,532,538,646,665,628
661,520,537,657,664,619
658,532,523,660,662,623
655,521,538,657,660,624
666,522,533,662,652,628
662,534,525,659,662,624
658,519,536,660,654,627
660,532,526,658,663,625
657,519,535,660,656,629
648,538,523,658,668,618
657,540,533,655,660,625
657,536,532,655,662,626
656,539,535,652,655,627
659,538,531,653,662,625
662,531,533,661,654,625
646,532,532,656,667,621
655,537,519,660,665,620
651,529,532,657,661,624
659,540,530,647,664,625
658,521,537,660,657,619
661,537,519,655,664,625
662,529,532,661,663,630
663,527,531,664,654,629
657,535,521,651,666,626
647,537,528,656,668,619
650,542,523,661,668,618
661,523,537,661,657,629
662,537,525,660,664,624
663,526,536,663,655,627
660,541,539,646,668,627
659,538,526,651,665,626
658,540,535,658,667,623
654,526,541,657,661,626
659,532,537,664,658,626
654,545,527,664,668,629
653,530,539,663,655,627
649,534,529,657,665,627
658,535,538,661,671,630
660,539,543,647,671,629
658,537,544,649,669,628
658,538,544,649,668,629
662,535,537,659,666,629
647,540,528,661,668,617
664,534,541,654,666,629
663,537,547,649,667,630
660,536,532,661,667,623
658,536,531,661,665,624
660,536,541,654,664,629
662,521,541,664,655,628
659,540,532,665,665,620
659,538,545,650,671,628
664,537,533,661,665,623
648,536,532,660,670,618
660,524,546,662,656,629
660,539,530,662,667,620
657,534,541,666,659,626
661,525,546,663,655,629
660,540,532,662,665,623
661,537,535,658,666,627
663,536,548,663,666,630
660,538,532,661,664,627
655,543,527,662,668,618
660,529,544,649,669,629
664,509,543,660,658,629
651,509,536,650,669,626
662,497,540,651,667,628
658,493,533,651,667,626
655,490,523,658,666,628
656,484,521,659,656,627
648,467,520,654,667,625
660,462,514,659,659,627
659,479,509,663,656,627
663,467,505,660,669,617
660,483,511,659,668,617
648,490,491,655,664,626
654,475,504,662,668,618
663,480,512,661,665,618
662,485,507,646,668,628
660,480,510,649,667,628
653,474,493,649,666,628
649,462,490,660,665,624
664,459,505,649,666,627
657,461,489,662,654,630
647,449,483,659,662,627
651,441,482,662,665,621
647,446,480,654,656,626
661,429,477,661,652,627
651,431,476,660,664,620
660,422,487,659,664,622
658,437,483,647,665,630
649,422,475,660,664,618
658,417,479,658,667,618
655,422,474,659,666,618
656,432,476,660,652,629
647,426,463,657,662,624
659,429,476,655,658,625
661,419,477,655,666,620
655,418,473,659,663,619
659,428,473,646,666,626
645,427,465,646,663,629
660,416,466,653,660,626
654,415,455,647,664,629
647,403,447,654,664,627
658,407,457,658,656,625
656,399,455,654,658,625
649,392,445,660,661,620
653,403,447,643,660,628
651,405,443,644,659,628
659,403,445,643,659,628
645,406,432,647,655,630
647,395,430,655,655,622
646,402,428,653,652,625
657,391,442,643,654,626
657,397,445,650,654,622
649,395,441,646,651,629
652,407,437,638,655,628
653,394,436,640,650,626
656,399,435,652,643,625
656,392,439,649,649,625
655,380,433,649,653,622
640,383,415,647,648,625
650,384,429,647,645,622
643,391,411,644,646,629
656,384,424,641,643,625
651,382,421,643,639,624
648,376,415,648,643,618
642,387,409,635,639,628
652,385,421,638,641,625
647,390,416,646,630,625
644,392,407,635,638,619
649,371,419,644,642,618
647,389,418,643,629,617
649,386,422,640,631,624
652,389,421,641,641,617
648,392,420,642,630,627
649,394,422,642,631,625
653,379,424,643,642,617
647,397,421,629,639,629
654,395,429,629,633,627
646,398,430,629,640,627
650,386,428,641,640,616
639,405,426,641,641,618
654,404,434,630,641,627
640,403,418,637,635,625
653,413,427,626,641,626
651,415,433,642,630,627
642,426,427,635,639,629
642,429,430,641,637,627
655,437,446,637,640,625
648,441,439,645,643,619
652,444,448,646,648,618
648,467,446,634,646,630
653,458,458,644,645,623
655,470,456,638,647,626
656,474,458,646,641,626
643,481,446,636,649,630
644,496,451,647,645,627
650,503,467,635,650,628
648,499,461,649,648,624
650,524,478,644,642,625
660,527,476,635,651,628
658,536,494,648,643,627
654,545,500,644,650,625
652,540,504,650,646,626
645,557,496,651,653,619
645,562,495,651,651,623
652,562,510,651,644,626
656,563,508,636,655,628
646,556,512,646,651,622
654,563,506,642,654,631
652,553,518,652,648,628
654,558,515,654,649,625
649,570,507,648,654,624
658,565,518,653,645,628
651,567,520,650,646,627
653,575,514,651,642,627
644,572,520,648,655,620
644,576,512,651,657,620
644,575,512,649,658,617
649,563,525,649,650,625
647,568,524,647,653,624
656,576,521,643,656,630
656,567,524,652,643,627
649,570,525,649,654,626
654,584,518,649,655,624
652,584,512,650,656,623
652,586,517,647,655,625
646,582,522,647,655,623
652,591,524,639,659,626
651,591,510,648,655,624
651,577,526,649,651,625
658,582,524,640,657,628
658,574,523,652,647,627
652,577,525,652,659,616
657,589,524,640,657,627
658,580,521,653,646,626
658,575,524,652,647,624
654,585,522,653,654,624
658,590,523,640,659,625
656,578,524,653,646,625
661,588,515,649,652,623
651,593,510,648,652,624
651,594,509,645,655,624
648,586,518,650,658,619
658,593,508,644,653,624
645,586,517,649,661,619
649,593,507,651,655,621
655,591,516,652,653,622
653,592,518,646,657,622
645,595,506,653,649,623
659,594,505,651,655,623
659,591,505,645,657,627
643,585,518,651,658,621
654,595,504,644,657,623
658,590,515,650,656,626
654,593,509,645,654,627
655,594,521,639,661,625
645,590,512,654,660,613
650,580,522,653,649,623
648,583,518,650,654,621
652,595,520,655,648,623
656,580,517,657,647,622
654,595,520,642,660,623
654,591,516,651,659,625
651,594,517,648,661,620
651,592,515,652,661,622
648,598,521,647,668,621
650,593,524,643,665,624
641,585,516,652,668,614
650,597,521,652,662,620
643,599,511,657,666,619
655,591,525,645,668,622
641,592,515,655,668,613
654,588,519,657,660,622
655,596,515,657,666,620
657,595,524,650,665,624
644,590,515,655,668,613
655,596,512,657,668,614
645,600,508,655,666,618
657,579,522,662,659,621
652,597,510,651,658,621
655,596,526,645,672,612
659,594,522,653,669,623
654,597,526,645,671,622
645,594,520,656,671,616
654,596,523,651,670,621
640,592,519,657,673,612
656,600,512,659,672,615
655,597,525,652,671,621
654,596,529,646,673,622
658,584,524,658,660,620
656,596,528,645,673,624
658,587,524,660,660,623
648,596,513,658,671,612
649,598,511,661,669,615
651,596,514,660,671,615
649,585,526,658,664,617
658,594,516,660,670,616
659,592,521,656,667,620
659,579,530,663,660,625
646,596,514,658,675,612
651,593,514,663,668,611
650,598,514,661,672,612
657,581,531,661,659,625
657,592,530,651,669,624
649,598,515,661,673,614
640,596,514,662,673,612
658,582,529,665,658,624
643,590,522,657,675,616
652,580,530,661,663,624
645,596,522,658,672,616
644,592,522,657,672,615
656,597,526,652,667,622
659,580,531,662,657,627
661,591,523,657,668,624
646,592,526,658,672,621
656,584,530,661,660,625
658,599,529,652,669,624
645,599,515,661,672,615
663,578,531,663,657,627
661,581,529,653,671,615
660,597,531,659,669,620
648,598,518,659,672,616
652,599,516,660,672,617
662,593,526,660,664,624
659,594,529,649,671,627
665,595,526,657,667,629
663,595,532,650,667,623
651,600,519,657,672,616
660,597,517,662,668,622
656,585,531,659,664,623
661,583,529,661,660,627
653,596,525,657,664,625
662,595,527,659,665,625
653,600,514,662,671,620
662,588,527,660,659,627
660,597,531,658,655,628
660,583,533,661,659,627
663,599,521,659,668,624
661,594,527,658,661,625
660,599,531,649,670,627
657,594,528,663,666,628
655,581,531,659,661,627
660,586,525,664,658,627
659,592,529,653,666,626
654,581,526,654,665,624
654,582,518,661,664,628
662,574,533,649,670,628
663,568,534,649,669,626
662,564,534,653,664,632
656,548,528,657,665,625
651,561,515,658,668,619
651,557,526,659,667,623
658,559,531,650,668,627
652,552,521,658,670,621
652,558,514,660,669,618
655,545,527,657,662,625
648,555,512,660,668,619
656,554,513,661,665,619
660,546,525,650,666,626
663,537,528,654,665,632
660,534,521,656,668,618
662,522,519,649,667,627
664,516,515,653,663,630
659,515,520,648,668,628
651,503,500,650,659,627
654,474,501,662,664,620
656,461,496,657,664,620
663,471,503,652,663,626
650,465,484,660,665,624
660,461,499,658,664,623
660,462,498,658,656,630
661,462,498,659,658,628
653,463,489,646,662,630
652,455,485,660,660,627
658,449,492,645,661,618
660,460,495,650,656,625
658,447,495,656,653,621
658,458,495,645,642,628
655,462,491,656,637,628
659,461,496,652,641,624
658,460,495,648,641,624
650,465,491,642,642,627
642,461,481,655,636,625
652,450,497,652,642,617
646,470,495,656,625,618
648,471,493,643,637,629
650,468,501,643,634,628
650,457,499,654,636,616
652,470,501,643,634,625
646,475,498,657,622,625
650,459,501,651,632,618
646,475,497,659,621,626
650,472,501,650,628,624
648,463,502,654,634,619
641,474,498,643,633,627
650,472,505,642,636,626
648,467,502,654,628,623
642,476,493,645,630,627
651,474,504,646,633,627
641,478,499,659,621,627
648,474,503,653,622,624
644,478,501,656,625,617
643,480,500,656,617,627
640,477,503,655,627,621
647,480,506,659,614,625
635,475,487,657,624,619
644,480,499,658,616,624
647,468,500,656,627,616
639,472,499,655,626,615
643,470,497,655,627,615
635,492,496,657,607,625
637,494,499,658,616,623
636,502,496,657,610,626
638,499,502,645,622,620
638,500,501,653,620,623
625,500,487,653,622,626
634,503,503,659,622,619
636,507,492,658,615,625
638,504,499,644,628,626
630,508,492,646,627,628
638,504,499,658,615,624
632,497,490,658,627,620
639,503,500,657,620,628
647,492,504,654,630,618
646,503,501,660,623,628
635,489,491,655,632,620
647,488,503,657,640,617
645,505,502,660,625,628
650,502,510,653,637,625
646,506,504,641,643,629
641,502,497,660,642,631
649,504,511,658,639,625
649,512,508,663,634,627
639,512,503,660,647,626
652,510,517,649,656,628
650,491,515,659,653,625
654,509,522,647,655,630
651,508,522,648,661,630
640,513,508,662,660,624
652,507,524,660,651,631
644,511,505,657,662,624
655,508,525,650,664,630
646,505,510,664,663,622
654,512,515,661,661,629
643,513,523,658,664,621
647,507,517,659,668,619
649,519,513,665,664,621
652,520,527,649,662,625
647,519,530,648,664,626
653,517,517,662,662,625
654,515,524,665,658,625
654,514,511,656,660,630
655,519,526,651,663,629
652,519,523,658,654,623
647,519,523,659,662,623
654,516,523,662,655,623
654,509,527,662,651,624
650,520,512,655,659,627
652,519,522,658,659,623
653,515,521,661,656,620
655,504,526,660,660,619
656,505,524,653,660,618
654,518,523,660,658,616
640,519,518,660,665,613
651,516,525,650,664,621
642,509,511,663,661,623
656,513,518,662,659,623
654,517,523,647,661,624
652,517,519,662,659,620
654,515,529,655,661,625
653,518,523,645,663,625
646,520,510,660,660,623
649,516,527,649,663,623
655,505,527,660,657,624
649,520,525,652,664,619
654,516,527,652,665,626
652,501,523,660,659,621
654,514,514,657,660,623
644,516,512,661,665,615
652,514,521,649,662,624
643,500,516,661,667,615
645,511,511,664,661,620
652,512,526,651,665,623
656,503,526,663,653,625
656,507,527,649,662,624
657,509,527,650,664,625
653,512,527,656,661,625
650,512,525,657,662,622
649,496,522,660,662,622
651,508,527,664,663,618
641,510,518,664,664,616
650,509,525,667,651,618
655,496,521,665,659,619
644,499,518,664,670,610
655,491,533,662,655,619
652,507,528,668,657,619
643,509,522,663,663,617
645,510,523,661,664,618
649,510,529,661,662,618
649,508,529,662,666,620
654,504,534,661,667,610
653,507,532,652,668,620
647,509,531,659,664,624
642,500,520,662,669,611
654,506,532,662,654,620
641,503,517,665,669,611
653,505,533,649,666,620
655,494,532,660,665,613
649,508,530,656,663,623
655,493,532,661,662,618
643,511,524,663,663,619
639,505,517,665,668,611
655,490,535,662,656,621
657,506,535,653,664,624
642,513,523,663,670,613
643,504,518,666,669,612
644,512,518,663,664,612
645,510,515,665,666,613
658,492,529,658,661,621
652,514,515,666,666,616
647,504,516,662,668,613
654,500,521,660,653,615
656,505,519,662,666,616
645,516,513,663,665,628
652,503,517,661,666,617
654,518,522,655,661,616
657,509,526,661,652,627
661,506,524,662,654,626
658,513,526,653,660,629
650,506,515,663,663,615
659,510,523,651,656,628
651,509,515,660,661,618
654,505,518,659,658,625
654,518,512,662,653,623
659,518,521,657,653,627
648,514,518,659,649,620
657,518,526,653,650,627
658,522,524,649,643,625
659,507,525,661,641,625
659,518,524,649,648,628
659,519,516,660,645,625
661,519,517,658,643,627
653,521,523,654,647,628
655,520,526,650,647,629
653,512,524,649,648,622
654,519,518,662,643,626
644,515,516,660,649,621
655,520,520,649,648,629
645,518,514,661,645,619
656,508,520,660,642,626
655,507,520,662,641,628
653,518,505,654,644,630
652,508,514,659,646,623
651,520,519,651,648,630
644,505,511,665,651,619
648,520,504,655,645,630
651,509,515,665,645,628
644,518,513,653,650,629
644,520,515,650,651,628
641,501,507,660,648,619
646,517,504,651,648,632
630,514,508,664,653,620
635,522,513,653,652,629
635,519,517,651,649,632
634,518,508,652,649,634
633,521,510,647,650,620
633,514,512,664,638,631
632,520,505,657,648,633
624,524,502,662,646,629
632,521,516,653,650,631
620,512,513,661,644,629
630,504,515,660,648,626
624,523,512,649,645,632
614,520,508,658,646,622
624,508,510,660,649,623
620,510,503,662,647,622
625,524,511,657,642,630
619,515,505,656,645,623
628,523,507,648,647,623
623,510,494,659,648,623
626,522,498,662,644,633
623,520,496,644,646,633
625,519,485,652,644,633
630,517,499,653,645,631
627,519,497,654,639,630
629,520,497,654,643,629
632,515,496,645,649,633
624,509,490,660,647,625
629,505,494,658,647,623
630,516,495,649,646,630
633,507,500,657,649,622
632,523,500,651,643,628
622,521,484,654,646,634
632,524,500,651,647,630
628,510,495,658,648,621
627,519,486,651,645,632
633,521,501,647,648,631
630,524,488,651,649,636
631,526,499,656,643,632
632,518,497,657,639,633
621,525,495,660,653,625
636,519,491,642,652,635
622,526,489,656,653,627
632,514,503,655,657,624
631,512,505,655,656,627
633,519,500,661,647,634
635,524,495,646,661,634
635,517,501,659,654,635
636,517,504,645,665,633
638,510,509,657,664,626
635,523,504,649,669,631
639,517,501,643,664,636
620,527,494,661,667,625
632,521,505,648,667,631
636,527,504,656,664,631
641,511,505,656,669,634
628,519,502,659,670,623
638,517,502,658,658,634
634,528,504,659,662,632
624,528,491,662,668,626
640,513,503,658,657,631
639,511,504,658,670,635
639,523,505,651,670,634
639,512,506,657,668,630
638,523,501,650,669,634
637,519,498,650,669,636
626,528,490,663,667,631
641,514,502,662,662,634
627,514,501,662,671,623
633,518,502,664,656,635
634,527,506,660,664,632
638,524,501,665,657,635
633,523,501,664,657,635
640,523,497,652,668,638
631,511,502,664,671,624
636,527,503,661,660,637
637,524,506,652,669,632
637,520,501,662,657,636
641,514,503,658,669,623
627,520,499,665,669,623
633,527,491,660,654,632
634,528,504,657,663,632
641,523,504,651,668,634
632,515,507,662,669,625
645,526,505,653,668,632
637,527,491,665,665,632
630,529,497,661,669,626
633,527,490,663,666,631
637,521,500,664,655,637
646,523,499,650,669,635
644,523,499,649,670,633
641,529,503,664,655,633
642,519,499,664,656,636
641,528,489,662,664,630
641,526,490,661,668,632
645,527,503,662,662,632
641,514,504,660,671,631
654,510,503,661,670,624
644,513,504,660,672,624
654,526,493,655,668,634
649,526,493,658,667,623
653,531,508,662,663,629
644,525,503,660,658,632
655,514,511,661,671,627
647,517,513,662,666,629
657,515,512,660,666,629
646,527,504,664,669,623
658,525,516,652,673,633
659,516,516,663,659,631
654,529,516,653,671,630
654,527,516,650,673,627
643,531,504,667,670,624
653,529,504,658,668,629
649,532,503,661,669,628
659,520,516,664,662,630
663,524,515,657,669,634
658,526,513,660,664,629
661,525,515,651,669,629
647,527,502,661,670,630
662,523,519,652,670,634
659,514,517,667,659,631
658,527,519,649,671,631
658,529,518,653,673,630
657,526,516,651,672,631
652,529,504,662,669,632
662,519,515,666,664,628
657,524,518,653,672,632
650,524,510,664,672,622
658,527,517,650,672,631
657,527,516,658,669,628
648,523,511,661,674,621
649,525,512,664,673,621
648,530,504,667,673,625
659,525,512,663,663,628
651,529,499,664,667,626
663,525,517,651,669,632
650,529,503,664,668,627
654,523,512,664,661,628
661,515,518,663,660,623
660,524,508,653,669,631
663,515,517,665,662,632
657,532,504,660,669,630
655,515,517,662,665,630
650,532,505,665,668,626
659,531,506,657,665,634
660,531,516,661,664,629
662,530,519,649,667,624
651,527,516,660,670,632
659,534,521,651,672,632
651,533,508,665,667,625
665,518,519,664,659,633
659,532,523,649,673,631
664,517,518,660,658,633
656,531,519,658,668,629
663,524,516,657,661,629
659,521,516,661,665,629
647,523,506,662,667,629
649,512,511,665,670,631
654,512,514,661,666,629
661,500,517,664,661,634
659,496,512,664,672,630
663,493,515,664,659,632
652,491,503,663,670,624
660,498,512,653,671,631
662,493,513,663,659,633
655,486,512,659,672,625
664,493,518,661,665,630
651,513,505,662,668,627
654,517,504,657,667,622
658,524,515,653,670,627
657,527,523,650,670,634
655,522,520,660,668,627
663,532,512,662,666,630
659,539,519,651,670,631
663,542,519,657,670,633
662,549,522,654,669,631
658,560,523,655,668,629
659,562,513,664,670,625
653,550,530,660,663,630
660,561,525,664,664,631
652,569,516,660,671,623
658,568,531,648,670,634
659,566,531,652,671,633
649,566,522,661,671,623
663,567,528,664,660,632
650,574,515,663,672,621
661,571,533,647,671,634
658,573,516,664,671,625
653,576,517,663,668,623
660,573,533,650,672,634
660,567,529,664,660,632
657,575,529,654,670,630
661,572,523,659,665,629
659,560,532,663,659,633
657,576,535,649,671,633
663,571,530,664,661,631
651,577,524,661,674,627
661,560,532,664,658,634
651,571,526,659,668,630
656,580,517,661,668,628
657,582,512,664,670,626
652,582,510,660,668,630
657,583,523,648,672,633
650,579,509,661,669,630
649,575,516,659,675,626
658,563,522,663,659,634
662,558,521,660,662,633
654,580,506,657,667,634
647,570,517,656,674,625
646,577,512,660,674,622
659,577,521,655,667,634
648,573,520,659,675,627
658,579,521,660,661,630
656,580,524,654,671,631
660,563,521,666,660,634
658,563,522,663,659,633
657,576,518,657,666,631
647,564,525,659,664,631
644,578,512,661,673,622
653,575,524,651,672,632
658,568,521,653,669,623
647,571,513,662,674,622
656,564,524,656,669,631
647,566,516,658,674,623
645,565,513,663,672,624
650,560,515,662,669,629
652,548,528,661,662,632
648,563,510,660,669,633
645,557,523,659,668,627
656,566,531,650,673,633
655,569,517,662,669,628
658,562,525,666,658,633
660,560,527,664,659,633
659,561,529,661,657,635
655,571,529,649,673,632
655,575,530,665,660,633
642,576,515,662,672,624
662,571,524,659,670,632
645,578,522,660,675,623
643,578,518,660,673,621
655,564,532,661,666,632
652,577,517,660,670,624
664,574,522,663,666,629
659,577,531,650,674,633
649,572,525,660,674,624
658,577,523,662,669,628
659,568,530,666,661,633
661,561,535,664,661,634
651,566,532,661,667,630
662,560,526,658,670,633
660,552,537,665,661,633
656,561,523,664,671,625
650,545,534,659,667,627
649,540,535,660,670,625
662,545,538,652,672,635
659,544,537,649,672,634
662,529,539,665,659,635
653,532,536,660,668,629
654,537,534,660,670,626
660,526,536,665,660,632
658,541,533,656,670,630
655,527,535,662,663,630
657,538,536,659,667,631
646,537,532,667,665,631
656,531,538,651,672,635
653,519,537,661,664,631
660,522,538,650,673,634
660,525,539,650,672,627
662,524,531,661,668,632
662,521,532,662,658,633
662,517,534,653,669,635
663,503,538,662,664,632
649,505,523,659,670,622
657,516,533,658,668,632
653,515,521,663,672,625
657,513,539,649,673,633
661,492,539,661,664,631
653,510,534,665,660,632
662,497,539,662,663,631
650,506,522,663,673,624
647,506,523,664,671,626
660,510,539,651,671,634
648,512,523,665,671,624
660,500,539,664,660,634
662,506,536,653,673,632
660,492,534,659,669,627
659,499,538,659,658,634
662,503,536,648,674,633
657,505,531,657,669,632
660,501,532,664,659,633
647,502,515,666,672,625
661,492,531,652,669,636
657,494,526,665,659,632
661,494,531,650,673,633
659,484,531,663,660,633
651,479,523,660,673,624
660,485,528,652,671,635
657,495,525,656,671,631
658,497,526,657,670,630
655,500,524,659,669,632
659,499,529,651,671,632
657,504,523,660,667,632
659,500,531,665,660,634
662,497,532,662,662,636
657,492,524,660,672,625
659,508,528,668,660,633
652,499,523,663,670,630
651,501,512,664,674,623
662,495,531,662,664,624
657,504,526,653,669,636
659,508,528,661,669,626
658,510,525,656,668,631
657,504,527,666,660,635
646,504,515,666,670,628
648,507,522,660,667,632
651,502,531,652,668,634
641,508,515,665,669,628
649,492,526,661,667,632
651,503,523,661,656,634
636,507,511,661,666,631
638,509,514,661,668,633
645,508,522,662,664,633
639,491,515,660,673,626
648,492,523,650,672,635
648,484,521,652,669,638
643,476,511,665,672,625
649,467,520,656,663,631
634,475,504,663,665,633
643,477,513,665,656,633
643,475,510,666,658,634
646,471,515,650,670,636
634,468,497,661,666,632
634,462,500,663,668,627
643,470,507,662,659,635
644,465,505,666,658,636
636,455,490,661,665,633
637,453,488,662,667,630
650,442,497,657,671,622
646,454,498,661,660,634
645,451,500,653,668,632
651,450,499,656,667,631
647,446,497,657,657,633
644,440,492,662,670,623
648,442,490,661,659,631
646,436,491,660,670,623
637,444,479,664,663,626
648,449,493,655,664,631
645,451,491,659,657,629
633,447,476,663,665,625
636,457,479,648,662,635
634,454,471,659,658,629
647,445,487,657,662,622
632,448,476,662,658,621
642,454,481,657,648,630
641,456,477,659,643,635
647,445,484,644,651,631
639,453,477,660,642,633
643,452,476,657,641,633
635,437,469,660,653,623
642,447,478,645,654,633
647,436,475,655,647,630
634,437,462,656,651,631
642,441,473,659,639,633
644,423,471,658,654,622
640,428,463,660,651,627
639,438,465,646,653,635
632,429,460,660,644,629
630,437,465,652,650,632
646,432,478,657,643,630
635,433,464,654,649,629
647,430,480,654,650,631
635,431,481,652,652,635
648,428,478,647,655,633
634,427,462,657,651,628
640,428,469,646,654,635
635,423,463,658,651,630
648,427,476,657,645,633
636,425,457,658,654,628
651,418,481,654,654,628
649,419,476,658,652,633
651,422,475,661,646,634
636,420,463,658,655,632
641,422,464,655,654,632
654,417,477,653,658,632
656,419,480,649,661,632
655,422,478,657,654,631
655,408,479,657,664,624
642,418,464,660,658,628
654,412,476,657,649,632
652,419,472,662,651,633
647,407,463,662,660,627
648,421,469,651,661,635
648,411,464,661,662,625
646,415,461,662,660,628
654,416,472,659,655,631
655,404,466,656,665,623
656,415,473,660,653,631
644,417,458,652,660,635
653,400,469,657,664,623
653,400,469,657,667,626
655,396,470,659,663,625
654,409,466,658,656,631
656,412,450,660,662,632
657,408,468,651,661,630
657,397,463,660,652,634
647,401,454,661,661,625
654,407,468,655,660,630
646,403,452,655,656,629
657,406,468,653,660,632
646,414,456,649,662,635
644,403,451,661,662,625
648,406,463,656,658,632
652,410,462,659,652,636
656,406,465,653,659,632
646,412,454,647,662,636
655,407,465,656,658,631
646,413,454,650,661,636
648,414,456,647,662,637
655,413,463,657,651,633
644,402,456,661,662,623
648,414,459,647,662,635
646,408,459,659,665,622
656,404,472,654,665,624
654,420,467,644,665,634
652,418,468,645,665,634
658,426,472,647,664,631
648,432,465,645,664,636
645,429,461,660,664,630
647,440,462,650,661,636
651,438,471,659,660,632
656,450,482,657,667,623
659,468,486,650,664,631
654,479,482,646,667,635
655,484,487,646,668,634
651,478,485,661,669,623
658,498,496,648,667,632
653,497,495,659,669,622
655,515,503,657,665,627
658,538,493,650,668,635
649,552,508,662,656,634
652,559,518,649,668,633
647,555,516,657,669,626
654,562,518,649,667,635
657,566,522,647,667,632
647,573,508,662,666,627
658,561,518,662,657,634
658,574,519,648,668,636
649,577,502,661,665,629
661,576,511,661,659,633
653,573,495,654,666,632
642,566,509,660,672,623
658,574,505,662,657,632
648,563,501,659,672,623
648,579,494,660,668,626
659,572,508,646,670,633
660,564,503,661,660,633
653,578,503,658,661,632
655,579,504,658,663,631
657,578,505,652,669,631
649,569,503,658,670,624
654,582,489,655,668,632
658,565,502,654,669,627
648,581,490,660,666,629
660,572,501,660,657,634
659,576,498,646,670,636
656,580,504,653,668,624
646,573,499,659,672,624
656,574,505,656,667,630
647,571,498,660,672,622
648,581,490,661,668,629
652,567,502,658,673,624
651,566,504,658,672,624
654,578,489,654,666,636
660,567,501,660,661,634
662,576,496,648,668,635
661,575,501,644,670,635
643,576,494,662,670,626
656,576,510,649,668,631
650,577,505,661,660,631
653,577,506,659,665,632
655,577,508,656,666,631
658,553,508,656,665,631
656,576,506,663,658,633
655,575,509,655,660,630
660,568,510,647,671,633
656,571,508,657,662,631
658,558,508,659,659,634
649,561,507,661,672,623
658,564,505,650,667,635
655,567,509,662,660,632
647,562,507,659,670,623
641,569,499,665,668,624
654,569,511,662,657,633
656,569,512,651,671,632
654,568,501,653,666,636
659,554,513,662,657,635
656,567,511,663,658,633
650,570,500,655,668,634
651,556,516,658,662,630
648,562,515,657,667,627
655,557,518,660,661,633
656,560,518,662,659,633
647,568,512,660,670,623
654,575,518,647,672,632
658,558,516,662,658,634
660,570,514,654,666,636
654,556,518,657,659,634
659,564,515,648,669,633
660,566,508,648,670,634
656,569,505,652,667,636
651,556,515,659,665,631
654,565,508,649,671,635
647,561,509,659,672,623
661,563,510,645,670,635
654,567,512,659,663,633
656,568,509,649,665,630
659,567,509,644,669,633
651,561,510,659,672,624
660,554,512,662,658,633
659,556,510,662,660,633
660,563,515,651,667,636
659,565,511,648,669,632
654,566,509,662,658,633
656,568,513,647,673,634
662,566,506,648,668,636
648,562,511,660,672,625
658,554,518,660,660,633
654,571,504,657,668,633
656,567,514,655,667,635
656,564,505,649,669,635
647,563,513,658,669,627
658,551,520,661,660,635
650,551,517,658,664,632
656,560,513,661,659,631
662,561,511,647,670,635
655,553,514,660,663,631
656,560,507,654,667,636
655,562,505,655,670,634
649,551,514,657,667,626
648,558,501,659,667,629
660,541,515,662,658,636
654,541,512,655,661,633
647,554,503,662,670,628
660,546,510,646,671,635
659,546,513,656,666,634
658,549,517,648,670,634
652,549,502,657,667,632
654,547,508,664,656,630
658,540,513,660,658,632
655,543,511,657,664,632
661,541,509,647,670,635
654,542,509,652,669,636
658,542,517,648,671,634
656,543,515,654,671,632
656,538,516,649,670,633
660,527,517,647,670,636
655,527,513,651,670,631
661,519,516,648,671,634
648,515,502,660,665,628
662,508,517,662,661,633
660,516,504,656,668,635
658,515,513,658,668,635
655,516,514,655,667,635
658,523,516,659,666,630
648,515,517,659,670,626
660,519,516,666,663,631
657,524,520,650,671,633
644,516,515,659,670,625
660,518,516,665,659,631
659,527,517,656,668,631
663,518,515,658,668,633
657,514,524,662,662,633
655,535,507,660,667,633
662,533,520,666,663,632
661,526,521,658,667,631
662,520,522,665,658,633
661,528,516,666,656,632
657,533,520,660,665,631
644,532,518,659,668,625
657,537,521,656,670,630
650,537,525,652,672,633
660,530,515,661,667,632
648,539,513,662,673,622
664,524,523,664,658,634
650,542,510,663,672,635
661,537,520,657,667,633
654,543,509,661,669,631
651,538,517,657,675,624
663,538,522,651,668,637
659,537,524,655,668,635
662,542,512,656,667,636
658,545,521,653,667,631
659,544,525,650,674,635
659,539,519,662,670,629
662,533,521,666,658,633
646,535,519,660,669,629
659,546,517,651,669,632
662,531,520,666,658,632
648,541,517,659,669,628
658,546,521,649,673,633
660,529,523,664,659,634
658,545,523,651,671,633
662,542,514,660,664,633
651,547,509,663,665,630
662,524,522,664,658,634
661,546,525,647,671,636
659,544,515,663,669,629
650,547,511,659,665,634
656,531,526,665,658,635
654,534,525,657,665,631
650,549,513,663,673,624
657,544,513,663,670,626
659,543,521,650,671,634
662,540,515,654,668,635
653,546,513,654,669,631
662,535,514,649,669,636
659,548,511,658,663,631
663,536,504,661,656,635
662,537,509,649,670,632
649,534,502,660,670,624
649,535,495,662,667,629
660,526,510,646,670,631
649,530,496,655,664,627
660,524,510,650,666,628
659,517,504,659,665,634
660,510,508,658,671,623
662,526,512,647,668,633
649,534,499,659,667,627
654,527,512,656,667,630
648,541,500,661,667,628
662,538,513,662,655,630
658,548,518,648,671,632
659,542,519,646,667,634
660,545,510,651,665,636
648,547,508,660,668,626
657,551,522,648,671,632
648,544,516,658,669,627
650,545,518,656,667,625
654,555,518,651,668,630
647,553,509,660,669,624
660,553,512,658,665,630
660,546,520,662,658,631
660,542,521,661,656,632
657,555,526,647,671,634
659,551,525,649,669,635
647,557,512,661,670,624
660,554,512,662,667,629
659,552,526,647,665,633
661,552,526,647,662,636
653,556,509,654,666,631
662,541,522,662,657,630
662,547,521,662,657,632
658,554,521,658,661,630
661,555,515,658,666,634
656,555,511,654,666,636
655,559,527,646,670,630
648,552,517,657,670,624
657,536,528,660,662,631
653,538,528,658,662,631
655,556,523,656,666,631
660,553,517,660,666,630
655,543,524,662,657,633
656,555,529,640,667,634
659,553,512,660,666,627
658,532,529,656,653,633
647,537,519,653,672,621
656,535,520,656,666,633
660,526,523,660,660,634
647,535,511,659,669,629
663,526,524,662,658,632
656,534,524,653,666,630
655,533,512,659,668,626
649,529,518,657,672,624
655,519,530,659,659,633
660,532,528,650,668,636
647,541,518,657,672,624
658,536,528,647,669,635
656,543,529,647,669,632
653,527,526,658,662,632
654,544,526,653,666,632
660,531,528,659,655,634
657,534,530,659,657,634
654,546,531,646,670,635
656,549,530,646,670,634
656,555,528,647,671,633
656,553,529,646,670,633
658,535,530,659,658,634
658,550,531,646,668,636
647,553,516,658,672,623
658,538,526,657,658,635
654,554,527,651,667,631
655,545,526,653,666,630
648,552,515,661,669,623
645,554,518,657,668,622
656,546,524,659,663,631
647,551,513,660,672,623
649,549,516,658,672,622
657,541,525,656,661,631
645,542,525,660,667,633
657,530,530,661,658,636
656,544,515,661,668,626
658,545,526,653,665,633
654,545,527,649,667,631
660,541,527,654,666,636
652,548,528,647,669,631
659,540,526,663,658,632
658,540,527,654,667,634
649,540,525,657,667,625
660,542,525,653,669,636
647,550,516,652,662,623
656,548,527,651,667,630
652,545,526,655,665,631
650,537,527,656,666,627
645,550,516,657,671,622
655,547,531,647,672,632
660,544,524,651,665,632
659,541,530,651,667,634
660,545,525,653,664,633
657,548,515,658,665,629
655,548,526,654,665,632
647,550,517,657,671,623
648,551,515,660,672,621
655,552,513,660,669,626
655,549,531,647,671,632
650,539,530,657,660,632
656,548,523,655,665,632
646,546,523,656,671,624
657,535,530,660,658,633
657,535,531,659,656,633
659,546,530,658,671,624
657,543,528,662,657,632
647,551,516,658,670,624
645,548,519,655,670,623
649,551,515,657,669,625
658,549,519,658,662,630
653,550,515,660,667,623
646,550,522,654,668,626
660,546,529,652,665,636
654,537,531,658,661,634
655,549,528,654,664,629
656,552,529,646,669,632
659,536,529,661,658,633
657,548,531,646,667,634
658,549,531,647,668,635
657,544,526,658,659,631
649,551,516,660,669,622
652,553,515,659,671,624
651,540,529,654,665,630
655,553,528,653,667,632
658,545,527,660,658,633
655,554,529,651,667,631
657,547,530,652,666,634
643,553,523,653,669,624
659,547,527,652,666,636
658,546,531,649,667,635
654,548,527,651,666,631
653,551,529,646,671,633
657,546,525,652,666,633
661,538,529,661,657,632
647,550,516,657,670,623
660,548,532,646,667,635
649,542,528,655,667,628
649,552,516,659,672,624
656,548,515,661,669,625
657,551,529,649,669,631
657,548,526,651,666,629
651,551,514,661,670,623
648,546,524,656,671,625
660,540,527,647,668,634
662,541,528,655,666,636
660,545,518,658,666,631
647,545,523,658,671,624
657,545,524,657,668,632
657,543,532,649,668,635
657,548,522,657,664,630
660,541,532,648,669,636
650,539,523,658,671,623
657,515,540,658,662,632
651,518,535,656,669,627
654,527,526,661,669,627
647,523,526,661,670,624
661,521,542,646,670,634
661,507,543,658,661,632
663,515,544,651,668,635
659,519,540,652,668,631
661,517,542,651,668,636
662,516,540,648,668,635
659,504,540,655,665,628
659,517,544,647,669,634
662,511,542,647,672,632
648,514,533,657,671,622
659,504,540,648,671,631
654,498,540,659,662,631
661,479,543,658,659,633
649,486,533,658,668,631
661,474,544,661,659,633
650,479,529,661,669,628
653,475,533,658,669,631
662,470,538,647,669,634
662,470,544,647,671,631
662,459,541,655,666,628
659,476,540,662,658,634
661,475,531,658,667,633
653,479,536,656,668,633
662,469,543,657,662,631
660,480,543,648,667,636
656,488,537,658,665,629
658,487,538,662,658,632
659,489,542,653,666,631
657,491,539,664,663,631
656,492,538,660,660,633
654,495,534,657,668,632
647,496,531,658,667,629
647,496,526,661,670,624
651,501,527,665,668,629
658,504,539,651,670,630
661,503,542,642,669,634
660,506,542,647,670,634
662,500,538,658,661,633
657,512,536,659,663,631
649,516,525,658,669,624
657,519,542,646,671,633
653,522,541,646,670,634
648,526,533,657,666,633
661,523,535,660,658,631
661,528,539,652,668,635
658,535,534,656,662,631
648,544,524,659,670,623
656,540,528,658,668,631
658,541,527,659,666,627
654,531,539,661,658,635
651,541,536,656,667,628
659,548,531,658,669,629
651,552,527,662,669,625
657,553,537,660,666,631
657,545,537,660,659,631
660,543,538,662,659,632
655,555,539,650,671,631
651,554,526,662,671,625
660,538,541,663,658,635
647,555,531,662,672,622
661,546,536,658,668,631
660,546,538,665,662,632
657,554,540,655,669,633
653,543,539,659,667,629
658,548,544,648,673,632
662,550,539,657,667,633
662,549,541,651,669,635
660,550,546,649,670,634
660,551,540,659,667,631
656,552,531,664,669,625
653,552,529,664,672,624
660,546,545,664,659,631
658,537,545,662,661,632
650,546,542,659,669,626
659,549,548,650,671,633
662,547,546,651,668,633
660,547,537,661,669,628
663,537,543,663,660,631
650,552,531,661,674,621
663,548,537,660,667,632
658,552,542,657,666,627
660,552,544,652,670,628
656,552,530,666,670,623
652,545,538,660,669,625
654,551,533,663,671,621
648,554,535,660,673,621
655,551,533,663,673,621
651,553,537,661,674,620
658,546,545,661,666,628
658,549,548,660,668,629
651,547,541,660,671,624
653,552,539,652,670,632
661,534,551,666,660,632
657,550,550,657,670,628
654,537,552,661,667,630
663,536,551,666,660,631
663,534,552,666,658,633
659,547,550,654,665,629
659,535,555,663,660,632
648,539,551,660,667,628
653,537,551,659,668,628
660,546,556,650,671,631
661,535,553,664,659,630
651,538,547,661,669,629
662,547,556,652,672,631
665,543,550,663,665,630
663,535,556,665,659,632
659,548,552,658,669,628
658,548,555,651,671,631
660,546,546,664,669,631
662,532,555,665,661,632
663,544,551,655,668,633
665,545,548,662,669,630
661,545,555,650,669,633
656,536,554,660,668,627
658,552,554,652,673,628
655,536,553,661,664,630
661,547,548,651,671,633
661,540,551,664,661,630
666,533,553,666,659,632
664,539,551,664,659,631
651,549,540,659,672,621
662,541,551,664,661,630
660,534,554,663,661,633
666,543,553,655,670,634
661,534,552,661,659,634
664,533,551,663,658,632
666,536,552,651,671,634
651,540,548,657,667,626
652,549,535,662,670,622
652,549,535,658,669,622
657,548,548,653,668,629
657,547,549,647,669,629
658,542,547,655,659,629
657,547,540,663,664,627
655,535,551,658,660,632
654,550,537,660,665,625
651,536,550,654,660,630
654,537,552,655,657,630
650,552,537,659,662,623
656,541,547,648,662,634
650,542,536,655,662,626
648,542,545,650,660,628
642,544,535,655,662,623
647,543,548,645,661,629
635,536,545,650,665,625
651,538,550,643,662,632
654,538,550,647,660,634
645,545,535,656,663,623
648,526,553,654,653,631
652,537,539,652,657,628
638,535,543,653,660,623
649,541,551,643,662,629
642,528,550,652,656,629
640,526,550,651,654,627
648,532,547,655,647,629
648,539,546,651,663,621
649,539,549,639,658,632
644,541,535,651,654,627
650,529,548,656,643,629
647,527,550,654,644,632
646,532,547,654,643,629
634,534,545,646,651,625
639,543,536,649,649,626
634,533,545,644,649,624
634,539,539,645,649,621
643,534,544,643,638,631
645,534,547,646,634,631
646,542,540,641,644,629
642,543,551,626,644,629
642,541,545,634,638,630
634,545,535,640,642,621
641,546,548,638,628,632
633,538,547,634,636,625
635,548,535,632,640,623
639,543,546,635,632,629
630,544,543,632,640,621
642,532,552,635,626,631
634,542,550,622,637,632
637,534,553,633,629,631
638,539,544,631,632,629
635,536,551,631,630,629
632,541,545,632,636,625
630,545,540,632,636,622
644,545,541,633,633,628
644,544,547,628,632,633
644,545,546,627,635,632
637,550,550,623,637,632
630,547,535,635,636,621
643,547,545,634,634,632
639,543,546,633,628,628
638,535,553,636,627,631
640,547,540,635,630,630
636,549,534,641,634,620
637,548,535,642,636,623
643,545,540,639,629,631
647,543,544,639,634,630
647,542,548,635,634,633
645,546,541,641,636,629
643,544,546,643,635,629
643,543,546,635,641,634
645,531,550,647,630,632
633,550,532,644,644,623
639,537,548,644,639,629
646,535,547,648,632,631
648,534,548,647,634,631
643,547,537,650,646,625
643,536,550,647,641,630
647,551,549,637,654,630
650,533,548,653,640,631
643,545,535,653,654,624
652,543,547,646,651,634
653,536,545,655,644,631
643,538,544,650,653,625
649,542,540,654,654,631
652,544,535,657,656,622
658,530,547,654,647,632
644,529,550,653,652,629
646,545,535,654,662,622
656,540,543,656,655,630
652,531,549,653,656,630
655,540,548,644,665,633
653,545,547,645,663,631
660,541,544,653,664,631
648,530,549,656,661,628
659,525,546,659,653,632
660,536,553,651,664,629
654,542,546,649,667,630
651,544,534,660,667,620
660,534,546,661,658,630
656,539,534,659,665,629
649,547,536,659,670,622
660,538,550,647,667,632
662,537,544,655,664,632
654,543,534,660,667,623
649,534,549,658,666,626
654,542,549,647,671,629
657,542,551,648,669,633
657,541,538,661,667,626
656,545,551,647,669,632
655,544,549,646,667,630
649,543,537,658,671,622
647,537,542,657,673,623
657,539,546,655,663,628
650,543,536,661,670,620
660,527,551,661,659,631
647,538,543,657,673,624
660,540,553,648,672,631
653,532,549,658,665,627
660,540,541,657,666,630
658,528,552,660,658,632
654,541,537,663,665,622
660,528,550,663,658,631
653,544,534,661,671,621
659,539,546,658,665,627
658,540,546,659,660,626
653,534,550,656,665,626
659,531,551,663,658,631
659,529,550,663,657,630
659,543,549,649,669,627
657,527,552,660,661,631
652,544,536,662,671,619
662,539,550,658,660,629
657,542,547,651,671,629
656,528,553,660,660,629
651,543,537,660,671,620
652,531,551,659,666,625
660,527,551,661,660,631
651,544,537,660,673,620
661,540,552,648,671,632
663,527,552,661,660,631
664,538,545,655,668,628
659,541,551,649,671,630
651,539,543,658,673,623
658,528,551,659,662,630
663,542,541,657,668,625
661,537,546,660,663,628
658,541,546,653,667,627
658,538,551,648,674,630
658,538,535,662,670,624
662,523,544,663,658,629
652,525,545,658,669,624
659,529,544,660,664,628
661,534,550,647,669,631
652,532,532,661,673,621
665,525,543,652,670,631
661,532,547,649,673,628
659,534,546,652,670,629
661,516,547,660,662,628
650,532,534,658,673,620
659,535,536,660,661,627
664,528,536,659,668,627
650,535,530,659,671,620
663,531,546,643,672,630
661,520,546,661,664,630
660,535,544,654,667,629
660,536,544,650,672,629
653,530,546,657,666,628
652,537,532,660,671,622
664,535,547,651,671,633
661,540,547,647,670,632
664,536,541,656,666,630
661,527,547,660,661,631
665,527,545,657,658,630
664,538,544,652,667,632
662,541,547,647,671,631
663,526,547,663,657,632
660,537,542,662,660,629
663,537,542,663,659,630
663,542,547,647,668,631
662,539,541,659,661,628
657,531,543,656,664,628
657,531,545,658,660,629
657,531,546,661,660,627
660,529,545,660,656,632
664,537,536,656,662,632
661,532,540,661,652,630
653,534,538,658,661,624
663,539,540,661,657,628
662,541,545,648,664,632
651,536,544,658,660,629
657,545,541,651,664,631
658,540,537,654,660,630
656,546,544,645,666,631
655,546,541,649,663,629
653,533,544,655,658,631
657,546,541,651,655,628
660,543,545,646,663,633
659,544,545,647,663,632
655,529,545,657,654,630
657,541,546,644,662,631
647,545,529,658,663,621
659,539,540,654,657,632
657,545,542,648,662,629
659,530,543,660,650,632
659,530,543,659,650,633
658,538,541,647,660,633
645,543,537,655,662,622
650,546,531,660,660,623
656,540,545,644,662,631
654,528,544,659,652,632
646,547,529,659,662,622
654,545,546,645,661,632
651,547,544,649,661,627
649,531,546,656,652,629
648,544,531,660,657,625
650,544,540,650,656,628
648,545,542,650,653,632
641,535,542,656,658,625
649,541,539,654,655,629
652,527,541,661,650,633
638,540,533,654,663,623
645,529,543,653,653,632
647,537,530,657,659,624
647,537,539,649,659,629
635,530,532,654,661,623
646,532,540,646,661,630
639,531,527,657,662,622
647,524,534,651,659,623
643,527,542,646,661,630
645,529,537,649,661,631
645,528,540,646,660,631
650,526,543,642,659,634
635,532,532,652,663,622
646,529,530,655,661,627
643,531,540,645,661,635
644,529,538,648,657,630
634,530,535,648,660,620
636,532,528,655,662,621
643,531,543,641,662,632
651,527,541,650,658,631
633,534,531,654,664,622
650,524,542,657,651,633
648,528,539,651,658,631
652,528,543,643,662,635
648,526,545,647,660,636
644,517,547,654,655,632
638,533,532,654,664,622
644,522,544,652,658,628
646,534,545,644,665,632
650,528,547,643,662,634
647,535,546,643,664,633
650,526,542,656,656,630
638,532,533,654,668,622
648,539,545,647,664,631
652,522,544,658,653,632
641,534,539,654,668,623
645,524,545,654,660,628
647,522,546,655,658,631
655,530,546,645,664,634
648,535,546,644,667,632
645,536,531,658,668,623
651,537,546,644,666,631
652,532,544,655,661,630
656,532,538,657,665,630
657,532,544,652,664,634
656,522,548,660,656,633
644,533,542,655,670,625
654,537,544,655,665,629
643,537,534,658,671,622
649,531,548,657,671,626
659,534,547,654,668,632
656,525,552,660,657,633
658,532,547,660,660,630
657,535,544,659,664,630
659,538,552,662,660,632
661,540,553,652,668,633
659,540,554,648,670,633
657,541,554,648,674,632
660,536,550,665,662,631
662,530,554,663,660,632
656,546,551,654,669,628
661,542,551,661,668,631
665,541,549,659,668,628
646,544,542,659,674,623
663,531,554,662,661,632
663,542,550,657,667,632
662,541,548,656,670,632
652,535,554,659,665,627
663,542,554,650,671,632
664,543,546,657,668,626
659,545,551,659,667,629
656,547,538,664,672,624
662,541,552,650,670,629
662,539,542,661,672,624
660,546,542,664,670,625
662,541,556,652,670,634
649,544,541,661,672,620
658,546,555,650,672,629
664,529,556,663,661,630
663,529,556,664,660,628
659,532,551,654,671,632
656,529,558,659,666,630
652,547,541,660,675,621
655,528,558,660,662,630
661,548,555,650,674,630
666,541,550,658,671,634
661,541,550,662,664,630
664,539,553,652,669,632
662,538,548,664,665,629
656,531,556,659,665,629
664,538,547,658,669,631
659,544,553,652,673,630
664,538,552,656,669,634
661,539,542,663,671,625
651,542,541,658,673,622
662,531,556,661,665,629
653,545,542,662,672,622
656,543,541,663,666,623
660,523,555,659,666,631
652,535,549,659,671,625
663,531,550,660,670,631
653,538,538,661,673,620
655,524,554,659,664,627
660,535,556,663,661,632
660,530,545,659,670,630
664,524,550,664,661,629
661,524,550,660,667,630
664,526,544,659,669,629
661,528,556,650,674,631
657,512,557,662,660,633
651,527,545,659,674,623
660,523,542,663,672,632
659,519,556,660,669,629
657,519,543,663,674,625
651,505,547,658,674,623
663,513,553,658,670,630
664,516,544,663,669,628
665,501,555,660,664,632
655,510,547,659,677,623
652,520,543,660,675,621
665,511,558,662,663,631
658,516,543,659,670,625
662,514,549,659,676,622
662,506,554,662,667,628
664,512,555,651,670,633
656,502,545,658,675,621
653,511,539,664,672,622
663,501,554,660,665,630
655,503,541,660,675,622
662,500,556,660,664,631
661,511,550,654,671,631
662,512,551,664,660,632
662,510,551,664,659,633
662,499,550,661,672,626
656,516,537,661,673,623
660,514,549,660,670,628
660,511,551,663,659,632
657,515,550,651,672,631
654,515,549,658,669,630
659,512,547,657,668,630
659,515,552,649,665,630
661,492,546,657,668,624
667,515,536,663,671,626
650,518,535,661,673,620
665,499,551,660,663,632
660,520,551,649,672,631
661,523,551,648,674,631
661,523,552,649,673,631
665,511,551,661,663,631
661,526,551,649,673,631
658,528,535,663,671,623
652,531,535,658,674,621
662,531,533,664,674,624
656,522,549,659,666,629
660,532,546,653,669,629
652,531,535,660,675,621
662,525,547,663,660,632
666,529,545,653,668,633
662,534,550,648,675,632
665,526,546,664,661,630
660,529,545,659,665,631
665,518,546,662,658,632
652,531,539,661,668,631
659,520,550,656,662,632
662,531,540,659,669,630
661,522,550,661,663,624
653,538,535,659,673,622
662,528,543,658,662,631
666,527,548,660,658,633
664,538,538,658,668,631
661,543,549,647,673,633
663,542,548,648,673,632
651,541,538,658,671,624
650,539,535,657,675,625
664,544,538,656,668,630
664,544,539,656,669,624
653,551,533,659,674,624
664,544,538,659,674,622
660,551,545,650,671,630
660,537,547,661,659,633
664,548,535,658,667,630
663,551,545,648,674,631
665,549,541,652,668,633
656,544,542,657,666,629
651,556,534,656,676,622
654,557,527,664,674,623
666,546,540,655,671,631
665,551,543,651,669,633
665,558,526,659,673,623
665,554,530,657,674,623
649,557,530,653,672,622
666,557,538,646,670,634
663,546,536,660,660,631
661,567,532,649,673,630
663,565,528,657,667,631
663,567,535,646,670,633
653,568,517,659,674,623
664,568,519,657,668,628
664,558,527,661,658,632
662,570,516,659,667,627
656,571,530,646,671,634
657,574,513,661,670,625
662,572,524,660,663,629
656,566,527,655,667,629
660,575,527,649,670,631
652,572,522,655,674,626
653,575,516,660,669,627
665,559,527,663,659,632
663,575,532,646,671,630
662,572,523,659,673,622
659,578,533,647,673,632
654,568,534,659,667,629
661,577,529,653,667,631
661,576,536,647,671,633
665,566,532,662,661,630
653,571,529,659,671,625
655,577,523,663,672,622
658,571,534,664,667,623
653,564,531,659,673,623
652,563,526,663,670,623
662,563,540,663,660,631
653,574,535,660,666,628
665,564,533,663,658,632
665,573,537,664,660,632
659,564,541,666,659,632
648,574,538,659,668,630
657,564,542,661,658,634
658,581,528,662,673,622
661,577,538,659,667,630
660,580,539,655,669,629
666,575,542,655,670,633
654,563,546,660,660,631
662,574,530,661,669,627
665,560,543,664,659,633
653,564,536,654,672,626
655,561,538,658,674,621
660,542,543,664,659,632
663,543,540,658,666,631
652,535,539,658,669,624
665,530,538,660,667,632
659,527,532,662,674,623
655,534,531,663,672,621
660,516,543,663,662,631
664,512,547,662,659,633
665,521,539,662,667,632
654,512,546,660,668,629
659,510,545,665,657,632
662,503,532,660,673,623
662,498,543,664,659,630
663,505,546,651,672,631
662,496,547,667,660,633
660,507,544,660,663,630
661,506,548,662,659,632
659,503,539,655,668,634
661,505,545,663,660,632
661,509,544,654,669,629
662,512,534,663,674,626
660,503,539,658,669,632
663,524,536,663,669,627
667,527,534,662,671,621
665,536,544,657,667,629
663,533,547,651,668,633
660,542,533,664,669,626
665,532,544,665,658,633
667,547,532,662,672,621
652,543,533,661,673,620
653,550,533,663,673,623
663,532,549,661,660,633
665,544,542,658,668,632
665,534,546,666,660,634
662,546,536,661,670,629
662,533,549,662,660,633
662,533,546,663,661,634
665,546,539,658,671,626
663,549,535,662,670,630
665,555,538,661,668,629
665,545,545,664,660,631
662,562,546,650,669,630
664,561,549,650,666,633
654,567,531,662,670,623
662,563,548,653,665,633
660,554,549,649,667,632
652,569,534,661,667,621
662,553,550,659,654,633
662,567,550,649,667,632
666,566,549,654,665,634
657,555,548,659,663,629
658,548,551,660,659,630
662,553,548,652,665,634
660,551,550,650,670,630
650,543,543,659,673,625
653,537,545,659,664,631
658,537,535,664,668,626
663,534,548,656,666,632
660,525,550,660,667,628
654,534,546,660,672,625
657,523,549,666,658,630
656,540,537,664,667,622
653,534,549,664,660,632
658,529,551,658,666,629
667,525,550,664,660,634
663,533,549,665,660,631
666,537,544,661,672,628
665,534,549,667,664,630
667,538,547,660,668,631
658,543,550,650,673,630
665,537,555,655,670,633
653,536,554,655,668,632
651,542,542,662,672,623
664,542,556,662,660,633
662,539,544,664,670,625
662,541,546,663,669,628
664,543,557,652,673,628
659,527,559,660,667,629
665,543,547,663,675,620
665,532,555,664,661,629
668,531,563,650,674,633
664,549,562,650,674,632
668,532,547,663,671,628
668,544,558,657,671,635
664,527,562,654,673,630
667,551,558,657,671,626
665,550,559,655,670,629
663,550,562,649,673,631
669,542,561,666,662,632
664,547,559,659,669,629
664,548,550,664,671,628
661,537,564,661,671,630
655,550,554,660,674,623
667,543,553,661,671,628
668,546,560,659,670,633
664,552,563,660,669,630
656,544,559,661,670,629
660,536,564,658,666,630
668,534,563,663,661,633
660,552,564,649,674,632
666,540,561,665,663,631
662,540,564,650,674,636
664,551,560,657,672,628
655,551,547,664,672,625
661,550,562,658,672,631
656,552,549,664,675,624
663,552,560,659,675,627
662,547,549,664,674,626
659,551,549,663,672,625
666,548,566,653,673,635
665,544,561,663,663,632
665,534,565,652,676,634
654,541,564,659,674,628
662,551,555,660,676,625
667,547,557,659,670,634
665,551,564,650,675,634
653,553,551,663,676,623
658,551,549,665,673,624
655,539,564,661,666,629
666,547,560,661,668,634
657,547,561,657,669,635
660,548,551,665,673,627
662,550,563,650,673,633
666,535,564,665,661,633
666,545,555,660,671,634
655,551,557,661,674,623
662,544,558,664,666,633
663,534,561,664,658,634
648,532,552,663,668,631
650,541,561,660,669,628
657,549,560,655,671,631
659,548,560,663,663,631
661,546,566,652,670,636
660,537,560,665,659,634
662,537,561,666,659,635
655,536,565,663,662,634
662,547,566,652,669,636
657,534,566,665,660,634
656,548,562,659,668,632
659,544,565,651,671,637
655,550,565,654,672,631
656,544,566,651,669,636
654,546,561,660,668,632
646,546,555,662,673,624
659,530,564,667,660,636
643,537,556,661,671,626
658,540,559,664,658,634
644,540,549,659,671,627
652,543,550,666,670,627
645,543,547,664,674,624
652,527,560,653,673,634
655,543,557,657,668,634
654,543,555,656,671,632
653,527,555,666,659,637
655,542,543,666,668,628
643,544,544,662,673,624
655,540,552,661,665,631
658,540,549,663,668,634
656,543,557,652,671,625
654,544,540,665,673,627
645,543,539,663,673,621
655,545,549,661,666,631
659,530,550,662,670,629
655,545,547,656,669,629
654,546,547,656,668,629
654,547,548,651,670,630
647,544,542,661,672,623
660,540,543,656,665,630
649,536,540,660,672,625
657,546,549,650,671,631
650,538,534,663,668,629
658,551,548,649,670,630
659,549,537,664,667,626
651,550,531,663,671,623
660,546,547,663,660,632
648,543,539,657,665,622
658,543,547,651,669,634
660,543,536,661,666,631
649,538,541,659,670,627
648,545,533,661,674,622
651,535,542,657,664,629
660,540,529,664,670,622
659,537,539,663,663,628
662,540,542,651,668,634
655,544,537,654,668,629
659,534,535,658,665,630
656,543,523,660,656,632
655,540,532,659,667,628
651,528,533,662,661,632
649,538,520,659,671,622
660,523,531,664,658,632
655,532,519,663,669,626
656,511,522,660,670,623
658,512,530,661,659,633
662,496,521,650,670,633
656,501,516,659,663,629
662,490,519,648,671,632
660,484,518,662,658,632
656,486,514,650,671,632
648,481,497,655,667,633
659,473,510,660,665,629
650,468,496,662,669,626
660,470,505,663,661,632
661,455,506,660,671,623
650,470,494,653,667,634
660,467,494,664,670,624
652,468,495,654,669,633
660,451,505,660,663,629
660,460,490,660,666,630
661,446,503,660,671,621
648,452,488,661,667,627
654,458,499,664,659,630
648,454,486,660,665,631
654,455,489,650,668,634
660,448,499,653,668,628
660,436,497,664,660,631
658,447,499,651,672,631
662,433,497,658,667,625
660,429,492,659,672,622
659,439,490,649,671,632
653,436,487,653,668,633
651,435,490,660,671,621
656,431,480,649,669,634
661,421,486,653,670,629
654,424,471,654,668,632
661,420,482,659,664,629
649,417,466,658,668,629
658,422,476,661,659,634
662,415,475,662,658,631
653,406,471,663,672,623
649,423,468,660,667,630
655,420,471,647,668,632
649,422,479,659,665,629
654,423,476,648,671,633
661,407,476,658,670,623
653,422,470,650,667,633
649,427,469,654,671,633
657,420,481,651,670,631
658,424,478,660,662,633
662,421,483,657,658,623
654,427,482,657,668,628
657,426,479,660,662,631
658,420,483,659,662,631
659,425,476,662,659,631
655,426,481,648,671,633
648,421,471,657,668,633
655,421,483,657,666,625
649,430,470,654,669,633
657,427,481,650,669,634
659,422,482,656,665,631
657,414,475,661,659,633
660,415,484,657,670,627
656,431,481,661,659,632
659,429,480,660,660,635
658,423,484,657,668,628
648,433,472,661,670,622
645,429,482,656,663,627
655,434,487,649,672,631
647,428,470,649,670,631
647,429,483,655,666,636
654,431,476,659,666,630
647,423,473,663,670,626
657,428,488,648,670,631
658,429,488,657,668,626
660,430,488,650,668,630
660,431,478,660,669,623
660,422,476,663,661,630
653,435,484,662,655,631
646,429,484,647,667,634
655,436,479,647,672,635
654,434,485,650,667,634
647,437,475,655,665,633
648,436,477,649,669,635
645,431,476,663,667,625
658,433,488,654,662,630
657,428,489,659,667,628
660,433,489,653,666,631
652,426,478,663,668,626
656,429,489,657,662,631
645,434,475,648,670,632
647,439,490,655,666,633
657,426,492,653,667,630
651,432,482,656,667,629
660,430,488,664,659,632
657,444,489,649,666,631
649,447,483,652,667,636
652,434,487,662,670,623
647,441,480,649,669,630
652,454,491,659,658,633
654,461,496,662,671,623
658,466,502,663,667,627
653,478,500,661,658,633
657,479,505,660,663,629
658,479,508,662,671,623
654,492,503,662,658,632
655,493,504,662,672,623
658,482,509,664,669,625
657,499,497,662,662,632
661,502,517,649,672,632
646,506,503,657,667,632
659,517,517,650,673,630
663,514,520,665,660,628
656,527,525,651,671,629
652,519,523,660,668,627
648,528,515,655,670,632
654,512,527,662,661,632
662,514,525,665,660,630
658,512,527,660,659,631
654,530,514,662,675,619
663,516,526,663,661,631
658,514,531,662,664,630
655,516,528,659,669,628
652,516,526,660,665,626
664,523,524,650,673,633
660,524,530,650,675,631
650,523,514,662,674,620
649,520,523,660,670,626
661,515,525,661,667,629
659,529,527,650,675,630
663,520,524,655,671,631
658,526,530,652,669,632
651,517,523,662,675,621
659,524,522,651,673,632
652,527,514,663,674,620
662,525,514,648,670,633
651,518,525,662,667,628
661,521,531,652,672,632
657,518,514,660,663,631
650,524,519,659,662,632
651,519,519,665,673,621
660,523,523,651,670,632
661,522,523,655,671,629
662,515,526,661,663,632
652,519,519,662,675,622
654,528,510,664,669,626
660,524,516,662,664,630
661,527,520,658,667,629
659,513,524,663,657,633
656,514,521,662,662,629
657,528,509,658,667,631
655,516,522,660,661,629
652,525,508,663,669,622
662,526,517,664,659,629
663,521,518,653,666,632
652,521,519,663,657,630
652,519,504,662,666,626
660,521,511,662,657,630
663,507,503,659,662,627
649,514,503,662,668,620
662,514,512,654,665,632
660,500,503,661,669,621
658,513,495,663,657,628
664,506,507,658,660,627
654,501,493,661,663,625
662,505,506,658,663,628
657,508,500,649,667,632
653,497,493,664,664,624
660,489,505,660,670,620
656,505,502,649,669,633
659,505,506,660,660,632
653,497,505,662,657,630
662,502,507,656,662,628
663,499,508,658,665,627
656,498,502,661,669,622
661,495,506,662,671,624
650,511,493,655,667,634
660,509,507,653,658,632
658,509,507,660,660,630
659,495,508,659,658,630
657,511,507,660,655,630
662,506,511,653,663,629
660,507,508,657,654,630
659,504,509,655,659,625
651,509,499,650,658,630
660,504,510,658,652,625
658,506,506,649,660,627
650,497,504,662,650,626
658,501,510,658,654,623
658,494,511,662,654,624
656,508,507,661,647,627
659,505,512,647,655,627
642,509,499,656,649,625
642,506,496,659,650,627
652,506,508,661,642,628
657,506,514,649,655,630
647,501,499,663,653,624
656,492,512,658,657,617
654,495,508,659,648,623
655,496,510,652,651,625
646,495,495,661,653,623
646,505,502,664,643,626
654,501,510,647,656,626
656,502,509,658,644,624
655,491,509,656,650,625
653,503,509,657,648,625
649,492,504,662,653,619
649,505,508,660,643,628
643,507,500,652,651,629
644,496,499,663,652,620
654,497,511,659,652,621
652,489,508,661,653,618
647,508,508,663,637,628
655,501,511,652,649,625
652,492,507,660,648,618
644,510,500,653,644,625
650,508,506,663,636,627
643,502,499,663,648,623
646,507,504,659,650,619
640,503,491,662,645,623
639,497,512,661,638,627
646,494,511,660,650,618
640,512,502,659,643,623
653,493,512,657,641,623
649,511,508,649,646,627
640,507,499,663,641,623
653,506,514,658,639,625
642,511,503,659,643,627
650,496,510,658,634,625
638,512,499,663,643,617
651,513,514,650,643,626
648,511,508,648,644,628
645,513,499,658,638,628
653,507,511,660,635,627
651,510,512,648,642,624
647,508,516,650,641,630
649,508,512,649,640,627
642,504,500,662,641,620
640,508,514,655,640,620
637,497,508,661,644,616
650,509,514,656,637,627
650,508,512,659,639,626
641,512,502,653,640,628
644,497,503,662,641,623
652,509,517,649,641,628
647,510,512,658,637,624
645,510,513,649,641,628
645,498,507,662,644,619
644,512,511,659,639,628
652,499,507,663,644,618
648,510,512,647,643,627
646,512,510,663,644,617
647,513,501,654,639,628
646,513,511,663,634,626
645,514,512,650,645,625
638,512,499,660,643,624
644,515,511,663,636,625
645,512,512,661,633,626
648,510,513,647,646,628
648,511,513,648,646,627
643,498,512,652,642,623
650,508,513,663,641,624
649,511,514,660,644,619
646,499,513,659,637,625
633,512,509,660,646,614
648,499,511,658,649,614
650,503,505,662,645,613
649,509,514,657,643,618
644,502,507,651,635,622
645,517,510,658,633,621
642,513,499,655,642,622
650,510,515,647,639,622
645,508,514,660,634,610
644,511,513,650,644,620
643,512,502,654,644,622
643,499,511,659,646,612
645,509,515,647,644,619
632,516,506,657,646,611
640,512,502,654,647,620
644,511,513,658,642,620
642,515,512,655,637,620
638,509,513,649,645,623
643,510,513,663,643,617
639,513,514,648,640,620
644,513,498,660,642,617
646,512,514,647,644,622
643,507,513,661,633,622
640,512,511,659,634,620
641,511,498,660,641,617
641,510,512,656,639,620
641,509,512,648,640,615
632,502,501,659,640,607
639,499,512,665,639,605
639,510,512,649,629,614
639,513,509,665,624,615
635,513,511,658,631,613
638,496,510,658,633,607
634,497,506,661,636,604
627,506,499,663,632,608
624,511,496,659,622,611
637,510,512,659,618,610
628,509,507,648,619,611
628,513,498,661,614,608
636,498,510,660,616,600
620,504,504,663,612,599
632,514,499,660,609,611
630,515,512,659,602,604
633,508,512,664,599,608
635,508,507,649,608,608
631,503,513,660,604,610
633,513,510,661,614,599
631,516,512,651,615,608
621,510,499,660,611,610
633,507,509,662,617,602
624,506,499,661,618,609
636,513,497,655,618,615
638,498,511,658,625,603
639,514,500,656,623,615
639,513,510,659,630,608
638,498,511,660,628,608
628,513,506,663,628,609
633,515,499,660,628,616
644,506,512,648,631,619
640,502,506,664,635,611
647,515,500,659,631,617
646,515,500,661,634,615
648,512,511,649,625,619
645,514,515,647,636,620
646,515,512,660,639,621
652,511,516,647,641,611
653,512,511,664,641,615
641,516,499,661,641,620
641,514,508,663,644,617
657,511,515,650,648,621
651,500,512,660,648,614
644,515,514,648,650,620
649,503,509,664,651,612
657,509,501,662,647,614
650,515,504,655,646,620
650,518,500,660,638,620
652,506,515,663,643,617
646,523,501,664,650,614
654,523,512,660,639,621
650,522,504,658,647,619
658,523,500,661,646,618
654,521,512,657,645,617
654,524,514,653,642,618
650,511,510,666,651,611
659,509,518,663,641,622
655,524,506,655,640,621
655,524,513,657,652,612
645,520,513,662,644,619
661,522,516,659,648,623
659,522,512,650,638,621
653,529,515,656,648,615
653,527,520,662,642,621
659,525,513,660,646,620
653,516,517,660,644,619
649,531,506,661,648,614
648,533,505,664,643,620
647,534,506,662,640,622
656,529,512,664,650,612
659,532,519,655,649,623
652,538,507,657,646,624
658,520,519,661,654,619
653,533,523,650,651,612
654,539,520,648,650,621
