=~=~=~=~=~=~=~=~=~=~=~= PuTTY log 2023.11.03 00:54:14 =~=~=~=~=~=~=~=~=~=~=~=
571,633,643,645,502,577
575,630,642,637,491,580
579,626,644,651,495,582
574,633,649,634,498,583
568,636,633,644,502,574
577,616,645,648,489,583
578,627,644,637,494,583
573,616,645,647,488,583
576,630,645,637,497,584
577,632,631,649,500,580
563,632,636,643,500,576
569,636,631,647,501,577
568,628,637,638,494,574
577,628,640,644,496,584
575,632,632,647,501,582
573,628,642,644,497,582
569,621,647,645,493,576
579,618,645,650,486,582
574,636,645,633,502,582
574,635,649,635,498,581
578,618,644,648,491,583
579,630,635,644,497,585
574,615,645,647,488,580
576,628,642,644,497,582
572,634,646,635,500,581
563,636,631,645,500,576
577,622,643,646,494,584
564,623,638,644,496,574
578,633,635,648,500,582
575,631,644,641,502,582
570,633,646,633,501,582
575,633,646,634,499,583
570,635,633,647,503,578
570,633,632,646,500,575
574,608,647,647,489,582
573,633,645,633,502,579
568,635,632,644,501,575
576,628,648,636,497,583
577,630,635,648,498,583
567,626,642,644,494,574
578,630,641,644,497,584
574,634,648,633,501,581
569,633,632,646,501,576
574,620,633,641,492,583
577,617,644,650,490,584
574,633,644,640,500,580
564,630,638,644,498,574
571,632,630,646,502,576
576,632,648,633,501,583
579,631,637,647,493,582
566,624,645,643,491,578
571,626,626,645,501,579
577,614,645,646,486,582
574,625,631,648,502,579
564,629,643,645,496,583
573,630,636,647,499,585
567,631,642,644,496,574
565,628,635,643,503,572
580,625,643,644,492,583
578,630,633,648,500,584
576,623,644,645,495,583
575,627,644,649,494,582
575,634,647,636,500,580
571,635,631,649,500,578
579,617,644,646,492,584
575,635,632,642,501,581
574,617,647,646,489,581
566,631,639,644,500,573
570,624,648,646,492,577
575,631,636,648,499,585
571,630,648,636,499,584
576,632,646,638,499,584
570,612,646,646,491,578
575,630,642,639,491,583
574,631,647,633,498,582
574,631,648,628,495,579
573,629,642,641,499,585
578,630,640,646,496,584
576,632,643,634,499,582
576,632,634,647,499,583
567,636,633,646,502,575
574,635,645,637,501,580
576,621,645,646,484,583
573,633,639,637,499,574
579,625,643,643,492,583
567,624,647,644,492,577
574,636,645,635,502,573
571,624,645,645,491,576
576,634,629,649,498,580
574,618,644,650,496,585
578,627,643,643,499,582
578,625,641,648,494,582
574,633,646,637,502,580
577,620,646,648,490,584
579,632,635,647,500,582
568,635,633,644,503,574
577,629,643,639,500,580
568,624,644,642,492,579
576,616,647,646,489,581
576,634,649,635,501,577
568,624,645,645,495,577
568,633,633,646,501,573
570,636,631,645,502,578
572,634,646,636,501,579
574,632,643,639,502,580
572,618,648,648,496,574
574,623,643,644,494,583
577,617,643,642,500,580
574,633,645,635,503,580
572,621,645,646,502,581
570,626,626,646,502,576
569,614,642,645,492,576
576,633,636,647,499,577
568,633,632,646,501,576
579,633,636,649,500,585
577,628,642,649,490,578
572,618,648,647,489,580
577,619,643,649,490,582
574,633,645,635,503,580
576,625,644,650,492,583
575,636,645,635,500,581
574,635,629,649,499,579
578,630,637,648,498,585
574,626,642,645,496,580
573,617,646,648,488,580
575,635,645,635,501,582
578,625,635,643,494,585
570,621,647,645,492,579
576,626,643,645,494,583
566,622,644,645,493,578
573,619,647,648,490,581
569,633,632,648,502,576
574,632,645,640,500,580
578,625,642,645,495,583
565,633,632,651,490,585
579,629,637,646,500,582
578,631,637,645,498,584
580,617,642,642,495,581
578,629,643,643,498,583
571,618,646,648,489,578
567,631,637,642,500,575
575,632,643,640,499,582
567,626,642,644,499,574
573,625,630,648,500,580
567,623,645,643,493,579
576,634,646,633,501,581
576,632,632,648,500,585
576,632,630,647,500,580
576,632,636,644,497,584
574,635,633,648,500,582
574,625,647,645,493,578
577,630,635,647,499,583
573,631,630,646,501,577
575,632,633,648,501,580
577,632,646,635,498,584
578,619,643,649,489,583
576,621,642,647,494,585
575,629,645,639,499,585
574,638,645,635,503,583
571,627,643,650,487,584
577,630,643,644,497,583
581,631,641,645,497,584
566,631,633,645,501,574
574,618,644,647,497,583
574,632,646,636,501,584
578,624,642,651,497,574
580,630,636,646,498,585
576,618,645,646,487,581
576,632,642,637,498,584
576,632,641,639,501,580
575,630,641,640,501,585
572,635,629,652,501,582
578,618,641,647,492,585
575,626,636,641,499,582
576,634,643,635,500,584
570,629,644,639,498,583
568,628,637,642,495,574
566,636,635,644,502,572
565,632,634,645,501,573
579,622,638,649,492,583
571,631,638,641,498,583
566,625,639,644,496,575
577,619,638,649,488,583
574,627,628,635,501,576
580,633,637,642,497,584
573,636,643,637,501,581
574,619,640,650,489,584
567,633,625,651,501,581
574,627,638,644,493,583
572,633,643,638,503,581
573,632,628,648,500,585
578,629,638,640,498,583
564,635,629,645,503,573
576,629,640,641,498,587
577,632,632,649,499,582
564,622,628,642,501,570
578,629,638,643,495,583
575,628,641,633,492,584
576,634,644,632,499,582
573,632,639,642,499,583
568,637,628,646,503,576
565,634,630,646,483,584
568,635,627,647,504,576
575,632,644,636,498,581
571,611,642,648,490,579
576,619,643,651,490,583
579,629,638,638,499,586
577,629,640,642,498,585
577,620,643,647,490,582
568,635,627,648,502,578
578,629,636,647,498,584
576,631,643,635,499,583
580,620,640,649,491,585
580,630,639,644,497,583
565,628,640,645,497,575
574,633,643,633,501,583
575,621,642,651,491,583
573,634,635,642,497,581
582,630,634,649,499,584
575,630,630,650,499,585
568,634,629,645,503,573
575,631,646,639,497,585
574,618,642,636,503,582
573,624,644,634,501,582
575,628,637,639,496,579
579,632,633,643,495,583
573,638,642,635,503,580
576,636,637,635,499,581
577,631,645,634,498,584
575,635,642,635,500,580
566,624,632,638,501,572
561,636,629,646,503,574
580,630,630,645,500,584
577,631,635,647,498,586
571,636,628,648,502,576
563,629,637,647,497,574
570,630,639,643,499,582
577,620,641,649,491,584
570,636,627,648,503,576
576,624,639,646,494,583
577,631,635,646,497,586
578,611,641,649,490,583
575,633,629,646,499,582
574,619,642,650,488,581
564,630,633,644,496,574
572,637,642,634,501,580
577,622,638,646,496,584
564,636,630,644,500,574
565,621,635,645,497,575
576,634,632,649,499,582
568,621,636,641,488,577
564,632,632,646,505,574
574,633,641,635,502,581
558,628,638,643,495,575
578,620,642,648,490,582
574,629,644,641,501,580
575,624,645,636,499,583
579,622,639,648,492,584
565,629,636,639,497,571
578,628,640,643,498,585
578,633,640,644,499,580
576,631,645,642,497,584
569,638,627,648,503,577
569,622,641,644,492,577
579,618,639,647,495,581
579,626,639,645,496,584
577,624,638,645,497,582
573,633,644,634,503,581
579,630,634,646,499,584
568,624,641,644,498,581
577,631,633,638,497,583
574,629,639,645,497,584
576,632,639,638,502,581
566,628,640,645,497,578
574,632,639,640,498,582
573,618,642,649,487,582
573,638,641,633,500,582
563,632,632,644,501,574
579,628,639,644,495,581
566,621,634,634,498,576
573,633,627,645,504,577
566,627,638,644,494,574
565,628,639,646,496,574
565,625,642,643,495,575
576,629,638,645,499,581
574,626,634,642,496,583
568,619,642,647,492,579
568,624,642,649,500,583
576,628,637,649,495,583
575,628,638,644,496,583
575,623,639,645,492,583
566,634,627,646,498,572
574,632,642,631,498,580
572,635,643,633,501,580
570,620,644,646,490,578
570,625,622,645,501,579
575,620,641,649,491,584
570,633,646,632,502,581
576,636,640,651,494,582
569,624,643,645,494,577
575,617,642,649,491,584
572,619,643,648,489,583
572,636,640,636,503,580
574,632,642,639,497,582
569,620,645,648,487,581
570,620,639,650,490,582
573,634,640,648,488,574
567,631,644,633,499,583
575,631,642,642,499,584
563,636,635,643,501,575
575,629,642,642,500,584
565,637,628,639,504,571
571,635,643,638,502,579
566,637,630,645,505,575
570,618,644,647,490,583
572,628,639,644,494,584
573,619,645,649,490,583
563,633,635,647,505,573
569,623,644,647,491,579
569,618,644,648,488,580
576,629,640,641,498,585
570,634,642,637,502,579
568,636,629,647,492,584
576,630,636,646,499,583
575,629,635,647,497,584
573,630,631,649,502,581
565,625,635,640,495,573
575,618,643,649,490,583
573,633,631,649,500,581
571,619,640,649,485,583
577,627,638,639,496,583
563,628,638,647,499,583
578,629,639,642,497,584
561,636,630,644,502,574
574,632,640,641,500,581
562,632,633,645,503,573
573,633,644,634,501,580
572,624,642,642,501,582
565,620,636,646,490,576
572,633,643,635,501,580
568,619,646,648,489,583
575,619,643,650,489,580
572,635,641,639,500,581
569,635,645,635,501,581
576,623,636,646,499,584
574,628,637,646,499,585
566,633,630,646,502,574
565,635,642,636,503,581
572,633,642,638,502,580
574,629,637,643,497,585
574,629,634,647,500,584
566,634,626,650,501,578
573,630,640,642,501,581
575,620,636,643,489,580
576,630,640,642,497,583
575,628,640,646,499,581
575,619,642,649,490,584
568,623,644,645,492,578
575,633,644,637,501,582
578,629,638,647,496,583
573,633,633,648,499,578
577,627,635,647,496,583
561,630,636,643,494,573
571,637,645,629,503,581
574,628,646,637,499,584
568,629,646,635,498,582
572,631,644,634,500,583
570,636,642,633,501,580
570,626,630,642,503,578
566,624,643,646,490,577
572,625,643,639,500,581
569,628,640,645,495,585
565,622,642,646,494,575
569,635,642,634,502,581
575,617,642,651,492,586
567,637,627,646,501,576
570,629,637,644,499,582
565,636,629,647,502,574
573,632,645,633,500,582
573,632,645,633,503,582
576,628,640,641,498,582
572,630,646,634,500,581
571,637,640,638,489,580
571,641,643,633,504,581
575,629,642,641,499,583
575,629,636,641,498,584
561,622,643,646,492,577
572,634,643,635,501,580
563,630,633,645,498,574
570,632,643,635,502,581
572,629,644,636,499,583
573,632,643,634,499,581
571,634,628,647,502,579
572,633,640,641,502,581
565,635,627,646,503,579
572,629,645,635,498,582
566,623,644,643,494,577
569,633,628,647,502,575
565,632,630,645,503,574
572,629,644,636,498,583
565,635,633,648,502,571
574,634,640,640,502,580
574,630,643,641,498,582
570,636,642,630,502,577
573,631,642,644,498,584
573,622,644,629,502,581
563,632,639,644,495,574
563,632,637,643,498,574
574,624,639,644,492,582
576,629,629,650,499,584
575,627,633,644,498,581
573,633,644,632,500,581
570,634,631,647,502,580
577,627,637,642,489,582
567,637,629,646,502,576
569,615,642,645,494,578
572,632,644,636,501,579
576,629,630,647,498,585
566,615,644,645,491,577
577,630,633,646,499,583
574,621,642,647,492,583
573,617,642,649,491,582
570,636,645,637,501,582
568,633,635,647,497,573
575,629,644,638,499,584
563,634,630,646,503,574
567,619,643,648,490,582
570,636,628,645,503,578
573,632,644,635,499,584
568,619,641,651,489,579
564,635,628,646,502,573
571,633,643,634,503,582
568,621,646,647,491,579
575,631,629,648,500,582
570,624,640,645,495,583
574,633,639,641,501,582
563,627,638,643,501,574
571,629,635,644,498,584
573,633,643,633,503,581
573,631,641,640,503,581
573,628,640,639,492,582
575,633,623,644,500,578
570,621,644,647,489,579
572,619,642,650,488,583
574,634,627,648,502,581
564,622,642,645,492,576
575,630,634,647,498,585
575,632,644,634,499,582
572,629,640,641,500,584
564,626,640,644,493,576
564,634,633,645,498,576
573,632,636,646,497,583
575,619,643,649,489,585
574,632,645,634,499,581
575,631,642,637,492,584
564,630,639,644,499,574
564,630,637,645,495,575
563,622,634,646,491,577
575,632,629,648,501,582
572,618,643,649,490,579
563,629,642,644,496,574
575,629,638,641,496,585
576,620,642,649,491,583
577,617,643,649,491,584
561,629,634,636,496,575
571,632,627,643,495,580
566,636,629,645,504,576
574,624,638,644,494,582
568,632,646,636,500,584
573,627,638,645,498,582
574,628,642,640,499,584
567,623,642,647,493,576
576,632,633,649,500,583
577,632,632,648,498,583
568,630,636,646,498,584
572,633,643,635,500,583
568,631,641,640,500,583
573,634,642,640,501,581
563,620,645,648,490,579
575,627,640,651,493,585
574,631,645,634,499,584
570,617,642,648,490,580
574,625,638,638,492,584
572,631,643,633,499,583
574,618,641,648,489,586
577,627,641,647,495,583
566,625,642,645,493,578
577,621,641,649,489,584
572,618,630,646,504,571
573,632,643,639,498,583
576,623,641,648,496,586
570,622,644,644,503,583
575,622,639,647,497,584
575,631,640,645,499,584
575,620,641,649,490,583
568,616,645,642,486,582
577,631,630,649,500,583
573,621,643,635,502,582
562,626,641,643,498,577
564,636,629,644,505,576
565,624,643,639,494,578
570,636,641,636,504,581
567,625,641,645,494,580
570,631,643,635,501,581
567,633,629,646,503,576
569,630,635,646,499,585
575,621,641,647,497,583
570,637,641,635,505,581
570,634,645,639,500,581
574,629,632,648,499,588
574,629,645,636,502,585
574,631,640,640,502,583
562,619,642,645,491,579
563,629,639,644,500,576
575,621,633,643,500,587
572,616,644,648,491,581
572,617,644,651,491,582
568,636,627,648,506,577
569,633,629,646,504,576
570,625,636,649,497,583
574,630,639,634,495,580
576,631,646,637,501,587
574,629,643,641,494,581
573,634,641,641,502,582
568,618,642,645,491,581
571,624,644,635,500,584
576,621,639,641,497,584
575,615,644,649,491,583
570,633,640,641,499,583
562,635,629,644,504,576
575,618,641,650,493,584
568,627,639,643,500,584
573,619,646,643,500,585
564,616,642,648,492,579
569,632,645,634,505,582
570,632,628,649,504,580
565,634,627,646,505,574
566,633,628,649,504,581
572,632,640,636,502,583
565,633,630,646,505,575
575,628,638,642,498,582
562,631,633,648,508,574
574,625,639,647,499,586
572,617,644,647,485,583
573,632,639,638,501,581
572,629,644,637,500,582
573,631,642,636,502,582
573,617,643,649,488,585
576,624,638,649,496,583
575,623,633,642,494,586
574,618,643,650,492,582
575,628,635,639,499,585
563,631,627,643,502,582
572,627,644,634,499,584
560,629,638,643,502,574
573,621,641,650,493,584
575,623,639,645,498,583
568,633,628,647,502,580
576,627,633,647,501,583
572,630,642,638,502,582
570,632,644,635,501,584
570,615,640,649,485,579
575,618,639,648,491,586
572,630,630,648,501,582
576,625,639,642,499,584
566,632,625,648,504,582
563,620,643,646,494,577
563,628,636,645,502,574
573,628,641,644,498,587
573,627,647,641,500,585
572,635,641,639,504,582
572,633,645,637,496,579
573,627,642,639,500,584
561,632,630,646,504,576
572,630,644,634,505,581
574,629,632,647,500,585
574,608,640,650,489,584
571,628,632,648,500,585
570,631,630,649,503,584
573,629,639,644,499,586
567,629,639,641,500,583
577,626,636,645,500,586
572,628,641,640,499,587
563,620,644,647,493,577
574,614,635,644,498,586
566,632,637,645,499,575
572,627,638,643,498,587
573,620,641,634,500,582
561,622,642,646,498,577
571,631,641,637,505,582
571,631,640,642,500,582
574,627,642,640,500,584
571,630,640,637,502,583
571,634,645,635,502,582
576,620,643,635,502,583
569,618,642,649,493,585
571,633,639,640,504,581
565,633,627,647,503,579
576,632,633,645,498,586
566,617,645,646,495,578
563,634,630,646,503,578
573,628,640,643,499,583
568,615,643,644,496,576
566,633,631,648,504,581
574,617,646,635,498,584
563,627,639,646,497,575
569,615,645,646,492,581
572,628,639,645,499,584
561,623,642,645,495,581
573,616,642,648,491,585
563,636,632,644,502,576
574,623,640,652,498,587
565,634,632,648,503,577
573,618,645,647,490,582
572,629,640,638,498,584
577,620,643,642,499,585
570,616,643,646,492,579
563,625,640,645,497,577
574,615,643,654,490,584
575,617,643,650,495,586
574,630,636,648,500,585
564,634,636,645,502,575
569,632,629,648,504,577
574,628,641,641,499,586
572,617,644,648,490,583
570,635,644,635,502,582
567,620,642,643,495,577
569,631,629,642,498,583
561,628,643,644,502,574
569,632,628,648,502,581
569,628,641,639,500,585
568,635,629,648,500,574
572,622,645,647,491,582
576,620,641,649,493,586
570,634,629,648,505,578
573,631,645,634,502,582
572,629,640,640,501,582
562,636,628,647,499,576
563,631,632,638,501,572
572,632,643,634,504,581
569,633,627,650,498,575
567,617,646,648,492,579
563,630,635,645,500,574
556,634,636,645,506,577
569,633,643,636,506,581
569,633,628,647,504,579
574,629,644,639,502,585
564,621,644,645,493,579
565,630,628,646,505,576
571,632,644,634,504,582
575,623,639,647,500,584
563,636,627,647,505,576
575,618,635,643,500,585
571,632,642,637,503,580
578,627,642,639,499,586
573,628,644,636,503,581
575,629,626,641,499,580
571,623,638,647,495,586
573,625,638,650,500,575
575,620,646,635,503,584
572,631,640,639,508,582
571,630,639,633,502,581
571,628,641,642,498,584
555,616,645,647,492,578
571,628,645,635,500,583
574,615,640,652,492,586
573,631,628,650,504,581
578,626,638,644,499,586
572,631,647,635,503,582
574,631,639,640,500,583
562,631,636,644,501,574
560,630,634,643,499,575
562,628,635,646,506,575
575,632,644,640,501,585
563,632,634,643,503,574
571,634,641,638,504,582
563,637,629,645,504,576
572,630,640,642,501,582
571,636,645,636,505,580
571,638,629,648,501,580
574,638,642,641,502,581
572,633,645,633,502,583
570,635,644,633,504,582
562,635,641,647,498,573
570,623,644,643,493,579
575,634,636,645,500,584
578,634,641,643,498,585
563,628,638,647,498,575
575,634,640,646,500,584
574,631,642,640,498,583
563,640,637,646,500,575
570,622,646,647,501,581
572,638,645,633,503,581
565,641,625,641,503,571
574,627,632,650,502,580
568,624,643,647,495,579
572,621,644,652,492,579
573,634,645,635,501,584
578,632,641,645,500,584
576,633,635,647,500,586
566,630,642,644,498,575
570,640,628,648,503,576
575,638,642,641,501,582
563,632,637,645,500,575
580,631,642,646,497,585
578,636,643,637,502,582
580,622,640,647,495,583
570,627,645,648,495,578
566,634,637,644,505,574
577,641,642,639,505,579
576,636,643,645,495,577
568,637,631,649,507,573
579,633,640,647,499,584
569,624,647,647,491,576
577,636,647,637,505,574
580,624,645,648,493,583
567,640,633,648,505,573
576,636,645,636,503,581
578,633,643,643,501,583
565,635,631,648,502,574
571,627,644,646,496,574
575,629,643,648,495,579
570,625,639,642,493,572
578,633,642,641,498,581
567,632,641,643,499,571
576,635,648,634,502,579
572,636,631,649,502,579
582,621,644,644,497,582
579,630,641,646,499,580
577,629,641,646,497,580
569,639,634,648,504,571
568,630,636,645,499,570
579,623,644,652,493,580
577,622,641,644,489,573
582,631,644,647,501,579
575,635,634,651,503,578
573,637,634,647,503,571
580,619,648,650,490,579
573,636,630,650,503,574
575,623,648,650,493,575
578,632,651,644,499,580
572,622,647,648,498,580
573,637,633,651,503,576
575,638,632,652,504,574
571,637,639,650,497,571
574,623,647,653,490,580
578,624,644,652,491,581
570,630,642,648,496,571
582,635,650,638,499,579
577,638,650,637,500,582
585,636,636,652,501,579
579,636,650,638,503,579
570,626,647,650,494,577
585,630,644,650,498,578
584,619,646,652,494,581
579,638,648,639,500,581
581,634,646,644,501,580
577,621,648,652,491,582
576,632,643,652,496,581
569,633,643,647,498,573
581,636,641,649,499,582
580,638,651,639,501,581
572,639,646,642,502,579
571,641,634,649,502,572
570,636,640,647,505,572
580,625,642,647,489,578
577,616,651,652,491,578
571,638,635,649,499,569
574,641,634,651,504,568
567,641,642,639,503,569
579,636,648,646,502,581
581,640,638,653,501,578
581,623,647,653,493,581
568,633,644,649,494,569
577,636,650,639,502,577
569,634,647,649,498,571
575,642,648,641,504,576
578,626,648,653,493,579
576,631,639,652,500,578
571,636,637,654,500,578
568,637,643,649,502,569
581,622,645,652,493,581
577,638,651,638,502,577
579,634,639,643,497,574
575,641,634,652,504,574
578,623,650,655,489,578
569,642,633,652,504,571
570,632,645,649,499,570
582,625,647,657,492,579
574,640,647,640,504,577
578,640,633,652,505,575
578,634,638,653,501,580
580,623,645,655,495,578
567,643,639,648,499,570
580,633,645,648,500,578
582,636,641,650,500,578
571,639,647,639,501,578
580,626,645,654,492,579
567,632,645,647,496,571
578,642,648,640,503,577
574,634,645,650,497,578
580,626,646,652,498,580
565,640,640,649,506,571
578,631,644,651,495,579
577,635,644,647,499,579
578,633,646,647,500,578
580,623,647,652,493,579
580,631,644,649,499,579
580,623,648,653,490,580
578,638,648,640,496,578
569,641,639,649,503,568
582,637,650,641,498,578
574,643,629,653,504,571
577,636,651,642,502,578
570,629,647,652,495,571
576,636,646,649,501,579
575,641,648,640,505,577
580,624,648,652,490,580
570,641,646,641,504,576
577,622,651,652,491,576
568,627,647,651,493,574
576,635,643,648,501,577
571,638,647,645,502,577
565,637,639,648,502,569
572,622,648,652,492,577
567,641,635,649,505,570
567,639,635,651,504,571
569,622,645,650,496,572
577,642,648,643,497,573
568,641,636,650,504,569
579,636,646,647,500,581
576,637,647,645,503,578
576,626,648,651,489,578
574,633,649,639,504,578
578,644,647,639,505,578
573,623,647,652,490,580
584,629,644,653,498,575
574,640,646,638,505,579
580,638,634,651,501,578
578,635,644,646,501,577
571,639,648,638,503,579
577,639,650,637,503,578
575,624,649,651,491,576
580,614,648,656,492,582
568,630,647,648,497,572
568,630,643,643,495,571
574,637,634,652,505,576
572,640,634,650,503,571
579,637,650,637,502,580
575,639,650,638,504,579
571,641,634,652,505,572
572,632,647,650,495,574
581,635,645,649,499,582
576,641,647,638,504,580
570,640,637,648,501,572
575,641,646,641,504,577
568,637,641,649,505,570
580,633,640,645,494,582
571,643,633,650,505,575
579,631,644,648,500,578
577,635,645,648,499,579
581,634,644,646,500,581
579,635,639,653,503,578
579,641,645,638,504,578
580,642,646,646,501,579
582,637,637,648,499,582
576,624,647,654,492,579
573,642,631,652,502,576
582,636,640,650,503,581
577,632,642,648,498,580
579,635,644,643,499,582
580,636,646,644,501,582
576,624,648,652,491,579
579,637,633,651,504,582
582,632,644,647,498,581
578,636,638,652,500,580
571,640,632,650,504,573
582,634,645,649,498,581
567,635,642,649,502,571
578,639,649,639,499,580
570,636,637,646,499,571
580,638,650,640,502,581
581,621,647,654,492,577
578,636,649,643,499,582
579,636,649,637,503,578
575,638,648,639,503,580
571,640,631,651,502,576
580,636,648,646,498,583
579,639,634,654,501,580
577,638,645,644,500,579
576,623,647,652,492,580
578,625,651,649,501,585
579,623,648,652,492,579
579,626,647,651,493,581
579,639,633,654,503,580
579,637,649,638,502,581
581,636,650,641,502,578
578,639,636,651,503,582
576,637,647,644,503,578
582,631,645,649,496,584
581,632,647,646,501,584
580,636,644,648,499,583
579,637,644,645,503,581
574,641,642,640,502,580
566,641,638,648,504,570
566,639,642,645,502,572
571,642,634,648,505,573
577,635,646,646,502,582
582,635,643,646,499,583
567,627,649,647,495,574
574,635,644,647,500,579
579,633,645,652,496,582
569,628,646,650,495,575
576,638,646,642,504,578
575,642,649,638,506,579
578,635,646,645,502,579
575,622,649,645,486,580
580,623,647,653,494,582
579,638,650,639,501,583
576,638,646,641,501,579
581,624,648,651,491,581
578,640,649,640,502,581
581,633,637,648,493,583
572,635,638,649,502,572
577,633,650,645,499,584
562,636,644,648,499,569
570,620,645,644,497,574
581,636,641,648,499,584
568,635,637,649,501,573
577,639,650,639,502,582
570,625,647,650,494,575
574,641,634,652,503,576
574,642,634,652,504,575
574,640,633,650,503,575
574,623,650,651,492,580
579,633,644,647,498,581
580,637,646,643,500,582
581,636,644,649,500,586
580,634,648,646,499,584
566,624,647,650,491,575
576,639,648,639,504,578
560,641,635,650,504,573
572,634,643,650,501,581
581,637,646,638,499,583
581,634,638,650,501,582
570,634,644,648,500,573
567,641,636,648,501,574
577,627,644,636,503,580
576,623,648,639,504,576
575,630,645,646,502,581
578,638,645,643,500,581
570,639,634,650,505,577
578,639,634,653,504,578
580,635,649,642,500,583
581,623,646,651,492,581
571,646,635,649,505,573
579,635,645,642,500,579
569,639,637,649,502,570
571,641,630,652,502,574
577,639,650,640,503,579
574,640,634,652,505,576
580,638,636,652,502,580
577,633,643,646,500,581
582,635,639,650,499,582
569,643,639,647,504,572
569,635,636,651,500,579
576,637,648,640,500,581
572,634,638,653,502,580
578,636,649,637,502,580
582,628,644,649,494,582
574,626,648,651,490,579
579,632,645,651,498,582
576,639,647,637,505,583
577,628,644,637,502,580
572,637,643,643,503,577
576,623,647,653,491,579
575,639,647,638,502,580
568,635,647,648,498,573
578,631,643,649,497,582
574,640,646,639,504,580
577,638,644,646,501,579
574,636,642,648,501,583
579,635,637,652,499,580
579,621,646,650,492,584
581,635,636,640,499,580
570,636,650,640,500,582
571,619,646,644,497,573
579,634,650,639,502,583
576,620,650,650,490,579
577,637,651,643,499,580
579,637,649,640,501,583
577,636,650,639,503,580
575,638,647,643,503,580
579,635,645,646,494,579
577,635,636,651,500,583
578,631,647,651,497,582
576,637,647,641,503,578
569,639,634,649,505,574
575,640,649,638,500,575
577,636,642,647,498,584
566,634,646,647,498,574
578,623,645,654,491,583
580,629,644,648,494,583
577,636,645,648,494,578
576,639,634,651,502,578
570,643,629,644,505,573
575,633,649,638,504,579
578,629,643,648,498,580
569,643,631,652,503,575
565,624,635,648,501,580
575,641,647,640,504,578
578,637,649,651,492,578
566,633,642,646,501,572
576,640,649,640,501,582
577,622,647,652,491,581
574,627,647,651,493,579
567,630,647,649,496,575
576,632,646,641,503,580
576,620,648,651,492,581
573,625,648,652,489,580
574,623,647,652,491,582
579,628,637,652,501,581
577,639,648,640,509,579
575,639,649,637,506,579
581,632,640,651,500,582
582,636,632,645,499,580
577,635,628,653,497,576
577,641,648,640,502,583
581,621,647,653,490,583
571,622,646,652,495,575
581,636,638,654,500,581
578,635,646,645,497,585
578,623,644,643,499,582
568,631,644,649,497,575
581,631,648,646,499,584
579,635,635,653,502,581
580,633,643,647,497,583
577,624,648,652,489,581
573,640,632,650,504,580
582,632,644,649,500,584
579,637,641,647,499,584
582,634,637,641,498,580
577,624,648,654,491,582
578,633,644,649,498,582
577,642,648,633,492,580
576,637,637,652,500,583
579,634,644,646,502,576
575,638,645,639,504,579
578,634,644,646,498,584
574,638,647,639,502,579
568,633,644,647,499,573
571,624,648,651,490,580
566,639,633,648,502,572
576,638,634,652,503,579
578,635,648,648,497,580
575,638,649,639,503,582
578,634,633,652,502,579
575,621,650,653,492,582
571,639,633,651,506,573
570,636,646,644,501,581
565,640,638,650,497,573
580,633,632,651,496,580
573,635,648,644,498,583
579,625,645,652,491,582
567,638,644,647,498,573
578,633,645,637,497,579
579,638,644,634,501,582
576,636,634,655,502,580
581,631,645,648,496,583
580,623,645,651,505,580
577,621,650,653,492,578
580,625,644,642,499,583
576,640,649,637,503,581
568,638,641,647,494,572
567,631,644,647,497,574
581,635,642,640,500,584
579,639,643,633,499,580
580,636,650,641,499,582
574,615,649,646,495,576
578,640,647,639,504,580
577,622,648,652,490,580
580,633,645,641,500,583
572,641,633,650,503,578
578,641,649,639,504,575
571,641,634,648,498,573
581,634,643,643,498,583
580,632,639,650,501,583
573,631,643,650,498,577
580,637,642,650,498,582
578,632,642,645,500,583
581,634,642,651,501,583
565,641,634,649,503,574
579,633,643,648,499,580
569,638,639,646,503,572
577,624,644,638,502,579
577,624,648,652,492,582
581,633,637,649,500,583
580,632,643,648,496,581
571,627,649,649,492,575
580,625,645,645,500,583
575,639,646,638,497,576
581,636,636,644,500,578
576,639,647,640,502,579
574,625,650,650,502,584
576,639,648,638,504,580
579,630,633,656,491,582
580,636,643,647,499,583
570,618,641,648,494,572
576,640,635,651,502,581
581,625,644,649,495,582
572,639,632,651,503,575
566,636,641,647,503,572
577,636,646,645,502,579
565,636,640,647,498,572
578,639,650,637,503,582
578,635,644,644,499,583
577,636,632,652,502,580
574,637,632,650,502,577
562,638,631,650,502,575
577,624,645,653,493,583
577,633,645,644,500,583
576,634,633,648,496,579
575,638,645,640,505,580
580,634,641,649,500,583
578,625,646,655,487,578
581,630,640,647,500,583
574,637,632,651,501,573
573,640,648,640,503,580
576,632,646,654,492,580
572,630,646,650,501,581
576,634,643,640,499,577
578,624,644,651,495,582
575,639,646,640,504,579
574,641,648,640,503,578
564,625,648,652,492,576
573,641,648,641,503,579
577,636,648,641,501,583
576,638,646,643,502,579
573,632,645,645,499,581
576,627,649,638,502,579
579,628,649,639,504,581
574,638,649,637,504,579
569,633,645,647,499,580
580,635,643,648,500,581
577,636,649,641,501,581
576,639,648,637,503,580
574,639,632,652,505,579
580,633,650,646,500,584
576,629,643,651,497,583
566,635,649,638,502,582
575,639,634,652,504,581
572,640,647,633,497,579
573,623,649,649,490,578
566,632,644,649,498,574
578,636,645,645,501,583
568,621,648,651,491,578
580,623,648,651,490,582
572,641,635,651,505,578
578,635,637,652,502,581
578,632,639,649,499,583
578,635,636,650,502,586
579,625,635,649,500,585
576,632,646,647,497,584
570,635,647,647,494,576
578,638,643,645,501,580
576,633,643,646,501,580
576,637,647,646,502,579
577,634,643,645,500,583
576,634,645,644,503,580
576,635,648,639,500,580
578,624,645,655,494,582
573,623,650,649,491,579
578,626,647,651,493,582
579,637,645,640,502,580
564,636,640,648,501,573
577,636,647,641,500,580
559,629,644,649,500,568
570,635,649,642,501,583
574,639,635,651,502,581
572,638,639,644,501,581
573,622,649,652,490,578
575,635,635,652,490,583
566,625,648,650,492,576
565,636,638,649,500,573
577,634,644,649,499,583
569,626,647,650,493,577
569,625,648,650,491,575
572,640,648,640,502,580
574,637,645,643,506,580
569,641,633,651,504,579
578,624,647,650,491,577
574,630,645,638,504,581
564,626,649,649,493,578
576,638,645,643,500,579
580,623,648,652,491,583
578,621,647,651,491,584
575,624,646,651,490,582
576,635,646,642,500,584
566,632,641,646,496,574
573,628,644,635,504,579
564,635,641,647,499,574
576,632,643,647,501,580
573,637,632,648,504,574
567,641,634,650,504,575
570,638,632,650,504,576
579,612,638,652,493,580
577,627,643,649,494,583
582,634,644,645,499,582
574,636,638,650,499,582
577,632,642,652,496,582
578,634,642,648,499,583
568,638,644,642,504,577
575,637,648,638,503,580
577,631,641,650,496,583
571,640,631,651,503,577
578,638,630,653,502,582
580,633,648,643,495,583
578,626,646,653,493,582
568,636,633,643,502,573
572,640,636,650,498,573
576,631,649,632,494,583
566,634,641,647,497,572
574,638,643,643,503,580
577,623,646,653,493,583
579,623,644,649,495,584
565,641,634,648,502,575
574,638,647,639,501,581
575,632,643,645,499,582
579,635,648,642,501,585
578,638,634,651,502,581
579,634,644,644,503,578
578,631,636,652,499,580
569,640,633,648,503,575
575,636,650,638,504,579
574,640,632,652,503,577
579,634,645,648,499,574
579,635,641,648,500,582
574,639,646,638,504,581
577,638,650,637,502,581
571,623,649,650,489,581
569,642,634,648,505,574
579,623,646,653,493,582
578,617,645,652,495,582
576,639,649,637,501,580
573,638,637,649,502,583
575,630,640,650,490,579
580,638,638,650,503,582
573,636,632,652,497,577
575,640,632,655,504,577
578,634,645,644,500,583
574,641,646,640,506,579
565,634,641,646,499,574
582,628,643,647,495,584
566,628,647,646,494,577
577,639,630,652,502,578
576,621,644,653,491,583
567,626,646,649,493,581
566,623,648,651,492,579
576,628,643,649,498,582
574,624,646,651,490,580
581,633,638,648,495,582
575,637,648,634,499,582
575,625,648,650,491,579
572,619,645,651,493,583
580,632,643,650,498,582
568,643,633,647,505,573
576,634,642,647,500,585
578,636,648,637,501,582
573,638,649,639,503,582
573,629,646,639,504,579
579,634,640,648,499,583
577,639,651,646,499,584
577,643,639,647,499,573
580,627,633,652,502,583
573,636,633,651,503,579
568,623,637,652,498,583
572,641,645,640,503,581
571,625,647,650,489,579
576,624,648,651,490,584
574,624,648,651,491,582
577,631,652,644,499,585
574,630,646,640,504,580
580,633,642,646,498,587
566,631,643,648,497,582
573,640,648,639,503,582
576,621,646,653,491,582
567,635,647,639,504,579
574,636,646,645,501,580
577,638,647,640,503,580
579,633,643,648,489,584
576,622,628,651,506,581
579,624,645,639,501,584
572,644,632,649,506,573
574,628,633,647,504,579
576,636,637,650,499,584
580,639,650,638,503,580
577,623,643,651,492,583
576,625,643,649,502,584
578,626,641,648,493,584
572,638,646,637,503,580
577,631,643,643,497,580
578,627,645,650,494,584
578,633,637,651,501,582
579,624,646,653,492,583
573,641,643,647,497,574
568,626,648,648,495,575
578,634,647,648,496,578
564,633,637,647,504,574
567,624,637,645,501,584
567,642,632,647,503,577
576,631,643,642,491,580
567,642,633,647,505,570
572,639,649,637,502,582
577,631,637,647,500,573
572,627,647,651,493,578
576,633,642,645,497,582
579,632,647,649,500,585
574,637,634,652,495,582
578,611,645,652,492,583
576,619,648,650,485,583
580,634,638,649,501,583
566,639,634,642,506,570
573,624,651,651,491,581
568,630,645,646,493,575
577,637,645,645,501,582
575,639,649,636,502,582
570,631,632,651,504,577
574,636,635,652,502,582
566,641,634,648,502,573
579,630,645,647,496,583
575,632,630,652,497,577
574,640,642,653,492,582
577,627,633,646,503,580
575,626,644,653,493,582
581,634,637,647,499,584
575,630,646,642,498,583
560,635,637,648,502,574
576,640,647,652,490,582
580,633,652,645,498,583
560,638,631,650,504,575
574,639,647,637,504,581
573,638,647,636,504,580
567,638,635,648,503,575
570,639,631,651,502,576
572,637,634,651,502,579
564,638,641,646,498,573
579,637,634,651,503,581
578,621,644,651,487,585
573,639,648,633,503,580
574,633,645,642,498,583
571,624,648,649,492,579
559,634,642,647,502,572
577,636,645,645,502,579
564,630,640,648,499,573
576,635,646,649,491,579
576,640,648,638,496,584
572,623,648,649,494,578
572,636,640,650,502,583
572,638,647,637,504,581
568,638,632,649,504,572
567,628,647,654,492,583
572,622,643,650,491,580
563,635,640,647,501,573
566,635,635,650,501,577
576,633,650,636,499,582
579,634,645,647,498,583
574,635,634,649,500,581
577,638,649,638,500,581
572,637,631,649,504,579
578,633,642,645,499,582
577,636,648,642,499,583
565,623,644,652,490,582
577,635,650,637,501,583
564,638,639,646,502,574
573,623,647,652,491,582
566,637,633,652,502,579
571,634,646,647,495,579
577,633,643,647,497,585
574,620,636,651,502,584
577,634,640,645,500,587
578,634,639,650,500,584
572,627,650,640,499,582
566,636,638,640,502,569
579,640,637,646,500,574
580,633,635,651,495,584
569,624,648,650,494,580
574,641,645,638,503,580
576,639,645,640,504,581
573,637,648,637,501,584
565,632,643,649,497,585
576,630,643,641,494,583
575,638,647,637,503,581
577,623,642,643,501,581
566,624,645,649,493,578
568,633,635,650,502,576
576,629,645,647,501,583
565,637,645,650,490,582
576,631,647,643,501,585
573,635,626,651,497,584
578,635,648,649,493,579
577,631,651,642,501,585
574,626,646,636,503,582
573,634,648,638,501,582
571,636,632,648,503,580
571,620,649,654,491,584
571,637,635,651,501,581
569,640,643,649,496,575
573,636,647,637,504,581
566,637,632,651,505,575
565,641,634,648,502,574
566,638,635,649,502,574
576,627,647,638,501,582
569,626,648,647,493,579
566,634,638,647,495,578
568,634,638,648,499,572
566,621,643,648,499,575
574,622,648,652,490,581
573,627,633,648,502,574
575,635,642,650,499,585
562,639,640,648,506,573
572,635,644,645,501,581
572,639,648,652,500,582
567,636,633,648,502,576
562,636,641,649,500,574
574,629,644,650,495,582
575,633,641,646,497,582
576,635,639,646,500,584
570,622,648,651,491,581
577,615,645,652,491,584
576,633,640,646,502,585
573,634,648,638,501,583
576,622,645,650,492,583
574,636,643,638,503,583
574,635,632,653,504,579
579,634,644,647,500,583
576,627,642,649,495,582
576,624,649,652,492,582
576,633,645,648,499,583
562,638,636,642,499,574
576,623,646,647,493,583
563,637,635,648,504,576
570,637,645,644,499,586
573,637,632,650,502,581
573,634,627,652,498,575
579,632,642,646,499,585
567,639,633,649,503,574
576,621,648,653,492,584
573,621,647,636,504,579
568,625,648,648,492,579
577,620,643,654,487,581
563,633,643,648,492,574
569,614,649,644,493,579
577,637,637,646,495,584
565,633,640,647,499,574
577,623,646,653,491,584
568,640,632,648,504,578
566,629,647,648,493,577
577,639,647,652,490,585
573,638,646,640,504,583
577,620,647,643,501,586
565,637,632,649,506,576
575,635,633,647,502,576
577,630,641,650,500,586
573,621,646,652,491,581
564,640,632,641,506,571
573,639,647,637,501,583
576,634,632,650,502,579
559,627,644,648,496,575
572,628,644,640,504,581
574,635,648,640,498,585
574,635,644,653,492,574
564,633,637,648,498,575
576,632,645,646,499,583
576,636,648,648,495,577
571,638,648,635,502,583
578,636,637,651,501,587
579,632,648,646,499,584
572,639,639,652,486,580
573,641,646,640,506,580
579,634,651,646,499,585
575,628,643,649,495,575
574,640,643,638,503,582
574,632,642,651,497,584
574,635,647,636,504,582
573,636,645,650,498,578
571,629,632,649,504,574
565,635,644,650,494,582
573,633,649,637,504,582
578,628,644,649,494,585
565,634,643,647,499,575
570,635,630,651,503,581
574,633,632,648,503,575
565,631,639,646,504,573
572,639,645,649,495,578
567,628,644,647,496,575
572,638,631,652,504,579
565,636,635,647,506,575
575,632,647,639,492,584
565,639,648,651,502,583
576,623,648,652,489,583
570,622,647,649,493,580
572,622,648,648,491,579
577,620,636,648,502,574
567,624,645,648,494,578
576,636,634,652,503,580
575,630,644,643,498,586
574,633,647,636,501,584
577,631,642,646,500,585
566,624,649,651,489,580
577,639,648,635,501,582
574,622,644,653,492,584
571,621,632,652,501,584
571,637,645,641,504,580
575,638,643,632,501,583
574,635,642,644,502,584
571,638,647,635,504,581
572,637,634,651,498,583
570,624,641,648,500,583
575,620,645,648,494,576
575,619,641,648,500,576
573,636,644,636,502,581
563,628,644,646,494,574
575,636,648,638,502,585
568,638,632,647,504,577
578,622,648,647,503,576
566,629,649,636,501,584
575,635,643,646,499,582
579,634,637,650,502,589
568,630,630,650,504,576
574,636,642,633,500,584
569,624,647,649,495,579
566,641,640,646,505,576
575,633,644,649,496,584
573,638,645,640,503,581
565,638,648,650,497,576
576,630,643,653,493,584
576,620,647,651,490,582
574,635,642,644,499,584
574,638,643,640,502,582
577,632,647,647,500,583
574,635,641,645,499,585
574,635,648,636,502,580
569,616,649,650,493,577
574,637,643,647,500,574
572,635,645,631,498,581
561,638,635,647,502,574
569,636,633,652,503,579
573,636,647,637,505,582
576,630,642,648,500,584
573,641,632,649,504,581
576,630,645,645,495,583
575,632,644,645,501,584
570,639,631,651,501,579
572,634,647,638,501,582
576,622,644,646,501,582
574,633,644,648,498,575
567,638,647,648,496,580
568,640,626,643,503,572
569,624,645,648,496,580
564,641,638,645,503,574
574,634,649,638,501,583
574,636,642,638,502,582
568,636,631,648,504,577
569,624,638,637,495,584
572,635,645,644,499,582
569,636,645,642,499,586
574,636,648,638,501,582
563,636,635,647,504,574
565,640,640,647,499,569
563,631,640,646,499,574
565,626,638,650,502,576
571,624,647,643,491,578
571,636,632,652,505,580
571,641,644,639,505,580
565,624,638,640,502,573
567,640,633,647,504,574
572,623,647,650,490,580
569,625,636,636,502,581
579,634,647,634,500,577
562,628,641,647,496,577
573,637,646,643,501,584
568,632,644,646,500,584
574,634,647,649,499,584
572,636,632,649,506,576
571,637,647,651,502,584
573,637,641,640,504,583
569,625,645,648,494,578
572,638,630,649,501,580
575,629,645,650,485,578
566,629,642,648,499,571
573,637,643,645,506,577
577,620,639,653,489,582
575,637,632,651,504,581
576,635,632,649,500,582
575,636,639,638,501,584
576,631,647,649,500,583
570,621,646,650,491,584
568,630,639,642,494,581
567,635,647,651,490,584
575,622,647,642,499,585
577,631,634,652,494,585
578,628,647,645,502,582
576,631,643,642,500,586
567,624,648,649,492,578
569,628,630,651,502,581
572,635,642,643,500,580
575,634,649,636,502,583
563,639,638,646,494,574
571,624,648,651,492,579
559,630,641,649,495,576
577,632,645,641,499,585
575,636,647,649,502,583
576,621,644,647,500,576
575,623,645,652,493,584
563,624,648,648,493,581
566,638,643,640,503,581
565,626,636,648,498,574
570,622,645,654,491,584
575,621,639,652,486,582
572,621,646,649,491,580
567,624,632,646,504,576
574,637,645,635,504,582
577,630,649,649,493,583
573,637,645,640,503,582
576,632,637,647,500,583
574,636,643,640,500,582
577,637,647,635,502,582
576,624,644,647,503,577
575,635,648,648,492,580
564,636,638,648,500,573
568,639,626,643,503,573
576,634,643,641,501,585
574,638,648,637,502,581
574,635,631,651,502,583
575,633,637,638,501,583
574,628,644,639,503,581
576,627,643,649,500,583
578,636,646,637,500,584
576,636,632,648,501,579
566,639,642,646,500,575
573,635,631,643,500,581
574,635,631,645,504,570
565,627,644,650,492,584
564,639,633,647,505,576
564,633,646,650,491,581
565,635,636,649,492,580
580,633,645,647,499,586
571,641,631,650,505,578
573,638,631,648,503,581
569,628,644,650,495,578
568,639,631,650,491,583
576,630,644,648,499,582
565,630,639,640,498,573
571,638,639,647,501,584
564,637,629,647,503,573
570,622,647,636,504,581
576,634,646,641,494,584
574,635,645,641,499,584
573,636,638,651,493,586
573,640,645,643,500,583
569,640,631,650,503,579
576,633,644,649,505,574
578,634,632,639,502,577
574,636,641,636,501,584
568,644,632,648,504,576
577,631,644,649,501,586
576,623,647,653,490,583
571,638,627,645,504,578
573,634,647,644,498,585
579,625,643,651,494,583
577,635,643,646,494,585
571,637,630,647,501,584
573,635,633,636,498,581
574,636,648,652,490,586
575,630,643,641,501,585
577,628,643,646,498,581
575,624,641,650,496,585
572,638,646,633,503,583
573,636,640,650,493,585
575,635,648,638,502,582
575,635,647,642,500,584
573,635,646,649,501,580
569,635,647,637,501,584
575,636,641,643,502,581
566,626,646,636,500,583
566,635,637,646,499,574
577,636,643,645,499,584
557,641,636,646,503,572
566,622,644,649,491,579
569,637,632,635,502,583
569,638,631,649,503,577
576,638,646,636,502,580
574,637,649,645,500,584
563,633,643,651,504,578
579,633,640,643,499,584
575,639,643,638,505,580
576,633,642,641,501,583
566,626,644,645,495,576
573,636,631,647,502,576
577,632,644,645,498,584
574,621,643,636,504,578
567,634,638,646,501,574
576,632,638,637,505,582
574,636,633,638,504,581
574,634,642,637,491,583
573,627,643,645,499,579
574,635,639,646,500,575
575,621,646,649,489,582
574,638,646,646,505,575
576,623,646,649,492,585
573,639,642,640,501,582
571,626,646,645,494,579
571,635,630,649,503,581
576,622,643,651,493,583
572,620,646,645,500,583
572,637,646,639,501,584
564,639,631,643,494,575
567,639,630,647,503,575
576,635,643,643,502,582
571,623,646,648,493,580
572,639,646,639,503,580
573,637,647,636,499,582
579,633,635,647,499,586
571,638,632,646,496,575
570,637,632,650,491,584
565,633,639,636,495,578
571,636,632,647,498,574
564,632,636,654,493,583
569,624,647,648,493,579
577,621,637,645,499,585
577,628,644,647,498,584
578,636,641,645,504,580
579,631,640,646,501,585
571,638,630,644,503,575
576,633,637,641,494,584
579,621,647,649,491,584
569,631,643,640,497,585
573,624,648,650,489,584
574,636,645,650,493,584
578,636,634,647,500,585
575,623,647,649,492,580
579,624,639,647,501,584
574,638,648,637,504,582
564,638,631,637,493,578
570,622,643,651,490,582
563,632,637,647,497,585
570,627,631,649,505,578
572,638,646,637,505,580
578,637,642,639,503,581
574,621,647,649,491,580
578,637,631,637,493,579
574,636,647,651,503,581
575,634,648,647,506,576
565,636,645,637,504,582
570,640,644,637,503,583
574,629,643,636,504,582
572,637,649,635,501,582
577,633,637,644,500,574
571,624,647,645,498,584
578,620,647,649,492,581
566,631,641,645,497,585
578,637,647,642,494,586
571,638,632,649,504,578
578,634,634,643,505,574
575,635,646,641,499,585
574,621,644,651,494,585
565,633,636,646,500,583
576,631,642,646,497,582
572,621,645,648,490,581
570,622,646,649,504,582
576,636,641,644,501,581
573,620,647,649,503,577
565,635,636,646,502,575
577,626,644,650,495,585
571,624,647,650,490,582
574,632,642,648,500,582
575,633,650,633,502,582
577,635,642,636,499,584
565,625,641,651,495,587
571,636,631,650,501,582
561,637,632,647,503,577
567,626,643,650,491,579
575,632,636,650,505,579
578,632,642,640,491,584
563,634,639,645,496,575
573,622,646,647,493,584
571,637,630,649,489,582
571,620,646,642,492,579
557,633,642,651,502,580
575,633,647,637,503,581
567,632,642,645,496,577
575,619,645,645,497,575
576,634,649,641,498,586
577,621,643,652,501,585
572,636,631,643,500,583
564,643,630,649,506,576
571,635,643,635,491,584
570,622,645,643,491,578
565,638,647,650,491,583
577,622,643,651,492,583
578,630,642,651,495,585
578,635,630,641,500,570
564,635,638,637,496,577
569,635,644,645,501,585
570,623,645,648,494,577
574,634,638,646,502,573
567,630,646,645,496,578
574,631,642,648,503,581
569,638,630,647,494,586
577,621,647,648,502,584
568,638,631,646,505,583
578,636,633,652,502,582
572,638,649,635,501,584
570,625,646,646,493,578
577,626,641,649,494,584
574,623,646,648,489,581
573,641,643,638,502,581
575,622,643,649,505,581
568,636,642,639,503,582
579,633,642,643,499,585
573,637,642,637,503,580
573,628,643,635,502,583
576,623,641,650,491,582
577,642,631,645,505,575
575,638,629,650,504,580
577,637,641,643,502,582
568,622,646,649,490,581
578,621,641,651,492,584
563,621,640,649,491,582
573,636,641,638,504,581
572,635,636,646,502,573
566,621,645,649,491,581
577,632,640,635,501,584
574,636,646,646,492,577
575,635,631,649,502,583
570,636,631,653,504,580
572,634,644,639,502,583
577,632,637,644,499,585
565,629,640,638,498,570
576,623,642,650,491,584
574,635,642,642,502,580
563,639,631,647,501,583
577,629,630,647,503,575
572,638,630,646,500,585
577,628,642,647,499,584
575,637,641,641,503,574
569,634,643,648,491,585
573,632,641,644,504,584
575,621,645,649,500,582
572,633,640,647,497,583
578,633,638,646,498,584
566,638,630,647,493,580
574,631,641,647,498,584
567,636,624,648,499,571
576,626,643,649,494,586
564,632,636,645,491,584
574,642,637,646,504,574
573,622,645,642,491,583
570,637,630,649,505,579
565,630,639,645,501,579
565,637,641,642,501,581
567,625,647,646,494,579
568,636,646,635,500,583
575,635,648,635,501,581
580,632,640,645,504,583
564,639,631,648,504,574
574,638,646,637,500,581
574,637,632,649,502,579
569,632,633,647,501,583
577,622,644,649,490,584
578,623,635,648,500,584
573,639,646,637,498,577
574,639,640,629,502,579
576,628,642,645,499,585
577,632,631,647,505,575
577,632,642,645,501,584
576,624,644,648,495,577
577,633,638,649,503,582
571,630,641,647,497,583
572,634,632,646,505,575
566,633,636,644,491,583
575,632,643,646,496,584
571,639,630,647,504,575
574,639,646,637,495,578
569,623,646,645,489,582
576,624,647,636,497,585
576,633,648,636,502,582
574,637,644,646,503,582
575,635,648,638,502,585
577,620,644,650,498,579
576,635,643,640,500,585
574,634,642,641,501,585
580,634,635,647,505,579
572,637,647,635,500,583
578,631,641,647,499,574
570,637,646,635,499,573
577,636,630,650,502,580
568,630,644,645,496,582
576,635,641,640,503,577
572,622,646,646,492,578
577,622,646,648,496,574
575,636,630,649,502,582
572,611,646,648,492,580
578,636,647,636,500,583
578,625,643,649,494,583
571,633,641,640,499,584
569,623,646,648,494,581
576,633,645,646,493,579
575,637,631,650,503,583
579,633,636,648,500,573
574,623,645,651,489,577
574,633,641,642,499,585
578,623,642,647,497,583
576,628,640,644,496,584
576,636,631,650,504,579
573,643,643,650,492,582
565,632,640,639,504,574
578,636,639,645,491,582
574,633,637,644,492,582
578,620,648,633,502,582
579,631,641,644,499,586
573,639,641,643,500,575
578,621,644,651,491,585
566,634,631,646,501,582
565,631,643,646,496,578
572,638,643,635,502,581
578,633,634,643,493,580
575,622,645,650,501,582
567,637,630,649,500,584
574,633,642,651,492,586
576,621,645,635,504,582
576,632,646,639,492,584
578,635,645,636,504,581
562,628,644,651,491,584
577,635,642,646,500,585
567,636,630,648,502,577
581,632,641,640,500,584
573,636,643,649,495,584
568,626,646,645,490,577
568,622,647,646,491,578
570,616,641,645,495,577
562,638,631,647,504,580
580,636,629,642,499,580
579,635,636,646,501,585
576,634,643,641,501,583
573,636,645,638,502,584
570,639,629,649,504,579
578,634,635,647,502,585
558,632,638,644,499,574
565,634,630,649,503,580
578,635,642,651,493,583
577,632,637,647,501,584
576,634,644,639,503,581
574,634,631,648,502,583
565,630,641,646,506,575
569,638,642,644,498,583
576,635,645,630,502,580
565,626,645,646,503,582
576,631,641,644,503,584
577,627,641,646,499,585
565,625,630,649,501,577
576,638,645,634,504,583
573,638,643,638,502,584
573,637,634,648,500,585
576,631,643,639,492,574
565,632,647,644,494,579
578,624,643,650,490,584
566,636,643,636,502,580
572,641,646,634,505,582
574,637,643,636,500,585
563,636,640,646,502,581
574,621,646,649,502,583
564,616,644,642,499,584
569,625,646,645,496,579
577,633,641,643,496,584
572,636,645,627,498,583
575,629,647,653,494,584
579,635,634,648,498,577
575,633,644,641,499,585
576,629,640,650,497,584
572,638,629,648,503,580
572,622,646,650,491,583
576,634,642,641,499,583
574,630,646,634,501,584
581,634,639,647,493,583
577,634,642,646,497,575
575,637,633,651,500,582
575,636,648,636,499,584
573,641,646,634,507,581
577,623,639,649,500,583
576,620,631,650,504,577
580,625,643,644,493,584
571,629,642,647,495,584
568,636,635,650,500,584
567,634,635,645,505,574
574,637,647,637,502,583
574,636,635,637,499,579
573,621,645,648,491,585
564,636,648,636,501,584
575,633,644,637,503,581
577,630,641,647,502,584
565,635,644,636,504,582
569,640,631,649,503,578
571,625,631,647,505,578
579,633,638,646,500,585
573,630,633,650,502,583
565,631,641,645,495,569
575,633,647,631,498,581
570,627,646,646,500,584
573,638,633,649,504,577
577,631,630,647,503,579
571,621,642,644,503,582
572,638,646,635,506,582
571,621,648,650,490,583
579,634,637,648,504,585
578,627,642,639,502,582
576,634,643,642,501,586
564,633,638,645,501,580
574,620,647,650,490,583
575,636,645,637,500,584
567,624,643,643,499,584
577,636,636,650,502,583
574,639,637,630,501,579
574,628,647,635,503,582
570,638,646,646,487,579
577,620,632,649,503,583
574,632,631,647,503,575
567,638,631,648,505,578
579,621,645,648,491,581
577,635,648,635,504,583
575,636,643,643,502,580
570,626,643,646,498,575
579,626,641,650,505,586
566,637,632,647,505,573
576,636,634,649,503,584
569,628,646,647,492,576
571,621,645,649,491,581
564,630,638,646,494,582
580,613,644,650,503,584
575,637,648,633,500,581
563,625,648,646,494,579
565,638,642,643,501,584
575,632,634,650,501,582
577,630,645,637,501,584
578,635,646,649,486,582
571,623,647,647,492,581
564,633,638,646,490,581
562,624,644,649,493,579
572,621,645,651,490,586
568,637,630,641,503,579
570,631,642,648,497,584
574,634,646,633,502,583
577,631,628,651,508,580
565,631,642,646,500,575
564,627,641,648,497,583
578,631,641,644,501,581
575,638,642,640,503,575
576,634,646,635,503,579
575,626,647,633,503,584
565,629,637,645,500,573
579,628,641,647,503,582
577,621,642,643,498,583
570,637,630,647,504,583
564,645,631,646,502,578
581,621,642,648,493,585
571,623,646,647,493,580
568,623,644,648,494,577
575,620,641,641,501,581
575,633,645,648,491,584
573,621,633,651,490,584
572,623,647,648,491,582
578,633,647,639,502,582
575,636,638,646,505,573
567,629,644,644,497,576
567,629,644,644,496,576
574,621,642,645,505,570
567,636,633,650,502,581
577,630,642,646,497,582
568,635,631,649,504,578
574,636,646,643,494,580
574,638,642,647,494,586
571,623,645,650,491,584
579,632,638,646,500,581
574,635,637,646,500,585
573,635,636,649,501,584
572,638,631,649,502,574
574,634,639,645,501,581
566,637,632,647,507,581
579,634,642,644,499,586
583,635,632,649,500,584
577,632,641,644,495,582
573,638,631,648,502,581
573,636,645,646,499,585
575,622,648,640,502,583
574,634,639,650,494,584
565,639,631,646,505,584
573,635,646,636,503,582
575,639,644,638,505,579
578,628,642,647,497,584
574,638,642,644,501,581
559,629,642,645,498,573
566,638,638,642,499,586
571,621,631,648,493,580
567,635,636,643,502,574
575,622,644,647,490,577
560,640,635,647,505,574
564,633,636,649,501,575
576,636,635,650,500,584
572,633,645,641,500,582
577,632,635,645,500,584
565,628,643,645,495,585
569,624,646,646,494,578
563,637,637,644,508,581
576,633,637,653,500,580
573,637,647,650,493,585
566,640,631,648,505,581
564,634,636,644,501,574
576,636,649,636,501,586
568,635,646,635,502,582
566,641,633,645,506,581
577,633,644,650,493,584
572,638,646,650,493,585
574,636,626,641,500,585
576,631,643,643,501,586
571,623,644,649,492,584
574,621,647,649,490,583
564,630,640,645,504,574
575,623,647,650,491,582
567,635,637,644,504,578
577,622,643,649,492,584
577,634,648,637,499,585
577,622,643,647,493,585
569,624,634,629,504,578
570,638,631,647,503,580
578,630,642,645,495,579
570,639,633,646,504,582
578,622,642,645,499,572
569,638,647,649,503,578
566,627,639,644,497,577
577,614,639,648,494,574
566,628,643,648,490,575
567,627,643,648,492,580
576,622,647,645,507,574
572,636,641,642,503,581
579,636,636,649,500,587
566,630,639,646,498,584
577,627,631,642,503,582
578,631,643,640,499,584
563,632,644,645,499,585
575,637,632,648,503,582
579,631,640,644,500,582
577,626,642,652,491,584
565,632,630,646,493,571
579,630,632,640,501,581
570,618,645,650,504,584
566,630,633,639,504,571
577,631,631,650,505,581
579,622,642,645,499,586
575,627,645,632,504,582
569,626,629,648,505,578
574,625,642,629,502,583
566,615,639,635,501,582
567,622,643,646,500,575
575,621,639,648,504,577
569,618,640,643,500,583
574,618,645,635,501,575
570,605,646,648,492,581
570,606,643,636,499,583
576,617,637,636,503,583
577,603,647,649,484,584
571,620,646,633,504,583
576,618,634,647,501,585
575,617,632,637,500,583
573,619,644,651,492,584
578,617,644,636,504,581
564,618,637,646,503,574
572,618,643,635,505,581
564,620,632,635,503,582
577,613,642,638,502,582
572,619,644,638,504,582
577,616,637,647,500,573
574,622,647,635,504,582
577,613,643,645,491,583
578,616,643,641,500,584
574,601,645,643,494,584
576,616,648,648,492,583
567,605,637,645,501,586
564,613,630,646,503,583
564,616,642,644,504,575
559,620,635,646,503,584
575,604,644,640,491,582
577,614,642,643,501,585
570,603,646,648,490,580
567,621,632,646,501,584
572,595,645,649,491,581
573,618,645,636,503,583
577,615,643,642,501,580
577,614,644,643,498,582
573,619,642,643,502,582
571,611,629,649,504,577
576,610,637,647,506,574
576,618,642,646,499,584
575,618,633,649,498,583
566,613,642,643,498,574
574,604,642,646,504,574
574,621,644,636,503,581
563,619,638,645,500,585
565,610,626,646,505,584
568,607,647,651,492,583
573,619,643,642,501,581
574,607,645,648,491,582
576,619,631,651,504,584
578,616,640,644,501,586
572,622,644,636,505,581
564,621,635,645,500,575
573,607,646,650,491,581
578,618,647,642,504,571
565,615,639,647,495,578
577,604,632,647,505,574
576,604,644,648,499,583
572,622,645,651,493,584
573,623,639,641,504,582
575,624,644,637,504,578
578,611,643,647,495,584
564,608,644,627,504,577
574,603,644,649,490,583
578,615,642,643,500,585
576,619,644,646,500,583
559,611,643,646,498,572
573,620,646,653,496,584
574,608,646,647,492,584
574,622,632,647,499,582
577,621,649,637,504,583
565,619,637,645,499,587
577,606,643,652,493,586
574,618,644,634,503,575
571,623,631,648,504,580
575,621,642,638,502,581
565,613,637,644,499,575
564,617,640,647,504,575
569,616,642,645,500,580
572,619,643,642,504,575
572,621,643,647,503,576
572,607,645,648,491,582
566,615,641,638,498,584
577,622,639,639,504,581
572,621,631,649,502,583
576,622,623,647,500,577
573,620,647,636,503,582
568,621,632,644,494,576
568,618,642,643,501,583
572,620,629,636,500,585
567,609,644,646,495,584
576,618,648,638,500,583
575,617,648,636,502,586
567,606,644,650,493,574
572,624,642,636,503,582
574,618,639,649,502,588
577,617,642,645,504,580
578,615,637,647,501,585
565,619,639,643,499,585
572,622,646,639,499,583
574,623,645,638,504,581
576,613,645,651,493,583
566,617,639,643,498,576
572,622,644,637,503,575
571,607,645,648,492,579
575,612,640,646,507,575
566,611,643,646,495,579
576,612,642,637,504,579
565,606,646,648,491,583
576,617,641,635,483,579
575,609,644,648,493,582
573,622,646,649,490,582
565,612,644,638,489,581
573,620,645,637,503,582
565,615,640,644,499,575
578,619,646,639,500,584
574,612,629,648,504,576
574,605,644,651,493,583
579,618,646,633,503,583
576,618,647,636,499,585
578,620,647,639,502,585
574,621,630,650,496,584
577,609,641,648,499,584
571,620,642,639,503,583
566,622,631,635,499,585
563,618,638,643,501,574
566,623,632,648,491,582
578,615,639,645,501,581
575,621,646,633,505,583
573,621,644,637,502,582
577,605,643,636,491,584
565,610,645,647,494,580
576,604,645,650,491,585
568,624,630,645,505,578
573,623,646,637,503,581
577,617,640,652,493,584
577,617,648,648,503,577
565,624,633,649,503,576
566,611,641,644,494,584
576,605,645,650,491,584
563,618,640,643,500,575
572,621,644,635,506,580
573,615,642,649,501,577
574,605,646,634,504,577
563,608,644,647,492,582
566,623,630,643,498,584
569,623,628,650,504,576
564,612,643,645,504,585
573,620,630,635,502,582
574,619,641,639,504,580
578,616,644,643,495,582
574,618,648,635,504,583
575,621,642,643,502,583
564,618,637,646,506,574
565,614,642,640,502,581
568,623,641,640,503,581
580,614,642,652,497,585
570,620,632,643,502,583
575,619,646,635,499,579
569,607,645,640,486,579
559,623,630,648,503,575
572,621,645,636,504,584
573,617,636,647,503,582
567,623,629,648,504,574
566,613,642,645,504,581
573,621,631,651,500,585
564,622,634,644,500,573
576,619,646,646,504,582
576,607,643,651,503,582
580,618,635,648,501,581
560,618,639,644,498,574
569,608,646,647,492,579
563,619,635,645,499,584
565,618,637,644,503,574
572,614,640,649,504,578
565,614,640,649,502,586
576,618,640,642,501,586
565,613,644,646,495,578
575,606,648,649,490,582
575,618,647,646,500,585
572,623,646,635,504,582
568,621,631,647,497,578
572,622,643,636,506,581
559,614,642,645,501,582
565,607,646,648,493,579
573,619,640,641,492,585
575,621,633,648,500,583
577,607,642,649,502,583
566,612,642,649,498,575
573,608,644,648,501,584
563,614,640,645,496,575
565,623,634,646,504,576
572,622,644,640,504,583
572,621,644,649,501,584
573,618,642,641,503,582
569,609,645,648,491,580
566,617,640,644,497,582
573,621,630,649,498,574
562,608,646,647,492,578
569,606,644,650,503,581
575,606,645,649,489,583
572,609,641,647,492,580
568,610,643,641,493,575
576,605,640,649,504,574
576,620,633,647,500,588
563,617,638,648,502,585
576,605,637,650,491,583
576,618,632,647,501,583
578,611,642,647,495,585
578,609,641,651,493,587
569,598,645,648,493,580
574,620,647,635,504,577
573,605,646,649,491,582
571,624,629,648,503,580
580,619,646,638,501,584
577,619,636,643,503,583
576,619,631,633,503,581
571,624,631,648,503,580
570,606,646,649,503,575
574,616,646,640,499,584
571,605,644,647,504,582
570,616,639,645,498,586
562,622,636,648,503,582
576,621,641,645,501,585
567,610,646,649,489,584
572,622,643,637,492,585
562,617,637,645,501,574
576,618,645,641,500,584
572,623,644,634,503,583
563,618,639,645,492,571
577,607,641,647,497,582
568,608,645,645,501,583
574,617,641,645,500,583
574,604,643,650,505,583
562,620,637,646,502,573
575,618,634,648,502,584
573,620,630,646,501,580
573,623,639,632,503,582
566,622,635,644,491,582
574,619,646,634,501,584
571,616,624,650,502,580
566,610,644,637,502,581
572,622,628,649,503,581
575,615,638,645,499,581
575,620,646,639,500,584
571,619,639,644,497,573
572,621,630,647,501,576
575,617,642,642,500,585
577,625,646,635,502,585
577,620,644,645,494,579
564,610,644,646,489,577
578,617,640,633,501,582
576,617,640,644,501,584
577,620,642,648,495,585
563,622,630,645,491,584
576,608,639,645,495,584
572,603,644,648,503,581
573,621,641,632,496,583
576,620,632,645,502,576
571,613,642,637,494,585
570,609,646,647,491,582
565,620,634,645,502,581
567,623,630,648,504,578
576,617,637,648,505,580
574,618,646,636,501,583
576,618,632,647,503,583
569,605,645,645,491,579
575,616,639,647,492,588
562,621,638,646,500,575
564,620,635,645,506,581
569,609,642,651,493,586
571,622,642,647,504,578
577,606,643,648,490,585
574,605,645,650,501,575
570,623,643,634,504,582
564,624,636,647,501,575
576,618,641,644,499,585
580,611,642,640,505,575
571,621,630,650,504,579
564,611,641,645,498,575
575,605,645,649,491,584
575,620,630,647,504,574
574,605,644,649,503,581
575,611,639,649,492,585
566,623,629,645,504,575
565,619,634,644,498,583
574,612,643,651,493,583
576,620,636,646,503,585
565,624,629,645,503,576
576,617,640,645,499,585
575,611,640,647,503,583
571,621,627,646,504,579
576,617,644,634,503,581
568,622,631,648,503,578
564,618,630,635,500,584
564,622,627,648,503,577
576,615,637,646,497,584
564,614,640,648,492,585
573,619,630,648,502,582
561,619,635,644,494,574
575,621,632,650,502,584
572,607,640,646,491,580
578,617,640,639,499,579
574,623,632,650,502,581
573,621,629,650,501,582
564,611,635,645,489,578
574,625,643,634,502,581
577,617,640,643,498,587
572,621,642,640,503,585
570,606,644,648,502,575
573,620,646,634,501,584
574,619,641,642,500,585
572,618,634,647,490,578
574,620,632,650,501,584
576,618,643,640,498,586
576,617,640,642,499,584
563,625,631,645,504,576
571,606,642,649,490,585
576,620,629,649,499,586
573,623,643,635,503,585
575,618,637,647,499,586
578,616,638,641,498,585
574,618,628,648,494,581
575,615,641,641,503,583
564,620,633,644,499,575
573,620,645,649,491,585
577,606,643,646,492,586
573,613,642,630,503,583
571,608,644,644,497,578
577,607,641,648,491,586
573,616,639,647,495,576
571,622,629,646,501,580
574,607,644,649,491,583
561,620,633,644,499,584
572,624,645,635,503,582
569,622,628,650,504,576
576,609,642,650,501,583
562,615,637,644,501,576
573,619,646,634,499,586
570,620,645,635,503,581
556,618,633,637,493,580
576,614,640,650,497,586
566,621,629,648,501,582
563,614,640,645,500,575
577,618,636,634,501,581
569,606,645,647,491,581
573,618,629,648,499,583
574,618,646,634,499,586
572,618,646,636,490,583
572,617,633,648,501,583
571,622,645,634,502,584
564,623,629,643,501,576
572,621,629,648,502,578
561,618,637,644,499,577
567,625,637,646,498,576
573,620,640,637,502,584
566,608,646,648,490,583
572,620,640,640,501,583
573,620,630,649,501,575
571,609,645,645,493,578
566,622,632,648,499,581
574,619,644,633,500,584
572,617,640,643,498,581
576,621,645,634,500,586
578,615,641,650,500,584
568,610,644,646,489,574
574,618,643,643,499,586
568,612,644,647,494,574
576,618,636,646,490,574
575,621,645,637,500,587
576,619,640,641,499,583
570,625,642,637,502,582
577,618,642,644,497,584
574,615,638,646,495,584
573,613,645,649,497,583
571,620,643,635,502,582
571,621,642,635,502,582
572,620,644,635,500,583
571,622,627,649,503,575
573,622,636,646,501,582
575,621,645,634,503,582
568,611,644,647,491,575
577,608,641,649,493,584
563,614,646,645,495,577
574,620,641,642,499,584
577,610,634,641,496,586
563,625,633,645,506,574
576,613,641,649,497,571
575,620,631,635,491,584
575,620,639,643,493,583
571,607,644,648,489,581
563,622,632,642,492,585
567,623,630,646,502,574
570,622,640,642,501,582
572,606,644,649,498,583
578,611,640,647,502,571
578,609,633,651,499,584
570,609,644,646,493,581
576,616,633,647,501,577
576,620,632,648,501,582
572,617,646,636,499,584
574,618,637,642,500,583
563,618,640,644,501,581
568,625,630,647,503,579
576,619,631,649,500,587
577,619,627,649,489,586
572,607,644,649,501,583
573,623,631,648,492,583
569,620,629,648,500,583
561,624,631,646,504,575
571,620,640,643,499,586
573,608,644,650,490,585
575,605,639,649,490,586
566,610,645,646,491,579
570,622,628,649,501,581
560,626,631,644,501,576
561,616,640,644,501,585
569,619,643,634,502,583
569,625,645,634,504,583
570,607,643,648,490,586
572,623,645,634,502,582
570,623,642,636,504,581
570,620,624,649,501,583
566,622,630,649,499,582
560,620,635,643,484,582
576,615,633,646,498,588
562,624,632,646,502,576
572,620,643,634,500,587
561,625,630,647,502,578
573,622,633,641,495,586
568,623,642,637,503,583
572,619,639,646,498,587
559,614,641,642,499,586
563,622,628,645,502,578
571,622,641,637,503,577
561,624,629,645,500,575
564,609,646,645,490,580
572,611,639,645,494,576
567,612,644,646,492,577
572,621,632,649,500,577
570,626,646,633,501,583
573,605,643,648,488,577
566,607,643,646,488,583
561,617,641,644,495,575
564,624,629,648,502,580
563,604,641,645,494,584
575,608,639,643,497,586
566,608,639,646,492,581
561,621,638,647,499,574
568,622,627,644,494,586
565,621,644,634,500,582
561,623,628,647,488,583
574,622,628,648,499,578
573,607,643,651,488,584
573,619,640,639,491,582
570,623,641,639,503,585
570,607,640,648,490,580
575,613,633,640,492,586
560,616,636,643,497,574
566,624,629,648,502,577
562,617,641,645,499,575
571,622,645,635,502,585
563,609,645,646,492,577
562,626,630,645,494,576
573,623,642,640,502,583
573,610,644,636,497,579
572,605,642,648,490,585
569,624,641,636,502,585
569,624,645,633,501,582
571,620,632,649,499,584
573,616,642,646,492,585
560,619,634,644,498,582
570,597,639,647,489,583
572,611,643,650,503,586
572,615,641,640,499,581
572,613,639,647,496,584
576,606,640,650,488,583
561,620,640,643,497,585
575,615,639,651,499,585
566,613,642,646,494,574
568,624,629,646,501,575
572,614,640,643,497,576
568,624,641,637,504,582
563,613,642,645,490,579
562,624,629,650,498,578
565,618,644,636,498,584
574,615,638,644,493,585
559,620,634,644,495,574
574,621,633,646,498,581
573,621,644,636,497,584
574,610,638,648,489,585
576,618,634,643,498,586
572,622,644,634,499,582
571,608,643,649,488,584
566,607,639,650,490,577
569,620,645,633,501,585
573,619,637,642,498,578
558,625,628,644,501,576
563,616,639,642,494,576
570,627,641,635,499,585
576,619,638,639,498,587
571,618,640,642,497,584
572,622,644,634,497,586
575,610,637,648,491,578
563,624,626,646,502,580
554,617,634,645,488,584
573,609,628,645,501,585
561,620,644,634,499,583
562,615,638,642,493,575
569,613,641,633,500,582
568,608,641,645,492,580
569,623,644,628,500,584
563,625,630,648,502,577
572,614,639,646,492,577
572,622,628,645,499,588
572,619,630,648,498,587
575,622,632,645,499,582
571,606,640,648,488,585
574,620,640,636,500,586
569,623,641,632,500,576
577,618,630,645,497,584
558,611,638,643,493,577
569,623,641,633,500,583
565,613,636,644,493,578
574,617,636,643,498,583
559,617,633,642,501,574
567,607,635,642,502,575
563,625,641,635,502,583
564,624,627,645,502,578
562,624,628,637,499,576
571,625,642,633,494,581
572,623,629,646,499,585
569,622,627,646,501,584
563,613,641,644,492,575
571,624,643,635,501,583
561,626,623,644,501,578
566,626,641,631,501,582
564,621,626,643,502,576
564,624,627,644,504,577
562,613,637,643,496,578
571,619,638,639,499,581
574,615,637,648,496,583
571,623,643,634,499,585
574,619,638,641,497,584
576,620,632,644,498,586
571,621,637,641,496,583
572,625,642,633,502,583
572,619,634,645,491,579
568,622,623,645,501,582
572,621,641,635,499,586
564,611,640,645,493,580
572,621,635,637,497,578
567,623,634,642,497,583
571,627,644,632,501,584
560,629,630,644,500,576
561,624,629,642,501,580
569,626,637,638,500,584
562,617,635,641,493,577
571,626,639,634,500,583
576,612,632,647,490,587
573,615,637,646,495,587
571,615,637,646,491,584
567,615,641,644,489,581
570,626,639,631,502,586
572,624,621,647,495,585
571,629,637,635,501,582
571,625,639,635,491,583
569,629,641,631,502,584
569,623,635,644,497,583
572,625,639,632,501,585
574,623,636,641,498,576
577,624,631,644,498,585
564,627,626,642,501,580
560,631,626,644,502,589
568,633,639,632,505,582
569,616,641,643,490,581
561,628,630,635,498,573
570,620,636,647,494,584
569,628,629,646,497,584
570,630,636,636,501,578
569,630,642,630,503,583
572,625,636,637,500,575
562,630,641,631,502,582
567,617,639,643,490,583
573,629,630,645,501,583
569,627,639,633,499,586
569,614,639,646,489,586
568,629,636,640,502,583
569,627,642,631,501,581
574,623,635,649,498,585
561,631,627,643,503,576
574,625,630,646,502,584
568,614,641,645,491,580
574,622,642,632,498,585
560,621,629,642,496,586
568,614,640,645,491,582
570,630,625,646,501,581
572,614,638,646,490,586
571,627,633,638,498,579
561,634,634,642,503,584
571,613,631,642,506,575
567,620,635,643,496,585
569,622,634,637,498,583
568,629,625,647,503,582
561,632,629,643,503,577
567,621,621,646,501,580
572,625,630,642,499,583
573,619,635,643,498,583
569,632,638,631,503,582
563,632,625,644,500,580
562,617,632,642,491,577
570,632,637,632,504,582
562,622,635,640,496,585
564,634,625,644,501,578
564,631,625,645,503,579
563,618,637,641,493,580
565,630,624,642,502,578
564,611,644,645,487,584
569,630,626,645,500,584
561,626,628,641,499,582
574,627,625,645,502,584
558,619,639,643,492,580
570,614,637,645,489,582
569,631,638,631,504,583
565,635,625,643,506,578
563,622,626,639,504,577
573,610,634,642,494,586
568,632,636,635,503,582
571,628,643,639,500,585
572,629,626,644,500,583
574,617,635,646,497,585
562,629,626,641,503,576
561,624,629,640,500,575
561,613,636,634,498,575
566,632,635,632,501,583
570,630,639,633,498,585
572,615,638,646,490,583
558,630,629,632,502,574
569,631,638,631,495,581
569,630,637,630,501,581
566,616,640,643,490,580
569,631,638,631,502,581
562,624,631,641,497,576
568,625,640,631,499,586
569,622,636,632,502,584
567,628,637,634,500,583
571,628,634,639,499,583
571,627,637,637,496,584
574,618,635,643,492,587
573,622,636,646,494,584
563,629,629,635,502,577
556,617,638,641,494,577
560,632,625,633,503,574
567,627,640,632,501,583
565,615,639,641,491,578
562,631,623,643,503,579
569,612,640,645,489,582
567,632,624,644,501,579
572,615,636,645,490,583
572,625,630,644,497,586
571,629,626,646,491,586
574,626,632,643,498,587
566,632,625,643,504,582
559,630,628,643,503,578
569,630,637,633,502,582
571,627,638,635,498,587
572,628,636,636,501,584
569,612,640,644,489,582
566,622,634,641,496,576
571,625,635,640,498,583
558,621,634,640,496,576
572,626,634,641,498,586
572,616,636,646,490,584
570,621,631,644,495,585
556,627,631,641,497,575
555,624,632,641,500,575
568,632,638,632,502,583
559,628,629,640,500,578
565,624,640,635,498,582
568,626,637,633,501,583
572,604,631,645,491,588
572,624,640,632,500,585
559,628,632,640,499,573
561,618,631,642,498,575
571,613,635,645,493,586
569,628,638,630,501,581
572,615,636,645,492,587
562,620,637,641,498,579
558,631,632,633,497,575
573,626,639,633,500,585
563,622,636,640,495,575
572,630,632,639,499,584
568,625,637,637,500,584
573,616,637,644,493,586
569,627,639,629,502,584
571,631,639,629,503,583
560,632,627,640,501,576
573,608,636,647,494,586
573,629,627,644,500,582
573,626,630,643,499,584
572,626,643,634,499,584
571,627,624,646,502,583
571,629,642,640,500,586
563,621,637,640,490,572
560,620,637,643,493,578
573,627,641,635,500,585
563,628,631,638,503,575
570,625,636,637,497,581
567,612,641,642,490,581
567,625,631,643,500,583
561,625,637,642,495,575
568,614,639,642,490,584
570,628,634,633,499,584
572,622,634,642,496,584
563,632,624,644,505,578
558,629,628,641,500,575
572,620,637,645,493,586
567,626,635,639,499,584
566,628,639,630,501,585
570,630,640,627,502,583
560,625,635,642,493,577
571,630,640,630,503,583
562,629,635,638,500,576
574,619,635,649,495,586
571,626,637,641,499,584
563,618,638,642,493,579
556,629,626,642,501,578
572,625,638,644,490,585
571,616,636,645,494,586
572,626,632,638,492,581
574,614,637,645,490,585
559,621,638,640,494,578
562,621,639,636,487,578
568,615,638,645,489,582
572,630,641,629,500,579
570,616,638,645,488,583
567,627,624,645,503,584
573,615,639,647,490,587
572,627,639,636,495,585
561,632,626,643,498,572
572,631,627,644,499,585
571,627,636,640,499,586
572,628,638,631,502,583
571,627,638,638,499,586
566,630,637,630,501,582
566,632,638,630,502,583
568,631,640,631,500,582
566,628,625,644,503,579
571,620,634,642,496,582
569,626,635,639,497,583
564,628,624,644,502,585
569,630,642,631,499,583
573,624,637,636,498,586
570,630,641,629,501,583
569,626,635,639,500,583
567,612,639,644,489,584
552,626,630,642,499,571
568,628,642,631,501,584
562,623,635,640,497,577
570,629,635,633,502,582
568,629,637,630,502,584
571,625,634,641,500,586
571,627,630,644,499,585
569,626,636,634,502,583
574,616,628,638,502,582
569,626,638,630,501,584
573,627,630,643,499,584
573,622,635,640,496,585
568,613,638,647,490,584
568,627,626,645,502,578
570,630,638,631,500,583
569,627,630,641,499,583
567,620,634,629,503,583
558,625,625,646,502,578
560,627,624,641,504,573
568,628,633,636,502,580
565,631,638,629,503,581
571,626,630,644,501,583
566,631,639,632,501,580
569,615,635,645,491,579
563,627,635,637,497,583
563,617,634,635,490,578
559,619,638,641,497,574
568,626,641,633,500,582
560,619,632,634,491,573
561,607,636,644,490,579
568,627,636,636,499,584
567,623,636,640,498,580
572,611,637,646,489,582
566,614,638,643,490,581
557,633,632,641,493,569
561,632,625,642,503,574
561,631,626,644,506,575
569,624,629,643,499,583
558,624,633,640,494,574
571,627,632,643,498,583
560,625,633,641,501,573
570,626,627,642,499,583
558,616,639,642,492,575
567,630,639,643,497,581
565,629,638,632,503,579
566,613,637,646,489,583
562,632,620,636,502,577
572,624,630,641,500,583
564,623,635,639,496,584
566,628,638,632,503,579
555,633,625,643,504,575
566,628,641,630,501,582
569,627,640,631,501,582
561,623,626,644,503,574
565,631,638,632,502,581
565,630,637,632,502,581
568,626,641,632,500,585
567,633,638,630,503,580
557,625,633,641,499,572
566,628,623,642,500,582
570,622,636,643,496,583
568,629,640,628,502,581
558,630,626,643,503,574
567,612,638,647,490,583
572,623,634,642,499,586
568,629,635,632,502,579
560,632,627,639,501,576
561,627,623,645,501,577
565,627,635,636,502,582
569,626,629,644,499,583
573,615,637,646,489,584
569,615,636,645,490,582
557,612,634,640,500,574
568,631,639,632,502,579
565,631,640,631,502,581
569,628,640,628,501,583
570,625,643,631,501,585
554,620,637,642,493,577
567,630,637,633,503,580
570,623,635,643,495,585
559,616,635,633,502,575
557,626,632,643,501,573
568,630,635,636,502,582
566,617,639,644,489,581
564,627,640,631,501,581
567,613,639,643,489,580
571,624,634,638,498,585
564,632,639,623,498,581
567,628,635,637,499,583
566,630,635,634,500,582
572,625,642,638,499,585
570,625,639,633,499,584
559,631,625,642,503,577
568,628,626,645,494,582
565,631,639,631,502,582
570,625,634,638,501,583
566,632,640,629,503,580
568,622,629,643,499,585
560,624,630,635,493,574
569,625,635,636,496,585
557,624,629,640,498,576
565,615,641,644,489,583
571,624,640,637,498,583
565,627,641,631,502,581
571,629,633,639,501,587
566,630,641,622,496,583
569,623,639,638,493,581
555,622,633,639,495,573
567,618,638,641,497,586
561,619,636,639,495,575
560,632,624,644,502,577
559,632,626,634,497,583
571,622,636,636,499,585
563,616,638,642,492,577
566,614,641,644,484,575
567,613,639,643,489,582
565,628,637,631,502,581
567,626,628,643,500,583
571,626,632,644,500,586
561,617,641,644,490,580
569,627,642,636,499,584
561,630,625,644,503,577
568,627,641,631,500,586
559,620,635,642,490,571
568,626,634,638,498,582
560,630,632,638,504,575
569,620,634,645,495,585
568,615,635,645,491,586
557,622,637,641,494,580
563,614,639,646,491,584
556,618,638,642,493,578
568,625,642,636,496,583
565,627,636,631,502,583
557,620,639,642,496,575
566,629,625,644,502,580
569,626,626,645,499,582
562,616,639,637,495,578
568,620,635,632,491,584
567,624,640,631,498,585
565,614,631,631,503,581
560,630,626,642,504,578
563,627,624,645,502,582
569,613,637,646,490,580
562,615,641,641,484,579
570,616,636,644,494,585
568,626,624,645,500,581
559,622,632,640,496,575
557,617,619,640,505,571
558,630,625,642,501,575
568,626,641,634,500,583
568,620,634,642,496,583
562,627,628,644,501,583
568,628,642,631,503,582
559,630,627,638,502,577
575,623,629,641,497,585
561,619,623,644,502,579
567,618,630,644,500,584
570,622,632,641,498,585
568,629,640,627,502,583
570,623,642,630,501,585
568,613,637,643,498,584
556,623,635,639,500,573
570,624,633,642,498,587
560,620,638,639,495,575
559,631,629,641,503,575
568,614,635,646,489,586
565,602,641,637,490,579
567,621,636,646,494,585
569,616,637,633,500,583
568,627,636,641,500,575
570,624,636,641,498,585
569,624,629,644,500,581
565,627,641,630,499,585
562,618,639,640,492,577
566,611,639,646,490,582
566,627,638,634,502,581
555,624,632,640,501,576
558,616,641,643,493,580
562,629,623,646,503,579
568,614,641,645,489,585
569,604,637,645,488,584
556,624,629,640,498,574
557,622,633,638,498,576
557,612,635,642,497,575
568,626,640,635,497,584
567,624,625,647,500,585
569,620,636,636,496,583
565,627,623,644,501,582
558,623,634,640,497,573
567,623,637,636,502,583
563,629,638,631,502,582
559,617,638,644,493,580
569,618,635,646,493,585
568,613,633,646,494,586
564,629,637,632,502,582
565,630,633,624,503,579
569,623,632,642,499,586
571,625,631,637,498,587
566,611,638,644,489,582
564,613,640,644,494,582
554,627,629,634,494,576
562,615,639,642,491,579
567,622,633,640,496,584
567,612,639,644,490,583
567,614,639,644,499,578
568,621,635,646,494,583
570,623,636,641,499,587
568,626,640,636,497,585
564,629,638,630,502,581
567,627,638,632,502,583
560,627,626,645,500,585
571,626,626,642,499,582
557,626,635,639,499,578
562,627,624,642,503,578
565,628,633,633,502,582
566,624,633,632,493,583
567,611,638,643,491,586
563,624,628,643,500,584
564,629,625,647,499,582
565,627,637,630,503,581
563,627,638,634,502,583
563,631,636,630,500,584
567,619,634,646,494,585
561,626,624,646,504,580
563,627,636,635,502,581
565,629,640,629,503,584
565,614,638,638,490,579
564,621,634,643,499,584
558,628,630,638,502,575
569,614,637,646,490,585
555,628,628,641,502,576
561,616,635,645,491,585
568,624,628,645,495,586
560,625,637,633,499,583
565,625,624,642,502,580
566,613,639,644,489,581
556,627,629,634,502,575
568,620,633,641,493,585
562,629,623,644,502,578
566,626,636,636,500,582
556,618,626,641,503,575
569,623,641,633,493,585
570,625,625,643,499,582
552,618,635,639,494,576
566,611,640,641,489,582
570,624,629,642,500,586
568,613,635,646,490,585
563,609,639,643,489,582
561,628,625,641,501,576
569,623,635,637,497,585
566,625,640,629,500,584
566,628,638,631,501,583
564,628,625,643,495,582
558,629,629,640,497,574
568,628,638,627,499,583
559,629,623,640,503,577
563,620,631,646,496,586
563,609,640,643,488,583
567,625,635,634,503,584
567,628,637,629,501,582
570,626,635,635,498,587
567,630,640,629,502,584
557,628,627,641,504,574
572,623,632,639,497,586
571,619,633,639,498,586
572,621,634,636,498,585
557,627,632,637,495,575
569,615,623,641,498,583
554,621,628,639,500,576
568,623,635,634,498,584
556,619,636,641,496,574
570,625,630,642,498,583
568,621,635,642,493,586
559,613,637,639,493,578
563,629,636,632,502,582
568,623,633,636,496,586
559,629,623,641,501,575
569,602,635,646,491,584
567,624,627,643,499,584
567,618,633,642,494,585
557,614,628,643,499,575
558,621,633,639,493,576
559,620,636,642,496,577
568,620,634,640,499,584
566,618,641,631,499,585
569,615,637,646,491,584
571,618,635,639,494,583
559,627,625,641,504,577
569,624,632,634,495,586
566,622,633,639,497,585
565,612,638,642,490,580
569,623,634,635,496,585
563,629,637,629,502,583
565,625,635,636,501,584
565,622,642,626,498,588
564,628,634,631,502,582
567,624,626,643,500,583
561,628,621,644,502,581
560,617,638,638,493,576
568,626,639,636,502,584
556,629,623,640,502,576
557,619,637,641,495,577
567,615,635,640,492,585
568,626,635,630,501,581
572,622,636,639,492,587
566,620,631,643,496,585
567,626,635,631,500,581
568,612,634,644,491,585
557,628,622,642,502,576
566,621,634,636,497,586
558,629,623,642,500,579
570,620,636,642,497,586
565,627,637,633,499,583
571,622,635,633,497,586
563,616,637,641,487,581
564,627,623,645,504,580
559,612,638,642,489,581
571,620,639,634,498,584
568,613,636,642,488,587
566,627,625,644,501,585
567,613,636,629,489,586
569,623,632,641,499,585
568,622,639,635,498,584
563,612,638,644,490,580
571,614,630,638,490,581
557,624,630,637,504,574
559,619,636,639,496,577
565,626,634,634,500,584
570,626,638,635,497,583
567,624,634,637,499,586
559,619,619,643,501,578
558,623,633,640,499,574
563,613,638,641,491,579
571,624,625,634,496,588
567,627,639,631,500,583
566,632,637,629,504,583
562,623,634,634,499,582
566,629,640,630,498,583
563,614,638,639,490,579
565,626,641,628,501,583
567,626,635,634,498,582
563,614,636,645,490,585
564,630,636,629,502,583
566,628,638,629,500,582
564,628,622,640,501,579
566,613,637,641,487,584
565,617,637,629,502,582
567,625,624,644,500,583
568,611,639,630,500,583
567,624,629,642,498,584
561,608,639,644,487,584
569,620,636,637,495,585
567,610,639,643,488,585
567,611,638,644,489,585
566,611,636,645,490,584
569,623,631,642,499,587
569,625,637,636,500,579
568,624,637,633,498,587
568,626,626,644,501,581
568,625,635,635,498,586
570,620,625,636,494,582
567,623,635,634,502,583
570,619,635,646,497,586
566,628,640,628,501,583
562,629,625,642,503,580
564,629,625,646,498,575
562,632,625,643,502,579
570,620,635,641,496,585
561,629,636,645,504,577
570,627,637,640,499,585
570,629,638,632,506,585
564,628,626,644,502,577
563,635,622,644,504,577
570,610,641,643,490,584
558,633,627,642,503,577
562,632,626,644,503,581
567,630,638,628,499,584
571,623,636,644,496,583
574,631,631,636,501,585
556,632,627,644,504,576
570,626,642,636,499,588
570,633,643,629,503,584
571,627,643,632,502,585
574,619,638,645,494,586
557,630,626,645,503,577
563,623,638,643,497,576
560,628,635,642,500,577
558,625,636,641,498,576
567,633,625,644,503,584
570,630,642,635,498,586
566,630,638,638,500,586
560,626,637,645,498,576
560,624,637,642,498,579
564,633,624,643,504,582
562,620,641,644,493,580
571,624,635,648,495,586
574,619,638,643,497,579
566,617,640,645,492,583
564,615,641,647,491,581
569,622,636,642,497,584
569,620,644,633,500,585
571,627,641,635,498,585
564,616,642,644,494,580
570,615,640,647,490,586
572,619,638,645,486,586
561,629,631,641,504,578
557,633,632,641,501,577
570,630,642,632,505,580
561,621,639,642,490,579
574,628,637,642,498,586
567,616,641,646,492,585
573,627,637,644,499,584
567,633,627,646,497,584
567,629,640,636,503,586
573,625,646,636,499,587
570,628,643,633,503,584
573,615,639,646,493,586
571,625,638,642,501,584
568,632,642,625,501,584
572,614,641,646,489,584
570,625,642,637,501,587
560,627,630,645,499,577
563,619,640,642,496,577
573,629,639,636,500,587
561,634,626,644,504,577
570,614,638,645,489,584
561,618,640,641,494,579
560,620,641,643,495,579
572,614,639,645,491,586
561,626,637,641,497,577
558,631,626,645,504,581
560,633,631,642,499,577
560,634,628,643,505,576
569,626,629,644,502,589
566,633,627,644,503,582
568,631,641,632,503,584
557,634,624,642,503,579
569,626,641,631,503,587
561,630,626,642,503,578
569,620,628,637,504,583
572,627,638,636,498,587
569,628,643,632,499,587
561,622,639,642,494,576
568,633,638,633,505,584
561,631,624,642,504,578
567,613,643,646,490,585
567,620,625,640,503,579
572,618,637,645,492,587
560,623,634,640,497,578
567,626,630,644,501,587
561,621,639,642,494,577
570,629,635,637,502,583
571,634,642,631,500,585
568,628,625,645,502,583
570,628,632,643,492,585
559,632,625,640,504,577
568,628,643,631,500,585
563,632,625,644,505,582
569,616,640,646,490,583
569,630,628,646,499,582
570,616,643,646,489,584
571,632,637,633,503,584
559,621,640,636,490,581
565,631,625,645,502,580
565,632,640,630,503,582
573,623,636,641,495,587
568,620,638,633,502,584
573,616,634,639,491,585
565,626,626,643,502,580
568,625,636,646,504,581
559,629,629,640,504,576
568,622,641,646,489,583
570,616,639,646,489,586
570,617,638,647,492,586
572,626,631,641,499,587
572,628,628,643,501,587
567,624,636,636,497,587
557,624,632,640,502,578
565,622,635,647,497,586
573,626,644,638,498,586
574,626,632,642,499,586
569,632,627,642,502,584
573,624,634,642,501,588
569,631,626,644,502,582
565,632,624,645,502,579
569,630,644,632,500,585
568,627,636,642,499,587
573,615,636,645,492,587
573,617,638,644,494,586
555,629,627,645,501,581
569,613,641,644,490,584
568,630,625,642,502,585
561,630,625,642,503,578
565,630,636,633,504,583
566,630,635,634,501,584
558,633,632,639,500,576
568,625,636,637,502,582
571,626,643,640,499,588
567,631,636,642,490,585
572,625,644,631,499,586
572,625,640,635,500,584
571,615,639,646,494,586
573,626,630,641,499,586
567,629,637,634,503,583
559,618,631,643,504,577
570,629,630,647,500,585
573,623,637,633,492,588
559,634,627,642,501,576
569,626,642,629,497,586
568,631,638,634,503,583
573,627,639,644,490,586
560,623,636,639,499,576
570,630,626,646,499,585
568,623,634,640,495,586
568,628,642,630,500,584
566,626,630,644,498,588
568,620,637,637,502,584
562,619,640,644,493,579
565,632,638,631,502,584
565,628,638,635,499,587
561,632,624,643,502,584
573,626,629,644,494,577
569,628,641,634,499,586
561,619,637,639,501,586
567,631,620,645,503,584
568,629,637,638,494,582
572,615,641,644,492,585
558,626,632,641,500,576
574,627,631,636,499,586
557,634,627,643,503,579
559,629,630,641,505,575
561,631,624,643,504,579
568,623,638,641,497,585
570,616,638,637,487,587
563,631,625,644,503,580
574,627,632,641,501,586
567,631,643,631,501,583
562,630,626,644,503,579
566,625,632,641,499,585
563,622,636,637,506,584
571,624,635,642,497,585
571,628,638,633,502,584
569,627,640,635,499,588
551,630,631,640,506,576
569,624,636,642,496,587
572,628,642,631,504,584
554,631,627,643,502,579
572,626,643,637,500,586
567,615,642,646,489,582
571,628,630,642,502,588
569,617,636,634,502,584
567,630,638,628,502,582
572,619,635,638,498,585
567,627,637,639,498,586
559,633,633,640,502,574
570,629,637,635,501,583
571,614,637,636,499,584
570,618,637,643,495,585
572,630,627,645,503,580
568,629,625,645,503,580
572,628,632,639,500,589
571,625,635,639,500,587
566,629,639,631,504,581
572,623,635,640,499,585
570,629,640,635,502,583
554,631,633,640,502,579
558,624,634,633,504,583
567,629,627,645,502,585
572,625,634,637,499,588
572,627,631,642,500,587
569,624,626,641,504,577
562,632,639,630,500,584
569,614,638,641,500,586
575,626,627,642,502,586
567,628,636,636,503,583
566,633,641,631,504,583
572,623,635,637,499,586
568,627,626,643,495,585
565,631,637,631,503,583
561,618,638,642,493,580
571,629,633,634,504,584
571,627,642,633,502,586
571,629,628,644,500,585
570,627,625,645,502,584
567,622,638,637,502,585
561,621,639,642,495,579
569,627,643,632,500,586
571,628,642,632,501,586
560,622,639,640,493,581
554,622,637,641,497,575
571,613,635,644,493,585
556,617,642,641,493,580
564,617,639,645,491,582
570,628,627,642,504,584
572,626,632,639,499,588
561,628,627,642,504,576
569,619,637,643,494,586
557,615,640,643,491,582
569,626,642,628,501,585
556,632,630,643,501,576
559,623,627,640,502,576
568,630,622,638,503,582
559,625,633,634,497,573
556,625,628,643,501,578
563,614,640,643,490,581
559,626,634,637,501,577
562,624,643,633,500,585
570,627,631,642,500,586
558,633,634,638,506,576
564,631,639,632,501,583
569,623,634,644,486,585
561,618,639,641,495,582
567,628,642,631,499,585
562,620,638,641,498,578
566,632,640,626,503,584
556,626,629,641,500,575
567,627,627,643,503,584
570,622,637,639,495,585
561,617,639,642,493,577
568,622,635,639,496,585
563,612,641,644,490,580
568,617,637,636,496,586
557,626,635,638,500,575
572,625,637,637,499,587
566,627,638,636,502,585
559,627,630,641,503,577
559,627,625,642,504,578
571,625,636,639,503,584
565,619,645,636,498,587
567,627,631,644,494,586
569,615,638,644,490,587
569,625,639,635,497,586
559,624,637,642,496,577
568,625,627,643,499,586
561,635,625,641,506,577
562,628,627,642,504,579
572,618,636,643,497,585
567,629,624,647,502,581
564,631,625,644,502,582
564,632,625,642,504,581
565,632,641,630,497,580
558,632,630,642,494,572
561,616,638,642,491,580
556,619,641,641,495,580
571,625,631,644,497,588
570,625,642,629,500,586
559,629,624,641,503,578
568,628,643,632,500,584
559,621,631,641,492,574
572,614,636,645,489,587
565,626,639,635,504,584
569,626,642,632,500,585
564,627,642,632,499,585
557,627,630,641,502,576
568,626,627,641,503,583
569,615,635,646,493,586
560,631,627,640,503,577
569,613,640,645,490,585
565,627,641,630,503,585
568,612,639,646,491,587
569,619,634,643,495,587
569,629,635,637,495,585
569,625,628,644,501,585
572,623,636,637,496,585
565,615,642,643,490,582
562,613,641,645,489,587
560,616,640,643,491,582
558,629,628,640,502,578
565,628,621,646,501,582
566,629,636,637,499,583
565,629,635,627,503,580
566,615,639,643,489,586
558,628,638,629,503,584
562,625,639,636,499,585
566,626,637,635,496,582
569,627,636,635,500,585
565,628,641,631,500,581
557,631,627,642,501,577
567,630,640,630,503,584
555,627,635,639,497,577
560,630,624,641,504,578
567,626,636,639,499,584
565,627,637,632,502,587
566,630,639,628,502,583
557,624,633,640,503,576
559,614,637,639,493,577
571,621,636,646,496,586
561,612,634,638,498,578
566,628,634,641,494,587
566,626,641,630,502,584
567,614,638,643,489,587
564,628,642,633,503,582
561,627,624,645,501,579
569,625,626,644,500,585
566,627,640,632,502,585
569,623,635,634,500,588
566,627,639,629,503,586
566,629,625,637,500,581
567,628,637,632,504,583
569,627,628,644,503,581
568,612,640,645,489,585
560,617,639,640,495,580
572,620,638,626,492,588
566,630,638,630,502,583
565,625,637,633,497,579
572,624,638,638,504,588
571,624,634,645,489,588
558,631,634,638,506,576
565,630,635,625,504,580
565,628,640,630,495,585
567,609,642,644,489,584
569,618,626,644,500,584
564,628,625,643,502,580
570,626,639,632,498,587
565,630,639,633,501,583
570,626,637,637,502,587
565,628,641,629,502,586
571,616,637,640,495,586
552,630,626,640,502,577
566,611,640,646,492,584
570,625,641,631,501,584
566,628,640,631,501,583
569,622,635,641,500,587
568,621,636,642,499,584
562,613,639,642,492,581
569,624,640,631,498,587
564,626,638,636,500,582
562,612,641,643,491,582
569,620,634,649,496,587
566,610,637,639,495,588
562,616,638,639,494,580
556,628,628,640,500,577
557,628,625,644,504,583
561,628,624,644,503,579
568,623,636,643,498,585
568,628,623,644,503,586
565,619,636,631,503,583
565,624,628,643,499,586
557,616,632,641,492,574
568,611,640,645,490,585
562,612,638,643,489,578
570,622,632,641,501,587
566,628,638,632,501,582
569,622,636,638,498,587
558,615,639,640,493,580
567,622,636,641,500,585
557,611,634,640,493,579
561,614,639,643,492,581
566,626,629,644,500,587
570,624,632,642,500,586
569,624,625,644,500,584
567,624,636,638,499,585
555,621,633,637,498,576
566,625,634,636,499,584
570,621,638,635,497,587
569,623,636,639,497,586
564,603,636,644,489,583
565,625,637,632,504,585
557,609,627,639,501,573
569,616,624,644,501,585
557,617,637,637,497,577
559,627,625,644,502,579
559,620,626,643,504,579
561,615,641,641,492,580
566,620,634,644,495,585
560,630,625,644,506,576
568,623,641,629,500,585
556,629,628,635,497,578
564,613,636,636,489,579
565,609,635,644,485,584
559,620,641,642,495,578
566,619,638,632,503,584
557,626,641,630,502,585
557,618,636,642,496,579
564,627,640,631,502,583
569,617,638,641,495,584
561,630,626,641,505,579
567,616,637,641,497,585
557,620,633,639,499,576
555,623,633,641,492,571
566,619,636,641,499,584
568,620,635,638,495,585
563,609,640,644,488,583
569,609,639,645,489,586
565,625,640,630,502,582
568,611,640,642,489,585
567,621,637,634,498,587
569,614,627,638,502,584
561,625,625,641,503,579
567,623,642,629,501,584
572,610,637,645,489,585
568,615,634,643,496,586
566,622,641,631,501,584
567,609,639,646,492,587
567,621,636,636,498,586
558,622,626,643,500,583
568,620,636,641,497,585
568,622,643,631,499,585
563,613,620,643,504,577
566,625,641,630,503,585
568,608,641,645,489,585
565,621,637,635,502,582
556,623,626,634,495,583
563,624,642,631,499,586
558,625,632,641,502,576
568,623,630,641,500,588
565,624,644,629,503,583
565,623,639,629,502,584
565,622,641,631,500,584
569,612,628,643,499,588
557,628,620,643,501,580
566,625,637,634,503,579
558,613,636,638,495,586
570,614,636,644,495,586
568,611,634,641,499,587
570,618,630,643,500,587
569,613,643,629,501,585
568,619,637,637,494,583
557,624,628,642,504,577
562,615,642,640,493,581
564,600,637,644,490,583
563,627,644,631,501,576
564,621,639,636,499,586
568,608,641,643,491,583
570,622,633,642,499,588
557,629,625,641,503,577
565,620,629,643,499,587
557,613,638,639,496,577
569,618,637,636,504,583
567,616,635,643,494,587
566,610,640,641,492,581
568,618,637,637,499,585
569,610,642,644,491,586
569,610,637,645,489,582
567,616,637,639,498,588
566,610,636,645,491,586
570,621,635,638,502,586
567,625,628,644,501,582
568,624,625,645,502,585
559,616,638,633,496,578
560,611,641,642,491,581
565,610,641,644,491,585
566,627,634,631,503,582
563,623,626,641,496,580
560,620,633,640,496,576
549,619,637,638,497,576
568,609,638,644,490,585
564,626,639,632,502,584
564,614,626,641,501,583
558,625,636,634,500,583
571,612,632,640,489,583
560,625,625,643,502,580
569,611,639,644,492,588
556,617,638,640,493,579
565,627,641,626,503,585
566,623,636,637,499,586
565,608,640,647,490,584
568,623,635,639,500,585
567,623,636,640,500,583
556,617,634,639,494,577
560,626,627,642,501,578
564,623,637,633,502,582
558,616,636,641,495,578
557,606,633,637,497,577
570,623,635,626,498,586
559,620,636,637,495,577
567,607,642,644,488,584
564,620,636,638,498,586
566,621,637,635,498,587
569,617,636,642,497,584
557,627,632,639,504,576
565,621,635,637,489,576
565,622,632,640,497,577
560,610,645,640,493,579
563,625,640,632,501,582
569,612,636,641,498,588
564,626,640,636,500,583
567,608,642,645,492,585
564,620,637,637,498,587
566,622,641,630,500,584
567,622,641,636,497,586
565,626,639,629,502,582
567,616,637,642,496,586
558,621,630,634,498,575
557,621,629,639,503,575
562,610,641,636,486,580
567,618,641,635,499,586
560,612,639,641,494,578
570,622,637,642,496,587
556,621,631,637,499,576
565,612,641,643,492,585
568,622,625,643,496,583
565,627,638,632,496,583
560,627,619,643,502,579
569,625,631,631,498,581
566,624,642,629,500,584
566,622,627,642,501,584
567,619,636,637,499,588
566,625,627,642,501,582
560,626,626,641,503,579
567,626,637,630,502,583
567,621,633,640,500,587
568,621,644,635,498,587
570,622,634,636,499,586
564,624,641,630,502,583
564,621,635,635,500,585
568,622,642,629,501,586
560,625,625,642,503,581
564,607,642,644,492,581
566,620,637,639,502,582
565,623,624,645,501,583
566,621,637,636,501,585
567,612,637,644,491,588
557,621,629,637,501,577
561,626,624,644,502,580
566,613,642,624,502,583
563,626,639,630,501,585
566,615,639,629,501,583
559,626,624,641,503,577
558,627,624,640,503,580
568,620,629,642,501,585
561,626,624,642,501,580
568,619,633,640,501,587
557,625,629,638,505,578
565,623,638,635,503,584
570,620,634,638,498,588
561,625,624,642,503,578
565,609,639,641,489,583
566,623,642,631,499,586
566,622,640,626,499,584
557,618,639,638,497,576
562,610,639,642,497,581
564,612,639,642,490,584
566,620,635,644,497,575
568,622,633,640,498,580
565,606,639,629,503,582
564,625,640,630,504,585
566,597,634,642,490,585
565,608,642,642,488,583
567,624,641,630,502,586
571,619,634,638,500,586
556,624,627,638,502,575
560,626,624,642,505,579
566,623,642,630,502,586
568,620,638,634,500,586
568,620,635,639,498,584
565,623,638,635,500,583
559,623,625,639,503,576
566,621,638,633,499,587
557,625,631,638,503,577
567,617,637,632,498,587
569,619,630,637,497,586
567,619,640,630,502,585
571,620,630,641,501,577
569,621,633,637,499,586
557,625,638,629,503,583
570,618,632,641,500,588
561,623,624,642,503,579
565,625,639,630,503,582
569,616,635,641,495,586
567,620,637,627,494,587
553,626,625,641,505,578
566,608,639,644,489,585
560,616,620,640,504,580
564,623,641,629,502,583
560,620,637,638,496,580
568,617,635,639,496,584
561,624,626,640,504,577
561,615,639,640,493,580
559,612,636,640,494,582
570,621,632,641,501,589
568,623,640,628,501,585
568,618,630,642,502,583
568,619,633,641,495,585
564,608,628,644,494,581
564,626,622,644,500,584
555,623,632,638,498,572
558,626,625,641,503,578
557,624,626,639,502,577
571,611,629,643,498,586
568,609,640,645,490,587
562,610,637,643,490,580
568,611,632,639,494,586
567,621,634,637,498,588
569,621,633,638,500,589
570,623,642,629,501,584
555,620,636,638,502,576
556,620,635,638,500,577
566,619,634,641,496,586
570,611,631,642,499,586
564,614,641,631,499,586
558,615,635,639,502,584
566,614,637,628,501,584
559,626,627,641,503,577
559,624,623,641,502,580
569,621,632,642,497,585
569,618,635,643,495,585
568,621,623,644,496,586
567,620,630,634,496,581
558,624,622,645,502,581
566,625,626,645,500,586
565,625,638,633,503,584
571,618,636,639,497,587
570,622,628,641,499,587
566,622,640,630,504,584
566,616,636,639,496,584
571,621,633,638,496,588
562,624,623,643,504,581
567,617,635,641,494,585
565,623,633,636,498,585
556,626,632,637,500,575
565,624,640,623,499,585
568,623,640,629,500,583
567,608,635,630,502,582
564,613,631,630,501,583
569,622,629,640,499,587
569,618,636,636,499,587
567,627,637,633,502,583
568,612,630,639,490,582
565,623,634,629,498,582
571,621,630,642,500,584
566,624,639,630,500,585
568,618,635,641,501,586
559,614,640,641,490,578
569,622,624,641,499,587
568,622,626,636,501,578
555,622,628,631,498,573
559,607,640,646,489,585
568,616,636,637,501,584
563,608,639,644,489,585
561,626,623,641,502,579
566,622,638,629,501,582
559,611,638,641,493,582
568,621,634,634,501,586
571,621,629,641,498,583
565,624,635,633,501,581
564,627,639,631,501,583
571,616,630,634,495,584
569,600,636,644,490,586
563,626,636,631,502,582
568,611,637,643,491,586
568,622,638,633,497,586
566,622,637,632,504,583
562,625,637,632,501,582
559,624,622,641,503,578
559,615,636,640,498,578
564,624,623,643,500,582
558,613,637,641,495,579
565,626,641,627,502,584
565,625,623,645,503,584
563,624,636,630,502,584
570,622,624,642,501,585
570,615,635,644,497,585
566,607,638,644,490,586
568,619,636,634,500,587
568,621,639,634,500,587
558,612,632,641,501,576
564,626,623,644,502,583
557,627,624,642,503,577
572,620,638,636,497,584
564,619,628,642,500,588
561,611,639,640,489,583
563,625,624,639,503,580
559,621,630,639,499,576
551,611,639,642,492,579
569,621,634,638,501,588
568,609,628,636,500,587
568,621,635,636,499,586
557,624,626,638,504,575
568,622,625,644,501,585
564,627,638,630,503,582
568,609,636,645,493,589
567,620,638,632,500,587
558,616,637,640,495,581
571,625,637,633,502,583
568,617,636,646,495,586
565,620,641,630,500,585
569,609,638,643,494,585
563,610,639,643,488,583
566,623,640,635,501,585
566,614,634,642,494,585
567,618,640,635,499,586
563,621,637,630,503,586
568,622,639,632,502,587
563,628,627,642,496,587
565,625,638,631,503,581
561,626,625,641,504,579
565,622,636,636,499,584
556,619,632,638,498,575
558,627,626,641,497,573
569,617,633,642,495,586
564,622,618,644,497,577
571,607,639,645,492,587
567,619,636,636,501,582
568,614,634,637,495,585
564,623,623,641,501,583
551,617,634,638,500,575
567,621,636,635,502,583
558,625,624,638,502,576
568,621,635,635,500,585
555,616,639,641,493,580
556,622,629,638,504,576
560,616,625,633,506,576
567,607,638,640,490,586
569,619,632,639,497,587
557,616,631,632,493,575
568,621,633,641,499,588
568,611,634,642,495,586
566,612,629,632,502,576
566,622,640,641,497,587
568,622,630,639,498,587
570,608,638,644,491,585
571,617,634,636,500,586
568,621,642,629,503,584
558,617,632,639,496,576
568,621,636,627,504,581
556,622,629,637,505,575
568,610,635,643,490,586
571,620,635,633,498,587
558,624,624,641,505,577
564,624,624,644,500,585
568,619,636,637,501,579
569,620,632,642,499,588
563,624,624,644,502,583
570,621,636,634,501,586
565,625,638,630,503,583
556,625,629,642,503,578
558,624,628,641,504,576
559,609,639,641,492,579
557,619,625,640,497,575
569,621,641,627,499,585
566,622,636,633,503,583
565,616,642,629,503,585
563,623,640,630,502,584
556,623,629,644,501,575
564,608,636,642,488,584
561,625,620,642,504,577
565,614,633,627,503,584
568,620,638,635,500,586
556,622,633,640,503,577
563,608,638,643,489,585
555,622,633,638,501,575
564,626,639,628,502,584
560,623,625,643,502,579
566,622,640,635,503,584
555,622,628,639,500,576
563,609,637,639,493,581
567,613,636,634,501,584
568,616,633,639,496,587
570,613,635,635,491,587
570,622,640,630,500,585
566,623,637,631,503,584
556,622,633,631,497,572
567,620,628,641,494,580
557,613,638,633,489,579
565,622,634,635,492,583
562,626,634,646,501,584
565,608,638,644,489,586
569,621,626,641,500,584
555,630,632,636,500,577
559,603,638,641,493,580
565,623,640,627,504,584
569,620,632,637,500,587
560,621,622,643,501,584
567,616,634,643,496,586
559,626,624,631,498,578
559,618,635,636,496,577
564,623,641,628,500,585
563,625,636,631,502,585
568,618,638,632,498,587
561,620,636,635,502,583
565,624,635,630,498,583
564,625,635,624,505,580
566,621,636,628,503,584
569,620,635,637,499,588
562,609,641,640,494,581
571,620,629,638,500,587
570,615,635,643,496,586
566,618,634,630,494,582
563,629,623,639,506,578
556,623,630,639,501,574
566,621,627,644,499,584
566,622,638,628,501,584
568,614,633,639,497,586
566,625,637,629,502,583
564,622,637,632,503,583
562,622,622,638,503,581
565,620,637,629,499,585
566,618,638,627,500,586
556,621,631,638,497,577
563,622,635,632,501,583
566,621,633,636,500,585
559,623,624,641,504,579
569,607,633,637,499,587
566,622,632,635,499,584
569,620,628,641,499,585
557,620,631,636,507,575
570,610,637,643,492,588
568,611,634,642,491,587
568,623,624,644,495,582
556,621,628,636,500,575
567,621,637,632,501,582
567,609,635,642,490,587
561,612,636,641,493,582
555,614,635,638,496,577
555,614,637,637,498,576
564,625,638,630,503,584
564,623,636,634,506,583
555,623,627,637,500,575
561,620,632,636,502,583
567,620,638,625,501,587
567,622,639,629,500,585
566,622,634,632,502,585
557,623,624,639,505,582
561,622,622,641,503,579
567,607,636,642,490,583
569,618,634,636,501,585
565,622,635,630,503,582
566,622,634,633,500,585
570,621,628,640,503,583
568,608,637,641,493,586
565,624,635,630,501,583
566,621,623,641,506,579
560,624,623,641,502,582
557,624,629,642,500,576
558,624,628,639,500,577
572,609,635,644,492,587
568,609,636,643,491,586
555,616,635,638,495,579
556,616,633,637,496,578
555,625,622,639,503,576
565,622,633,632,502,585
571,620,629,639,499,586
565,626,638,628,503,584
563,621,636,623,493,576
558,617,632,637,494,577
559,621,638,628,502,584
560,620,626,642,500,581
568,605,638,641,494,584
561,622,621,639,502,579
564,624,635,627,504,583
566,618,622,641,500,585
558,614,635,636,494,581
569,617,634,634,497,589
557,624,632,642,502,585
570,610,635,639,495,587
568,612,635,642,494,586
563,621,639,628,498,586
566,621,623,642,501,582
565,610,639,642,491,582
557,626,626,636,503,577
563,616,632,637,498,585
564,610,639,641,490,582
570,606,635,639,491,587
556,608,638,642,491,584
556,621,629,635,501,577
566,623,637,630,502,584
567,623,625,641,502,583
557,612,637,638,494,580
565,595,632,641,492,580
568,611,635,641,490,587
561,622,624,640,503,584
567,607,637,642,489,587
569,604,637,642,491,588
566,622,627,641,498,587
562,606,637,641,490,587
567,612,632,644,495,587
559,616,635,635,498,578
550,623,627,636,503,577
566,621,638,628,498,586
560,605,637,640,489,586
567,619,634,632,505,583
567,614,634,640,494,585
563,623,633,628,502,582
571,620,634,627,496,579
561,622,621,637,502,580
556,620,629,635,503,577
562,622,620,641,501,580
566,605,637,640,489,585
564,624,624,642,503,578
569,605,635,639,489,587
562,610,637,639,493,583
566,622,635,630,501,583
568,609,636,643,490,587
556,618,623,637,502,572
569,613,633,631,494,583
564,624,635,620,505,585
568,608,635,628,501,584
558,624,626,640,500,588
566,622,640,628,500,586
565,622,637,628,503,584
569,616,633,639,497,588
558,606,631,638,496,578
557,627,624,630,502,576
557,619,624,637,499,577
567,605,638,642,491,584
563,606,639,640,492,581
557,622,628,637,502,577
560,625,621,640,501,580
568,623,622,639,502,582
564,623,639,628,502,583
572,622,626,641,501,588
563,620,634,632,498,588
565,623,635,627,504,583
569,608,636,640,490,588
570,618,633,634,498,585
569,620,635,639,497,587
565,615,634,626,504,584
564,606,635,641,493,586
572,620,623,639,499,587
561,611,640,636,494,582
557,624,624,635,500,577
571,609,629,638,500,585
558,607,636,642,491,585
565,622,637,632,500,584
570,618,627,637,499,586
571,608,626,636,499,588
569,619,636,633,500,588
557,625,626,636,503,584
566,624,634,628,503,583
563,625,622,639,499,586
566,620,637,628,499,586
566,613,632,628,503,584
571,619,628,638,500,586
570,620,632,638,497,587
557,624,625,639,504,577
556,619,632,636,498,576
556,623,624,630,500,573
566,620,628,641,500,590
566,620,622,639,502,582
568,605,635,639,492,585
563,624,638,625,502,585
560,612,637,636,492,583
558,618,632,635,500,575
561,625,623,641,503,576
567,617,633,628,500,584
564,624,633,629,501,582
556,615,633,636,497,578
567,621,633,630,502,583
559,615,627,638,503,576
561,623,623,639,504,577
564,608,638,640,490,581
555,619,634,635,496,580
567,622,638,629,501,584
568,620,624,641,501,585
555,618,628,639,501,576
563,606,635,639,491,585
569,608,632,643,491,587
559,615,621,639,504,578
563,622,624,641,504,579
566,609,640,640,490,585
571,614,633,643,494,586
564,621,635,633,502,584
569,620,633,634,500,587
564,622,637,626,502,583
570,620,631,639,500,589
570,619,628,641,500,587
557,624,627,637,501,578
570,618,624,638,501,587
558,627,629,637,505,578
569,620,631,640,497,588
573,620,627,639,500,589
569,620,636,631,499,587
568,615,635,643,496,586
564,609,638,640,489,585
566,604,639,633,485,586
569,608,636,643,491,586
571,616,630,636,498,588
564,614,622,642,503,580
565,622,637,627,504,583
561,624,622,641,501,581
569,609,636,642,489,587
570,611,629,637,489,584
564,614,622,641,502,583
557,622,635,630,502,584
570,619,633,631,497,587
566,618,639,630,500,589
567,625,623,642,503,582
564,623,624,643,503,582
561,624,623,637,504,579
562,617,633,633,500,588
565,621,641,625,496,587
554,623,625,632,496,578
555,610,624,638,499,576
561,624,623,637,504,578
560,619,633,632,500,588
556,614,635,639,496,581
562,623,636,629,503,585
565,620,639,631,501,586
563,605,637,640,490,584
561,618,633,635,500,586
568,619,631,642,500,586
568,612,631,637,494,587
564,621,623,641,503,584
556,621,629,637,504,576
561,619,631,639,500,588
564,622,634,634,503,579
566,620,640,628,503,581
566,620,636,632,498,588
565,608,639,646,492,584
564,614,632,641,494,588
565,619,641,631,500,583
564,623,623,633,505,581
567,605,636,640,490,586
555,618,635,637,498,576
565,619,638,627,500,586
563,623,622,642,507,581
563,622,622,641,507,581
560,624,622,638,503,577
570,613,634,644,495,585
562,615,623,640,505,581
560,616,635,634,490,579
567,620,635,636,494,581
567,623,623,637,504,578
571,618,634,640,495,589
567,621,639,627,502,585
569,613,634,638,496,587
568,622,636,634,502,587
567,624,624,641,504,582
565,623,633,638,501,586
569,622,623,643,496,583
556,618,633,635,503,579
564,624,622,642,504,581
568,625,639,625,505,586
566,619,640,627,501,585
559,624,622,638,503,579
568,620,626,638,501,585
557,615,632,637,497,578
566,625,638,628,504,584
569,608,635,640,492,582
561,621,624,638,502,577
570,612,640,620,502,585
566,619,624,643,504,584
569,608,635,642,491,586
569,609,633,638,494,587
564,622,623,634,498,582
569,623,626,640,503,586
569,615,634,644,497,588
557,616,636,638,492,580
570,610,631,636,495,587
561,621,621,638,504,577
564,605,640,633,486,583
565,616,633,635,498,589
571,607,637,640,493,584
557,615,635,637,496,578
558,616,624,640,504,578
569,608,639,641,491,585
563,622,622,639,505,577
552,617,631,636,500,577
561,617,632,637,500,586
567,618,639,627,501,584
573,617,629,642,499,583
560,610,620,639,504,578
557,610,635,638,499,576
560,607,636,636,495,577
566,617,633,638,502,583
562,616,635,631,503,583
568,613,634,635,500,586
562,601,635,642,491,584
568,614,626,642,503,583
551,617,623,640,505,577
559,616,636,633,505,579
565,615,639,629,502,583
568,599,637,640,490,583
563,600,639,637,492,580
564,612,640,628,502,583
558,604,638,633,486,580
566,598,637,641,491,584
568,609,634,638,500,585
566,605,634,640,499,585
567,608,632,640,495,585
565,615,624,639,501,583
556,611,629,640,494,575
567,615,634,632,503,584
564,616,635,630,505,585
566,614,635,627,496,583
568,612,636,628,494,586
565,614,623,642,504,584
556,606,634,638,494,577
568,611,630,640,500,585
570,611,640,631,501,585
569,614,638,627,504,583
559,611,633,637,497,576
571,609,634,644,496,588
572,612,630,639,500,587
562,618,624,641,503,578
569,598,637,640,491,586
558,614,627,632,500,577
567,611,637,629,501,586
558,603,637,640,492,581
567,606,632,640,497,588
571,611,626,641,502,584
570,608,635,633,493,585
564,613,635,644,491,584
561,599,637,642,490,585
568,601,638,643,491,584
569,613,624,640,503,585
562,601,637,639,495,581
570,611,628,639,500,586
557,611,631,638,502,577
560,618,623,642,505,579
571,615,632,634,499,587
567,615,624,642,502,584
557,613,632,639,502,575
564,599,639,642,491,583
557,614,631,638,499,575
561,607,639,638,503,580
558,608,636,637,498,579
569,599,635,644,496,585
566,600,637,641,490,586
563,599,635,641,490,584
557,614,624,639,507,577
560,614,622,643,504,581
557,612,631,636,498,578
563,616,638,628,502,582
564,612,637,624,500,582
569,609,632,634,498,588
556,609,630,638,498,581
564,613,634,637,504,581
568,610,632,637,499,588
567,612,634,632,500,587
564,617,624,641,504,580
560,606,633,637,497,585
570,601,635,643,493,587
564,616,623,643,504,578
567,610,624,642,502,587
549,614,629,637,501,576
565,598,636,643,492,586
566,615,624,642,503,586
566,606,637,640,493,580
551,604,635,638,498,577
568,615,624,642,501,585
570,608,634,642,496,586
567,606,634,638,497,585
570,609,629,640,497,588
565,615,622,641,503,582
558,602,637,639,494,579
567,591,631,640,494,587
567,617,622,642,504,583
558,596,635,640,496,579
567,608,633,638,500,584
562,615,624,639,504,579
557,611,632,639,502,576
565,598,636,642,490,585
568,611,634,627,493,589
569,613,627,642,504,586
566,607,632,637,495,587
563,602,637,642,492,583
561,618,622,641,504,580
559,603,640,641,494,581
566,599,636,636,492,585
567,611,641,628,496,587
566,616,625,642,502,583
559,615,623,638,503,580
566,610,620,639,504,581
563,597,640,641,492,586
559,606,635,636,499,580
570,613,625,644,500,585
565,612,634,632,504,583
565,617,636,629,502,586
565,599,639,641,492,583
556,609,631,639,501,577
570,613,643,632,500,587
560,615,623,641,496,582
563,614,638,628,501,585
554,616,628,631,498,578
564,601,636,643,491,587
567,616,619,635,501,580
562,616,638,626,501,586
566,616,636,628,504,583
564,617,638,627,505,584
558,612,630,635,501,576
570,609,630,639,501,588
557,608,634,634,497,579
569,612,632,637,500,587
567,608,633,641,496,588
564,601,638,639,493,583
569,617,625,642,500,585
565,603,638,642,489,586
559,608,625,632,504,577
566,618,637,631,505,585
556,614,641,629,500,584
569,606,634,636,497,585
563,600,636,636,504,585
567,598,636,642,493,588
557,608,631,637,503,578
567,611,639,632,498,587
559,606,636,640,487,583
567,604,636,642,492,588
566,602,639,642,490,588
563,604,638,638,493,582
572,609,632,636,499,585
566,616,640,633,502,588
570,613,626,642,501,584
560,609,632,638,499,578
567,612,634,636,502,584
568,610,633,636,497,586
569,613,633,638,498,587
570,612,641,634,499,586
563,612,628,637,499,589
556,618,625,632,498,580
568,612,632,637,500,587
564,616,635,628,504,585
564,613,638,629,504,585
570,606,633,639,497,588
570,613,629,646,502,586
569,613,625,640,503,585
563,619,618,641,505,579
566,618,637,632,503,584
567,611,638,629,498,587
559,610,632,637,498,580
564,614,637,643,494,587
564,615,631,630,499,580
558,618,639,627,504,583
566,608,637,638,495,578
570,609,633,643,497,587
566,614,634,637,496,587
569,615,632,635,501,585
568,616,639,639,497,583
565,617,639,627,503,588
571,618,632,635,501,588
557,620,623,638,503,579
567,614,633,630,504,584
567,601,637,643,491,586
563,607,635,642,494,586
560,596,632,640,493,579
570,613,636,631,500,587
563,618,629,638,506,577
569,616,632,638,502,588
571,613,630,639,500,587
568,613,638,628,500,587
556,616,623,638,500,574
571,616,624,641,501,585
559,606,636,637,495,578
563,615,628,639,500,588
565,611,639,627,500,586
564,615,639,627,504,585
562,616,628,636,499,578
563,615,637,628,504,585
570,612,630,637,497,589
568,614,623,639,501,584
563,616,639,627,502,580
565,619,623,640,504,583
565,613,638,627,502,589
567,607,631,640,496,586
569,611,628,638,499,588
561,605,637,636,496,580
564,615,622,641,505,581
553,618,635,629,503,583
558,618,624,636,502,576
567,618,637,627,502,585
568,618,636,631,502,584
569,598,633,635,498,588
568,616,633,628,502,585
568,613,633,634,499,588
566,615,637,625,501,583
562,617,623,638,504,577
557,617,623,638,503,579
568,602,631,634,489,584
567,598,633,640,494,581
564,608,623,633,505,580
570,603,634,640,491,589
555,618,624,641,505,582
568,614,628,637,500,588
570,614,633,633,497,587
566,613,624,641,501,584
567,617,636,628,507,584
571,619,622,641,505,581
568,614,640,635,500,587
559,605,637,635,495,580
561,605,631,638,500,586
566,615,635,625,502,584
564,609,638,641,489,586
559,610,635,638,497,579
571,615,626,639,502,588
567,617,622,639,502,584
560,607,635,637,494,581
561,617,621,637,505,581
565,619,636,628,503,585
564,611,636,623,503,584
569,606,632,637,506,576
568,613,641,626,494,586
564,617,636,620,501,585
567,618,639,619,498,584
564,617,633,639,493,583
571,603,636,642,491,587
564,617,634,631,503,584
570,612,629,642,499,573
565,619,636,627,503,585
556,608,636,635,496,585
558,604,629,636,502,577
567,616,637,628,501,584
557,606,636,634,497,578
562,600,631,639,485,582
568,601,630,636,500,589
557,622,629,634,505,578
569,621,623,640,506,576
556,614,629,636,501,577
561,603,637,637,496,580
570,611,636,630,499,589
567,602,636,639,492,588
563,614,629,636,502,585
567,616,638,629,500,584
568,616,628,633,503,586
559,611,628,636,501,576
564,618,636,635,499,577
555,616,630,640,493,581
569,615,628,640,500,586
566,620,637,628,503,584
568,620,623,637,503,585
560,617,637,637,501,588
565,619,639,627,505,585
558,615,638,629,500,586
563,619,623,639,498,581
566,615,639,626,501,586
568,598,633,631,504,584
568,616,634,629,503,585
550,608,637,638,504,582
569,614,625,639,501,586
571,604,635,640,494,587
555,611,635,637,491,586
570,614,629,638,498,588
566,612,632,637,498,586
551,611,635,636,494,584
568,617,635,631,503,585
565,615,635,626,504,583
567,608,622,641,503,584
559,604,638,641,492,586
566,608,634,631,505,579
567,606,632,636,494,583
561,603,636,642,492,587
570,613,632,638,499,588
568,616,625,640,500,587
568,616,624,642,501,587
564,604,638,637,493,583
568,615,635,632,504,587
570,606,634,640,498,588
566,601,636,639,501,583
565,619,634,628,504,585
556,615,627,635,500,588
561,611,638,632,500,589
567,618,624,638,503,583
564,619,624,641,503,584
568,612,640,632,500,588
564,613,634,630,499,586
565,601,638,638,493,585
568,619,631,620,504,586
569,614,635,633,499,588
561,608,634,637,495,581
567,614,633,634,504,587
571,615,626,638,502,584
554,600,638,639,491,582
565,608,636,627,499,587
558,612,630,635,501,577
558,619,624,637,504,585
569,615,623,640,502,588
565,615,623,641,507,586
567,617,633,632,504,584
570,609,631,632,493,590
560,603,635,641,500,584
568,614,638,634,499,588
569,604,634,637,499,586
568,612,631,634,499,587
571,609,633,641,496,588
566,613,625,641,502,585
556,608,636,628,494,579
566,615,634,632,502,583
567,614,633,630,504,584
569,601,635,639,494,586
569,616,625,637,497,586
565,619,630,622,504,585
564,599,636,639,491,584
568,612,641,640,492,584
567,615,639,628,499,588
562,602,636,637,492,584
569,611,631,637,498,581
562,617,638,636,490,583
559,620,623,635,506,578
566,604,637,641,492,586
560,620,621,639,504,579
560,616,637,627,504,582
558,609,633,630,497,575
558,612,632,636,499,579
569,615,625,641,503,587
567,611,633,636,499,585
561,601,636,640,492,583
558,622,616,629,505,574
557,600,627,634,500,577
567,615,636,625,504,584
563,619,622,639,504,580
565,617,627,638,502,587
566,619,637,627,504,585
572,614,626,630,499,589
572,604,623,639,501,588
562,617,621,638,502,582
559,603,638,636,492,582
569,604,626,633,501,576
556,613,633,632,498,579
559,606,635,635,496,579
567,616,623,639,500,585
571,614,629,636,501,591
554,609,636,638,496,578
572,614,627,640,501,586
567,616,634,633,502,584
562,601,637,641,491,585
560,615,623,638,506,580
566,612,639,629,501,587
568,617,639,628,501,587
571,613,625,640,500,589
565,613,639,628,502,586
563,618,634,629,502,584
568,609,634,638,496,587
566,617,621,639,501,585
569,605,632,633,497,583
566,618,636,626,506,584
572,605,634,642,499,586
557,613,628,636,501,579
568,614,637,632,498,586
556,619,622,637,506,578
570,615,620,639,500,588
564,619,634,621,505,584
565,618,632,626,503,585
558,616,630,636,501,578
568,607,629,637,499,579
563,620,622,640,503,580
548,611,635,636,496,576
565,617,624,640,504,584
555,615,630,637,491,581
559,602,636,640,493,580
571,603,632,641,493,588
565,615,623,640,503,584
568,603,634,642,494,589
561,604,637,637,495,579
557,606,633,636,495,579
565,600,635,640,491,584
556,615,628,637,501,578
567,610,633,645,498,587
568,609,633,638,496,587
564,615,623,637,506,581
557,618,626,629,502,585
571,614,637,627,502,587
571,616,623,631,499,590
563,619,622,631,498,579
570,602,632,640,490,590
564,616,623,643,503,587
568,611,632,630,499,588
561,607,636,637,495,580
566,601,636,641,493,584
558,619,636,628,503,584
556,602,637,642,492,583
565,615,626,639,500,589
565,616,639,628,503,585
568,599,638,640,490,587
555,619,621,640,505,577
566,600,636,640,491,587
570,611,639,631,499,586
570,616,624,641,502,583
556,618,623,640,504,580
568,619,636,629,504,584
558,618,624,638,505,578
566,617,634,630,504,586
557,621,626,637,506,576
571,608,633,639,497,587
570,616,628,640,500,588
568,612,625,642,505,585
569,616,638,629,500,587
567,601,635,633,491,586
557,612,628,635,507,578
565,620,635,628,502,584
557,610,634,636,499,580
559,619,623,637,505,577
558,594,630,635,495,582
570,613,630,634,501,590
555,608,631,637,505,577
558,615,623,629,499,578
558,605,635,635,492,582
563,617,621,638,504,582
569,613,628,639,501,588
564,607,630,625,504,585
568,615,627,638,501,588
567,615,632,631,504,585
569,608,631,636,497,587
566,616,634,629,504,585
567,602,635,637,505,585
566,614,624,638,502,585
564,600,638,641,491,584
564,619,636,627,504,585
564,600,634,641,492,586
563,618,636,630,505,584
553,601,632,634,499,579
559,617,621,637,503,579
566,604,633,642,495,588
556,617,624,636,506,578
567,606,632,637,497,587
560,617,636,628,506,585
562,618,633,629,503,577
552,610,627,636,501,577
562,616,636,628,506,584
560,617,629,629,503,585
560,614,622,639,505,582
562,615,635,628,503,587
564,617,627,625,501,580
566,602,638,627,486,582
566,613,633,633,501,586
562,615,632,631,502,585
564,611,632,636,499,577
565,602,631,641,493,588
558,600,634,642,491,587
563,609,636,635,502,588
559,619,622,643,503,580
553,618,623,639,505,576
564,615,635,628,504,585
554,618,621,640,505,580
566,603,632,644,493,587
568,611,631,635,501,589
565,600,634,642,493,585
570,613,635,636,500,589
565,613,634,634,501,590
566,611,637,628,502,588
567,613,624,643,508,585
564,612,636,625,502,584
554,616,620,639,504,580
557,619,621,638,506,580
565,612,626,630,502,582
560,616,620,643,504,583
561,615,634,634,504,584
564,615,626,636,502,578
555,610,632,636,501,579
564,616,622,644,503,585
564,616,621,642,503,584
566,605,633,641,497,588
568,612,625,641,502,587
559,606,636,636,496,582
562,616,635,628,504,585
564,610,630,630,498,582
562,603,637,642,490,582
561,618,634,628,504,585
567,609,632,636,495,586
568,610,633,636,501,587
563,607,633,636,492,587
562,616,639,628,503,585
566,611,630,637,501,588
556,613,633,635,500,581
563,603,627,633,503,582
561,619,623,641,506,580
562,616,635,619,504,585
565,608,633,636,500,585
564,617,624,641,496,585
561,614,620,641,502,584
562,599,636,641,496,587
564,612,638,630,500,588
562,616,623,635,503,581
567,614,620,629,500,583
562,615,637,628,502,587
567,608,634,635,495,581
556,605,635,635,489,580
565,601,636,641,492,587
559,606,636,640,494,578
565,600,637,642,494,587
560,603,635,639,496,582
569,609,632,636,502,587
565,607,634,639,492,589
563,614,634,633,499,585
564,599,634,642,491,589
561,616,633,628,504,586
564,600,632,644,493,587
552,618,627,637,505,578
554,612,627,635,503,577
566,613,636,630,503,586
567,612,631,638,499,588
555,616,629,638,501,577
561,618,621,641,502,583
563,614,625,641,502,588
560,617,633,629,506,585
568,607,633,644,497,588
565,615,635,628,503,585
564,616,636,628,504,580
556,620,622,637,506,580
566,600,636,642,501,587
559,624,621,638,507,579
557,601,635,640,492,586
553,615,628,630,500,577
566,612,626,641,500,589
565,599,638,641,492,586
562,616,633,638,497,586
563,614,622,640,502,586
563,601,636,641,490,585
561,616,621,642,502,586
555,619,620,639,504,580
557,619,622,641,504,578
565,611,625,638,503,588
569,613,631,639,498,577
557,619,619,633,505,576
567,602,632,641,492,587
565,615,638,631,505,588
564,616,622,642,504,583
564,612,627,637,502,590
569,611,626,640,498,588
567,603,637,626,503,586
565,607,638,629,502,586
567,599,635,645,491,586
562,602,636,640,489,589
562,606,627,627,503,582
569,612,632,633,500,587
558,618,621,640,504,581
566,599,636,631,503,585
566,615,637,627,500,585
555,613,630,637,499,585
560,619,633,629,504,585
563,620,634,622,504,581
570,610,629,637,499,589
565,601,634,634,493,581
564,619,635,625,507,583
565,617,636,626,503,585
562,616,633,637,502,579
567,614,632,637,503,587
567,613,632,636,501,585
562,616,636,627,505,583
563,600,633,641,492,588
561,615,624,642,501,589
554,615,627,638,503,576
567,601,633,641,493,588
566,611,630,637,503,587
565,612,627,637,501,587
553,614,627,637,501,577
564,591,635,642,492,587
554,605,634,638,493,579
564,616,635,627,504,587
558,621,621,638,507,580
566,615,634,633,500,589
561,605,638,637,492,583
566,603,633,641,494,583
564,618,634,631,505,584
568,613,635,637,495,585
564,613,632,633,500,586
563,616,639,627,502,585
556,616,622,629,505,579
560,612,632,636,501,584
568,617,626,640,503,589
569,611,629,637,500,589
564,600,638,641,494,584
553,619,625,636,504,576
565,613,632,632,501,589
564,617,634,629,504,585
566,614,635,628,502,588
568,613,624,644,502,588
562,616,619,641,504,583
561,617,632,631,502,585
565,613,636,635,500,588
568,612,631,634,499,589
564,615,638,628,504,587
563,618,635,627,505,585
547,616,623,637,505,579
567,615,637,628,504,581
566,615,637,629,500,587
565,609,632,637,494,587
565,604,635,642,490,588
560,617,634,629,503,584
567,605,636,639,495,586
566,616,633,634,502,586
567,611,638,632,501,590
567,604,634,642,491,588
555,610,630,637,498,573
569,611,635,630,502,589
569,613,628,638,496,589
565,615,636,640,503,586
560,604,635,641,492,579
564,615,633,632,505,581
555,612,628,635,504,579
569,606,631,637,499,589
568,612,627,638,501,589
557,608,634,635,502,578
568,597,634,636,487,586
566,601,633,643,490,582
562,618,631,629,504,585
563,618,635,625,502,588
566,614,637,626,504,585
564,617,631,622,501,583
566,608,633,640,498,588
561,619,622,643,505,583
564,615,633,634,501,586
565,612,632,632,499,588
558,602,635,638,492,584
561,604,637,640,491,581
564,601,636,641,491,585
567,612,627,637,501,589
567,612,624,642,503,588
565,611,624,628,504,585
563,614,634,633,501,586
564,617,635,626,503,585
567,615,624,634,501,585
566,612,635,633,499,588
564,617,632,639,499,586
556,607,617,637,506,579
566,600,634,642,493,591
556,618,621,638,505,577
565,613,631,627,498,582
562,617,635,638,496,587
565,613,631,638,500,586
564,616,624,638,502,588
558,604,635,637,496,581
556,617,627,635,501,578
567,613,627,642,498,588
566,612,631,635,499,587
568,613,632,636,499,587
567,612,631,637,499,589
562,618,638,627,504,585
569,614,626,632,499,588
552,603,630,642,493,586
563,619,635,628,504,585
558,615,621,641,508,581
566,614,624,640,503,587
565,617,636,629,500,585
559,615,620,643,503,585
564,617,633,634,502,585
555,616,624,635,505,577
562,617,636,628,506,584
567,615,633,631,502,588
559,617,620,637,506,581
552,614,626,629,501,574
568,603,635,642,492,588
561,602,637,641,490,588
566,605,621,645,502,588
559,602,620,638,508,581
563,616,637,626,501,587
554,614,630,636,501,577
564,618,635,626,503,585
554,601,634,638,492,583
568,603,638,622,502,586
564,615,634,632,502,584
566,599,636,642,491,586
556,615,628,637,499,578
556,610,634,637,496,579
569,617,626,637,503,586
569,613,631,641,501,587
568,610,624,637,502,587
556,619,639,626,505,586
567,602,633,643,493,589
554,615,627,638,497,578
567,598,633,641,497,587
564,615,637,627,502,587
561,600,636,638,494,579
565,617,621,643,505,577
554,614,631,636,500,578
549,611,632,637,500,578
561,615,630,633,502,585
568,615,624,639,503,586
567,616,619,642,503,588
557,610,634,638,501,577
557,607,637,640,493,581
569,612,634,632,500,588
559,617,633,629,505,584
561,612,632,637,501,584
555,620,622,637,505,578
564,612,621,642,503,588
556,602,632,637,497,577
563,614,627,633,501,585
567,602,631,636,503,585
567,602,632,636,500,587
569,601,635,641,491,585
566,600,635,641,492,587
565,618,631,628,503,587
564,622,623,639,506,586
565,616,626,640,505,587
567,611,639,627,494,582
569,602,634,641,492,587
564,619,637,626,502,585
566,614,637,627,502,586
558,604,635,637,496,581
564,614,633,635,502,589
554,620,624,630,503,573
561,618,634,628,506,585
565,611,632,638,491,577
568,603,636,641,491,586
565,617,633,626,505,586
560,616,623,641,503,587
552,619,630,637,508,577
568,611,632,635,495,589
565,615,636,628,505,584
566,613,626,639,502,588
559,608,630,638,500,577
554,615,624,637,504,577
557,604,634,639,496,583
564,615,636,631,500,586
563,614,636,627,505,584
558,616,627,638,500,586
555,620,629,637,505,577
565,612,638,636,500,578
562,608,634,643,494,586
554,616,622,641,503,581
570,613,630,636,501,585
567,613,636,634,502,589
568,606,632,641,499,587
562,617,633,630,503,585
565,618,621,642,504,583
566,612,638,628,493,587
565,613,638,627,503,587
561,616,636,626,503,586
567,611,629,636,498,588
558,614,628,636,501,578
567,614,623,640,498,586
562,615,621,642,504,583
566,598,635,643,492,586
562,616,636,629,505,584
557,604,620,640,504,582
557,615,626,640,502,588
567,615,623,642,501,586
564,607,635,628,503,585
566,612,636,628,502,589
569,607,632,636,499,587
561,617,620,642,503,583
566,620,638,630,501,588
563,601,636,642,492,587
562,618,635,625,505,586
567,622,635,626,506,583
568,610,633,640,497,588
563,614,635,630,497,586
566,611,632,635,501,589
564,614,633,635,500,586
559,621,620,641,506,583
554,612,625,636,501,580
556,611,632,637,503,577
556,608,633,638,493,580
566,616,620,640,501,586
566,616,626,634,501,590
565,615,621,642,501,586
565,617,622,642,506,584
564,603,632,643,492,586
568,605,628,635,494,588
567,613,629,639,500,589
566,606,634,640,496,579
562,607,635,629,505,585
562,620,633,621,506,581
561,604,637,639,493,585
552,608,631,638,498,577
566,612,628,637,499,589
567,609,631,640,499,588
561,615,632,635,502,584
564,600,637,642,492,585
561,608,618,641,505,583
569,611,630,635,498,587
567,600,627,643,489,584
568,614,630,637,501,590
564,616,622,643,497,581
566,604,632,643,492,588
564,616,625,634,503,585
563,616,638,627,502,586
567,614,631,634,502,585
565,602,632,642,493,586
569,613,628,626,507,584
562,617,627,631,501,586
564,604,633,636,499,586
566,606,626,644,491,584
567,604,630,644,493,588
565,616,637,633,492,589
558,617,620,638,504,579
556,615,635,641,504,583
550,610,629,636,501,579
557,602,635,632,492,579
565,618,619,640,504,582
563,617,625,635,502,586
568,614,630,636,501,589
563,620,619,642,507,589
555,600,630,638,502,578
555,612,631,637,499,578
562,619,636,630,505,584
564,603,628,633,504,586
563,616,620,638,499,590
568,616,633,633,499,587
561,616,637,627,494,587
566,609,635,640,495,587
566,614,633,628,493,588
555,617,622,642,505,580
564,613,630,633,498,584
556,601,633,638,499,578
566,605,636,629,502,584
568,612,634,629,503,586
559,603,636,643,493,583
561,617,620,643,502,582
556,620,622,639,506,580
566,617,622,642,504,584
567,611,632,641,492,589
561,617,633,629,503,583
556,614,631,636,501,580
566,603,635,641,493,587
562,617,636,626,503,586
565,603,636,639,491,585
561,609,636,639,493,583
554,611,632,635,500,578
568,605,632,636,499,588
558,619,620,636,505,577
565,613,632,633,503,580
566,614,638,629,501,587
565,613,637,636,500,587
562,618,623,641,502,586
565,617,635,627,500,589
562,616,633,633,504,584
568,614,632,633,500,589
562,612,634,630,504,586
564,619,634,629,503,586
566,601,630,640,496,587
565,617,635,627,508,586
562,614,636,627,501,588
566,603,634,641,493,582
559,618,621,638,507,579
567,615,633,633,501,589
559,617,622,641,492,587
561,602,637,641,490,583
556,615,631,640,487,580
566,611,631,640,499,587
561,604,637,639,493,583
564,602,635,626,504,586
562,603,635,642,492,586
558,614,629,637,502,577
566,617,623,643,502,586
557,609,639,637,497,581
569,614,626,637,501,590
566,603,629,643,492,589
554,609,632,637,496,588
562,616,637,629,506,585
557,613,632,632,499,589
562,620,619,641,505,583
566,612,637,631,496,584
564,610,632,636,501,586
569,603,636,642,489,587
555,616,627,637,501,578
569,616,624,642,501,587
560,620,622,638,502,587
563,616,633,633,505,585
557,607,635,637,496,578
565,614,631,628,503,589
565,611,631,639,497,587
565,619,638,628,503,586
568,613,631,636,502,588
561,612,630,634,501,589
568,607,632,637,491,589
556,620,622,640,504,579
561,611,638,626,504,586
556,603,635,641,493,583
566,608,633,643,496,589
563,602,636,638,490,587
564,616,636,643,491,588
561,604,635,638,494,583
555,614,630,635,500,583
560,605,636,640,496,581
555,614,627,639,504,577
556,604,639,639,493,583
561,593,635,634,494,581
564,614,630,635,501,586
568,615,627,641,500,586
568,614,638,627,502,587
563,616,636,627,504,586
559,620,623,636,505,577
567,611,630,634,500,589
563,618,621,642,504,583
562,617,635,621,499,586
557,614,627,637,502,578
568,601,634,641,487,588
567,610,632,643,496,587
561,602,633,643,495,587
561,610,632,631,491,580
564,613,633,635,500,588
566,612,629,630,495,590
563,613,637,626,501,586
555,618,621,640,504,578
567,600,627,641,492,590
568,620,638,628,501,586
569,608,632,641,493,589
557,621,620,637,504,583
550,620,622,639,506,579
564,615,638,629,502,587
566,617,622,642,503,587
569,615,627,639,502,588
568,611,629,638,503,589
565,618,637,618,498,585
559,609,618,640,505,581
567,615,633,632,499,587
560,602,635,638,494,582
558,606,634,637,497,579
568,613,631,635,500,589
567,614,638,629,501,587
563,608,634,643,498,579
568,613,623,640,502,588
565,610,631,637,497,587
560,616,621,639,507,579
565,613,633,635,500,588
565,617,622,639,503,587
560,611,630,643,498,588
565,620,637,640,503,587
567,612,638,635,500,588
567,617,631,630,501,588
568,611,632,642,494,586
562,617,635,627,503,585
556,619,622,638,505,578
566,608,631,639,497,587
565,613,624,641,501,589
565,614,632,637,500,588
563,617,620,642,502,587
554,620,622,636,504,582
569,606,633,641,498,588
558,616,622,637,506,579
565,618,628,631,504,584
563,619,620,640,506,582
569,615,624,641,502,585
566,606,638,621,504,586
557,610,632,635,498,578
556,619,623,639,504,579
557,599,633,638,497,580
555,619,630,635,502,578
567,615,629,630,503,585
565,612,628,638,497,586
565,611,632,635,500,586
566,616,632,633,503,585
565,613,631,640,500,587
569,615,627,637,499,588
556,620,620,640,504,580
565,619,635,629,505,586
562,618,634,629,493,586
566,609,630,638,497,588
564,617,621,636,503,586
562,616,637,629,504,584
560,602,637,640,492,583
569,614,631,634,500,589
560,616,632,631,503,586
566,602,636,642,491,587
564,617,635,631,507,588
557,604,635,636,494,579
559,616,620,640,506,581
565,615,638,625,505,585
567,613,636,626,504,587
564,601,635,641,491,588
559,598,638,640,491,586
552,619,621,640,504,588
551,605,634,639,495,579
567,610,635,634,505,589
564,613,637,628,503,585
561,619,620,640,504,583
562,608,629,645,497,587
559,618,622,639,501,579
567,610,631,635,499,588
568,613,626,637,502,586
568,614,636,626,502,587
556,611,628,630,494,577
557,608,621,640,504,580
557,606,631,634,500,580
564,602,633,639,492,584
565,618,637,627,503,587
561,620,620,641,503,585
565,615,621,642,502,584
567,603,638,630,502,588
563,622,634,630,503,584
568,616,636,638,492,586
562,621,622,642,506,581
554,614,628,637,499,578
565,620,630,628,505,586
564,620,634,629,502,586
564,612,630,633,503,584
555,619,624,637,500,586
562,616,622,639,503,580
569,605,633,642,496,588
564,619,636,627,502,585
562,620,632,627,498,585
556,619,623,637,504,583
568,614,629,633,500,590
566,599,634,641,491,588
564,613,633,633,503,585
568,614,629,636,501,580
553,615,629,640,502,577
564,617,631,627,503,586
566,613,622,639,503,585
561,599,633,639,496,578
565,601,634,630,500,585
555,615,633,630,503,584
568,602,635,640,491,587
566,614,643,633,497,579
564,608,633,632,502,587
563,605,634,632,492,581
569,603,632,643,493,587
569,605,626,639,502,589
565,616,632,630,503,586
560,615,620,642,504,584
567,611,630,636,494,587
567,615,621,641,503,588
568,603,635,642,491,588
568,612,632,634,495,588
562,617,636,626,503,587
566,613,625,631,495,588
559,617,632,630,502,587
567,613,635,635,496,584
566,600,632,625,501,584
558,598,635,638,495,582
558,604,634,640,494,582
567,605,632,640,496,588
568,608,632,641,492,588
569,619,629,635,503,590
567,616,622,639,501,587
567,611,632,637,501,587
566,615,629,635,501,588
557,611,632,636,498,578
564,618,631,632,503,586
563,617,632,631,502,585
566,614,630,634,500,589
566,606,631,639,497,587
560,605,633,637,494,583
564,617,637,627,505,588
563,613,621,642,501,585
565,601,633,642,488,588
560,609,634,634,496,580
556,621,624,636,504,587
562,613,629,636,500,589
567,603,632,627,504,585
570,614,626,641,502,588
568,612,631,631,502,581
570,601,636,641,491,586
567,601,635,643,491,585
567,611,629,636,502,589
559,600,629,638,497,580
558,617,621,640,503,579
567,615,636,626,503,586
558,607,626,630,496,579
567,614,632,633,505,588
556,617,622,638,504,578
554,614,632,638,498,590
563,617,636,626,504,585
553,611,629,636,504,577
556,608,633,640,496,579
566,609,632,639,494,588
566,614,635,631,499,589
568,608,630,637,500,586
553,620,623,639,504,579
555,607,634,637,497,577
566,607,629,644,498,588
564,618,634,627,503,580
567,611,633,635,499,588
555,609,631,641,502,584
567,613,639,626,503,586
569,614,624,640,501,587
555,614,628,638,500,579
567,611,631,644,498,587
562,604,636,640,494,582
565,600,634,639,490,587
556,609,634,638,497,578
561,618,620,642,504,582
565,601,632,637,499,588
559,601,633,637,494,587
558,616,622,643,502,585
558,618,634,627,504,589
567,608,631,636,497,588
568,611,630,639,493,587
553,618,625,637,502,586
564,618,623,642,502,589
568,591,628,642,490,587
568,609,632,635,493,588
561,603,636,638,494,586
564,618,632,631,503,585
565,617,638,642,491,588
560,615,635,630,504,583
567,611,631,640,497,589
566,616,634,636,501,579
569,608,632,636,491,590
561,619,635,620,499,585
566,613,631,636,499,588
563,616,636,626,502,584
561,605,632,627,501,586
551,620,619,640,506,580
557,620,620,642,506,582
564,615,624,642,503,588
556,616,624,636,505,581
567,609,631,634,498,589
560,619,622,639,503,584
557,613,625,631,497,574
567,614,633,635,501,578
554,619,619,641,504,581
557,619,623,637,505,579
566,604,630,639,498,589
568,603,632,641,493,587
563,619,636,626,503,585
562,604,637,640,491,585
569,621,623,641,505,587
566,604,635,639,490,588
567,615,634,633,500,590
558,614,628,637,500,578
565,587,630,639,495,584
561,615,624,639,502,588
563,621,630,636,502,586
566,621,634,627,504,585
565,616,621,642,504,588
570,614,631,631,500,588
556,606,633,637,498,578
562,614,620,639,502,584
568,605,631,641,486,588
565,617,636,633,499,578
554,616,626,636,504,579
559,617,614,640,500,578
558,606,634,636,508,586
568,613,636,632,499,588
564,618,634,643,491,588
570,616,625,641,501,588
565,602,636,641,489,588
567,602,632,630,502,590
570,618,633,629,501,587
569,605,631,640,489,589
563,603,631,628,500,587
557,615,624,637,502,579
561,617,621,641,504,581
569,615,628,638,501,590
565,617,636,629,500,587
556,616,627,636,497,578
566,615,635,625,502,584
566,616,632,634,499,590
567,614,629,639,500,588
568,614,638,640,494,585
570,614,625,635,500,589
568,614,634,636,497,587
559,603,635,638,496,582
565,618,632,634,499,588
565,617,623,641,501,585
568,618,616,642,505,586
569,612,629,638,504,589
567,603,631,634,494,583
555,610,632,635,501,578
564,615,621,640,503,587
564,616,636,626,501,587
565,614,630,631,500,588
559,595,636,638,493,582
556,607,629,638,499,578
567,602,633,643,491,588
561,620,619,638,504,584
556,612,628,635,496,578
566,615,624,636,500,587
566,616,631,625,503,585
557,620,622,636,503,579
556,612,630,631,497,577
563,617,633,642,493,590
562,618,635,627,505,588
563,620,635,625,504,586
566,619,636,627,505,585
562,619,633,626,504,585
569,615,626,640,501,584
563,602,630,632,502,585
564,619,634,627,504,585
555,614,633,641,495,589
568,607,626,640,496,587
557,609,633,633,501,589
554,613,629,636,508,579
565,617,622,641,505,584
569,602,634,642,494,590
554,617,627,642,495,588
568,602,636,643,492,587
569,611,625,637,499,589
568,611,631,636,500,587
559,601,634,640,492,583
555,610,634,636,498,579
566,602,634,639,494,586
559,619,635,629,504,584
564,603,635,642,499,589
569,616,634,633,500,589
563,617,634,630,507,580
563,603,637,639,493,584
557,612,631,636,499,578
556,612,634,637,499,578
559,619,621,640,503,580
559,620,620,637,505,582
561,614,630,633,500,588
561,604,636,637,495,583
567,603,633,642,493,589
567,601,633,637,503,578
567,614,634,635,500,589
570,604,633,634,500,579
564,617,636,636,501,590
557,618,621,638,505,579
566,599,636,642,492,588
569,617,627,641,500,590
570,616,625,638,502,585
567,602,635,639,492,585
563,613,635,640,495,580
565,619,635,624,504,587
562,603,636,636,504,577
563,615,623,639,503,587
556,619,621,639,505,580
566,615,623,641,503,588
565,600,636,639,487,587
570,613,632,635,502,588
564,618,632,630,505,585
566,619,632,633,504,586
558,620,621,638,506,579
560,607,634,637,496,582
554,614,627,636,503,580
560,610,637,636,495,580
568,604,632,643,493,589
564,617,635,629,504,586
566,615,633,632,502,588
562,605,632,644,495,585
564,621,621,642,499,584
566,617,638,626,503,589
557,620,620,639,505,581
565,615,638,637,505,578
568,618,623,641,501,585
569,614,628,638,502,586
565,622,634,626,505,582
554,601,637,640,492,584
565,618,632,641,493,587
567,615,623,642,501,588
562,620,636,628,505,577
564,605,638,641,494,583
562,602,636,640,494,585
567,616,630,635,502,588
559,614,632,639,502,577
567,619,638,627,503,585
554,609,634,636,500,577
570,616,631,630,502,588
561,617,621,640,504,583
565,617,636,635,500,588
569,617,640,633,504,588
565,614,632,633,503,586
564,622,635,632,503,585
568,614,634,632,501,589
557,612,633,638,496,580
570,614,623,638,506,583
556,619,623,638,505,579
560,613,633,636,500,586
566,619,638,630,504,585
566,608,624,636,505,585
568,614,636,639,500,586
567,618,638,628,504,588
569,612,628,636,495,584
568,616,640,627,503,585
568,609,635,642,498,587
562,618,621,643,504,585
560,619,622,641,506,581
564,620,621,643,503,584
555,610,633,637,500,578
561,604,637,641,500,582
562,605,637,639,504,587
565,619,628,628,502,582
568,613,633,637,503,588
555,619,621,640,504,577
564,617,624,643,504,581
548,620,628,638,507,584
566,619,638,630,504,588
556,612,632,638,500,578
566,604,639,648,492,585
569,612,634,641,499,588
564,617,637,631,507,584
571,610,636,642,498,583
570,613,634,645,499,588
568,618,637,629,504,585
566,617,640,629,502,588
562,603,639,643,492,585
568,607,635,629,505,587
563,608,637,642,493,585
567,617,634,631,499,589
566,595,641,643,492,585
