=~=~=~=~=~=~=~=~=~=~=~= PuTTY log 2023.11.03 00:56:06 =~=~=~=~=~=~=~=~=~=~=~=
547,364,468,487,461,608
558,363,475,497,465,608
552,361,471,495,463,611
556,376,461,496,466,601
552,377,471,493,462,607
550,379,466,496,472,610
548,370,462,486,469,609
548,380,463,493,474,605
553,379,475,492,475,598
558,373,477,496,471,609
557,376,473,491,476,606
555,363,477,502,466,602
551,366,471,493,478,600
547,381,463,497,464,604
554,363,471,496,473,609
559,372,478,495,475,598
556,380,472,485,469,607
558,382,476,498,463,602
562,373,481,484,475,608
559,373,467,499,471,610
557,379,476,491,464,608
562,370,471,497,472,609
553,381,472,494,473,609
557,381,478,498,463,604
561,365,472,496,462,609
558,383,476,499,467,602
557,379,478,498,468,610
559,376,480,497,474,598
561,372,483,496,476,598
550,378,468,498,472,611
559,362,481,495,475,603
561,377,483,494,474,607
561,377,481,498,473,605
559,379,478,496,476,602
558,381,470,486,475,607
550,381,469,491,475,601
562,374,484,496,461,606
559,380,478,500,466,603
559,377,484,500,464,603
559,379,477,495,467,609
558,380,480,492,471,608
560,378,484,500,471,607
563,367,485,493,477,602
559,376,479,501,473,606
555,370,471,500,471,610
563,367,486,497,477,600
557,378,477,487,475,606
564,372,484,490,469,609
559,378,482,498,473,610
548,366,477,499,473,611
554,366,476,500,475,599
557,381,482,502,466,604
550,382,472,497,476,602
559,373,484,498,469,607
548,372,471,497,475,609
558,382,480,503,468,609
558,377,482,488,467,601
547,378,471,498,473,599
556,379,479,491,476,606
556,382,484,502,467,603
553,382,471,497,463,606
554,380,486,489,473,607
559,377,487,491,470,609
556,380,483,502,473,599
557,381,479,490,475,607
558,381,481,501,477,606
552,382,475,499,476,608
561,367,488,501,466,604
549,369,478,502,478,603
552,379,471,500,474,609
554,377,486,501,476,601
553,372,474,502,474,612
554,383,483,504,469,604
557,381,484,503,464,609
563,379,484,489,474,608
559,374,487,500,477,601
558,369,486,499,476,605
561,366,486,490,466,607
547,371,476,502,475,610
556,382,484,503,472,601
547,374,486,493,476,609
558,377,487,495,469,611
558,382,486,502,466,609
557,381,484,495,467,611
560,367,488,505,467,605
561,383,468,499,475,609
553,378,488,490,474,610
550,372,481,507,478,607
548,377,473,503,474,612
559,379,489,505,477,609
558,369,487,506,465,607
559,386,473,503,475,610
555,384,476,493,476,608
559,380,488,496,472,610
556,372,484,505,467,605
557,382,485,496,466,611
558,383,485,502,476,609
554,368,484,504,475,601
559,382,484,491,475,611
557,369,486,502,476,611
549,381,470,497,475,607
560,383,483,492,476,609
550,381,485,504,476,602
556,388,478,493,478,608
559,384,485,501,478,604
556,387,483,506,470,602
556,385,481,502,478,610
556,386,483,491,476,610
557,369,486,496,475,600
550,377,476,505,466,609
550,369,488,501,478,608
547,384,474,504,475,612
558,388,486,506,467,610
556,385,488,502,462,608
561,389,474,501,480,609
559,386,481,492,476,609
550,386,485,491,479,608
559,379,486,503,475,602
547,383,474,505,474,600
560,378,490,503,481,602
550,364,479,507,475,609
559,383,470,507,473,612
558,370,491,502,479,605
558,386,487,499,473,608
561,381,489,500,468,613
561,371,490,504,478,603
560,381,488,503,478,603
551,387,473,505,473,612
549,376,469,503,471,609
558,385,486,486,477,609
562,387,483,492,474,610
550,384,486,502,477,600
561,384,488,504,477,611
555,389,475,497,477,611
556,388,480,495,479,609
563,385,492,494,481,608
561,379,492,500,476,603
560,384,489,502,467,611
549,388,482,505,472,604
556,389,484,494,466,610
551,388,477,499,479,603
562,388,486,504,471,603
550,389,474,501,478,603
558,389,484,505,470,605
561,383,488,495,468,606
553,388,478,499,478,605
556,383,489,494,471,614
562,386,488,494,477,610
558,373,487,504,477,609
558,385,489,496,477,608
560,384,489,502,469,613
556,372,487,493,473,610
552,374,484,506,473,612
556,391,486,507,460,605
551,375,483,505,472,614
559,374,489,494,471,612
560,387,482,500,470,599
560,386,489,502,473,614
548,388,479,498,474,608
560,380,476,508,471,613
559,380,491,505,477,602
560,371,488,509,476,608
554,366,483,506,473,612
559,390,487,506,463,611
559,372,489,505,469,612
558,390,485,507,475,609
561,385,484,494,472,612
556,374,486,495,476,611
554,389,482,500,472,613
555,374,486,506,469,612
560,389,476,506,475,612
548,365,485,499,469,610
558,389,483,507,476,612
559,385,487,507,478,602
558,390,484,497,473,610
556,372,475,502,476,611
557,390,485,509,464,609
553,380,492,503,477,604
561,381,488,506,469,611
549,389,475,503,474,615
557,389,487,508,467,608
556,389,487,511,464,614
560,385,491,496,478,602
553,389,484,510,466,606
540,391,476,501,477,610
557,387,488,505,474,611
558,380,488,506,465,608
558,389,487,508,480,608
555,390,485,508,467,608
563,385,490,494,476,610
549,392,483,496,479,607
557,392,482,505,470,603
551,389,480,505,476,610
556,388,488,507,473,600
557,386,488,509,470,602
561,374,491,506,471,610
551,390,477,505,468,605
560,375,490,504,476,606
557,374,487,504,473,601
559,382,489,505,478,602
561,385,492,500,471,610
557,386,476,512,471,614
559,380,490,505,467,611
558,382,491,508,478,603
556,392,486,505,473,613
559,387,488,507,463,611
558,386,487,505,477,602
557,389,485,510,475,608
550,381,479,509,474,613
559,386,477,508,473,613
560,385,490,510,476,611
548,390,476,502,465,601
552,375,491,506,474,602
554,373,491,507,478,608
548,392,477,505,479,610
557,385,491,496,471,614
557,385,493,498,474,611
541,388,491,498,476,610
548,377,490,508,482,602
552,387,486,498,479,608
551,386,474,509,476,611
545,391,478,504,475,612
552,390,473,509,477,612
548,395,477,503,476,606
550,378,474,511,476,610
547,391,492,503,473,612
552,381,489,510,481,602
539,380,478,512,478,608
549,375,491,508,469,611
547,390,482,509,475,614
552,387,486,504,473,603
547,391,479,506,477,610
540,380,472,500,477,610
556,391,479,505,476,608
549,391,487,512,465,612
547,375,490,508,474,608
550,380,483,511,468,602
539,393,484,511,466,602
548,391,489,508,471,611
551,391,488,510,459,611
540,390,477,508,470,600
547,391,485,511,467,606
550,386,491,502,465,608
550,387,478,512,464,608
549,393,478,504,465,607
552,389,492,498,463,606
544,390,484,499,463,604
552,380,493,508,463,600
547,386,489,510,461,597
548,390,484,499,463,605
540,392,476,506,461,606
552,374,493,506,464,603
549,385,490,507,453,609
537,388,478,506,461,606
550,382,492,506,452,601
547,386,488,510,458,596
549,384,490,508,456,605
539,375,487,506,459,597
548,387,490,508,452,607
549,375,490,506,463,607
552,390,490,498,463,607
544,389,489,511,463,599
539,388,476,511,464,607
549,389,489,510,464,597
542,393,479,504,466,606
544,378,484,511,462,611
550,383,492,507,469,607
540,385,479,511,462,610
545,379,486,511,464,610
548,392,487,511,457,606
550,392,492,498,466,605
550,386,489,511,467,599
555,379,490,500,456,604
545,393,480,504,467,605
541,396,477,510,464,599
553,387,493,499,469,610
554,387,493,498,465,609
548,393,483,500,470,605
552,385,493,499,464,606
539,387,476,509,466,608
549,391,487,511,458,600
555,379,492,501,460,607
551,390,493,491,467,605
547,375,487,510,457,601
543,381,483,511,465,609
541,388,489,506,458,601
547,393,488,511,454,607
542,393,480,508,465,609
547,375,489,507,468,610
551,391,489,510,465,608
549,391,487,498,460,597
553,388,492,500,467,606
553,386,492,503,463,608
554,376,493,506,470,609
552,374,491,507,467,605
540,390,488,499,469,606
542,376,491,508,468,607
550,391,493,507,470,600
543,372,485,512,459,600
555,375,492,506,455,608
551,387,487,510,457,595
556,378,495,506,469,604
548,389,488,498,461,607
548,376,486,511,467,606
549,392,488,513,467,606
554,388,489,510,466,598
553,375,493,506,470,601
542,389,477,509,465,608
554,377,482,503,469,605
550,390,488,497,464,606
547,380,493,508,470,598
555,392,483,505,457,600
552,383,492,504,468,597
555,393,482,513,462,608
552,389,489,510,454,605
543,382,490,503,468,605
543,388,477,508,465,608
552,392,488,510,468,597
549,393,492,506,467,602
542,390,480,506,468,605
555,381,492,507,471,597
555,389,492,498,462,598
554,390,487,510,465,596
555,378,479,503,467,605
553,370,489,505,457,607
543,392,474,509,464,605
542,387,475,498,468,603
553,391,489,499,466,605
550,395,486,510,462,608
553,392,487,511,468,610
556,380,491,508,458,606
557,384,492,507,469,608
552,394,487,511,462,598
553,392,487,499,468,604
552,392,488,508,468,605
555,385,475,508,465,608
555,385,493,508,471,598
543,380,488,497,467,603
555,391,493,498,465,606
555,385,478,510,464,606
558,380,494,507,468,598
551,393,490,506,455,605
550,378,487,508,467,606
551,395,487,508,468,604
557,378,492,506,467,598
543,396,488,508,467,603
555,392,488,511,457,599
556,394,490,508,453,603
546,381,482,511,470,605
555,388,492,506,466,603
554,393,489,496,470,603
553,391,492,509,469,593
556,397,487,510,458,601
554,394,489,511,457,600
553,378,487,509,468,591
555,390,491,502,457,602
554,387,488,510,462,595
555,390,476,507,466,603
548,396,477,503,469,601
556,379,483,506,469,599
544,386,478,510,465,606
553,395,489,511,458,595
553,392,489,511,463,597
542,389,476,510,459,595
553,393,490,508,466,604
554,392,489,503,474,603
555,392,490,510,469,598
546,394,477,506,467,604
556,392,489,506,470,604
557,390,493,498,466,602
543,391,477,508,466,601
551,392,488,510,465,602
550,397,489,513,457,605
556,391,495,501,467,605
552,395,488,512,459,607
555,391,491,501,461,604
546,392,490,510,459,604
556,397,493,502,461,607
553,379,488,507,469,606
554,391,478,507,469,601
554,379,491,509,470,601
556,389,492,508,473,604
557,395,487,511,462,604
543,397,485,511,471,603
553,396,489,509,463,595
549,380,488,509,470,605
543,398,486,497,474,600
545,389,493,510,472,594
545,396,489,513,459,604
552,397,488,511,461,602
549,387,485,511,469,603
556,386,478,507,472,603
557,393,492,509,472,595
553,380,487,508,466,604
548,397,487,511,457,595
551,396,482,498,473,601
554,394,490,507,473,598
553,396,484,498,475,602
557,391,492,507,460,602
558,392,481,504,473,602
551,395,489,511,458,601
551,398,487,511,464,605
551,397,485,504,472,604
557,391,488,497,472,601
555,391,492,499,474,601
556,395,488,499,470,601
558,391,492,504,473,603
556,377,494,509,467,600
552,380,492,507,469,601
539,392,479,510,468,607
552,395,490,511,467,595
555,394,494,499,468,602
545,394,494,508,474,596
556,378,492,507,474,597
551,395,489,512,462,599
554,394,492,507,462,604
559,390,493,496,468,603
556,394,489,508,457,603
551,397,484,499,471,595
548,393,487,507,467,594
554,396,489,507,460,607
543,395,478,507,468,603
557,391,493,498,471,601
552,396,489,512,462,605
559,391,494,503,462,601
558,390,494,499,467,603
544,388,493,509,470,604
551,378,489,509,471,603
548,395,489,513,461,604
555,391,494,502,465,606
555,393,485,512,463,604
555,379,492,508,470,594
554,393,495,497,471,604
556,378,490,511,461,598
551,396,493,507,462,604
550,381,485,509,471,601
558,391,495,507,474,595
551,396,485,511,468,606
557,384,494,506,462,603
555,389,489,509,472,603
547,383,481,511,468,601
552,379,490,502,462,605
552,379,490,509,471,607
560,390,495,500,468,603
554,396,491,510,460,603
556,390,494,498,464,604
551,372,488,509,470,598
553,394,480,500,469,602
543,398,480,507,472,604
547,385,482,512,468,595
555,379,480,508,470,603
554,394,482,507,462,604
553,397,487,512,461,605
555,393,478,510,469,605
546,398,481,506,470,603
555,396,488,498,472,602
556,379,489,511,468,605
556,396,491,512,459,601
555,393,493,506,464,603
553,396,490,501,468,604
558,389,491,511,465,602
545,390,494,507,474,599
555,391,492,510,469,596
556,379,495,512,469,604
549,385,486,510,468,606
555,380,494,508,471,596
551,384,489,510,470,602
550,379,488,509,469,596
552,381,490,512,464,598
552,395,485,502,474,600
555,400,490,512,460,595
556,379,496,508,470,596
556,396,492,510,460,603
553,395,490,512,461,604
559,391,480,511,469,604
545,391,479,510,469,600
555,392,493,507,460,603
546,399,482,508,471,603
546,388,480,512,470,604
555,380,495,508,474,599
557,384,493,497,473,601
555,394,492,512,470,606
555,392,494,511,470,603
552,394,489,499,471,599
557,381,494,507,474,603
557,380,494,507,473,595
555,396,485,501,473,597
551,398,490,511,462,599
546,392,485,511,470,604
557,386,494,508,476,599
553,396,482,509,472,594
552,395,491,507,473,599
547,396,481,505,472,593
556,392,492,511,460,601
547,397,483,511,472,604
557,392,496,501,468,602
546,394,482,504,470,601
556,394,488,500,474,601
556,380,493,507,473,597
554,395,491,510,460,596
558,392,495,511,474,593
549,396,492,511,461,600
557,372,495,508,474,602
558,393,493,502,473,600
557,388,490,509,461,601
555,386,494,508,459,602
556,377,495,511,466,592
556,395,490,511,463,596
549,394,482,506,472,601
558,391,491,508,468,592
553,394,490,512,462,595
548,394,481,510,469,603
553,396,491,509,470,600
554,378,491,509,471,604
543,392,479,508,470,600
556,388,496,509,474,594
554,395,484,510,462,603
549,395,489,498,475,599
559,385,496,509,474,593
555,395,485,511,470,603
554,396,492,514,459,602
557,392,491,508,475,592
547,396,477,499,471,599
553,395,493,513,464,604
557,392,494,494,470,600
554,395,490,511,462,599
558,390,497,503,473,599
553,395,491,498,475,599
546,396,483,507,472,601
557,394,498,508,470,599
552,380,493,505,476,597
556,388,495,508,475,592
547,396,483,504,474,600
557,389,497,505,466,601
545,391,482,507,460,604
553,379,495,511,471,593
556,378,494,508,473,600
556,393,496,502,466,603
544,388,480,512,470,596
545,388,482,512,470,603
546,393,480,509,472,600
553,397,492,504,467,601
557,380,493,511,473,598
558,381,496,508,474,596
556,390,495,500,461,601
555,395,491,513,461,602
554,395,494,505,461,603
555,393,492,509,460,600
553,395,491,512,469,600
549,385,482,511,468,604
557,393,490,498,474,600
557,391,494,514,471,600
557,391,480,498,469,601
555,392,492,511,477,591
546,396,482,512,470,604
543,398,484,507,473,599
550,397,484,507,472,602
558,384,489,510,474,604
555,397,492,514,462,604
554,399,491,515,461,604
555,393,493,514,475,605
548,384,486,510,473,604
546,387,490,512,464,599
557,395,491,502,475,604
558,392,493,511,463,604
548,384,483,515,473,602
547,389,482,503,468,606
553,380,494,510,475,605
559,392,496,501,472,596
556,393,493,512,463,601
545,385,491,510,475,601
550,396,486,513,475,604
553,396,489,512,464,607
554,395,493,510,478,595
558,391,495,501,472,607
551,398,486,501,476,603
559,385,495,508,477,598
551,397,492,511,471,596
557,387,496,511,476,597
555,394,494,512,464,608
550,380,489,502,471,607
555,390,492,513,462,608
544,391,481,515,475,606
549,395,492,514,472,596
557,396,492,499,472,606
555,383,495,511,477,604
553,398,493,514,465,608
546,393,481,509,473,607
556,393,481,510,476,604
557,395,490,506,472,608
561,393,494,511,471,609
553,399,488,514,464,609
551,399,484,506,476,604
560,394,495,504,467,607
555,395,488,504,467,607
556,382,497,512,465,606
559,392,496,511,464,601
551,399,484,512,477,604
557,395,482,510,462,605
552,394,493,513,469,608
560,380,495,510,476,600
555,394,492,515,465,604
557,391,484,508,465,608
557,384,496,511,477,600
558,378,492,511,472,606
556,394,494,502,465,606
558,392,497,511,476,605
545,390,482,514,478,601
556,390,495,509,475,597
558,384,496,505,475,605
546,393,480,511,474,606
556,397,492,511,472,608
558,390,495,506,469,609
558,395,491,497,474,609
555,396,490,513,464,609
550,400,482,506,475,605
547,390,481,512,462,604
556,380,496,510,477,602
549,398,482,509,477,599
546,390,483,515,474,607
546,389,486,512,477,605
559,383,495,511,477,597
556,391,496,511,477,596
559,388,497,509,478,600
555,397,491,513,464,607
559,384,493,503,473,602
551,397,487,502,478,603
554,393,493,516,471,608
546,391,481,501,475,606
550,386,488,501,473,605
543,398,483,511,474,607
555,397,491,506,467,608
553,396,491,514,466,604
559,388,497,509,478,597
560,393,493,511,464,609
548,387,486,515,476,603
549,398,485,504,478,603
557,381,493,515,477,598
550,398,483,512,476,605
545,394,480,505,476,598
558,385,497,510,481,599
559,392,495,503,469,605
546,396,480,513,474,608
555,397,493,503,469,606
548,396,480,511,476,599
560,395,491,500,470,604
552,399,487,503,476,603
551,380,494,512,476,597
554,395,491,514,466,601
558,392,496,516,478,605
548,391,479,512,473,608
558,381,495,511,476,602
548,398,481,514,474,608
557,395,493,501,477,605
549,386,487,514,472,601
557,398,492,511,465,606
557,391,495,508,465,609
558,390,496,511,468,598
554,397,487,511,475,607
555,399,489,515,466,607
556,396,493,511,471,599
548,400,476,502,477,602
559,394,494,508,476,606
556,386,496,506,466,608
555,395,480,511,474,606
546,400,481,509,476,606
551,390,486,516,476,602
544,396,482,513,479,600
555,382,495,514,475,598
553,381,491,512,478,599
558,391,493,512,478,596
554,395,491,507,470,598
560,396,495,504,469,610
560,394,491,514,474,610
545,396,478,514,477,599
558,395,490,502,468,605
555,399,489,516,463,601
559,388,494,512,478,599
553,385,493,502,476,606
547,400,476,515,472,605
553,381,490,512,475,604
548,388,486,510,475,597
551,401,485,514,464,607
557,393,494,513,473,598
554,399,487,514,461,606
556,384,491,509,461,606
550,385,485,515,462,605
542,399,474,512,471,607
551,401,480,510,468,600
544,396,476,515,475,604
551,400,486,516,463,607
553,397,488,512,470,605
555,385,490,511,474,604
558,387,491,513,475,599
548,401,482,508,474,606
556,385,491,511,476,602
547,390,481,516,475,601
536,401,475,511,471,606
556,383,476,512,473,609
542,389,471,512,472,610
544,402,476,508,474,605
553,402,486,514,467,608
550,400,487,515,462,607
551,399,486,503,471,606
555,395,489,515,463,602
545,395,475,511,472,607
554,399,482,507,475,606
551,384,487,514,464,608
551,398,487,517,470,598
543,401,476,514,464,609
557,393,489,513,468,601
555,395,489,508,467,609
552,396,490,506,467,605
556,396,490,505,475,605
551,397,490,504,472,609
552,400,486,516,475,605
552,401,482,510,465,598
553,397,490,515,473,603
555,396,491,508,468,609
544,400,476,512,474,595
550,399,483,516,471,605
551,399,487,516,465,605
550,399,485,516,472,597
552,403,491,516,463,608
553,398,490,505,465,608
553,383,491,514,481,598
548,399,482,507,476,605
542,396,476,516,472,599
545,401,477,510,475,605
541,393,476,516,478,604
553,398,490,510,464,608
556,396,491,517,476,605
545,403,479,511,472,606
553,401,487,516,464,608
549,383,477,515,463,605
555,397,490,507,464,610
544,401,477,511,465,609
554,400,486,517,465,606
541,395,478,515,475,606
553,384,488,512,476,598
554,398,486,515,464,604
547,384,488,516,477,605
554,400,482,506,465,603
551,383,490,512,466,608
549,402,484,516,466,609
553,394,489,512,477,598
548,392,479,502,472,606
550,398,486,518,468,605
552,387,489,511,474,607
549,384,484,516,478,603
545,392,478,516,476,604
550,387,484,515,480,601
555,399,487,513,476,606
555,398,488,516,466,605
543,397,478,517,474,606
553,399,487,516,464,604
545,401,476,515,475,595
546,398,487,515,465,598
543,399,474,504,476,605
555,399,487,511,479,598
550,389,486,516,477,600
557,385,489,504,479,600
548,387,487,516,477,601
538,396,475,510,465,608
556,391,488,503,472,604
555,398,488,513,474,610
545,388,481,516,464,598
555,385,490,514,481,599
543,393,476,520,478,605
541,397,477,517,475,609
543,402,478,518,472,610
552,400,489,518,472,609
549,401,487,519,473,609
554,396,491,516,481,600
551,399,484,510,481,607
553,385,481,515,483,600
544,391,477,520,476,610
551,400,487,508,484,601
539,402,478,512,481,608
541,391,482,519,483,606
537,400,477,513,481,606
547,396,488,518,473,601
538,395,477,521,481,609
544,399,488,519,470,610
546,384,486,521,467,600
547,385,491,517,478,608
541,377,488,517,483,599
547,395,490,513,479,607
547,399,491,508,476,609
534,397,477,519,474,599
543,383,492,514,473,598
544,399,486,507,472,609
537,401,489,516,466,608
542,386,491,516,467,607
538,404,486,519,471,597
531,390,481,516,455,607
533,401,485,517,459,604
534,398,487,516,461,599
536,398,490,505,470,602
526,387,483,518,469,598
535,397,489,513,468,603
526,403,478,510,469,598
533,397,490,504,463,600
530,396,489,501,454,597
521,403,477,507,463,591
525,394,484,499,464,590
526,400,484,511,459,588
526,397,489,500,455,586
527,398,489,498,464,584
522,403,484,511,458,572
524,399,488,505,445,582
512,401,472,508,461,579
524,398,488,499,453,580
525,394,489,508,462,571
512,402,472,502,462,575
523,392,488,500,462,572
518,385,484,496,460,575
523,387,490,506,461,571
522,400,483,508,451,571
523,394,486,506,460,573
522,385,489,505,447,572
519,399,484,495,450,575
518,401,483,510,459,576
518,399,486,504,447,569
514,398,489,498,453,575
516,401,481,495,459,575
505,402,471,504,460,574
514,401,482,506,444,575
505,405,472,506,449,565
514,397,486,505,457,564
516,395,487,503,459,573
516,390,487,503,460,563
512,402,486,505,446,571
505,402,474,501,449,566
514,401,485,492,459,569
510,388,489,501,461,570
515,387,488,503,462,566
507,392,477,505,458,575
518,397,488,492,457,573
518,397,488,496,457,573
516,386,487,500,459,575
513,400,487,504,456,572
508,403,474,498,465,574
513,403,485,494,465,573
507,396,475,508,461,576
519,398,488,500,454,576
516,387,484,506,465,576
519,399,484,506,464,568
514,404,484,508,459,575
518,399,487,502,457,580
507,404,475,504,468,576
519,393,488,504,471,570
522,389,474,506,467,579
519,403,484,505,467,579
521,403,486,505,466,577
524,387,488,506,470,583
512,393,473,502,462,582
516,404,477,501,470,579
518,389,483,506,467,582
515,394,475,508,466,583
514,406,474,501,471,581
519,402,480,495,471,579
521,402,483,496,459,580
521,401,486,506,463,584
513,392,477,510,468,583
510,397,475,506,466,584
525,402,483,497,467,581
526,399,489,503,472,585
514,406,485,510,461,577
522,397,489,502,460,585
511,404,473,504,470,580
514,391,480,509,467,586
522,387,489,511,465,574
505,403,476,502,470,580
516,403,480,499,468,584
523,395,489,507,464,576
512,404,474,505,470,582
513,403,474,504,471,584
512,401,474,506,469,584
526,399,491,497,459,586
520,388,488,508,469,584
523,401,489,499,467,584
522,390,488,506,473,578
520,402,486,509,468,575
524,399,488,508,471,585
515,404,487,510,459,582
522,399,489,498,467,585
520,389,483,511,470,586
521,400,485,496,470,584
510,399,474,512,463,586
514,404,473,505,471,581
522,406,482,507,464,579
523,399,485,504,461,585
520,387,487,509,473,574
522,406,485,512,462,585
514,407,473,507,473,585
522,391,490,506,475,576
523,399,486,509,474,575
529,400,491,498,472,584
525,399,486,508,462,586
525,389,485,508,478,577
517,391,477,513,460,583
513,395,475,511,473,578
523,402,484,500,477,585
521,403,483,513,474,583
517,403,473,507,472,583
529,399,489,512,468,580
522,402,481,502,479,584
518,403,476,512,477,579
523,389,482,514,478,578
529,388,489,510,479,577
531,387,491,510,476,579
527,403,485,514,464,583
527,388,489,510,477,582
527,394,487,514,470,580
526,403,485,516,466,588
529,393,488,509,479,587
531,396,489,508,463,588
532,393,491,499,471,587
527,403,485,515,472,585
531,387,491,513,478,577
527,406,486,516,465,589
519,394,475,515,478,586
526,380,486,513,477,579
532,393,490,508,467,587
531,397,491,504,474,586
528,399,483,516,466,589
534,387,492,511,477,578
532,397,489,512,468,582
531,403,485,504,481,589
531,395,491,512,469,589
531,401,485,503,479,584
519,399,476,515,476,585
532,386,491,509,476,585
531,399,488,514,467,583
529,399,491,510,469,588
530,386,490,513,479,585
522,400,476,514,477,590
528,403,477,512,477,586
532,387,493,515,480,576
534,399,491,506,474,586
533,399,493,505,479,589
533,397,490,514,468,583
532,400,492,512,467,589
534,397,492,509,468,590
533,398,490,516,467,578
537,389,492,513,477,579
529,389,485,515,480,581
524,393,480,519,472,586
534,388,493,512,477,583
531,403,487,518,466,589
536,389,492,512,477,579
533,401,484,500,480,585
527,403,488,518,466,586
530,393,492,514,470,589
531,404,483,506,481,586
519,397,479,517,471,578
534,399,490,514,467,585
537,399,477,516,476,590
533,403,486,506,479,585
535,387,494,513,478,590
531,406,489,518,467,589
535,401,496,513,475,589
523,406,478,515,476,590
525,404,479,515,475,590
533,398,492,510,467,589
531,402,489,518,467,588
524,396,479,514,479,588
530,403,489,518,468,579
533,403,490,516,466,587
532,387,492,513,480,580
536,398,493,512,469,590
533,389,486,514,481,583
528,402,480,510,478,585
523,405,478,514,476,590
527,405,479,512,479,580
536,386,494,514,478,579
535,386,496,514,474,588
523,398,479,519,477,590
531,403,489,518,467,579
525,406,475,507,479,587
536,399,493,515,473,590
524,402,477,517,475,587
538,400,494,507,475,588
533,394,488,504,478,584
529,402,493,514,472,588
536,401,495,504,472,587
537,388,495,514,481,578
527,404,479,512,477,587
531,405,490,517,464,589
538,390,496,515,474,581
537,396,494,515,470,590
535,401,491,515,472,590
534,403,490,517,466,589
535,401,492,518,478,583
538,403,489,507,481,586
535,404,489,506,472,581
524,405,479,513,475,581
524,395,476,517,472,591
533,403,490,518,467,588
539,400,490,506,478,587
537,403,491,518,467,587
540,400,493,505,476,591
532,406,481,518,477,589
534,387,494,515,480,581
532,395,486,507,480,587
524,398,481,518,477,589
527,404,481,512,476,590
539,389,498,513,474,579
538,388,495,515,471,588
537,392,493,517,470,588
538,390,496,513,477,579
536,400,498,507,473,589
536,402,493,505,479,587
538,395,495,515,472,581
529,388,489,518,480,581
539,389,497,516,480,579
537,387,495,515,480,586
528,406,479,519,477,589
537,400,495,516,468,588
538,399,494,511,471,589
527,406,486,512,479,580
526,400,481,519,476,590
534,404,492,518,466,585
534,389,493,514,480,587
533,387,497,514,479,578
537,390,493,516,481,580
538,400,496,510,471,590
538,398,495,515,469,586
537,400,496,513,475,588
536,403,494,515,473,586
540,401,496,512,478,586
526,398,481,517,479,588
538,399,497,516,477,588
536,406,492,519,473,590
535,403,492,505,481,586
526,405,482,516,476,578
537,382,492,516,480,578
539,392,498,514,475,588
524,406,486,511,480,587
535,407,493,519,467,588
527,392,487,519,480,582
531,387,496,515,476,589
537,404,494,516,467,585
525,400,481,518,478,590
528,405,483,515,476,590
531,405,494,520,471,589
539,388,497,514,474,579
536,399,493,517,468,584
534,403,493,515,473,588
535,401,493,518,469,585
538,389,498,514,477,578
540,399,498,507,476,587
536,399,494,519,467,582
534,386,493,506,477,588
534,402,491,507,480,587
533,401,490,506,479,585
537,388,497,506,476,588
537,390,496,515,474,579
534,400,494,517,476,591
536,392,497,514,473,580
532,385,493,517,481,584
533,400,494,520,467,588
536,399,499,507,478,588
537,389,498,514,476,583
531,403,487,509,480,587
533,400,495,518,468,587
535,399,490,507,480,586
527,401,491,519,481,587
533,403,493,519,467,589
535,401,494,518,468,587
534,401,494,514,475,587
531,387,491,516,481,584
533,404,496,520,474,589
536,396,495,518,467,586
539,398,497,508,475,590
524,398,483,521,481,583
535,399,496,518,474,591
526,396,484,519,480,588
532,397,490,520,465,588
530,403,493,519,467,590
534,385,499,517,479,579
539,397,499,516,474,591
537,400,499,514,480,589
525,402,484,515,476,592
538,399,499,507,476,588
532,402,491,507,480,588
531,403,493,520,469,583
535,405,495,517,472,589
537,399,495,507,478,588
526,399,499,515,471,583
536,403,496,517,474,591
537,400,496,507,477,589
537,387,496,515,481,579
536,399,498,508,479,588
540,388,500,514,476,592
538,399,501,518,479,589
526,404,485,515,477,592
535,403,495,519,466,590
540,394,496,509,474,587
526,401,484,518,477,593
532,390,494,518,482,584
540,400,499,508,474,590
537,400,498,515,475,590
536,403,495,520,468,594
528,405,488,512,480,593
537,389,501,517,480,586
532,390,493,510,471,592
539,402,497,512,476,584
536,398,493,519,472,593
538,401,498,506,474,591
528,396,486,519,478,591
537,389,494,513,483,581
541,400,500,508,472,591
540,388,500,515,477,582
534,406,494,507,480,590
539,401,497,507,479,588
537,386,499,514,480,592
535,400,484,519,478,589
534,403,495,519,467,590
537,389,497,515,480,583
526,406,488,512,476,593
537,404,496,519,468,590
533,386,492,518,479,592
536,403,497,518,467,588
529,392,492,517,479,587
539,389,498,515,483,577
537,401,499,507,481,588
534,402,500,513,476,591
539,396,497,513,476,589
537,396,497,512,472,591
533,405,487,510,482,589
542,383,497,515,476,579
532,407,488,512,478,592
540,394,500,514,472,583
529,394,486,518,480,588
529,396,487,519,479,591
528,406,487,512,478,592
538,399,499,518,469,587
527,407,485,513,476,592
539,401,498,518,470,584
531,392,494,519,481,586
532,387,496,515,481,584
527,391,490,519,479,586
533,390,497,517,480,584
532,394,490,520,480,587
528,405,486,513,475,592
538,405,495,520,465,591
528,399,484,519,474,594
539,388,501,513,477,581
540,388,500,515,474,591
539,404,497,520,466,588
535,404,487,513,475,594
542,398,497,517,465,586
543,397,501,516,469,594
543,394,497,508,470,590
532,389,489,519,477,590
538,404,496,515,473,583
540,403,494,507,475,592
545,389,501,516,476,591
531,405,487,515,473,595
532,398,487,519,470,598
533,405,486,514,473,594
546,393,499,515,472,584
545,401,503,506,471,594
546,390,499,516,472,584
535,399,484,514,472,595
532,404,490,513,474,594
541,405,497,520,463,593
533,405,485,517,474,595
544,402,500,516,475,593
537,406,498,520,465,584
541,390,493,519,478,588
535,401,484,519,474,593
544,398,491,509,475,588
536,404,488,514,474,595
533,397,487,519,476,591
542,403,498,516,465,590
540,406,495,517,473,585
547,389,502,516,476,583
539,391,491,519,477,589
545,401,502,508,470,594
534,405,488,512,473,594
533,400,486,519,476,596
534,399,487,518,476,593
542,388,498,516,477,585
540,404,496,516,468,593
543,387,498,515,480,584
541,404,497,519,472,594
540,403,499,515,469,593
540,406,495,520,467,594
546,391,503,515,468,590
534,397,488,520,478,591
535,406,485,515,474,595
533,404,486,514,474,594
545,399,502,508,469,587
534,401,487,517,475,593
532,395,488,519,472,591
541,403,500,514,474,593
540,403,495,507,480,590
548,402,499,508,474,591
534,405,496,518,466,592
537,407,487,511,478,590
546,385,498,513,478,580
543,403,499,517,467,589
546,404,498,506,477,591
542,402,489,513,476,592
545,402,493,513,465,588
544,401,500,514,475,591
541,407,497,518,465,592
545,402,502,511,467,593
540,406,496,519,467,591
532,406,482,513,477,594
537,400,489,508,476,590
532,397,486,519,477,589
549,402,487,519,477,595
544,401,496,504,478,589
542,407,493,519,465,594
537,406,490,511,478,590
532,406,486,514,473,592
532,406,487,514,475,594
545,388,501,514,476,582
533,407,485,519,475,594
538,402,494,503,476,588
542,401,499,517,466,589
539,406,496,519,467,592
544,390,499,514,480,583
542,408,496,519,466,593
542,402,499,516,475,591
538,387,496,512,481,584
541,405,496,517,467,592
544,402,501,518,474,591
533,401,485,518,476,589
544,393,496,518,463,585
542,406,498,519,465,592
534,403,487,519,478,590
536,406,489,510,478,590
540,406,497,520,466,592
547,390,502,514,476,581
540,404,491,508,478,588
540,404,490,513,475,592
542,388,497,517,480,581
543,403,497,518,467,588
539,404,490,511,480,588
544,398,500,517,470,586
544,403,497,519,465,589
545,405,486,512,467,588
535,387,484,520,476,589
545,404,495,511,467,589
546,401,499,516,468,586
545,398,500,511,472,591
546,398,502,511,468,591
533,404,486,515,476,591
542,406,498,519,473,591
544,405,497,520,467,589
538,406,492,507,480,586
547,392,498,509,475,590
541,405,488,518,464,588
547,395,497,513,468,588
545,401,499,510,468,593
541,405,498,521,469,592
547,399,501,507,471,590
548,401,501,506,474,591
544,402,499,514,471,591
543,404,499,518,470,591
547,401,500,512,476,589
543,402,496,506,480,589
547,395,501,516,479,584
531,399,486,519,475,593
543,404,497,519,466,590
545,396,500,515,470,586
547,398,500,514,468,583
542,404,494,518,466,592
546,406,496,517,467,592
540,390,496,515,480,582
533,400,488,520,477,592
537,405,489,510,478,590
551,400,500,508,471,589
533,399,485,516,476,590
538,407,487,511,478,589
544,406,493,506,477,589
541,390,495,517,478,583
544,404,493,507,478,589
549,401,496,506,476,589
549,399,502,511,472,591
535,400,485,516,477,591
549,395,501,513,470,586
541,401,500,510,477,591
543,405,497,522,472,591
545,386,499,515,476,590
545,389,499,516,478,582
539,405,489,511,477,590
544,405,496,519,466,592
535,396,488,519,476,588
537,396,488,518,478,588
547,403,501,507,476,589
543,387,495,516,478,583
548,400,498,515,466,588
549,389,502,514,474,581
540,391,494,518,478,584
548,400,503,507,474,591
545,404,497,520,465,588
547,407,499,506,477,590
542,401,497,517,466,588
546,402,499,510,466,591
537,395,489,518,477,588
547,397,500,515,471,582
547,408,493,514,467,591
544,405,496,517,465,591
550,402,502,502,473,590
536,406,487,514,474,591
545,402,498,517,467,587
547,400,499,516,465,590
548,401,501,508,471,592
546,402,498,506,479,589
548,404,497,518,465,592
546,405,498,518,466,592
549,391,503,514,472,583
534,398,486,518,477,590
537,405,486,516,474,593
547,399,497,515,469,584
547,405,497,517,466,589
540,405,488,509,475,589
547,406,497,519,476,588
547,401,500,512,474,589
541,405,491,506,478,588
540,407,489,511,476,590
549,400,505,504,475,591
545,406,498,519,467,591
535,400,486,517,476,592
547,403,499,515,472,591
545,396,496,517,469,590
548,403,501,513,480,590
548,404,496,506,479,588
538,396,491,517,479,587
550,393,500,505,471,588
543,388,498,515,480,588
548,395,496,505,473,585
545,402,500,513,475,590
537,403,487,517,475,591
536,403,486,515,475,590
547,406,487,517,478,592
534,406,487,517,476,591
550,395,497,500,474,587
540,406,494,508,480,588
548,401,497,506,467,590
548,400,503,508,474,590
543,390,495,516,479,583
545,406,497,516,470,590
544,404,497,518,466,591
543,389,493,516,480,584
545,389,494,515,479,584
549,391,504,508,477,587
542,389,499,516,478,581
546,405,498,520,471,589
547,389,501,514,480,587
543,406,497,516,480,582
547,399,503,503,475,588
546,407,495,506,484,586
544,408,496,517,479,592
546,404,502,515,471,582
543,408,498,519,468,590
549,396,499,503,477,587
549,402,500,505,477,588
537,394,495,518,477,582
550,403,503,510,470,590
548,401,501,511,468,589
548,403,504,506,475,587
540,405,498,517,466,587
549,400,498,500,477,585
549,398,501,515,470,584
536,400,488,519,465,589
546,408,498,517,467,591
545,404,497,518,465,587
540,403,493,501,476,586
549,394,504,514,472,580
543,390,499,515,479,579
547,403,501,511,468,589
542,407,498,519,479,586
548,402,503,507,473,590
548,400,503,504,476,587
542,405,498,518,466,589
544,404,499,518,466,587
543,406,498,515,472,587
535,403,485,515,475,590
543,404,496,518,467,589
542,405,499,518,467,589
543,404,496,516,471,589
549,389,503,513,476,578
536,407,488,512,476,590
546,390,503,514,480,579
544,387,498,514,481,580
546,404,496,502,479,587
549,394,500,505,470,585
549,401,500,505,476,587
534,403,487,518,477,588
537,406,497,506,480,586
545,401,503,505,473,587
547,397,504,514,470,581
545,398,499,517,468,589
537,394,494,518,479,582
544,403,500,513,466,586
546,400,501,512,466,587
549,401,503,505,474,588
534,397,490,516,478,586
548,400,504,507,475,588
545,407,494,505,481,585
534,400,487,516,477,589
547,401,501,509,469,589
539,406,489,511,476,585
547,403,500,504,478,585
550,403,502,503,472,585
546,402,497,505,477,587
539,390,496,517,480,579
540,402,501,511,468,587
534,405,487,513,474,589
533,390,483,518,473,586
541,388,501,519,481,579
546,384,499,514,473,575
547,399,504,507,471,589
547,390,503,512,481,579
537,406,489,511,478,586
537,397,487,517,478,585
536,398,488,517,478,586
548,401,502,504,472,587
544,401,503,505,477,585
536,400,488,517,477,587
547,393,503,514,474,579
545,399,501,514,470,581
544,407,499,514,468,586
547,402,505,511,480,587
538,391,492,518,480,585
536,405,490,511,476,589
543,405,499,518,468,589
544,405,497,516,467,590
537,405,490,510,479,589
534,399,487,518,477,590
539,394,495,518,481,584
544,404,501,512,478,587
547,391,501,514,482,578
541,390,498,513,482,580
546,403,497,517,469,586
534,398,488,518,477,587
544,405,498,517,474,589
542,389,498,515,480,581
531,395,487,516,478,589
544,404,499,515,467,588
534,399,487,516,475,589
543,402,498,516,466,586
542,388,496,515,480,581
545,400,502,515,468,583
543,388,500,515,480,581
546,401,501,509,469,586
536,393,489,518,478,588
543,402,500,514,474,587
534,396,489,517,477,589
547,403,499,504,478,587
548,391,504,512,477,580
546,401,502,511,468,590
547,403,503,506,478,589
550,401,498,499,476,587
549,402,503,505,476,588
536,400,485,511,477,588
545,407,497,518,468,589
536,391,486,517,475,587
550,392,502,512,478,579
550,402,504,505,478,585
546,406,498,517,468,590
546,405,498,518,468,590
543,391,498,515,480,583
547,388,500,516,481,582
542,401,501,512,469,590
548,395,503,514,474,580
550,388,500,513,481,578
547,401,503,508,469,591
547,404,502,521,475,580
548,402,504,505,474,588
549,394,503,512,468,582
537,406,490,510,478,589
548,397,501,515,478,582
544,400,498,515,464,585
547,397,503,511,479,579
549,391,504,511,482,582
537,400,489,516,478,586
548,399,504,505,473,589
535,403,488,514,477,591
537,406,488,511,477,588
548,398,504,506,469,592
549,402,504,508,469,589
543,389,499,514,479,580
534,406,488,515,478,591
545,403,498,513,468,584
532,396,490,514,477,587
537,394,492,515,479,587
538,398,490,514,479,587
544,405,498,517,469,592
539,392,495,513,480,582
548,402,501,513,468,585
540,390,496,515,480,581
542,390,500,512,482,581
545,396,497,514,464,582
546,395,504,512,473,580
535,405,487,513,476,588
535,409,488,513,476,590
544,407,498,516,468,589
546,387,503,512,482,578
544,398,498,514,468,588
536,408,488,509,479,586
547,404,501,511,467,589
546,396,492,507,480,586
544,404,498,515,465,586
548,383,500,511,478,583
537,406,491,508,479,587
547,390,505,513,478,579
541,408,493,506,483,585
549,399,504,505,473,590
546,389,503,511,480,583
536,404,496,503,480,584
549,400,503,503,476,587
537,396,490,517,478,585
547,399,502,511,481,578
535,405,487,507,478,585
547,408,499,504,482,586
546,388,501,512,481,579
543,390,500,514,480,579
547,400,504,508,473,590
546,401,502,511,467,590
548,404,502,516,481,590
542,401,499,501,480,586
551,403,503,504,477,587
545,403,500,513,473,589
537,406,491,509,479,587
540,405,493,510,480,586
545,403,500,502,479,586
543,405,496,506,480,586
544,406,498,517,466,589
543,402,497,503,469,582
542,404,500,516,466,585
545,396,503,514,468,582
544,403,500,505,478,586
545,390,501,513,479,580
543,401,499,513,478,589
546,386,497,509,481,583
548,388,504,510,477,585
546,402,500,510,467,588
543,404,494,513,477,582
546,399,503,518,467,582
536,397,489,517,479,588
534,398,486,517,480,590
535,405,487,516,477,591
545,403,501,511,467,588
536,399,488,513,478,583
546,401,502,505,474,586
535,393,496,516,480,584
546,391,501,514,475,579
545,404,503,505,478,586
538,404,494,507,480,586
540,391,492,511,476,585
541,407,499,513,466,589
544,403,496,505,481,586
533,391,489,511,472,589
548,400,503,505,471,590
528,397,488,517,477,587
543,403,500,514,471,590
532,404,486,517,476,588
540,399,502,506,477,577
540,402,497,505,477,586
540,404,499,513,474,589
531,402,487,517,477,587
535,386,495,514,481,579
545,390,501,515,478,580
544,398,501,507,471,588
535,392,494,517,481,584
538,398,500,519,466,586
535,403,489,507,480,585
535,389,495,515,479,581
540,403,499,515,472,589
539,388,499,513,480,581
543,398,500,503,478,587
543,386,500,511,480,582
536,386,492,515,478,582
533,389,490,515,481,584
538,405,493,515,466,588
539,403,493,516,469,588
533,403,489,505,477,590
544,399,499,506,472,589
543,398,496,512,470,583
540,400,495,503,479,587
541,399,499,504,474,589
539,400,493,513,471,589
531,403,487,508,480,587
527,400,484,516,476,591
536,399,497,514,470,583
528,394,483,515,478,589
529,397,484,515,478,591
539,396,494,499,479,587
539,401,495,513,470,582
538,388,499,512,476,580
544,389,499,514,478,579
542,396,498,513,474,580
540,388,497,511,480,585
538,403,494,517,468,590
544,398,497,501,476,589
542,401,500,504,475,591
537,404,490,506,480,588
532,392,489,516,480,587
540,404,495,516,467,591
537,401,493,505,479,589
536,388,489,512,477,589
535,389,501,505,472,592
535,387,495,514,482,583
530,401,483,512,478,594
542,390,501,513,478,580
540,401,497,516,467,590
545,400,498,503,479,588
543,389,501,512,476,583
538,405,493,516,469,595
542,388,502,512,479,582
543,403,497,503,481,588
545,393,502,501,470,592
532,393,487,516,480,590
541,389,498,515,482,583
544,398,495,514,471,586
544,396,493,515,471,589
544,406,497,517,473,592
541,403,496,517,470,592
538,406,484,505,481,591
538,388,497,514,482,584
543,403,500,511,468,592
543,403,496,514,471,593
541,406,497,514,468,590
545,402,498,503,479,590
531,402,485,513,476,594
541,405,492,504,482,590
543,403,499,511,467,592
547,402,500,505,474,591
540,387,495,513,478,593
542,389,500,513,482,583
540,402,500,513,476,591
533,400,485,514,476,593
546,402,500,503,479,592
536,393,487,510,481,590
538,395,487,516,479,590
545,403,497,514,472,593
536,397,487,505,476,591
534,405,485,513,477,593
546,395,495,514,470,586
543,405,496,516,467,592
539,404,491,505,481,590
544,404,496,515,469,588
547,397,501,512,482,583
546,397,501,512,482,583
537,402,496,515,468,589
546,400,498,515,477,582
544,405,495,517,467,594
533,400,487,516,479,593
546,401,496,501,480,592
539,403,487,512,480,590
544,404,498,518,469,594
534,404,488,509,480,590
546,399,500,507,468,593
544,402,498,515,468,590
542,389,502,512,481,588
532,403,485,512,478,582
545,402,498,514,471,588
537,392,492,515,479,590
535,400,486,508,476,592
548,389,501,512,480,587
543,404,494,503,480,590
546,387,500,512,480,587
547,397,501,512,483,585
531,401,486,512,477,595
543,388,495,514,481,585
547,400,502,503,478,592
542,404,493,506,480,590
529,399,486,515,477,595
544,405,497,512,467,591
547,397,500,513,472,587
548,401,499,505,472,595
546,401,500,509,469,594
541,387,497,509,476,589
546,404,495,510,470,592
535,403,489,510,480,592
547,394,500,502,479,591
548,402,499,510,467,593
544,405,494,517,468,594
542,390,494,515,482,584
540,406,492,506,481,589
542,406,498,515,469,593
547,401,502,504,474,592
549,403,496,503,479,590
539,392,494,516,481,587
547,388,502,508,481,589
548,402,503,505,473,594
540,383,497,511,478,593
548,403,500,503,476,592
544,403,498,518,474,594
547,394,497,508,470,591
545,389,502,510,482,588
541,389,495,515,481,588
548,400,501,508,470,593
543,402,497,514,468,590
543,402,500,514,470,588
536,405,490,510,481,589
533,404,485,512,477,594
538,395,489,515,480,588
544,405,497,516,468,594
547,391,501,511,482,585
543,403,498,513,468,589
549,400,499,513,477,591
547,396,503,512,483,586
544,403,497,514,466,590
540,390,496,514,481,584
546,402,502,503,476,591
538,393,495,514,479,588
547,399,501,512,476,581
545,388,500,511,480,590
546,400,499,513,476,592
535,406,485,511,479,591
548,402,501,504,477,591
542,400,502,506,471,594
547,390,503,507,482,586
535,403,484,511,478,589
546,405,494,498,482,587
538,392,494,515,481,587
545,396,498,513,470,586
546,394,502,513,474,585
544,407,497,516,469,593
545,403,496,516,467,591
546,403,500,512,475,591
544,405,495,516,473,593
544,402,498,512,478,594
543,404,497,516,467,592
535,401,487,516,479,592
547,402,503,505,474,592
546,400,501,512,468,593
539,403,489,509,481,591
542,406,497,516,470,592
546,403,499,516,467,591
533,402,487,516,479,593
535,400,487,515,477,596
545,400,499,513,469,588
544,407,494,512,469,590
545,404,499,516,476,593
540,406,488,504,482,587
536,398,487,516,481,592
544,401,504,502,477,592
542,404,497,515,470,593
544,402,497,502,480,590
537,393,492,513,480,590
535,405,486,513,474,594
536,405,485,513,479,593
541,399,503,513,470,584
541,400,501,513,472,587
540,404,492,504,482,590
545,400,502,504,476,592
537,392,494,514,481,587
537,387,497,513,482,585
542,395,503,513,471,587
546,404,500,516,473,592
545,402,501,509,470,594
547,402,502,507,474,592
547,401,499,508,469,592
547,398,502,512,475,587
546,398,501,514,470,587
547,398,494,503,481,587
548,401,500,507,470,593
546,390,503,511,482,585
545,406,497,517,470,593
548,390,502,512,482,586
545,405,492,502,483,587
548,400,503,505,475,592
548,399,500,513,472,587
540,406,490,508,481,589
546,403,499,514,467,590
539,388,498,513,480,582
536,407,488,512,478,594
547,402,499,509,471,594
547,402,499,503,481,590
547,403,498,503,482,591
548,390,502,513,473,582
534,404,488,516,477,592
547,398,500,513,471,586
534,401,487,515,477,594
529,402,485,515,480,591
546,388,498,514,482,584
543,407,498,516,468,592
548,390,502,513,481,584
535,395,489,519,480,592
534,400,487,515,480,594
547,403,497,502,484,590
540,400,503,507,473,591
547,395,498,504,471,590
543,404,497,515,468,589
545,403,500,515,477,590
535,398,487,515,479,593
535,401,486,515,478,593
539,392,493,515,483,585
543,388,498,513,481,582
540,390,496,515,482,584
547,395,502,512,482,582
547,398,500,514,468,585
542,407,498,516,467,589
535,395,486,506,476,591
534,403,485,515,479,592
539,405,489,509,481,591
544,406,499,513,474,591
542,390,496,516,481,581
533,406,486,513,478,593
549,401,503,506,472,593
547,403,496,504,479,588
549,401,503,505,476,591
543,404,499,516,468,588
541,388,498,516,482,584
533,401,487,517,479,592
535,406,489,512,479,591
544,400,504,505,473,590
544,404,494,504,482,589
545,403,498,514,466,589
534,401,487,514,477,593
535,401,486,515,480,592
535,407,486,512,481,590
547,402,503,507,474,590
543,388,498,512,484,583
539,390,493,516,479,582
536,408,490,508,481,589
545,389,498,512,483,583
539,404,499,515,473,590
536,407,489,509,481,587
548,389,504,513,476,580
539,404,489,509,482,589
541,389,495,515,481,582
549,402,503,506,475,590
545,404,505,503,481,589
544,405,498,515,472,591
544,397,501,515,475,590
537,405,488,512,478,591
540,391,494,517,482,587
536,405,486,512,478,593
530,400,488,516,479,589
531,395,490,517,481,588
535,405,488,509,482,590
536,396,489,516,481,589
547,388,499,511,480,588
549,399,502,504,475,590
536,401,485,511,482,589
540,389,497,515,482,584
547,398,500,508,482,588
534,402,488,513,478,594
547,389,501,510,469,590
547,398,500,511,481,581
545,404,497,515,471,591
536,399,487,516,482,590
547,401,500,515,470,587
545,404,498,517,481,591
537,405,499,504,477,588
533,406,484,512,479,590
536,388,489,516,480,588
544,402,495,513,472,593
535,398,488,508,476,590
545,403,498,513,471,586
536,406,487,511,481,589
542,388,495,513,483,584
535,394,483,514,482,588
547,402,500,503,478,588
545,404,494,501,481,588
544,404,497,505,481,588
547,399,502,512,469,591
537,397,486,517,480,590
540,392,495,515,483,586
545,404,499,513,475,590
549,397,501,511,483,581
549,389,503,511,481,588
544,404,498,504,482,588
546,401,499,514,473,590
535,402,487,513,477,593
549,390,503,512,477,582
547,399,497,512,469,591
538,398,488,515,481,588
548,401,502,506,474,590
543,405,499,517,475,592
546,388,498,512,482,584
548,404,497,512,470,590
542,402,500,510,469,591
535,403,487,511,479,591
549,400,504,505,475,591
545,409,498,515,469,592
535,406,487,513,478,592
543,404,498,514,473,591
540,399,489,509,482,589
534,399,487,517,480,590
548,390,501,511,484,590
539,408,489,509,469,592
549,402,502,502,478,590
549,395,501,512,476,580
542,405,493,504,481,588
538,405,487,510,479,589
536,403,487,514,478,593
535,400,486,515,479,589
537,395,489,514,481,586
546,405,495,511,471,583
540,405,492,510,482,590
547,394,496,512,473,579
535,406,487,510,478,591
547,395,502,501,479,589
545,406,499,516,469,591
542,392,494,514,481,587
545,406,498,515,469,587
541,406,491,505,480,588
543,389,496,512,479,590
550,393,504,499,470,591
544,405,497,516,470,592
548,401,502,509,469,591
544,404,499,502,481,588
546,388,501,511,482,586
539,396,503,511,481,579
545,403,492,511,473,583
538,406,490,507,481,589
549,403,503,504,474,591
548,398,501,512,472,592
546,383,500,508,477,588
546,406,496,501,480,589
548,398,501,511,482,580
546,402,503,510,470,592
545,403,497,511,476,590
540,405,490,509,481,587
535,406,487,511,479,589
545,397,501,512,472,582
548,401,501,509,468,587
540,390,500,513,484,584
538,402,489,502,482,588
541,407,491,508,485,589
545,402,499,516,467,588
546,400,499,513,469,587
549,403,500,512,476,590
540,404,491,508,481,586
549,396,501,511,482,581
544,403,501,512,474,591
551,401,497,498,482,590
545,402,504,503,474,589
538,404,490,508,480,588
543,404,498,515,468,588
549,396,501,504,466,591
536,395,490,517,479,587
547,404,499,511,470,590
549,401,504,503,481,589
548,401,488,512,475,589
532,405,489,512,477,591
545,407,498,517,469,592
539,407,487,511,482,589
543,407,488,504,482,584
541,393,492,515,481,585
551,402,501,504,479,588
544,391,504,514,477,582
545,403,496,503,482,586
538,408,488,511,480,590
544,389,498,513,482,579
535,399,488,518,481,588
547,401,500,510,469,590
543,389,500,512,481,587
543,389,496,515,484,580
543,390,495,514,483,583
534,404,487,514,478,591
546,406,496,514,469,588
534,407,486,512,481,588
535,402,487,516,480,591
539,396,491,517,482,588
549,402,497,504,481,588
537,400,485,515,479,591
542,403,500,517,469,586
547,404,502,510,470,591
542,408,488,510,481,589
549,403,502,510,470,590
536,401,488,516,479,589
543,392,494,515,483,583
550,392,503,511,482,580
548,401,501,506,475,591
538,408,489,510,480,579
535,402,488,516,480,592
539,399,487,518,481,589
542,393,496,515,482,583
548,407,498,513,474,589
548,402,502,511,471,592
549,400,503,508,473,592
547,404,498,516,468,587
549,402,504,504,476,591
537,403,485,515,478,593
547,403,501,512,474,589
551,393,503,511,483,586
546,402,499,515,476,588
550,401,503,511,472,590
540,407,490,509,479,588
552,401,501,513,476,581
539,406,489,510,482,588
536,403,487,515,479,590
547,391,500,513,483,579
547,406,498,517,468,587
540,406,496,506,483,587
546,404,497,504,482,586
543,385,496,513,483,581
544,406,497,517,469,588
537,391,495,518,482,582
549,400,502,515,476,581
547,401,500,514,468,583
542,405,495,507,481,588
548,407,498,518,469,590
548,403,501,511,470,589
537,401,490,517,478,590
536,399,484,515,477,591
549,385,499,514,484,579
547,406,494,508,484,588
547,401,501,516,469,585
538,408,486,518,482,592
545,405,500,515,474,590
548,392,503,513,482,580
536,408,491,508,474,591
550,398,501,513,477,580
551,395,502,513,477,580
549,397,500,507,473,587
548,399,503,511,482,579
538,398,490,518,481,586
539,391,495,516,483,582
547,406,496,504,482,587
545,408,497,516,472,590
542,390,500,514,482,581
546,405,498,508,482,587
550,393,504,514,482,580
535,402,488,517,477,589
547,391,503,512,477,579
537,405,487,513,479,589
537,403,490,517,481,591
547,406,501,504,482,587
542,393,499,517,484,581
548,391,503,512,483,582
547,406,501,515,475,589
547,402,500,516,469,584
544,406,498,507,482,587
551,390,503,512,482,586
545,406,498,517,468,589
547,405,500,504,482,588
537,406,489,515,478,591
538,406,488,515,478,590
547,391,505,512,481,580
537,396,495,516,482,583
550,398,504,514,477,581
537,396,492,518,480,587
535,408,488,514,480,592
549,403,505,509,473,590
543,405,493,506,481,589
541,407,496,506,483,587
550,403,502,506,475,589
546,409,498,518,469,588
541,393,492,513,482,581
548,392,504,513,480,581
547,399,495,502,477,587
536,393,487,518,477,587
536,408,489,512,476,591
539,409,493,509,481,585
535,401,487,516,480,589
549,392,504,512,480,580
547,404,500,514,470,584
548,392,503,513,479,581
545,406,498,508,481,587
536,405,483,515,478,591
547,389,502,514,481,580
542,394,494,516,477,578
543,409,489,513,479,591
539,395,496,515,480,585
547,401,503,515,474,584
549,391,502,515,481,579
547,390,502,514,480,581
544,406,497,505,482,587
548,406,502,516,468,587
539,393,495,517,483,585
545,407,501,518,475,589
549,404,497,503,482,589
546,401,499,506,482,588
537,404,488,516,480,593
537,402,489,508,477,590
550,391,504,513,482,581
546,391,503,513,479,579
548,403,502,514,471,585
547,407,500,515,469,589
544,407,498,517,470,590
542,408,494,506,482,588
549,391,505,513,484,581
548,403,500,503,477,587
536,397,504,514,482,592
549,393,503,512,477,581
538,403,485,511,477,587
536,400,489,517,480,591
536,399,491,520,479,588
550,402,504,505,477,589
537,406,488,514,479,590
538,408,493,508,484,589
539,394,494,515,482,585
537,406,488,511,480,588
539,396,495,515,483,587
538,394,490,510,476,591
543,392,504,512,481,579
550,401,505,505,476,590
549,392,505,512,478,580
547,405,499,503,481,588
547,391,501,512,484,581
550,400,505,503,478,590
550,405,497,498,482,586
548,399,505,513,475,580
543,409,498,518,469,591
545,391,497,515,483,584
538,408,492,510,481,589
547,391,498,514,482,579
542,396,497,515,483,585
538,397,491,515,481,586
546,407,501,516,475,590
544,390,499,513,483,582
536,406,490,512,478,592
539,393,495,514,484,583
550,393,503,512,480,579
545,406,499,515,470,589
550,401,503,513,476,581
546,404,502,511,471,591
547,404,502,511,469,591
545,408,499,515,470,590
548,403,505,511,482,579
548,400,503,511,484,579
545,389,499,513,485,581
548,405,501,512,476,589
545,401,496,517,468,589
548,402,504,513,469,584
547,402,501,512,472,583
541,404,501,517,476,591
536,409,488,511,482,588
548,404,501,515,470,587
541,408,500,515,470,590
538,408,486,509,480,586
548,392,504,510,484,582
546,400,500,513,471,588
539,407,491,510,481,589
550,391,506,507,479,583
546,405,502,514,478,589
546,385,497,513,481,580
547,405,500,515,469,588
546,405,501,515,471,586
548,403,503,513,471,585
545,409,501,512,472,590
545,408,500,515,469,588
547,391,502,512,482,580
537,399,495,516,481,588
541,394,496,514,480,588
543,408,492,510,483,587
531,405,487,512,479,589
537,407,494,507,483,586
548,406,497,501,483,587
544,407,496,505,482,586
540,408,492,511,481,589
549,402,504,502,480,588
545,408,496,503,483,586
550,399,502,512,474,585
550,403,503,501,477,588
550,404,504,506,474,591
547,406,502,502,483,587
551,401,506,502,479,589
539,399,491,514,481,587
545,406,500,516,471,591
551,393,505,511,484,582
549,404,504,511,471,590
548,406,497,511,481,578
537,401,492,513,481,589
546,391,501,513,484,581
545,407,497,516,467,585
548,402,503,510,467,591
546,408,499,513,471,591
546,405,502,512,469,590
549,404,505,504,472,590
547,406,502,501,484,587
551,404,501,498,480,586
546,385,502,512,481,589
547,405,504,511,471,591
550,392,504,510,483,582
547,409,497,511,474,580
538,401,489,513,482,590
544,392,501,512,484,582
548,403,502,511,470,589
541,395,498,514,484,588
537,409,490,513,480,591
550,403,505,502,480,590
544,407,499,515,468,589
535,400,491,516,481,591
550,398,505,505,471,592
548,393,502,511,480,587
542,406,494,508,482,588
536,401,492,513,481,589
540,407,501,515,471,590
544,408,500,513,471,590
538,401,490,509,477,591
550,399,506,510,484,582
545,402,504,505,473,590
537,409,490,510,482,589
545,406,503,513,476,591
538,401,492,513,483,589
550,402,504,512,472,583
550,404,504,511,470,591
545,407,502,517,471,592
548,403,501,512,470,586
540,394,498,514,483,586
543,393,497,512,484,584
542,396,497,513,484,585
540,407,491,509,482,588
546,406,501,516,470,589
547,391,505,511,482,588
543,407,502,513,468,588
544,394,496,509,482,591
537,404,491,513,480,591
548,394,505,509,483,583
535,399,490,514,480,594
545,407,502,513,468,589
548,404,504,513,473,585
544,407,502,501,483,589
550,403,506,508,472,593
550,405,501,503,482,588
542,408,495,508,482,589
549,393,504,509,483,583
549,403,503,511,471,590
537,405,489,514,481,591
538,401,489,513,480,590
547,408,502,511,470,591
543,391,500,513,483,584
547,408,504,515,475,592
547,407,501,514,469,589
548,404,503,509,469,591
544,408,497,501,484,588
546,406,502,499,483,588
549,391,505,510,482,582
537,396,499,513,483,583
550,404,499,508,469,591
537,405,507,497,475,589
540,405,501,512,471,589
549,406,497,501,483,588
545,394,506,509,484,582
546,409,501,516,471,590
537,401,489,512,477,591
537,393,500,511,480,589
544,401,506,509,481,580
538,401,492,513,482,589
549,401,505,502,476,590
537,409,490,507,482,589
545,407,502,513,470,587
540,391,501,510,481,587
539,399,488,507,481,588
541,396,497,513,483,584
551,399,505,510,483,580
546,408,502,512,470,585
549,403,506,503,477,589
550,404,505,502,475,590
553,407,504,499,480,588
539,401,492,512,482,590
550,393,506,511,483,582
545,392,499,511,480,591
538,407,492,509,480,589
547,404,503,510,482,580
549,392,509,505,480,585
536,405,490,512,478,591
545,410,502,513,472,591
548,393,505,510,484,582
537,408,491,510,480,589
550,404,505,505,472,590
543,391,503,509,482,588
549,404,501,500,481,588
543,407,502,513,476,590
541,409,495,505,482,589
548,407,504,511,470,590
548,405,504,502,482,588
549,394,506,511,483,583
552,397,507,508,484,581
546,410,501,511,471,586
539,404,491,512,479,590
536,410,489,513,480,592
546,401,497,498,479,589
548,392,505,510,482,585
543,409,504,511,478,581
547,404,508,500,478,591
545,411,501,513,472,591
542,407,497,502,484,587
547,405,503,511,481,580
537,405,489,511,480,590
551,405,505,500,480,590
543,397,498,511,481,590
549,407,503,499,483,588
542,392,506,511,483,586
549,405,500,499,484,588
536,406,492,513,480,589
549,404,501,511,477,579
552,399,505,510,481,581
549,405,501,514,470,590
546,406,503,513,468,587
544,409,498,502,484,586
551,402,497,502,479,588
540,400,494,513,483,590
540,398,492,516,482,588
548,399,505,510,480,580
545,407,495,503,483,589
533,410,490,513,478,590
547,407,502,511,477,581
546,410,501,512,470,591
548,399,499,513,467,586
548,404,505,511,479,580
545,410,501,514,471,593
554,407,501,500,480,590
537,403,487,508,479,590
551,394,505,509,484,584
547,407,504,513,471,593
550,403,507,503,475,591
543,392,497,513,482,585
551,399,504,511,481,581
540,397,498,514,484,586
547,406,505,511,471,592
548,406,505,501,480,590
537,403,492,514,482,588
543,397,499,512,482,586
548,407,504,511,471,591
544,409,497,501,484,588
552,404,492,514,479,590
545,408,500,514,470,591
547,393,505,511,481,588
537,404,489,514,481,588
549,400,504,510,484,581
545,410,497,500,483,589
545,401,497,501,484,589
551,406,506,502,478,591
539,403,489,515,483,590
548,406,504,509,472,591
548,402,506,510,482,580
549,401,505,510,485,582
549,404,504,512,473,586
545,387,501,510,482,592
552,401,505,511,483,581
547,393,502,510,483,588
547,405,505,512,479,581
542,409,496,504,484,588
548,408,504,515,476,593
550,401,506,510,485,581
547,408,502,501,483,589
544,393,499,514,483,586
541,409,493,509,482,589
540,401,492,514,484,586
543,397,495,512,483,586
538,409,492,510,482,591
539,394,499,515,485,587
550,404,507,500,478,592
547,413,500,513,470,592
541,396,495,511,480,592
551,399,506,510,484,584
541,398,495,516,483,588
551,403,505,513,475,585
550,406,510,502,479,591
548,405,502,512,472,588
535,404,491,514,480,595
549,404,502,500,482,591
551,401,505,511,487,584
551,405,506,502,478,592
539,411,492,510,479,593
550,397,505,509,484,584
546,409,503,516,471,593
549,392,505,511,483,587
546,409,501,515,470,596
540,399,493,515,481,591
549,405,503,502,482,590
548,408,503,509,470,591
546,409,499,503,483,592
550,401,506,510,480,583
548,407,501,516,477,590
550,407,505,501,479,592
550,398,506,511,484,584
545,409,501,514,472,592
550,403,505,506,475,594
550,391,506,510,483,591
547,394,508,511,483,588
537,407,490,513,479,595
540,410,500,515,470,593
549,406,504,502,484,592
549,403,503,512,481,584
549,385,505,506,480,594
548,408,495,498,483,588
542,393,499,513,484,585
539,403,490,515,481,593
546,410,501,515,470,593
546,409,502,518,471,595
551,396,505,510,485,585
545,406,498,505,483,591
544,393,501,513,483,584
550,405,505,504,474,593
547,406,503,509,470,594
537,409,492,511,482,593
538,400,486,513,477,593
536,410,492,507,482,592
540,408,490,509,483,592
548,408,501,516,470,593
538,402,492,513,480,594
547,393,502,512,485,583
550,397,506,510,486,586
549,393,507,510,484,584
552,394,505,511,484,585
551,403,505,506,473,595
547,407,502,515,476,594
551,404,506,503,478,592
550,405,504,502,480,591
545,409,501,515,470,594
538,406,489,513,480,592
546,408,507,503,476,592
540,410,499,514,470,592
548,392,502,512,484,586
542,410,500,515,474,593
549,407,502,515,471,594
549,392,503,511,483,589
543,407,501,512,470,591
546,411,500,514,471,594
542,403,491,508,481,588
550,406,505,506,472,595
551,392,505,511,482,589
547,409,501,515,476,593
537,403,492,513,482,594
549,394,503,511,484,588
544,394,502,513,485,586
548,408,501,512,473,594
550,402,507,507,476,594
546,410,497,504,484,590
547,410,502,515,472,595
541,399,498,515,477,592
541,409,506,504,477,593
546,403,500,515,483,584
550,404,505,501,481,593
551,393,502,511,485,594
551,405,501,503,473,593
551,403,504,505,474,594
545,393,497,513,485,588
538,399,495,514,484,588
543,412,498,516,472,592
545,409,499,515,473,593
544,397,497,516,487,588
546,404,500,515,468,595
545,411,501,517,474,594
546,411,500,515,472,594
539,400,489,516,481,594
540,401,490,517,483,593
548,403,500,510,476,583
543,409,494,505,484,590
546,408,501,519,477,594
549,405,504,509,475,594
544,409,495,504,485,591
540,398,495,515,483,592
550,400,500,504,477,589
547,410,498,515,470,590
546,408,499,503,483,592
546,408,497,503,484,592
547,405,499,513,471,588
546,408,505,516,471,593
545,410,494,503,484,591
550,404,503,501,479,592
550,408,499,515,471,590
547,411,499,516,472,593
538,403,489,516,482,592
536,408,488,514,481,596
549,396,504,511,485,586
550,407,501,504,486,592
551,402,504,512,474,586
549,394,503,511,485,586
538,409,490,512,477,597
545,408,496,503,483,591
551,407,500,503,479,593
548,409,502,513,473,593
551,408,490,508,470,591
543,410,493,507,484,592
539,411,490,514,480,596
542,407,491,508,482,591
551,406,504,511,472,595
542,395,494,515,481,590
538,409,488,514,479,596
537,411,489,514,482,595
549,393,502,512,484,590
547,408,500,515,472,587
543,396,498,514,486,590
542,394,499,514,485,587
550,406,502,512,473,590
548,393,501,513,485,585
542,409,495,508,486,591
549,393,502,511,483,591
548,408,502,514,479,592
547,408,499,517,471,595
540,409,489,509,483,590
551,406,505,502,482,593
548,409,496,510,477,583
547,407,496,515,471,591
549,409,497,502,483,588
550,407,500,502,483,591
546,407,499,515,472,590
540,412,487,511,482,592
549,406,501,512,472,593
552,406,505,499,478,594
538,401,485,513,477,592
549,409,498,516,472,593
548,409,496,503,486,590
542,408,499,516,472,594
550,405,502,515,474,588
549,397,504,512,483,586
541,412,493,508,483,592
550,407,500,511,471,592
540,410,490,512,482,591
548,393,503,511,485,589
547,411,501,516,470,594
551,407,501,515,478,593
550,405,502,513,474,587
534,407,491,515,479,593
550,406,502,510,471,593
540,409,489,508,483,591
548,393,499,513,485,585
547,409,499,514,472,591
541,412,493,507,485,592
549,411,499,515,470,594
540,410,489,513,481,594
553,407,500,503,484,590
541,409,491,508,484,591
551,406,502,501,481,591
539,400,492,514,484,590
548,407,502,515,470,591
541,395,494,514,486,587
549,403,503,513,467,588
546,411,500,516,473,596
545,409,499,503,486,591
550,394,505,511,485,591
549,408,500,514,476,593
547,409,500,516,474,593
552,402,504,512,483,583
548,393,503,512,485,583
541,411,492,508,484,592
548,394,500,512,485,586
548,407,500,515,477,592
553,406,501,499,481,593
553,396,505,511,485,585
546,395,498,513,484,584
546,405,502,514,475,590
552,403,503,508,475,594
551,406,504,511,474,594
547,409,500,516,470,590
543,409,492,511,483,591
551,406,505,506,475,595
549,394,505,514,481,583
543,408,496,504,485,591
553,405,504,508,475,594
552,404,506,506,478,592
553,406,504,506,478,593
552,405,505,505,477,594
549,405,500,502,483,591
551,393,504,513,484,584
547,389,500,513,482,586
538,407,489,513,480,594
551,398,504,512,485,584
540,399,493,511,481,593
550,405,499,510,481,580
548,411,500,516,473,591
538,412,490,512,481,596
550,404,503,514,472,589
550,400,504,512,485,584
546,407,497,503,484,591
537,410,489,515,483,592
547,393,499,513,485,586
548,407,498,506,485,589
549,408,499,517,472,593
550,405,501,513,473,589
544,395,498,515,486,588
551,407,504,509,475,594
550,407,504,503,481,592
543,399,500,514,483,588
549,405,504,511,473,593
553,406,506,504,479,592
546,410,494,506,484,591
540,404,490,516,482,592
550,409,498,503,484,591
547,410,500,516,472,594
548,409,502,514,478,593
550,407,501,502,485,591
548,410,496,507,484,590
547,411,499,516,472,594
545,408,493,504,483,591
545,395,496,514,485,587
538,408,487,512,481,595
550,408,503,508,473,595
541,409,491,504,483,582
540,410,489,511,483,592
540,412,491,508,485,593
549,403,502,511,471,594
534,405,489,514,480,595
542,397,493,511,480,593
550,392,502,512,485,583
539,401,493,516,484,590
549,409,500,512,471,591
552,403,506,511,485,584
541,410,494,504,484,590
541,391,494,516,485,591
550,407,506,511,472,593
549,402,502,511,482,584
551,404,504,506,479,594
540,402,492,516,483,591
545,411,495,504,485,591
549,395,503,513,486,584
539,410,489,513,479,595
549,407,501,512,474,587
547,401,499,513,475,595
549,408,503,504,482,592
550,408,499,518,477,593
550,405,504,512,471,594
548,408,501,511,471,593
545,408,493,507,484,591
544,397,497,516,486,586
538,407,490,512,477,595
547,409,496,504,486,591
543,395,497,516,484,586
549,410,501,512,476,595
548,409,500,516,470,593
547,411,499,514,471,593
539,400,494,516,482,590
546,396,499,513,485,586
542,399,495,514,483,590
550,406,502,515,469,589
548,395,501,512,486,585
546,409,500,516,472,593
550,395,505,511,485,586
548,409,500,515,471,594
551,403,504,507,477,594
551,404,504,506,475,593
545,410,494,503,485,592
549,408,502,514,471,592
551,407,505,504,481,592
547,412,499,514,470,591
548,406,504,503,482,591
552,407,504,502,481,593
547,405,505,506,477,594
550,393,500,513,485,583
542,412,490,512,481,591
543,398,497,517,485,587
548,402,500,514,480,592
540,410,490,511,483,592
551,395,505,513,479,584
539,406,490,517,482,592
547,408,500,504,484,591
546,405,503,503,479,592
540,401,497,517,485,589
545,405,505,513,480,591
546,409,500,505,483,589
551,406,506,504,480,593
545,409,499,504,485,590
536,401,490,516,481,593
539,411,505,514,479,584
541,399,494,512,483,592
547,392,502,516,485,583
549,409,500,515,470,593
548,402,503,512,471,592
550,405,503,509,471,594
548,410,502,511,470,591
547,410,500,518,470,594
551,399,506,504,483,592
546,406,503,507,475,593
547,410,501,512,476,583
550,408,507,503,482,590
542,412,492,510,484,591
546,409,499,516,473,591
548,408,502,500,484,590
550,401,503,512,477,583
546,404,495,518,469,590
546,409,500,517,470,589
552,399,504,507,473,591
544,412,499,518,471,593
546,401,504,515,472,587
548,395,503,513,486,581
551,403,505,505,477,593
549,406,503,511,472,593
550,404,504,507,476,595
539,406,489,515,481,595
546,409,500,515,484,588
550,406,503,507,475,592
539,405,490,516,483,590
546,394,502,513,484,584
545,388,501,512,486,585
549,402,503,513,476,586
540,411,492,515,473,592
551,405,505,504,477,594
547,412,499,517,473,591
546,407,502,514,472,589
548,407,502,512,470,590
548,393,503,513,485,583
543,409,497,506,484,592
552,393,505,511,484,588
544,396,496,515,483,586
549,408,501,505,483,590
549,409,502,514,476,594
549,409,500,505,481,592
552,397,502,512,484,585
545,395,501,514,485,584
548,408,501,512,474,594
546,410,501,518,476,594
545,394,502,513,483,582
537,407,489,516,480,592
548,408,503,512,476,592
546,396,500,515,486,582
545,411,501,516,471,593
550,404,505,511,486,584
553,397,507,513,479,583
552,408,504,503,482,592
551,402,501,504,482,591
541,406,492,501,480,591
544,393,501,516,483,587
551,397,505,512,483,583
547,394,500,514,485,585
545,410,499,515,470,592
539,402,493,516,484,591
549,412,499,519,472,593
540,406,488,513,482,596
551,405,505,510,476,593
540,413,492,511,484,592
550,408,504,513,481,592
541,406,492,506,479,592
537,410,486,513,482,595
550,402,504,512,476,586
542,414,490,511,484,591
545,410,496,505,483,590
546,410,500,518,472,596
546,411,501,518,471,592
547,392,504,513,481,582
549,408,501,515,472,589
549,409,500,504,483,591
551,401,504,514,478,584
542,411,503,517,470,591
548,406,503,516,473,589
547,404,505,509,475,593
548,409,501,517,475,595
548,409,501,514,485,584
551,393,505,513,485,595
551,407,501,515,472,590
552,406,505,507,475,594
549,410,501,505,486,591
547,409,502,516,473,594
546,411,499,516,471,593
538,410,490,514,482,595
543,398,497,517,484,589
548,393,491,517,482,590
551,405,503,516,472,589
544,410,495,506,486,589
548,410,499,503,485,591
548,410,502,517,478,593
550,404,504,516,475,585
539,404,489,516,482,590
544,410,495,508,486,590
548,406,497,518,469,593
550,402,504,504,470,595
553,404,506,505,477,593
549,408,504,505,484,590
552,406,502,500,483,589
548,408,507,504,484,591
547,412,499,517,472,593
545,408,500,504,484,590
547,411,499,515,471,592
546,409,500,518,471,590
548,395,498,515,486,586
548,409,498,503,486,591
541,404,489,511,481,587
550,408,498,515,471,590
550,405,505,509,478,593
546,409,500,514,473,595
538,396,498,518,486,588
548,409,495,504,487,591
551,407,501,509,476,593
550,393,507,511,485,584
550,406,504,504,480,590
540,399,495,517,485,590
541,413,491,513,482,595
548,408,503,518,477,595
552,403,506,513,471,588
549,406,503,512,478,591
547,411,495,507,486,590
549,407,504,512,482,591
549,402,504,515,475,585
537,405,491,516,481,593
552,409,504,504,477,592
551,395,506,513,483,584
545,409,498,507,485,591
553,398,504,508,482,584
548,410,499,517,472,594
550,408,504,513,478,593
549,403,502,515,474,588
551,397,506,513,480,583
551,402,504,514,476,585
539,401,491,517,484,593
542,409,490,510,486,592
541,402,489,516,483,593
544,410,493,506,485,590
546,410,496,505,485,590
545,398,500,515,484,587
551,405,504,501,477,591
548,405,505,513,477,588
547,409,502,517,471,591
538,404,489,515,483,596
545,410,496,504,484,590
547,407,504,504,483,591
552,396,505,513,477,585
551,406,505,505,475,592
551,408,501,504,484,591
538,403,490,518,482,592
537,409,489,514,483,595
550,409,502,514,473,588
553,401,506,513,473,585
548,408,504,513,477,593
545,411,494,507,485,591
552,403,504,514,475,587
549,407,501,516,470,590
552,406,504,507,478,595
547,411,501,517,472,594
548,409,500,514,478,593
551,396,505,514,478,584
541,401,491,517,472,590
551,408,503,512,474,594
548,409,499,516,472,591
552,410,500,504,484,592
546,411,500,518,471,592
541,408,488,513,471,590
542,412,494,511,485,591
552,406,504,505,479,593
542,409,493,511,482,590
538,401,489,517,483,591
550,406,504,507,476,594
534,411,489,511,483,591
543,401,503,511,480,583
546,394,499,519,484,586
538,401,491,518,484,590
550,406,506,505,477,585
549,407,499,503,484,590
550,403,504,511,472,595
554,407,504,507,476,593
550,396,502,512,483,583
551,397,500,514,486,586
547,395,501,515,485,585
551,393,504,511,485,588
542,411,494,505,484,590
549,407,502,504,482,591
538,411,490,511,484,592
545,395,497,516,485,587
551,396,505,512,481,583
541,399,494,516,487,592
545,394,504,515,485,584
553,407,504,504,479,593
553,394,505,512,483,583
538,405,490,515,483,591
546,409,498,505,484,590
542,411,490,512,484,592
549,409,504,503,485,592
548,411,499,515,473,593
550,407,503,509,473,593
540,410,495,512,481,593
547,411,500,518,473,593
551,405,505,510,471,595
551,408,499,504,484,591
548,409,499,514,476,593
552,406,505,505,478,593
551,408,503,511,474,594
547,392,502,513,485,585
540,412,492,510,484,591
542,395,503,511,487,586
545,409,499,504,485,592
551,395,507,514,478,583
553,404,504,507,481,591
552,395,503,509,486,585
548,394,502,512,483,584
546,413,499,517,474,593
549,408,498,502,482,590
552,406,500,506,476,592
553,406,504,503,483,590
549,405,502,514,474,588
550,401,504,514,475,585
551,401,504,513,477,587
550,406,503,508,476,591
548,409,498,505,485,590
551,393,505,513,483,584
550,398,500,505,482,590
538,407,501,506,483,590
550,394,504,514,480,584
547,412,497,506,483,591
548,408,503,515,479,593
552,407,505,512,483,592
544,412,493,508,485,590
549,395,503,512,486,589
541,406,487,513,480,595
550,405,503,514,471,588
550,408,499,505,483,591
551,408,500,505,485,591
545,410,499,517,472,592
551,405,503,511,472,593
548,405,505,506,478,594
552,403,502,516,473,588
547,411,500,518,471,594
546,410,500,516,476,594
542,398,494,517,485,587
550,409,501,516,472,592
551,397,505,514,479,584
548,410,496,507,484,590
547,410,501,519,473,593
550,405,504,511,469,594
541,398,496,516,486,587
551,400,506,513,476,584
550,393,501,515,486,585
546,410,501,517,472,594
541,406,491,507,481,592
548,404,501,514,474,588
548,395,504,515,485,582
548,411,501,517,473,594
549,410,496,510,472,592
548,408,501,515,477,594
550,406,503,513,474,588
543,399,496,517,486,587
540,410,492,510,484,591
543,396,496,516,485,587
553,406,505,503,481,591
548,410,498,502,484,590
551,408,498,505,483,590
543,396,498,515,486,587
552,407,505,504,478,592
534,410,501,513,477,593
543,412,492,511,485,591
548,413,499,517,473,594
545,395,503,514,486,586
551,407,505,505,482,592
544,410,493,508,487,591
548,407,503,511,472,594
550,408,501,516,473,590
537,408,501,503,483,591
549,406,505,508,478,593
552,405,504,506,477,593
551,395,505,513,483,584
551,397,503,514,475,588
548,408,499,505,483,591
552,408,505,506,475,593
546,411,501,517,471,593
550,411,493,509,485,592
549,410,501,513,480,594
543,411,494,509,486,591
541,410,498,506,485,590
541,412,492,509,485,591
537,406,491,518,482,594
551,405,504,513,475,587
548,397,496,515,486,585
545,412,499,517,473,594
540,391,490,516,480,589
552,407,504,507,478,593
543,413,492,510,484,590
538,412,490,514,480,596
541,409,489,512,482,594
545,397,495,515,486,585
547,397,496,511,484,591
542,414,489,509,484,591
535,399,492,516,484,591
551,407,505,506,476,594
550,406,500,505,484,590
540,412,501,519,475,593
547,395,500,513,485,593
548,406,506,505,477,593
552,408,502,505,483,592
547,413,501,518,471,593
549,408,501,513,478,594
554,406,502,518,483,591
548,404,502,510,469,593
549,409,489,513,482,595
551,398,505,513,480,583
552,407,501,507,486,585
547,410,499,506,484,592
551,407,504,510,472,593
539,403,491,511,483,592
542,403,491,517,485,592
549,405,504,505,480,593
542,397,497,517,485,589
548,411,502,515,474,589
550,395,504,512,481,583
539,409,500,506,486,592
544,412,498,505,486,587
549,410,499,506,486,590
550,408,502,504,482,593
552,406,504,516,471,593
545,399,496,516,484,589
551,404,504,509,474,593
551,400,503,513,477,583
538,413,490,514,483,593
548,411,499,515,470,594
554,408,502,503,483,591
548,394,499,512,486,586
549,406,503,514,481,591
553,405,504,514,473,589
546,395,501,517,485,584
549,405,505,505,476,595
550,399,499,515,485,584
552,410,504,506,476,594
553,406,502,514,473,587
551,407,505,506,482,592
543,410,501,520,477,594
546,410,499,516,472,592
552,394,487,514,481,592
546,412,501,516,473,595
551,410,502,514,482,587
548,397,505,514,483,584
553,403,505,514,476,585
548,410,500,516,472,592
550,406,506,508,478,593
550,408,503,512,479,591
542,412,492,510,484,592
538,399,492,512,478,595
551,396,506,512,483,584
538,409,490,518,484,593
552,405,505,507,478,594
543,395,503,514,486,583
552,407,502,504,483,591
549,407,504,514,481,594
551,397,499,513,483,584
550,407,500,504,483,591
539,409,489,516,483,596
548,411,498,513,471,591
547,399,501,517,478,594
547,412,500,516,473,593
549,409,500,504,484,591
540,400,495,517,483,590
552,404,506,504,480,592
550,412,505,503,484,592
547,409,495,504,482,591
551,396,506,511,487,586
552,399,503,506,485,595
548,409,502,503,486,591
539,411,496,508,486,589
540,411,490,514,478,591
550,403,501,515,474,589
547,412,499,516,478,594
552,409,504,509,473,593
550,405,506,506,479,596
544,412,495,505,486,591
548,410,502,517,472,595
545,411,496,504,477,584
550,411,499,512,472,589
539,405,505,513,478,585
547,410,499,516,471,592
549,409,502,515,478,594
548,405,505,500,472,594
552,391,506,508,482,584
548,410,501,517,471,594
547,409,500,518,479,593
548,407,503,516,485,589
544,409,502,516,478,594
552,395,506,513,481,583
548,407,506,503,483,591
539,412,490,509,484,592
540,411,490,503,483,590
552,405,507,504,480,593
548,402,506,500,479,591
552,406,506,504,480,594
550,405,502,512,482,592
550,395,508,517,483,592
548,408,503,517,473,590
548,409,503,513,475,587
550,401,504,513,480,585
554,407,504,511,474,593
548,410,501,516,472,591
547,403,502,514,478,594
551,408,502,503,486,592
546,408,505,509,475,594
547,411,499,511,487,585
540,410,492,509,485,592
542,412,491,512,484,591
544,412,505,504,477,593
550,403,505,513,476,589
553,406,505,507,483,593
549,396,503,512,484,583
546,394,501,515,474,588
547,410,500,505,485,591
538,398,495,517,485,591
549,408,502,514,480,594
553,407,502,500,486,590
535,405,492,518,482,594
550,396,506,511,482,586
550,406,505,513,475,587
548,410,502,513,479,594
553,401,503,502,479,592
549,410,501,515,475,594
534,410,490,511,482,593
537,412,491,505,472,594
550,411,499,503,486,591
551,394,502,505,481,593
541,413,492,510,485,591
545,396,500,513,485,585
538,411,505,514,470,594
547,397,505,511,485,587
551,393,504,513,482,583
539,411,489,516,481,596
551,409,502,503,485,591
546,412,501,505,480,594
537,408,492,515,482,594
538,405,489,504,483,590
534,401,490,516,484,594
542,406,486,516,486,583
537,406,490,516,482,594
554,397,504,504,474,594
551,409,508,503,481,592
551,405,501,513,477,588
550,394,504,511,484,588
548,409,501,516,476,594
550,409,499,512,472,587
551,407,506,501,479,593
552,403,504,513,473,587
551,397,505,512,488,584
541,412,492,512,482,593
548,410,502,516,473,592
548,412,500,517,473,594
534,403,488,516,483,595
544,412,495,518,482,592
552,406,506,505,478,594
549,406,504,514,473,589
553,407,505,508,479,594
543,410,493,508,483,592
548,414,501,509,483,588
553,401,500,503,481,590
545,398,498,516,484,589
539,409,490,512,481,595
554,406,506,504,479,593
548,411,500,515,473,594
547,413,500,516,473,593
539,404,492,518,484,594
551,407,506,506,477,594
548,411,500,516,472,593
541,405,491,517,484,592
534,408,490,517,483,595
542,411,494,507,484,589
539,407,493,515,481,591
550,410,502,511,486,582
551,399,506,513,482,582
540,410,491,513,482,595
534,405,489,517,483,594
538,405,489,515,481,594
543,398,497,515,486,590
538,403,493,517,484,590
546,396,501,515,486,585
548,410,496,504,485,591
545,412,500,516,473,594
551,391,503,511,482,588
551,403,505,513,477,585
544,411,494,509,484,590
535,413,492,513,481,595
547,407,505,504,484,592
543,410,501,515,475,593
542,399,501,507,486,583
538,412,492,513,481,595
548,410,500,503,485,590
547,405,506,505,477,592
544,411,496,511,473,589
547,409,500,505,486,590
554,400,507,502,472,593
546,410,502,513,475,594
553,408,504,501,482,590
552,399,507,511,487,584
551,405,504,505,478,592
544,402,493,515,483,589
545,395,505,514,482,584
537,412,492,514,482,593
538,405,492,515,484,594
535,412,491,512,484,591
536,405,491,514,481,591
543,396,497,516,486,586
552,408,506,507,476,593
547,407,503,503,483,591
548,405,502,512,469,590
542,400,492,517,484,589
540,409,489,514,481,592
551,393,506,513,482,584
549,409,504,501,483,591
550,405,502,509,472,592
548,393,503,513,486,584
538,400,491,517,484,590
543,395,499,513,486,585
541,410,492,507,485,590
548,412,502,515,472,592
548,410,503,513,482,591
552,408,498,503,487,591
550,407,506,507,475,594
551,411,500,504,486,589
542,397,496,516,486,587
551,406,503,515,473,587
544,412,494,511,484,590
550,407,505,503,482,591
550,396,501,508,486,588
551,396,506,514,484,583
548,411,501,518,474,593
551,407,506,511,474,593
550,407,503,515,476,584
551,395,507,512,482,588
542,410,506,516,484,592
549,405,503,511,481,581
552,406,505,515,473,586
546,409,502,515,476,592
547,389,497,515,483,584
535,413,493,510,485,591
553,395,506,512,480,585
552,397,507,513,483,583
547,410,501,517,473,594
552,395,506,512,482,583
553,395,505,512,486,586
542,411,493,510,483,592
546,398,506,512,482,582
548,396,503,513,487,582
553,406,505,501,482,591
549,409,502,516,474,587
539,403,491,518,484,591
546,411,497,505,486,590
548,413,500,517,475,592
539,411,496,509,486,589
550,407,504,511,476,594
549,407,503,515,473,588
543,396,499,516,486,586
539,409,501,508,486,591
542,398,497,518,486,587
550,408,505,512,474,593
548,411,502,517,477,592
537,410,490,516,482,592
544,414,489,505,484,590
551,406,506,508,481,593
542,399,498,517,484,585
549,408,504,513,480,592
541,410,490,514,482,593
543,414,494,511,486,591
550,406,506,510,477,594
540,406,491,516,481,595
551,405,505,515,475,587
548,410,501,519,472,593
545,395,499,515,486,586
536,409,488,511,480,591
547,410,501,510,481,588
541,413,492,510,485,592
547,397,502,514,486,580
548,411,506,513,475,588
539,400,494,517,485,588
551,407,504,502,483,590
547,410,503,504,487,589
539,401,491,517,485,588
549,409,507,504,484,590
543,395,498,512,482,583
541,412,490,514,481,593
548,412,499,505,486,591
545,406,496,504,481,593
539,410,492,516,481,593
545,412,502,517,472,591
551,403,505,513,477,585
546,412,494,505,485,590
549,408,504,514,473,586
541,414,493,508,486,591
542,409,491,513,483,595
543,412,501,518,474,592
550,411,502,516,475,594
547,414,502,519,473,592
538,412,488,514,482,596
546,407,502,516,474,591
550,395,504,512,487,583
549,411,501,515,471,591
550,409,504,509,473,593
548,408,504,514,474,588
540,395,491,514,482,591
548,396,501,517,487,584
547,412,502,516,472,591
551,411,497,500,486,588
542,412,494,509,485,591
552,412,505,513,484,591
547,414,501,517,471,592
540,404,492,517,483,585
546,413,496,506,487,591
549,408,505,514,478,593
547,396,501,518,475,587
538,410,491,516,482,592
548,410,501,505,485,590
551,408,505,509,473,595
542,412,492,511,485,591
549,397,503,515,486,584
545,410,502,513,473,589
554,408,507,505,480,591
548,411,502,514,473,589
548,413,497,512,473,591
552,408,507,506,478,594
552,408,505,516,475,587
540,410,490,514,482,594
553,394,507,514,480,584
539,407,490,513,481,594
538,406,490,516,483,594
551,407,506,508,472,595
543,401,499,516,486,589
553,406,507,508,479,594
550,390,502,515,482,581
552,411,503,503,486,591
550,390,502,512,485,583
540,410,490,518,483,594
551,403,505,516,478,586
546,410,500,505,486,590
540,396,497,515,485,589
551,403,505,514,476,586
539,407,491,514,482,592
544,402,498,516,485,588
554,408,505,507,478,593
544,410,503,503,481,590
554,406,506,510,480,592
547,412,501,513,480,594
547,404,506,514,475,585
548,405,498,517,469,587
543,397,496,516,486,587
554,395,507,511,485,586
538,405,490,515,484,592
553,398,507,512,482,584
552,404,505,516,478,585
538,412,491,516,483,594
546,412,500,517,473,593
550,412,503,513,487,585
549,395,504,513,484,584
548,412,504,504,485,587
549,412,503,519,479,592
542,413,493,512,483,593
550,405,502,510,470,592
548,395,503,515,487,583
544,411,491,510,485,591
556,406,507,508,478,583
548,411,504,515,479,592
551,408,505,512,474,593
552,408,500,503,484,591
545,407,494,509,476,594
547,413,500,517,474,589
539,412,490,513,482,593
542,401,492,518,484,592
549,410,501,506,484,591
548,411,505,511,473,593
546,393,497,518,486,589
539,409,492,514,478,585
541,411,494,511,483,591
547,412,501,518,474,590
549,411,503,515,481,593
549,411,502,515,473,594
552,408,504,512,473,593
548,412,501,516,472,591
551,410,502,504,483,591
541,411,490,515,484,592
547,412,496,510,474,589
553,407,507,509,480,592
538,409,492,518,482,595
550,412,502,515,474,594
553,410,499,502,487,591
542,400,495,517,484,590
546,411,502,516,473,591
553,408,507,505,484,591
544,412,495,512,483,593
547,409,502,514,485,583
552,396,506,512,480,584
550,412,502,517,473,594
539,405,491,517,482,590
552,409,502,506,482,592
540,413,493,512,482,593
552,397,506,512,483,583
551,404,505,513,479,584
540,411,491,515,482,594
547,397,497,511,484,593
551,406,507,506,480,592
547,396,500,514,487,587
539,404,491,519,483,592
546,413,498,506,486,592
538,412,490,515,481,593
548,413,503,517,477,594
548,411,501,504,484,589
543,414,496,511,486,591
552,402,504,510,469,593
551,404,502,512,482,590
549,397,506,516,474,590
550,407,504,512,480,593
541,401,493,517,483,591
540,413,493,516,483,594
542,400,499,504,484,590
541,412,496,505,485,590
549,412,501,503,488,589
549,412,501,519,474,593
551,407,505,511,473,594
541,411,496,508,487,596
552,407,506,516,483,590
545,399,495,518,484,590
551,402,506,513,479,584
555,408,506,508,480,592
545,400,500,505,486,591
552,396,504,514,484,582
551,403,499,514,474,591
550,409,503,507,485,591
550,413,501,520,475,594
546,413,502,505,486,590
544,398,496,519,486,588
545,406,497,508,482,589
548,415,500,518,473,593
553,400,507,513,482,583
548,414,501,518,471,591
553,408,506,505,480,592
540,412,493,510,486,590
542,400,498,517,485,587
544,413,492,505,487,588
541,405,496,517,483,590
553,406,503,514,474,588
549,412,504,521,480,593
540,409,491,518,483,595
541,413,490,513,481,594
547,411,504,521,477,592
541,413,494,511,484,592
539,415,492,511,483,593
551,410,504,514,482,592
541,405,488,513,484,591
553,406,505,515,476,586
544,414,495,511,486,591
548,414,501,515,474,591
543,412,492,511,485,590
550,408,503,516,474,589
548,415,503,516,473,590
546,413,497,507,486,591
549,413,502,516,478,593
554,410,505,504,482,591
546,397,501,516,488,584
548,396,503,514,487,585
552,405,503,517,473,588
537,412,494,511,485,590
547,412,495,511,484,592
546,387,496,516,482,583
548,395,501,512,486,585
540,408,489,515,482,596
552,407,507,506,480,592
551,407,505,510,475,594
535,414,492,514,483,590
549,409,504,515,479,592
548,408,504,515,473,586
552,397,505,515,483,583
552,402,502,515,478,584
540,405,490,518,484,594
535,408,491,515,483,592
545,399,499,515,487,586
554,408,506,505,481,592
540,400,491,513,483,591
552,408,504,504,483,592
538,408,489,514,481,594
552,400,506,513,482,585
550,413,499,514,473,588
549,407,504,517,473,588
550,407,505,507,478,592
546,397,500,516,486,586
538,410,505,505,481,591
550,411,504,517,478,592
547,397,501,515,488,584
549,412,498,514,474,591
554,409,505,507,479,592
552,407,507,506,479,590
550,398,505,515,485,581
548,405,502,503,484,590
543,413,504,516,473,591
549,410,505,513,481,591
552,409,506,509,477,593
550,390,502,515,483,582
549,411,502,515,478,593
546,400,502,516,485,584
546,413,497,505,487,589
549,410,502,506,485,589
540,401,493,518,483,589
553,397,508,513,483,581
552,408,508,506,479,592
548,410,506,512,481,592
552,404,506,505,486,592
552,398,505,513,482,581
540,408,491,515,483,592
550,408,505,515,472,587
545,410,491,514,484,594
545,412,497,505,486,590
545,397,500,516,485,585
552,396,507,514,488,582
550,395,503,514,487,583
552,408,507,507,479,593
548,411,502,515,472,590
549,408,503,504,484,589
550,412,503,516,480,594
550,406,504,515,475,586
550,405,506,513,480,583
549,411,502,515,473,584
544,400,499,517,488,587
551,408,506,510,475,593
540,407,490,516,483,593
538,411,491,515,482,592
550,395,506,514,485,581
547,396,502,515,486,585
549,410,504,515,473,590
552,405,507,512,477,582
549,403,500,517,469,589
553,396,507,512,485,583
552,408,506,505,480,589
548,409,508,510,474,594
551,404,507,513,476,584
552,389,503,513,484,579
549,412,501,519,473,594
552,395,506,513,480,581
540,412,491,513,481,594
540,396,506,513,484,582
540,413,491,513,483,593
542,412,497,506,487,590
551,407,506,509,473,592
548,410,500,504,485,590
549,411,502,514,476,594
554,406,506,505,479,591
552,398,507,512,482,583
547,412,500,506,487,591
550,407,508,509,474,592
553,407,490,516,483,594
553,408,502,505,483,590
541,396,503,516,483,584
550,408,491,513,482,594
543,399,499,516,486,588
550,412,499,512,475,587
551,406,508,503,475,593
547,410,500,506,485,590
541,407,492,513,484,594
553,408,504,514,473,590
546,396,503,514,488,583
552,406,506,510,478,593
550,408,503,510,473,592
553,391,504,514,482,579
548,411,506,514,479,591
548,414,502,519,475,593
544,413,496,506,488,590
549,413,504,517,471,589
553,396,506,511,485,587
550,409,505,514,480,594
545,412,498,516,473,591
538,411,490,514,482,593
550,411,499,504,487,590
554,403,502,500,480,591
554,409,504,503,483,591
553,411,501,505,484,590
539,411,490,514,483,593
549,412,502,505,487,591
552,407,508,506,481,593
548,414,502,517,476,592
552,408,505,505,477,592
544,398,500,516,487,589
550,409,508,512,484,592
552,406,505,514,478,587
549,412,498,506,486,589
549,408,503,519,474,587
551,407,507,509,476,594
548,396,501,515,486,585
542,393,496,518,483,585
548,407,506,511,481,592
555,408,505,507,477,591
547,412,502,517,474,593
539,401,492,518,485,589
554,407,508,507,479,591
550,411,501,517,472,593
549,414,502,516,471,591
541,414,489,514,482,594
551,414,500,506,486,589
547,412,502,515,479,593
549,394,504,513,485,582
554,408,507,508,479,592
551,404,503,515,474,588
549,409,505,514,481,594
549,412,502,517,475,590
548,396,506,511,486,585
550,413,499,504,486,590
539,408,491,518,484,592
542,414,493,510,485,590
542,401,493,516,484,591
552,396,507,513,486,583
551,397,508,512,486,587
552,407,507,510,475,594
552,404,503,510,488,581
554,402,507,504,481,593
541,395,502,515,487,586
549,412,504,515,472,586
553,401,505,504,483,591
541,403,495,507,484,582
546,414,498,518,475,596
548,411,503,516,475,583
540,406,493,519,483,590
552,405,507,515,479,584
551,398,506,513,484,581
544,411,504,513,483,591
545,396,501,516,485,585
548,398,500,515,486,585
551,407,506,509,475,593
546,401,499,516,483,587
541,411,505,514,476,587
546,411,500,505,486,589
539,404,502,507,486,592
544,413,495,510,486,589
550,414,498,505,487,591
554,409,506,504,483,592
551,396,505,513,484,582
548,402,505,515,477,586
553,408,507,505,473,591
548,410,501,504,486,592
554,407,507,506,481,592
546,412,495,505,487,589
547,408,507,508,477,593
550,409,506,513,482,591
547,413,504,517,471,591
541,404,493,517,485,592
550,413,503,514,479,593
548,412,502,518,475,593
544,413,499,515,486,588
552,397,506,513,484,592
549,411,500,518,471,591
545,398,498,515,485,587
552,403,506,514,481,582
551,401,507,514,473,594
554,409,506,504,484,592
539,404,494,518,486,592
554,407,507,505,481,591
544,408,496,504,483,591
547,414,501,517,473,593
552,398,507,513,485,583
553,395,506,512,483,583
552,396,505,512,484,583
544,400,498,515,486,588
551,407,506,506,479,593
554,408,507,507,478,592
542,412,494,511,486,591
544,401,495,515,485,590
555,408,505,503,487,591
548,393,502,516,486,585
552,411,498,507,486,591
545,412,497,508,487,590
547,414,497,501,487,589
550,412,502,517,480,593
550,412,502,517,473,590
549,409,505,513,480,591
551,396,503,516,487,582
550,410,505,514,481,593
553,399,506,511,483,585
550,414,503,515,478,591
550,410,508,504,482,588
549,411,502,505,487,588
548,408,506,506,480,593
553,408,507,506,479,594
551,409,504,503,484,593
548,399,502,521,480,591
551,409,504,515,476,587
548,415,502,517,473,592
549,408,501,517,473,590
549,396,503,514,486,584
550,411,502,517,476,593
550,408,504,517,474,587
544,413,495,511,486,590
549,408,506,513,479,593
551,398,507,514,483,584
549,397,502,514,487,584
548,414,502,518,473,594
552,410,504,513,478,592
551,406,502,514,486,584
546,412,500,504,487,589
553,404,504,515,476,587
550,411,506,510,473,593
547,412,502,513,477,593
546,412,499,506,487,592
555,399,507,513,485,582
553,402,507,502,478,594
554,409,507,507,477,592
549,412,502,519,472,591
550,409,505,518,478,594
540,414,493,510,487,591
552,403,507,513,481,583
548,414,502,518,473,594
545,399,496,514,487,587
551,413,506,516,487,582
551,411,501,505,486,591
549,414,502,520,473,591
544,413,503,519,473,592
549,409,502,517,472,589
540,410,491,515,483,593
541,408,492,517,483,592
544,413,495,511,485,592
550,408,504,501,484,589
536,409,491,517,484,593
552,409,505,503,483,591
552,407,507,508,483,592
551,410,502,506,486,591
548,412,501,518,471,591
549,415,501,519,476,595
542,414,492,514,480,593
543,401,495,517,485,588
552,408,504,514,482,591
553,408,490,507,483,591
552,413,504,516,479,594
551,398,507,513,485,590
550,398,502,515,487,584
549,408,503,518,473,591
551,397,508,514,484,583
549,414,502,518,473,593
552,397,505,514,482,582
547,413,500,519,473,593
552,406,505,515,478,585
554,409,502,505,484,591
552,407,508,505,485,583
536,414,489,513,482,595
543,402,493,514,485,589
544,413,492,510,485,591
547,413,502,518,474,591
550,414,500,517,485,589
540,413,492,514,481,595
551,409,502,506,484,587
551,411,505,516,481,591
552,399,506,514,481,583
553,410,506,506,485,595
551,399,508,513,484,583
549,411,501,518,475,582
542,415,491,513,481,593
552,407,505,511,474,593
539,414,491,516,487,596
540,413,492,511,484,592
549,412,498,518,474,595
549,411,501,519,475,594
551,398,503,516,487,584
543,413,501,519,474,594
551,409,504,517,475,588
547,412,504,505,485,591
541,409,487,512,484,593
545,400,498,515,485,586
545,413,491,511,485,592
549,411,503,514,476,587
553,409,504,514,475,583
549,411,502,519,481,593
549,404,505,511,486,586
544,413,494,509,486,591
548,413,501,517,473,594
553,408,505,506,478,593
551,409,504,509,474,594
552,403,504,513,475,586
542,409,492,516,482,595
538,413,491,512,482,593
550,397,503,513,487,584
546,397,503,514,486,585
551,409,506,509,474,594
550,407,502,514,469,592
553,408,503,509,478,593
550,414,496,504,483,589
549,414,502,518,473,593
538,402,490,513,483,595
551,412,502,514,479,592
554,409,503,513,486,583
552,407,501,505,487,589
542,413,491,512,482,594
551,408,505,514,474,588
548,411,501,515,472,592
548,414,494,509,486,591
551,410,493,516,485,594
548,398,505,513,486,583
549,414,498,512,472,591
542,415,490,515,481,594
552,405,503,515,472,586
548,397,504,512,481,587
547,395,500,514,485,585
548,411,503,503,487,590
554,402,506,512,485,583
554,409,505,503,484,592
545,396,499,515,487,593
553,399,505,512,480,584
550,397,501,515,486,584
555,410,505,504,481,593
549,398,503,514,487,585
552,404,505,513,474,586
550,405,501,512,478,584
541,408,491,516,484,593
550,412,503,515,473,592
552,405,507,513,477,589
552,406,506,507,477,591
539,410,491,515,483,595
548,409,504,514,479,592
555,407,502,511,485,583
539,409,489,513,482,595
549,397,501,513,487,585
542,414,494,510,488,591
550,412,499,505,485,591
541,403,494,517,484,590
548,411,501,518,473,591
554,406,506,512,479,584
539,414,491,511,485,590
551,409,503,504,482,592
550,412,500,516,473,593
541,413,493,511,483,589
540,413,490,511,483,592
553,411,505,514,482,591
554,399,507,512,486,586
548,412,499,504,486,591
551,411,502,515,474,588
539,412,491,516,482,595
554,400,506,512,484,584
552,399,507,512,489,583
541,413,492,513,481,596
545,412,496,505,486,591
551,405,502,515,473,594
552,397,507,511,486,590
542,402,495,513,476,585
552,413,490,515,485,594
552,390,502,513,484,580
552,406,504,515,478,586
540,402,491,516,484,584
544,414,502,516,472,593
553,397,506,512,485,590
552,396,505,512,484,584
550,413,501,516,475,593
553,397,505,513,485,586
553,395,506,512,484,585
552,396,505,513,487,585
554,396,505,513,487,584
552,398,506,512,488,583
541,406,491,514,483,591
550,404,502,517,473,592
540,402,493,516,484,592
549,409,506,506,479,592
546,401,498,516,483,595
540,405,492,516,483,591
554,411,501,503,480,590
553,405,505,510,479,594
550,413,497,505,486,591
539,404,492,517,484,591
551,412,498,504,485,591
549,411,505,515,486,588
540,414,491,513,483,593
551,408,504,510,477,594
552,404,505,514,477,584
540,414,491,513,481,595
549,413,497,505,486,590
552,411,504,515,477,586
549,413,501,518,473,595
549,409,507,508,481,592
553,410,503,504,484,590
552,409,507,503,482,593
550,396,505,513,483,583
550,412,493,511,474,594
552,409,505,510,476,594
550,410,504,514,475,591
541,414,492,510,486,590
549,397,503,514,487,584
550,396,505,513,484,583
549,410,503,514,481,583
554,410,503,504,485,592
551,399,501,515,484,589
553,408,505,505,483,592
543,399,497,517,485,590
547,412,502,517,473,589
538,409,507,510,475,593
550,405,505,515,479,586
551,409,505,505,482,595
540,414,492,512,473,593
540,414,493,512,481,596
545,396,501,516,486,585
538,413,487,513,481,594
549,410,502,506,484,591
543,413,495,509,486,592
540,414,493,510,486,592
538,411,490,512,483,593
551,409,506,508,479,594
550,408,501,517,472,588
541,413,501,518,474,594
548,412,502,517,473,590
546,393,501,511,482,591
552,411,503,505,484,594
550,396,504,515,488,585
547,412,501,517,473,593
547,414,501,519,474,593
548,413,502,517,473,593
537,416,491,515,482,593
538,400,497,518,472,592
550,409,507,512,484,592
547,397,505,514,486,584
548,412,505,513,480,584
543,414,497,510,486,591
552,400,506,512,484,583
538,410,491,517,481,597
551,399,506,514,482,590
547,412,503,521,476,594
551,397,506,513,487,584
550,412,501,506,484,593
537,409,491,507,481,593
550,407,503,516,476,586
548,412,491,516,484,594
543,412,502,517,474,591
548,412,502,515,474,589
549,410,503,506,485,593
550,411,499,501,486,591
548,411,501,519,474,591
551,398,503,515,488,583
552,411,505,509,478,593
551,397,504,510,486,585
548,411,498,506,486,590
552,398,506,514,483,584
549,412,501,519,476,593
548,413,503,520,476,589
548,413,503,518,474,590
551,391,495,510,487,592
554,406,510,516,477,583
552,403,506,511,487,585
550,407,498,507,486,594
551,412,501,507,485,590
553,410,506,518,484,589
553,409,505,509,478,593
550,411,501,517,474,591
549,414,498,514,472,589
550,408,505,517,474,589
553,409,505,510,478,593
554,408,507,508,480,593
551,409,503,517,473,583
545,412,499,507,485,589
549,406,492,519,483,592
553,407,508,507,475,592
549,411,502,517,474,593
551,413,501,516,475,590
542,414,491,512,481,595
549,408,507,507,481,592
541,413,492,513,482,596
553,399,507,515,485,584
547,411,500,520,481,594
553,397,505,514,486,583
549,412,504,519,476,594
548,414,499,516,487,584
547,413,501,521,476,594
540,405,493,520,483,592
547,406,505,515,477,586
554,398,507,517,483,583
549,411,502,517,473,588
553,409,505,504,483,591
541,411,490,514,482,595
541,413,493,512,482,594
553,407,505,508,473,593
536,409,492,518,484,594
553,400,506,515,483,584
550,413,499,508,487,590
549,414,500,519,474,593
552,399,505,516,489,584
538,414,491,515,482,594
540,408,491,517,483,595
551,413,502,519,472,591
546,397,499,519,487,587
548,414,497,507,487,591
543,409,491,519,484,591
548,418,502,521,473,594
552,409,506,508,480,593
542,402,493,519,484,589
549,396,504,518,486,583
542,414,494,513,482,594
541,413,491,515,481,596
539,414,492,515,486,584
546,411,503,506,483,592
548,412,501,520,474,595
545,411,503,516,475,592
550,397,506,516,486,585
542,414,492,518,480,591
546,411,498,511,488,592
551,398,508,515,483,583
553,408,503,509,475,593
545,399,499,519,487,588
551,399,506,515,484,584
549,413,491,507,482,594
554,397,507,515,482,584
553,409,505,508,479,595
551,406,504,511,486,583
539,415,491,515,481,594
552,407,506,510,476,594
546,400,496,518,485,588
540,412,491,519,484,595
550,404,506,516,480,584
550,411,504,519,473,590
549,412,502,522,480,595
550,412,502,520,474,591
546,413,497,509,487,593
540,411,491,508,478,593
552,402,505,517,481,586
552,404,505,518,480,586
542,413,507,514,484,584
549,420,501,520,474,595
539,413,491,515,480,596
544,413,493,513,483,596
550,397,505,516,485,585
550,407,503,518,475,591
547,413,501,519,473,595
549,400,500,520,475,596
548,411,501,518,487,584
548,412,502,521,473,595
553,397,508,515,486,585
544,414,492,514,484,584
549,414,503,519,474,591
545,397,505,520,486,590
551,412,503,520,479,596
547,400,500,519,486,589
541,406,489,520,483,596
554,406,504,517,479,585
552,397,505,517,488,584
541,403,494,519,479,595
550,413,501,521,475,595
550,396,504,517,487,587
547,414,497,508,488,593
554,406,501,511,487,583
541,404,492,520,484,595
547,410,504,513,482,590
552,409,508,511,482,595
554,408,505,521,475,591
540,409,491,519,484,597
552,412,503,521,474,591
551,410,509,507,485,594
540,408,487,520,483,597
555,407,505,519,479,588
554,410,505,512,478,596
551,397,504,516,483,586
548,412,497,510,485,593
553,409,504,519,483,585
542,404,495,519,486,591
549,414,498,518,487,591
543,413,493,513,482,597
554,409,506,507,486,593
549,413,504,520,478,596
555,399,507,514,482,587
554,412,504,506,484,594
555,409,507,509,478,597
552,400,504,516,484,590
553,406,505,514,488,588
550,411,505,515,480,596
552,404,507,518,487,598
540,414,491,516,481,598
553,409,507,508,482,594
550,410,506,507,474,597
547,414,495,521,484,594
546,398,502,518,487,588
550,404,506,517,479,588
548,410,502,522,471,597
552,405,506,517,478,589
546,398,505,517,486,589
552,407,506,510,480,598
549,410,504,520,473,593
547,411,500,507,486,596
553,409,510,519,486,592
548,410,503,518,476,593
548,410,505,518,482,600
553,393,505,513,484,588
551,408,505,519,477,592
550,409,505,520,478,599
551,411,509,508,485,600
545,397,502,519,489,592
548,410,504,520,481,599
551,397,506,518,484,591
551,399,505,518,484,591
546,412,501,524,477,602
543,414,494,510,485,598
546,403,505,520,477,596
546,408,506,518,484,605
534,414,492,517,484,603
540,407,498,526,487,598
532,414,489,527,486,604
545,401,505,523,484,596
537,398,500,528,488,598
533,412,489,523,486,608
530,414,489,528,486,610
538,404,501,527,480,603
540,398,504,526,485,601
537,412,501,534,483,612
535,410,501,530,484,610
539,396,503,529,493,604
536,409,501,526,493,616
519,411,489,531,489,615
528,398,497,533,492,608
533,411,500,536,485,616
533,401,501,527,480,611
536,406,503,531,478,616
537,394,505,530,487,606
535,407,503,524,493,617
523,413,489,530,491,618
532,395,502,532,496,609
523,410,489,529,490,622
534,412,499,524,495,617
536,407,507,528,494,619
525,406,491,538,493,620
536,408,507,524,496,617
533,409,504,532,492,620
536,403,502,530,487,611
532,410,499,540,484,619
526,399,498,538,496,616
530,412,495,530,498,612
525,412,493,532,490,623
524,403,493,539,496,619
535,399,507,533,492,612
523,410,491,535,495,623
524,408,491,535,495,625
535,404,506,534,492,615
525,397,503,538,499,614
535,409,506,531,499,620
532,411,499,526,495,620
525,403,491,539,496,622
534,389,503,531,500,614
531,413,502,541,487,622
534,409,504,525,498,619
526,413,493,533,496,623
536,405,507,533,486,620
532,413,501,540,489,623
524,412,494,532,496,624
524,414,492,533,494,625
531,410,503,540,491,623
527,413,493,532,495,624
533,410,503,528,498,622
537,405,507,527,499,621
530,413,501,540,488,624
535,403,507,536,488,617
532,410,504,540,490,623
536,406,504,526,499,621
529,398,497,539,499,625
532,410,501,542,487,622
534,406,504,527,500,621
520,409,491,535,496,625
523,404,491,539,489,619
536,393,506,535,499,613
528,398,495,542,498,621
533,392,503,538,497,613
523,409,491,540,496,622
523,408,492,536,497,625
528,392,502,541,488,624
536,404,505,538,499,614
533,408,501,543,487,623
537,396,504,530,487,624
535,392,505,537,498,613
533,398,492,543,499,620
534,408,504,542,491,623
535,407,502,542,490,623
538,403,507,532,499,621
533,390,506,538,498,613
525,404,492,539,498,623
532,408,502,542,488,623
534,410,504,538,486,623
529,392,501,541,499,619
534,407,503,541,489,623
538,397,507,538,492,618
536,408,500,538,487,620
537,405,504,542,487,621
540,403,510,530,499,622
526,396,495,533,496,624
534,402,508,534,498,620
537,404,505,529,500,621
537,403,509,535,497,621
540,404,506,530,499,620
528,407,495,536,496,622
535,409,503,542,488,621
529,402,495,532,493,624
528,403,495,544,498,622
537,408,503,542,486,622
534,406,510,528,499,622
535,409,505,542,485,624
536,393,505,539,501,616
537,408,505,543,488,624
539,391,509,538,496,613
540,396,508,533,499,623
538,405,503,536,502,620
528,410,497,535,496,624
540,393,505,541,487,619
531,407,507,545,486,623
540,393,510,539,495,612
538,407,505,539,493,623
540,395,508,538,496,612
526,410,494,539,496,624
537,407,505,544,501,615
540,399,510,537,494,614
536,407,503,536,497,625
527,402,495,541,496,624
536,404,508,542,491,624
541,404,508,528,499,621
529,403,490,537,499,622
528,409,495,535,496,624
540,405,508,528,499,621
539,403,509,539,488,615
530,411,493,538,496,625
529,409,490,539,495,626
540,407,509,529,499,621
536,407,504,543,486,620
528,401,499,542,498,620
531,396,499,540,491,621
537,407,504,541,486,618
532,411,496,535,495,622
527,401,495,542,498,621
537,411,504,543,487,625
535,409,497,534,496,623
533,409,499,531,494,614
528,403,494,542,498,620
527,403,493,543,495,623
537,407,508,530,499,621
529,403,492,541,487,620
541,394,510,537,494,612
529,411,497,537,498,623
536,394,505,540,501,616
540,404,509,531,498,621
540,406,508,536,497,621
537,408,507,539,493,623
540,401,508,539,489,616
542,404,508,530,499,621
535,395,503,541,498,617
537,411,506,543,486,624
534,397,500,543,499,617
543,406,506,536,497,620
537,392,507,540,499,615
535,407,502,529,497,613
529,408,494,541,495,624
541,407,510,528,499,619
541,409,504,528,495,622
542,395,509,539,492,613
531,400,497,542,493,622
536,400,500,545,482,621
533,409,510,536,497,614
537,410,505,542,486,622
540,395,508,537,497,612
540,402,508,540,491,614
540,407,507,538,492,622
528,402,496,542,497,621
543,395,510,538,496,613
540,402,508,540,492,616
541,399,509,538,491,615
541,408,507,536,496,621
543,403,504,536,490,615
537,410,506,530,497,621
541,405,509,525,500,619
532,410,496,535,493,624
532,411,494,542,496,625
541,407,508,535,497,621
538,411,494,542,487,615
536,394,507,542,499,613
538,410,504,543,486,623
538,412,506,544,486,623
539,407,506,527,495,620
532,411,498,534,494,618
538,410,500,531,492,620
534,398,502,545,499,617
540,407,508,536,494,620
544,406,508,530,501,620
540,396,508,537,492,613
543,397,509,539,493,612
539,394,506,540,499,614
530,411,495,536,496,625
542,406,509,532,499,620
538,394,507,538,499,612
533,412,497,536,495,623
541,414,507,548,494,624
531,402,499,545,498,617
539,411,504,542,488,622
537,396,511,539,497,620
540,411,505,543,485,622
540,410,504,542,497,618
541,412,502,536,490,620
536,412,501,533,493,622
532,401,498,541,497,619
538,410,504,542,485,623
540,410,507,539,492,621
542,404,508,542,487,618
542,408,510,530,498,619
540,412,504,529,496,621
531,412,495,543,496,621
540,410,505,541,485,620
542,407,509,532,498,617
531,400,497,543,496,619
543,404,510,537,487,617
540,409,507,540,492,622
543,409,509,539,493,616
542,409,509,537,495,620
532,409,495,541,496,625
530,411,496,539,494,625
542,410,505,542,485,620
538,393,505,540,500,614
544,401,498,542,498,620
545,409,507,530,498,619
543,409,510,528,499,619
542,406,508,540,486,617
538,396,507,540,484,616
540,396,507,541,497,614
530,410,494,539,495,625
532,412,497,537,494,624
541,411,508,541,490,622
540,408,507,541,479,620
541,409,508,535,493,620
531,404,495,541,495,621
540,396,508,541,498,613
540,406,505,538,485,623
542,403,509,531,495,619
535,416,496,535,493,623
536,399,502,541,497,614
534,410,496,538,493,623
544,408,510,530,498,618
542,396,510,538,496,613
535,413,506,538,488,622
541,413,503,540,483,620
532,408,496,542,491,616
543,397,510,540,493,613
546,400,512,538,490,612
541,411,507,540,484,612
543,408,509,531,494,622
540,395,506,540,496,613
542,411,508,540,490,622
544,409,509,538,491,621
546,399,511,537,487,613
544,407,510,531,495,617
542,405,508,539,487,616
541,410,507,540,488,617
529,412,496,538,493,623
543,410,510,529,494,614
543,398,508,538,499,611
542,405,505,537,490,616
538,413,500,531,491,619
546,407,510,531,496,618
544,403,510,539,493,611
543,398,511,538,493,611
530,406,496,540,498,619
543,411,505,529,496,622
531,400,501,538,498,618
543,409,508,538,486,617
543,397,510,539,500,611
540,414,504,531,492,623
531,406,497,542,495,619
543,408,511,530,497,619
531,404,497,540,495,618
542,408,508,540,486,615
545,402,509,537,493,613
533,403,498,542,495,620
542,410,506,528,496,621
544,404,509,539,483,614
542,402,510,526,495,618
533,408,495,542,493,621
537,412,502,530,492,622
542,409,508,538,489,622
540,415,505,541,483,621
543,410,508,539,482,619
546,410,505,527,496,616
535,413,502,529,492,621
544,411,510,532,497,618
539,412,506,542,486,622
544,398,511,537,494,611
532,414,497,537,492,623
543,410,509,539,488,621
547,403,506,527,498,618
534,413,501,533,492,621
541,412,508,538,491,620
539,398,510,535,490,610
537,398,502,540,496,616
545,406,510,538,485,614
532,406,498,543,496,618
543,410,508,540,483,616
542,412,506,529,493,611
534,403,497,541,494,618
541,416,507,539,482,620
544,407,510,536,487,617
529,413,497,537,492,622
533,414,496,538,491,623
540,415,506,542,482,623
541,409,507,539,483,616
536,412,500,529,485,621
533,401,500,542,495,618
542,397,510,536,495,611
532,410,496,541,492,619
543,411,506,527,494,619
544,410,510,528,496,618
543,413,507,542,483,617
548,396,510,536,495,609
541,412,503,527,495,620
544,407,508,539,484,613
543,396,511,535,493,610
546,410,508,523,496,616
543,408,510,533,492,619
544,396,510,536,496,611
541,398,503,540,495,613
533,405,496,541,492,620
531,408,495,538,492,621
536,415,497,535,492,620
545,398,512,540,482,618
536,412,497,533,489,621
543,414,506,541,482,617
546,406,512,530,494,620
546,397,510,536,495,610
544,410,507,538,485,617
546,407,510,538,489,612
534,407,497,541,494,618
545,409,509,531,495,619
540,412,506,540,482,621
545,411,508,528,491,619
542,414,507,542,482,620
540,414,503,528,494,621
535,413,496,534,490,622
534,404,497,542,494,618
535,413,497,537,496,620
541,407,501,523,489,619
531,414,495,538,492,611
539,417,511,532,490,618
546,397,510,538,498,612
542,411,507,540,482,616
548,410,512,527,496,618
535,398,503,540,496,614
542,406,509,539,485,613
542,412,505,541,484,611
544,407,509,539,497,613
548,411,506,526,495,619
540,412,507,539,492,617
539,414,506,539,482,620
545,409,511,532,494,618
534,402,498,541,492,616
542,412,508,538,486,621
547,411,505,528,492,619
545,407,510,533,493,616
542,408,508,540,482,617
545,409,508,527,494,616
541,407,511,537,488,611
545,408,510,529,495,618
545,410,510,536,489,619
547,399,511,536,493,610
544,412,505,528,493,618
538,400,504,541,494,614
547,399,511,538,493,611
535,410,500,541,492,617
545,417,508,544,487,619
537,398,502,539,495,613
532,407,496,539,492,620
543,412,508,541,485,620
546,410,507,528,492,616
536,414,496,533,492,622
533,410,495,537,492,623
545,397,510,538,493,610
547,407,508,536,486,613
533,410,498,541,492,621
541,413,506,540,483,619
537,397,503,541,496,614
545,405,505,534,485,614
542,414,510,541,483,620
535,408,498,533,495,620
545,401,510,539,484,613
541,413,510,537,488,619
533,408,496,540,492,618
545,409,511,527,495,616
535,404,496,537,487,621
547,409,506,527,492,617
547,409,511,537,487,610
545,412,510,536,489,619
546,410,512,533,494,618
541,397,504,539,499,613
534,403,497,539,492,619
544,409,512,532,493,619
546,398,510,536,489,609
539,413,506,540,482,619
537,402,503,540,498,615
545,404,512,536,491,611
538,414,507,540,483,619
548,409,511,529,495,617
548,411,510,526,495,617
536,415,501,532,491,620
535,413,498,532,492,621
546,402,511,537,486,621
535,405,497,535,493,620
546,409,511,527,496,617
539,398,507,534,491,618
546,398,511,529,483,612
535,412,508,539,485,619
536,410,496,540,492,621
549,410,513,537,491,620
543,411,509,540,487,619
543,396,511,538,494,610
547,406,510,537,489,610
536,415,497,535,490,621
545,406,510,538,484,615
537,408,502,533,487,620
547,407,512,536,489,618
537,403,503,537,496,613
542,414,507,538,483,617
546,403,511,534,489,610
543,413,508,537,483,616
547,404,513,520,495,616
534,405,498,538,495,617
543,414,505,536,482,617
545,396,513,535,482,610
536,406,502,533,493,616
543,406,506,538,479,614
540,413,505,524,493,618
546,403,510,532,487,615
546,409,515,526,490,616
547,398,516,535,483,614
540,398,513,535,483,612
541,416,510,535,479,619
544,412,510,538,486,617
545,407,513,537,479,616
546,398,511,527,492,605
548,411,514,529,489,619
542,413,511,523,491,622
545,391,515,528,482,610
543,408,514,535,481,616
547,407,514,523,491,617
547,406,513,535,480,618
543,413,508,524,491,619
547,409,515,524,492,617
543,415,510,535,482,619
545,410,512,524,494,613
545,413,510,538,486,619
546,398,513,532,482,613
546,405,513,537,480,618
549,410,512,524,492,617
540,399,509,535,492,613
541,411,511,524,490,614
544,406,511,536,481,615
536,400,507,538,492,614
548,405,514,536,480,608
548,409,516,526,489,618
544,412,514,526,492,614
546,399,514,535,480,611
546,398,516,533,484,610
544,409,510,523,491,615
540,416,511,537,481,618
546,404,511,524,492,615
544,415,507,532,479,614
534,408,500,534,490,618
540,399,505,536,493,615
541,411,513,537,482,619
550,408,516,523,492,615
542,413,510,523,492,616
546,410,514,523,495,613
548,398,517,534,482,613
542,414,509,524,492,616
538,401,509,536,494,614
548,407,515,523,491,616
540,400,509,538,494,611
541,412,513,525,493,615
547,409,515,525,492,616
535,408,499,535,491,620
547,410,515,520,492,614
537,409,499,529,487,616
546,404,514,520,495,615
537,409,502,527,486,618
548,409,512,519,492,614
539,412,508,526,489,617
546,399,515,533,482,611
543,414,512,526,493,614
541,405,517,536,480,614
547,405,515,536,480,615
538,400,510,524,491,616
544,410,514,521,493,615
533,415,501,531,486,617
534,404,503,535,493,615
543,398,514,531,487,608
538,415,507,527,490,617
546,411,511,524,491,616
541,395,514,534,481,611
546,398,513,534,481,612
536,418,501,531,490,617
545,410,516,523,494,614
534,409,499,534,489,620
548,399,517,533,482,611
544,410,514,524,493,616
543,413,511,532,483,616
546,403,516,535,480,615
536,403,510,536,492,611
548,400,517,535,481,617
539,399,508,535,496,606
545,400,515,533,485,610
542,414,506,519,489,616
533,411,501,535,492,616
532,415,501,537,490,619
537,413,504,529,490,618
548,411,516,525,489,618
545,413,512,522,492,617
549,410,513,519,491,615
535,401,507,535,493,614
547,408,515,521,492,614
541,417,512,536,483,617
548,402,518,517,492,616
548,414,511,536,483,615
537,417,504,528,488,620
548,397,516,532,482,617
541,401,508,534,493,611
535,413,499,533,492,609
545,408,513,536,493,615
546,397,516,534,485,609
540,404,508,535,494,612
548,410,514,534,481,615
548,411,514,523,491,615
548,395,517,530,481,612
542,400,512,532,488,607
549,400,515,534,482,613
537,401,505,531,494,614
546,399,514,533,483,611
538,413,506,529,490,617
548,402,515,535,480,614
541,395,511,533,494,615
543,414,511,536,481,616
547,410,514,523,489,612
540,400,511,535,493,609
545,396,513,532,489,607
543,406,515,536,481,617
546,410,513,537,482,618
544,413,514,535,482,618
541,414,507,525,491,617
535,405,497,534,486,620
544,413,511,536,480,618
544,415,506,525,490,618
535,409,502,533,489,619
548,399,516,534,482,612
542,415,511,535,481,618
549,404,514,533,480,616
547,408,517,524,492,615
534,413,501,531,491,617
546,409,514,523,495,613
547,405,512,536,481,615
535,404,504,536,493,616
549,400,514,534,483,610
540,397,511,531,493,610
546,413,512,527,493,614
530,407,502,536,492,618
544,404,516,535,481,616
547,398,516,534,483,613
544,413,512,536,480,618
535,404,498,536,489,614
534,414,499,532,490,615
533,412,502,535,491,618
543,414,511,536,482,615
548,409,514,522,494,613
544,405,505,536,493,610
550,404,513,523,487,615
550,409,515,521,493,614
540,412,512,523,492,613
538,413,502,529,488,617
543,416,508,536,482,616
549,399,517,534,479,611
551,408,516,522,492,613
547,407,516,524,492,613
545,414,512,536,482,614
549,402,515,536,481,613
536,402,506,536,491,610
545,412,514,524,492,611
547,408,515,524,492,615
548,407,514,537,480,614
545,414,512,536,480,613
536,412,501,524,490,615
547,396,515,532,484,609
535,412,500,533,493,618
547,400,514,534,483,611
546,414,511,536,484,616
547,399,516,534,483,610
535,412,500,534,491,611
541,398,510,535,495,608
547,409,516,523,492,614
548,398,515,533,483,609
543,414,507,524,491,614
547,397,515,533,487,607
552,410,513,525,489,614
546,409,513,523,495,612
548,407,515,535,482,611
547,408,512,524,494,614
546,403,510,534,490,614
545,410,511,524,494,616
549,411,515,524,489,616
544,414,511,537,483,616
541,411,514,524,494,613
535,403,495,536,487,612
547,404,514,537,480,615
546,412,507,523,489,615
549,412,512,530,489,616
542,397,515,533,486,605
546,408,512,538,478,615
547,406,515,535,480,613
543,401,506,536,494,609
544,414,509,534,480,615
546,415,507,533,483,613
542,411,512,531,490,615
548,413,508,521,495,614
536,402,503,537,490,612
548,403,513,537,482,613
536,410,500,536,491,617
540,408,502,529,486,614
546,410,512,523,496,612
549,416,509,523,489,612
548,412,514,523,494,613
542,412,510,536,481,612
533,404,503,536,492,613
536,417,498,532,490,617
544,399,510,535,493,607
544,398,510,534,495,607
535,413,501,527,490,616
535,417,499,536,490,615
548,409,514,525,491,615
531,408,500,540,491,616
548,398,513,535,483,611
548,414,513,524,491,617
546,418,507,537,483,616
545,399,512,535,494,608
541,398,509,535,493,608
537,405,503,537,493,611
542,399,511,532,493,608
549,410,514,524,491,615
548,399,513,521,493,613
547,412,511,532,489,616
548,407,512,538,479,615
535,414,499,533,490,619
543,413,510,536,479,614
548,410,509,535,479,612
547,402,512,530,478,611
545,415,509,537,481,616
544,397,510,534,494,605
546,415,508,536,484,614
550,403,513,536,482,612
541,401,503,536,494,611
547,416,508,536,479,615
547,412,510,539,486,615
540,415,501,527,490,616
538,405,498,536,492,612
548,415,504,530,490,616
541,413,508,525,492,613
538,415,503,530,491,616
546,412,511,536,486,616
550,411,512,523,494,613
536,415,499,535,484,613
546,399,511,533,495,605
544,416,509,537,482,614
547,412,509,535,481,612
545,397,509,533,495,608
535,412,499,537,491,616
546,410,513,525,494,613
544,413,509,540,482,616
544,412,510,536,482,611
549,406,513,538,481,614
541,401,504,535,495,611
543,415,510,537,481,606
544,400,508,535,495,607
543,397,513,534,486,609
544,415,509,539,484,615
544,417,508,538,482,615
542,399,510,536,496,609
546,416,509,536,481,615
543,399,511,536,493,606
549,395,512,532,495,606
547,415,508,539,479,615
546,412,509,537,487,615
549,413,510,535,482,606
549,409,512,522,494,613
550,400,510,534,485,605
546,414,508,537,481,615
536,410,499,536,492,618
546,412,510,537,487,614
542,410,511,532,490,614
540,414,501,536,495,607
539,417,506,524,492,615
546,414,509,523,482,613
548,409,513,539,489,612
547,415,507,525,492,615
549,416,503,530,495,606
547,404,509,534,484,613
550,410,514,527,493,615
538,410,497,537,490,615
548,410,513,523,493,614
547,409,513,537,482,613
538,415,499,534,490,618
548,408,512,536,481,615
549,399,514,536,484,611
547,413,510,534,482,612
536,409,498,535,490,619
547,408,514,537,481,615
550,400,514,534,483,612
547,414,506,524,493,614
544,416,509,523,494,614
545,415,510,539,481,616
551,399,512,536,481,613
549,406,514,519,492,613
547,399,509,530,496,606
551,410,513,526,491,616
536,406,500,536,492,613
546,411,514,523,494,614
547,414,508,537,484,616
547,407,511,536,484,613
552,412,510,523,492,614
543,399,509,535,495,607
548,416,512,535,485,617
538,416,509,536,481,615
539,416,501,531,496,613
551,410,515,523,489,615
549,405,513,534,480,614
546,396,513,533,487,608
547,412,511,539,487,616
539,414,505,527,492,615
548,411,514,519,494,612
545,417,504,523,492,615
549,412,515,525,494,618
538,409,498,537,492,614
540,415,503,528,489,618
543,399,514,532,486,606
547,412,512,536,487,616
546,415,510,537,483,615
550,406,512,536,481,615
549,407,512,536,481,616
548,405,511,532,488,608
540,410,499,527,491,617
541,397,511,532,496,606
537,410,498,536,491,617
547,412,511,535,482,613
548,410,512,524,491,605
551,414,514,524,492,615
535,414,501,535,489,618
550,412,514,522,494,615
546,413,508,537,483,615
550,412,508,523,494,615
549,404,509,524,489,612
545,415,511,537,482,617
543,399,507,535,495,608
547,400,512,533,484,610
548,412,512,523,494,613
539,415,500,531,489,618
546,413,509,536,481,613
538,415,499,531,492,617
549,412,511,523,494,613
540,399,509,535,494,610
545,407,509,519,490,615
548,398,512,532,486,609
549,405,511,532,483,611
538,416,501,530,489,618
549,410,515,527,491,612
546,413,510,532,486,615
548,416,508,536,482,612
538,418,499,533,488,617
546,414,510,536,482,615
549,408,512,535,481,614
538,403,502,536,494,613
547,415,510,536,481,614
548,411,509,531,492,615
549,410,512,537,481,615
551,411,513,527,489,618
545,415,510,537,483,615
546,417,505,530,481,612
552,401,512,535,483,611
540,416,500,531,492,617
551,409,514,526,491,615
541,415,506,524,492,616
546,414,507,523,492,615
538,407,501,537,491,616
540,413,500,528,490,616
547,397,511,531,494,607
543,412,510,523,491,615
549,404,513,523,493,613
551,405,512,532,484,608
548,415,509,523,492,615
551,407,511,533,482,608
538,408,502,537,494,614
546,413,511,533,490,616
550,411,513,529,488,616
540,402,502,532,489,615
548,412,506,530,487,614
548,413,512,521,492,614
548,399,512,532,483,608
545,416,510,536,482,615
537,408,502,538,493,615
538,410,499,537,492,615
551,399,514,535,482,611
547,414,513,538,484,616
548,416,510,536,484,615
550,401,513,536,481,613
542,416,502,529,491,617
548,410,512,525,494,613
539,412,497,533,492,617
549,411,511,534,483,612
538,404,502,537,494,613
550,412,510,534,482,610
550,411,513,522,493,615
540,415,500,530,489,616
550,412,513,523,494,612
546,411,515,525,492,614
537,405,501,535,493,615
542,416,501,531,491,617
547,412,511,535,482,609
538,408,496,529,490,618
548,411,512,524,493,613
548,415,510,532,486,616
546,414,511,532,486,616
547,412,512,524,494,614
540,415,501,530,490,616
550,409,514,522,492,615
546,399,510,533,496,608
544,399,512,536,482,614
543,399,511,535,494,608
550,399,514,533,485,609
537,405,498,532,492,615
550,410,514,524,491,615
551,403,513,535,482,614
549,399,513,533,484,611
543,417,503,530,489,617
547,417,508,537,480,614
538,416,499,531,489,616
550,412,513,524,495,614
550,412,513,525,491,616
549,417,510,535,484,616
537,411,498,536,491,615
545,415,510,538,481,613
552,412,512,530,491,617
538,403,504,537,489,613
551,405,514,519,491,614
548,413,510,523,493,615
552,409,513,523,494,614
546,416,509,539,483,617
550,410,513,529,491,617
540,404,505,536,496,611
548,414,510,536,484,617
540,409,496,532,494,612
548,408,512,534,485,609
545,413,511,536,486,617
548,411,514,522,493,614
535,407,500,537,493,617
553,409,511,524,494,614
538,416,499,531,491,618
550,412,514,520,493,615
546,415,509,536,484,614
550,408,513,521,493,614
540,415,501,529,489,617
538,407,499,537,493,615
554,410,511,521,493,612
545,416,506,524,493,616
549,399,512,531,494,607
546,415,510,535,479,615
541,415,504,529,492,616
549,408,513,523,492,615
548,414,507,524,492,615
542,399,505,535,494,611
546,414,508,537,481,615
536,416,498,535,492,616
544,415,503,527,491,617
537,414,497,532,489,617
549,411,515,522,493,614
549,412,511,528,491,613
542,413,502,530,489,616
545,401,508,534,496,610
551,412,514,533,490,617
539,416,500,525,493,613
538,403,499,531,488,616
550,397,513,535,484,612
549,409,513,524,492,614
552,399,513,535,482,611
547,396,510,535,497,607
550,409,512,535,483,610
548,415,510,536,482,616
549,399,511,531,492,605
547,414,508,523,492,616
546,416,509,537,483,613
546,408,500,534,487,616
532,412,500,535,491,616
545,416,502,527,490,615
537,413,495,534,489,618
546,397,509,518,495,613
539,403,500,536,493,614
549,399,513,535,482,611
551,408,514,523,492,616
547,411,509,523,493,614
548,411,513,523,491,615
550,409,513,522,494,613
549,400,514,535,482,613
550,403,513,537,480,613
545,414,503,527,491,617
552,415,499,531,489,616
549,410,512,525,495,614
540,398,503,532,490,613
543,415,501,528,490,616
548,399,514,533,484,609
541,416,501,530,488,618
539,416,501,528,491,616
551,405,513,534,480,615
540,405,502,536,493,615
551,409,511,533,484,609
546,415,510,536,482,615
543,414,510,538,482,611
550,411,514,529,490,616
547,415,511,535,483,614
542,397,505,535,494,610
546,398,509,532,495,605
545,398,509,534,494,609
544,397,508,531,491,610
552,412,512,522,495,611
548,411,513,528,492,610
537,409,500,535,492,613
548,412,512,526,494,613
542,402,505,534,493,610
542,414,502,530,489,618
551,401,515,535,483,613
548,412,506,519,492,615
548,399,513,531,485,609
542,402,504,536,494,614
546,416,509,535,480,614
542,414,510,535,481,613
545,401,509,533,495,607
548,417,510,533,487,615
539,412,499,535,492,619
551,409,514,522,495,613
549,415,509,535,483,614
546,415,509,535,480,618
543,401,505,534,495,609
552,412,511,533,483,609
551,404,509,523,492,611
551,412,512,521,494,612
540,409,499,535,493,614
542,404,505,537,494,612
545,414,506,536,491,614
543,398,509,534,493,608
545,401,513,536,482,611
550,412,512,521,495,613
550,410,515,521,493,614
547,409,509,533,479,614
546,414,509,539,483,615
548,414,509,532,491,615
550,399,510,532,483,604
550,410,512,524,496,613
540,415,498,525,490,618
540,416,501,529,491,618
550,410,513,523,494,612
548,399,511,531,495,606
548,400,511,532,495,606
550,406,514,533,481,613
551,400,512,533,484,612
550,403,513,533,481,614
550,411,514,536,486,616
544,414,509,532,486,616
552,413,514,529,489,617
541,399,506,534,495,607
550,414,508,523,493,614
548,414,509,535,484,614
548,411,511,531,488,614
550,403,513,534,482,614
545,416,510,536,481,617
537,416,499,534,491,616
539,407,498,535,492,615
539,408,499,536,494,612
548,397,511,531,494,606
544,414,511,533,483,610
537,412,497,531,491,617
548,410,511,520,493,614
549,401,513,531,484,609
550,399,513,533,481,607
549,409,511,534,482,610
548,405,511,523,494,605
549,413,512,521,492,613
548,414,509,535,483,617
543,415,501,528,491,615
541,416,501,528,490,615
551,411,509,522,496,611
545,414,508,535,483,616
549,413,510,522,494,613
539,406,499,536,492,615
552,409,514,524,491,614
548,411,512,522,495,613
547,416,509,536,492,604
550,413,510,533,485,616
551,397,513,532,484,609
538,407,500,535,493,613
546,416,506,535,481,614
538,407,499,537,492,612
540,413,498,532,489,616
542,416,509,536,482,615
552,411,512,524,492,613
545,398,511,534,496,608
547,415,508,536,481,615
552,408,513,522,492,613
549,410,513,523,493,613
551,406,512,535,481,612
547,412,512,524,496,612
545,413,509,534,483,611
549,404,509,536,482,614
545,414,503,525,491,615
552,405,515,524,493,615
539,405,499,528,487,617
547,399,510,532,492,608
549,414,508,521,492,614
544,397,507,536,495,607
535,413,499,529,490,615
538,408,499,534,492,614
547,414,510,535,481,613
544,398,510,533,494,606
545,401,508,533,495,608
549,414,509,535,481,615
549,411,511,533,484,608
536,409,498,535,492,617
550,409,513,536,483,614
545,400,510,536,495,606
553,411,513,526,491,614
546,415,511,536,481,615
542,414,502,526,491,616
550,403,514,535,480,612
541,402,507,535,496,609
537,408,499,536,494,612
543,397,508,533,494,606
544,400,507,533,496,609
546,417,512,536,483,615
547,415,509,537,479,614
543,415,506,521,492,614
552,411,508,521,494,614
548,415,512,533,481,611
547,413,509,524,492,612
548,416,509,536,481,612
547,411,514,524,492,616
542,415,500,527,492,618
552,398,511,531,494,604
540,399,507,534,495,609
553,406,500,529,490,615
545,414,510,535,482,614
546,402,506,535,497,609
547,418,508,536,484,615
549,405,512,537,484,614
547,414,508,537,480,614
551,404,514,516,491,612
551,400,514,534,482,612
546,413,507,523,491,614
543,399,509,532,495,607
551,408,513,524,493,612
552,403,514,535,481,611
539,416,501,529,487,615
552,413,511,523,494,613
546,411,512,531,493,614
538,412,499,533,493,616
539,403,500,535,493,615
545,400,513,533,484,608
537,414,511,521,493,613
548,409,513,522,495,611
549,414,511,535,482,609
539,408,500,537,494,612
543,416,504,527,492,614
547,398,510,533,495,604
546,415,510,537,481,614
546,414,511,534,485,615
547,410,512,522,496,612
549,407,512,536,481,614
549,399,513,531,493,606
552,404,514,519,490,612
547,412,513,518,496,612
551,413,510,533,483,609
546,415,509,536,483,612
552,398,515,532,484,607
549,411,513,524,495,611
538,411,500,530,488,611
548,411,511,533,484,610
548,417,510,536,487,615
540,415,503,528,491,614
549,406,511,529,480,607
550,398,510,526,494,605
552,414,512,521,494,613
547,398,512,532,488,605
550,409,512,523,496,612
550,410,513,522,495,612
542,402,507,534,495,609
548,411,511,534,483,608
552,401,505,523,491,614
549,415,509,533,483,612
548,411,512,534,493,604
540,415,498,533,492,615
552,410,514,522,495,612
539,411,499,534,493,615
550,414,511,537,488,614
543,415,503,527,491,615
540,409,501,536,494,614
548,410,513,526,491,614
547,415,509,536,483,615
538,414,499,531,490,615
548,414,509,537,481,612
548,415,506,523,495,613
548,411,513,523,495,613
549,413,511,529,491,614
553,412,513,522,496,611
549,399,515,534,483,606
546,414,510,533,486,614
548,411,511,533,484,608
552,410,508,534,496,616
549,398,513,533,485,606
548,415,510,533,483,608
537,414,499,535,491,615
547,414,511,536,487,614
550,410,513,523,496,609
552,401,513,530,479,611
543,404,507,536,495,610
547,416,506,523,493,614
539,408,499,534,490,615
550,412,513,521,496,612
547,415,507,521,492,614
552,413,508,523,492,614
550,409,513,521,493,611
538,406,499,536,491,615
549,417,506,534,483,612
542,415,503,530,491,616
549,398,513,533,487,607
539,413,496,527,491,614
551,412,513,522,493,614
538,414,499,533,491,616
551,413,512,534,485,609
549,413,508,535,483,614
541,416,500,529,492,616
549,417,509,534,484,614
541,415,500,530,494,614
551,407,514,538,482,612
538,409,501,535,495,613
540,408,498,534,493,618
548,415,507,536,483,613
547,400,511,531,496,605
549,412,512,532,485,610
547,415,509,534,481,614
553,404,513,535,485,610
549,401,510,532,487,609
544,403,504,532,497,608
547,414,507,522,492,614
546,416,507,521,492,616
550,401,510,529,495,604
551,401,514,532,483,610
548,413,510,518,494,615
544,415,502,525,491,614
543,403,502,534,496,609
541,414,497,531,493,616
548,397,511,527,498,604
550,410,512,524,493,613
539,409,498,532,494,613
546,393,508,530,498,607
545,413,508,524,494,615
551,408,512,530,487,608
549,400,513,531,483,611
549,416,510,535,489,616
545,404,506,532,497,610
540,410,497,535,494,612
552,409,512,519,498,612
547,415,508,532,483,615
538,413,497,534,494,613
548,412,512,526,492,616
539,415,497,529,490,616
545,412,511,530,487,613
547,413,508,534,483,614
546,414,509,533,488,614
538,415,499,532,491,615
548,415,510,535,485,614
540,408,500,533,496,613
552,401,514,531,484,609
550,414,511,534,488,615
551,408,513,522,494,612
539,406,498,535,493,612
544,400,507,531,495,611
550,410,511,532,483,607
551,401,513,533,483,611
551,413,513,519,494,614
541,417,497,528,494,616
548,413,509,535,489,615
540,412,499,533,494,614
551,414,510,532,490,614
547,417,508,534,485,615
548,413,510,531,487,616
548,414,510,533,483,613
539,413,497,530,493,616
551,400,511,530,499,604
551,412,506,532,491,614
553,410,512,521,495,615
552,399,511,529,495,604
553,401,514,532,485,610
550,412,510,519,496,614
547,401,505,533,497,607
547,415,502,523,494,615
551,413,510,520,493,613
550,410,510,529,482,613
553,411,509,530,487,609
552,403,511,526,485,608
552,398,511,530,498,605
552,415,509,534,490,616
552,414,509,533,485,616
543,415,501,524,494,615
551,409,512,524,495,614
548,418,507,534,484,614
550,417,508,534,482,613
544,404,507,532,496,609
551,412,511,528,495,614
548,415,509,536,487,615
545,404,507,532,495,609
552,414,509,520,494,612
548,415,509,534,489,616
552,414,512,519,495,612
549,417,508,535,483,614
545,413,503,522,494,616
541,412,498,531,489,615
542,415,500,527,492,616
540,413,497,533,493,616
548,416,508,532,486,616
548,416,508,535,486,616
540,407,498,533,496,612
550,414,510,531,492,615
540,406,499,536,497,613
552,398,511,530,496,606
548,399,507,533,498,609
542,406,501,534,495,612
552,400,514,531,487,608
544,411,501,525,493,617
547,399,512,531,485,609
553,413,511,531,492,613
544,418,500,526,494,617
542,415,504,520,493,615
550,416,506,529,485,613
553,412,510,521,497,613
545,415,506,522,492,615
546,415,504,522,494,614
549,411,511,531,490,615
554,401,514,531,485,609
541,418,497,529,493,617
550,413,509,531,486,616
552,411,509,521,495,613
542,402,504,531,496,610
549,415,511,530,487,616
550,409,510,531,484,610
551,412,512,519,495,614
549,410,511,530,484,611
554,408,512,520,496,613
546,399,504,532,496,610
552,410,510,529,491,616
554,409,512,531,481,614
552,406,512,529,490,608
551,416,503,516,492,615
553,410,512,522,495,614
546,401,505,530,496,609
551,406,514,531,484,613
542,415,499,524,491,617
549,415,508,519,493,615
538,411,497,528,493,616
551,412,509,530,486,614
547,416,509,532,484,613
541,417,497,523,492,617
552,409,514,519,498,613
551,415,507,531,483,613
551,412,512,518,499,614
540,415,501,524,493,615
546,412,512,529,493,615
548,418,508,533,484,615
548,414,509,529,486,615
550,414,506,519,495,613
541,408,500,533,497,613
543,417,500,526,492,615
546,400,504,531,496,609
553,409,511,530,486,608
550,416,508,532,484,616
539,415,498,531,494,617
549,415,504,527,482,612
554,410,512,519,498,612
553,410,511,532,486,608
542,416,501,525,492,615
550,411,512,525,493,612
549,417,503,522,496,616
553,398,511,528,497,604
553,405,511,528,489,606
552,406,512,531,485,615
541,409,497,524,496,616
547,399,508,529,497,606
552,399,512,521,485,607
548,416,506,532,483,613
550,399,511,529,497,606
546,416,502,523,493,614
542,404,499,534,496,611
547,399,507,531,497,607
548,408,512,531,483,612
550,412,511,529,491,613
550,417,510,531,485,613
545,398,511,528,497,605
551,408,508,515,492,614
554,398,511,524,493,603
541,417,504,526,493,615
554,410,512,520,495,614
544,403,506,534,497,611
554,409,511,529,488,607
550,401,513,530,484,608
552,409,511,529,488,607
553,400,514,529,484,609
546,417,499,525,493,616
552,408,504,519,491,613
548,413,510,533,483,613
547,414,509,533,483,613
547,411,507,531,485,610
552,408,511,530,487,610
544,401,507,530,498,609
552,393,512,534,484,610
550,414,508,532,485,611
548,414,509,533,486,615
540,416,499,525,494,615
550,402,510,531,481,605
550,400,512,530,495,605
545,399,512,529,489,605
552,400,513,532,487,609
550,409,513,519,497,613
545,415,504,521,493,614
554,404,514,532,484,611
540,413,497,532,492,613
551,410,512,518,495,613
554,401,511,529,491,605
550,414,508,531,484,613
556,411,514,521,495,612
540,409,499,532,494,614
550,415,509,535,485,614
536,407,499,534,494,613
549,417,510,533,483,612
549,411,506,531,488,613
550,397,512,531,498,604
553,412,512,521,493,615
552,415,509,530,485,611
547,399,508,531,497,607
549,400,511,530,497,604
549,414,509,532,483,612
547,416,507,519,494,614
550,413,508,519,496,612
552,409,514,520,494,612
541,416,498,525,492,615
551,392,508,530,494,601
546,400,506,532,496,608
540,417,502,525,492,612
542,407,502,533,496,611
554,413,513,520,494,614
547,414,505,520,494,613
545,403,502,532,497,606
539,417,497,530,494,616
547,416,507,534,484,614
552,411,511,528,492,613
539,418,498,528,493,616
549,416,509,533,484,613
555,403,513,532,485,609
549,415,509,534,483,613
552,414,511,526,493,608
551,412,510,534,487,614
552,412,511,521,497,610
538,409,500,531,494,615
551,396,512,530,486,608
551,399,512,531,486,608
552,410,511,530,486,609
550,411,511,528,493,614
542,408,500,532,496,614
550,399,510,530,496,605
549,418,507,534,485,612
553,410,512,519,493,614
552,407,512,514,494,612
550,412,512,528,495,611
551,412,508,533,484,612
546,402,505,531,497,609
552,398,514,531,486,607
545,415,504,524,493,614
550,414,504,520,494,614
554,414,513,521,496,611
547,399,508,530,498,605
553,398,512,529,486,609
541,416,499,532,495,616
551,401,513,530,488,609
551,416,511,532,495,604
550,417,509,530,484,611
547,417,509,532,484,613
550,417,507,533,483,614
555,412,512,519,494,615
552,414,512,525,493,615
550,413,511,530,483,610
556,403,513,530,484,611
541,417,498,527,493,615
555,412,512,519,497,612
541,411,498,523,492,615
555,411,512,520,496,612
545,404,512,527,495,611
549,416,510,529,484,611
548,416,509,531,484,613
545,403,507,532,495,608
552,414,508,532,483,610
546,400,505,534,497,607
550,415,510,531,490,613
551,414,508,532,486,614
542,415,494,524,491,617
550,397,510,529,497,605
550,412,512,532,492,614
557,412,512,522,493,614
555,413,511,520,499,612
547,416,505,519,495,613
538,401,506,533,499,607
552,410,512,521,494,613
553,401,511,530,491,602
552,412,511,526,493,613
551,415,511,525,493,611
547,418,502,523,494,613
553,406,510,528,492,609
555,416,511,521,492,604
554,412,508,515,498,612
552,413,509,531,485,609
548,418,509,531,486,614
542,418,497,530,494,616
543,417,501,526,493,613
554,400,513,531,485,607
550,415,508,532,483,612
553,410,512,519,495,612
542,413,498,530,492,615
552,399,513,531,488,606
549,409,504,534,479,610
545,403,503,533,495,608
550,415,510,533,485,612
553,412,510,530,485,609
553,406,513,535,482,612
544,406,502,533,496,613
550,414,511,532,491,612
544,403,505,532,496,609
555,411,512,521,494,611
553,402,513,533,486,607
550,417,509,529,490,612
552,413,512,522,496,610
553,409,512,530,488,604
555,411,507,519,497,612
550,414,511,531,484,609
543,415,501,526,492,612
551,417,511,530,485,614
541,406,500,526,490,613
550,418,507,536,484,612
549,415,509,534,485,613
551,415,509,531,489,613
552,418,508,534,484,611
551,415,510,533,484,611
548,399,511,532,497,604
555,412,510,519,496,610
549,407,505,522,490,609
551,414,510,532,483,610
548,400,509,533,497,605
543,406,501,535,498,611
551,412,512,520,497,613
541,407,501,533,497,609
549,417,509,536,486,611
546,401,505,534,498,607
552,400,512,532,487,606
551,416,510,535,484,613
552,408,510,530,488,606
544,416,498,528,493,614
543,416,500,528,493,612
553,407,512,531,489,608
550,418,511,532,485,611
551,412,510,533,485,608
551,415,506,534,483,611
541,412,498,532,492,613
551,412,511,529,491,612
545,416,508,534,484,614
543,411,499,534,496,611
546,416,502,526,494,613
552,415,509,532,483,609
539,414,500,531,493,613
554,414,514,526,494,614
550,408,508,537,481,610
547,412,511,533,485,607
544,415,505,521,495,613
548,401,507,534,496,608
554,411,512,521,499,609
546,415,500,528,491,615
543,417,499,528,491,614
543,403,501,535,491,610
550,414,509,519,495,610
551,399,512,531,497,602
553,410,513,521,497,610
545,418,505,521,493,613
554,411,512,527,493,611
549,417,510,536,486,612
555,412,513,521,496,610
547,416,504,525,493,611
547,394,506,531,496,605
541,407,500,534,494,611
555,413,513,523,494,610
552,411,510,533,484,606
548,417,504,524,493,611
552,416,511,533,486,612
553,414,508,519,494,610
555,412,512,521,496,611
543,408,500,535,496,611
554,406,514,533,483,612
553,400,512,521,497,610
542,406,501,535,496,608
548,418,509,533,485,612
539,416,500,532,494,614
539,404,508,535,498,606
554,413,510,520,496,610
553,409,515,521,496,609
552,413,509,521,495,612
550,415,509,533,486,613
551,415,511,538,488,611
551,416,511,533,484,609
552,414,511,530,489,612
554,399,513,530,489,605
550,414,510,534,483,611
542,416,499,532,496,615
556,407,512,521,495,612
553,411,511,531,486,604
542,414,498,532,492,614
547,414,504,523,492,612
553,414,509,520,495,613
550,415,509,521,494,612
549,419,507,535,484,612
554,398,512,530,486,606
549,415,509,533,482,612
545,415,504,521,494,613
539,417,498,531,493,613
550,414,510,521,496,610
543,416,499,527,493,613
549,416,506,530,487,614
543,412,497,533,495,611
552,411,516,525,492,613
552,414,513,520,497,610
537,419,499,532,492,612
555,401,513,533,480,607
554,412,513,525,493,602
553,411,512,520,497,610
548,413,511,532,485,607
551,401,513,531,490,604
549,417,507,522,496,611
546,403,506,532,498,606
539,410,494,529,491,613
545,405,506,532,497,608
548,400,506,534,495,606
553,408,512,537,484,612
554,403,513,532,483,608
549,399,511,529,498,602
549,415,507,522,493,613
553,413,515,521,498,608
542,417,498,530,493,613
554,409,512,535,483,611
541,414,497,532,495,614
542,418,499,529,492,614
545,404,510,533,497,608
552,414,511,535,489,613
545,414,507,535,484,613
551,416,510,533,488,613
542,412,499,536,494,613
545,414,506,524,492,613
541,412,497,530,492,612
552,415,510,533,486,609
554,412,512,521,496,607
541,409,501,536,494,613
553,412,514,522,495,613
542,412,499,535,495,611
