=~=~=~=~=~=~=~=~=~=~=~= PuTTY log 2023.11.02 23:23:55 =~=~=~=~=~=~=~=~=~=~=~=
511,414,417,456,467,653
515,427,411,446,466,649
519,417,414,454,467,649
509,417,411,457,464,652
515,430,414,456,461,641
517,427,418,448,457,651
505,425,403,456,462,651
506,434,404,452,466,649
516,427,416,453,454,651
504,430,404,456,464,653
513,431,416,455,452,646
513,426,419,445,457,649
507,430,416,445,460,648
494,432,406,452,463,647
502,433,414,458,454,639
501,434,415,456,453,641
500,418,419,452,463,638
498,428,419,450,449,645
488,417,415,455,460,645
493,432,416,459,448,640
493,423,419,453,461,636
478,426,406,452,458,637
487,428,420,448,450,644
478,433,416,458,449,638
476,431,416,456,456,633
482,428,417,454,447,641
467,424,409,460,461,640
478,424,423,454,462,635
469,433,410,453,463,642
473,419,416,457,462,648
472,417,422,456,463,639
473,431,419,460,451,641
475,421,421,451,462,634
475,427,424,449,458,643
475,418,423,455,465,639
463,417,405,460,458,641
474,431,420,446,463,642
475,428,423,445,464,641
473,419,422,456,465,640
472,427,420,457,465,644
470,415,422,448,461,643
463,433,408,452,464,643
464,432,409,452,467,641
467,422,413,459,463,644
464,422,412,461,463,645
462,427,407,462,465,644
472,425,421,458,469,635
470,415,417,457,464,648
475,426,421,451,454,647
475,414,421,458,466,645
473,429,419,458,460,637
465,426,408,460,463,648
473,428,419,458,463,638
480,428,421,448,463,648
475,426,421,461,463,639
478,428,422,458,456,648
478,428,421,459,455,647
478,423,422,459,468,642
480,425,421,455,456,651
479,413,419,461,466,651
473,418,415,463,468,654
481,426,422,462,457,654
478,411,419,460,470,655
482,425,423,459,475,645
484,420,420,455,461,653
482,430,419,465,463,648
476,413,408,466,466,655
484,420,422,460,473,647
486,425,424,452,466,656
485,426,421,462,459,655
482,425,420,461,468,646
486,432,417,463,462,651
480,420,411,462,469,658
489,427,421,462,457,657
477,430,411,458,472,655
486,414,419,461,469,657
491,422,424,444,464,656
475,429,411,458,471,654
479,427,409,457,470,655
496,415,424,458,460,646
492,409,421,459,470,652
489,420,418,449,470,654
483,426,410,456,472,653
492,421,423,452,461,655
491,417,423,460,473,649
487,410,415,461,468,658
491,419,417,459,459,657
493,420,423,450,465,655
495,425,421,448,467,655
495,421,424,451,464,655
491,421,421,460,472,646
485,426,418,463,458,650
490,426,418,462,464,647
492,422,420,461,467,644
487,410,420,461,469,654
492,421,423,454,461,656
482,419,406,458,467,655
482,417,409,465,465,656
489,419,423,461,471,645
490,426,418,465,459,647
493,422,421,452,466,654
481,419,409,464,466,657
492,424,420,462,468,644
495,420,424,456,462,656
481,418,409,463,467,656
497,422,423,454,463,657
492,428,416,461,461,644
492,425,420,463,465,645
492,423,422,461,459,654
494,422,425,453,459,655
495,409,423,459,469,654
495,422,423,457,457,655
482,423,409,461,470,657
490,426,415,453,471,653
495,414,425,459,472,650
493,426,424,462,459,652
492,427,419,465,460,649
496,421,425,451,466,655
492,426,420,460,457,653
483,424,407,461,469,655
492,427,416,444,471,650
493,411,423,459,471,653
489,427,423,467,458,652
482,430,410,460,470,655
484,427,412,459,470,653
484,427,410,456,469,652
489,409,421,461,469,652
487,427,419,465,460,649
496,421,422,462,472,644
495,411,422,460,469,652
487,428,412,453,472,650
491,427,419,465,459,650
488,413,416,463,467,656
493,427,418,451,471,652
494,421,424,458,460,655
496,422,422,460,471,644
494,422,420,458,460,646
494,422,424,456,460,654
482,421,409,462,468,656
489,411,418,463,468,652
495,411,421,459,471,650
496,421,424,452,463,654
492,411,417,461,467,653
493,427,420,451,472,651
497,409,423,460,469,652
493,428,420,464,457,647
491,408,414,455,464,656
492,424,421,463,457,651
484,421,407,463,469,652
496,419,423,460,470,645
492,426,419,465,468,648
490,424,422,464,455,651
485,422,408,463,467,652
488,414,414,463,469,653
495,428,419,464,461,646
492,426,419,464,457,646
482,423,406,462,467,651
481,424,409,462,466,652
488,427,414,454,469,649
486,428,411,455,471,650
494,427,417,463,466,642
494,422,421,462,471,643
486,422,408,464,467,651
495,411,423,463,468,651
485,424,406,464,467,651
494,423,420,462,468,641
493,424,421,462,469,642
497,418,421,460,469,643
489,427,420,466,456,647
495,418,415,464,461,639
492,411,420,462,469,651
496,427,422,459,458,651
494,413,419,462,468,654
495,428,419,461,465,641
484,427,407,464,465,652
495,421,420,459,469,641
492,412,419,463,466,653
494,433,416,461,458,642
489,428,418,451,469,650
498,414,422,459,470,646
499,412,424,458,470,649
496,427,421,459,457,651
476,429,406,460,466,650
498,417,421,460,472,646
491,429,416,464,464,643
493,430,416,464,461,645
498,425,421,457,459,653
496,426,423,451,465,652
486,422,410,463,464,653
488,426,418,462,467,654
493,429,417,465,464,643
498,424,422,460,470,648
497,425,422,462,458,649
492,413,422,460,470,646
495,428,418,463,465,639
494,428,421,466,455,649
499,416,423,459,470,641
498,422,420,461,470,645
491,415,415,463,467,654
497,427,422,456,466,652
494,427,419,456,456,648
494,428,419,462,469,642
489,430,411,456,470,649
490,420,409,463,466,653
498,414,421,461,468,651
495,415,421,461,468,651
499,414,423,462,469,648
491,418,415,465,466,654
497,430,420,465,457,647
501,423,424,463,470,644
502,417,423,460,470,648
499,423,424,460,471,643
490,429,421,452,469,650
498,427,423,460,457,653
495,432,416,453,468,651
491,424,414,447,468,651
496,432,418,464,463,643
497,431,415,453,470,650
501,414,425,462,470,651
496,432,420,465,462,646
495,429,419,463,463,644
500,415,423,460,470,652
499,428,422,464,456,650
491,420,409,461,466,652
494,419,416,467,466,656
492,430,413,458,470,650
493,416,417,466,465,654
490,426,410,465,469,653
498,431,419,454,465,645
494,430,414,454,470,650
494,419,419,465,465,655
490,427,422,466,463,646
500,428,424,461,458,654
497,432,422,466,462,646
497,416,419,464,468,654
498,416,427,464,468,650
499,428,425,462,468,646
504,418,423,467,466,654
501,427,426,461,459,653
503,416,428,462,469,649
496,430,419,455,469,651
495,431,419,455,470,651
499,430,423,465,467,643
503,425,425,463,470,644
503,426,428,455,464,655
500,430,425,467,457,651
500,415,422,466,467,655
501,430,425,463,456,652
502,417,428,462,470,649
498,417,422,466,469,657
494,420,417,459,463,655
504,425,427,463,472,643
497,432,422,468,460,647
499,431,424,464,467,642
499,430,422,467,463,644
504,425,428,461,471,647
499,432,424,466,459,648
491,430,413,464,469,654
489,433,412,462,467,653
498,423,425,463,472,646
501,420,425,459,458,652
491,431,413,465,467,653
500,427,427,465,457,652
505,416,428,461,473,648
503,417,429,462,472,647
501,420,427,462,472,643
497,433,423,467,465,645
501,426,428,463,466,644
503,427,429,453,465,655
498,415,424,466,467,656
504,418,426,458,471,650
504,428,425,465,465,643
489,428,414,467,468,654
502,428,429,455,465,655
500,431,422,456,470,651
504,421,428,461,471,646
499,430,425,465,464,645
498,435,425,466,461,643
500,429,422,454,469,652
502,424,425,460,468,642
502,429,427,463,457,653
491,427,415,464,467,653
493,433,414,464,470,652
505,417,430,463,467,648
498,417,427,465,465,654
504,431,432,446,465,653
501,433,427,466,459,650
503,415,431,462,469,651
491,434,416,464,468,652
505,417,430,463,469,650
500,434,426,466,468,646
497,427,417,456,465,648
501,430,429,464,465,645
500,430,426,463,469,642
503,417,430,463,467,650
499,433,426,466,458,646
505,425,429,462,469,643
498,418,423,468,465,655
494,431,418,464,468,652
505,429,431,454,465,652
502,418,430,463,468,653
494,432,423,455,471,650
500,434,426,468,459,647
490,428,417,462,467,652
502,429,429,464,457,654
490,428,417,467,465,653
497,432,426,453,470,653
499,428,429,461,457,653
503,418,425,463,468,652
495,422,421,466,466,655
500,432,427,466,463,642
496,418,425,465,467,651
499,430,431,453,467,651
500,431,429,462,457,651
499,419,427,464,465,655
503,428,432,460,458,654
497,419,424,467,466,652
505,422,432,463,474,646
491,427,418,467,466,638
494,425,419,466,467,652
506,431,434,456,462,651
503,419,431,462,470,646
500,435,427,460,462,652
505,417,431,462,469,650
504,430,431,455,464,651
492,425,419,467,464,652
501,433,429,464,466,642
498,418,428,467,466,650
500,417,428,464,464,652
503,430,433,458,460,653
495,435,422,459,471,647
494,438,417,464,467,652
504,418,426,457,469,645
502,435,428,467,459,646
491,431,416,466,466,650
506,413,428,465,466,645
498,432,426,453,468,649
499,419,425,465,465,653
502,419,423,460,467,648
504,422,427,464,468,641
498,431,425,455,469,646
499,420,423,466,464,653
502,426,430,463,455,646
501,434,427,466,464,642
499,418,424,467,466,653
505,429,433,456,462,652
497,432,421,457,471,647
487,430,418,468,467,651
496,434,427,464,457,647
504,417,430,463,468,649
495,422,418,466,465,652
493,433,420,457,470,647
490,428,416,465,468,649
505,421,431,463,471,648
493,426,418,467,463,651
494,435,432,465,461,648
498,415,423,463,463,650
504,433,432,453,462,649
505,430,430,461,456,652
497,421,426,466,465,652
502,418,431,462,469,649
489,432,418,464,466,651
503,430,432,458,460,652
505,431,432,457,461,652
507,432,432,453,465,651
505,423,433,465,469,645
506,431,436,457,462,652
500,435,427,466,467,650
491,436,417,463,468,649
506,422,430,454,471,643
501,436,428,466,462,644
503,430,431,464,469,641
495,436,419,459,470,647
502,430,429,463,469,638
502,434,429,462,451,649
505,419,431,462,470,650
503,433,429,467,457,647
494,437,419,460,470,646
495,436,423,455,471,645
501,431,429,462,455,650
495,437,419,459,469,648
504,420,431,464,470,646
494,431,418,462,467,647
502,435,429,466,458,644
495,428,420,466,465,651
503,430,432,464,470,640
506,430,433,456,462,650
490,436,417,462,468,648
505,433,432,456,461,650
500,436,428,468,457,643
500,436,428,466,465,640
503,417,430,465,466,649
495,437,423,458,469,647
503,428,427,461,453,645
492,432,418,466,466,648
502,432,429,463,469,637
492,437,417,458,467,647
505,420,432,463,468,647
503,419,430,463,466,648
505,424,432,461,469,641
493,430,417,469,464,649
504,428,434,462,470,638
502,439,427,466,453,640
496,424,421,466,464,650
503,428,431,462,455,646
501,436,427,463,456,649
505,432,435,461,459,648
506,421,432,462,468,646
506,432,428,453,466,647
501,438,431,467,466,638
505,430,432,463,465,638
500,436,430,465,463,637
502,434,429,447,466,646
502,435,430,464,456,643
493,427,420,466,466,650
503,434,428,452,467,645
501,437,430,468,460,637
503,435,431,465,469,637
505,432,433,465,469,638
503,425,433,462,469,642
505,424,435,454,455,649
490,438,422,462,469,646
504,433,430,467,456,644
491,432,419,466,466,648
503,433,433,460,456,647
501,432,430,463,467,636
498,418,423,467,462,645
498,420,425,461,462,648
497,437,423,457,470,644
497,437,429,467,460,638
497,425,422,467,466,649
501,437,430,468,458,641
493,436,419,455,468,642
501,437,429,468,460,639
499,436,423,456,471,644
499,433,432,466,456,643
494,432,419,469,459,640
505,421,435,462,470,641
500,435,430,466,456,641
503,437,429,463,470,637
504,423,433,463,470,644
506,422,433,455,467,645
503,435,432,464,456,643
506,433,433,458,457,647
502,434,432,464,467,636
506,433,435,457,461,646
503,433,428,459,465,634
506,422,433,464,468,645
499,422,427,468,461,644
506,424,434,464,471,638
502,438,432,468,458,641
496,437,430,465,460,639
502,436,431,467,467,636
498,422,431,465,467,645
495,438,423,462,470,644
501,437,430,464,458,639
507,432,434,467,458,647
493,428,421,468,463,647
504,436,427,459,469,645
507,427,434,465,472,637
498,436,433,467,467,634
507,420,435,462,470,644
496,437,425,457,469,645
506,422,432,460,469,642
507,429,435,464,471,639
504,433,433,466,459,643
502,434,435,455,463,648
497,439,422,460,470,643
506,427,432,457,454,643
506,433,433,453,465,646
501,440,425,454,474,643
494,438,424,460,471,644
503,438,431,468,461,635
503,438,431,467,462,636
497,437,424,457,471,645
507,429,436,462,472,637
496,428,422,467,466,647
495,440,423,457,469,645
504,438,432,465,466,634
500,423,422,468,465,646
507,436,433,463,457,644
497,436,428,454,471,645
502,437,429,470,459,639
503,435,432,453,469,645
502,437,431,466,460,639
497,438,424,459,470,644
505,437,431,466,468,634
506,429,431,457,470,634
503,436,432,456,465,645
503,440,432,466,460,640
502,437,429,468,463,636
509,424,436,463,470,643
498,438,432,467,467,636
498,437,429,467,458,638
507,421,435,463,468,641
503,432,431,460,461,635
505,434,430,454,466,644
501,439,427,455,471,643
507,434,434,463,457,646
503,438,430,468,460,639
501,441,431,467,464,635
506,431,433,462,457,646
507,424,434,465,470,644
507,434,433,453,467,644
508,425,437,460,466,640
502,437,427,454,470,642
503,440,430,467,464,636
502,436,433,453,468,644
508,430,435,463,470,638
506,440,428,456,469,642
510,423,434,461,469,642
494,438,421,454,463,643
497,425,426,468,463,648
507,432,435,464,468,634
508,433,436,453,459,646
506,429,428,464,452,645
494,436,420,467,462,646
502,437,429,453,466,644
507,421,427,447,463,644
509,426,437,462,467,640
505,424,431,465,468,646
507,434,435,457,464,645
504,437,431,467,468,636
504,438,431,464,463,636
506,423,436,462,468,643
508,425,433,463,470,643
509,433,433,464,456,645
506,436,432,464,456,641
508,435,435,456,461,645
507,434,433,461,454,643
499,427,428,466,464,647
510,425,434,463,468,641
504,425,437,463,469,645
506,422,434,466,467,645
503,436,432,465,457,638
508,436,434,461,458,646
496,430,422,466,463,647
505,440,426,460,462,631
495,434,420,466,463,645
499,440,423,461,464,644
499,422,427,465,460,646
496,437,420,465,457,644
508,434,437,455,451,646
498,437,431,465,453,635
498,429,421,466,454,645
496,428,421,466,453,646
507,437,436,454,444,646
507,423,430,464,455,650
507,429,435,462,456,638
504,435,436,461,445,645
504,436,436,456,447,645
507,435,435,453,449,646
507,424,434,463,454,644
493,434,420,464,454,643
501,423,431,468,450,648
504,439,429,467,443,637
496,443,420,462,457,639
503,437,430,467,452,635
503,441,430,467,447,638
503,440,431,465,454,634
502,428,425,468,454,645
506,437,431,463,444,642
496,428,427,467,452,644
506,437,431,452,447,642
508,437,433,451,444,643
499,441,423,457,447,633
497,435,422,465,440,645
499,430,422,467,439,647
496,431,419,467,436,644
506,439,432,455,437,642
503,441,429,467,429,631
503,440,428,455,438,641
505,437,431,456,437,643
503,440,431,468,430,636
495,429,421,469,436,645
493,440,422,463,438,642
505,435,436,461,428,645
504,434,434,466,426,645
499,440,433,466,428,640
488,435,421,468,436,644
500,436,434,465,425,643
501,432,437,463,438,636
500,437,435,455,435,644
498,438,432,466,435,642
497,436,432,467,440,633
497,423,435,466,440,644
498,442,431,470,432,639
502,427,435,465,443,637
493,440,427,457,444,641
499,438,433,457,444,641
503,429,437,464,447,637
502,440,431,470,435,638
500,426,433,465,443,643
498,428,426,468,441,645
501,437,432,467,439,634
502,441,431,461,433,633
498,440,430,457,438,642
498,441,430,455,437,639
503,435,431,461,428,628
500,439,427,457,436,627
509,436,436,455,430,623
503,425,432,467,435,618
499,423,433,466,437,616
491,441,423,461,436,615
489,437,421,461,437,616
496,430,425,470,434,618
499,440,425,460,437,615
491,437,435,455,434,619
503,428,428,467,435,622
504,438,436,455,432,619
507,435,436,459,427,623
506,438,433,468,424,622
504,436,433,464,436,621
505,438,434,464,425,620
502,440,429,454,436,625
507,436,436,454,430,626
496,433,423,468,434,628
501,426,429,468,433,629
506,438,432,454,437,627
497,434,421,466,435,628
497,434,422,467,436,628
500,430,426,468,434,629
498,442,424,458,439,625
499,441,426,455,439,626
506,423,431,465,437,630
496,433,422,466,435,630
507,425,435,464,439,623
505,441,432,466,430,624
499,442,424,458,439,627
493,437,421,465,435,630
511,426,436,462,438,626
505,437,434,465,435,622
499,442,431,468,428,626
508,427,435,464,441,632
510,439,434,452,437,631
506,434,435,464,438,623
509,438,434,453,437,633
505,441,432,467,435,624
506,437,433,462,425,631
509,439,437,459,429,633
494,431,422,467,437,633
498,442,424,461,442,628
508,438,435,455,436,627
508,425,432,464,440,623
499,427,423,465,432,615
500,431,425,465,440,622
498,442,421,461,442,618
508,436,435,463,444,611
510,434,434,463,441,612
505,444,431,468,434,615
509,438,433,467,429,618
512,436,435,464,444,614
510,438,435,459,432,624
507,427,429,466,441,624
498,437,421,464,441,622
497,437,420,464,439,623
503,428,428,468,439,625
508,427,428,467,437,625
507,439,432,468,432,614
506,440,430,465,439,614
505,427,432,466,436,626
506,440,431,469,431,621
498,442,419,461,443,624
505,441,432,469,440,617
507,441,433,459,442,624
498,436,420,467,439,625
502,440,431,454,443,626
508,435,435,463,444,617
507,444,430,466,437,615
512,432,436,447,436,624
506,426,429,467,440,625
512,428,436,462,443,616
510,437,431,455,440,622
511,435,435,465,445,615
498,436,419,467,441,624
510,438,434,461,432,623
510,435,435,459,436,622
501,431,428,467,440,626
506,427,432,467,442,628
501,441,424,461,443,622
500,431,421,468,440,626
508,440,436,455,440,625
510,436,434,465,444,615
503,431,425,470,439,624
507,433,437,468,444,618
493,436,419,466,441,625
499,439,431,467,441,625
508,437,435,456,440,625
509,428,436,459,444,620
497,443,421,467,439,625
506,436,428,457,437,621
501,444,425,457,443,622
500,444,423,460,441,625
509,442,431,467,429,619
508,431,438,462,441,618
504,428,428,468,434,627
501,437,421,463,438,624
511,437,431,463,430,623
513,441,435,456,439,623
505,443,433,467,432,619
509,432,427,467,439,625
508,443,432,467,431,617
509,426,431,465,441,623
505,443,429,455,444,620
511,438,435,453,437,622
502,444,419,457,446,615
500,444,421,460,443,619
497,445,423,461,444,618
512,434,438,463,444,614
508,442,429,455,443,620
510,440,434,453,441,622
498,438,420,463,441,622
506,425,435,468,442,623
501,443,421,463,442,622
510,443,432,466,442,614
501,443,422,460,444,623
508,443,430,456,444,621
510,438,435,465,446,614
511,428,437,462,444,619
507,442,433,470,433,621
502,432,429,466,441,627
509,443,430,454,444,622
512,438,436,458,434,626
498,446,421,465,444,624
511,442,431,454,444,622
499,444,427,456,445,623
514,440,436,455,441,625
514,439,437,455,438,627
510,441,434,464,439,616
500,442,421,466,440,623
513,430,435,463,444,619
508,443,432,467,434,617
504,435,424,468,440,625
499,444,428,459,444,624
505,432,429,468,440,625
512,435,437,463,444,617
507,430,428,462,444,614
509,442,425,455,443,625
500,445,422,463,442,620
507,442,436,462,430,626
512,444,432,465,434,619
506,432,427,467,438,625
508,444,435,469,431,620
513,438,437,456,438,626
512,439,436,463,432,624
499,444,424,459,441,624
511,436,437,465,443,615
512,442,433,466,428,625
507,430,431,466,437,625
498,445,421,461,441,623
512,431,436,463,442,621
512,439,437,455,435,625
514,441,434,452,437,625
505,428,430,466,439,626
512,436,436,462,442,616
508,428,434,466,438,625
508,443,432,467,436,616
511,427,436,466,440,625
506,428,430,468,438,627
502,446,424,461,442,624
498,436,423,468,439,625
495,441,434,464,445,616
508,444,431,467,433,620
510,447,434,464,431,625
508,427,433,465,440,628
512,440,437,461,431,627
501,436,423,468,443,627
511,435,438,465,446,615
499,444,422,463,443,625
503,444,425,458,445,622
512,443,432,461,433,621
513,436,437,462,447,617
508,439,440,457,436,626
504,430,434,465,443,626
500,441,423,463,443,626
512,441,438,460,435,627
510,439,437,465,448,616
512,441,436,463,446,617
511,442,437,454,434,624
507,445,433,467,435,619
510,440,433,462,430,622
513,428,438,462,445,623
510,444,435,467,440,615
512,442,438,454,443,625
510,438,432,465,437,614
512,437,438,461,447,620
512,442,438,460,434,626
510,441,437,461,447,616
513,431,439,460,445,619
501,438,425,466,442,628
511,439,438,462,447,618
510,430,435,461,444,626
511,442,437,457,435,627
501,436,424,465,441,630
512,444,436,464,435,627
505,447,431,452,446,626
508,447,434,465,440,621
501,444,423,464,443,626
506,440,438,462,445,618
511,444,437,451,442,626
511,430,437,461,444,626
512,442,438,462,433,628
510,447,433,463,439,625
509,444,423,465,434,629
515,442,440,452,437,630
505,447,429,453,446,626
515,444,438,451,444,627
506,448,434,466,449,621
507,435,429,464,446,631
502,440,425,466,444,629
513,431,440,460,448,627
515,444,437,456,435,630
513,431,435,461,447,628
507,448,431,454,450,625
510,444,436,452,445,629
513,444,440,454,438,629
514,445,437,456,438,630
498,442,424,454,443,623
507,432,434,465,448,629
513,434,435,457,449,615
514,446,440,450,445,627
500,446,423,463,447,628
514,451,430,457,445,617
501,446,427,464,445,626
500,448,424,462,448,627
512,447,436,452,449,627
514,444,438,461,447,617
512,445,442,460,453,620
503,452,426,460,449,626
510,453,435,464,442,622
508,437,431,467,449,630
508,452,430,455,451,626
505,440,433,464,450,632
506,437,440,460,453,623
514,444,440,460,452,620
509,452,435,465,440,622
510,446,435,466,442,616
512,450,426,455,438,630
512,448,439,455,441,629
509,450,435,464,450,619
514,436,441,459,451,626
512,449,439,463,448,618
512,449,435,452,451,626
513,437,440,458,453,620
503,448,425,464,448,630
502,448,425,463,447,629
513,448,439,452,448,629
504,443,426,464,447,630
505,452,428,452,452,625
515,436,441,458,451,628
504,454,430,456,452,627
506,442,428,464,446,624
511,439,436,460,449,631
511,451,433,464,439,624
509,454,437,452,452,625
517,446,441,460,452,630
510,437,440,463,449,628
514,448,439,456,438,630
512,452,437,462,436,627
511,455,436,461,444,619
511,437,437,460,449,631
512,436,436,461,450,632
516,441,442,459,452,625
512,433,436,461,450,629
514,443,441,452,446,631
508,435,433,459,442,632
511,451,429,450,451,627
511,438,436,462,449,630
510,453,436,462,441,625
517,451,442,451,445,631
512,453,437,462,440,625
510,437,427,460,443,631
510,453,434,450,446,631
516,451,440,449,453,629
505,454,429,455,452,628
510,453,437,462,448,621
511,453,436,463,438,625
513,438,442,461,451,627
513,451,438,450,449,629
510,440,436,462,450,634
512,438,439,461,451,628
497,449,426,462,448,632
512,454,437,460,451,623
509,433,432,464,446,630
502,448,425,461,448,632
504,442,423,463,445,629
512,454,436,463,439,627
502,447,426,463,450,634
514,449,438,459,451,622
515,446,439,445,445,631
512,454,438,463,440,627
510,454,437,464,444,624
501,452,427,462,449,633
510,438,436,462,451,633
516,439,436,461,449,619
505,455,426,460,453,629
504,449,428,462,451,633
508,439,436,461,453,633
513,454,435,450,455,630
514,436,437,463,451,635
512,438,436,463,452,632
503,446,426,463,451,632
510,456,436,464,446,625
511,452,439,463,449,622
509,452,437,449,455,631
511,450,441,452,446,633
505,450,425,463,450,632
515,438,440,460,454,630
505,455,428,455,457,630
511,441,443,460,454,625
503,454,428,459,454,630
512,453,436,451,453,630
512,455,435,463,446,622
512,456,436,465,444,625
508,453,435,454,454,627
506,443,428,466,451,633
510,454,435,465,443,626
507,445,427,465,450,630
514,452,440,452,452,631
503,449,426,462,452,632
510,455,438,465,442,626
511,451,438,461,451,621
510,454,436,452,456,629
510,455,438,463,448,622
512,453,436,465,448,621
503,452,427,462,454,632
515,439,442,460,455,627
513,446,441,460,458,623
512,433,438,457,449,630
516,450,441,454,445,631
510,453,435,451,455,630
506,454,429,457,456,630
504,449,427,465,453,635
512,445,440,460,458,623
503,450,443,461,460,631
516,449,442,456,450,633
505,458,427,454,457,629
504,455,428,459,455,631
516,452,440,461,444,632
503,451,426,461,454,631
517,448,442,458,458,624
516,440,444,458,456,628
516,445,442,451,449,632
513,451,435,457,457,621
517,438,428,466,454,633
509,441,433,464,452,634
511,441,439,461,457,632
515,449,441,453,449,633
507,455,428,457,455,631
514,440,442,461,456,630
512,453,436,452,456,630
515,453,444,451,453,632
507,454,429,457,457,630
513,459,438,464,451,624
511,455,437,465,449,625
508,444,433,465,453,633
506,442,432,464,451,633
511,457,434,452,459,629
515,455,435,451,456,631
512,454,437,463,453,623
513,457,436,466,448,625
508,444,431,464,452,633
512,450,437,462,452,622
511,454,437,464,445,627
517,454,442,451,449,634
503,446,435,466,445,631
516,448,443,459,456,624
511,455,437,465,445,626
503,453,426,460,454,630
511,457,438,463,446,628
506,454,435,452,456,630
502,448,427,465,453,634
509,440,437,463,456,630
513,450,440,453,451,631
513,454,439,458,443,630
510,455,435,451,458,629
515,437,436,458,453,629
502,457,426,462,457,630
510,440,436,463,455,633
505,451,427,464,454,632
497,450,426,462,454,629
513,456,437,465,450,621
515,441,441,461,457,629
513,453,438,460,446,630
512,446,440,462,453,623
508,455,431,452,461,628
506,455,426,460,456,630
511,453,439,464,455,623
515,440,442,463,457,626
512,451,439,464,454,623
515,449,441,454,451,632
516,442,444,462,459,625
517,451,443,457,449,631
516,449,441,462,459,623
504,450,427,466,446,622
514,452,438,451,454,631
516,436,443,455,454,629
516,452,443,452,453,632
504,452,425,459,453,634
505,451,426,462,455,632
516,451,436,457,446,627
513,456,438,453,460,630
512,456,439,466,448,629
516,447,440,461,459,623
512,452,438,463,457,624
514,452,440,459,448,631
517,440,441,461,458,628
513,454,439,464,453,622
514,447,441,458,446,634
502,453,424,463,456,631
516,450,442,453,447,630
513,440,438,463,455,633
513,455,435,467,447,629
517,450,428,467,454,636
512,453,436,454,459,632
516,448,442,461,460,624
511,454,440,463,458,624
517,452,443,455,449,633
517,451,438,447,455,630
515,452,437,463,455,622
507,455,434,454,457,632
505,458,428,459,452,632
514,457,435,464,442,626
517,451,442,456,447,629
505,456,426,464,452,627
513,440,436,467,449,629
516,440,440,461,455,625
518,441,444,460,453,623
513,458,437,464,446,622
514,458,438,466,444,623
516,456,436,451,456,629
506,458,430,458,452,627
512,457,436,465,444,626
514,459,436,467,445,623
509,455,437,463,445,619
515,442,440,462,453,630
511,440,439,462,452,628
516,439,443,453,451,631
511,451,440,462,455,619
513,457,438,465,446,625
520,452,442,454,449,630
509,441,433,465,450,631
514,458,437,466,446,623
516,454,435,459,453,616
516,452,438,463,452,618
512,455,433,453,455,626
515,456,439,465,441,628
520,452,443,453,450,629
508,452,424,458,452,625
519,446,442,461,456,621
516,455,439,465,455,617
520,452,441,457,449,629
516,453,439,465,454,620
519,455,441,458,443,628
516,442,435,460,453,625
513,449,440,462,456,620
509,448,429,464,448,629
517,454,436,461,453,611
513,458,438,468,443,619
505,456,426,460,450,624
515,456,437,465,444,620
509,457,428,459,453,625
517,455,438,465,450,617
520,451,442,459,439,627
517,456,438,467,440,621
512,455,435,453,451,624
509,457,429,458,450,623
520,452,442,451,443,625
517,455,440,463,437,623
519,451,441,462,452,615
519,441,442,461,451,623
508,454,426,463,447,624
519,443,442,462,450,613
517,453,438,451,445,624
512,445,434,464,442,622
518,456,437,467,439,620
511,457,429,460,450,623
504,452,428,465,449,624
512,454,439,462,440,623
514,457,437,466,442,619
518,451,441,459,440,624
519,453,441,463,457,617
521,448,445,460,452,621
518,443,443,461,454,623
518,452,442,454,455,617
518,448,441,458,448,618
520,440,444,462,452,624
518,439,442,463,456,627
508,451,433,462,453,628
514,443,435,464,452,631
517,450,444,462,455,622
507,453,427,465,452,629
506,452,429,468,453,629
516,455,442,454,449,629
520,452,444,453,447,629
516,440,442,461,453,630
517,451,440,465,457,620
517,454,440,465,453,620
521,452,443,452,450,630
512,445,430,466,452,630
520,446,446,451,445,631
518,453,442,463,445,631
512,446,434,466,454,633
517,451,444,458,445,632
515,441,439,464,455,631
518,454,441,453,453,631
509,457,433,457,456,630
517,440,441,463,456,630
511,456,434,453,457,629
519,454,439,455,446,632
518,453,443,452,453,622
518,454,444,461,444,631
519,450,443,464,464,623
510,451,432,455,455,628
516,451,438,449,455,631
507,448,425,467,450,631
519,453,440,454,455,632
507,451,428,465,457,626
518,456,439,458,449,632
506,453,428,459,454,635
516,455,440,464,457,624
513,440,439,464,457,636
511,441,437,467,453,638
509,448,433,467,452,640
510,445,435,466,456,637
515,451,444,458,448,636
511,445,436,465,454,639
518,451,446,457,454,636
517,444,441,466,456,633
511,443,431,466,456,637
519,453,446,454,452,636
518,446,446,462,460,630
519,449,444,458,443,636
518,453,442,464,446,636
517,441,441,465,458,636
509,457,429,462,457,627
515,457,438,454,459,635
513,442,443,459,447,637
510,457,435,454,460,633
515,439,439,464,458,635
514,456,441,465,448,633
516,452,441,464,462,626
515,457,440,468,449,631
518,452,444,457,454,637
518,453,440,454,457,635
513,441,440,464,460,637
512,456,438,466,454,629
517,455,439,454,459,634
507,443,435,468,457,640
519,455,446,453,460,636
519,452,442,460,450,636
513,456,439,466,457,626
517,441,443,464,460,636
518,455,439,468,449,633
516,453,441,464,456,627
509,448,430,466,456,638
521,453,438,455,457,635
514,451,445,456,454,638
519,449,441,465,463,626
508,457,430,459,460,635
516,455,441,463,460,627
508,458,430,461,459,635
516,456,439,468,455,628
520,444,445,464,460,629
510,446,430,469,455,637
522,454,443,454,455,633
517,457,440,467,446,630
515,458,438,469,449,629
521,454,435,464,448,633
519,455,444,463,448,632
520,450,444,462,461,624
508,459,425,461,458,628
517,458,441,466,455,621
509,457,431,463,456,630
518,456,440,467,451,620
517,456,443,461,448,631
513,446,438,466,455,632
515,457,440,468,447,628
521,443,444,464,458,623
513,458,436,454,460,629
512,457,434,455,459,628
518,458,440,470,448,628
518,459,441,465,450,619
509,451,426,465,455,632
520,456,441,462,446,629
515,442,436,466,455,633
510,454,430,467,455,631
514,443,435,461,456,629
517,457,440,453,456,628
509,457,430,463,456,628
509,455,423,465,449,626
512,457,433,460,458,626
513,444,436,468,453,631
514,452,443,465,454,620
513,457,432,459,457,625
512,462,431,463,459,626
523,456,443,464,444,628
522,453,444,459,444,630
510,444,427,468,444,626
517,456,440,468,447,619
521,453,443,457,447,628
519,458,442,466,451,617
520,446,439,465,449,613
523,440,444,463,455,622
516,458,440,467,444,620
516,460,435,456,456,623
522,438,442,464,451,615
521,453,444,465,451,615
516,458,435,456,459,620
523,448,445,462,457,617
521,453,444,464,445,626
524,455,442,454,454,624
522,455,441,465,443,624
518,453,443,470,459,616
515,458,438,457,458,623
524,451,447,455,449,626
526,455,444,454,455,624
511,457,437,455,457,622
522,443,446,462,455,620
521,442,444,465,456,623
522,454,447,456,453,623
523,454,447,453,451,624
511,455,430,460,454,622
519,457,441,467,441,617
514,457,437,457,456,620
522,452,446,457,447,622
517,455,445,462,442,621
518,453,442,466,452,610
521,441,447,463,456,618
520,452,445,464,440,622
520,452,445,461,442,623
521,452,445,460,445,623
517,458,441,469,447,615
517,452,442,464,444,615
515,454,446,456,451,623
517,456,442,466,446,617
518,452,446,464,456,613
525,441,446,462,458,618
516,459,442,469,449,620
509,451,431,465,455,625
504,457,430,464,456,625
507,451,430,465,457,627
522,451,446,462,449,630
518,453,444,463,457,622
517,458,441,469,449,626
512,458,442,469,455,622
520,456,443,467,449,627
522,452,447,458,451,634
510,457,434,460,463,631
508,449,430,467,459,635
511,457,435,464,462,633
517,455,443,466,451,632
509,451,433,467,461,635
509,455,432,464,461,635
515,455,438,456,465,632
521,454,444,456,462,634
518,456,445,465,450,634
515,442,446,465,464,632
518,451,444,467,460,625
520,441,445,464,464,631
515,454,442,454,462,632
520,454,447,461,453,635
516,452,443,466,461,625
517,456,442,467,457,627
517,456,440,471,450,632
515,441,440,466,462,634
510,457,436,462,465,633
516,441,448,463,464,631
520,452,448,454,460,634
517,450,441,465,450,630
508,459,432,462,465,632
506,457,439,458,464,631
522,451,447,456,457,636
515,456,441,469,460,626
515,456,442,469,454,630
509,448,434,468,460,638
516,459,439,469,455,630
516,454,446,464,452,627
519,452,441,456,467,633
516,451,436,458,465,633
512,440,443,466,464,635
513,455,441,456,465,635
516,453,444,456,464,636
517,455,449,455,463,636
518,441,443,467,464,635
516,448,446,459,463,627
519,442,447,464,465,628
517,439,443,466,462,640
516,455,444,470,456,631
516,453,444,469,462,626
515,456,442,468,460,628
514,455,444,457,465,635
509,454,441,455,464,633
516,440,445,467,464,635
521,441,448,464,467,632
518,451,445,466,465,624
518,444,446,464,467,630
518,448,446,451,460,635
508,456,433,466,464,636
519,455,442,456,465,633
521,452,448,455,459,636
507,447,430,457,461,637
507,456,431,465,463,632
517,455,446,468,465,627
516,455,441,462,462,625
508,450,428,462,464,635
506,452,433,467,463,638
515,458,443,469,460,628
513,454,444,467,463,625
520,452,443,452,461,634
516,458,442,467,461,629
507,457,434,462,466,635
505,458,431,468,466,635
515,454,445,467,455,637
507,457,435,464,467,635
507,446,432,470,465,640
519,451,447,457,462,637
516,449,448,458,464,637
512,438,441,470,464,639
510,441,441,463,462,640
511,450,444,458,464,638
514,454,439,463,465,627
505,453,432,463,468,637
511,456,442,470,458,634
512,450,446,468,456,636
507,443,434,470,465,641
514,444,445,465,469,632
516,448,444,453,462,641
507,439,438,470,465,641
513,432,446,465,468,634
511,432,444,467,467,640
501,438,434,473,463,642
512,434,447,465,468,640
514,445,448,457,463,644
515,448,447,458,469,643
500,445,448,465,472,637
508,448,444,474,467,635
508,433,443,469,468,645
503,436,440,470,466,648
506,449,441,470,461,636
507,452,444,471,460,640
511,443,448,468,470,638
507,449,445,471,457,645
508,448,444,471,461,641
498,448,436,464,469,645
509,448,445,473,458,644
499,440,434,471,467,647
512,435,451,470,470,640
510,441,451,465,460,649
510,439,449,469,469,637
509,431,450,468,472,643
510,446,446,474,459,642
498,443,435,472,467,648
503,446,444,458,471,644
510,437,451,459,467,648
509,419,448,468,471,648
509,437,448,458,467,648
510,437,445,458,468,647
508,440,448,467,457,648
498,442,432,465,471,645
508,439,447,473,457,643
504,439,443,460,472,646
509,439,448,459,469,648
505,444,447,472,465,637
508,441,446,472,461,642
501,427,444,472,469,650
499,432,438,471,468,650
507,442,447,472,459,645
498,440,436,471,471,649
507,435,445,454,469,647
506,441,446,464,472,647
506,442,442,462,474,649
508,443,446,473,466,643
512,438,452,463,467,651
510,437,452,467,462,653
510,433,452,470,475,641
511,430,451,470,474,647
507,440,445,462,474,652
505,446,448,474,464,647
512,442,453,461,471,655
498,436,439,474,471,654
506,429,446,472,472,655
509,428,452,474,473,652
505,430,448,473,473,656
509,444,448,469,461,652
501,444,440,465,476,656
503,443,443,456,472,651
512,430,451,468,473,651
512,438,453,462,467,654
513,436,451,469,474,646
505,432,444,471,471,656
509,431,445,472,472,656
508,446,447,475,465,649
500,438,438,473,468,655
512,440,454,463,468,657
511,436,453,470,475,649
509,444,452,462,473,654
508,444,449,474,468,655
503,445,445,464,476,653
501,436,445,460,477,654
514,435,455,470,476,650
511,443,450,475,462,655
508,447,449,475,463,652
506,443,451,471,462,654
513,440,452,467,461,657
503,440,438,472,471,655
513,442,451,471,463,656
504,440,435,469,472,657
511,446,452,473,465,658
513,444,450,460,474,655
514,441,452,471,475,646
503,447,444,463,476,653
514,443,452,462,467,658
513,442,454,460,471,656
515,431,454,470,475,653
512,433,450,472,475,656
510,447,447,474,470,647
513,442,455,463,468,658
511,431,449,473,473,659
515,440,452,471,468,653
501,448,440,469,474,654
510,446,448,470,475,653
506,433,443,475,470,651
514,445,451,470,464,656
512,440,451,468,476,649
506,431,440,469,468,658
513,438,450,462,468,655
511,433,448,473,472,655
504,448,442,467,477,655
513,441,453,462,472,655
511,432,450,471,473,657
513,445,444,461,473,656
513,448,450,460,474,655
511,449,448,475,465,649
514,444,451,471,477,647
501,443,434,464,474,654
510,434,448,472,473,659
507,433,447,473,472,659
510,445,450,474,463,651
504,433,436,475,471,658
513,443,451,468,462,658
509,432,450,474,472,658
508,447,445,462,476,655
513,432,449,472,475,658
512,439,450,466,473,647
513,444,455,462,469,657
514,438,453,470,475,650
511,445,447,476,462,653
515,444,449,460,469,656
511,433,451,473,475,656
515,435,453,466,473,648
502,443,438,471,474,655
512,445,451,460,473,654
504,437,439,474,472,657
513,446,448,462,475,656
508,450,448,461,476,654
504,448,445,463,476,654
513,447,455,472,465,655
516,444,456,467,466,660
514,442,455,474,473,659
511,430,450,473,473,657
511,450,448,477,467,649
511,449,449,473,468,647
515,435,453,470,477,653
503,444,439,473,473,658
513,444,451,471,463,655
511,431,451,466,471,656
504,451,441,467,477,655
514,432,451,477,472,648
509,432,450,471,475,658
501,446,438,471,475,657
514,447,453,476,464,656
515,446,454,462,473,656
512,446,449,473,474,646
511,434,449,472,475,657
499,450,441,471,475,656
515,443,453,472,477,646
513,432,448,473,474,659
514,443,456,462,468,659
512,439,453,471,477,647
515,434,454,471,477,650
511,447,449,476,467,649
517,433,453,470,478,653
509,449,444,462,475,655
504,441,440,476,473,659
505,449,442,468,476,654
512,447,452,470,466,655
510,449,445,463,477,654
514,446,454,463,470,658
512,448,448,461,476,654
512,446,449,476,464,654
505,450,441,467,475,655
506,437,444,473,473,659
512,450,447,474,468,649
516,443,453,464,468,658
512,446,451,470,464,659
513,443,453,466,463,658
504,437,444,475,475,654
507,436,445,474,473,659
511,449,449,474,472,646
514,445,452,464,478,654
514,447,451,461,473,658
514,443,452,470,476,649
515,434,450,473,473,655
512,443,451,471,479,647
506,440,441,475,474,659
515,446,453,461,470,657
510,449,447,463,476,653
513,442,447,474,462,652
513,445,449,473,474,647
511,431,450,474,475,654
497,448,440,474,474,655
513,445,453,471,467,658
511,447,450,474,471,646
510,447,450,472,476,646
510,450,449,476,469,648
512,443,450,473,477,647
511,449,451,473,472,646
515,435,455,472,477,650
514,442,454,470,476,649
515,440,454,469,477,648
515,438,453,473,475,658
511,450,444,463,476,654
514,445,452,470,464,656
515,434,449,470,476,653
504,452,441,469,477,653
503,444,442,470,476,652
504,438,437,469,472,655
512,447,451,469,462,654
509,439,439,475,471,658
513,445,455,461,473,655
504,439,441,473,471,657
506,452,450,474,470,648
516,445,454,468,471,657
506,445,440,463,473,652
511,451,448,476,469,649
511,450,450,470,467,650
511,432,451,473,474,656
514,442,450,473,477,648
515,447,451,472,474,647
511,435,449,472,476,656
518,449,437,471,473,655
502,447,439,476,475,658
511,445,449,473,476,647
503,442,439,475,475,658
509,439,445,473,475,657
514,451,445,468,471,645
511,451,449,476,464,651
510,448,442,464,476,654
519,446,450,462,472,657
504,442,443,477,473,657
511,450,449,476,474,646
516,433,452,471,475,654
511,451,448,475,470,648
505,445,439,473,474,658
517,429,454,470,475,654
512,446,450,473,472,644
508,440,444,476,473,658
500,445,440,473,474,658
503,448,437,474,475,656
513,440,454,470,478,647
516,445,453,469,464,657
512,449,449,475,465,651
517,446,452,462,473,656
515,448,452,474,465,655
518,446,452,463,474,656
504,443,442,473,475,657
514,433,451,472,475,655
506,452,438,470,476,654
517,445,454,468,466,658
516,448,450,472,476,645
509,449,448,461,478,653
507,445,454,464,466,654
516,447,453,472,464,655
514,445,452,471,464,655
515,435,447,471,473,656
518,446,453,462,472,655
508,435,454,471,477,651
508,452,437,463,478,652
512,433,448,474,474,658
510,450,452,475,476,646
503,452,439,469,479,653
514,446,450,472,464,655
514,444,455,470,479,647
514,449,451,472,465,654
505,451,438,471,477,653
505,451,439,468,477,654
515,453,448,475,463,649
511,448,449,461,479,654
513,448,452,474,478,647
516,438,455,464,477,649
515,433,452,470,475,655
516,437,454,471,476,652
515,443,453,470,477,647
516,442,455,469,479,649
503,447,440,476,474,657
510,448,447,461,478,653
513,443,453,471,477,648
507,438,445,474,472,659
506,444,439,476,474,656
506,436,450,473,474,656
513,450,447,463,479,658
507,442,441,478,474,657
512,434,453,473,476,655
510,445,453,472,477,646
504,443,438,478,474,658
507,452,448,475,468,651
516,447,449,460,473,654
514,451,449,473,471,646
518,446,453,466,465,656
507,444,438,469,473,651
511,442,450,473,472,646
517,435,455,471,477,651
518,446,451,464,466,655
511,436,445,475,476,659
506,449,437,475,478,655
511,435,450,475,475,658
519,446,457,468,468,661
506,446,441,475,475,657
513,450,451,474,465,653
518,439,454,470,479,649
519,445,455,465,469,655
517,438,451,472,474,655
512,449,448,464,478,654
508,446,436,473,475,656
503,454,439,473,470,653
516,447,455,464,470,657
515,447,450,473,475,654
511,444,451,471,479,646
513,447,452,476,474,660
517,441,451,472,464,656
516,435,451,475,475,656
515,449,450,473,465,652
514,453,449,474,472,646
516,448,451,477,466,653
517,436,454,472,477,645
510,450,444,461,477,653
517,442,454,472,479,654
516,434,448,475,476,655
516,446,455,466,468,657
513,451,449,474,465,648
516,446,452,461,474,656
516,448,453,471,476,647
509,443,439,475,474,656
516,437,454,469,478,646
510,436,446,476,474,656
510,438,448,474,473,659
515,446,453,471,473,646
505,446,439,475,473,655
513,442,447,473,461,651
508,437,445,465,478,653
519,445,454,461,465,655
504,442,442,475,474,658
512,450,449,463,475,658
515,447,450,462,474,655
517,442,452,470,478,648
517,436,453,472,478,654
508,443,441,469,474,657
512,450,452,471,465,656
510,437,448,477,475,658
507,435,450,473,474,658
511,452,451,470,479,648
509,451,445,463,477,654
502,452,439,469,477,653
513,446,458,464,468,659
511,446,456,461,475,654
514,441,455,465,469,658
511,447,451,469,462,648
504,451,445,467,478,654
511,429,449,473,474,654
511,449,453,471,465,655
501,450,443,473,478,655
515,438,441,475,471,654
513,447,457,462,474,655
511,450,451,475,469,650
503,451,444,465,479,653
500,450,441,468,475,652
502,442,444,474,474,658
511,435,448,471,476,655
514,443,456,469,476,654
512,447,449,466,482,641
510,437,449,474,474,656
512,446,455,472,475,645
510,448,452,464,471,655
514,436,456,469,479,648
510,450,452,477,475,644
513,448,455,472,465,652
511,435,457,474,473,655
505,450,453,475,469,647
502,440,446,475,476,654
505,433,453,475,467,653
491,451,442,468,478,650
494,450,444,473,474,643
495,452,443,466,478,651
503,435,456,473,477,647
502,451,442,469,480,649
501,444,455,471,469,652
499,430,451,469,475,653
501,445,457,468,471,651
500,448,456,464,479,638
494,451,449,476,475,637
489,452,451,466,484,646
494,452,455,462,482,647
495,449,451,476,468,645
494,451,443,477,478,649
494,441,450,475,478,636
494,433,453,465,480,643
489,452,451,476,480,650
487,449,455,475,471,647
492,446,456,467,476,649
487,446,452,473,484,638
491,446,456,464,477,648
487,436,454,472,482,643
481,447,453,474,468,647
481,450,448,475,480,637
488,438,447,476,481,648
473,438,442,478,477,648
475,441,444,478,479,649
473,452,446,468,484,646
477,453,443,460,485,645
476,452,444,464,481,646
468,447,442,476,481,650
478,439,446,476,478,650
480,451,448,467,481,645
479,451,445,468,484,644
485,447,452,464,483,648
488,445,452,459,475,646
479,438,448,478,482,650
474,446,442,478,482,648
486,450,454,473,485,637
487,450,453,476,471,648
485,452,448,465,485,646
482,439,447,477,480,651
485,435,455,476,479,649
486,448,454,475,470,649
487,447,454,465,479,648
490,452,443,481,479,650
486,449,454,473,470,651
489,447,456,473,472,652
479,453,441,470,483,646
481,453,438,466,483,642
481,435,451,477,480,654
486,453,452,476,481,642
492,436,455,475,483,647
481,452,441,474,481,650
490,443,454,474,480,643
491,448,457,468,475,654
491,445,458,475,482,644
483,452,444,475,484,652
491,434,453,476,479,646
490,448,455,474,467,655
484,451,444,471,484,652
490,451,452,477,479,644
488,454,452,476,469,654
489,450,453,480,470,652
482,451,447,470,483,653
495,436,452,468,484,647
488,435,456,478,482,655
494,436,455,476,482,653
487,450,452,466,483,655
481,454,441,479,481,654
489,436,450,477,479,659
492,448,454,475,479,651
495,447,456,469,477,658
497,448,455,474,479,659
495,442,456,470,465,658
499,437,457,477,484,653
493,452,452,482,469,659
494,451,455,481,470,656
491,438,449,481,478,661
497,436,452,476,482,652
495,433,457,479,479,656
479,453,444,476,481,657
498,445,457,482,477,660
488,450,444,477,482,657
486,445,451,467,481,656
494,434,454,477,480,660
495,448,459,469,476,660
498,448,456,475,468,659
497,442,456,479,477,660
484,439,444,480,475,660
487,445,437,479,475,656
493,449,454,468,479,658
485,453,444,473,479,656
488,447,438,478,478,659
490,446,442,479,476,660
499,450,453,480,476,651
506,447,457,468,475,659
497,449,455,478,478,651
500,451,454,482,470,652
505,437,458,475,481,658
500,452,452,479,477,649
502,452,451,480,471,652
492,447,440,476,480,658
505,448,456,474,471,660
502,435,452,467,481,657
506,451,451,467,484,660
509,447,454,475,479,649
508,434,454,475,481,657
496,450,442,474,480,659
510,453,456,471,468,661
499,451,441,478,479,660
504,440,443,475,477,659
503,451,447,467,481,655
512,442,457,465,481,655
499,454,437,475,480,657
511,443,455,474,483,647
511,449,456,474,469,657
509,437,455,477,481,655
498,453,445,473,480,653
511,449,456,471,468,654
498,452,448,481,476,654
507,454,450,479,471,650
508,452,452,463,480,652
501,449,453,475,481,652
503,446,439,475,476,651
509,453,452,478,478,644
514,442,458,474,483,647
514,447,457,469,473,655
511,447,455,477,481,644
513,438,455,474,483,653
502,448,441,478,477,654
509,442,450,478,479,654
510,455,451,479,472,647
510,436,453,470,476,654
513,450,456,472,474,654
512,439,459,472,483,646
506,439,448,475,480,654
512,449,456,472,470,654
511,448,454,476,477,643
510,456,453,481,473,649
503,455,443,471,483,650
502,449,444,478,478,655
504,443,448,478,474,645
511,454,454,474,480,643
513,451,453,464,480,652
505,446,445,479,478,654
512,451,453,476,478,642
515,451,458,477,478,641
515,450,457,466,471,654
501,450,442,478,478,653
512,454,453,479,472,646
510,454,442,463,480,651
513,452,457,467,477,653
514,439,455,474,481,648
514,449,457,468,470,654
514,445,457,474,483,645
514,434,457,472,482,648
503,456,443,471,481,650
511,456,453,478,470,649
513,439,451,474,475,653
503,450,444,474,480,652
512,452,455,474,480,641
510,450,458,469,475,653
507,441,448,478,478,653
510,453,455,466,478,653
513,439,458,473,481,651
513,439,454,474,482,651
503,444,443,478,478,654
512,451,455,473,470,651
511,451,453,477,477,644
510,440,450,477,480,654
506,457,449,465,480,653
502,451,444,479,478,655
505,446,442,477,477,653
510,455,453,479,470,648
502,449,443,477,479,652
508,454,447,467,481,649
515,452,455,472,469,653
513,451,454,475,477,642
511,451,455,477,467,650
502,456,445,472,479,651
512,456,452,477,469,649
503,454,442,474,476,653
513,440,455,473,480,650
501,453,442,476,477,653
513,452,455,465,479,651
513,452,459,470,471,653
513,451,458,469,472,652
512,453,456,476,477,642
512,451,455,477,468,651
514,440,454,476,478,644
513,438,452,476,481,651
503,449,443,479,478,653
512,453,454,478,476,643
513,449,458,467,476,655
511,450,453,477,478,644
514,441,458,475,484,652
514,452,455,475,470,655
507,442,449,479,480,659
513,442,457,475,485,654
514,440,459,475,485,651
511,456,453,479,475,648
505,446,444,479,479,659
503,447,444,480,480,657
508,442,450,479,479,660
516,450,458,467,477,657
511,437,453,479,479,659
503,449,442,478,480,656
511,440,454,477,482,659
512,453,453,480,470,658
508,448,446,479,478,659
511,455,453,480,474,651
508,441,455,481,480,660
516,446,456,476,483,649
509,449,448,466,481,654
515,443,458,474,483,652
513,451,454,480,480,649
516,447,455,477,484,647
512,447,456,475,483,648
509,455,451,466,485,656
511,455,453,479,475,650
513,456,451,479,478,648
508,448,446,469,477,651
516,440,458,474,483,654
509,438,452,478,481,659
514,455,453,478,473,652
517,448,458,469,475,659
512,453,449,469,480,655
507,451,448,471,484,656
504,451,444,480,481,659
518,449,457,469,479,659
504,449,443,480,481,658
514,449,454,476,479,647
505,454,441,474,483,656
512,451,452,479,475,650
512,452,452,480,472,654
506,452,452,467,484,657
505,452,443,474,484,656
514,451,451,478,475,649
518,445,456,470,472,659
508,431,449,474,477,659
518,438,456,475,478,648
508,449,452,481,471,652
508,451,444,473,486,656
508,449,448,462,486,655
512,451,453,484,474,653
515,439,459,476,485,651
508,452,446,471,486,658
512,450,451,467,486,658
503,451,443,478,487,658
504,445,443,481,482,659
513,447,455,482,473,656
510,453,440,475,488,653
513,447,453,478,481,648
513,446,455,481,472,659
516,446,459,469,483,658
512,447,454,479,474,654
513,437,452,475,474,659
515,442,456,476,487,650
504,450,446,471,487,658
503,444,438,480,480,657
517,445,456,467,482,661
516,435,459,476,486,653
513,442,453,466,485,659
514,443,456,474,476,661
507,446,448,467,486,658
507,430,450,479,482,662
511,431,456,477,487,657
500,436,444,479,484,661
505,442,454,466,488,659
506,430,448,478,484,663
500,431,447,478,485,662
502,432,441,478,484,661
500,428,447,477,484,664
499,434,441,467,483,662
511,435,456,473,474,662
506,437,452,466,483,660
509,420,456,474,485,660
503,436,447,466,487,659
507,437,452,474,479,652
500,426,444,475,481,662
501,434,453,474,474,659
504,430,456,467,475,662
503,420,445,472,481,664
507,416,449,470,482,660
505,428,451,461,477,662
495,428,434,471,482,661
505,427,444,469,477,651
495,424,430,468,478,661
503,428,438,470,476,652
501,430,435,469,471,654
491,421,438,465,485,653
504,427,435,465,472,659
500,429,439,462,482,664
492,418,429,467,480,663
493,429,428,456,484,658
501,425,437,465,486,652
500,428,438,463,474,661
500,429,438,459,478,661
498,431,440,456,480,659
500,421,439,464,484,659
495,437,434,470,475,653
494,431,438,468,482,650
497,432,438,463,473,661
491,422,431,470,483,663
496,431,435,466,472,660
495,435,436,467,487,657
491,422,435,472,485,663
482,432,426,471,484,661
479,426,427,475,484,662
495,429,443,470,476,662
487,435,436,461,488,659
495,428,445,471,490,653
481,430,431,469,480,661
492,421,442,473,485,663
492,435,441,477,478,652
499,429,446,474,487,652
492,435,441,476,477,656
497,428,446,474,490,654
491,435,440,463,487,660
498,421,445,471,487,659
499,432,441,457,479,660
495,424,445,472,486,658
486,432,433,476,482,661
495,432,447,462,482,660
497,420,450,474,487,658
497,434,444,474,471,657
495,420,445,475,482,663
489,431,434,475,480,663
499,431,446,475,481,650
491,436,440,466,484,660
501,421,448,472,484,655
490,432,432,477,481,665
503,427,447,473,483,653
500,434,443,478,472,657
500,433,446,466,482,661
505,431,448,468,473,663
502,419,446,473,481,660
496,433,445,465,480,660
505,431,443,464,478,661
501,437,442,480,473,655
505,431,448,465,478,660
498,436,438,467,483,660
502,430,446,475,484,654
495,436,438,470,483,660
505,433,445,465,484,660
501,433,445,471,482,659
497,420,440,476,478,664
504,431,444,477,482,658
507,420,447,472,483,658
501,437,442,478,475,655
505,419,447,476,480,661
501,436,443,476,472,655
492,432,432,480,478,661
504,432,447,470,471,662
504,436,443,478,471,656
506,429,448,467,474,661
505,430,448,467,474,662
498,432,440,466,482,658
495,432,432,476,479,662
502,437,443,477,473,655
499,433,443,465,483,659
504,431,444,465,468,661
505,418,446,473,481,664
505,432,448,468,476,662
503,434,442,480,484,658
502,436,444,477,471,660
498,437,438,468,483,659
506,420,447,473,483,658
506,421,447,474,474,662
490,436,434,472,482,658
510,430,452,475,485,656
510,431,448,468,475,660
495,438,433,471,484,657
508,435,441,465,483,659
502,437,443,480,472,658
502,436,446,473,484,651
494,432,433,475,480,658
493,433,431,473,484,661
506,433,447,472,471,659
500,433,444,466,484,658
494,434,441,467,484,658
501,436,442,477,476,651
499,435,439,466,484,659
503,433,449,476,475,655
505,431,445,469,472,662
507,431,451,473,484,659
501,422,439,478,479,662
510,425,449,458,476,662
495,428,434,476,480,662
510,422,444,465,485,651
497,436,435,470,483,657
504,436,445,478,474,655
505,432,447,477,471,659
510,431,442,466,480,658
507,433,447,470,472,659
499,436,442,464,485,657
506,434,448,461,479,660
509,433,448,475,472,660
508,432,447,468,473,661
507,420,448,472,484,654
496,438,434,472,483,659
502,437,440,463,485,658
504,418,444,476,482,660
507,419,449,473,484,657
507,434,446,474,476,647
499,423,440,476,480,660
504,437,443,476,477,651
507,420,447,469,477,658
505,429,447,472,485,650
494,436,434,474,481,662
503,435,446,475,479,650
507,433,452,464,478,661
506,417,446,474,483,660
508,433,445,476,471,658
505,432,446,476,484,649
500,436,445,455,480,658
501,425,439,476,481,661
507,417,446,475,482,657
509,431,449,470,472,660
493,439,435,471,485,658
494,437,435,474,482,658
505,434,448,474,472,658
500,437,438,470,487,655
504,421,447,476,481,658
498,424,437,477,480,661
505,436,444,478,472,654
505,422,447,474,475,660
510,422,447,475,483,659
496,431,434,475,481,659
508,432,449,467,478,659
499,426,437,477,479,661
505,435,445,476,481,647
495,431,434,475,483,657
508,433,450,469,474,658
496,432,437,465,482,658
494,430,434,471,477,658
494,438,436,475,481,658
508,431,448,472,471,658
508,433,448,466,480,657
509,432,451,467,473,660
508,423,449,476,483,658
504,436,446,471,484,655
506,440,446,480,475,649
503,423,445,476,483,660
503,440,446,479,474,651
508,421,452,473,481,656
496,437,436,471,485,655
505,438,448,478,473,652
508,435,447,477,474,656
508,434,450,469,476,657
497,440,434,477,483,656
497,437,438,471,483,655
495,433,438,467,485,653
509,416,447,473,481,651
504,435,451,469,480,656
511,433,452,467,478,657
507,424,451,473,484,652
509,435,452,464,483,655
509,430,449,476,486,647
510,425,446,476,482,644
502,438,446,481,473,653
508,436,444,469,484,643
498,440,436,471,485,652
501,437,441,473,484,657
503,437,443,465,485,652
507,436,447,467,484,653
496,440,438,471,484,653
504,426,442,477,480,658
503,440,447,480,474,648
507,433,447,472,474,645
508,434,450,474,473,655
502,429,441,478,482,654
510,436,449,466,481,654
497,434,437,474,480,654
498,434,435,480,480,656
507,430,452,473,485,646
511,420,447,477,482,643
509,425,451,475,486,648
508,425,449,473,485,653
504,439,441,467,487,652
511,439,447,477,483,643
509,434,449,477,472,652
507,429,450,474,485,646
506,440,447,478,477,647
504,435,441,466,482,649
504,440,448,465,485,650
507,437,446,479,480,643
510,434,449,468,478,654
501,439,437,473,483,651
501,439,436,472,482,648
509,433,438,474,472,653
511,435,449,464,481,653
497,433,436,479,480,652
502,426,440,479,480,654
507,436,449,476,484,641
497,431,436,478,481,654
509,432,451,473,485,644
496,438,436,469,484,650
506,440,441,479,478,645
509,429,450,476,484,642
498,433,432,479,481,652
509,424,452,474,485,647
509,438,448,476,484,649
497,435,435,478,481,652
510,425,450,475,483,648
496,437,440,466,484,648
508,437,448,475,473,650
506,439,445,482,475,641
508,435,449,475,473,649
508,438,446,478,479,641
507,436,448,480,473,646
507,437,451,475,485,644
509,429,446,473,469,648
508,440,446,481,475,644
507,432,448,471,473,650
508,439,446,480,475,644
506,438,448,480,472,646
493,440,437,475,483,650
499,431,436,480,482,652
506,426,444,478,482,651
510,437,445,474,486,649
509,421,445,476,481,652
511,436,447,466,480,638
507,436,447,481,473,643
508,437,448,464,484,650
509,425,450,476,486,649
498,434,441,475,483,648
506,440,445,479,480,641
499,431,438,477,482,650
505,425,447,478,483,649
499,435,431,476,480,648
505,441,449,464,481,649
503,440,440,467,484,648
510,439,449,479,472,647
498,442,438,471,485,649
509,435,452,473,474,649
497,442,435,474,483,648
499,440,436,473,483,646
512,426,452,474,486,645
509,438,448,475,487,639
506,426,441,479,482,649
498,441,437,473,486,645
508,439,448,477,475,648
511,433,446,468,486,637
512,440,449,476,473,648
509,425,448,476,483,648
507,442,440,468,486,642
507,441,446,477,478,636
511,421,450,474,486,641
501,428,439,480,481,648
507,440,445,478,475,641
509,441,440,471,485,643
507,423,449,477,485,648
511,442,447,476,471,645
510,426,446,476,483,648
514,424,450,474,482,643
511,426,449,476,482,645
501,441,445,479,475,637
497,436,434,472,480,645
501,434,435,478,478,647
498,441,434,471,481,644
504,429,441,476,480,647
511,428,450,474,483,640
506,425,444,478,482,646
509,440,445,482,470,643
500,439,445,478,477,636
508,436,445,473,470,640
511,437,450,468,478,646
493,437,433,477,481,646
502,426,435,472,478,646
513,433,450,473,485,640
498,424,444,474,483,642
506,437,450,467,477,648
499,435,436,478,483,644
504,435,449,472,473,645
507,442,446,479,477,637
511,433,441,477,482,647
504,438,448,474,471,644
500,434,450,475,479,636
513,437,449,464,474,645
499,432,435,480,475,648
512,436,452,466,471,648
507,440,444,479,468,638
511,433,448,479,469,645
498,437,435,473,480,645
502,435,437,466,475,641
507,436,447,476,481,637
499,441,437,471,478,644
507,432,448,475,479,635
509,438,446,475,464,643
502,440,441,463,479,644
510,429,448,472,467,646
498,425,447,476,478,643
511,432,448,475,482,636
503,427,439,477,474,647
511,438,448,469,464,645
504,426,443,478,471,648
509,438,446,473,462,646
510,438,447,470,460,645
511,436,449,464,461,644
500,442,436,471,469,641
505,437,448,469,462,643
512,426,449,474,468,635
512,427,449,475,468,638
504,432,439,477,464,642
511,438,448,470,457,640
511,437,448,473,467,630
508,443,445,473,463,628
510,427,447,475,468,636
509,440,446,462,468,635
506,430,440,476,460,637
512,433,449,470,456,637
511,443,446,478,465,624
503,428,441,478,465,636
511,429,450,475,455,633
512,438,449,469,457,636
513,432,449,473,470,627
509,440,449,465,468,634
509,443,444,480,460,626
512,437,450,479,465,638
511,438,449,474,468,627
511,438,450,472,460,632
508,437,447,477,469,624
514,438,449,465,460,634
505,429,439,479,464,625
509,439,447,475,454,632
506,443,444,478,464,635
507,444,445,480,457,631
508,431,440,480,469,636
508,428,442,479,465,638
504,443,436,473,469,633
500,440,435,481,466,635
511,436,448,477,467,625
511,435,446,476,464,624
503,440,445,482,456,633
505,427,440,479,463,638
508,430,441,479,465,636
510,442,435,476,468,629
495,441,434,474,467,634
510,443,445,479,456,632
499,442,434,474,468,634
507,441,446,479,465,625
498,442,435,473,468,635
508,443,444,478,463,627
512,434,451,466,464,636
511,437,445,475,472,625
500,442,434,476,467,635
503,434,435,482,465,637
504,438,446,478,469,625
508,443,444,479,457,631
511,427,447,476,469,632
511,433,444,473,454,633
507,440,446,477,469,627
499,442,431,477,469,635
509,435,448,476,471,639
499,445,435,472,471,633
500,428,431,479,463,634
510,442,446,476,462,633
509,438,444,478,471,626
510,427,445,478,468,636
506,446,444,480,461,631
505,444,442,479,462,629
506,442,442,479,464,625
501,432,436,480,464,636
510,434,443,478,465,622
508,444,445,476,458,632
509,436,446,479,468,626
502,436,432,475,468,633
510,428,443,476,469,635
498,436,434,482,466,637
505,445,443,480,470,628
509,428,448,475,473,629
507,439,447,474,457,636
508,441,444,479,468,635
507,440,446,477,471,626
506,442,443,468,460,635
509,426,446,477,468,636
506,439,449,474,457,636
508,444,444,478,456,635
510,438,447,469,461,638
512,433,447,476,469,629
511,439,449,469,462,636
499,435,434,480,464,638
511,438,447,474,457,639
499,444,433,473,470,633
501,434,434,479,465,638
511,431,448,478,469,634
511,436,447,478,469,627
511,434,448,471,453,638
514,443,448,460,467,635
504,443,439,469,467,635
509,444,443,478,457,636
509,435,447,476,470,630
500,435,433,479,464,638
496,441,433,478,467,638
505,427,440,479,463,639
511,427,448,476,455,638
507,437,443,481,459,624
512,431,447,475,468,633
512,428,443,470,466,632
499,436,431,476,466,636
511,435,447,476,468,631
507,444,443,481,463,627
504,432,439,479,466,641
509,441,440,476,468,625
512,435,447,477,468,630
510,439,448,470,459,640
507,440,434,480,466,640
512,431,447,476,467,633
501,444,443,483,458,632
508,439,439,480,452,630
510,428,447,476,468,638
512,442,445,475,457,638
507,443,443,483,456,634
498,438,434,483,466,639
499,442,433,476,468,637
500,446,435,471,471,635
509,447,441,482,458,630
506,446,444,483,464,630
499,444,434,474,471,636
510,440,442,471,459,631
503,436,443,480,464,627
512,441,447,473,459,637
512,427,446,476,462,637
506,443,443,480,465,627
508,445,443,478,467,629
511,444,441,480,457,636
512,429,448,476,473,633
514,436,449,462,464,641
511,440,437,480,466,643
507,428,443,480,468,643
500,443,432,479,467,638
505,439,446,476,467,634
502,448,435,472,472,636
515,441,445,467,470,644
499,435,435,480,467,641
507,447,444,480,461,631
512,442,447,471,463,638
512,439,448,470,466,642
507,443,443,478,467,640
513,433,448,476,471,631
508,440,449,476,470,635
511,435,448,476,473,634
510,427,446,477,470,642
503,431,442,482,468,641
510,436,450,475,471,634
510,436,447,476,471,634
501,447,448,470,460,642
497,446,432,476,469,642
514,433,450,467,464,645
507,442,447,469,465,644
512,445,447,468,467,642
509,444,447,478,470,632
510,429,448,476,468,642
511,429,446,480,467,645
501,442,433,477,468,644
510,445,445,479,458,641
509,439,443,474,455,638
512,444,447,475,463,632
514,446,437,472,470,642
512,441,448,468,462,643
510,429,448,476,471,642
504,430,439,480,466,641
516,441,448,467,464,643
505,445,433,473,469,647
509,447,445,480,463,640
500,443,434,477,468,646
512,439,447,476,457,646
512,428,448,474,469,648
508,443,441,478,462,635
501,434,433,475,463,644
501,440,431,474,466,645
499,437,433,475,466,646
509,425,433,479,467,647
506,427,447,473,468,644
500,438,433,477,466,646
501,436,429,478,465,646
512,427,449,473,470,642
512,436,449,470,456,648
511,434,450,476,469,637
503,437,437,477,466,646
503,438,449,468,463,648
503,433,435,480,463,649
508,443,438,471,468,645
507,438,446,475,465,637
514,434,450,465,466,646
505,444,439,462,469,643
504,442,444,465,467,651
512,435,448,473,467,638
513,441,445,484,452,646
505,428,447,476,464,651
514,430,449,477,468,641
501,434,435,481,461,649
501,447,434,476,462,645
502,445,439,468,467,645
514,444,448,475,452,647
514,442,448,474,452,642
505,433,441,482,463,650
500,449,433,478,466,647
510,449,444,469,467,645
508,454,440,470,470,646
502,456,443,470,470,645
509,461,447,479,458,645
511,457,444,481,467,650
503,456,436,481,466,645
505,454,438,480,465,650
505,468,440,470,469,647
511,464,449,478,470,640
515,469,452,464,469,642
515,468,453,466,465,652
511,465,449,473,471,648
500,470,436,477,468,649
510,467,450,475,469,650
512,484,449,467,466,646
500,483,436,480,467,649
514,478,453,476,472,643
511,495,446,480,461,647
513,495,452,468,462,650
515,488,448,475,469,646
508,508,443,477,457,642
507,511,445,480,461,640
509,510,447,482,457,650
501,514,442,482,466,651
513,507,450,478,472,641
516,501,450,478,473,642
508,512,444,471,471,652
510,505,447,479,471,642
513,508,448,472,461,643
509,511,442,471,468,648
500,513,434,481,468,649
513,512,434,477,468,645
512,501,444,480,468,644
500,519,430,484,464,650
509,505,438,479,466,649
500,524,426,481,461,650
509,519,436,481,460,640
508,529,439,473,469,640
506,529,430,476,468,651
499,534,428,484,464,653
504,533,425,479,467,649
506,534,433,485,454,648
508,529,436,470,469,649
495,537,429,484,467,654
501,534,423,481,467,651
501,523,435,479,468,646
506,535,434,481,456,647
507,535,430,483,456,647
505,543,431,485,457,649
510,540,428,467,467,648
508,534,432,478,470,642
506,545,432,468,466,650
502,557,432,478,455,650
507,542,431,482,470,640
507,553,424,477,465,649
505,556,433,485,453,642
504,558,421,476,467,648
506,557,422,475,469,648
495,561,436,480,470,645
507,544,435,482,470,642
504,558,438,470,466,650
508,555,431,471,465,652
496,560,425,485,463,655
505,553,432,486,457,644
507,552,431,484,460,643
496,549,434,483,465,652
510,557,423,475,467,644
506,556,439,473,461,652
503,558,434,487,454,643
505,552,433,485,459,644
494,560,423,486,455,651
507,547,433,484,463,641
505,542,440,482,464,642
496,545,442,482,466,645
506,557,442,485,462,653
507,561,447,471,464,651
508,565,438,476,466,649
491,573,440,484,463,652
494,571,445,485,464,652
493,576,445,485,463,653
496,576,446,483,462,653
507,572,462,471,463,650
508,572,460,469,463,652
509,571,461,470,466,648
503,578,461,480,455,650
499,566,459,483,465,654
507,562,463,481,470,642
504,578,460,480,454,649
495,575,450,478,453,652
508,571,449,469,463,649
503,572,458,484,461,652
504,558,458,469,465,651
503,539,451,484,464,640
509,539,450,470,465,650
496,526,447,482,468,650
500,519,446,482,469,642
507,516,440,487,460,640
503,510,438,484,464,651
494,502,424,479,470,648
507,482,435,483,469,648
510,489,437,482,471,641
497,483,433,477,471,647
495,485,419,483,469,646
511,475,434,472,467,649
508,473,432,480,474,638
510,469,430,473,456,650
503,478,420,472,470,644
509,469,428,477,460,646
511,469,429,476,459,646
511,464,427,481,472,636
502,471,424,486,458,644
499,471,411,483,468,645
501,459,414,486,467,648
503,453,420,486,467,648
507,467,423,486,460,643
508,464,424,484,457,643
501,454,415,488,467,644
509,457,427,483,473,636
501,455,415,489,467,644
505,466,421,489,467,634
510,461,423,485,468,634
506,465,424,487,472,633
507,463,423,487,469,633
507,461,423,489,458,641
510,460,420,475,470,644
506,458,421,487,457,644
499,446,408,482,469,643
511,437,422,486,469,645
512,449,423,487,469,636
508,448,423,488,457,642
508,445,423,486,463,637
506,445,421,486,457,641
502,433,411,486,464,635
507,427,419,487,463,648
499,437,411,485,466,648
511,438,426,480,454,647
499,430,427,481,471,637
503,424,409,486,459,645
510,438,425,482,468,647
511,426,429,479,469,642
511,423,426,481,467,645
512,426,429,480,470,643
510,441,422,486,457,643
514,428,426,480,467,641
512,442,426,473,460,648
510,447,421,486,453,642
509,450,419,481,462,636
512,437,419,481,466,643
515,453,419,474,456,644
512,459,417,480,453,648
500,462,399,483,463,647
513,459,413,485,467,641
512,450,412,493,464,647
514,454,409,493,467,636
511,466,400,499,456,631
508,454,402,493,465,647
508,471,403,499,460,635
511,456,402,499,465,647
510,474,402,501,455,633
510,469,408,493,458,648
499,463,398,502,460,648
514,470,409,490,462,646
509,475,400,490,467,644
514,469,410,489,464,648
511,456,407,499,464,647
510,470,405,489,463,649
516,446,408,496,467,637
511,455,410,495,466,637
505,460,402,489,467,643
515,440,415,493,466,643
506,454,410,496,454,642
503,443,396,495,459,644
503,454,400,492,463,646
516,442,412,491,450,647
511,452,412,494,467,635
510,452,414,496,459,637
513,450,413,492,458,638
512,447,415,490,454,646
505,435,405,492,462,648
519,428,419,487,465,644
514,442,411,476,465,644
513,438,417,479,461,647
511,423,414,487,464,647
508,438,409,480,464,644
516,436,416,486,449,647
511,438,412,485,462,636
512,438,413,489,453,640
515,432,417,475,458,647
504,433,401,484,462,644
510,434,412,484,460,636
507,438,409,487,452,648
513,438,410,486,460,635
510,439,400,480,463,646
506,439,398,476,461,643
513,438,407,480,449,645
514,439,404,476,461,639
514,438,402,477,456,634
505,429,392,471,456,648
513,439,400,474,455,648
515,440,396,466,448,649
506,437,383,467,457,643
517,438,400,459,448,641
512,440,397,472,448,639
507,435,388,469,457,646
513,439,396,471,450,639
518,424,401,468,459,641
516,433,402,463,447,645
515,438,403,459,457,644
518,434,402,465,454,647
506,439,387,461,458,644
510,437,391,461,459,644
517,433,402,467,446,646
507,438,388,468,460,641
508,436,398,473,453,634
513,432,397,474,441,634
507,435,391,469,458,644
512,419,399,473,455,646
519,427,405,468,458,635
520,413,407,468,459,641
518,434,404,472,457,635
520,430,408,468,446,645
516,431,402,461,459,642
505,430,395,470,460,640
515,430,408,472,447,639
517,425,411,466,448,645
513,432,408,474,456,632
515,425,410,470,462,633
511,431,403,461,461,639
513,428,408,461,461,641
520,413,412,471,458,641
511,414,403,473,456,644
517,412,413,475,455,644
517,419,413,475,461,635
515,425,409,471,460,641
501,425,401,473,458,646
516,429,410,474,450,644
520,425,412,457,454,639
514,425,412,460,459,642
516,424,414,472,458,642
515,426,416,474,460,632
512,429,408,465,463,637
510,418,412,476,460,642
518,421,419,473,464,633
516,428,413,473,460,631
518,424,418,467,451,643
515,428,411,462,463,635
521,425,418,469,452,641
512,414,413,473,457,638
513,431,414,476,453,629
515,432,416,476,455,630
517,415,420,474,466,636
517,431,419,475,451,635
516,431,416,478,452,633
517,422,421,473,465,632
509,419,409,477,459,642
517,427,420,472,453,640
519,427,420,477,467,628
517,434,420,473,452,634
515,429,417,465,463,634
517,427,424,464,459,639
510,419,413,478,462,641
505,431,409,473,464,638
509,434,411,469,465,640
516,415,421,476,466,638
518,423,423,473,466,632
515,429,420,476,454,636
509,419,416,480,464,645
513,430,419,476,462,631
507,428,405,473,463,640
505,425,411,479,464,642
511,418,419,476,462,642
510,434,416,465,467,639
509,435,423,478,459,633
508,423,411,478,463,643
519,428,425,469,454,643
514,432,417,466,465,640
514,431,423,479,463,645
516,428,427,475,468,633
515,431,428,464,465,642
505,430,416,470,468,640
516,419,427,475,466,641
505,431,409,480,463,642
517,434,423,480,457,637
506,435,414,472,466,637
505,429,412,481,465,643
505,430,413,475,466,642
519,420,426,470,470,638
520,431,429,479,460,643
515,431,425,474,455,641
515,432,426,473,457,644
518,427,427,478,469,631
514,434,424,467,469,638
517,427,429,475,470,632
516,428,426,477,466,629
518,420,430,476,470,635
512,420,421,477,469,637
511,422,428,461,461,637
519,430,430,467,461,641
514,413,420,478,462,642
512,436,424,480,458,633
517,421,430,476,471,629
517,420,429,475,472,634
515,437,425,479,456,626
514,435,428,478,458,634
510,435,419,473,462,637
512,431,431,470,462,634
520,430,431,469,462,634
515,433,428,478,470,623
516,433,425,478,462,633
510,423,420,482,466,636
521,421,430,479,470,624
519,430,432,473,458,631
517,436,426,468,468,631
506,434,415,475,458,634
506,430,417,481,466,634
514,419,430,483,468,634
516,432,430,479,469,632
517,421,430,478,471,630
518,438,427,482,462,625
506,434,417,477,469,630
519,431,434,476,474,625
513,437,429,482,457,631
516,434,427,468,467,633
517,436,431,480,458,629
516,428,433,477,472,625
515,435,429,482,459,628
514,437,432,468,465,635
508,430,418,483,467,635
515,434,431,480,473,625
518,421,433,477,470,631
511,438,425,469,472,633
515,422,430,478,469,638
516,434,432,470,468,634
515,438,430,478,467,625
514,439,429,483,464,626
518,436,432,476,458,633
515,431,429,481,459,632
513,437,430,480,469,636
514,438,431,469,472,634
518,428,433,473,457,632
514,434,432,470,468,634
508,429,421,483,468,634
519,423,433,478,471,630
517,424,436,478,474,629
516,436,431,481,474,625
506,436,418,482,471,633
516,437,431,483,459,630
515,439,432,483,461,633
519,434,434,470,464,634
517,436,435,469,465,635
520,431,432,464,465,634
516,433,433,479,462,626
521,424,432,483,468,626
517,422,432,480,471,634
520,435,433,478,460,634
514,438,427,470,459,633
514,440,430,482,467,626
518,432,431,481,471,625
514,440,428,484,463,626
508,438,426,478,473,631
515,437,432,481,460,633
518,423,434,479,472,632
515,428,430,481,457,628
512,434,434,480,457,634
521,435,431,482,458,632
516,440,426,477,463,624
505,432,420,482,469,634
511,437,431,480,459,633
515,437,430,481,467,623
519,424,434,477,473,632
516,440,430,472,463,625
521,435,429,479,472,635
516,442,425,476,463,626
517,437,433,481,459,634
516,437,431,468,471,632
509,439,424,476,471,631
507,435,421,481,468,633
519,436,436,472,466,634
515,439,430,483,460,630
519,435,433,480,476,623
517,437,431,481,459,633
518,431,435,478,473,625
517,424,431,481,471,630
516,439,431,481,457,628
515,424,431,483,468,630
515,440,430,480,469,623
511,432,417,479,464,629
513,441,431,485,461,620
511,441,426,473,467,627
517,431,434,479,462,620
509,431,420,484,464,629
519,427,435,477,466,622
509,440,421,476,467,627
515,440,432,483,460,622
510,441,419,472,471,622
518,431,435,480,468,625
518,433,435,478,469,621
520,424,437,478,469,624
517,438,432,482,457,621
519,436,432,475,457,628
516,439,431,481,463,618
519,435,437,473,464,628
512,427,430,483,467,629
518,433,432,482,468,619
519,436,436,471,462,628
502,436,422,482,468,629
517,437,430,468,467,627
519,439,432,481,458,626
516,440,431,479,472,619
519,419,436,474,463,622
507,432,420,483,466,629
515,439,420,481,467,629
516,441,430,484,461,621
518,423,432,481,467,627
510,439,431,481,458,625
519,426,435,480,468,621
519,426,436,479,471,620
516,423,434,481,467,627
517,437,432,481,456,626
518,422,432,480,467,626
511,429,423,485,467,628
518,423,436,480,470,623
518,423,435,479,469,626
520,435,436,474,460,630
519,431,431,477,455,628
517,438,435,472,469,629
517,438,434,481,459,627
516,440,432,483,460,625
514,435,434,479,473,620
515,434,434,479,469,620
496,440,422,477,470,625
518,430,434,479,471,619
516,425,430,483,468,624
505,434,422,480,460,621
514,439,430,470,469,628
515,440,432,484,461,623
517,437,438,471,469,628
512,438,433,485,460,626
508,433,422,485,470,631
512,421,431,483,470,630
513,440,431,471,470,632
508,438,432,484,470,620
509,426,429,484,472,629
517,422,436,479,474,621
506,433,420,484,471,625
514,434,434,480,462,623
513,438,436,470,468,619
501,429,424,484,467,619
515,426,436,481,473,614
517,420,437,474,465,609
517,424,437,479,470,610
507,428,427,483,468,617
521,438,437,470,465,614
513,424,433,481,469,613
519,430,436,465,461,615
513,440,430,470,471,613
515,440,432,470,471,610
517,436,436,469,457,619
507,431,422,485,465,621
519,435,438,473,465,623
514,440,431,483,464,614
516,426,431,481,469,626
514,427,430,482,470,626
513,440,432,484,458,618
518,437,436,474,460,626
511,427,430,485,463,627
514,426,431,480,465,625
519,433,437,479,470,617
518,435,434,479,469,614
509,436,420,485,462,627
519,439,433,481,464,615
523,439,434,472,460,627
518,440,431,481,465,617
511,443,424,473,467,625
517,426,434,481,466,630
508,442,420,475,465,626
519,424,431,479,463,627
520,436,435,480,468,620
511,443,424,474,466,624
512,442,425,471,466,625
519,445,431,483,455,622
516,443,431,484,464,617
517,443,430,470,467,626
513,434,424,483,462,619
520,443,434,485,458,626
524,430,435,481,468,624
513,443,427,474,468,626
513,436,434,473,467,630
520,441,431,483,462,623
514,433,423,484,463,631
516,439,436,479,456,631
518,442,433,481,462,631
516,441,430,470,467,627
512,445,424,479,467,627
521,442,432,480,455,626
523,425,437,473,460,627
517,440,433,482,463,620
520,426,434,479,466,628
516,445,429,470,468,627
510,429,427,484,463,628
520,442,436,469,463,628
519,436,429,472,463,622
517,444,433,482,462,619
514,439,425,470,462,623
513,445,429,471,468,626
515,442,432,483,454,627
512,429,429,483,462,631
520,438,435,479,469,620
519,439,429,484,457,615
513,443,427,470,468,626
522,436,435,480,467,618
518,443,430,484,458,619
522,436,438,474,457,630
516,443,429,473,466,627
515,429,428,483,463,626
523,434,437,481,469,622
523,439,437,476,455,630
522,439,436,476,455,631
520,446,433,483,461,618
523,440,436,478,453,629
523,441,437,471,464,628
512,435,423,485,463,630
511,445,421,480,464,626
520,441,434,478,449,627
507,439,424,480,462,628
521,442,434,482,452,625
522,429,434,482,466,629
522,438,436,478,453,630
510,441,423,485,462,631
521,438,429,482,447,624
519,441,439,471,458,631
524,431,438,480,465,626
525,439,437,471,455,629
518,442,429,473,462,627
520,443,434,468,464,627
509,433,423,484,459,632
521,441,436,482,449,630
525,430,437,480,462,624
516,434,428,483,458,630
511,440,418,482,458,628
514,445,433,485,449,621
524,427,436,480,459,627
519,443,432,468,461,627
519,443,434,486,447,626
517,444,434,484,448,631
524,430,437,479,464,625
516,428,430,481,457,630
509,433,423,486,448,626
518,441,438,471,453,630
522,442,438,469,457,630
516,445,433,484,450,624
515,446,433,483,452,619
521,435,433,475,450,627
508,437,421,481,457,629
518,445,435,482,458,623
506,443,423,477,464,627
520,431,438,479,463,624
520,438,436,480,448,629
507,433,425,471,463,627
522,440,438,472,466,631
519,440,437,471,461,630
521,439,436,479,462,619
514,444,434,483,461,621
516,435,438,480,466,624
507,437,424,485,462,632
511,431,431,486,463,633
511,444,427,472,465,628
519,428,439,480,469,627
516,442,437,469,463,631
509,436,438,480,468,622
514,444,433,472,468,629
515,428,435,483,465,630
519,431,438,478,467,633
517,446,433,486,455,628
521,436,438,471,451,632
518,438,439,480,469,622
518,442,434,483,454,632
511,434,429,485,465,632
507,447,424,485,469,628
516,446,433,485,455,627
506,438,425,475,461,632
520,439,437,473,462,633
519,434,438,479,471,621
515,444,435,481,457,632
514,446,433,483,463,622
516,442,435,483,458,631
518,430,436,482,469,630
520,429,434,484,468,632
519,440,438,475,460,635
517,430,434,483,467,633
517,444,438,472,464,630
508,442,425,483,466,630
515,447,437,478,457,633
518,432,436,480,469,632
505,435,430,485,467,633
519,440,437,481,472,624
509,447,424,478,470,629
506,439,425,481,462,632
518,445,436,480,459,631
514,451,435,484,465,623
509,448,423,482,468,632
506,448,434,483,457,627
512,446,436,486,458,628
500,449,424,481,469,627
503,446,431,473,471,626
500,447,423,482,467,628
505,432,431,484,466,631
506,432,438,484,468,629
500,438,424,485,467,630
500,433,431,484,468,628
508,432,435,483,469,627
509,432,437,482,469,625
509,440,437,476,463,628
504,444,434,485,469,618
505,432,433,481,469,630
496,444,422,485,467,628
507,432,439,479,471,624
503,430,433,483,468,628
510,441,438,475,460,630
502,434,430,484,466,630
509,437,435,469,461,625
509,436,440,482,471,622
500,448,425,478,470,627
512,441,435,481,473,621
510,439,438,480,472,620
505,434,430,483,466,631
511,446,435,479,469,619
500,438,424,483,467,630
511,443,435,483,471,620
510,448,434,484,462,624
514,434,439,481,471,625
502,447,422,484,468,630
512,448,432,472,472,629
507,448,425,467,474,625
511,447,432,485,460,626
515,433,439,479,472,630
506,448,423,476,471,632
512,432,433,484,468,623
520,433,437,475,472,628
513,441,431,487,459,624
514,446,438,480,460,633
503,451,422,482,472,633
508,448,427,472,474,631
503,448,425,478,471,632
517,427,433,482,468,626
518,444,440,472,465,634
513,449,436,484,471,623
513,446,435,483,470,630
507,435,428,485,469,635
516,442,438,475,462,634
513,448,435,475,469,633
515,442,437,483,469,624
516,444,434,487,460,627
517,433,437,482,472,629
506,447,424,476,472,629
512,446,433,468,473,632
514,444,437,481,461,630
516,443,437,477,461,629
517,443,439,481,459,629
514,448,435,484,459,624
506,447,429,476,471,619
513,445,435,481,469,619
517,441,438,480,472,621
515,445,435,486,459,625
516,443,439,479,460,628
510,448,429,473,473,625
520,435,439,481,473,624
515,446,436,481,459,627
511,434,429,483,467,630
506,448,426,480,472,626
517,431,439,482,472,622
516,447,432,477,459,625
507,439,424,485,468,629
504,448,433,485,466,622
515,445,435,483,470,620
520,444,438,476,461,630
504,448,423,482,471,629
514,431,436,482,470,630
515,446,431,479,470,619
517,445,434,471,469,630
516,442,437,480,459,633
502,448,423,480,469,630
513,449,433,486,465,622
513,431,435,482,471,631
506,448,422,481,470,630
517,439,438,482,472,624
508,447,427,478,474,628
509,439,424,484,469,633
520,443,439,476,462,631
515,442,436,484,459,628
507,448,427,479,472,630
516,449,434,486,462,624
508,446,424,481,469,631
506,444,424,484,470,634
520,443,440,473,469,632
517,445,441,471,469,631
516,434,436,481,472,629
515,448,434,486,457,626
517,431,438,481,472,632
515,443,436,484,469,622
513,447,436,486,462,625
507,449,426,480,470,623
518,440,437,479,457,633
507,450,425,477,473,630
515,445,438,475,468,633
519,442,436,468,464,632
506,441,425,487,468,634
517,432,436,484,471,632
520,445,440,472,468,634
515,448,435,485,465,626
513,432,433,484,469,636
510,442,423,480,473,630
519,442,439,477,463,634
520,440,439,482,472,624
504,448,424,483,470,632
504,445,425,484,470,634
516,446,436,486,462,630
518,444,441,477,465,633
519,432,439,483,474,632
515,443,429,487,458,623
507,448,424,482,473,633
517,442,438,480,467,624
512,435,433,485,468,633
515,447,429,472,475,629
518,442,440,475,465,632
512,446,434,471,472,630
519,432,437,477,472,625
519,426,436,484,467,627
516,440,436,485,459,630
513,447,435,486,459,628
516,447,436,472,470,631
519,433,440,482,475,626
514,443,437,480,467,623
514,446,436,487,461,627
507,449,426,474,473,625
516,446,437,484,469,621
508,440,426,485,469,633
518,432,439,481,473,630
515,449,435,485,469,624
518,445,435,470,470,632
518,431,439,483,473,630
506,449,425,481,474,632
508,447,423,475,471,634
517,444,440,481,475,623
517,443,436,473,470,633
517,432,438,482,475,629
513,442,439,482,476,625
514,444,440,474,467,634
518,443,438,482,472,622
507,448,425,480,472,632
508,438,425,488,469,634
517,440,438,482,475,624
517,431,434,483,471,633
522,442,440,475,466,633
506,446,424,486,472,633
511,449,427,476,475,628
509,441,425,486,469,631
519,442,440,483,473,626
512,449,429,475,473,632
520,444,440,474,466,634
514,444,437,483,460,631
514,438,431,486,470,635
516,447,436,486,461,628
506,446,424,483,474,632
512,448,431,474,474,632
509,439,429,486,471,633
514,434,430,488,470,636
518,444,437,477,461,630
516,448,431,474,475,631
513,432,435,483,472,632
512,448,431,476,475,627
516,447,438,484,472,623
520,440,436,478,474,624
519,432,438,485,471,635
521,438,440,481,461,633
518,450,437,487,461,629
519,431,437,483,472,634
517,446,434,471,472,631
520,439,440,484,475,625
517,447,435,473,472,631
511,447,430,475,473,631
515,448,435,485,468,624
513,447,435,486,464,628
514,430,435,485,471,631
520,437,440,476,465,633
512,449,435,487,465,625
506,450,425,479,475,630
517,445,440,484,473,625
516,446,437,483,461,631
514,449,436,486,467,624
504,443,424,484,471,630
506,444,423,484,472,633
515,448,437,485,466,624
512,436,433,485,470,636
516,446,437,484,470,623
521,441,441,483,475,626
515,449,437,485,468,625
511,437,428,486,470,633
519,444,440,482,462,634
514,446,433,474,472,632
511,449,428,479,474,630
515,432,437,485,472,635
519,441,439,483,476,627
520,426,442,476,471,629
515,448,437,485,463,627
512,445,438,484,473,623
517,447,437,487,463,630
517,445,437,486,470,623
516,444,439,486,460,635
516,446,436,486,469,625
513,443,436,469,471,631
517,447,440,485,462,629
521,432,439,482,472,629
514,448,436,488,464,626
514,435,431,487,472,635
507,441,427,487,471,635
520,446,441,473,471,633
506,442,425,486,471,633
515,446,437,473,473,632
520,435,441,480,474,627
514,431,435,485,472,632
515,448,438,487,463,628
511,446,435,475,472,631
517,432,442,488,471,635
517,443,440,478,464,634
504,448,426,479,474,632
515,432,440,477,473,629
515,447,439,484,461,632
511,446,442,474,472,631
514,444,440,480,463,633
514,446,436,472,473,631
513,433,435,485,473,634
506,440,426,486,471,634
516,440,440,484,476,624
502,445,424,482,472,630
516,445,440,481,462,634
516,432,441,482,474,627
513,433,435,486,475,632
512,444,441,476,469,634
508,436,430,486,470,633
513,446,437,492,463,629
518,443,440,476,461,634
510,447,433,474,476,630
518,432,440,482,473,633
516,443,441,476,468,634
504,447,424,482,472,628
516,444,440,475,467,629
512,447,436,473,473,626
507,436,428,487,470,630
516,444,436,475,468,628
504,440,426,485,469,629
502,449,427,477,475,624
512,444,442,472,472,627
512,430,438,485,472,626
515,440,439,482,476,617
516,437,441,473,468,626
511,447,436,486,463,620
515,431,442,476,469,616
510,442,433,469,471,621
511,449,435,487,465,617
513,432,438,483,473,619
510,448,435,489,463,616
504,436,432,487,470,624
514,433,440,482,475,614
510,448,436,487,465,613
514,441,441,476,464,620
514,442,440,482,457,615
513,445,434,467,472,610
503,440,425,486,468,616
513,435,440,485,472,606
503,448,428,479,470,613
514,442,439,478,464,616
512,431,440,483,473,614
512,437,439,482,470,605
511,447,439,484,461,611
514,444,440,479,460,615
511,442,437,487,468,604
512,445,440,482,459,616
503,438,428,488,467,617
512,449,437,486,465,606
515,443,441,480,454,620
514,430,439,485,472,621
508,448,431,476,473,617
512,444,438,484,461,616
514,444,439,483,461,618
515,432,442,483,473,617
513,445,436,476,473,619
506,439,427,488,470,619
513,438,440,484,474,610
508,447,438,476,473,618
514,447,432,485,463,613
507,450,430,479,473,618
517,437,436,482,457,619
514,446,437,485,473,610
520,441,442,475,466,623
513,448,435,486,468,613
512,430,439,485,471,623
515,440,432,473,467,619
515,431,438,484,472,621
519,444,437,475,470,622
513,447,435,473,473,621
507,441,427,487,469,622
505,446,426,480,472,622
518,446,440,473,475,621
509,434,431,487,465,625
501,449,428,483,474,623
515,442,440,483,472,616
514,447,437,488,468,611
519,440,442,483,475,615
518,446,439,484,460,621
509,447,430,482,474,619
509,441,425,486,471,623
512,447,431,481,474,619
511,447,433,475,472,621
505,443,428,486,467,620
508,435,433,487,467,623
516,450,438,487,465,612
517,446,443,473,472,622
512,445,441,486,457,622
518,441,442,473,470,622
516,440,441,486,476,614
520,441,442,474,464,624
507,448,429,479,473,620
507,448,430,482,473,621
519,431,441,484,470,622
516,448,436,487,461,618
520,437,442,481,473,615
516,453,437,487,468,613
515,438,439,476,474,622
516,445,438,486,469,625
509,447,429,481,474,620
507,448,427,482,473,620
518,442,441,476,463,624
516,449,436,488,460,619
508,432,433,488,468,626
508,442,423,483,470,620
509,447,429,482,472,622
515,446,437,488,469,614
507,443,428,489,469,623
512,447,431,475,474,621
514,432,433,487,470,622
517,443,441,481,460,623
516,447,437,488,460,618
518,431,442,483,474,620
515,448,438,488,472,614
517,445,440,483,460,622
516,449,437,486,461,617
514,445,437,488,470,612
512,446,436,479,473,621
520,434,441,481,473,616
510,447,432,477,473,620
516,449,436,485,465,614
508,442,427,489,470,625
517,446,441,474,471,623
516,446,438,485,470,613
516,445,440,484,460,622
520,442,439,486,474,613
508,447,428,486,470,623
517,446,440,484,460,620
506,443,424,482,469,620
517,443,440,484,470,612
517,443,442,474,466,624
507,448,430,482,473,620
515,445,440,486,471,614
520,441,442,481,460,625
505,442,425,487,468,626
511,445,438,475,476,623
507,448,430,481,475,624
512,431,437,484,471,624
513,445,438,487,469,618
506,438,436,473,468,628
505,446,428,484,473,626
517,435,441,479,470,620
513,441,438,484,460,628
515,440,438,473,473,628
503,433,428,488,469,632
511,436,440,485,459,632
511,425,434,488,470,633
503,441,427,484,472,631
510,442,436,489,465,625
503,434,425,485,472,629
512,438,437,474,472,631
515,436,441,476,466,631
512,438,439,475,473,629
512,432,442,484,476,624
501,440,426,484,474,628
509,437,438,488,468,619
509,438,435,488,462,623
502,427,431,488,471,632
506,435,438,477,470,630
509,439,438,485,470,629
514,432,441,478,464,629
508,436,438,473,472,626
510,431,438,484,474,617
511,435,436,468,470,625
508,437,437,487,468,616
506,438,431,476,475,625
499,438,425,481,472,623
514,434,441,473,468,626
512,423,441,483,473,620
511,431,440,481,473,619
504,421,430,487,467,629
513,427,439,471,468,626
508,437,434,487,463,621
497,433,423,484,467,628
509,418,436,485,470,629
499,431,424,481,470,627
512,430,440,477,462,630
509,433,438,486,458,627
512,428,440,472,465,629
507,429,437,480,459,629
511,433,436,480,460,630
511,425,436,480,470,622
508,430,439,475,463,633
498,433,423,482,467,628
509,423,439,471,462,633
505,434,434,486,462,627
505,414,436,482,475,633
511,425,438,475,469,636
508,424,438,477,465,635
509,421,438,482,477,626
505,434,434,485,464,630
506,429,435,487,468,627
511,415,439,483,476,629
503,415,438,482,475,636
501,420,433,488,472,642
505,432,433,487,468,633
503,417,431,488,471,642
511,415,438,482,476,636
499,423,425,486,472,641
501,425,427,476,474,636
503,431,431,474,477,640
510,428,438,471,474,641
500,433,426,481,477,639
509,428,441,474,474,640
495,424,427,487,472,641
511,429,440,475,473,640
504,432,430,477,476,639
498,432,426,484,473,639
506,420,432,488,474,642
501,419,423,484,471,642
510,427,436,476,474,639
509,426,440,484,474,637
500,432,429,483,473,640
510,416,442,485,474,640
510,428,440,473,469,641
507,432,438,488,472,630
506,434,438,488,465,632
505,433,435,475,475,641
512,417,438,481,474,637
506,431,436,477,475,640
495,425,430,488,468,643
510,431,437,476,471,641
496,422,430,490,469,645
509,417,440,487,470,642
509,420,440,487,469,645
500,427,430,489,470,642
509,419,444,486,474,637
510,430,443,481,460,643
509,432,444,490,461,640
509,436,441,489,465,633
512,424,445,484,473,635
507,429,440,492,460,631
503,434,438,478,476,641
510,426,443,490,460,640
508,433,437,478,472,639
512,436,433,486,472,640
512,430,445,477,468,642
499,424,434,490,469,645
500,435,434,484,475,641
506,432,433,473,476,636
509,431,443,484,462,636
513,433,440,490,463,634
497,430,431,489,470,643
512,428,448,478,467,645
511,431,443,485,460,642
513,428,445,488,476,632
511,420,444,485,473,643
500,422,428,491,465,642
508,429,444,478,470,643
511,422,446,486,474,637
506,430,446,486,462,645
500,432,432,489,470,643
505,433,444,488,462,640
502,433,446,477,473,641
510,431,448,480,466,644
497,431,433,492,471,645
508,433,450,488,460,641
510,427,448,481,464,643
500,426,436,491,470,644
499,432,436,487,472,642
508,431,449,489,472,633
500,436,440,484,476,641
503,420,444,493,469,646
510,433,448,488,461,643
497,430,437,493,469,644
498,430,439,494,469,645
512,420,455,490,473,638
509,430,454,485,464,644
500,436,446,484,475,642
509,435,452,495,460,641
497,435,435,495,468,636
499,436,440,492,475,642
512,423,455,492,476,637
501,423,442,496,469,645
509,431,451,491,459,639
510,432,454,491,473,632
504,437,446,482,475,641
503,425,443,495,471,646
505,421,454,489,474,634
511,437,451,495,459,641
494,439,438,492,472,643
499,434,439,495,470,645
512,422,453,491,474,636
497,428,443,498,468,646
500,431,439,494,469,645
513,429,454,492,473,636
511,434,452,492,459,643
511,421,452,492,474,642
506,420,451,493,471,643
511,434,439,485,465,640
499,427,441,498,470,646
514,436,449,481,471,642
511,437,450,480,472,642
511,424,456,491,474,640
512,430,450,490,461,641
501,435,439,494,470,645
511,435,449,492,460,642
512,432,455,486,462,645
512,422,451,491,471,642
513,439,453,490,474,638
514,431,451,485,464,645
515,434,452,482,469,643
498,435,439,494,470,643
513,427,452,492,473,634
512,433,452,490,459,644
500,432,439,492,469,644
515,424,454,488,472,637
507,437,448,493,462,636
509,440,449,494,461,635
509,420,452,490,471,640
511,436,451,491,468,640
511,436,450,491,455,642
507,438,450,495,457,640
512,428,453,490,472,635
514,433,453,486,463,643
502,430,439,493,466,644
511,436,452,489,456,644
511,426,451,491,470,636
512,436,454,484,463,645
513,435,451,490,456,644
505,425,445,491,468,644
511,432,454,487,457,645
513,432,452,484,461,644
510,435,451,481,466,641
501,433,439,492,465,645
512,434,455,482,470,643
507,439,449,494,464,632
509,435,447,482,468,641
501,437,435,490,468,642
513,433,453,484,462,644
513,433,452,486,458,644
505,424,444,494,467,645
509,436,449,488,454,639
513,436,448,476,462,645
510,421,451,495,460,643
513,437,452,483,466,643
509,437,449,494,463,634
503,422,450,494,468,643
510,438,451,491,458,643
511,430,451,491,470,634
512,429,453,489,471,644
509,430,445,494,462,634
499,440,438,492,470,642
509,435,449,495,467,635
503,440,443,483,470,642
508,437,446,483,470,642
507,425,446,496,466,647
501,427,438,495,464,646
510,435,449,483,470,643
500,430,438,490,469,643
499,436,439,492,471,643
514,424,453,489,472,638
510,435,450,493,468,634
507,435,451,494,457,644
509,433,444,495,460,632
505,430,437,495,468,646
512,436,447,493,470,632
513,433,453,486,461,646
514,425,452,490,472,637
515,435,453,489,471,635
501,439,439,489,470,641
511,431,452,491,469,634
510,438,448,494,457,637
508,439,449,496,456,637
508,421,447,494,464,643
510,419,454,486,470,636
514,433,453,487,455,644
505,438,440,479,468,639
499,432,454,495,454,643
511,431,455,491,468,635
504,426,446,494,463,646
497,435,442,492,464,644
510,435,452,494,466,635
507,437,448,483,468,642
512,424,455,490,467,635
511,436,451,493,465,633
517,425,457,496,463,634
511,433,455,491,453,645
514,431,455,493,470,635
506,439,451,495,455,639
507,425,448,489,464,635
512,421,453,492,467,647
515,435,454,484,463,647
511,428,456,493,470,638
515,435,455,492,465,647
509,436,454,481,468,647
512,435,454,492,456,647
512,437,453,496,458,646
515,436,453,496,455,645
507,438,453,496,461,638
504,438,453,496,462,638
511,438,452,498,456,645
511,438,454,483,470,647
509,428,459,492,470,641
512,436,457,493,457,648
513,435,456,492,456,647
514,433,460,487,462,650
506,438,448,484,472,647
503,439,446,488,468,647
511,422,454,496,466,650
506,438,452,486,469,647
513,435,456,496,455,648
513,438,456,497,472,639
515,433,459,488,462,650
509,434,455,485,467,648
513,430,459,493,470,641
505,420,441,497,466,651
506,427,447,498,465,651
513,431,459,495,469,651
514,420,455,495,470,648
504,439,443,494,468,652
516,420,458,491,468,646
505,428,444,497,467,652
511,433,453,492,468,638
512,431,455,483,465,649
517,419,455,492,468,646
511,435,447,495,457,643
517,417,451,490,469,647
516,428,451,481,462,650
511,430,444,492,458,643
513,414,446,487,467,650
515,412,446,487,468,648
508,415,441,483,469,645
511,422,435,485,456,640
511,419,434,472,467,645
516,409,437,479,464,641
511,418,432,484,457,635
515,410,434,473,453,646
504,410,417,481,459,644
512,398,424,478,457,644
512,411,423,475,460,630
505,411,412,474,457,639
511,413,417,469,460,636
513,411,423,465,460,634
505,410,410,476,456,631
520,394,422,470,456,627
510,410,411,466,456,627
514,394,416,472,452,632
508,404,405,472,453,629
507,397,421,462,441,629
516,409,417,461,454,627
516,391,414,472,454,628
516,405,416,471,454,619
513,405,417,469,443,629
515,392,414,473,455,632
506,410,407,465,458,628
519,404,419,463,451,631
515,409,415,462,455,628
520,393,421,474,454,628
517,396,415,473,453,633
519,406,419,469,445,631
520,408,422,463,452,630
507,409,407,474,455,629
513,415,411,468,459,629
521,412,416,464,458,629
517,411,419,470,453,619
521,403,416,470,444,629
520,397,420,474,458,629
522,409,421,468,452,631
517,412,416,479,445,627
516,396,415,475,457,634
516,412,418,476,455,622
508,409,405,476,458,630
518,397,417,476,458,632
515,415,417,477,448,626
522,408,420,465,454,631
514,414,408,470,460,629
522,409,421,467,453,631
523,409,422,469,453,633
522,400,422,476,461,625
516,413,416,467,460,629
517,414,417,481,450,626
520,412,421,480,459,622
523,396,422,481,462,627
509,415,415,474,464,630
516,415,420,486,458,621
522,406,424,480,466,624
510,416,411,482,464,630
524,410,426,474,455,633
507,419,414,477,467,631
519,414,424,473,465,634
521,408,427,484,469,626
518,418,424,476,468,633
509,424,418,487,468,635
521,417,431,486,469,627
517,429,422,474,471,631
519,422,429,476,470,635
519,412,432,485,467,635
510,420,424,495,464,640
518,432,435,492,470,636
517,441,434,479,472,637
519,428,438,490,472,633
508,448,426,485,469,637
516,446,438,485,461,638
510,443,431,496,464,642
509,457,427,488,471,638
516,458,437,493,467,630
514,460,438,493,471,629
511,472,434,497,462,633
513,467,437,482,471,640
515,473,440,483,460,641
509,482,431,482,474,637
516,482,437,491,475,630
515,477,437,491,473,636
505,498,427,483,473,637
510,505,433,479,474,639
515,503,434,486,459,640
503,517,423,492,471,641
510,507,430,488,473,641
501,524,428,491,470,642
511,527,435,494,462,636
507,531,420,491,472,640
512,510,433,492,470,637
501,536,435,489,475,634
511,534,420,489,473,640
514,519,431,494,471,630
503,520,434,490,474,634
513,528,429,481,470,638
505,540,421,492,474,638
512,533,430,486,476,637
509,536,434,488,461,641
509,533,434,485,468,640
498,539,416,495,471,642
500,533,418,498,471,640
513,522,429,497,472,630
506,535,417,491,471,640
509,537,428,499,461,636
512,521,432,494,475,632
504,535,430,499,459,637
512,536,427,488,474,640
511,531,427,498,465,631
510,527,433,493,474,633
511,540,419,487,474,638
509,543,430,489,466,639
498,545,417,496,471,640
511,529,429,496,471,629
502,544,415,495,474,632
512,537,426,485,470,638
509,534,426,498,462,633
508,533,426,499,463,632
497,531,421,500,469,641
497,527,424,500,469,640
508,531,417,496,472,637
511,526,423,487,473,635
508,528,417,493,473,636
511,528,434,485,472,638
512,527,420,495,473,636
510,518,427,500,466,628
512,517,427,486,469,637
506,518,417,497,471,637
508,514,423,490,474,635
505,497,428,498,471,641
512,502,431,486,468,637
509,486,435,496,473,638
511,498,431,489,460,633
504,497,427,487,476,636
512,489,437,486,460,640
500,485,426,492,471,640
506,482,437,477,474,635
509,466,440,493,468,628
504,456,433,495,470,639
512,455,445,486,463,638
513,445,447,488,475,631
513,443,447,480,463,638
509,441,443,477,461,632
512,433,448,484,462,638
510,419,444,484,471,636
511,429,450,476,468,637
514,424,451,477,461,637
500,425,433,483,473,633
512,422,443,485,468,626
511,415,449,476,466,638
514,417,443,469,472,633
513,404,447,481,474,630
511,415,443,484,458,633
514,411,443,471,468,634
506,399,438,471,471,632
505,399,433,484,467,636
512,402,445,476,463,634
505,407,440,487,459,626
503,410,430,483,469,633
513,404,439,482,457,630
507,403,436,473,470,630
506,406,432,475,472,629
517,399,442,473,464,632
515,400,442,477,459,635
513,397,441,483,457,631
512,400,439,485,466,623
503,392,427,485,466,634
508,387,433,487,466,634
513,397,437,487,467,622
512,384,433,483,468,634
511,398,434,485,466,620
511,397,434,482,457,627
507,397,433,486,458,623
511,396,432,484,462,620
511,393,437,471,463,630
512,395,431,484,458,623
512,397,431,485,457,623
512,396,427,471,469,627
517,380,435,480,466,623
511,398,428,483,456,620
517,381,431,480,467,619
516,377,424,477,462,629
513,397,429,484,456,623
515,386,431,481,463,617
503,384,419,484,458,628
516,388,429,479,464,617
515,393,428,481,460,617
518,390,430,469,455,628
510,395,424,471,465,624
519,392,429,472,458,616
512,393,423,471,462,624
517,392,425,481,460,616
515,393,422,468,463,625
516,394,424,471,459,625
515,398,423,485,456,616
512,393,424,481,463,614
514,380,421,482,460,627
516,394,427,470,460,624
519,395,427,473,457,625
505,399,413,473,460,626
507,399,415,477,465,624
516,396,424,470,460,621
517,395,422,486,448,622
517,388,419,478,446,622
504,397,409,480,460,623
506,393,409,484,457,626
519,393,424,474,452,626
511,398,420,470,463,623
507,398,412,475,463,622
505,399,411,475,462,623
508,382,415,484,460,626
504,398,410,479,463,623
514,374,416,484,455,625
511,397,417,484,448,619
514,393,422,471,455,622
512,390,422,480,462,615
516,395,421,483,464,615
518,383,421,479,460,617
506,398,405,479,460,623
517,394,420,481,447,625
516,383,422,480,460,622
506,393,405,484,457,626
504,389,408,484,455,626
516,395,420,479,448,624
513,397,417,484,455,615
512,398,414,473,460,622
515,399,418,482,455,614
512,401,416,484,457,615
503,398,409,478,459,623
513,395,421,478,448,627
518,396,420,472,458,622
505,401,407,480,459,624
517,382,419,482,459,623
515,398,414,475,446,619
517,388,423,480,461,619
515,400,418,485,454,614
506,393,410,484,456,627
505,397,403,479,460,623
515,398,421,483,461,614
519,396,423,476,456,624
516,399,424,485,450,624
503,403,411,481,463,622
513,395,428,487,467,615
512,404,424,492,459,616
501,403,415,488,466,624
508,394,415,490,462,627
513,403,426,491,465,616
514,404,424,481,466,624
512,403,422,480,467,624
518,401,431,492,453,626
513,406,430,494,455,624
517,404,432,491,455,625
512,401,428,478,465,626
516,404,432,491,468,618
516,403,435,484,466,628
518,391,431,493,467,628
515,405,433,494,457,625
509,389,423,495,463,628
513,406,430,483,470,626
516,403,436,485,458,629
512,407,431,482,470,627
518,404,429,494,467,628
516,403,436,487,457,629
503,404,424,494,466,628
512,411,433,495,457,624
512,409,434,490,455,627
514,403,437,491,471,620
516,393,435,490,469,625
514,407,436,489,457,627
510,400,437,489,470,618
504,394,426,488,466,630
507,410,430,481,472,626
499,410,425,489,471,627
509,395,434,495,470,630
513,407,439,482,470,629
505,402,426,494,468,632
512,396,435,492,472,629
514,405,439,482,466,631
508,404,433,477,474,632
514,409,439,484,467,635
513,398,438,489,474,631
504,411,426,490,474,635
513,407,440,485,467,640
514,406,441,485,470,643
510,411,438,493,464,642
506,400,433,497,473,647
500,408,426,495,477,644
499,411,426,490,477,644
511,408,438,495,465,646
511,408,439,493,465,645
513,404,440,493,481,637
510,413,436,499,468,642
512,407,441,489,467,649
507,413,436,495,471,639
515,409,440,488,464,646
512,403,442,497,480,638
513,396,442,494,477,646
508,412,437,498,467,639
515,409,442,483,473,646
510,412,436,496,473,635
500,413,428,489,478,646
512,411,436,483,478,645
511,410,438,496,463,643
512,408,442,486,470,648
512,408,442,491,466,648
508,414,436,497,468,637
507,404,441,495,477,637
499,416,426,493,474,645
510,412,436,499,464,641
508,413,438,496,469,639
514,397,442,492,476,644
510,413,433,491,472,636
504,411,437,484,476,647
514,403,440,493,471,644
500,410,424,496,474,650
509,411,438,495,472,641
511,402,438,488,467,648
504,409,440,485,474,650
504,411,434,487,474,648
512,409,442,487,469,652
507,398,440,495,476,643
507,411,438,495,462,649
496,401,428,500,472,653
508,396,439,496,471,651
508,411,438,495,461,651
509,411,439,498,472,642
508,410,440,490,464,653
495,410,427,495,473,652
506,412,436,499,469,643
497,410,427,500,472,653
512,409,438,495,462,653
505,414,436,498,468,642
506,413,437,500,464,646
510,409,440,497,461,654
501,399,434,501,471,654
505,415,435,499,471,655
511,411,442,485,472,653
499,412,426,495,472,651
507,411,436,485,474,651
497,414,426,495,472,651
505,401,434,499,472,654
511,398,441,496,474,649
496,404,429,501,473,656
497,402,434,501,471,651
498,410,426,498,472,654
507,413,437,501,464,646
510,399,439,497,474,651
511,397,441,496,474,649
511,407,437,492,474,641
514,412,434,482,474,651
506,406,439,485,471,650
512,397,438,495,476,647
513,411,438,481,473,650
512,412,441,487,470,653
499,405,428,499,476,654
508,414,439,501,464,648
509,406,435,498,459,649
509,413,437,498,470,642
508,414,439,500,463,650
510,408,442,488,469,654
510,409,441,491,464,653
511,409,436,491,480,641
513,411,442,489,469,653
510,413,439,499,465,650
509,407,438,499,476,642
507,413,436,501,471,643
508,414,429,497,468,654
499,411,427,497,476,652
507,396,435,500,475,654
511,404,441,496,479,646
503,414,433,487,477,651
506,415,438,499,473,643
510,406,439,496,477,643
508,412,437,501,471,645
506,412,442,487,473,655
499,404,425,496,472,653
508,398,439,499,478,653
491,408,426,500,474,656
499,416,427,497,478,653
506,416,436,502,468,649
502,402,433,501,474,659
497,418,426,497,478,655
508,400,442,498,478,652
497,412,427,500,475,655
508,411,437,489,474,655
510,406,442,498,480,654
508,399,437,498,477,660
499,409,427,498,474,656
512,410,440,494,466,657
511,398,439,496,480,660
506,399,436,499,474,656
510,413,438,497,466,652
503,403,433,503,474,657
510,410,440,497,475,646
500,408,427,503,476,657
503,402,435,502,474,657
499,416,426,498,471,655
511,410,440,498,480,648
512,412,442,490,472,659
511,401,443,496,478,652
507,415,435,502,474,647
513,401,443,495,478,651
511,400,440,492,478,653
513,411,442,498,464,659
514,399,441,496,478,652
509,418,432,499,468,645
507,416,437,501,472,646
503,405,433,502,474,658
508,413,439,487,476,654
510,416,438,502,474,645
510,416,437,501,471,648
509,414,436,488,477,655
507,401,434,500,474,657
503,400,427,496,472,657
512,413,438,499,478,654
515,401,442,497,478,652
511,414,427,501,473,658
506,402,434,502,476,658
501,418,428,492,480,655
506,403,434,504,475,658
512,412,439,496,466,657
509,400,439,499,477,658
510,417,434,497,475,645
509,402,439,501,476,656
513,401,441,498,479,657
500,412,430,504,476,657
504,416,431,492,481,654
510,411,441,500,480,647
504,402,435,503,474,659
509,400,436,502,475,658
511,416,437,490,479,647
501,417,431,495,478,655
510,416,443,497,481,652
513,395,439,500,477,656
514,413,443,489,475,655
516,411,444,496,467,657
516,403,444,498,477,653
508,417,434,490,479,655
514,405,443,499,478,649
504,408,428,504,473,657
514,415,440,500,464,654
506,416,433,491,478,655
503,414,430,503,473,659
508,403,437,504,473,660
502,417,428,499,475,657
514,414,443,500,464,657
516,401,442,500,475,657
514,413,444,501,464,657
512,406,443,499,477,651
516,412,445,490,472,660
516,410,444,488,471,658
512,418,435,504,468,651
514,411,441,498,462,652
503,416,429,497,474,656
504,418,430,497,475,656
511,413,442,495,464,658
511,408,439,489,477,654
513,415,441,502,472,648
508,407,434,502,471,659
510,417,436,490,477,654
513,418,440,503,468,646
504,414,429,501,473,656
514,412,442,497,461,654
515,415,442,499,460,655
514,413,441,498,460,656
514,419,438,502,462,649
516,407,443,497,475,647
515,410,443,500,473,646
505,417,431,494,472,653
515,417,438,502,466,646
518,412,444,496,460,656
514,418,438,500,469,646
512,402,433,502,468,656
504,415,427,499,473,654
517,414,442,496,458,655
514,413,442,499,459,655
516,409,436,487,468,653
516,417,439,502,459,649
504,417,433,488,471,650
515,400,442,491,468,649
514,410,441,492,453,650
516,414,443,486,463,650
516,415,439,495,455,646
512,413,441,495,459,651
504,407,429,500,466,650
515,407,436,493,453,647
513,402,440,494,472,647
511,415,437,486,471,645
511,418,437,484,473,648
511,417,436,500,462,639
509,419,433,488,472,645
514,408,439,495,473,639
505,417,429,487,475,646
510,414,439,497,459,646
501,416,425,491,467,646
516,415,441,490,463,648
515,404,437,496,468,646
502,414,427,501,467,648
510,407,429,500,468,648
516,413,442,489,462,648
509,404,433,494,467,649
511,418,438,500,461,648
512,417,441,499,458,645
513,417,436,498,465,636
513,403,440,494,471,638
512,412,440,496,468,637
516,404,443,496,472,641
513,402,438,496,471,648
508,404,433,497,467,648
511,413,438,485,470,646
511,414,436,496,465,635
511,414,436,498,465,638
503,415,427,491,470,645
501,410,424,495,465,648
518,399,433,490,469,644
515,398,439,493,468,643
507,411,422,494,466,645
514,406,440,487,460,648
506,411,424,490,468,644
515,398,437,493,469,641
513,408,431,482,462,645
513,404,432,492,450,641
504,403,416,497,462,647
514,394,435,493,465,640
503,408,416,487,464,644
513,401,432,494,463,635
514,405,431,492,469,635
514,391,432,492,463,646
514,405,432,489,452,645
517,404,435,488,456,646
514,404,433,486,456,644
512,392,430,494,463,644
519,405,433,491,466,634
511,411,427,496,460,634
517,397,435,493,465,638
506,399,421,495,461,642
503,411,418,493,463,643
515,403,433,493,464,636
514,403,430,491,462,634
512,406,431,492,462,633
515,405,431,488,448,647
500,402,416,493,459,644
510,394,423,492,460,645
505,403,415,493,459,644
507,409,419,484,462,641
510,393,427,491,461,644
517,404,429,485,454,645
512,410,425,494,454,634
507,409,419,487,461,642
518,395,429,490,462,643
514,411,425,496,450,638
515,407,429,483,462,641
513,409,425,494,458,633
518,407,429,486,451,644
509,396,422,495,460,645
511,402,431,491,465,635
505,403,417,495,461,645
512,398,425,496,463,649
516,405,435,489,469,638
512,412,432,498,461,635
507,413,426,492,468,641
503,406,423,497,465,644
515,407,436,497,470,632
504,407,425,501,464,644
510,416,433,486,471,640
508,404,433,501,466,643
506,422,429,491,472,638
515,418,443,489,462,643
512,425,435,500,461,636
512,426,434,499,461,633
514,420,442,496,471,632
504,429,428,492,471,640
515,420,443,492,457,644
508,413,434,498,467,644
518,424,442,487,462,643
512,429,436,499,460,635
504,427,428,488,471,639
513,427,438,498,459,637
511,427,438,496,456,639
516,423,439,485,468,640
511,428,438,500,460,635
513,422,437,484,470,639
515,421,429,500,466,640
508,414,436,498,466,641
513,425,438,496,469,627
502,419,430,497,466,640
508,427,431,491,469,636
503,421,427,497,467,639
505,429,427,492,469,635
513,430,436,497,462,630
512,434,435,499,466,628
517,421,444,492,470,632
516,422,440,491,470,634
512,440,437,494,465,628
515,432,440,490,471,630
516,443,436,494,464,629
511,445,428,482,470,635
518,437,441,481,455,640
503,450,426,487,469,637
505,452,426,486,469,635
503,445,425,483,466,638
513,452,436,495,455,634
517,441,436,482,471,629
507,453,433,480,471,636
515,452,440,485,459,640
516,438,438,488,467,632
513,444,436,489,467,639
506,461,435,491,459,633
513,458,438,477,466,637
504,462,438,490,459,632
512,460,435,489,464,629
505,453,426,487,467,642
516,457,439,478,461,639
507,462,426,481,470,636
512,457,436,484,466,628
511,450,423,485,465,639
514,461,432,485,464,627
511,464,432,484,456,634
516,457,437,472,462,639
515,454,436,479,470,629
508,454,424,481,464,638
516,446,432,476,466,630
509,463,433,480,459,627
514,460,433,478,456,635
501,460,433,475,455,636
518,449,438,476,465,632
513,466,426,475,457,629
508,451,425,479,461,638
503,458,420,475,464,636
511,459,422,475,462,638
512,455,425,463,465,634
514,449,434,467,451,636
516,446,435,454,464,636
517,442,438,458,462,636
512,430,439,464,465,629
511,440,434,468,454,627
515,424,439,467,464,636
514,432,439,456,456,636
514,428,439,468,464,627
512,429,436,470,459,625
515,424,440,467,453,636
518,428,435,473,461,627
512,424,435,459,461,635
505,421,432,471,461,636
513,422,439,473,450,631
504,415,427,469,460,635
511,417,438,475,454,626
497,418,428,473,460,634
508,401,436,473,459,637
512,414,441,474,459,628
518,407,446,464,458,634
513,414,441,475,455,623
513,393,441,474,464,634
510,396,437,476,459,636
511,408,442,477,460,623
515,403,444,462,454,633
507,409,434,469,464,630
518,405,445,467,460,633
514,400,444,476,465,624
511,407,441,479,453,626
512,402,444,472,452,634
502,405,429,479,462,633
505,404,429,480,462,633
515,405,441,480,452,631
513,405,440,480,452,628
514,403,444,467,463,631
507,405,437,470,465,629
518,392,442,479,464,625
503,414,428,479,462,631
513,404,439,480,462,621
517,392,444,480,465,624
513,404,436,481,458,621
512,404,440,478,452,630
501,404,437,485,453,625
513,391,437,480,462,632
518,403,441,474,460,632
506,407,430,472,466,627
514,406,432,473,466,628
517,409,427,481,463,631
516,401,441,475,456,630
506,405,427,482,463,630
516,404,442,480,452,632
517,411,441,483,452,631
512,409,440,484,462,622
511,411,435,473,468,629
515,395,443,482,465,631
514,406,446,484,467,622
517,410,449,479,460,631
516,418,444,488,468,620
510,405,440,489,464,633
504,408,434,490,463,632
512,405,442,478,469,628
517,403,450,483,466,626
514,421,445,488,456,623
514,418,449,486,455,628
516,412,448,486,451,625
519,410,450,484,468,619
508,407,450,486,468,621
514,414,450,488,471,620
509,414,443,489,465,632
513,424,443,480,468,625
514,413,443,492,466,631
517,426,434,490,466,628
514,424,444,477,470,628
505,434,435,491,468,630
507,432,437,493,466,631
511,427,443,494,467,631
517,435,451,485,455,629
515,437,448,487,457,628
517,439,448,489,457,630
514,439,446,493,458,623
515,439,448,491,457,629
512,440,446,493,457,627
516,425,448,491,467,629
509,429,441,492,466,632
515,429,447,490,468,629
517,440,452,490,471,622
506,447,438,494,464,631
517,459,444,474,467,627
514,447,446,492,467,631
512,453,443,491,466,629
515,477,444,493,462,620
519,474,436,482,468,625
518,474,446,492,470,619
516,466,441,491,465,626
515,488,442,484,469,628
519,489,443,493,466,623
517,480,439,492,468,628
518,487,442,493,471,632
517,486,438,491,468,628
518,506,430,485,470,626
520,498,438,496,465,618
519,493,439,493,470,621
519,504,435,495,468,620
507,512,424,495,470,628
512,508,436,487,465,629
517,505,433,496,471,620
516,507,434,497,468,620
515,507,436,489,462,630
517,511,432,500,467,619
518,508,435,488,466,629
515,511,432,500,457,624
516,506,435,487,463,630
516,507,429,493,459,621
505,495,419,495,468,629
506,508,421,494,468,628
510,493,425,485,469,628
515,479,429,494,455,625
510,457,417,490,465,630
509,455,421,478,468,628
519,447,427,470,467,627
515,427,431,481,468,625
510,427,421,482,462,632
507,428,416,482,461,632
517,428,425,467,462,628
510,415,428,477,463,624
516,418,423,480,458,618
518,413,428,464,457,627
511,415,418,465,463,624
517,408,424,476,453,624
503,413,410,476,460,626
520,411,428,468,449,627
506,417,416,468,462,624
519,402,429,471,462,620
519,412,428,464,454,627
507,412,428,464,459,628
520,412,427,463,456,628
508,415,425,475,450,625
519,404,430,472,449,626
518,394,425,475,457,622
516,414,424,465,460,625
520,399,428,474,461,626
505,402,420,481,459,629
517,414,425,481,449,623
514,407,428,465,461,625
514,400,426,476,459,625
514,414,422,466,463,622
506,414,427,477,449,625
518,411,429,471,449,627
515,410,424,475,445,621
516,417,427,467,451,626
517,410,427,467,454,625
515,412,413,477,461,624
518,406,418,481,457,627
517,408,429,475,463,617
515,403,413,478,460,626
518,405,426,477,463,619
516,414,425,480,450,621
515,401,427,477,460,613
501,409,414,481,459,625
519,411,431,471,456,627
517,395,430,476,462,621
512,395,424,479,460,628
508,404,423,481,460,630
517,398,429,476,464,624
517,412,427,480,463,616
514,416,426,483,451,623
514,416,425,483,462,616
516,416,427,476,453,628
506,403,417,483,463,629
509,415,427,471,468,626
506,401,425,480,467,626
504,399,427,481,467,626
507,401,425,482,467,632
503,411,425,483,466,618
508,416,422,474,471,626
502,406,416,486,465,630
510,415,424,481,457,624
504,419,425,480,468,627
508,416,424,483,458,621
511,417,427,482,455,625
500,418,416,475,470,627
513,414,424,486,459,625
515,403,424,481,469,626
510,413,422,486,454,623
497,417,415,480,468,629
512,415,428,472,466,629
501,415,413,478,469,629
511,414,419,473,469,628
511,417,426,485,458,626
509,415,416,475,466,631
511,415,428,483,457,630
512,415,426,484,459,628
518,403,431,473,459,634
517,412,428,472,466,634
512,414,427,483,456,632
517,412,432,473,467,635
512,418,425,487,459,631
516,412,429,482,456,635
516,407,433,484,469,629
513,400,429,482,463,637
517,412,432,482,473,627
509,405,425,484,466,642
516,418,429,487,457,637
516,415,426,474,470,637
513,414,426,486,464,630
508,419,422,479,470,638
517,415,434,473,464,641
519,414,435,477,462,641
516,402,431,484,467,643
509,406,424,486,464,643
506,418,429,486,465,644
516,416,432,489,453,641
515,417,431,474,468,639
522,414,436,474,461,643
511,403,433,484,467,641
508,418,423,482,467,641
513,417,429,475,468,639
519,413,434,480,458,645
507,403,435,483,468,634
513,418,433,488,456,642
520,405,433,478,456,646
511,405,426,488,464,647
516,404,431,486,468,646
519,417,436,484,474,637
507,419,421,485,466,645
514,413,424,478,465,641
514,418,432,478,469,644
515,421,433,489,461,641
513,420,437,489,468,647
518,418,436,492,465,637
515,406,436,493,465,652
517,421,437,492,457,646
518,420,436,481,471,645
508,418,426,491,468,647
519,421,438,495,468,638
521,414,444,491,471,641
510,431,428,490,471,646
516,437,441,479,469,648
515,425,437,495,470,650
519,427,440,494,459,644
518,443,439,493,469,636
522,430,447,490,472,643
523,441,444,484,463,648
507,442,427,491,471,646
516,448,437,494,466,637
520,444,442,488,474,635
518,452,438,491,471,636
512,447,431,493,470,648
519,456,440,487,460,646
521,453,439,493,461,648
518,456,436,493,468,648
520,464,438,489,474,637
507,473,438,484,463,647
514,478,432,493,462,638
514,483,426,480,475,641
521,471,435,490,475,642
519,471,434,488,474,642
516,492,436,489,476,637
520,486,436,484,465,648
512,493,423,480,476,642
517,491,431,492,468,635
522,494,433,488,474,641
516,497,429,494,464,638
509,497,423,484,475,643
515,497,426,479,474,643
519,492,434,487,475,636
508,502,420,490,472,645
519,500,436,488,470,645
519,497,428,479,471,644
516,508,429,479,474,643
515,510,437,485,464,646
507,510,424,487,475,643
511,511,426,485,474,644
518,503,438,489,475,636
523,505,439,475,469,645
518,508,426,484,472,643
518,512,436,489,469,636
512,512,424,487,472,643
520,504,428,482,476,644
519,515,441,479,463,647
512,518,429,483,473,646
517,516,441,485,462,642
520,503,443,480,476,638
521,503,441,483,473,645
520,520,441,483,476,635
509,518,431,483,472,648
511,505,434,484,470,646
513,518,428,488,470,646
520,514,443,483,470,645
521,508,442,485,460,643
512,509,431,481,474,641
509,504,429,490,474,645
522,502,445,477,465,643
510,496,429,490,469,643
510,498,436,481,473,641
518,503,442,487,460,638
516,500,437,479,474,640
518,497,443,490,471,632
519,493,443,486,463,642
508,493,430,491,472,642
521,487,443,495,474,641
520,482,443,490,476,633
519,486,440,493,471,643
522,474,441,494,469,632
513,474,438,494,470,644
522,480,441,493,468,632
524,465,445,489,474,637
521,479,444,493,461,642
512,482,435,484,474,639
518,475,443,492,474,631
509,471,430,493,472,643
508,473,429,494,471,641
516,475,441,495,467,631
518,454,440,495,471,642
517,467,441,496,460,635
519,461,440,494,462,636
520,445,442,494,469,637
518,457,439,499,460,635
514,460,438,486,474,637
522,455,445,485,467,640
520,454,441,496,471,628
521,444,444,494,470,636
509,455,431,494,470,638
518,462,440,497,468,629
517,457,440,492,466,627
521,455,444,489,463,639
520,452,431,496,468,638
521,446,438,494,461,634
520,446,429,489,474,635
516,444,435,493,468,639
518,464,440,497,462,629
516,468,439,493,469,623
513,457,431,494,460,637
520,465,442,489,460,635
518,468,439,491,469,627
513,472,432,492,460,629
521,459,442,487,471,632
517,473,437,490,468,624
511,467,426,490,465,638
521,476,438,488,457,637
515,472,437,493,465,626
517,489,434,488,459,638
505,489,422,497,467,636
520,498,430,495,468,627
521,498,432,488,457,636
511,507,428,481,466,634
519,508,427,493,465,627
520,505,430,486,465,634
518,512,421,496,454,633
509,510,415,492,464,636
518,511,430,481,460,635
515,494,426,492,466,634
520,507,430,483,457,640
519,510,417,486,454,635
518,495,426,485,466,635
519,508,427,484,455,635
524,507,428,481,459,635
507,497,422,490,464,634
522,503,428,486,468,627
517,511,423,488,464,633
520,494,426,487,466,631
518,510,424,479,468,631
520,495,425,494,459,627
520,492,430,489,469,632
519,507,426,494,459,626
521,501,430,490,470,631
514,493,423,492,466,636
517,504,427,496,460,632
522,506,433,483,460,627
522,497,433,487,459,634
520,502,419,494,469,633
519,500,432,495,458,633
523,494,431,485,465,629
510,503,433,484,469,633
512,487,428,497,466,635
509,500,423,493,469,632
519,499,436,495,459,631
514,502,430,486,473,631
509,499,436,495,459,633
523,486,438,492,472,625
520,495,435,497,466,632
517,484,438,495,468,623
512,499,430,499,467,634
515,499,433,498,469,633
523,495,436,498,469,633
524,496,422,497,468,634
511,489,436,497,464,623
518,483,438,499,468,634
522,484,435,498,464,625
521,491,441,484,469,633
523,496,438,483,469,630
524,486,439,493,471,628
509,497,425,496,470,631
523,495,440,484,468,631
510,500,426,494,469,631
517,485,434,495,469,634
518,500,427,492,469,632
520,495,442,494,474,622
511,497,425,495,467,631
522,494,443,490,459,633
519,502,427,491,472,631
520,500,435,489,469,630
519,500,438,483,470,632
521,493,439,496,459,629
522,497,442,494,459,631
512,501,429,498,461,628
524,490,440,487,460,629
511,493,424,493,468,630
521,491,442,492,473,623
511,499,427,493,471,629
517,499,437,483,473,628
520,497,440,494,470,621
519,483,433,496,470,634
522,492,442,492,474,628
518,494,436,487,473,627
516,479,436,496,459,627
524,472,443,492,472,628
511,477,445,498,469,634
523,458,438,498,463,624
523,462,444,498,469,633
519,461,441,492,469,634
523,449,439,498,461,626
512,457,435,490,473,629
513,447,432,499,470,633
515,453,435,486,475,628
522,434,442,499,470,635
523,443,443,499,471,622
517,433,450,499,469,621
523,429,442,493,462,632
524,442,438,489,474,628
512,435,432,494,462,633
522,442,442,488,472,630
516,431,441,501,471,634
516,432,431,499,469,623
519,447,441,501,468,621
521,444,443,486,473,631
523,439,433,498,475,624
522,434,445,499,475,629
523,445,443,487,471,630
524,440,433,489,470,633
515,436,437,503,472,632
523,431,448,497,474,628
520,448,449,490,473,630
523,436,448,497,472,628
512,442,433,491,465,632
514,440,434,500,468,633
520,435,437,502,466,622
523,437,447,495,462,632
518,454,442,502,467,623
522,438,446,500,471,634
523,446,448,497,462,626
522,451,445,489,477,629
524,453,448,497,462,632
521,454,447,495,460,630
519,459,443,497,473,621
521,458,446,494,464,633
524,456,432,488,468,633
523,455,447,490,468,635
517,461,435,497,472,632
524,446,447,488,478,630
519,447,448,497,467,621
520,463,447,500,464,628
517,462,436,492,473,629
524,455,437,495,462,630
520,464,445,498,474,622
520,458,448,495,462,633
519,463,443,496,474,624
522,456,442,486,471,633
517,461,440,494,475,623
512,453,434,485,476,632
515,462,438,488,475,632
520,459,439,499,467,623
525,443,447,492,464,634
528,457,444,487,472,631
522,441,447,488,471,630
512,456,434,498,472,631
516,448,433,499,472,634
524,442,450,496,476,627
526,450,445,500,461,632
523,437,448,497,475,630
516,436,449,501,469,622
518,449,444,495,458,632
522,442,444,499,471,633
524,435,443,502,464,627
521,441,445,497,476,621
521,441,444,499,460,632
519,443,444,503,462,627
522,441,445,503,462,631
523,434,444,494,463,633
521,438,443,501,464,624
520,417,443,502,471,632
525,426,447,492,469,632
519,416,440,501,471,634
524,423,441,504,460,626
512,420,433,503,471,633
521,415,428,494,463,632
524,407,442,499,472,626
517,418,442,493,472,628
524,411,443,498,472,629
522,398,439,500,458,630
523,410,421,502,471,622
523,414,436,506,457,626
521,415,432,507,461,623
521,412,435,501,469,629
525,408,437,497,457,632
511,412,417,502,470,629
515,409,434,493,468,628
523,402,433,502,471,624
519,411,432,507,459,625
521,413,435,504,468,628
518,400,430,503,471,624
520,416,434,506,467,633
524,408,437,506,471,622
526,400,437,508,473,623
521,418,432,507,468,634
525,401,439,506,465,621
512,418,425,504,468,632
523,402,435,505,469,629
522,416,433,505,472,619
522,417,435,507,470,632
528,416,440,493,471,629
514,421,426,504,473,628
523,421,434,495,473,628
514,412,427,510,469,632
522,423,437,509,462,627
522,415,440,507,474,630
522,420,440,502,460,631
521,424,426,505,473,630
526,414,444,504,475,623
524,412,444,507,471,632
523,420,438,503,465,622
526,419,438,491,470,630
524,420,443,503,463,632
524,410,440,504,476,625
512,422,443,505,474,621
517,425,431,510,472,629
517,411,440,506,471,630
521,428,438,507,469,622
521,427,439,507,462,625
522,428,442,511,461,629
526,426,445,497,468,633
525,415,440,499,473,627
521,418,442,503,473,630
516,426,435,504,474,623
520,424,442,505,475,627
512,442,430,492,474,631
513,433,444,499,477,627
525,429,446,492,473,628
520,451,442,496,475,632
519,460,439,500,468,625
523,455,444,494,476,629
510,479,430,491,476,625
511,483,429,489,475,631
518,487,435,496,467,632
521,478,439,496,469,625
519,495,436,496,460,631
523,496,432,489,472,632
519,499,430,483,469,631
520,500,432,489,474,633
519,502,432,485,469,633
508,502,416,486,471,633
517,511,426,486,469,634
520,507,430,495,460,632
519,511,427,485,471,632
508,516,416,502,468,635
520,507,423,498,456,632
518,501,429,500,471,635
522,504,430,503,467,636
519,516,428,499,468,633
521,518,420,489,471,632
521,506,429,500,459,633
516,515,414,502,472,636
523,516,415,503,467,637
518,520,413,497,470,633
519,508,425,500,470,629
516,522,424,500,458,631
519,514,424,499,470,634
505,512,425,501,469,634
522,517,419,492,468,632
514,521,414,503,466,635
516,514,423,487,469,633
509,521,414,500,462,625
509,515,419,499,466,636
510,522,413,494,467,624
513,520,418,499,467,636
516,521,424,485,468,633
521,517,424,500,466,636
515,522,424,497,467,634
520,512,427,491,472,623
514,507,424,492,469,632
516,525,423,492,455,635
519,518,420,498,470,628
520,523,411,490,467,633
518,508,423,489,467,627
519,510,425,497,462,625
516,525,423,493,455,630
515,527,424,492,463,635
515,527,425,493,465,630
501,524,418,483,469,632
507,526,410,495,463,637
516,520,420,480,469,631
516,511,422,489,468,633
518,512,427,489,469,633
516,527,426,486,456,634
519,518,421,493,460,625
510,510,412,494,462,635
520,504,425,488,455,633
519,522,426,482,462,634
508,521,421,491,464,638
516,517,424,490,467,636
519,515,425,493,462,626
521,514,428,494,460,625
511,520,418,493,466,633
522,501,436,494,469,630
519,500,434,500,468,635
523,496,438,497,470,636
512,494,435,498,470,638
521,500,444,489,462,636
510,496,433,487,470,632
518,482,448,485,458,636
516,489,444,496,465,627
508,478,436,492,471,636
516,479,446,495,472,634
520,471,452,483,473,636
516,463,450,489,462,636
507,466,451,479,465,635
515,467,448,495,464,629
516,449,453,488,475,630
516,459,447,494,464,628
516,456,436,489,475,634
519,435,450,493,474,628
507,439,438,495,469,633
520,445,449,494,466,634
510,443,435,494,470,634
513,430,443,495,471,635
511,444,438,484,475,632
517,446,446,492,460,632
518,441,446,500,457,627
520,432,448,494,471,634
517,446,446,496,468,623
521,448,442,488,462,631
520,440,446,496,474,627
523,455,443,489,468,633
518,458,433,497,472,633
510,459,438,500,465,624
519,460,441,499,469,623
506,462,430,501,468,633
511,463,429,496,473,631
523,457,441,494,464,632
511,460,428,502,470,633
507,462,426,500,469,634
511,453,429,489,475,629
523,454,442,498,475,628
519,452,436,501,473,635
521,451,438,500,473,631
519,465,436,489,473,628
525,454,435,504,462,625
520,467,432,499,470,622
518,455,434,500,471,631
512,464,425,502,472,636
520,463,439,502,471,621
511,453,433,501,461,632
523,463,435,501,460,629
517,450,432,501,473,632
511,461,424,502,475,629
524,462,435,489,469,631
507,457,423,504,469,634
515,444,429,498,470,631
521,453,433,492,474,630
522,451,434,502,471,630
519,451,432,492,461,629
510,444,416,503,470,631
521,428,435,501,473,630
522,429,434,496,462,631
521,445,431,504,471,630
522,441,436,502,475,624
525,445,427,506,469,633
525,446,435,489,465,622
519,454,432,508,473,630
523,449,438,500,474,628
511,452,422,503,474,630
512,451,422,496,468,631
524,443,437,499,472,623
516,442,436,502,473,632
514,460,424,508,474,629
525,444,432,509,462,627
512,462,423,498,469,634
517,463,433,509,462,630
511,459,423,504,471,630
523,459,436,503,462,630
514,463,430,498,471,631
513,454,425,509,475,631
520,455,436,502,474,624
510,458,425,508,471,632
523,446,439,508,476,629
524,459,438,495,467,632
526,458,437,500,477,625
512,457,425,505,470,631
522,461,436,504,474,630
525,462,434,508,465,625
517,461,431,496,476,629
520,460,435,507,475,623
512,451,427,507,471,633
522,453,440,490,470,630
519,448,436,506,467,633
521,428,423,506,471,631
515,435,425,509,463,631
520,444,435,504,458,626
512,443,425,500,462,627
511,434,424,502,474,631
520,439,434,508,466,627
520,433,433,508,464,627
520,431,430,495,474,629
525,422,420,506,471,633
524,420,437,495,468,634
526,416,435,498,461,633
523,404,434,503,474,630
524,396,433,505,470,622
518,416,424,495,473,629
519,408,435,503,472,626
516,400,425,507,466,633
511,414,421,499,467,634
525,392,434,504,469,630
524,405,433,496,461,632
523,396,421,499,471,629
524,403,433,499,458,632
524,405,430,493,468,629
521,407,428,508,458,631
512,403,416,503,467,631
521,404,429,505,466,622
522,404,428,504,467,622
514,406,430,502,469,629
521,404,432,502,457,632
514,399,432,493,464,631
511,409,425,499,468,627
510,396,423,494,466,628
522,404,426,493,469,628
524,408,417,499,470,629
521,406,427,505,466,623
524,404,426,496,465,630
510,399,432,498,463,632
511,409,414,501,468,630
523,408,425,495,469,624
512,405,415,508,464,624
527,408,427,493,463,629
523,394,431,506,458,626
525,396,420,499,468,628
525,394,431,504,466,627
517,396,424,507,461,625
512,407,415,509,466,633
511,406,415,507,465,631
522,411,428,507,457,629
523,402,424,506,467,628
527,412,427,505,467,626
512,412,414,505,467,625
514,410,426,495,460,628
524,413,429,499,472,631
511,420,417,503,470,632
523,405,417,500,469,629
523,427,428,508,461,625
519,425,423,498,471,628
522,433,429,508,469,626
524,437,430,502,473,621
520,444,420,508,473,620
517,449,436,503,473,623
517,442,427,506,470,633
519,447,428,504,469,627
521,475,432,503,462,628
530,467,435,494,475,627
522,483,435,500,473,620
521,485,430,487,473,629
526,493,437,494,462,632
524,496,436,495,460,631
525,484,438,497,474,619
513,492,434,487,474,627
525,498,432,496,462,627
528,497,440,487,475,627
523,502,442,483,465,632
519,504,437,499,467,630
523,500,435,485,472,630
512,503,439,497,474,629
512,496,440,494,473,628
521,502,436,498,475,625
514,500,437,501,461,627
522,501,437,485,475,628
516,500,435,499,467,623
524,492,439,495,476,628
523,484,441,497,475,630
513,494,432,498,471,634
517,489,431,501,472,633
520,498,435,501,461,625
521,496,437,487,473,630
524,495,425,495,473,632
523,500,432,487,476,629
510,500,425,494,475,629
513,500,425,497,472,630
516,485,432,502,470,634
507,495,422,499,472,632
527,481,429,489,476,629
519,498,435,499,471,621
522,495,438,489,463,633
521,499,432,504,461,629
524,482,435,501,472,632
521,495,432,502,463,625
520,493,434,501,473,621
523,480,436,500,464,629
525,483,436,497,475,623
518,481,436,498,476,619
524,480,437,497,474,626
514,484,424,499,472,631
519,494,427,503,470,632
519,479,438,497,475,627
519,494,423,502,471,631
524,486,435,499,476,624
520,477,436,500,473,628
521,495,434,503,463,626
512,488,422,501,472,632
522,495,437,498,475,622
522,486,437,499,473,629
514,480,432,501,472,634
517,488,435,501,460,629
509,490,438,484,472,632
524,485,440,489,472,629
509,480,424,501,471,630
520,484,436,503,461,626
521,475,442,490,468,629
516,474,432,491,475,625
511,459,427,505,467,628
520,447,442,502,472,627
522,454,433,494,476,626
521,454,439,490,473,628
519,444,443,497,473,627
514,443,445,497,473,627
517,443,444,506,468,619
521,433,435,501,473,624
515,437,443,505,460,625
520,427,447,506,472,619
511,420,443,504,475,625
516,427,439,495,473,627
517,427,443,508,461,623
518,419,440,508,467,631
519,419,447,504,466,626
523,414,448,496,467,631
509,416,444,506,471,627
517,423,443,508,461,620
519,423,443,507,470,628
522,412,449,496,466,628
513,425,444,494,474,625
519,427,444,508,469,631
507,425,433,504,471,627
519,407,432,506,472,628
511,423,435,504,473,626
523,420,445,507,459,625
515,424,438,498,474,626
511,421,448,508,470,630
522,409,444,505,472,628
524,420,441,495,476,627
521,424,444,510,461,623
519,410,432,509,469,628
521,422,446,505,473,626
519,413,448,505,474,621
520,427,448,507,471,619
521,413,447,504,476,621
521,427,443,509,472,617
521,423,446,506,461,629
521,424,437,499,475,630
520,414,441,509,473,630
520,424,440,497,475,625
516,423,437,498,471,623
513,420,440,509,471,631
516,432,442,500,477,626
511,426,434,511,475,626
515,417,447,506,473,628
521,418,448,507,473,617
523,432,445,507,461,627
517,440,446,509,463,624
526,435,445,509,464,623
521,446,440,505,471,618
512,447,434,500,475,630
513,450,433,505,472,632
519,453,444,505,466,630
524,450,437,501,473,627
519,458,444,501,466,621
523,457,445,500,461,629
512,459,442,502,472,630
521,462,441,506,465,624
524,460,444,497,464,633
523,460,443,494,468,632
509,462,424,503,472,620
520,466,437,502,477,620
510,474,422,498,463,629
524,463,435,490,472,631
523,463,430,500,474,630
514,469,432,500,469,621
519,486,428,492,475,631
509,480,428,499,469,623
523,482,422,485,476,630
511,478,415,496,472,625
516,476,426,489,469,631
523,485,430,484,467,634
521,495,426,495,460,626
513,488,427,484,461,633
521,485,426,488,471,631
524,497,428,481,474,630
521,496,427,492,467,631
510,509,413,487,471,634
522,505,429,488,471,626
523,509,424,490,465,623
517,515,413,487,469,633
521,502,417,483,472,632
521,516,429,474,467,634
523,514,422,476,473,633
510,514,425,487,470,638
520,507,416,487,469,638
519,524,430,482,459,638
510,518,432,482,468,631
511,522,425,479,469,636
521,522,432,475,464,640
519,512,431,481,469,633
520,511,430,482,467,644
521,525,431,479,470,640
519,526,428,484,461,631
510,524,432,479,469,641
515,527,419,483,468,640
516,516,433,479,470,642
518,529,432,483,456,644
520,515,433,482,472,631
522,525,436,485,465,642
524,526,434,473,465,644
521,532,434,478,460,636
523,529,419,478,461,641
516,533,417,485,464,641
520,532,435,480,455,646
518,516,434,486,465,633
508,528,433,490,464,646
512,535,420,492,464,645
512,528,429,491,467,638
512,523,436,489,468,641
513,520,435,492,471,633
516,531,432,495,456,641
519,531,440,487,466,644
519,529,426,501,459,637
516,537,441,495,455,644
505,536,441,501,468,645
517,518,445,505,456,639
517,530,439,499,459,639
517,529,445,496,471,641
506,533,434,504,468,644
518,526,446,488,467,633
514,525,443,501,468,643
512,525,436,497,470,639
515,522,453,501,458,637
517,515,446,489,470,640
514,519,447,500,459,638
507,517,439,501,466,644
519,510,455,487,468,643
516,512,441,502,461,634
518,505,451,497,471,630
518,509,446,499,464,629
513,489,453,498,468,629
523,494,453,495,472,633
519,489,453,499,469,642
520,493,455,487,463,643
518,490,452,488,462,643
519,479,458,494,472,634
508,489,445,497,467,643
520,484,457,486,466,643
517,471,443,496,468,641
507,478,459,496,467,642
521,472,455,492,473,643
508,481,444,488,471,642
519,477,456,496,461,636
515,463,450,494,459,637
516,476,446,491,460,643
510,477,447,484,473,639
520,464,452,493,471,640
519,464,456,493,460,641
521,457,458,491,475,634
515,455,454,491,469,642
518,467,460,482,471,637
519,460,457,490,466,631
515,449,457,492,470,640
520,462,460,477,472,637
514,447,453,490,461,635
517,458,461,483,472,636
524,457,460,487,471,631
523,454,463,476,465,640
519,457,456,486,462,635
519,451,456,482,460,636
521,438,461,484,472,636
520,447,454,485,460,639
518,445,459,479,456,640
517,452,456,485,463,632
523,444,461,480,474,631
519,446,457,482,470,630
524,443,461,477,460,642
520,433,459,480,473,636
519,444,457,483,460,638
516,445,453,471,474,637
522,440,460,483,472,630
522,434,457,485,460,632
520,440,459,484,461,634
519,437,456,483,467,627
515,424,453,485,470,643
521,432,455,486,458,633
521,420,456,479,471,636
517,434,454,473,472,637
512,425,460,483,468,641
520,430,459,479,459,637
516,435,452,483,465,631
519,433,457,482,459,640
521,430,461,469,471,640
520,429,461,475,471,638
517,427,449,480,459,634
517,424,450,480,463,629
510,430,446,472,471,637
521,427,455,481,469,641
520,413,455,477,469,625
517,417,453,477,464,633
522,418,460,468,463,640
521,406,457,476,473,633
509,418,443,477,468,630
518,417,455,477,457,638
517,417,452,475,472,629
516,397,451,475,468,638
520,411,456,470,460,639
510,413,444,471,472,637
520,405,455,477,468,628
513,396,447,478,468,639
509,403,438,479,467,640
521,395,438,475,470,629
509,405,455,478,468,641
518,405,452,478,468,635
520,403,450,478,465,630
522,401,454,471,462,639
521,402,454,472,463,638
521,395,453,477,470,634
518,408,456,467,468,636
522,394,450,479,468,638
507,407,439,481,468,636
512,411,445,476,458,633
512,399,447,483,467,634
519,405,454,479,470,636
508,401,442,483,469,640
510,414,452,481,466,641
519,398,453,481,457,634
517,411,454,481,466,627
511,401,450,484,469,639
512,418,444,475,471,637
519,412,454,476,461,639
515,416,455,472,470,638
516,418,453,485,462,627
518,403,454,473,470,634
522,406,454,483,471,634
521,407,456,482,471,637
521,416,458,483,470,627
508,425,443,490,459,634
515,426,448,474,471,635
510,430,437,486,473,632
510,431,433,486,469,636
523,424,448,486,458,636
522,439,440,487,471,635
517,433,435,493,471,629
519,437,441,492,472,633
514,461,428,487,472,636
519,468,434,498,467,626
510,475,419,497,472,630
512,474,423,499,471,637
522,489,431,501,467,626
522,491,433,491,465,637
516,488,423,505,469,631
519,505,428,495,463,638
524,506,431,491,466,638
514,511,429,500,457,637
513,517,415,504,470,635
525,516,420,493,471,635
524,517,418,499,470,633
515,508,421,498,469,635
523,515,422,508,460,637
522,523,415,507,464,638
520,527,425,500,458,638
511,521,422,507,469,637
508,512,420,508,472,627
521,525,424,508,472,627
509,523,420,508,468,640
522,511,424,510,465,639
524,513,423,492,466,636
509,523,411,508,466,639
511,521,411,508,468,639
518,520,424,500,470,634
521,512,424,505,463,628
512,518,410,501,469,640
523,515,413,492,462,638
521,514,427,502,466,640
508,516,415,500,465,638
524,514,423,486,469,637
519,502,422,489,470,630
513,519,412,495,466,638
513,517,424,494,456,634
511,512,423,492,467,640
509,513,420,493,456,640
519,512,425,490,457,638
509,519,422,489,464,638
523,518,424,472,464,635
517,523,418,485,468,629
522,510,432,483,466,632
521,522,427,485,460,640
518,524,431,477,453,639
523,523,429,473,466,640
515,513,432,482,464,635
522,525,427,472,463,636
519,529,434,478,451,639
522,532,421,482,462,637
518,533,430,484,453,633
521,530,434,485,462,640
515,534,420,482,462,639
513,522,434,482,450,634
519,530,434,473,457,639
509,532,427,486,462,635
519,534,422,487,464,637
521,534,435,486,452,635
518,535,437,473,465,637
520,533,439,472,462,638
511,534,423,488,459,640
517,519,441,482,465,631
515,536,438,483,452,639
521,533,436,474,462,637
515,521,441,483,463,634
513,535,425,488,459,638
518,520,440,485,467,629
519,535,437,481,453,640
521,531,437,490,451,637
526,532,433,471,467,634
523,527,437,490,464,642
519,531,435,479,468,636
521,535,430,484,466,636
523,521,442,492,466,626
512,525,439,485,460,630
517,534,428,491,469,627
515,524,443,490,460,639
516,535,430,493,466,637
522,530,432,486,468,636
510,529,435,496,464,641
520,533,433,496,465,641
520,516,446,492,468,629
523,512,444,494,467,634
518,509,441,493,468,636
510,519,446,492,454,639
519,512,444,494,459,633
524,501,448,492,470,633
524,497,450,485,464,636
522,507,449,480,462,639
523,494,447,494,466,641
512,504,435,494,465,638
513,495,440,482,462,640
523,491,452,488,474,631
515,504,436,485,465,635
520,496,450,492,469,629
520,493,447,480,469,636
521,493,446,492,467,640
518,490,445,481,467,639
523,483,453,488,472,631
525,485,454,483,461,641
522,488,451,493,469,627
523,473,456,490,474,636
524,480,455,494,465,629
510,482,446,486,472,635
519,483,451,493,470,637
509,476,442,492,458,636
519,474,452,479,471,636
523,469,458,489,473,636
511,470,443,489,471,637
510,458,444,492,471,636
510,465,445,485,472,636
509,460,444,488,459,634
511,450,446,492,469,642
519,455,456,489,472,627
509,456,442,479,474,633
508,451,445,488,471,637
518,442,460,485,475,627
520,440,459,486,469,628
519,444,459,481,462,640
521,430,460,484,472,637
509,434,449,487,470,638
518,439,463,474,464,638
511,433,448,486,473,630
516,427,454,484,475,628
519,423,459,484,470,639
520,435,457,483,470,628
506,438,444,483,472,637
515,433,456,480,459,637
514,433,451,470,475,637
517,430,456,481,469,640
511,420,450,485,472,628
520,414,458,482,472,639
519,428,458,486,471,628
504,428,444,483,469,639
512,426,446,485,470,632
520,429,458,471,458,635
523,431,460,476,465,638
514,437,453,472,467,629
518,435,452,478,471,623
518,434,459,480,476,632
509,432,444,485,472,640
510,430,445,488,460,636
511,436,441,485,470,638
522,436,456,484,472,636
520,423,455,485,473,635
520,434,455,483,474,629
519,442,451,486,462,638
523,429,453,484,473,628
509,446,439,481,475,636
521,429,452,483,474,634
515,445,447,487,468,637
514,432,442,487,463,632
517,445,451,475,475,630
519,444,449,475,461,632
518,453,444,481,475,632
519,452,446,475,470,636
522,447,450,485,476,640
519,457,450,475,471,636
514,462,436,478,476,635
509,463,432,490,472,638
508,470,433,482,473,636
509,466,430,490,472,637
513,474,439,492,461,636
510,478,432,483,470,637
521,476,443,488,474,630
517,485,441,491,462,634
510,491,429,491,472,636
508,492,428,485,472,638
512,496,431,478,473,633
511,488,432,488,471,639
522,497,444,476,468,638
517,504,438,487,469,629
521,505,443,482,473,636
513,513,428,483,468,626
514,500,441,482,466,638
517,501,439,483,475,631
520,515,439,472,471,638
515,505,435,485,470,642
521,520,434,474,475,635
519,517,439,486,462,631
507,514,437,483,473,638
513,521,428,482,471,637
511,509,435,487,468,639
508,522,434,488,469,640
506,519,433,488,464,630
510,521,428,486,471,641
515,522,438,485,472,633
508,515,439,487,471,643
518,518,443,475,469,640
513,520,443,481,475,631
515,521,440,487,460,636
519,501,443,483,469,640
521,514,436,470,472,635
515,516,443,484,473,631
517,502,443,482,474,636
519,500,442,487,475,632
507,508,429,479,468,638
514,496,439,486,475,633
505,495,427,488,469,642
507,503,428,484,471,639
506,502,427,490,476,628
515,503,437,476,475,636
515,493,441,485,471,632
511,503,429,483,474,639
519,497,442,474,475,640
514,501,436,475,475,636
519,496,442,482,463,641
515,497,439,486,463,637
507,492,429,489,472,641
506,502,427,484,475,635
511,489,434,488,475,635
513,501,436,490,465,634
514,496,441,476,471,629
508,501,428,484,478,639
520,494,439,489,467,632
519,493,442,485,476,631
514,501,436,478,478,638
518,498,440,488,474,641
510,501,427,483,478,640
516,500,438,486,477,635
520,495,442,478,473,641
518,499,438,488,476,632
510,501,435,477,477,638
