=~=~=~=~=~=~=~=~=~=~=~= PuTTY log 2023.11.03 00:57:56 =~=~=~=~=~=~=~=~=~=~=~=
588,657,655,659,480,559
587,646,657,661,475,564
591,661,657,648,485,570
581,653,654,659,480,563
579,660,647,658,484,563
596,662,654,655,482,573
584,661,642,662,484,570
576,659,643,660,485,559
593,643,657,662,471,571
589,661,658,650,482,570
593,657,649,662,480,572
591,644,653,662,484,566
583,651,655,658,475,563
580,661,647,653,478,562
585,661,658,644,485,569
584,649,656,660,474,570
593,656,646,662,481,573
594,657,654,657,481,573
595,643,657,661,481,575
589,661,657,650,484,568
589,658,656,651,483,568
591,656,650,661,475,573
594,655,653,656,480,572
593,658,655,655,480,573
585,660,655,650,483,568
589,654,653,655,478,572
588,656,655,652,474,572
588,655,657,651,478,572
589,655,658,650,479,571
579,656,645,655,484,574
589,655,654,656,480,573
587,657,646,662,481,574
579,650,650,656,481,560
587,661,657,650,484,568
580,650,654,658,477,562
585,657,643,662,482,572
583,644,657,662,473,567
577,660,645,660,484,564
585,642,657,662,470,568
584,644,657,661,474,565
586,657,657,647,475,572
586,662,653,652,484,570
581,661,640,660,484,567
585,652,652,660,479,571
578,660,642,659,483,565
589,656,652,657,481,576
587,645,652,665,473,571
588,655,653,653,480,574
577,647,654,661,474,567
589,654,648,656,480,572
587,641,656,659,466,570
578,656,651,658,480,562
576,662,643,654,480,562
577,655,649,659,480,563
585,642,657,661,471,568
585,660,656,647,483,569
585,655,645,659,481,573
580,659,642,667,483,567
588,651,650,660,477,572
591,652,654,652,474,572
580,660,640,661,483,564
589,655,652,655,480,571
584,644,655,660,471,565
589,656,658,648,481,572
577,655,638,662,482,569
583,658,640,663,483,570
589,652,657,655,480,573
581,643,653,658,479,563
590,647,650,662,472,573
588,652,657,650,481,572
586,657,641,659,482,572
588,642,655,662,469,568
591,641,654,662,472,572
586,660,653,647,483,569
583,657,653,650,484,571
579,656,642,659,484,566
587,656,655,649,479,568
590,641,655,662,471,571
592,655,646,659,481,572
585,659,635,657,484,568
584,642,655,659,472,569
580,656,641,660,482,571
581,658,642,661,482,569
589,658,654,652,482,571
576,659,647,659,484,563
586,658,640,662,484,570
586,658,656,648,486,571
587,654,652,658,477,572
578,655,643,657,475,559
591,653,653,661,479,574
585,650,644,662,481,574
590,658,647,659,484,563
589,656,658,648,481,571
585,657,642,662,483,572
590,652,650,657,476,573
592,655,649,659,481,575
581,659,642,660,483,568
594,649,652,663,471,574
584,644,654,656,474,566
578,654,647,658,481,572
585,657,654,650,484,571
579,659,642,658,484,565
590,642,654,661,471,572
585,655,642,661,484,570
585,658,653,651,484,571
588,655,656,647,475,573
587,655,645,660,480,576
577,652,641,659,485,565
584,647,653,663,473,574
581,657,640,662,483,570
576,657,647,656,482,563
588,651,646,657,480,563
588,644,656,660,473,571
583,641,656,660,472,567
587,655,654,648,481,570
582,656,658,647,482,572
580,653,641,660,485,568
585,657,653,649,483,570
590,641,654,660,473,573
579,661,642,660,483,569
579,648,654,657,476,563
576,654,648,657,482,572
591,654,653,652,480,574
581,641,653,660,468,569
579,649,648,656,476,564
590,653,649,657,476,576
580,644,653,658,477,568
579,655,641,656,480,574
584,654,655,650,485,573
583,642,652,661,472,572
588,641,652,662,473,574
590,642,653,648,483,565
589,641,652,660,483,573
580,647,651,657,482,564
578,650,651,657,483,576
588,654,656,644,478,571
577,658,643,652,482,561
585,656,653,649,484,569
585,660,655,646,486,568
586,631,651,658,473,572
579,658,641,658,484,566
591,653,656,646,481,574
588,651,651,655,478,573
584,658,653,648,486,570
584,655,655,650,485,573
578,643,653,657,475,568
577,650,637,655,486,566
586,643,656,658,475,569
584,656,656,642,481,570
589,652,645,658,484,576
587,655,655,646,485,572
587,658,644,654,473,571
575,654,646,655,483,574
580,657,642,657,485,567
589,652,647,655,480,575
590,649,656,646,481,564
590,649,650,655,482,575
590,655,645,658,483,573
579,639,640,659,485,577
591,659,653,660,475,573
576,641,653,657,478,563
577,649,650,656,483,563
587,636,655,659,467,572
581,655,639,659,485,570
587,654,656,646,485,572
577,650,650,655,482,562
579,658,640,659,485,566
588,652,660,649,481,574
578,654,641,657,487,565
578,657,641,657,486,567
577,651,647,653,481,561
576,652,646,654,483,564
585,638,653,659,469,566
588,655,648,643,485,568
590,637,652,660,473,573
591,641,651,661,473,574
587,651,650,653,482,574
571,644,649,657,479,561
587,653,657,647,482,573
585,648,650,661,475,574
585,645,654,646,487,571
589,649,654,654,481,575
572,647,647,655,482,565
580,652,640,659,483,572
591,654,651,655,483,574
574,650,647,656,487,563
586,652,650,653,483,574
589,641,651,660,475,575
576,657,639,656,485,565
584,656,654,643,476,573
580,655,638,659,484,567
578,654,637,658,487,571
587,633,652,657,472,571
585,654,652,646,484,571
584,639,653,656,473,568
577,642,647,654,482,564
582,651,649,654,481,570
587,654,638,658,485,574
587,651,650,650,476,574
588,651,648,650,482,574
579,639,652,660,474,573
586,652,653,644,483,573
586,651,638,660,483,573
578,650,648,655,483,565
588,638,651,658,472,574
585,655,650,650,484,570
578,651,646,655,486,565
585,652,650,649,485,574
584,641,653,659,472,568
575,648,649,655,482,567
591,639,649,658,473,574
583,640,653,657,476,568
583,655,638,657,484,571
586,652,635,654,482,571
589,651,655,647,483,573
582,655,638,654,487,568
585,653,652,645,486,569
587,646,651,660,473,575
587,647,649,644,486,571
591,641,651,660,475,574
587,655,655,645,485,567
585,655,649,658,486,571
576,646,646,655,480,563
588,650,649,655,478,574
590,630,651,659,473,573
590,638,652,659,473,574
587,639,653,657,474,569
576,659,639,656,486,567
584,655,632,659,481,566
589,657,650,648,485,570
578,653,645,654,484,563
585,655,652,643,486,569
578,652,647,654,482,566
577,650,648,655,483,574
590,651,649,648,483,570
587,661,651,644,488,571
583,641,652,656,467,569
587,656,652,648,487,571
587,653,654,645,487,571
589,651,644,656,482,576
589,651,653,646,483,573
577,655,641,657,483,571
584,655,648,648,485,572
585,638,653,655,472,573
585,655,654,645,487,572
582,656,637,659,485,569
587,650,650,652,483,571
586,652,654,647,483,575
585,632,652,658,472,570
589,652,643,657,482,576
588,658,648,641,486,568
588,654,652,646,484,571
586,639,652,660,473,571
581,655,638,654,479,569
589,650,655,645,483,575
581,639,651,657,474,569
592,646,647,652,482,575
589,650,642,657,481,576
592,651,646,656,481,577
592,638,651,658,474,575
590,651,655,644,483,574
581,648,648,658,481,574
577,648,641,656,487,565
571,653,645,655,483,564
580,648,652,653,479,566
576,648,645,654,483,565
592,649,650,654,482,576
577,652,645,653,486,564
578,648,635,655,486,567
581,640,651,662,474,572
577,655,637,656,485,565
584,654,638,658,485,572
578,653,641,656,486,564
591,651,652,646,483,575
578,649,643,654,487,565
577,656,638,655,486,562
584,655,656,646,486,572
589,645,648,657,475,575
587,653,649,651,484,572
592,641,652,659,475,574
586,638,651,658,474,573
589,649,645,651,483,576
582,642,646,655,478,567
585,653,649,651,485,574
579,655,639,653,486,566
583,654,638,657,484,573
588,646,648,657,479,575
585,652,638,657,487,571
584,640,653,658,475,571
573,648,646,653,483,565
590,645,647,659,479,574
582,649,649,653,487,574
593,648,644,655,482,577
582,655,636,658,487,570
588,636,652,658,469,569
587,651,637,656,487,567
577,648,644,654,482,564
579,643,650,652,480,569
577,649,644,651,485,565
589,648,651,645,482,576
593,648,637,654,484,578
589,636,649,658,473,574
589,628,646,657,485,566
581,652,637,653,483,569
587,650,648,650,483,574
588,651,649,649,484,574
590,634,652,656,473,570
590,642,646,652,480,574
590,649,654,649,482,576
584,649,641,652,483,565
582,652,636,655,487,575
585,653,652,643,488,571
577,652,638,656,484,571
582,636,649,654,474,570
579,640,647,653,477,566
577,650,641,651,488,565
589,647,646,641,486,572
582,635,649,655,477,571
582,638,650,653,479,568
589,640,636,654,483,577
588,648,652,643,484,574
586,652,648,648,484,574
578,643,646,656,481,564
585,653,648,646,484,574
583,637,652,655,476,572
577,652,637,655,490,565
583,651,641,652,487,565
590,650,637,656,483,577
579,646,644,652,483,565
588,645,646,653,486,577
584,653,648,645,486,571
579,649,644,652,482,567
588,652,651,644,485,574
587,636,652,657,475,573
586,656,636,658,481,575
591,641,647,659,475,575
582,648,632,657,488,570
577,650,638,654,488,566
590,650,652,651,482,576
587,657,643,641,488,571
590,652,645,657,484,574
587,656,650,643,488,573
585,658,650,645,486,572
591,654,643,655,482,578
589,652,652,651,483,576
576,651,645,654,483,567
585,661,651,644,489,574
589,653,646,653,483,575
586,655,637,659,487,574
591,631,649,659,476,576
588,635,649,659,474,575
590,656,646,656,483,577
590,649,645,657,481,575
591,651,646,657,480,576
572,651,643,654,488,567
584,643,651,658,479,571
589,656,634,659,485,574
585,658,649,646,487,573
580,650,646,652,486,568
584,646,649,656,480,569
582,656,634,657,486,575
582,641,651,657,478,571
589,640,650,657,475,575
589,657,638,658,486,576
579,653,641,655,486,566
591,641,648,657,474,574
590,653,651,648,483,578
590,641,650,659,476,575
579,652,640,653,486,570
586,657,654,646,487,571
594,653,641,656,483,574
590,645,651,657,476,572
592,652,646,651,482,577
590,654,652,644,484,575
582,649,649,655,481,572
585,653,643,655,483,579
590,643,648,660,477,578
592,644,649,644,489,575
579,652,646,654,485,568
591,649,646,653,480,578
591,651,646,654,481,578
590,654,645,656,477,578
582,658,648,645,487,576
589,660,644,644,489,577
590,642,652,657,475,576
592,655,652,658,476,577
584,645,652,654,478,572
589,660,649,646,488,577
588,660,637,656,488,577
587,659,637,658,483,576
591,658,652,644,487,578
589,661,648,645,489,577
580,648,649,656,480,571
589,642,650,658,475,579
581,661,635,656,486,567
577,655,643,654,486,568
588,657,641,657,487,574
587,657,637,660,487,576
579,655,643,653,486,568
595,656,647,648,484,580
593,654,644,655,484,580
592,644,649,657,476,573
590,648,644,652,485,579
587,661,650,646,488,577
589,658,647,650,486,579
588,645,647,658,476,576
585,644,650,657,475,572
590,658,652,643,487,578
591,643,648,660,475,577
589,655,652,644,485,578
589,660,646,644,489,576
592,646,652,652,476,574
580,653,645,655,484,570
589,658,647,645,484,574
584,660,652,646,487,578
590,638,649,659,476,579
585,644,650,655,478,573
593,642,650,656,470,579
593,651,652,644,484,578
582,656,644,654,485,570
590,658,640,657,486,577
592,655,647,651,482,581
590,659,648,650,482,577
581,649,651,655,479,574
587,660,650,651,485,576
592,644,650,660,473,577
594,643,648,657,482,579
584,647,651,650,476,570
589,643,653,658,476,575
591,656,644,657,483,580
587,658,648,650,485,576
583,653,635,658,488,571
584,661,636,657,487,573
592,643,649,659,470,579
583,648,650,656,478,572
593,651,646,658,478,577
590,658,653,644,487,571
591,644,649,662,486,573
590,652,648,650,486,577
588,642,652,658,487,577
587,661,649,647,490,577
580,652,647,656,481,576
589,655,647,654,488,578
593,654,646,654,482,577
581,651,650,655,480,570
584,656,652,646,486,579
593,656,653,652,483,581
589,645,649,659,488,578
594,649,647,657,476,579
595,654,646,654,486,579
590,658,640,659,486,580
591,655,651,651,483,580
583,659,636,657,485,574
589,660,649,648,489,576
592,660,646,663,482,577
588,659,650,643,488,574
589,656,641,658,486,579
593,646,649,663,476,577
587,661,651,638,475,575
591,646,646,657,483,578
582,650,647,654,484,568
591,653,643,655,484,579
587,644,652,656,476,572
583,646,652,657,474,567
588,659,650,647,486,576
579,655,644,653,481,569
593,658,639,656,486,580
589,657,637,658,481,575
590,658,652,646,489,576
582,656,654,647,485,576
594,659,645,654,482,569
588,662,651,645,487,577
590,658,648,651,485,577
593,655,651,646,487,575
580,645,644,655,485,568
590,652,648,656,486,579
591,658,651,646,488,577
591,643,652,659,474,575
591,645,651,658,475,576
591,631,645,658,476,574
585,643,649,660,475,579
590,660,652,646,486,576
590,659,653,647,487,576
593,645,647,660,481,578
588,638,651,658,472,576
592,646,648,651,486,579
589,638,650,658,475,578
578,651,643,655,486,579
592,649,648,657,479,578
591,654,653,648,483,580
579,658,637,657,487,569
591,651,650,652,486,580
582,657,635,659,486,572
588,654,640,658,485,576
580,639,638,657,490,571
593,652,655,647,486,577
589,649,647,653,484,577
588,655,648,649,482,576
592,651,640,657,485,580
591,650,648,656,482,579
592,650,649,659,482,578
590,649,645,653,483,578
593,653,641,658,486,579
588,655,638,657,488,574
580,656,635,656,489,570
593,652,642,656,483,580
590,637,648,660,474,580
592,646,651,655,478,571
591,651,651,648,485,576
586,656,649,649,487,577
590,640,652,653,476,572
587,655,635,658,488,570
588,641,652,659,478,576
583,656,638,659,486,574
590,647,648,656,484,576
589,641,651,659,477,575
590,655,651,659,469,571
576,643,653,656,478,572
594,650,642,656,483,579
587,654,652,646,489,575
592,648,646,655,484,580
589,646,651,645,488,578
591,640,649,659,476,579
589,633,653,658,471,576
585,653,652,650,485,580
584,642,653,650,472,573
590,652,654,647,484,578
592,639,649,661,477,578
591,656,650,651,486,576
586,655,652,637,482,577
581,650,647,653,484,568
585,641,652,656,477,573
580,643,649,655,485,570
588,655,651,645,488,578
580,653,637,658,487,576
592,648,650,648,477,580
589,650,647,653,483,579
591,649,653,645,488,579
581,654,637,657,489,571
593,636,650,659,475,579
588,638,646,653,478,576
591,638,652,658,476,577
582,645,648,654,480,569
584,649,649,654,482,570
582,655,636,659,487,571
588,651,647,650,485,575
587,654,638,659,486,579
591,629,651,660,476,574
590,641,648,653,475,577
589,651,653,645,487,576
588,636,651,658,474,577
591,650,640,659,484,580
583,640,652,655,475,576
579,652,644,653,487,569
588,636,652,659,473,577
594,654,641,655,487,568
580,646,652,647,478,580
593,645,648,651,484,580
591,625,642,659,477,579
578,650,641,656,487,567
594,649,640,658,485,576
591,646,644,654,484,580
585,635,653,656,476,575
587,644,652,645,488,576
588,653,653,643,489,577
578,645,646,654,483,567
591,641,651,648,486,579
579,651,636,656,489,570
588,654,644,651,485,577
579,654,636,657,477,573
592,651,640,657,485,577
587,650,647,650,489,575
587,641,632,658,484,566
588,654,648,647,487,578
590,637,647,659,477,580
580,647,648,655,478,564
578,649,645,651,486,568
588,651,653,643,486,580
581,640,653,656,473,571
586,640,650,648,480,568
592,645,641,655,486,576
591,648,637,653,489,570
590,649,637,658,488,574
583,640,652,655,480,571
592,638,646,653,484,579
587,648,635,645,487,577
579,647,646,654,486,576
578,653,637,654,488,569
582,651,649,644,488,580
589,649,648,648,484,582
586,649,648,645,489,577
591,635,649,658,476,579
592,649,653,642,486,578
577,642,645,652,482,568
594,636,651,659,474,577
593,646,641,653,485,580
579,641,648,653,482,569
580,648,636,657,488,574
591,639,646,656,477,580
588,647,651,643,485,579
589,644,652,644,484,579
589,637,646,659,478,581
583,651,637,654,488,572
588,630,651,654,477,575
593,642,649,648,484,580
589,646,637,656,486,578
591,634,647,654,481,579
581,649,635,654,490,578
588,635,642,645,488,577
591,641,647,654,484,577
587,649,648,649,486,576
582,637,649,651,479,570
589,642,650,652,481,579
589,634,647,656,479,578
589,631,645,654,490,570
589,640,646,643,480,578
588,643,654,643,486,579
586,647,648,642,488,575
588,644,641,652,472,574
579,648,636,652,489,572
588,644,641,655,485,580
588,646,652,641,487,579
588,647,640,654,487,569
590,639,644,653,481,574
589,643,637,655,487,581
591,642,648,647,484,576
584,635,650,654,479,573
590,641,646,648,486,572
592,640,647,650,486,575
579,646,635,650,489,571
590,644,647,644,484,580
587,645,651,640,479,578
591,640,645,649,481,578
591,629,649,657,476,579
591,639,646,653,481,580
591,644,650,650,485,579
583,645,634,654,488,573
591,636,645,655,483,579
581,642,643,651,486,569
588,646,645,645,487,578
581,629,648,653,480,577
590,631,647,650,475,578
591,630,647,655,475,578
587,642,640,654,487,571
587,636,644,641,488,576
587,631,645,651,485,570
584,644,633,654,489,575
585,648,649,640,488,578
578,639,645,656,478,580
593,631,646,655,477,579
580,646,635,653,490,577
578,639,644,649,487,578
587,636,647,646,485,581
590,631,645,648,477,575
579,641,641,649,486,568
577,631,646,650,480,572
578,643,637,650,487,572
588,640,638,648,491,579
590,645,637,653,485,577
590,641,643,652,484,574
592,627,646,652,477,581
589,645,645,648,487,579
591,641,639,654,485,578
585,641,643,648,485,582
580,627,641,651,485,570
587,642,634,654,486,576
590,643,643,646,487,576
586,643,647,654,479,581
586,645,644,641,487,576
590,640,640,645,485,579
580,644,640,648,486,577
589,637,650,639,486,579
588,642,635,653,485,578
591,629,648,653,474,578
591,631,646,655,478,579
579,640,642,649,483,569
586,634,641,641,488,577
572,642,640,647,484,568
579,642,632,652,492,572
579,641,633,643,491,572
591,619,644,655,476,578
589,638,646,652,477,577
592,644,645,641,489,576
585,632,646,651,478,569
582,642,632,652,488,574
591,641,650,639,486,580
579,641,636,647,488,570
591,628,644,652,489,575
589,644,633,651,488,579
581,630,646,650,477,574
589,641,649,639,486,577
590,643,634,652,487,573
588,637,641,651,483,577
593,637,644,649,484,580
590,628,643,652,478,573
588,644,648,640,489,577
588,644,646,639,490,576
578,630,645,648,481,570
588,644,648,638,488,578
582,642,633,651,487,576
591,631,644,654,481,579
588,641,650,637,488,578
592,637,645,640,486,580
588,637,646,641,487,580
591,638,644,648,484,580
590,638,642,639,485,575
577,636,639,650,487,569
585,641,633,654,490,574
590,634,646,643,484,571
586,643,644,643,488,577
580,643,636,650,484,575
583,624,647,652,481,576
588,637,643,643,486,575
591,625,646,651,477,580
587,643,645,639,491,576
582,616,642,649,478,575
578,643,632,649,480,569
588,638,644,645,486,578
592,641,630,654,488,579
588,639,645,640,489,575
583,643,634,651,489,571
579,632,644,646,482,569
584,636,638,650,486,582
585,621,646,651,476,577
588,640,632,652,489,579
588,640,647,638,488,579
588,634,645,649,488,568
591,627,647,643,485,581
584,641,632,649,490,572
581,626,646,643,485,579
580,631,633,650,490,571
585,639,634,652,486,580
580,642,634,648,488,569
594,634,646,645,485,580
591,638,644,644,483,577
591,624,645,651,475,578
588,635,643,646,484,579
589,635,649,639,485,577
580,644,633,652,489,576
585,640,648,631,489,577
578,630,643,648,483,569
590,630,642,648,482,580
576,643,640,645,490,570
592,630,643,653,483,579
585,621,646,649,476,576
591,627,644,653,479,580
586,638,645,650,479,575
588,639,648,639,490,573
585,623,646,651,475,571
586,619,647,651,475,576
588,637,647,638,488,576
578,632,644,647,484,569
590,637,634,643,481,578
583,637,631,649,490,574
583,635,647,635,488,574
589,626,649,633,487,579
590,631,642,645,481,577
589,637,642,642,486,578
581,640,632,647,487,572
583,636,631,651,488,578
584,635,646,641,487,579
577,636,643,646,487,570
589,639,647,636,490,578
581,635,644,642,489,577
585,634,640,643,486,582
580,637,646,637,491,578
590,611,640,649,477,579
583,637,631,649,489,573
588,627,643,648,481,580
588,612,647,651,478,576
588,626,644,656,481,580
584,624,643,647,481,573
592,632,639,648,486,582
583,622,634,648,490,571
593,631,644,641,482,579
585,634,642,637,487,581
583,629,639,649,481,581
591,630,645,643,484,580
590,634,644,640,483,579
590,622,645,651,478,578
590,631,638,650,485,579
591,634,633,649,486,583
584,633,632,651,487,575
588,634,633,650,487,578
585,630,635,650,483,581
579,636,637,645,485,582
592,628,633,647,486,581
585,618,644,649,477,575
580,635,629,639,489,576
588,611,647,652,475,579
587,636,632,650,487,578
587,621,645,651,477,577
591,631,631,639,491,576
588,632,632,648,487,576
589,633,643,638,477,569
585,633,647,644,486,581
593,621,644,649,476,579
587,623,647,636,488,577
587,636,644,636,488,579
586,636,643,638,488,578
587,639,643,642,487,578
588,629,643,646,483,579
586,605,641,649,476,578
579,629,638,644,487,570
580,635,646,636,489,577
586,617,645,647,475,575
591,630,647,636,481,579
586,620,636,650,485,580
580,635,632,647,491,571
586,636,643,641,487,578
584,635,631,647,488,578
588,631,641,641,484,575
584,629,641,644,485,576
590,618,646,648,476,580
590,628,641,646,487,579
575,633,631,648,490,572
583,620,644,650,475,575
591,621,642,649,478,580
578,634,630,647,490,572
586,617,643,649,474,578
583,631,630,646,484,575
590,617,643,651,478,580
586,619,638,641,474,577
580,634,631,648,488,573
586,634,647,634,488,578
581,626,631,648,490,571
594,633,636,648,486,577
593,627,637,646,485,582
590,623,642,649,482,579
589,619,641,645,482,569
587,623,648,637,488,577
586,631,630,649,487,575
588,632,641,648,481,574
580,634,628,646,488,576
582,622,643,646,479,575
589,627,642,643,483,580
586,629,641,642,485,579
589,619,645,646,478,575
588,630,641,639,484,581
585,633,630,650,486,578
583,636,630,648,490,573
585,633,645,637,490,576
591,631,640,645,484,580
584,615,647,649,477,576
588,630,647,634,479,579
583,611,645,645,479,575
587,623,641,643,484,579
589,621,642,652,482,580
588,626,643,647,483,579
591,630,632,650,486,578
585,634,642,638,488,577
592,623,642,647,482,579
593,629,642,643,484,581
584,617,639,647,472,571
586,636,641,635,488,577
592,631,632,647,488,580
585,634,632,650,487,578
591,629,636,644,487,577
585,634,642,637,490,578
585,616,645,649,477,579
590,616,642,649,477,581
585,632,648,634,487,578
586,631,647,635,487,579
588,628,641,645,484,571
577,630,630,638,488,566
590,627,635,649,487,580
581,625,643,646,482,572
590,629,637,645,486,582
580,633,629,648,488,578
586,621,645,648,478,572
577,626,638,646,489,569
584,619,643,634,489,573
587,634,644,628,490,573
585,628,632,650,485,582
590,628,642,648,482,581
592,615,642,650,477,581
585,618,646,648,476,576
586,630,631,648,488,578
589,627,641,646,490,579
589,625,641,647,480,580
591,629,634,646,483,571
589,631,646,635,489,580
591,629,647,634,486,579
589,627,639,647,486,581
585,632,643,637,488,578
593,632,631,642,487,582
590,631,642,643,487,577
581,621,643,648,480,571
586,628,633,649,487,580
584,630,630,650,489,578
581,620,645,647,477,575
585,633,643,638,481,570
591,626,641,650,483,580
589,623,641,648,481,581
583,617,643,640,476,576
588,630,629,651,488,577
586,630,621,650,484,577
585,631,647,635,488,578
578,632,630,645,484,580
577,625,631,645,491,570
582,619,645,647,476,579
591,631,632,649,488,577
592,618,641,651,488,580
593,627,636,645,484,581
583,620,646,646,478,575
576,628,635,644,488,571
587,628,646,637,485,581
589,626,643,637,486,580
588,616,645,646,476,577
579,634,640,646,486,570
591,627,637,647,485,579
584,608,645,640,479,573
578,628,636,644,487,571
586,630,642,644,485,579
590,617,641,643,485,582
588,630,641,643,486,578
582,632,631,653,489,574
587,615,639,647,487,582
589,613,643,649,476,579
592,629,635,634,485,579
585,616,645,648,477,575
586,613,645,651,476,578
585,632,631,650,488,576
585,617,644,650,477,576
581,634,630,647,488,573
590,616,642,643,472,581
589,626,642,651,484,580
591,614,639,647,482,581
579,632,629,649,488,577
585,634,629,649,489,575
588,625,641,647,485,579
592,618,644,635,486,580
589,633,645,633,491,578
591,627,635,647,479,576
579,629,642,634,488,578
580,622,640,644,485,566
590,629,636,646,480,577
579,626,639,642,485,571
590,626,642,643,487,581
587,631,629,644,480,580
588,632,646,635,489,577
579,631,629,648,488,576
580,622,637,647,480,573
591,619,644,639,486,581
587,624,644,637,489,578
590,613,643,649,475,582
577,628,641,645,483,570
579,629,632,645,487,578
588,617,639,642,475,573
589,626,646,638,488,579
591,627,640,634,480,575
588,630,646,634,488,577
581,616,642,646,478,575
588,630,644,635,487,577
586,630,639,640,485,574
586,634,644,634,491,577
590,629,646,636,485,578
589,629,644,633,488,578
592,629,637,645,486,580
591,614,643,650,477,580
583,620,644,648,478,573
593,617,644,650,476,578
590,627,639,636,483,574
586,631,645,636,489,581
591,616,643,642,489,573
590,627,636,646,485,581
591,631,636,636,486,580
582,626,643,644,483,573
588,633,640,646,491,577
579,643,634,644,491,571
580,643,635,645,482,571
588,625,645,649,479,577
577,645,633,645,490,572
593,643,635,646,483,577
591,641,645,643,487,571
585,647,626,647,491,574
591,648,641,636,489,577
591,646,645,636,487,578
588,652,628,643,488,575
580,643,641,645,482,571
593,646,636,646,476,580
591,648,637,645,486,582
588,635,645,647,475,579
592,647,648,645,479,574
591,635,641,649,479,579
591,646,643,634,489,579
588,634,643,643,477,574
582,650,629,645,489,572
583,653,626,640,489,575
580,640,638,645,482,570
595,643,632,647,487,583
589,652,641,639,491,573
584,652,627,646,491,574
582,649,630,648,490,572
588,648,642,636,488,579
585,635,644,647,481,575
590,645,641,636,490,578
595,646,631,648,488,582
589,647,646,634,488,577
594,646,641,639,487,582
592,638,640,647,482,582
587,648,627,650,494,576
578,650,634,644,487,571
582,649,629,646,490,581
592,631,642,649,478,579
578,631,646,646,478,574
590,645,630,648,490,579
581,638,641,644,485,571
591,646,630,648,489,580
589,639,639,644,483,579
591,642,641,640,487,582
593,646,633,643,487,582
590,642,640,640,490,571
586,645,643,634,489,578
593,620,642,642,479,581
581,645,642,635,487,577
578,646,627,646,490,571
580,646,644,635,491,577
588,643,643,635,488,579
591,645,639,644,486,579
591,640,645,635,487,579
585,634,641,644,481,581
588,643,643,635,488,579
584,631,643,647,480,576
593,628,633,649,473,582
588,644,642,637,489,576
581,644,628,646,491,572
593,632,632,645,487,583
587,642,643,635,490,579
589,644,643,635,483,571
589,633,640,639,474,580
591,629,644,629,488,578
590,638,641,640,490,579
589,637,637,638,485,580
587,641,643,638,486,580
591,625,642,650,479,579
585,625,644,647,477,572
580,639,635,646,486,572
584,627,643,645,476,576
581,634,627,647,489,574
578,643,633,646,490,570
593,640,642,643,485,581
582,627,640,644,486,571
583,639,645,634,490,579
592,635,638,644,486,583
583,637,645,636,486,579
591,625,641,649,477,580
585,626,644,646,477,577
578,639,634,643,486,572
590,632,643,633,489,578
593,640,633,645,488,577
580,638,637,644,487,570
592,635,632,646,486,582
590,629,637,646,480,581
579,635,638,645,487,571
585,627,640,647,479,574
591,639,632,648,488,581
589,624,642,649,477,580
593,628,641,636,485,581
589,615,643,649,477,579
577,639,629,637,488,567
584,625,641,647,480,574
590,640,629,649,490,574
585,645,629,647,490,574
592,635,639,640,486,579
593,635,639,644,487,582
580,631,640,643,484,573
593,637,630,640,488,575
589,640,629,646,488,579
591,634,644,637,485,581
578,646,634,643,486,574
586,627,644,646,481,575
589,640,644,635,489,577
590,622,643,646,471,578
583,625,642,643,479,575
588,635,639,639,487,580
580,640,639,642,487,579
589,634,641,640,485,577
580,631,642,643,485,571
593,634,641,639,488,576
587,625,634,647,488,582
587,626,641,645,478,573
594,625,642,650,477,581
590,637,630,646,486,584
588,638,640,642,486,579
588,642,638,640,490,580
581,637,629,648,489,581
590,621,641,647,477,580
594,625,634,642,487,582
585,640,632,647,487,578
588,637,643,632,489,579
581,634,630,643,487,583
591,622,639,648,477,579
591,622,641,649,477,581
592,635,636,646,481,576
587,638,628,648,488,579
591,621,638,641,483,579
591,627,628,648,488,580
590,629,640,645,480,583
585,636,640,638,490,580
591,634,643,634,488,579
581,626,643,645,480,575
589,634,638,640,488,574
590,621,642,649,477,581
577,636,634,642,492,572
582,640,630,646,489,573
580,634,635,643,477,578
592,622,639,648,479,582
581,629,641,645,486,571
577,634,634,646,485,571
590,635,645,634,486,579
577,631,634,642,487,570
592,636,630,648,488,580
592,631,638,644,484,581
580,624,643,644,482,574
593,635,631,647,489,582
582,620,643,647,476,582
587,636,642,639,489,579
592,621,644,651,478,582
578,626,639,645,486,572
578,634,636,643,488,571
582,637,627,650,490,574
588,611,644,646,478,573
591,617,642,648,477,580
584,622,645,642,480,575
594,636,630,649,488,579
587,636,632,648,488,578
588,630,639,644,486,579
590,628,642,648,483,580
589,631,639,644,487,579
586,633,640,634,490,578
585,635,628,647,488,578
589,633,643,637,487,579
588,636,638,630,489,578
591,632,638,632,486,577
589,630,644,633,487,580
593,614,641,642,482,581
579,628,642,642,482,571
589,638,639,638,491,580
587,636,640,638,487,577
590,629,639,645,482,579
590,633,641,638,489,576
584,617,638,647,474,576
579,628,639,642,488,572
589,631,640,645,487,580
589,624,640,649,484,580
588,634,642,632,492,580
585,633,642,638,489,578
595,625,638,648,483,580
590,626,636,647,483,582
586,634,643,634,489,578
587,636,644,632,489,579
579,633,628,644,491,573
590,619,643,646,476,579
585,629,643,637,490,578
588,629,643,635,485,580
587,618,642,651,478,580
588,621,644,648,477,578
580,623,633,645,483,571
590,630,641,645,477,582
588,633,629,649,490,579
589,627,647,635,480,581
579,626,641,644,487,571
586,629,643,633,487,579
587,636,640,633,492,574
589,619,644,647,476,575
588,628,641,640,485,582
585,633,642,635,489,579
592,628,638,646,487,581
582,633,630,647,491,573
590,617,643,648,478,579
594,620,640,644,488,583
588,623,631,647,488,580
592,631,633,647,487,585
590,633,641,635,490,577
586,631,629,649,489,578
591,627,638,644,490,573
586,634,641,637,489,579
584,633,629,645,490,573
583,624,641,637,483,569
591,631,643,639,487,579
592,628,642,637,487,583
579,621,641,643,485,572
581,634,628,647,489,574
586,629,642,636,482,579
586,631,628,647,478,578
580,625,639,641,484,571
592,628,637,647,482,572
596,618,637,650,476,580
589,632,644,632,487,579
592,622,639,647,483,581
591,629,640,635,487,576
592,628,646,639,485,576
590,630,644,633,489,579
575,631,637,644,483,571
588,629,646,635,489,578
574,628,629,647,492,574
590,626,639,640,485,581
591,615,642,650,476,576
579,629,636,644,489,570
580,632,628,647,486,575
588,617,642,646,486,570
580,632,628,648,490,576
593,615,642,650,476,578
592,627,638,640,484,582
590,619,632,647,490,580
591,627,639,648,483,573
592,624,636,644,483,581
588,629,645,635,488,580
591,630,629,653,489,578
589,627,637,644,485,579
591,623,641,646,481,582
590,629,643,639,486,580
577,632,633,638,484,573
591,629,642,638,486,581
587,633,643,636,487,579
590,627,646,634,486,580
587,615,641,647,476,580
587,635,642,635,492,577
589,615,642,648,478,580
579,625,641,645,486,572
582,632,627,648,490,575
582,620,644,647,474,570
581,619,644,644,479,575
581,632,630,645,491,571
585,632,643,632,490,577
582,620,643,643,482,574
584,617,645,650,479,575
587,632,644,633,490,576
592,627,645,635,487,579
588,627,637,642,486,581
589,620,645,634,487,577
591,623,634,643,480,578
593,627,637,642,485,573
592,628,637,644,485,581
588,626,647,640,486,582
578,630,635,642,485,572
585,622,644,645,481,576
578,622,641,644,482,574
587,631,646,632,489,579
586,633,645,634,488,579
592,629,630,648,489,574
591,623,640,650,482,580
587,611,643,647,477,578
589,628,645,633,489,578
585,617,643,647,479,575
590,630,645,636,487,578
593,615,638,642,478,580
579,627,636,643,484,571
590,626,630,646,487,578
588,628,630,634,489,579
588,629,640,636,490,580
576,628,633,643,488,578
588,632,629,647,489,578
578,624,637,643,486,583
583,622,643,643,482,575
591,613,641,649,490,572
580,615,643,636,490,578
586,631,624,647,488,577
587,632,643,632,487,578
584,635,628,647,492,575
588,613,643,646,477,579
583,626,628,645,491,575
589,621,638,642,481,582
587,629,641,637,488,579
586,627,627,646,487,580
582,631,634,645,489,571
576,627,636,644,487,571
590,627,644,635,487,581
592,620,641,649,481,580
593,626,646,638,486,581
573,625,638,644,489,567
583,616,643,645,480,575
589,618,642,648,477,582
590,606,638,649,478,581
582,618,644,646,479,575
588,627,640,640,488,579
591,613,642,650,480,580
591,625,638,639,482,576
588,629,644,634,488,579
580,623,639,642,486,570
594,628,627,639,485,581
588,632,631,649,487,578
590,617,644,648,478,579
589,615,642,649,479,581
590,629,642,639,488,580
590,625,638,643,486,579
592,618,640,649,479,580
581,624,641,644,484,571
583,632,621,641,492,575
588,607,645,646,478,579
582,633,629,645,488,574
589,627,644,633,488,579
586,629,629,647,488,578
577,626,636,644,485,571
584,618,643,643,480,576
579,634,627,646,492,573
579,625,635,642,489,572
589,625,639,641,488,579
579,627,634,642,490,572
581,634,628,648,490,576
591,629,631,647,488,584
591,627,637,639,480,582
590,615,643,634,481,567
589,626,640,640,486,583
585,626,640,644,486,580
589,630,645,635,490,580
593,616,641,649,478,582
593,627,641,640,485,579
577,629,636,642,489,574
588,627,638,642,486,580
578,626,628,636,489,567
587,614,642,649,478,581
578,623,642,643,484,572
592,627,639,647,483,581
589,627,639,642,485,577
587,628,641,639,490,579
577,628,633,645,491,572
583,629,628,646,489,575
590,626,635,645,486,581
580,625,636,645,486,572
591,616,645,629,487,580
588,614,640,648,477,580
581,624,640,644,485,572
573,619,643,643,480,574
579,622,638,637,481,571
588,628,645,635,488,581
584,620,644,644,481,575
591,627,644,635,486,581
591,625,635,643,486,584
581,631,627,646,491,576
583,618,643,647,481,574
586,615,644,646,474,575
581,622,644,644,483,572
587,630,641,636,483,573
579,614,643,647,478,577
590,627,634,647,486,582
578,625,633,644,491,570
588,631,628,645,491,579
577,628,628,636,488,567
591,612,642,648,477,581
579,628,628,646,484,569
588,624,646,633,490,584
577,623,637,644,484,571
580,626,636,644,490,568
590,620,639,645,490,577
587,630,629,648,489,580
578,623,641,644,484,579
588,628,640,635,491,579
589,626,631,647,489,578
591,619,640,644,483,582
591,616,640,640,487,581
579,630,636,642,489,572
575,625,632,642,491,573
586,623,643,638,484,581
579,624,634,644,486,571
588,623,634,646,487,582
587,632,644,633,489,579
585,630,630,648,489,579
590,615,640,650,477,581
593,625,641,641,485,580
592,630,645,638,489,582
581,626,644,634,489,576
586,632,647,633,491,579
588,607,643,648,476,581
583,625,645,635,487,579
590,625,639,647,483,580
576,616,644,644,480,574
580,626,636,634,485,581
585,630,639,636,490,577
583,625,632,645,486,584
590,628,632,647,478,581
583,629,627,648,490,576
588,611,642,649,479,581
591,627,632,647,487,582
589,626,639,637,488,578
594,621,640,647,480,581
587,623,646,635,491,579
585,618,645,643,480,574
578,631,630,645,491,572
587,628,633,647,486,581
589,629,627,648,488,581
583,620,640,646,481,573
588,628,628,647,487,580
588,625,634,644,487,584
580,631,629,646,489,573
591,623,638,652,483,582
589,626,642,633,488,579
592,627,626,645,487,581
586,623,643,634,486,581
586,604,641,646,478,575
581,622,639,643,486,572
588,625,641,634,488,579
586,611,639,646,476,578
595,619,640,638,486,582
591,610,638,648,478,582
585,625,627,649,488,577
591,625,630,648,488,580
594,613,640,647,477,581
587,628,643,635,487,579
584,622,644,635,488,580
582,618,641,645,480,573
585,625,626,648,489,578
591,620,636,646,483,582
589,627,627,647,487,579
588,601,639,646,476,578
579,628,627,643,492,573
580,622,638,644,488,573
587,613,637,648,480,582
593,615,640,649,478,582
588,631,627,648,488,579
588,611,643,644,477,577
594,625,630,647,489,582
588,625,642,633,490,578
593,619,636,649,481,582
590,622,642,636,487,581
594,605,638,649,479,582
589,611,643,646,478,578
594,628,639,631,487,580
585,624,630,648,487,579
585,627,639,633,489,578
581,626,644,633,490,578
588,621,630,647,492,572
589,627,641,635,496,579
580,623,633,645,488,573
593,625,636,641,486,583
579,627,630,646,492,573
586,629,641,639,489,579
591,624,637,643,488,582
583,630,624,647,490,573
580,627,642,634,490,577
590,625,635,627,487,576
589,620,638,644,482,582
579,620,640,643,484,571
592,621,638,638,487,581
585,628,642,636,491,579
588,622,638,643,490,579
581,628,627,645,490,574
581,626,629,647,492,576
582,622,639,644,485,573
585,614,641,643,482,575
593,627,631,647,489,579
586,612,642,648,477,578
578,627,632,645,489,574
588,611,643,649,473,579
591,613,641,647,475,582
589,626,640,640,487,580
591,622,638,646,483,583
589,623,637,644,481,575
591,614,641,651,479,579
589,615,638,648,480,583
588,629,641,638,490,579
582,614,642,646,481,574
579,625,633,644,486,570
583,624,629,647,487,580
585,629,626,649,491,576
576,625,629,644,489,573
580,620,639,642,485,573
588,609,644,650,478,580
589,626,643,634,487,580
589,621,637,642,487,580
579,622,633,641,489,566
579,622,631,645,490,572
581,618,636,639,483,575
591,623,642,639,485,582
590,622,640,642,485,582
578,625,635,642,488,582
579,627,627,648,489,573
590,621,645,639,486,582
577,618,639,644,487,571
590,607,642,649,477,581
577,622,632,637,489,567
586,623,644,632,491,577
585,620,641,641,486,581
586,612,641,646,482,578
585,611,643,651,479,577
578,627,626,647,489,574
588,610,640,641,489,572
591,616,639,645,484,581
585,609,643,648,472,577
583,626,626,648,492,575
584,622,644,634,486,581
579,624,630,645,491,573
582,620,638,643,486,571
588,625,641,636,489,578
591,626,639,643,485,580
577,621,632,643,486,573
587,623,643,635,486,580
587,623,642,634,488,581
590,620,629,646,488,581
590,619,631,646,489,582
592,610,639,649,480,583
578,625,632,642,492,566
589,598,637,647,477,580
587,621,638,645,485,580
590,617,632,644,480,576
577,624,627,645,490,572
587,622,637,636,487,579
590,620,641,641,487,581
581,613,641,643,484,573
580,612,640,646,484,572
579,617,633,643,486,572
581,622,626,645,491,574
588,624,633,638,490,580
588,627,632,636,491,573
591,615,638,644,483,580
590,614,636,649,482,581
594,619,637,642,485,584
586,611,641,648,480,575
581,613,633,637,480,570
580,619,635,643,486,573
588,625,628,649,488,577
591,619,636,646,486,583
584,615,624,648,491,575
591,622,638,630,489,581
580,618,627,646,489,575
579,613,635,636,489,572
580,610,642,647,479,577
587,620,643,633,487,580
588,624,644,633,491,579
589,619,643,634,489,580
591,612,640,651,483,582
589,619,646,636,488,582
582,621,628,646,493,569
579,615,637,643,487,573
592,622,638,645,486,583
588,597,643,650,478,579
587,621,640,631,490,578
586,619,640,634,490,578
586,622,642,635,490,575
591,605,641,649,478,582
589,619,643,634,490,580
588,621,642,628,483,577
592,604,642,648,478,580
587,620,642,634,491,582
577,618,633,642,491,572
582,620,642,636,488,572
592,622,631,646,488,580
591,619,634,647,488,582
590,617,630,645,487,581
591,605,642,649,477,582
589,622,642,633,490,580
587,620,644,634,487,583
588,618,638,639,488,580
590,617,644,634,487,579
579,614,632,643,489,571
583,609,642,646,481,577
590,618,643,637,487,583
583,608,642,645,483,575
587,623,642,634,479,581
590,613,639,644,483,583
579,613,639,645,482,572
591,613,638,643,484,582
591,607,640,648,477,580
590,620,645,634,489,580
590,605,639,648,479,583
587,595,641,647,476,580
585,621,643,635,490,579
578,620,630,646,492,574
581,614,638,643,486,572
585,596,643,647,478,577
583,618,629,646,488,582
590,616,636,642,485,582
580,621,628,647,489,576
578,615,635,644,491,572
591,618,637,645,485,582
591,624,643,633,490,580
591,607,641,646,479,581
590,619,645,633,487,583
590,617,638,639,488,582
579,619,631,644,490,572
589,622,640,637,491,580
582,621,642,633,489,580
586,619,628,649,490,580
587,619,628,647,489,578
577,615,640,644,483,573
577,618,634,645,489,571
588,620,637,638,491,579
592,617,642,642,487,583
590,612,639,647,491,575
592,614,634,644,487,581
587,622,643,632,489,578
589,618,639,641,490,579
588,618,631,648,490,580
588,622,642,637,490,578
587,618,640,637,482,579
585,621,639,635,488,579
577,615,635,637,480,572
581,611,640,641,486,573
586,622,630,628,489,575
580,613,640,645,482,573
582,621,628,645,490,581
586,602,641,645,477,578
592,617,638,644,477,583
591,610,638,642,478,582
587,615,636,643,486,582
592,613,639,644,488,583
588,621,642,634,488,580
590,615,638,643,485,583
579,620,641,635,490,579
579,617,629,647,491,574
584,605,642,647,478,583
587,620,644,633,489,579
589,609,633,651,478,578
583,620,629,645,489,576
584,619,627,648,490,577
588,627,642,633,493,577
587,618,640,648,488,581
592,618,640,638,488,583
587,602,627,648,489,576
588,609,645,635,488,579
590,603,643,646,477,579
589,618,645,631,489,580
589,604,634,646,483,582
588,618,632,646,487,581
591,604,639,641,486,582
592,615,635,645,487,582
587,612,640,635,490,580
584,617,621,647,483,580
587,615,642,637,486,580
587,600,639,646,478,577
588,606,640,647,478,581
586,602,641,648,476,579
580,606,640,644,483,574
583,622,628,648,491,575
587,620,623,650,491,578
578,613,637,644,486,573
586,617,645,634,489,581
588,619,644,632,489,581
586,620,640,637,489,579
591,609,639,649,483,582
582,621,627,648,490,576
587,619,637,640,487,580
577,618,629,644,491,575
587,600,641,647,479,581
592,616,638,643,485,582
585,606,643,646,482,575
590,603,640,654,478,583
579,616,634,644,489,572
592,616,639,644,487,582
591,610,640,651,482,582
579,602,634,644,485,574
590,617,636,648,481,578
589,604,641,649,478,582
585,615,642,636,487,581
588,602,639,647,478,581
582,616,643,633,490,578
591,605,641,646,477,581
587,619,644,633,487,580
588,618,639,639,489,578
586,620,641,638,491,579
591,611,638,644,481,580
585,619,643,635,485,574
578,611,637,645,487,572
592,614,635,642,485,584
591,615,638,644,485,582
587,618,642,632,491,579
583,616,621,648,486,571
584,619,639,636,489,577
579,615,634,646,489,572
582,605,643,645,480,576
585,617,625,646,490,578
584,608,641,646,480,576
592,615,633,644,485,583
587,618,628,648,488,578
586,617,643,635,491,582
588,605,639,649,478,580
578,620,629,642,491,575
578,624,636,642,492,572
588,615,638,641,486,582
589,616,638,641,485,582
591,617,633,646,486,583
576,621,632,644,491,573
585,608,622,646,490,578
590,614,644,633,488,582
589,603,640,650,478,582
580,618,627,646,489,578
588,619,644,633,490,581
587,608,629,642,489,580
591,615,628,645,488,581
590,618,644,634,486,580
590,614,640,641,477,577
588,618,646,633,488,580
590,600,636,647,484,581
579,618,628,645,493,572
584,618,644,634,492,578
592,614,636,645,486,584
589,618,643,635,488,580
578,611,638,644,481,573
591,615,641,643,487,583
579,620,626,642,491,571
587,618,640,640,484,575
588,615,643,636,480,579
588,616,632,647,487,581
586,602,642,647,480,582
580,607,643,645,481,577
589,604,632,638,486,583
592,613,642,636,487,583
581,621,628,647,487,574
587,615,632,641,487,579
591,615,633,641,488,584
592,604,640,648,479,582
593,611,636,647,481,583
579,620,629,645,489,574
588,605,641,646,479,580
587,617,638,638,489,579
590,603,641,649,477,580
589,608,642,647,478,579
583,618,628,647,492,578
594,612,639,646,481,583
587,617,644,633,488,580
580,611,640,643,487,573
590,605,640,639,487,583
590,617,644,635,489,583
583,610,639,645,481,574
590,614,640,634,487,577
588,620,627,647,489,576
580,614,634,644,487,572
586,613,638,631,482,581
585,622,641,633,489,581
588,617,641,636,489,579
592,613,638,642,488,583
580,606,641,646,482,576
575,604,644,645,478,575
595,615,633,646,488,585
590,615,643,633,487,581
584,604,641,644,480,576
588,617,644,632,487,581
582,620,626,648,490,577
580,612,639,644,483,572
587,620,628,648,487,579
586,617,627,647,489,579
577,617,644,635,483,581
586,617,638,641,489,579
586,620,639,635,489,575
578,616,636,634,485,573
586,617,629,646,483,580
579,613,639,646,486,571
592,613,644,639,485,583
591,602,643,646,477,580
589,615,641,638,487,584
585,620,642,633,489,581
583,602,644,647,479,578
584,603,643,648,478,578
588,608,639,651,480,582
589,617,642,637,487,582
586,617,640,633,488,577
590,618,628,649,488,582
590,619,642,633,489,578
591,605,628,646,487,583
586,620,627,647,491,577
588,604,641,648,477,582
590,607,642,633,486,581
589,615,633,645,486,584
591,618,644,633,488,582
581,620,628,645,490,572
587,604,642,646,477,579
588,605,641,647,477,581
585,618,639,641,488,580
584,616,633,644,487,584
590,618,641,632,489,580
590,612,638,642,486,583
591,604,641,649,480,583
588,615,644,633,489,579
582,616,637,644,484,581
584,606,640,648,478,577
579,621,630,643,489,571
585,617,625,648,488,580
593,613,630,639,483,583
578,615,635,645,488,571
589,605,643,646,478,582
583,614,643,637,486,582
591,615,632,645,487,584
587,620,644,636,486,584
587,619,643,633,490,579
587,601,643,647,477,578
576,615,631,643,485,570
578,620,633,643,488,570
590,614,638,644,485,580
588,601,641,648,479,579
587,617,643,633,489,580
585,619,644,633,491,579
580,608,633,644,487,573
593,617,630,646,487,581
590,612,636,643,488,583
579,600,637,643,483,574
580,621,628,642,489,573
584,601,642,645,478,577
579,623,627,647,489,575
592,602,642,648,477,581
591,610,638,642,482,581
582,619,629,641,491,575
589,618,631,647,486,581
582,621,629,646,490,576
591,615,640,640,487,585
592,617,631,649,487,586
589,614,639,642,483,581
589,613,637,647,484,583
585,621,642,633,489,580
586,604,644,647,478,577
586,618,642,634,486,582
589,617,642,632,487,581
580,611,628,637,491,572
592,606,638,647,479,582
588,612,639,635,476,582
590,613,629,646,481,579
579,604,642,650,478,579
591,605,634,642,485,580
583,622,628,649,491,576
585,619,639,639,489,581
577,614,633,644,488,570
588,620,643,632,491,582
586,620,641,636,493,578
579,608,639,645,483,572
591,595,638,648,479,583
584,605,641,647,477,579
587,616,640,636,485,583
581,616,628,645,485,583
591,611,636,647,476,579
590,613,638,650,483,581
590,617,629,646,488,581
589,615,628,646,488,584
588,613,639,644,480,585
579,622,627,646,490,574
585,605,642,645,481,577
589,602,643,648,477,581
588,604,641,645,479,578
591,620,637,641,485,579
591,606,642,648,478,580
589,613,638,646,476,579
582,625,629,646,487,574
587,624,641,635,489,577
593,621,636,641,487,584
579,615,638,642,483,573
593,616,631,639,482,582
588,622,630,646,489,585
589,607,642,646,478,581
591,609,638,647,481,582
588,624,640,635,491,580
584,608,642,646,480,580
580,623,630,644,490,571
584,608,641,644,479,578
589,618,641,649,483,582
580,605,636,644,483,571
588,622,641,633,489,579
591,618,641,637,485,582
588,616,640,636,490,580
591,622,629,648,488,579
590,608,643,651,477,582
578,616,638,641,484,573
592,611,638,648,484,584
589,609,636,649,479,581
587,624,639,636,491,579
586,626,641,646,480,579
590,620,628,648,488,580
587,619,643,635,489,582
592,619,631,645,488,583
582,624,625,648,490,578
591,618,636,643,488,583
584,624,626,647,489,578
575,615,641,646,484,575
577,621,636,644,486,573
584,620,643,633,489,582
589,622,638,641,487,582
586,624,640,639,488,579
590,619,637,642,487,583
592,622,636,647,486,583
585,609,643,648,480,577
584,608,638,649,480,581
586,621,621,648,490,578
584,624,626,645,490,580
588,606,639,648,477,583
577,621,635,643,494,573
585,621,626,646,491,577
587,623,627,647,489,581
589,611,638,646,481,584
590,620,635,646,488,583
590,618,645,635,488,581
590,621,631,641,488,583
591,614,638,644,483,582
590,617,637,644,484,581
591,618,637,643,489,581
580,612,640,643,487,572
590,617,637,641,487,582
588,623,640,638,488,580
584,608,643,643,487,583
592,604,638,648,478,583
578,612,638,642,487,572
583,608,642,637,480,571
587,617,639,641,486,581
584,605,637,639,478,574
589,619,638,639,489,581
585,621,628,646,491,579
590,619,643,631,489,581
590,614,639,645,482,582
588,617,643,631,489,581
586,604,642,648,478,580
578,621,632,642,490,573
590,616,640,647,485,584
586,607,642,643,480,578
587,623,632,643,486,581
591,614,637,643,483,583
592,619,629,648,488,582
591,620,646,631,490,583
588,617,637,634,487,582
586,618,642,634,490,581
577,620,635,642,486,573
585,594,638,645,478,579
593,616,637,642,484,583
586,619,642,632,490,583
577,623,629,644,490,574
588,617,635,634,485,581
579,611,638,642,485,574
589,616,631,647,488,584
588,616,641,635,486,583
581,619,627,646,491,576
585,616,634,645,487,583
583,604,643,648,477,579
578,619,629,642,492,573
589,611,638,647,483,582
587,609,627,641,491,580
580,604,642,648,479,582
588,606,644,646,478,578
579,617,630,643,491,573
590,610,637,648,484,583
590,614,638,645,487,584
587,617,644,632,489,580
586,620,644,628,484,580
588,612,638,649,484,581
578,620,628,647,490,578
586,603,641,647,478,579
592,604,639,649,477,582
591,611,637,647,482,581
588,615,632,640,482,575
590,605,637,640,478,583
592,603,641,647,479,584
588,621,641,636,490,581
590,614,644,640,487,580
581,609,641,645,473,574
576,616,634,635,483,573
590,606,639,648,482,585
592,609,639,644,479,582
583,620,626,645,490,575
584,603,643,647,479,576
590,615,638,639,488,579
587,621,628,646,491,579
582,604,642,645,482,579
586,617,643,634,489,580
589,618,629,648,489,581
587,624,627,645,493,579
578,615,635,642,487,573
590,614,644,631,483,583
590,614,638,644,487,583
586,616,629,647,491,579
578,616,632,644,490,567
591,614,634,643,487,583
579,620,627,645,491,576
570,609,642,643,482,571
588,618,644,632,488,583
580,607,638,642,483,575
579,618,628,643,492,576
579,615,637,643,482,569
582,619,640,633,492,575
578,609,634,643,486,572
586,622,640,638,493,578
589,618,645,632,489,583
589,616,643,636,489,581
591,602,639,646,478,582
582,607,640,643,482,577
587,616,629,648,488,581
577,609,639,644,482,575
589,607,643,646,477,578
589,607,639,644,484,581
574,609,642,644,483,572
587,614,637,640,491,579
587,609,640,636,491,580
585,617,642,634,492,579
589,614,637,639,488,583
581,612,637,644,485,573
588,616,637,640,490,581
585,619,627,648,488,581
581,604,642,645,480,584
580,620,623,646,490,577
578,611,637,643,486,573
579,617,627,644,488,574
581,617,640,644,478,582
590,613,640,639,485,583
580,617,631,641,491,574
579,616,633,641,492,573
588,615,638,644,487,579
586,609,637,634,491,579
587,614,631,646,487,584
583,600,642,652,490,580
579,607,639,642,484,572
588,612,636,644,486,584
590,611,640,643,487,580
594,614,633,646,487,584
591,606,640,648,479,584
592,610,638,638,479,584
593,608,637,644,482,583
590,614,632,646,488,582
590,614,637,639,480,577
578,610,642,643,480,583
582,604,643,638,473,579
591,605,637,647,483,584
587,617,640,636,492,580
591,614,631,647,487,581
588,615,628,648,488,582
590,612,631,644,487,583
587,617,646,634,484,574
579,611,640,641,487,574
588,602,640,639,478,575
588,615,629,646,490,581
589,614,643,632,488,581
586,616,639,643,488,582
579,612,634,645,478,582
590,614,632,647,487,581
585,614,628,647,489,584
574,609,639,644,487,573
577,617,629,644,495,572
588,614,644,635,492,582
593,611,639,641,489,581
582,601,639,647,480,579
585,617,640,638,491,579
590,614,634,638,488,584
591,608,640,645,485,582
584,607,622,645,491,579
590,601,641,646,478,582
581,612,635,641,489,572
589,612,639,638,488,582
586,615,638,641,491,581
576,610,634,645,488,572
578,604,629,642,492,574
589,616,631,647,487,586
592,612,642,635,490,583
587,618,644,631,488,580
589,615,630,647,489,584
591,615,629,646,489,584
577,618,628,644,490,573
579,616,634,642,484,574
588,602,641,647,477,581
589,612,643,634,490,583
589,612,638,644,486,583
577,617,634,643,491,573
578,611,628,644,484,572
590,599,641,647,479,582
578,612,635,640,492,573
590,614,638,641,487,582
587,615,641,637,489,580
590,614,643,634,492,581
588,599,638,647,479,583
583,616,627,645,490,579
586,614,644,633,490,580
586,617,641,635,490,579
591,602,636,642,481,581
581,606,638,644,491,572
579,604,639,644,480,576
587,608,637,643,483,581
589,607,642,644,480,579
582,600,643,648,477,581
579,617,626,645,492,575
579,609,634,643,490,568
585,617,641,636,491,581
587,613,638,638,486,585
582,616,629,645,492,577
586,606,636,631,491,581
587,611,636,641,485,582
591,600,641,651,480,581
589,612,630,646,487,580
591,601,640,647,482,583
587,614,642,633,492,580
590,612,641,637,487,582
594,612,636,643,487,583
590,614,639,641,489,581
580,609,639,634,490,581
579,617,629,645,490,575
587,617,640,637,491,581
581,615,626,646,490,580
587,617,643,634,491,580
587,600,638,650,482,583
593,612,639,641,488,581
585,600,640,647,480,578
588,600,644,646,476,581
589,611,634,642,487,584
589,612,640,640,487,583
588,617,641,637,498,580
579,619,628,644,492,573
579,620,628,643,492,573
582,602,639,643,482,575
579,615,629,636,485,574
594,599,639,648,478,583
590,612,635,642,488,584
575,615,630,643,488,573
586,613,642,634,485,579
589,613,643,638,490,582
590,612,636,640,486,584
577,620,630,643,490,575
588,601,643,641,472,584
577,619,629,643,493,575
584,607,641,644,484,575
585,611,627,640,486,577
579,606,638,642,486,574
589,589,642,647,478,581
578,612,636,643,486,568
589,608,636,646,483,584
592,615,632,645,488,582
584,602,641,643,481,577
586,620,641,636,493,577
580,608,638,647,484,574
590,605,638,649,484,582
588,601,643,647,478,582
581,602,642,647,477,579
576,613,636,641,490,574
582,619,621,646,492,577
590,608,635,645,480,583
578,606,641,644,484,574
588,589,638,641,489,584
587,601,638,647,479,582
589,611,636,644,484,583
592,614,631,645,486,583
588,614,628,648,489,582
588,597,640,646,479,581
587,613,640,637,490,580
579,609,628,645,491,577
588,612,638,641,489,582
588,611,628,646,486,581
585,617,643,634,489,580
590,606,639,648,480,583
586,610,631,643,486,583
592,599,641,647,478,583
591,614,634,633,486,579
591,612,643,635,488,581
592,614,632,642,486,584
582,607,627,647,489,579
590,590,635,645,478,582
591,602,638,644,488,584
588,610,639,643,492,582
579,607,640,644,484,575
588,617,644,632,492,581
581,598,641,648,480,576
576,610,634,643,489,572
592,611,631,645,483,584
589,613,631,645,487,583
590,603,640,648,479,584
588,600,640,648,478,581
589,605,638,651,484,583
572,616,629,644,492,573
577,617,629,643,494,575
585,614,642,632,490,581
583,614,626,650,490,579
585,600,643,643,482,579
590,599,634,649,471,580
591,602,638,646,479,583
588,612,636,642,487,581
587,590,643,640,480,579
586,602,642,646,480,576
578,605,636,642,490,575
584,614,637,635,490,580
584,617,628,647,489,584
586,615,643,632,489,580
576,614,627,646,489,580
587,614,640,640,491,581
589,609,629,644,489,588
590,610,639,638,486,583
589,599,638,648,479,581
579,613,632,640,486,574
583,601,642,646,481,576
589,611,636,643,479,582
585,614,642,633,490,581
588,611,642,633,489,582
590,611,634,644,489,586
587,611,642,633,489,581
588,600,641,647,479,582
583,614,628,645,490,581
591,613,636,626,488,579
580,606,626,645,491,576
590,600,641,648,478,584
580,613,625,645,491,578
588,608,628,646,490,583
579,614,627,646,492,575
585,612,629,647,490,582
586,613,640,641,487,582
578,595,632,641,485,570
575,609,630,644,492,574
588,599,640,648,472,582
578,615,643,632,491,580
579,617,627,644,492,577
576,614,628,647,490,579
590,602,639,647,486,583
579,615,627,645,490,576
580,594,639,643,482,575
589,609,638,637,487,583
586,612,628,645,488,581
588,612,644,631,490,581
578,600,636,644,489,573
593,604,637,646,484,583
583,601,640,642,482,576
579,602,642,637,475,577
590,612,633,644,485,585
590,602,637,649,479,583
588,599,640,646,478,582
580,614,627,642,490,574
588,598,642,648,479,580
582,601,641,645,481,578
588,588,644,647,479,578
586,615,640,638,489,581
591,599,629,646,488,584
588,603,637,644,482,583
589,596,633,644,484,584
584,599,642,647,478,580
591,610,642,638,488,583
582,601,642,642,483,574
586,600,643,648,478,577
588,612,638,643,487,580
583,614,631,646,488,582
586,615,642,631,488,582
580,605,641,636,479,575
587,604,624,644,489,583
589,614,637,643,485,581
587,616,641,632,490,579
583,612,636,641,486,583
585,615,643,634,491,580
585,614,633,636,488,581
583,615,626,647,489,581
590,616,634,646,486,585
587,619,643,633,493,578
590,611,638,644,486,583
593,614,636,644,487,584
578,618,627,642,491,574
579,608,640,643,481,574
588,617,629,647,490,581
587,614,636,643,485,582
580,619,626,646,490,577
580,620,629,646,492,577
586,618,637,637,489,580
587,615,638,638,487,583
590,614,642,638,481,585
589,618,624,639,487,580
589,604,641,647,479,583
575,610,638,643,485,575
578,620,634,642,490,572
585,614,637,643,487,583
579,610,643,646,482,576
578,620,628,644,492,576
584,605,643,647,482,577
587,619,639,636,489,581
584,620,627,648,490,581
583,616,624,648,489,575
580,607,643,646,481,578
575,615,634,643,489,573
584,622,639,628,491,574
578,620,627,638,490,576
585,611,637,633,490,581
574,622,632,643,492,572
587,613,637,645,485,583
588,617,630,646,488,583
592,621,640,635,489,584
587,621,642,631,491,578
590,616,636,643,487,583
588,616,641,643,487,583
590,614,638,645,487,584
587,612,640,645,483,582
587,620,641,645,487,580
576,622,631,639,492,568
587,615,645,640,488,584
586,621,645,635,489,580
583,621,640,642,487,581
586,615,648,641,487,585
575,618,635,638,489,572
580,604,644,649,480,580
584,622,643,638,495,581
585,619,645,636,491,582
575,622,628,647,491,574
585,619,631,650,488,582
585,605,642,651,478,581
585,615,647,636,487,580
574,615,636,645,490,574
584,606,644,651,479,579
580,614,637,647,486,572
584,607,649,651,477,583
587,603,646,651,477,580
584,605,643,651,477,582
584,620,644,645,487,582
574,619,635,647,487,574
584,606,644,651,478,580
586,616,638,646,488,587
579,607,645,647,480,579
583,619,645,638,491,580
575,615,637,648,486,569
577,625,629,648,490,575
586,621,645,636,492,579
583,620,642,635,483,580
580,622,630,651,492,577
583,622,646,635,492,581
583,604,644,649,477,579
585,602,646,651,479,582
577,623,631,647,492,573
580,620,629,651,491,579
587,614,641,639,481,582
575,619,634,639,488,569
588,608,628,647,488,580
587,616,637,645,486,583
576,605,639,646,488,575
585,618,630,651,491,582
581,604,645,650,480,576
584,621,644,637,491,579
583,620,644,640,490,578
587,618,638,647,481,578
572,618,635,648,487,573
585,620,629,649,489,582
582,622,631,644,490,576
588,610,640,654,486,582
585,620,644,637,486,580
575,608,636,648,488,573
576,611,642,648,483,573
588,616,643,642,488,582
585,622,644,642,491,579
583,621,640,640,493,580
578,621,630,651,491,578
587,605,643,650,478,584
585,613,642,652,485,579
589,617,647,646,483,584
575,615,638,646,488,573
584,605,645,650,480,580
574,622,632,649,492,574
583,606,645,650,478,580
585,607,642,651,477,582
578,609,645,649,479,577
577,612,643,648,483,575
583,620,644,644,490,582
587,617,635,650,488,584
585,611,644,654,480,582
585,611,642,652,484,583
586,617,641,644,490,582
585,623,646,637,490,579
587,616,641,647,487,584
586,615,643,642,486,583
586,617,645,647,486,583
580,610,643,652,483,574
588,618,638,649,487,583
586,616,642,645,487,583
585,615,646,638,486,582
584,619,647,645,486,583
573,620,631,649,492,574
588,621,643,640,491,581
575,624,631,649,492,574
583,619,643,643,490,580
584,618,632,650,489,584
579,622,628,652,490,579
586,603,641,652,476,583
587,617,643,644,487,584
583,623,643,639,491,580
584,616,641,650,482,582
578,624,625,646,492,578
588,618,637,650,486,584
586,614,638,644,486,579
578,621,630,651,491,577
587,605,645,653,477,581
576,617,642,648,486,574
575,612,642,648,483,574
588,606,641,652,479,582
578,622,629,653,492,576
587,614,642,650,478,577
577,609,644,647,482,576
583,619,632,652,491,579
578,609,644,651,483,576
587,617,648,640,486,582
588,604,643,653,478,580
586,612,641,649,484,582
588,609,643,648,489,578
584,609,646,638,489,582
579,611,644,650,484,574
585,622,644,638,491,579
584,618,636,643,487,584
587,616,646,638,489,582
587,610,645,653,477,581
589,614,640,650,481,582
584,622,630,652,490,580
584,622,645,635,490,581
586,607,643,654,478,581
576,615,645,646,485,574
585,611,640,652,481,584
576,604,641,644,482,576
584,622,643,641,495,580
582,622,630,651,489,580
586,607,644,659,477,582
579,618,638,649,487,579
577,606,644,650,478,579
582,620,639,641,486,575
580,605,645,649,478,580
583,619,646,640,488,582
578,620,630,651,492,576
584,622,635,648,491,581
579,607,645,651,482,577
582,605,643,642,484,568
573,619,640,648,487,573
586,609,641,656,479,582
584,618,647,638,488,580
573,618,640,649,479,568
588,618,639,644,486,584
585,611,642,653,480,583
587,616,644,649,487,582
575,615,645,648,483,574
581,620,630,653,488,582
585,620,639,640,487,578
578,617,647,641,488,584
588,618,637,641,488,584
572,621,637,647,495,576
582,617,636,646,482,584
587,616,636,651,486,584
582,618,647,639,488,581
584,619,632,651,483,581
585,618,642,643,485,585
585,613,638,654,483,584
582,620,641,644,489,580
588,612,642,650,478,583
573,621,635,647,492,572
586,616,638,647,487,583
575,621,635,649,488,571
584,618,642,645,487,580
588,608,641,652,482,584
588,616,642,647,481,578
583,619,642,646,485,583
585,619,643,636,482,583
586,617,635,654,490,582
587,607,645,652,477,580
577,623,631,653,489,575
584,620,643,642,489,579
580,620,644,641,490,581
588,625,633,650,489,581
575,620,630,649,492,573
586,610,643,652,480,583
587,617,643,647,487,586
586,620,633,654,488,581
585,619,647,640,489,581
588,618,638,646,488,584
588,615,642,647,487,583
585,619,644,638,488,581
579,621,628,653,490,577
576,611,644,648,486,572
582,620,644,639,489,582
575,607,643,650,480,576
584,607,636,645,476,576
578,613,637,651,493,572
572,608,644,650,484,568
584,618,631,651,488,581
583,611,646,640,491,580
587,616,639,649,487,584
577,608,644,652,482,575
583,619,643,645,491,579
585,622,646,638,491,582
586,615,640,652,488,583
582,613,641,650,484,573
581,623,630,654,490,579
586,619,639,646,485,582
583,608,644,653,478,574
580,609,643,645,480,572
587,617,640,646,486,583
568,615,638,647,484,573
579,612,643,648,484,576
585,626,644,639,492,579
578,612,643,650,483,577
577,615,640,650,486,573
588,605,630,640,491,580
588,610,641,652,481,582
581,617,646,641,488,582
574,612,643,648,480,578
579,608,645,643,475,576
585,611,646,639,490,580
585,609,632,653,489,585
571,624,630,652,492,576
577,609,644,652,480,579
568,620,634,651,489,574
580,621,640,642,491,579
584,617,641,647,489,580
585,619,639,652,487,582
586,621,632,650,489,583
588,613,642,644,486,585
586,616,640,647,487,583
581,618,640,643,489,579
575,615,639,648,488,574
581,620,642,644,489,580
583,618,633,654,483,582
584,614,633,652,488,583
588,617,634,650,487,582
584,619,641,651,487,584
583,617,632,652,491,579
574,625,629,643,487,569
578,615,641,651,486,581
584,617,631,648,483,583
586,618,641,650,488,580
587,619,646,638,489,581
588,617,639,646,486,584
583,605,646,641,491,579
585,597,647,653,478,580
588,619,636,649,487,583
581,621,644,641,490,580
576,615,638,649,485,572
584,612,645,640,491,581
584,620,643,640,492,577
576,624,627,652,491,578
585,611,640,652,481,584
584,611,637,653,483,584
579,619,628,650,491,578
588,617,639,647,486,584
581,620,630,651,489,580
585,615,631,641,478,580
576,621,641,640,491,581
575,616,638,650,487,572
586,621,646,640,490,580
582,606,645,651,476,579
584,618,646,642,491,579
576,624,642,644,489,581
587,619,646,640,488,582
577,614,643,648,487,574
586,620,645,640,490,580
584,620,645,639,491,579
577,622,644,638,491,580
582,622,641,645,489,576
588,617,637,646,486,582
580,609,642,648,484,574
585,614,639,647,488,586
573,621,630,653,490,578
576,618,630,643,492,570
579,608,641,650,482,581
584,616,642,645,490,582
587,619,629,643,486,584
588,604,641,654,481,583
583,602,645,654,479,578
585,616,640,647,488,581
585,619,645,638,491,582
582,620,640,639,489,581
575,611,641,645,482,574
585,610,642,638,490,582
581,605,645,652,479,578
584,617,644,639,493,580
583,604,645,653,478,579
589,609,641,652,481,584
586,609,632,654,488,582
586,605,641,654,477,583
585,610,638,654,482,582
586,617,640,646,486,582
581,619,628,651,491,579
585,619,639,647,489,583
578,609,644,650,485,574
576,621,634,649,490,573
587,619,645,641,486,582
576,619,631,647,491,572
576,624,628,651,492,576
588,618,640,647,488,585
586,617,644,638,489,584
576,611,641,647,484,575
580,613,630,654,489,578
585,604,642,655,477,584
584,622,642,642,491,580
584,605,642,654,479,583
582,619,644,638,490,580
576,623,631,648,495,577
582,605,642,652,480,579
578,608,644,650,484,576
584,620,629,653,489,584
584,605,644,650,478,579
589,618,643,641,488,581
589,616,639,649,483,583
585,617,642,641,491,580
585,618,636,649,482,584
585,620,646,640,491,581
578,620,627,652,491,577
587,617,644,641,485,583
574,617,636,649,487,585
587,603,643,653,478,578
586,613,639,648,482,582
587,613,638,649,483,584
578,619,633,652,489,583
580,601,642,654,479,583
587,616,637,649,487,586
579,607,642,647,482,578
584,601,644,652,472,581
586,602,644,652,476,579
574,608,640,652,483,572
582,619,643,640,493,579
587,596,640,655,478,582
572,618,632,648,489,576
584,617,631,650,488,582
578,624,629,651,494,573
587,616,631,653,485,585
579,607,644,653,478,575
576,615,638,650,489,572
580,619,633,650,490,574
584,611,646,640,491,580
579,619,629,658,490,579
581,618,627,653,491,580
575,614,634,649,489,571
576,621,630,648,490,576
583,618,626,644,488,580
585,617,645,640,488,581
584,616,648,647,487,582
588,617,631,653,488,577
584,613,639,647,487,581
588,611,641,653,481,582
583,619,629,652,489,582
571,620,630,650,491,568
585,619,629,652,493,577
576,611,637,649,490,573
572,615,639,648,487,583
588,614,642,646,487,583
585,606,644,654,480,577
576,619,630,647,493,574
583,617,638,640,486,576
584,615,646,639,485,582
586,620,645,649,480,579
587,616,630,653,490,582
583,616,629,654,491,582
581,615,647,637,489,581
584,618,629,654,489,581
578,622,628,649,492,577
589,616,633,647,486,585
578,610,643,649,483,575
585,615,648,644,487,582
576,615,638,647,490,574
588,602,641,654,478,581
585,613,640,649,485,583
587,620,641,645,492,579
585,613,640,642,487,584
577,618,627,652,491,579
586,615,634,651,488,583
588,612,641,644,486,583
589,615,635,649,488,585
572,615,640,648,487,572
574,600,645,651,480,579
582,619,642,642,490,581
577,608,640,648,484,574
578,613,634,648,487,585
582,602,643,649,478,579
576,613,638,648,489,574
577,606,643,648,483,572
584,620,641,643,492,582
583,608,628,653,491,581
577,612,637,650,484,573
586,613,638,652,484,583
575,622,631,650,492,574
588,605,643,653,478,582
577,620,627,651,490,578
576,607,636,647,487,572
586,613,643,647,488,584
586,616,639,648,486,581
586,615,644,637,490,583
578,612,640,648,483,582
578,610,639,649,483,583
581,618,639,646,490,580
587,604,646,645,489,583
581,617,635,651,487,585
588,616,637,651,486,584
585,612,640,652,481,582
582,618,645,639,489,582
583,606,642,649,481,577
585,611,637,651,483,582
579,620,639,646,488,581
577,611,638,649,483,584
584,619,636,644,485,577
588,615,632,646,482,579
583,617,644,639,492,580
581,614,638,654,484,583
586,615,637,648,488,583
581,618,641,646,486,582
581,614,633,650,490,573
583,623,641,640,492,580
579,596,642,650,483,578
574,620,632,653,493,574
585,617,641,646,489,581
580,606,645,653,480,579
583,605,641,657,479,583
586,616,645,639,488,582
586,615,640,645,487,581
585,608,642,651,480,583
581,600,641,654,478,580
585,618,641,645,487,581
588,616,633,651,487,584
582,618,642,641,490,579
588,616,641,645,488,584
585,616,646,646,485,583
577,620,630,652,491,573
580,615,642,656,484,582
583,620,642,646,489,582
575,610,640,649,486,573
578,604,643,652,487,580
577,607,642,648,479,578
583,613,641,653,482,583
576,617,627,652,491,581
583,601,644,653,479,579
587,602,643,653,476,580
573,602,643,652,477,579
572,622,635,642,494,568
587,616,634,641,485,579
582,620,641,641,489,581
580,622,629,650,492,574
577,607,642,650,479,577
583,600,642,650,478,576
586,603,642,656,479,582
572,616,641,644,487,580
576,620,638,648,491,573
582,617,631,651,487,581
583,614,635,651,488,583
582,617,644,639,490,580
582,609,640,649,483,572
586,605,640,653,480,582
583,616,646,641,487,584
585,614,637,644,486,584
579,623,629,651,491,576
584,616,630,652,489,587
581,618,641,641,485,575
580,623,639,641,490,580
581,617,638,643,487,580
585,618,635,651,488,585
583,603,644,653,480,571
584,613,637,648,485,583
569,604,642,653,477,581
586,617,640,652,481,583
581,618,640,641,483,576
576,608,641,651,484,569
584,618,637,649,486,583
583,602,641,654,478,580
586,616,640,646,484,584
579,602,643,653,477,584
580,620,635,639,490,579
578,601,643,654,476,581
581,621,639,641,493,580
581,618,633,651,489,583
583,615,630,654,488,579
572,618,635,649,486,573
571,619,629,649,491,573
572,617,637,647,485,574
582,602,643,650,477,579
584,616,645,644,485,582
585,618,636,648,489,584
582,619,645,640,489,581
584,613,638,648,486,584
583,614,640,644,486,583
584,616,640,647,488,573
574,620,629,643,491,573
575,607,626,652,488,576
584,612,638,648,485,581
581,614,634,647,486,583
586,612,641,645,486,583
577,607,641,648,482,575
576,616,636,645,488,581
582,616,643,640,488,582
575,609,639,654,477,582
580,620,626,655,488,582
581,614,644,645,486,583
586,619,625,653,489,576
580,620,627,653,488,581
584,610,638,654,484,585
581,616,644,631,480,583
574,608,642,649,483,575
587,606,638,653,479,583
572,613,637,646,487,576
581,600,643,650,477,579
573,615,633,650,490,572
580,616,640,638,490,580
581,590,635,650,478,580
574,611,637,648,486,568
586,604,640,648,481,576
576,610,638,649,482,574
582,616,636,640,479,583
582,615,638,642,492,580
580,601,636,655,480,582
573,613,639,656,475,580
581,618,641,640,488,581
583,602,641,653,479,580
574,617,642,652,477,580
580,620,638,633,489,579
585,603,636,654,478,583
583,611,638,644,487,584
585,615,631,650,488,585
584,599,641,653,476,580
581,616,636,645,489,580
582,614,644,641,490,580
572,611,633,648,488,573
585,613,636,644,486,583
586,616,625,653,489,576
586,603,640,654,479,582
577,617,628,652,491,580
579,600,640,651,479,580
584,615,628,652,490,580
580,604,641,650,479,577
582,615,639,639,491,579
576,608,642,649,483,577
584,617,636,649,486,573
580,612,631,653,488,581
580,613,633,649,488,572
573,617,629,648,492,573
573,613,630,650,492,574
583,614,637,644,489,580
584,609,636,643,482,584
586,603,634,653,477,583
582,620,643,637,492,578
585,612,640,644,485,584
583,619,641,641,490,580
582,617,638,641,490,582
582,608,639,641,491,581
586,612,645,652,477,582
579,611,635,646,488,582
584,602,642,637,492,581
579,617,640,639,490,580
587,609,636,649,486,572
584,615,637,646,489,580
579,617,643,637,491,579
582,613,641,649,485,582
574,619,641,635,493,582
581,614,631,653,488,580
582,614,637,648,487,581
580,602,643,652,489,584
575,616,627,652,489,580
584,599,643,649,480,578
586,603,636,647,487,582
573,613,629,650,492,574
584,615,641,653,492,574
584,613,629,650,487,585
582,616,636,652,486,579
586,602,636,653,479,583
584,599,642,652,490,577
584,616,629,653,489,585
581,615,639,641,490,580
584,609,641,651,477,580
589,612,628,647,489,586
571,590,640,647,479,581
584,616,632,651,482,578
583,600,644,649,471,579
574,609,638,647,483,575
586,611,638,644,491,581
583,599,642,652,479,582
583,600,638,652,480,581
585,617,642,637,490,579
585,616,630,647,489,574
575,617,631,644,493,574
585,611,637,647,486,583
588,614,630,651,490,579
573,616,641,635,492,579
583,607,637,650,484,585
583,609,636,650,481,584
576,609,637,645,488,575
582,617,625,651,491,577
578,616,639,640,491,580
585,613,638,645,487,582
574,610,634,646,485,573
576,605,639,651,479,583
582,615,640,637,492,582
583,617,639,635,492,580
582,615,632,649,486,582
586,613,635,644,486,583
580,614,631,650,488,582
578,612,639,647,482,575
582,599,641,649,482,575
582,602,640,651,478,580
583,611,644,637,490,583
583,602,641,647,480,581
574,613,630,648,489,581
587,600,638,648,477,581
577,616,625,650,491,579
583,619,638,636,493,581
582,617,630,633,490,576
587,611,633,645,486,584
584,610,640,636,486,584
584,614,642,635,489,581
587,605,630,648,490,576
582,608,638,647,483,583
577,600,639,640,478,574
577,611,644,636,486,582
585,594,635,643,491,574
573,612,637,650,482,584
579,616,639,636,492,580
587,601,630,651,473,580
585,601,636,648,478,586
578,600,639,646,485,575
576,604,635,645,489,574
583,612,640,633,491,579
585,609,635,640,486,584
576,613,623,647,491,577
573,611,638,650,475,578
574,608,625,645,490,577
581,616,626,648,490,578
582,611,625,646,489,582
583,606,636,641,488,582
579,613,626,648,488,580
582,596,640,647,478,580
586,607,640,633,490,583
586,612,640,644,481,580
584,594,639,646,478,583
583,601,640,637,490,583
582,609,632,644,487,574
580,611,626,645,492,577
577,612,624,644,490,581
580,612,634,643,488,582
587,595,635,646,479,583
580,595,639,644,481,578
585,604,640,633,489,582
576,603,635,641,488,574
582,590,634,648,482,586
584,601,640,640,490,584
574,600,636,646,481,583
584,600,628,643,490,574
578,597,626,647,488,586
585,603,626,635,490,570
583,590,635,634,491,579
583,603,631,641,487,582
579,608,637,632,492,582
585,602,632,642,487,582
583,590,636,639,480,577
585,586,636,645,478,583
582,606,640,632,489,580
575,606,635,641,490,583
584,595,630,644,489,575
574,595,637,643,479,580
582,604,638,639,487,582
571,603,633,641,492,573
580,592,637,648,479,580
583,603,630,642,496,574
582,604,634,641,488,585
580,600,628,646,489,586
582,606,625,649,488,583
576,606,625,646,492,581
582,579,635,646,479,580
574,594,636,642,487,585
582,592,634,647,478,584
581,600,640,633,489,580
570,603,625,646,489,580
583,601,634,637,487,584
575,606,623,643,491,575
582,601,630,643,487,587
581,603,640,632,484,583
569,604,627,641,492,574
579,600,634,643,482,585
571,607,636,633,492,582
580,603,631,641,486,574
581,592,637,647,480,582
563,603,633,641,489,574
587,606,634,640,488,583
578,607,637,647,480,581
582,597,634,651,479,584
581,608,638,633,489,582
576,594,632,642,488,584
581,603,633,641,487,574
578,610,636,634,490,584
571,603,633,644,486,586
583,594,634,647,480,585
581,607,636,640,486,584
581,594,637,646,480,583
579,606,638,634,492,581
581,608,627,644,490,585
581,606,637,632,488,582
576,610,624,643,492,578
574,610,622,633,485,580
577,610,636,629,491,580
577,613,638,644,479,579
569,611,627,641,491,575
570,610,638,644,480,581
572,613,631,643,494,574
572,602,631,642,487,585
575,599,637,645,480,578
570,614,638,644,482,579
570,608,636,643,485,572
575,613,622,645,490,580
571,608,633,642,489,574
578,611,633,637,488,585
569,605,627,642,489,574
578,609,632,640,488,583
575,614,635,632,490,583
582,608,632,639,487,585
572,615,631,640,492,571
580,606,631,632,483,587
578,615,633,636,492,581
577,611,638,630,494,580
571,604,635,641,492,580
577,597,638,645,482,577
581,601,635,637,488,585
570,615,623,645,492,577
584,611,636,634,487,584
574,599,633,645,479,578
582,599,633,645,474,584
580,604,632,643,485,583
578,609,628,633,493,580
575,613,636,633,492,581
568,607,632,642,491,574
579,611,624,646,492,577
581,610,629,641,489,573
567,607,633,641,487,586
569,614,632,644,491,582
574,611,625,642,491,576
581,609,638,637,489,582
582,611,624,633,486,586
572,600,625,643,478,584
566,612,632,635,487,585
577,610,629,643,487,585
579,588,630,645,480,584
576,612,624,646,489,585
577,609,632,640,487,582
568,617,621,644,486,573
570,613,623,648,489,586
574,614,637,630,490,582
565,610,629,640,488,572
571,599,636,642,480,578
580,609,634,641,484,585
576,612,638,643,481,579
566,608,635,645,479,583
577,612,633,636,491,581
579,600,630,636,488,584
571,612,636,629,491,584
576,601,633,646,487,583
579,607,627,641,494,574
576,612,638,633,487,582
566,612,631,641,488,574
579,595,630,639,485,585
572,613,621,645,478,581
568,614,638,638,491,576
580,607,628,644,492,580
575,613,635,632,492,582
580,610,630,642,485,585
568,612,636,644,490,583
579,598,624,641,493,577
576,609,627,624,485,580
567,608,637,647,493,580
575,597,637,645,479,580
576,610,633,639,491,581
579,598,629,641,489,575
580,597,635,646,478,582
573,612,633,646,480,584
571,600,635,643,483,576
580,603,633,644,483,585
577,609,635,627,486,580
582,606,634,637,486,586
576,611,621,644,489,582
576,612,623,644,479,578
569,606,631,641,486,574
572,613,619,647,491,580
577,611,627,644,491,585
569,607,630,639,491,575
577,607,631,640,488,585
579,612,625,636,474,580
565,609,630,640,489,572
574,603,631,629,493,582
576,605,638,638,487,583
578,597,633,637,489,582
571,614,638,629,482,585
575,611,632,632,487,581
577,608,621,642,490,575
577,607,631,641,487,581
574,599,637,646,479,578
581,608,634,639,487,586
576,611,636,649,491,580
573,611,623,644,488,585
574,599,635,643,480,578
575,612,638,649,484,583
566,615,622,647,495,577
566,611,627,643,492,574
574,614,637,632,489,584
578,609,627,648,483,586
574,600,615,648,494,580
568,602,627,637,490,574
577,606,638,645,482,579
568,619,627,646,478,571
575,618,639,642,489,584
570,620,625,651,490,580
566,616,641,650,491,579
578,595,631,650,479,580
557,626,628,648,493,571
577,627,643,638,490,580
574,625,643,649,491,571
578,609,642,652,479,582
580,625,636,652,487,584
577,613,643,647,486,583
574,623,642,649,484,570
572,612,639,652,490,574
574,624,637,644,490,579
576,625,644,653,490,579
564,631,643,651,489,571
573,603,646,651,476,580
570,631,631,656,488,575
562,627,645,644,490,577
564,633,632,654,488,575
573,625,649,656,477,578
571,632,633,654,490,572
570,632,645,641,488,579
569,634,633,655,488,578
574,629,648,644,489,578
573,616,644,654,476,581
574,631,651,641,487,580
571,630,644,655,484,577
575,627,649,651,485,583
563,628,642,651,490,571
575,625,646,651,481,581
572,628,641,655,478,579
571,608,650,647,479,578
575,621,646,643,489,572
571,617,649,656,478,570
578,628,646,651,486,575
574,616,645,655,479,579
566,630,646,644,487,577
572,631,631,652,480,575
572,629,641,643,486,580
574,629,649,642,487,578
571,633,651,639,487,579
577,628,641,643,489,580
573,630,635,655,487,570
570,632,648,643,491,579
577,628,646,656,482,581
577,630,646,654,485,581
563,626,644,658,475,580
573,615,649,652,486,583
577,624,643,649,479,582
562,629,640,652,490,572
574,631,650,645,489,579
574,635,650,641,488,580
575,630,637,655,488,572
574,624,645,644,490,579
570,634,646,641,489,578
573,618,644,655,483,583
574,628,644,648,485,582
566,614,646,654,480,574
576,627,645,650,485,582
570,616,649,655,482,580
570,634,636,655,486,578
562,636,635,653,488,573
573,634,645,643,486,580
575,628,644,651,486,582
564,624,646,658,477,581
575,623,646,643,480,575
571,634,650,656,479,576
577,630,650,646,486,581
563,626,651,655,479,576
571,619,650,654,489,570
571,634,648,651,485,570
577,618,651,656,490,578
576,617,649,651,479,580
577,618,648,645,489,577
576,630,641,651,489,570
574,634,650,636,489,573
564,626,646,653,486,571
574,630,648,650,485,578
574,615,651,656,476,576
572,614,653,655,477,575
567,621,647,652,486,571
571,631,649,645,491,577
576,613,643,646,487,570
568,620,646,654,480,580
575,624,632,655,489,571
576,627,652,644,491,578
578,625,638,655,470,574
576,621,646,658,489,574
571,626,635,656,490,577
581,622,640,656,488,579
575,611,647,658,477,579
576,608,651,655,476,578
577,624,641,658,490,576
573,625,653,653,482,582
574,627,649,646,487,579
567,622,645,652,485,570
577,615,652,657,479,577
578,625,643,658,486,579
573,628,637,657,489,575
579,612,651,654,478,578
579,617,647,657,480,581
574,625,633,643,487,580
573,626,648,644,490,579
580,621,641,643,490,579
566,623,646,655,480,576
574,626,636,657,488,576
573,611,652,658,476,578
568,618,645,644,476,581
580,623,640,653,486,582
578,612,650,660,472,582
579,619,647,655,490,580
580,619,644,653,483,579
578,621,645,655,484,582
567,628,639,654,483,583
581,620,643,654,478,584
579,622,653,643,486,579
568,629,653,643,491,579
579,624,647,653,486,583
577,623,647,646,480,584
573,611,651,658,488,578
580,609,650,655,475,579
568,620,645,654,483,574
572,624,636,642,491,574
577,611,649,657,476,581
574,610,648,660,477,581
577,627,651,644,490,579
579,611,648,651,486,573
565,628,642,644,475,580
573,627,649,650,479,583
578,609,650,657,475,582
569,622,647,657,485,582
566,622,643,650,487,573
567,611,650,655,491,574
580,611,647,656,476,581
568,616,651,657,479,581
560,610,650,657,477,584
578,623,652,651,488,581
568,628,635,657,490,573
577,622,647,650,486,581
577,622,652,654,484,585
569,626,637,656,490,573
584,616,648,658,479,581
580,611,648,657,476,584
579,623,645,651,486,583
573,625,650,644,490,581
575,614,651,658,489,576
580,622,642,644,488,582
577,611,649,656,487,580
565,625,639,645,479,576
568,619,647,656,489,576
580,629,634,657,492,576
566,625,641,656,477,579
566,624,640,652,486,581
580,617,648,653,482,575
578,627,647,650,484,582
579,622,642,653,487,585
577,623,638,656,488,581
579,623,647,656,483,582
579,609,650,656,470,583
570,623,648,650,488,580
576,610,649,658,477,580
574,612,651,657,472,573
577,624,652,645,490,580
578,620,646,657,489,579
569,614,649,657,471,577
581,629,645,637,489,576
578,610,649,644,492,583
579,625,640,651,492,573
578,612,647,653,477,581
577,609,650,650,476,577
571,618,643,651,491,572
577,609,650,655,475,582
579,622,648,657,484,581
575,613,652,658,477,579
578,627,639,655,488,580
581,619,647,650,480,585
573,627,634,654,490,575
578,624,638,657,477,581
576,623,640,659,487,579
573,619,645,657,481,581
579,619,646,635,479,576
569,625,643,651,476,580
568,622,648,647,489,582
566,621,643,644,481,572
579,610,650,647,484,574
582,610,647,658,477,583
574,613,652,655,478,578
567,627,641,656,487,582
571,616,647,653,487,583
580,622,648,647,490,583
576,624,642,657,487,583
575,623,646,653,485,583
568,626,635,654,491,574
570,627,635,644,488,584
578,615,652,643,487,582
572,613,650,653,486,583
577,610,650,652,487,583
581,617,646,654,482,582
574,627,636,655,491,581
575,631,649,649,491,580
576,628,647,644,489,579
575,627,648,647,487,584
574,624,652,658,475,580
566,626,642,652,492,573
583,626,642,655,491,575
568,618,647,653,487,574
577,625,650,643,490,580
571,614,642,654,476,576
564,628,633,657,492,572
571,626,634,656,490,579
580,610,649,655,479,583
579,626,645,651,489,581
582,625,637,654,489,584
578,609,649,657,483,582
568,627,640,653,492,573
579,624,647,650,491,576
568,621,645,652,485,584
578,614,650,658,478,582
579,623,640,652,486,583
567,631,650,643,492,579
579,616,633,658,488,582
577,630,643,641,491,581
575,611,650,657,478,580
581,628,641,656,481,580
581,630,649,645,492,580
582,623,645,651,485,580
576,627,650,655,486,581
577,622,645,652,487,582
580,622,649,647,487,583
575,621,649,651,488,583
580,612,647,655,483,575
575,628,649,644,477,580
579,621,640,652,489,576
578,611,650,654,486,583
580,619,645,646,478,580
569,626,647,645,489,579
570,628,635,654,491,574
571,617,651,657,477,577
574,619,645,656,482,581
581,624,638,645,482,573
568,624,646,651,487,581
579,611,650,656,487,581
580,611,648,649,483,582
568,620,647,653,480,578
579,618,646,651,488,581
570,628,634,654,491,574
578,624,644,651,488,571
577,627,650,642,476,583
568,608,637,655,491,575
583,611,649,656,477,577
580,622,643,660,490,576
577,624,646,649,480,578
579,628,647,653,486,583
580,619,645,654,485,581
567,628,647,655,492,573
578,625,646,649,478,583
579,624,650,649,489,581
578,614,648,652,484,583
576,627,635,655,489,576
582,618,647,653,481,582
580,624,651,643,487,580
576,625,654,643,487,583
572,626,640,652,488,572
578,612,648,658,479,583
579,617,646,657,486,574
568,611,649,655,477,577
566,625,643,652,485,573
575,624,647,656,476,583
572,611,648,655,478,581
579,611,650,658,475,584
569,629,642,651,486,574
568,630,634,654,489,576
577,622,652,650,488,580
579,622,647,655,484,584
579,625,652,640,490,582
576,611,649,656,476,583
579,611,645,642,491,578
568,629,635,654,479,576
580,624,651,632,483,582
568,624,642,652,479,584
574,621,651,653,486,585
574,613,648,656,479,585
581,622,649,647,486,584
576,627,634,656,489,580
580,621,643,653,484,583
568,622,647,649,487,574
576,608,652,657,478,579
578,624,647,650,485,580
568,625,650,655,482,577
582,623,650,648,483,584
577,616,635,655,488,576
580,612,647,657,491,580
575,612,643,636,489,576
570,612,651,656,477,579
578,627,649,642,490,580
568,625,644,647,485,585
567,622,638,653,483,570
579,624,642,653,488,573
578,626,638,655,477,583
579,622,649,647,484,580
572,627,634,656,479,583
576,622,650,648,482,579
578,610,650,653,477,583
579,627,646,651,487,581
581,622,644,648,479,578
580,618,646,652,484,576
571,616,649,653,483,573
578,619,646,656,481,583
579,622,648,651,491,578
578,621,649,649,486,584
577,627,649,640,487,585
580,623,635,656,492,578
581,623,638,654,486,585
581,628,646,648,490,580
579,610,648,657,477,583
573,627,649,643,489,581
579,622,646,651,486,583
581,624,649,644,479,585
582,625,650,650,483,583
576,626,636,656,489,581
569,622,645,651,487,574
578,625,649,642,488,581
576,625,634,655,489,584
579,628,647,645,489,578
575,628,647,646,490,581
581,625,635,647,489,584
577,627,648,644,487,586
584,617,644,656,479,583
575,627,648,641,482,581
575,610,651,655,480,578
571,624,634,654,492,585
579,617,647,656,484,583
580,621,649,652,485,581
568,629,641,652,489,580
582,621,643,651,485,585
577,627,649,642,486,585
574,629,635,648,484,581
580,623,638,656,489,578
578,618,650,654,478,581
568,610,649,658,475,584
577,625,646,651,481,584
567,621,653,639,490,582
582,618,646,657,489,580
575,625,647,647,487,579
570,615,647,649,485,574
578,622,650,643,489,581
577,623,647,645,479,583
578,626,652,643,481,583
578,625,651,643,491,584
574,619,645,645,487,587
576,625,637,656,492,581
567,622,640,651,490,575
567,623,645,651,487,574
575,610,652,653,478,578
580,623,644,644,486,584
583,611,646,656,491,582
581,611,648,656,478,579
578,626,648,645,480,580
575,625,639,655,489,582
579,626,651,643,491,575
568,621,650,645,486,582
576,629,647,641,488,581
567,618,641,650,492,574
572,624,647,647,488,583
565,624,639,652,490,583
578,610,649,657,478,583
576,624,651,641,491,581
567,625,651,641,481,584
579,625,649,638,488,581
577,611,648,652,478,577
578,610,649,656,477,582
576,627,636,650,484,577
580,622,636,653,480,580
579,622,645,651,482,583
570,627,646,655,489,577
580,612,650,641,488,584
573,613,650,654,480,579
582,624,637,654,489,581
580,617,646,657,484,584
579,622,646,650,487,583
575,625,636,657,490,581
575,625,635,655,491,580
578,626,645,653,486,584
576,626,644,652,485,574
580,604,643,649,489,575
565,614,650,655,481,581
580,617,638,652,487,573
576,630,648,644,490,580
579,622,641,649,490,575
580,615,647,657,476,583
575,625,648,642,479,581
577,623,635,655,479,578
577,626,635,651,491,576
580,628,649,642,482,581
580,624,648,643,492,582
576,611,649,656,477,581
580,614,635,653,491,576
575,616,643,648,478,579
582,620,646,645,484,583
580,608,649,656,478,584
574,613,648,656,472,580
567,621,647,652,489,576
582,622,646,647,485,586
574,627,634,655,488,582
573,612,649,654,476,577
576,625,647,647,491,581
579,610,648,657,490,581
580,612,642,655,477,583
580,611,651,653,489,577
575,625,634,656,491,580
577,627,651,655,477,581
576,612,651,655,481,579
580,621,650,646,490,581
578,621,637,656,489,581
575,623,645,650,486,583
577,625,648,641,492,579
576,628,651,644,489,582
568,617,648,652,473,584
572,613,650,653,485,581
567,628,636,653,487,573
581,622,642,653,488,582
579,622,651,649,488,585
576,626,647,639,492,582
578,609,650,654,476,584
569,627,649,644,491,575
572,626,652,656,487,582
577,626,645,648,488,580
580,624,652,647,488,583
578,621,647,643,480,586
581,619,644,653,487,573
580,624,637,656,488,577
577,611,650,655,476,584
580,619,645,649,487,582
574,620,648,656,481,580
577,622,653,644,486,583
577,611,638,653,486,584
575,622,645,650,486,585
573,613,643,648,478,576
574,613,649,655,471,575
568,627,643,652,487,573
563,621,640,652,488,580
577,624,646,646,487,582
570,626,643,653,489,572
567,616,637,654,491,575
577,626,649,644,491,580
567,622,648,656,491,578
567,622,645,654,492,577
570,626,636,652,492,577
577,610,649,658,478,584
567,624,648,656,478,584
580,611,648,656,479,582
568,621,640,652,487,585
580,612,646,657,479,582
579,611,634,650,484,576
568,622,641,653,491,575
579,612,648,657,473,584
573,612,649,647,486,584
573,626,646,653,483,577
569,615,650,652,491,576
581,622,649,647,488,583
580,623,647,645,487,583
579,632,650,639,494,581
573,627,643,650,481,580
574,611,648,651,481,576
583,620,648,646,486,583
578,623,645,652,484,575
577,625,651,641,491,581
582,609,646,655,478,583
578,624,633,653,490,581
578,627,646,645,490,582
574,616,648,651,484,578
567,625,640,653,491,573
576,625,650,641,478,578
571,626,633,653,492,576
580,624,649,644,488,584
580,609,650,655,478,579
576,626,644,649,488,582
573,627,630,654,490,580
580,624,648,649,489,584
572,624,648,644,489,579
569,627,650,642,490,582
578,624,652,643,487,575
574,625,633,656,489,580
570,627,645,651,489,574
577,625,638,643,489,582
580,621,648,648,488,583
580,610,649,651,484,584
584,611,646,654,478,585
571,616,646,650,485,574
580,623,652,651,485,587
582,624,648,655,478,585
578,624,647,648,487,584
570,627,633,655,489,575
567,619,643,651,484,574
581,618,645,653,481,583
578,624,635,655,488,580
577,623,634,643,490,582
576,624,646,642,492,574
576,609,649,656,478,585
577,622,634,651,493,576
580,625,635,655,489,582
571,614,647,641,492,582
582,621,646,650,486,584
580,612,647,646,491,581
577,625,648,647,484,584
581,616,646,652,483,576
572,611,647,655,479,579
584,621,638,654,489,585
581,620,638,654,488,585
575,615,650,656,480,581
580,611,647,657,478,576
579,611,643,653,484,580
576,624,648,643,490,580
578,619,645,646,487,584
577,623,637,655,491,576
582,619,651,648,487,585
566,627,640,652,490,571
575,618,650,647,485,585
581,619,649,648,491,581
577,625,636,656,489,580
578,625,646,651,487,574
581,619,646,656,480,584
578,607,647,657,480,584
582,620,640,658,475,584
579,622,635,655,489,575
573,625,642,642,490,583
572,625,644,652,491,574
575,625,647,642,491,580
573,624,633,656,489,575
568,618,646,651,487,574
580,621,650,642,483,582
571,626,636,651,493,577
572,624,636,656,490,575
580,609,645,654,488,586
579,615,645,660,483,584
581,618,636,643,488,584
579,622,652,649,486,583
578,620,647,649,485,583
576,623,648,656,489,583
579,623,651,641,492,582
572,616,647,652,484,579
571,624,632,655,490,580
580,607,647,657,479,584
576,624,649,641,492,581
578,623,645,644,489,581
576,624,646,649,483,581
578,607,647,656,477,584
570,622,633,654,490,576
579,613,645,659,480,585
577,625,637,653,487,585
568,623,634,644,484,577
570,623,637,656,490,582
582,606,648,654,479,584
568,624,647,652,488,575
572,610,648,648,489,582
579,606,649,642,490,582
576,607,649,657,478,582
578,620,644,643,485,578
575,625,650,640,489,582
576,622,650,651,489,574
577,615,644,654,483,582
578,605,651,652,491,575
570,623,647,643,491,581
576,622,645,653,481,584
575,608,650,653,480,583
579,605,650,649,479,586
571,622,634,652,490,574
579,618,653,656,489,581
581,620,652,649,489,582
580,609,646,656,480,582
570,607,645,644,489,572
567,616,638,651,492,575
576,606,649,656,481,579
571,618,637,645,485,575
580,616,649,653,492,574
580,619,646,651,485,580
579,619,636,650,487,585
573,608,649,653,478,574
576,622,650,656,476,584
579,622,645,638,491,583
568,614,647,657,479,585
576,619,649,642,490,583
579,621,637,653,490,574
567,620,639,652,488,575
572,609,647,654,483,576
576,609,650,652,488,585
581,610,639,655,484,585
577,620,637,653,486,583
578,619,648,643,489,581
578,619,646,657,477,584
583,611,640,657,492,585
577,620,651,651,484,573
569,622,634,656,477,585
576,623,647,643,491,581
576,624,648,644,492,586
571,622,634,651,492,576
580,616,648,652,485,574
573,621,634,654,489,580
568,622,643,653,489,573
577,621,651,642,489,583
569,614,643,652,490,574
567,622,635,654,492,578
572,626,634,653,490,575
578,623,646,644,491,584
563,614,644,653,484,575
575,623,638,641,490,581
580,611,644,653,482,583
577,619,645,654,481,578
581,619,649,645,486,583
576,622,648,651,482,574
574,617,648,652,483,584
572,624,636,653,492,576
570,623,643,642,487,585
573,609,649,652,482,577
572,624,634,655,491,579
578,606,649,654,478,579
579,605,651,654,478,581
578,605,649,649,472,584
582,619,639,651,487,586
573,623,634,655,490,581
580,618,645,643,482,577
583,620,638,655,489,582
569,624,635,654,479,580
577,619,645,654,490,575
574,610,652,654,480,580
578,601,648,655,476,579
573,622,632,655,490,582
581,618,649,651,485,584
571,622,646,651,490,574
579,621,633,655,491,577
576,624,631,649,490,575
580,621,637,654,483,582
581,612,645,657,477,584
574,613,647,647,490,579
575,617,649,641,489,582
572,610,647,652,480,578
579,608,648,646,483,585
576,622,634,656,489,576
578,615,645,659,484,585
577,621,633,655,487,582
578,619,646,655,491,578
580,609,646,650,478,579
578,617,649,655,487,581
578,613,647,646,476,584
576,621,635,656,491,580
578,604,650,655,477,581
579,619,651,643,483,575
568,618,649,654,478,581
577,594,648,659,479,580
578,619,639,652,487,574
581,618,637,652,486,583
576,613,648,645,490,581
570,617,639,656,480,585
581,614,645,655,487,582
573,623,648,643,490,580
578,620,648,643,490,583
569,620,636,652,492,575
580,610,650,646,489,584
576,624,646,644,491,581
569,623,635,652,484,576
579,617,653,654,487,585
576,622,648,643,489,581
580,619,651,643,489,583
579,614,643,655,480,582
562,616,645,653,486,569
569,619,644,653,488,575
581,605,648,658,490,584
576,622,649,650,494,574
572,624,629,654,490,586
574,624,634,656,491,577
578,605,649,646,479,585
581,606,646,644,491,575
580,621,634,656,488,582
573,611,648,653,478,580
583,620,640,655,487,582
574,622,633,641,489,584
570,624,635,655,492,577
570,622,634,654,491,577
577,620,636,644,490,584
579,615,647,652,483,582
578,623,648,653,488,580
572,612,644,650,489,576
574,607,648,657,478,582
582,618,639,653,485,583
577,620,650,641,490,584
581,616,646,647,485,585
577,609,647,654,480,581
567,623,637,653,490,575
579,622,651,642,483,583
579,606,648,654,492,575
576,621,647,648,490,583
577,610,652,641,492,582
579,618,637,650,485,574
569,621,635,653,492,574
576,622,647,646,492,580
579,603,650,656,474,580
575,615,646,649,485,581
582,619,632,656,488,584
579,619,646,637,478,585
567,617,639,646,486,585
569,610,649,657,479,587
578,606,648,643,489,585
582,617,642,650,478,585
571,623,650,642,485,577
570,611,639,653,484,575
580,618,639,655,481,583
575,621,634,648,489,582
580,607,647,641,477,584
581,611,646,654,482,582
576,619,648,641,490,580
572,619,639,656,486,577
580,605,648,653,491,578
572,612,647,653,485,573
572,621,633,647,476,584
579,606,645,657,478,583
576,622,648,650,487,586
581,607,647,654,487,586
581,617,646,653,479,579
580,620,636,655,488,580
580,619,636,657,489,584
567,622,639,650,488,583
569,613,646,652,482,575
573,622,633,654,488,580
572,613,650,639,490,586
573,611,647,652,493,573
583,608,642,657,479,585
576,621,647,644,492,582
575,621,634,651,483,575
582,617,647,645,484,575
567,620,635,652,491,574
576,622,648,643,487,586
567,618,640,650,487,575
572,618,643,648,487,575
572,613,643,641,489,582
571,613,646,653,483,576
577,622,650,652,490,576
571,619,646,654,474,578
574,607,648,656,478,581
577,623,648,642,490,582
568,617,643,643,487,582
583,617,644,650,489,582
568,620,638,651,492,573
573,612,646,651,488,574
578,619,636,656,489,583
574,607,650,652,482,577
570,613,645,642,488,582
577,623,649,642,491,581
581,614,645,659,487,580
578,608,650,655,479,581
580,607,652,643,487,583
574,622,633,654,489,580
572,624,633,654,488,578
581,623,649,643,487,583
569,616,643,653,487,581
581,604,648,652,480,580
575,605,649,655,476,582
579,617,650,656,475,580
578,606,650,655,476,583
576,621,646,658,492,576
579,616,648,646,487,586
576,606,649,652,489,582
575,623,648,642,491,579
577,621,652,641,489,583
570,621,633,648,490,579
571,604,651,656,476,581
581,608,645,657,479,585
579,608,648,654,479,584
576,606,648,655,477,583
578,620,649,642,491,581
566,619,641,657,479,585
577,622,650,639,491,580
581,613,651,643,490,584
579,617,650,641,486,583
581,618,646,656,488,585
571,622,638,652,489,575
578,623,652,640,491,583
577,624,643,654,483,575
579,606,646,657,476,586
579,623,643,648,485,585
577,606,649,654,489,584
572,621,636,655,487,583
569,609,648,651,492,576
581,617,643,648,486,585
577,619,644,650,485,584
574,606,649,655,479,570
576,622,646,656,477,585
579,618,651,642,490,581
570,619,642,651,488,575
575,621,644,651,489,582
574,607,647,650,492,576
582,617,643,647,477,582
579,613,644,655,492,579
573,607,647,659,481,585
581,620,642,653,488,585
573,623,634,653,490,576
582,606,645,654,478,585
580,616,645,640,491,580
578,623,651,635,487,583
571,608,651,652,479,578
582,614,645,653,481,583
572,621,633,656,488,583
580,616,646,649,488,584
575,624,633,651,488,583
578,605,648,655,477,578
571,610,647,644,479,577
571,619,634,651,491,577
584,606,647,656,478,582
579,616,644,651,486,583
583,618,638,652,486,585
574,620,633,656,484,583
581,604,649,657,474,582
577,621,646,653,490,583
569,613,647,642,492,578
574,620,637,654,488,584
569,618,641,655,486,584
579,621,636,656,486,583
574,610,647,652,480,584
568,620,634,644,491,570
569,620,635,652,489,576
569,616,643,648,491,574
575,621,649,644,490,581
577,605,649,649,478,584
580,615,647,653,487,582
579,618,645,651,487,582
575,620,635,654,490,577
577,604,649,655,487,587
579,604,648,651,491,576
565,616,645,646,486,575
579,619,634,656,489,581
576,619,648,644,491,581
582,615,645,656,487,586
576,620,649,643,489,581
569,622,633,648,486,584
580,608,646,657,478,583
570,622,634,657,489,580
567,616,642,657,488,585
580,615,643,652,488,583
578,612,639,655,487,588
581,607,649,654,477,578
571,618,646,649,488,583
581,617,647,645,485,584
583,618,634,652,487,584
576,621,648,632,480,580
575,606,650,646,477,581
580,604,644,654,492,583
571,621,635,655,490,578
570,621,635,652,492,585
568,614,633,654,492,580
560,622,637,653,492,574
568,621,635,652,489,574
578,612,645,658,483,584
574,620,648,642,481,580
579,617,651,642,487,583
578,604,648,655,491,576
561,617,641,652,488,574
568,616,643,649,489,575
581,608,638,655,486,576
579,620,650,643,495,582
578,616,647,643,490,581
576,602,651,656,477,583
577,622,648,642,492,576
569,620,648,644,488,586
577,621,648,642,491,580
579,604,642,655,486,587
571,609,644,650,487,583
583,604,647,657,479,584
570,604,649,653,477,583
575,619,646,644,489,582
576,620,649,653,490,575
582,617,647,649,486,585
568,623,647,646,491,581
579,617,646,647,487,581
575,621,634,655,490,581
581,616,639,645,489,582
582,616,641,652,491,575
575,609,647,647,492,582
571,624,628,647,490,577
582,615,641,653,484,585
576,618,644,650,487,573
578,619,649,641,492,585
572,620,634,654,490,579
577,621,646,655,479,585
579,620,643,636,486,583
568,614,643,652,477,586
576,620,646,646,486,583
576,620,635,655,489,583
583,617,636,653,487,583
576,618,635,652,487,573
578,615,645,649,488,581
577,614,643,653,485,585
578,620,648,643,491,581
579,619,649,642,492,582
577,617,639,645,472,585
582,594,648,650,480,582
576,621,650,643,491,580
578,605,649,648,485,585
583,615,642,649,486,584
582,617,644,651,490,584
578,604,647,655,477,583
578,605,649,655,482,584
577,619,652,641,486,582
564,610,648,652,489,582
566,617,641,651,492,580
574,619,651,640,490,581
577,604,649,656,490,584
573,619,641,651,492,579
568,614,642,646,478,575
580,614,647,645,492,581
583,616,646,649,488,583
569,623,636,653,491,576
577,606,649,654,482,578
576,623,641,637,489,578
580,618,641,654,487,585
582,605,647,657,482,578
569,621,634,654,493,579
576,605,651,653,478,575
580,603,645,650,491,582
580,614,640,651,480,579
566,614,641,651,487,583
576,618,636,653,487,582
579,616,642,646,481,586
569,615,644,649,477,583
579,620,634,654,484,569
578,603,648,655,488,586
579,619,645,650,485,583
577,603,649,657,478,582
578,614,644,651,487,583
572,608,647,652,478,575
576,620,636,653,489,583
575,617,637,654,488,575
579,619,647,645,492,575
574,611,633,654,490,582
579,604,642,649,476,583
578,612,642,650,487,582
576,606,649,652,479,579
574,619,647,642,478,582
567,620,638,651,484,585
567,617,638,651,482,583
577,615,648,643,486,582
576,619,646,648,489,581
578,609,644,654,482,585
577,618,635,654,490,576
577,612,644,651,485,583
576,622,648,645,489,581
581,603,647,655,490,584
574,606,649,653,490,583
580,611,645,656,478,586
579,622,650,641,485,583
580,618,637,655,490,583
575,620,634,656,477,583
567,619,636,653,493,576
580,617,640,652,486,586
567,615,641,649,487,575
572,617,633,653,489,575
562,621,634,653,491,576
581,616,641,653,489,586
579,602,648,656,477,585
576,618,647,642,490,581
574,605,647,652,477,584
575,618,648,642,492,586
580,606,648,647,480,584
578,603,646,657,480,583
565,608,648,652,483,578
578,601,646,657,478,583
579,607,632,654,489,581
576,615,626,655,488,582
574,608,641,654,478,580
568,611,644,651,484,575
568,616,636,652,491,581
578,617,646,642,492,583
577,601,648,656,477,583
577,615,649,642,479,585
576,603,648,652,477,579
566,619,633,651,492,584
567,613,642,651,482,574
581,615,638,652,489,586
568,614,646,646,487,582
570,607,645,652,487,576
579,606,643,657,469,579
570,615,644,650,486,583
577,618,643,647,489,583
568,612,641,649,489,574
578,614,643,651,487,584
568,620,634,651,489,581
582,611,642,645,487,583
569,609,644,653,486,579
570,613,638,650,489,576
579,615,649,639,487,579
574,615,643,646,490,581
574,616,633,655,490,585
565,615,632,655,490,584
572,616,632,655,492,580
579,618,633,654,491,584
580,606,644,656,482,579
576,616,649,659,479,583
576,615,647,643,492,582
571,618,630,656,479,584
564,618,637,653,488,575
578,603,644,655,478,583
575,617,631,656,489,583
579,616,648,641,490,583
581,602,645,656,478,576
577,601,648,653,478,577
569,616,648,642,491,581
574,612,645,643,490,585
581,617,643,644,490,584
576,615,631,653,489,582
569,619,631,654,491,578
582,611,635,646,483,582
580,612,649,652,486,586
579,614,647,639,489,582
578,617,647,641,490,585
577,608,647,642,492,581
580,611,637,651,485,585
571,614,630,654,487,582
568,609,639,649,487,575
580,603,644,656,488,583
581,610,649,639,482,584
573,615,630,654,491,583
575,618,648,641,487,584
577,614,637,655,478,586
580,611,630,655,484,586
570,603,644,652,482,584
578,613,636,652,491,586
575,618,630,654,489,576
575,620,645,641,490,584
572,617,631,652,487,581
579,611,645,650,487,584
581,618,632,656,489,583
573,614,633,655,491,579
568,617,632,652,488,579
574,602,647,653,480,578
568,615,632,653,492,576
579,613,647,642,489,584
581,611,637,653,486,584
568,613,634,649,492,582
577,604,639,639,493,579
572,617,628,654,491,578
569,614,635,651,494,576
578,602,645,655,479,584
574,619,631,653,491,583
576,614,648,643,491,583
579,610,640,651,487,585
580,613,642,649,488,576
577,617,646,641,488,581
579,610,647,641,488,583
578,600,646,654,478,582
583,611,642,649,486,586
568,619,633,652,491,577
578,612,633,655,489,586
573,619,627,654,490,582
582,606,644,654,483,585
580,610,650,647,487,587
578,612,647,653,479,580
578,611,645,641,486,585
579,602,645,654,477,581
576,617,645,641,490,584
574,616,645,640,490,583
578,611,642,653,484,583
581,604,643,646,485,586
566,617,638,651,488,584
580,600,642,654,478,585
567,605,633,644,489,576
579,613,634,640,491,581
581,609,642,652,481,585
580,613,639,649,486,582
580,614,649,648,485,585
580,602,643,655,490,583
570,617,632,653,492,576
579,613,641,650,486,585
577,614,647,640,490,581
581,601,643,655,478,585
577,617,643,643,489,583
573,613,629,652,491,582
580,611,642,652,481,579
575,611,632,654,490,584
572,616,631,654,486,578
574,614,644,640,491,583
575,601,647,652,473,579
580,613,631,653,489,585
574,600,647,651,482,580
579,611,640,652,489,585
571,605,643,647,487,575
580,610,643,643,485,586
583,600,637,652,488,585
575,601,645,652,481,580
569,604,630,651,492,575
579,616,640,641,492,584
569,599,637,649,488,584
577,597,645,652,481,580
579,613,649,640,488,583
578,610,642,654,483,578
568,610,637,650,491,576
575,603,646,652,481,582
577,600,646,653,478,582
578,614,645,640,492,586
581,608,641,647,489,587
576,615,646,638,492,585
574,618,631,655,490,580
582,612,635,651,487,585
579,600,646,654,479,582
582,611,641,645,487,582
580,611,632,656,488,576
576,612,631,653,489,585
569,619,630,653,493,575
568,611,640,649,488,576
582,597,642,651,482,587
580,612,636,648,488,588
577,611,635,650,489,585
571,603,645,649,481,576
581,610,647,641,487,582
576,612,630,653,488,583
576,615,644,649,486,586
572,605,645,652,483,582
571,615,632,649,491,577
580,601,642,655,478,586
575,599,644,654,480,582
584,599,644,655,479,584
576,619,631,654,491,581
581,608,645,640,487,585
580,600,645,652,478,585
571,619,631,653,494,578
576,613,637,650,489,577
581,604,641,650,482,583
579,595,637,649,485,587
579,613,640,650,487,585
570,617,631,651,492,586
577,611,647,637,488,585
580,599,647,640,492,583
579,600,643,654,479,584
579,600,646,653,478,584
580,599,645,655,479,585
582,599,645,653,478,583
578,614,633,652,488,588
584,604,633,652,488,584
573,600,647,651,479,579
581,612,645,645,488,584
578,610,636,651,490,585
579,612,645,640,489,582
568,608,641,651,485,577
576,611,646,639,490,577
567,615,637,652,487,579
581,599,645,654,477,588
580,609,643,652,476,581
580,616,633,652,489,575
579,599,646,652,478,583
569,609,643,648,486,586
581,615,646,637,491,585
572,612,648,639,488,584
576,616,643,640,492,583
577,611,642,650,483,585
570,602,645,653,482,585
579,611,640,648,479,586
579,599,644,654,478,585
582,611,643,646,488,576
576,614,643,641,492,578
568,614,630,653,492,578
570,595,638,647,487,577
582,614,632,652,481,584
579,607,635,652,490,581
569,615,642,648,491,575
575,592,646,651,481,579
580,602,644,652,479,585
573,614,631,655,492,579
577,611,645,641,489,575
578,619,643,645,489,584
579,610,647,639,489,583
578,599,647,653,480,583
577,616,645,639,491,583
568,615,636,651,488,576
579,610,638,653,487,585
580,602,642,651,480,581
573,602,644,650,485,576
570,607,642,647,484,577
581,611,647,646,488,588
580,611,641,645,488,587
577,608,642,652,485,586
573,604,646,652,482,580
577,613,645,640,487,586
570,602,643,649,482,578
581,601,645,655,476,584
572,617,631,655,492,579
575,618,643,635,492,578
581,599,645,653,479,585
577,614,646,639,491,582
569,619,631,652,492,587
578,615,644,642,493,578
583,610,637,647,487,587
579,599,637,648,477,584
574,609,648,647,488,574
568,612,641,649,481,583
584,611,635,649,488,587
574,600,641,655,479,587
575,598,645,649,480,583
578,610,642,648,487,583
575,614,629,653,489,584
579,613,636,651,487,584
568,609,641,649,487,582
574,616,642,641,491,582
581,598,645,659,478,588
582,603,642,653,483,586
577,614,632,654,489,584
582,612,637,650,488,586
573,610,640,647,488,585
577,612,645,638,490,581
567,611,639,647,487,571
573,612,644,646,488,585
576,614,641,643,485,581
581,607,640,654,484,585
578,589,644,654,478,586
580,609,648,644,486,587
573,617,631,649,489,583
568,615,629,651,491,584
578,601,644,644,474,587
577,616,641,649,487,582
579,607,642,653,485,585
569,612,638,648,489,575
571,616,627,652,491,581
567,611,638,650,491,574
572,616,631,649,491,579
571,608,639,650,486,575
576,610,644,644,488,582
581,604,644,652,484,581
576,615,630,654,489,583
579,615,648,637,491,583
579,599,645,652,487,590
568,607,642,649,485,577
576,614,641,646,490,579
580,599,645,655,478,584
575,613,643,645,487,588
581,598,645,652,480,587
580,611,635,652,488,585
570,616,630,651,491,576
568,605,644,650,485,583
578,598,643,651,477,583
569,614,630,653,490,581
581,601,640,644,487,587
577,608,644,640,491,581
578,606,641,650,484,585
576,616,647,640,491,583
582,606,643,653,481,585
568,608,643,649,483,573
578,611,640,648,488,582
576,616,648,641,489,584
575,614,644,642,491,583
577,615,641,635,491,578
566,618,639,642,485,576
575,612,645,638,489,585
575,613,646,639,492,582
583,612,636,652,489,584
582,614,631,652,489,586
575,617,644,640,492,582
569,606,643,648,484,585
579,596,645,654,477,584
582,611,643,644,487,586
579,612,630,650,490,582
578,599,645,652,478,585
579,614,647,638,489,584
575,599,647,653,480,582
578,618,637,633,490,579
576,617,641,643,489,583
577,615,642,643,489,584
579,612,643,637,482,587
578,602,647,645,486,588
569,606,631,649,493,587
571,604,644,650,482,580
577,614,634,637,487,580
579,601,636,647,488,576
580,604,643,649,483,586
581,611,635,649,486,588
577,614,645,639,492,583
578,612,642,646,488,585
577,614,643,643,493,584
575,600,646,651,484,577
573,616,645,637,492,582
572,607,643,650,484,576
577,599,646,650,479,582
570,612,649,638,488,583
577,615,647,639,490,587
581,609,642,650,487,585
581,603,641,651,484,584
580,597,644,652,480,583
578,613,646,638,491,582
576,615,629,653,490,577
568,606,642,650,484,578
577,612,646,638,491,585
579,611,645,646,488,586
582,600,639,647,478,586
569,612,632,653,488,581
581,611,636,647,488,588
569,604,638,647,489,576
574,598,643,656,479,583
576,617,633,650,487,577
572,604,645,648,483,581
572,609,639,648,487,585
571,601,637,652,478,573
577,611,645,638,491,582
581,611,639,648,487,587
578,611,648,642,488,585
569,608,643,648,485,578
570,620,634,649,492,576
579,614,646,640,489,585
568,611,641,649,489,575
580,598,642,652,482,590
572,603,643,651,479,580
576,614,644,639,491,583
581,614,638,649,487,588
577,608,641,648,487,585
580,610,636,649,487,588
571,602,643,653,481,581
575,599,645,650,479,581
570,618,629,650,491,580
580,612,633,652,487,588
579,608,639,648,485,579
579,614,646,641,487,584
575,616,649,639,490,583
566,619,637,648,494,575
579,616,646,642,488,584
577,613,640,652,480,580
568,614,633,642,492,572
566,610,639,649,488,575
578,617,642,642,492,583
576,614,644,638,490,583
582,608,647,645,489,587
577,608,640,648,484,577
581,606,641,651,482,588
567,616,634,650,492,583
573,604,637,650,485,578
577,601,644,654,480,583
568,613,635,648,493,576
564,616,629,653,492,580
579,614,631,654,486,580
578,602,647,643,490,585
571,617,631,653,491,580
575,613,644,644,489,584
572,615,628,653,491,584
575,614,644,640,492,583
568,604,639,649,487,576
568,615,629,652,494,578
579,611,643,636,488,580
578,600,643,651,479,586
576,604,626,652,491,583
581,612,639,648,489,587
579,609,640,642,488,584
579,613,638,639,491,586
580,610,639,648,487,587
577,613,644,642,491,583
580,610,643,645,485,587
580,615,646,638,491,585
576,611,630,652,488,585
568,606,644,650,484,577
578,616,646,638,489,584
580,612,645,635,491,584
579,610,641,639,481,588
578,612,634,651,487,585
574,616,644,642,491,583
567,617,631,650,492,579
580,600,640,646,479,581
581,602,643,653,478,586
581,611,636,649,488,588
575,619,643,641,491,580
570,620,628,652,491,581
581,604,641,654,481,586
579,613,647,639,492,582
579,612,647,637,488,586
577,613,646,640,492,585
580,605,642,655,478,588
577,610,638,650,487,586
578,612,637,646,486,589
580,610,642,647,484,587
579,599,643,654,478,585
583,613,636,650,486,587
574,608,647,640,491,584
578,614,641,645,488,585
579,611,641,647,486,585
579,616,642,642,491,584
583,601,642,653,480,586
580,600,645,651,478,585
569,610,637,650,492,577
575,601,645,651,480,580
575,616,643,640,491,578
569,605,624,649,491,579
567,611,640,648,491,574
580,611,639,649,488,587
575,612,646,640,490,583
578,611,644,642,487,587
567,604,639,647,484,577
562,615,631,649,492,576
576,613,643,637,492,583
568,605,642,649,486,576
580,613,642,643,491,583
579,612,644,642,487,586
569,620,630,647,492,576
575,597,643,652,473,577
578,612,646,638,488,583
573,612,636,649,488,587
585,597,642,654,478,584
576,617,636,641,492,583
573,605,643,651,481,584
581,606,642,647,483,586
571,616,631,651,490,583
578,613,640,648,487,586
581,608,642,642,487,588
569,611,641,647,487,578
580,608,642,644,486,587
574,616,631,654,488,581
579,595,645,654,478,585
575,614,630,652,492,581
570,618,630,649,492,579
578,611,641,649,486,583
576,609,642,644,492,583
578,615,644,640,497,584
567,615,635,647,489,577
583,609,638,646,488,586
576,611,644,646,487,584
578,613,644,644,489,585
577,617,630,653,492,584
568,615,632,649,491,576
576,614,643,643,491,588
580,614,645,638,488,588
568,608,634,648,486,577
580,611,638,647,487,588
577,614,631,652,489,586
573,614,630,652,489,580
581,614,630,653,490,581
575,616,631,653,490,584
567,609,634,648,492,576
578,615,643,641,491,575
576,611,637,638,486,580
576,612,643,640,490,583
580,609,641,644,477,585
578,597,645,641,490,585
578,601,642,653,481,585
576,592,644,653,478,588
579,608,635,651,486,587
570,608,642,646,488,577
576,612,636,645,483,580
577,612,647,638,492,583
576,614,644,637,490,583
579,597,644,652,478,584
562,604,641,649,486,572
565,609,636,647,489,576
578,602,649,640,486,585
577,597,644,652,478,584
574,612,644,638,490,585
570,611,640,650,492,587
577,610,647,642,489,586
578,610,645,640,490,583
580,612,644,644,487,587
580,610,642,645,486,586
578,611,633,652,488,590
576,613,629,650,490,583
574,609,631,652,488,585
566,613,632,649,492,577
581,605,640,652,485,588
579,605,639,654,482,587
575,614,630,649,492,583
580,609,644,643,487,585
577,612,633,654,494,586
578,611,635,648,489,586
577,612,632,653,488,588
568,611,631,651,492,578
578,611,632,652,487,587
582,610,637,648,487,587
578,608,645,643,488,587
580,614,646,640,490,583
576,612,646,638,488,584
581,600,646,652,480,589
579,614,645,643,491,583
580,611,635,650,486,584
575,613,639,644,489,586
577,615,644,640,490,582
575,611,645,638,491,585
579,608,644,643,487,587
581,599,641,655,492,584
566,610,637,649,493,577
579,608,645,646,488,586
573,614,646,638,490,583
579,606,635,645,481,582
576,611,646,640,487,586
574,615,643,640,490,583
578,609,644,643,489,589
578,614,642,644,489,585
574,611,640,645,487,583
573,598,643,655,478,586
572,614,630,654,492,581
567,618,629,648,493,575
577,603,639,650,483,587
576,612,651,638,488,584
575,600,645,653,477,586
582,597,641,650,473,589
577,614,646,635,484,584
571,614,632,650,491,578
571,598,645,652,479,584
577,615,635,648,490,584
575,612,644,637,490,584
581,600,641,651,483,588
570,607,641,648,485,575
578,612,644,641,487,586
581,611,632,651,489,583
570,606,637,642,481,574
568,609,639,649,485,577
579,607,644,646,488,587
573,614,643,640,491,583
575,612,644,638,490,586
573,601,644,650,479,580
577,600,645,653,478,586
577,616,638,630,490,580
582,610,636,652,477,587
580,608,641,642,486,589
577,605,639,649,494,587
579,607,635,641,481,586
567,612,636,637,487,577
577,609,644,638,488,585
578,610,641,648,485,586
577,606,640,650,488,589
561,613,634,650,491,572
579,609,639,648,487,588
566,607,638,648,489,577
578,611,645,637,487,586
578,613,647,637,489,585
575,609,644,647,488,584
566,613,645,645,487,586
579,612,645,639,494,586
576,614,643,637,492,584
579,610,647,638,488,587
576,615,647,639,491,582
578,611,642,643,485,589
569,609,636,648,489,577
571,601,641,647,484,581
577,612,632,652,487,588
573,600,643,651,481,581
570,601,641,648,483,578
577,605,640,649,484,586
574,614,630,653,491,586
581,613,630,651,489,587
582,609,636,650,487,587
577,614,645,637,489,584
568,608,638,650,491,578
567,611,635,651,490,577
578,612,645,636,490,583
578,598,642,655,476,587
579,605,640,654,486,586
580,612,645,639,489,586
574,615,644,639,491,583
568,613,634,647,494,577
569,615,630,651,492,578
571,602,645,650,482,580
567,609,636,646,488,576
577,606,640,650,487,585
576,614,644,640,489,584
582,609,641,643,486,586
569,599,644,653,479,581
581,601,632,651,488,589
577,613,642,642,488,585
578,598,643,651,477,586
580,614,631,651,489,590
578,596,643,651,478,584
574,613,643,640,492,583
580,611,647,638,489,587
580,611,641,648,487,588
568,605,638,648,488,577
566,612,630,650,490,581
572,612,632,652,492,581
576,609,643,643,489,585
575,615,630,652,491,582
569,599,636,645,486,578
574,590,646,649,482,581
569,613,629,649,493,579
574,613,630,649,489,588
579,609,633,648,488,587
574,595,645,649,479,581
580,607,643,641,489,588
564,614,630,651,491,582
582,598,642,652,479,587
574,591,645,649,482,580
580,612,637,649,480,583
572,606,628,651,492,578
580,611,634,648,487,587
575,612,647,638,491,585
577,601,639,651,479,586
567,617,636,647,489,578
577,605,639,649,486,588
579,608,637,648,489,587
568,608,642,648,486,577
578,610,637,650,486,588
579,609,645,644,490,587
567,613,635,650,492,576
579,599,643,651,479,585
577,596,642,653,478,587
575,612,643,637,491,586
580,612,641,644,489,588
576,612,647,652,492,580
570,616,630,650,493,579
572,601,649,647,480,580
574,605,644,649,481,582
576,613,630,653,490,584
576,614,646,636,479,585
576,613,644,639,491,585
570,618,631,647,494,577
582,607,641,651,484,588
578,610,636,646,491,587
579,598,644,650,477,585
577,606,639,649,486,587
573,613,628,652,491,583
582,609,634,648,488,585
579,606,639,647,484,588
567,613,634,647,491,578
578,604,639,645,484,585
570,615,629,650,492,578
577,613,646,637,491,585
572,611,641,642,487,584
576,614,644,639,493,583
578,599,639,653,480,587
577,610,640,650,487,585
577,596,640,654,478,587
580,607,634,644,487,586
576,614,644,634,493,587
582,610,631,651,488,589
578,602,640,653,480,587
574,600,644,648,482,582
571,603,641,646,484,574
582,609,634,654,487,588
578,605,643,649,484,588
575,610,642,640,492,585
564,608,634,643,494,576
576,615,643,640,493,583
581,604,634,645,485,588
573,610,629,651,492,584
573,615,628,651,484,581
574,613,640,637,492,583
568,605,640,644,486,577
580,596,641,652,480,588
571,612,629,649,489,579
569,611,628,648,491,580
575,612,642,635,491,585
581,599,641,650,481,587
572,595,643,647,478,583
578,608,633,650,490,586
576,610,644,634,491,585
578,597,638,645,486,587
579,607,641,641,487,586
571,598,643,648,481,582
575,596,641,647,479,583
570,590,636,646,483,578
576,611,641,638,490,584
578,616,644,637,494,585
580,599,644,634,487,587
578,609,644,636,488,585
577,596,643,649,479,587
578,606,638,648,486,589
579,608,638,647,488,585
578,610,644,636,489,585
571,612,639,639,494,585
581,609,639,648,487,587
576,609,645,634,494,583
570,613,634,643,489,577
577,597,640,649,480,586
577,614,638,638,491,584
578,609,639,637,481,585
567,614,634,644,495,577
576,615,644,632,494,585
580,606,637,635,485,583
577,601,634,638,492,584
570,597,640,648,481,584
577,616,640,637,494,588
580,612,643,639,489,589
571,603,637,644,487,586
582,609,643,638,492,588
583,608,637,643,489,588
580,608,639,647,487,588
576,609,630,647,489,587
585,611,632,643,492,588
572,615,628,645,492,582
580,611,641,638,490,590
577,611,644,631,492,585
574,613,628,646,493,582
579,596,643,646,481,583
580,610,645,635,491,586
580,595,644,646,480,587
578,605,639,641,483,589
580,609,644,638,489,586
578,600,637,646,482,587
577,612,636,644,490,585
579,600,640,637,474,587
577,612,641,627,483,587
576,614,628,644,491,587
581,597,644,645,480,585
577,614,627,644,493,586
581,599,641,646,480,588
577,611,627,645,490,588
571,612,633,641,485,578
578,610,637,641,487,588
581,601,639,646,483,587
572,614,628,644,493,583
580,609,629,641,482,590
580,609,643,636,487,587
573,615,626,643,494,580
576,612,627,643,497,584
581,608,643,633,489,588
581,603,639,641,483,588
576,614,642,629,490,587
574,612,627,644,495,581
579,597,642,642,482,586
579,615,643,630,494,584
569,616,628,641,493,582
562,612,631,641,491,578
580,607,644,629,488,588
578,608,638,642,489,588
576,612,626,645,493,584
568,614,629,632,494,574
581,598,639,643,480,586
572,612,626,638,495,582
572,615,627,644,499,581
577,615,642,620,493,586
577,597,644,642,481,585
572,611,626,643,493,583
583,604,638,645,482,590
579,597,641,642,480,588
579,604,638,642,485,588
573,613,626,641,492,582
572,615,626,639,493,580
579,608,643,629,489,588
585,608,639,636,489,588
582,598,640,643,483,581
574,607,639,637,489,586
576,614,638,633,494,584
581,602,640,645,486,588
580,613,635,637,492,589
571,613,629,640,492,579
578,611,640,625,484,587
578,614,636,635,492,587
583,606,643,636,488,589
582,608,634,641,483,588
564,613,627,639,494,580
581,608,644,629,490,588
578,599,641,642,481,587
578,604,640,643,486,588
582,609,633,641,494,583
584,612,645,633,490,589
581,610,634,638,489,588
577,611,642,629,495,587
573,596,642,637,482,583
581,613,628,640,492,588
583,603,637,641,484,589
571,602,640,637,488,578
570,615,629,638,494,579
580,609,635,638,489,588
576,599,643,641,480,585
579,611,641,628,490,587
582,602,639,643,485,589
578,598,643,639,482,582
577,610,626,642,493,589
568,605,637,637,486,580
573,599,641,642,483,575
581,610,628,639,492,588
575,611,640,627,491,585
572,595,643,640,482,583
564,602,640,637,485,581
573,608,630,638,494,577
576,618,642,627,496,585
574,609,639,629,489,588
577,612,622,640,495,588
569,604,638,636,489,579
576,598,639,635,483,581
577,613,641,627,496,586
583,614,625,642,493,585
568,609,634,635,493,588
572,614,626,639,493,582
577,604,641,626,494,586
583,606,634,637,489,589
572,603,636,639,487,587
570,608,633,634,492,578
576,612,636,630,493,586
579,603,640,643,482,589
580,607,637,634,489,586
570,604,638,636,487,577
582,600,638,639,483,587
573,613,624,638,492,582
577,608,631,638,493,587
576,614,620,637,495,583
582,598,639,638,480,588
583,608,628,638,491,588
581,608,632,634,488,587
578,609,637,634,486,589
584,607,642,623,485,589
580,597,639,640,480,587
582,606,630,633,485,590
581,597,637,638,483,591
569,604,631,636,484,573
579,611,625,638,492,586
584,610,627,630,488,590
577,611,642,624,492,586
580,614,640,625,493,588
569,605,634,635,487,579
575,616,637,630,496,584
568,613,624,638,495,580
576,612,639,632,491,586
581,606,639,631,489,592
575,611,636,629,491,584
579,606,638,631,490,587
580,597,641,640,480,586
581,605,635,629,488,589
578,612,634,633,491,586
565,610,629,636,493,579
575,599,641,636,482,584
579,610,629,636,490,590
578,609,637,636,491,585
576,599,640,641,481,584
578,611,627,637,492,587
579,597,641,637,480,588
574,598,641,638,482,584
576,611,640,623,491,587
571,601,641,636,485,582
578,610,627,637,492,585
574,605,634,634,487,589
570,613,628,634,495,577
579,609,636,636,489,589
580,606,641,627,492,589
578,603,637,638,487,588
578,613,634,617,492,589
583,608,631,637,492,588
581,593,632,637,484,589
581,608,636,633,490,588
576,611,639,626,491,586
574,596,639,635,483,581
568,608,637,633,488,578
578,596,637,637,479,588
580,599,639,637,479,587
579,608,637,631,488,590
576,596,642,635,479,586
580,608,637,629,488,591
567,613,630,634,492,574
577,609,635,624,488,582
579,604,637,637,485,589
566,615,628,635,493,581
576,610,638,622,486,587
576,614,621,638,494,583
574,595,641,633,481,585
581,607,631,633,491,589
576,613,618,628,491,584
568,613,624,633,486,579
575,611,639,624,492,586
572,606,646,624,488,589
580,608,632,632,491,588
567,599,640,632,486,579
578,611,640,622,493,586
569,596,639,631,487,579
566,611,627,630,493,579
577,611,644,624,490,588
580,599,633,630,488,589
580,595,638,632,485,589
576,596,639,636,482,584
575,612,626,635,492,588
581,605,636,629,490,590
579,608,643,619,484,589
581,611,635,630,488,589
569,614,626,632,492,581
578,599,640,632,481,584
576,611,639,619,494,584
578,592,641,631,481,587
581,607,634,628,490,589
573,605,640,628,486,580
578,601,638,622,491,588
576,608,627,633,492,590
580,609,639,625,487,591
570,612,627,632,494,581
571,608,624,630,485,587
580,608,628,631,492,586
568,601,636,630,486,579
579,602,641,617,492,588
569,608,636,627,488,578
571,599,639,627,483,582
572,599,640,632,486,581
583,605,636,627,489,588
570,601,637,629,485,583
582,611,619,626,491,584
567,605,630,626,493,590
575,611,634,620,493,585
569,609,626,631,495,581
579,609,623,627,492,589
580,611,627,633,492,584
581,600,631,625,481,585
580,599,637,630,486,589
578,606,626,633,491,586
579,602,635,632,486,589
571,609,636,629,492,578
575,612,641,616,493,588
582,602,633,624,486,589
577,608,626,632,492,589
575,612,625,632,492,582
575,613,641,615,494,586
573,607,634,628,489,591
580,596,636,626,481,589
578,596,642,631,480,588
576,610,637,619,494,587
580,603,633,626,491,590
578,603,635,626,482,588
578,598,628,631,493,586
575,610,639,618,491,588
581,608,634,627,486,589
567,610,630,625,492,578
577,592,631,633,474,587
573,598,640,628,481,582
578,595,635,618,492,584
569,604,636,627,491,579
579,604,641,623,488,591
579,592,640,630,483,582
578,608,640,616,493,586
577,611,625,630,492,587
568,606,629,626,493,581
572,599,620,630,489,588
580,588,631,629,486,590
580,607,632,628,484,587
570,598,635,625,488,581
579,605,632,632,483,587
584,601,634,634,485,590
579,602,634,626,491,590
579,608,625,631,491,587
579,604,632,629,491,589
570,612,627,628,493,583
577,604,633,619,488,585
570,612,628,627,493,579
583,608,630,622,490,591
573,610,637,620,493,584
575,609,636,626,484,586
569,610,625,628,495,580
578,607,632,626,490,588
576,611,624,630,495,583
581,606,641,619,487,588
579,595,638,632,481,590
577,594,640,629,481,583
576,608,639,619,495,585
571,594,641,630,481,585
580,607,637,623,488,589
567,610,631,627,493,580
570,600,636,627,484,581
580,597,637,628,478,590
579,607,628,631,490,591
578,608,640,617,492,588
578,611,636,622,492,591
568,604,633,626,490,591
567,608,631,627,487,580
582,606,634,621,484,589
578,610,639,617,499,586
581,595,638,633,479,589
577,591,641,630,483,585
580,597,635,632,480,590
562,606,629,628,492,580
572,607,623,630,494,584
580,604,636,620,491,588
577,594,635,630,480,587
579,607,628,631,491,589
581,597,633,627,493,578
580,607,642,616,485,585
567,611,623,629,495,581
580,608,636,625,490,588
580,603,634,624,490,589
580,593,639,631,480,588
573,596,638,630,476,580
562,601,638,627,494,579
576,594,636,629,481,585
578,606,634,628,491,587
571,611,628,628,495,580
578,606,626,631,494,588
558,603,629,626,491,580
578,609,635,623,491,589
580,593,637,633,483,589
580,599,634,629,488,588
581,605,627,627,489,589
574,606,623,630,493,587
568,602,633,627,491,578
582,600,631,625,483,591
580,593,638,632,479,590
578,604,635,624,491,588
577,594,639,632,475,583
580,602,633,628,491,591
577,605,635,621,483,588
577,607,626,631,492,589
580,593,637,632,477,587
578,607,642,618,489,588
568,604,635,628,489,581
570,609,626,635,495,580
579,604,624,630,491,590
582,594,639,631,483,588
577,593,637,631,472,586
579,593,633,624,480,587
581,607,631,630,489,591
568,608,631,628,491,579
575,609,638,618,495,585
576,607,640,618,490,589
576,607,640,618,493,580
579,603,631,627,489,591
579,607,635,630,489,589
580,593,636,630,487,587
565,609,623,629,493,584
575,593,638,631,481,586
569,607,630,628,490,579
575,610,639,615,493,587
580,594,636,631,480,589
577,608,637,620,497,586
568,608,624,630,494,582
582,603,644,624,490,588
580,603,642,623,491,588
580,604,639,617,490,590
572,594,639,626,486,581
578,606,633,625,490,587
580,601,636,625,488,590
574,607,623,629,494,584
573,606,622,630,493,586
577,608,635,620,496,588
582,606,627,630,491,586
570,601,633,625,488,580
567,609,632,623,495,579
579,602,627,622,485,586
578,607,637,620,491,585
577,606,629,629,485,589
580,604,634,627,489,588
575,607,632,619,488,582
580,607,623,623,488,586
577,606,640,617,489,590
581,605,634,622,492,589
579,605,639,616,490,589
573,605,638,621,490,589
568,603,633,628,492,580
577,604,640,617,493,588
572,595,640,628,483,582
578,604,639,617,492,588
577,608,639,617,491,583
579,599,635,627,487,588
570,602,634,623,488,579
582,593,631,625,479,591
577,599,628,629,484,588
580,605,640,616,493,588
580,608,626,629,493,587
569,609,626,627,495,582
561,603,637,624,493,580
576,592,638,629,482,583
574,593,638,628,482,583
575,610,636,620,495,586
574,610,625,631,493,586
577,603,628,630,493,586
580,601,642,623,491,590
570,599,637,627,488,580
577,605,635,623,491,587
580,604,640,634,481,584
580,591,637,629,481,589
576,609,637,618,493,587
580,592,634,627,494,580
581,591,638,632,482,582
576,589,639,630,481,586
578,606,640,616,494,586
570,607,623,630,492,590
579,606,629,630,490,589
568,598,634,627,486,581
569,597,631,628,483,576
576,607,625,631,493,585
579,593,634,633,481,589
578,607,637,616,493,589
569,601,634,626,488,578
575,591,638,630,480,587
573,593,638,628,483,583
581,602,634,627,488,588
581,591,636,630,481,588
583,603,633,625,489,589
579,594,641,618,491,589
567,602,633,625,493,577
579,600,635,626,487,588
575,591,639,628,481,586
577,594,637,624,481,584
577,591,639,630,482,585
569,606,631,625,492,580
569,599,620,626,495,582
571,596,640,627,486,583
577,591,633,632,474,584
579,604,634,622,489,590
576,611,638,617,494,585
578,602,640,620,492,587
573,604,633,629,489,588
579,592,637,630,481,589
577,604,634,624,486,589
582,603,629,629,489,591
579,598,635,632,484,591
571,609,624,630,493,582
571,594,637,632,481,586
580,595,637,624,491,590
576,607,624,629,494,584
572,593,636,628,477,579
567,601,633,628,487,579
577,603,636,616,484,589
574,612,622,631,495,583
579,605,629,630,490,590
576,610,637,615,493,586
577,606,637,617,488,587
578,594,630,624,480,584
579,592,636,635,482,588
577,607,634,626,490,587
570,607,624,632,493,583
560,608,629,627,494,579
579,603,633,627,489,588
579,601,633,626,487,589
568,606,631,628,490,579
575,594,629,623,481,580
581,588,635,624,488,587
582,594,634,632,485,588
567,606,635,627,488,582
581,592,634,631,481,588
575,605,624,631,491,584
570,603,633,625,489,580
579,606,625,632,492,587
572,597,637,622,478,585
569,608,622,628,492,578
582,607,636,625,491,591
570,611,616,621,494,577
580,594,637,628,495,580
582,605,639,621,490,589
577,605,640,618,490,587
569,601,633,627,488,580
576,605,638,628,488,587
574,609,639,620,493,586
579,601,631,629,482,590
582,597,634,631,486,589
579,592,636,633,482,590
580,598,636,631,487,589
582,603,636,625,485,588
580,593,636,630,480,589
575,610,636,619,496,588
577,606,637,618,483,588
574,597,632,630,484,584
566,611,625,631,495,580
578,593,637,632,482,588
579,607,630,629,489,590
569,604,636,627,488,579
572,610,629,628,493,578
576,594,637,633,479,589
575,595,638,629,483,584
581,597,635,633,481,589
580,602,635,627,490,588
574,607,636,620,492,585
569,609,624,629,494,584
583,606,628,633,492,588
574,593,639,632,483,585
570,599,638,630,483,582
576,593,639,631,482,584
576,608,636,617,494,586
577,607,634,622,491,588
579,581,638,626,482,587
581,603,631,630,491,589
581,591,638,631,480,588
573,594,637,631,481,583
580,591,635,631,483,589
571,601,634,629,487,575
578,607,627,631,494,588
569,601,637,634,485,580
576,602,638,631,481,587
577,592,640,631,482,582
575,609,635,624,492,587
568,610,622,632,494,582
577,593,636,633,480,588
575,611,637,619,494,586
570,610,622,631,493,584
574,607,628,630,492,593
579,591,637,633,481,590
570,611,626,632,494,581
578,609,639,620,492,586
578,590,631,634,475,589
579,607,634,625,493,587
580,601,630,626,483,585
582,603,636,625,485,590
574,609,636,617,494,590
576,607,640,620,493,588
580,595,635,634,482,588
576,611,642,632,484,587
580,608,625,632,492,590
566,605,626,633,495,579
568,606,631,627,495,580
579,607,625,633,493,588
582,605,626,627,491,590
577,609,637,622,495,587
579,592,638,633,481,590
578,608,629,634,491,587
580,605,638,626,489,588
575,610,625,620,493,589
580,607,634,623,491,587
577,609,636,621,491,586
570,597,635,626,487,580
575,600,640,620,494,587
580,598,635,633,484,588
578,599,633,626,490,589
572,594,638,633,481,583
580,592,637,632,475,591
576,602,634,629,477,591
570,605,633,630,488,580
576,609,637,625,492,588
573,593,639,632,483,583
566,607,632,625,489,581
582,604,638,626,490,589
580,595,634,631,489,588
580,603,634,626,489,588
577,605,628,628,495,585
579,604,631,629,491,580
578,606,640,620,490,588
581,596,638,626,492,590
576,595,638,630,483,584
573,591,638,629,486,583
576,605,623,633,493,587
567,605,633,629,490,580
576,595,634,634,481,589
568,612,618,623,493,577
577,593,639,630,479,586
581,609,628,631,490,588
570,610,623,632,493,588
580,606,634,625,490,588
569,610,625,631,494,583
575,605,635,617,486,588
576,607,639,618,494,590
575,607,629,623,492,588
568,609,635,622,492,586
578,605,627,633,487,591
576,593,639,632,483,585
574,593,638,635,482,584
582,598,628,633,491,590
568,606,629,629,494,579
581,588,635,634,483,590
569,605,631,629,487,579
579,605,632,623,490,591
572,611,622,630,494,583
583,597,636,633,480,589
582,606,626,630,492,589
582,604,629,628,489,589
560,612,630,629,491,579
574,597,642,624,490,589
579,610,626,632,492,585
581,599,634,622,482,587
574,594,634,635,481,589
583,594,637,640,481,589
576,608,639,619,494,584
580,602,633,629,487,588
580,592,637,634,480,589
576,612,638,618,494,586
578,603,628,630,489,591
577,607,625,631,490,589
578,592,636,635,480,587
581,595,631,630,481,589
574,610,639,621,494,586
578,604,633,627,488,589
570,606,623,628,493,579
570,594,637,630,487,582
579,592,636,633,484,588
582,592,636,625,485,589
573,610,624,633,491,587
575,612,636,618,495,586
576,605,634,627,488,589
573,610,624,634,488,581
579,609,625,632,491,588
567,612,627,629,492,583
581,606,635,627,480,588
569,600,635,629,488,581
578,593,639,632,481,586
580,593,629,626,490,589
576,608,638,632,489,588
574,597,639,633,483,582
572,606,635,625,491,586
569,602,635,630,488,580
577,606,625,632,493,585
580,595,636,634,483,585
574,612,637,623,494,587
579,605,635,627,488,591
578,605,635,632,490,589
576,594,637,632,480,587
577,607,625,636,490,591
579,608,635,628,484,588
573,609,623,633,493,586
578,595,638,636,480,587
577,608,641,620,490,588
574,609,636,620,493,587
575,611,635,621,493,588
573,597,637,631,485,583
568,609,625,633,491,589
578,608,637,626,488,589
579,599,634,629,486,591
578,608,636,626,485,588
577,612,635,621,491,581
579,606,631,626,488,589
580,606,630,631,491,590
574,612,622,635,493,582
570,600,634,630,483,581
577,606,633,630,490,588
571,613,623,634,493,582
574,610,624,634,492,585
572,595,635,634,481,588
581,595,635,635,483,589
572,609,622,632,491,587
574,607,633,625,489,590
569,607,633,628,491,580
577,603,635,629,490,589
579,606,640,621,490,588
578,604,632,633,486,589
581,593,638,630,480,588
577,611,623,634,486,584
570,613,624,629,494,583
577,610,624,634,492,586
579,605,632,626,490,590
579,606,632,623,489,589
583,607,627,633,487,590
579,607,635,624,489,592
576,609,633,613,492,583
573,597,637,632,485,584
580,594,638,633,480,587
576,609,622,631,492,590
578,612,635,623,488,588
575,612,639,619,491,586
570,602,634,629,490,581
561,610,625,629,494,582
581,606,633,626,487,592
583,607,634,627,489,591
576,608,637,620,495,587
582,605,630,629,489,591
570,611,623,632,494,584
573,612,623,633,493,584
571,613,624,632,494,582
579,604,634,634,485,591
577,610,624,632,491,589
583,607,630,628,489,592
572,604,634,631,486,588
582,613,632,628,490,590
574,600,618,631,492,580
578,607,628,632,489,590
580,603,634,631,485,589
577,609,639,619,488,588
566,612,629,629,495,579
580,596,630,630,492,590
580,606,639,626,489,589
576,609,633,624,494,587
580,608,633,629,490,589
582,610,632,627,490,590
576,611,636,623,494,586
571,597,637,632,486,582
583,595,636,635,492,590
580,611,639,620,489,586
573,611,622,630,493,579
577,603,634,629,490,589
566,603,630,629,489,578
573,605,623,632,493,584
573,583,638,632,484,583
580,577,637,630,480,585
577,590,636,622,493,586
580,580,634,632,482,590
569,576,634,630,491,579
571,569,635,629,487,580
568,577,637,620,493,585
581,558,637,633,481,589
576,575,634,624,494,585
582,565,630,629,490,591
578,564,626,634,491,592
578,566,632,625,489,588
577,552,638,633,481,586
576,565,637,621,495,587
581,555,628,628,480,587
581,563,635,628,490,590
576,567,636,623,493,587
575,569,637,623,493,584
576,551,638,636,481,586
580,569,639,619,494,587
570,559,633,631,486,580
579,565,622,635,490,589
568,565,635,628,493,578
574,557,638,634,484,582
581,570,626,634,491,590
581,568,639,626,489,589
573,562,635,632,488,578
577,572,637,616,485,587
579,573,630,634,489,590
579,570,634,632,490,588
577,576,636,627,493,587
571,572,623,634,494,583
569,576,628,631,494,579
580,576,634,629,488,591
568,573,634,630,491,577
578,576,632,630,487,588
579,576,637,628,489,590
572,583,622,635,491,587
579,580,638,626,488,590
580,582,633,631,489,590
570,580,635,631,488,577
575,588,626,636,492,589
567,588,624,632,493,580
578,587,639,621,491,587
578,589,639,621,494,586
575,575,637,635,481,584
577,591,631,624,489,587
576,586,638,616,495,585
577,594,635,627,490,588
569,595,631,631,489,579
576,599,640,614,487,588
560,593,633,631,488,580
580,585,639,635,480,588
574,599,625,627,486,588
570,606,621,635,495,582
579,589,639,637,475,584
583,604,629,631,489,585
578,600,638,623,484,583
572,602,635,627,488,588
580,604,628,633,492,589
568,604,631,631,494,580
560,604,631,631,494,580
576,600,635,632,491,588
579,605,641,620,486,588
575,598,635,634,485,584
577,607,641,623,489,587
568,610,628,635,493,581
578,595,639,629,488,588
578,606,635,629,491,588
575,607,638,622,494,585
577,608,642,628,488,589
577,606,622,636,492,587
581,609,636,628,492,587
574,607,637,625,492,588
574,610,639,622,492,586
573,595,636,638,481,590
581,604,635,635,491,588
577,605,643,622,491,589
571,597,641,634,484,583
572,611,627,637,494,584
578,611,628,634,493,589
575,592,645,636,482,585
581,603,639,635,486,590
568,599,638,631,490,579
574,612,641,622,494,587
576,591,636,636,475,583
574,595,643,634,482,584
578,608,641,631,490,586
573,592,641,635,480,583
579,593,645,633,481,585
578,594,640,637,481,590
569,608,630,635,490,585
579,608,632,637,490,588
576,615,641,625,495,586
572,602,641,633,486,589
574,611,644,623,494,586
570,609,629,626,487,582
578,594,630,629,489,589
574,611,641,627,486,586
576,594,645,635,482,586
569,608,645,623,489,587
579,603,639,633,487,588
574,613,642,622,493,587
578,605,640,631,489,590
576,610,644,620,492,589
573,609,632,636,489,588
575,613,641,630,494,587
580,608,634,635,491,592
578,606,634,636,489,590
575,610,631,636,490,590
579,595,642,637,483,590
577,595,643,635,480,588
579,607,639,633,488,590
579,609,643,627,489,590
566,604,638,626,486,579
581,604,643,630,487,591
571,613,629,636,493,583
577,594,643,630,494,579
577,609,646,623,492,585
571,609,629,638,493,586
575,612,641,623,493,588
580,603,639,636,483,590
566,612,630,633,493,580
576,609,647,624,491,589
575,600,641,624,494,587
568,612,630,637,491,586
577,595,644,637,481,588
571,596,643,634,480,586
568,606,641,631,490,579
566,608,638,634,492,580
574,610,642,626,495,585
576,603,641,622,494,586
578,608,640,631,491,588
578,609,630,637,491,588
572,595,646,637,481,585
579,598,642,637,475,583
579,594,643,638,481,588
576,608,647,624,492,587
583,607,635,636,490,590
575,596,643,630,475,587
581,608,635,634,491,590
576,610,630,638,492,588
577,601,639,637,487,588
572,612,629,641,492,584
569,599,645,635,477,578
577,602,639,634,486,589
575,610,644,626,494,586
568,610,631,634,493,580
579,608,645,622,489,588
579,608,634,627,491,589
571,612,629,636,492,586
578,595,642,638,481,590
576,610,644,626,489,588
573,611,627,635,494,585
566,612,635,636,492,581
575,608,641,628,493,586
568,597,638,627,491,579
567,614,625,635,492,582
566,598,641,634,483,583
561,606,634,633,493,579
568,603,642,637,490,579
567,608,638,634,489,577
576,613,644,627,493,584
576,611,627,640,493,585
580,595,643,638,482,590
573,601,646,635,484,582
578,593,645,639,482,587
580,607,636,631,492,591
575,594,644,637,480,588
576,609,644,625,489,588
574,597,640,637,484,583
567,607,637,635,490,580
571,598,643,633,485,583
570,609,634,633,489,580
576,602,639,634,486,589
569,609,630,636,491,585
568,613,632,638,494,582
578,607,647,633,489,590
572,595,641,638,479,588
575,600,643,622,495,586
578,612,644,624,495,587
565,611,628,639,493,581
569,611,629,635,496,581
576,613,640,622,492,583
569,605,639,635,487,579
580,592,637,640,487,590
578,587,636,637,482,586
580,593,642,638,481,589
573,607,635,634,489,590
574,610,640,629,491,588
580,594,642,638,482,589
566,612,636,634,495,581
571,614,624,637,495,582
577,602,637,635,485,588
569,610,630,636,494,579
578,596,641,639,481,589
577,607,647,630,490,589
574,610,629,638,493,584
568,608,635,633,492,580
579,594,644,639,480,588
577,609,643,630,491,588
579,603,639,635,489,589
580,596,629,635,491,588
574,610,642,625,494,585
579,596,639,638,482,590
571,600,642,633,481,584
570,611,629,638,494,583
574,610,645,625,492,587
579,605,635,636,490,590
575,595,643,635,482,583
575,585,645,633,481,586
572,610,630,635,494,582
571,611,631,636,487,583
577,610,629,639,491,587
578,603,644,638,480,587
574,611,644,623,495,586
580,605,639,633,489,590
576,605,645,626,491,588
577,609,639,633,481,587
571,599,645,634,485,585
577,607,641,631,491,588
571,600,646,635,485,588
575,609,643,625,487,583
571,604,641,633,489,588
577,604,641,641,484,583
576,611,645,624,490,591
570,611,632,639,491,587
569,611,628,637,494,582
578,608,639,633,490,588
580,608,638,633,490,590
577,595,640,637,480,588
574,613,629,638,493,584
576,611,640,627,492,588
572,609,643,624,492,588
577,608,646,623,485,587
571,608,626,639,494,587
569,600,644,636,484,583
577,601,638,637,483,588
580,596,642,641,481,590
567,592,633,631,492,581
579,607,644,627,491,589
573,609,643,633,490,589
580,604,638,634,488,590
567,614,633,635,493,579
567,614,630,634,494,580
569,611,628,639,494,588
573,610,643,625,493,587
576,611,628,639,494,586
571,595,643,636,482,584
580,601,640,635,488,589
579,602,634,641,486,589
579,604,640,630,488,590
577,595,643,636,480,585
569,595,644,638,481,587
570,595,642,636,483,582
574,609,647,619,492,586
579,593,644,640,479,589
566,602,638,634,491,580
576,610,643,628,493,586
576,609,627,637,494,585
571,598,643,636,484,583
578,609,634,635,489,590
572,596,644,637,493,591
581,603,640,634,487,590
576,589,643,637,480,589
