=~=~=~=~=~=~=~=~=~=~=~= PuTTY log 2023.11.02 23:25:49 =~=~=~=~=~=~=~=~=~=~=~=
558,548,649,661,470,613
560,554,639,664,477,616
566,551,656,651,468,616
569,538,649,666,461,621
561,537,654,664,462,617
565,554,653,651,476,618
570,548,656,654,470,623
566,550,649,658,468,619
558,546,651,660,473,612
566,536,653,665,461,621
569,547,643,659,465,621
556,546,648,661,471,611
568,536,651,666,462,623
557,547,646,661,477,611
561,542,652,662,473,613
564,554,650,655,472,621
568,548,655,652,472,622
567,535,654,663,461,619
564,554,652,656,473,621
564,553,654,650,476,619
558,544,648,659,471,612
564,553,654,645,475,618
567,548,649,660,468,622
564,554,639,665,465,621
555,549,646,660,475,613
561,553,637,663,473,619
554,551,646,661,475,611
566,538,654,665,465,619
569,548,648,658,473,623
558,542,652,661,466,613
564,552,638,660,473,620
566,553,653,648,475,620
563,542,653,660,469,615
555,552,645,661,471,608
566,546,654,647,473,619
570,538,651,665,464,623
556,544,649,660,472,613
560,555,638,663,477,612
564,539,655,661,466,617
556,553,641,660,476,613
569,539,646,665,459,621
565,551,654,644,475,618
563,549,647,658,469,624
570,543,651,656,471,623
562,545,650,660,472,612
569,547,650,661,470,621
570,548,648,655,470,623
571,538,652,662,464,620
570,552,640,661,475,620
568,551,648,654,473,620
567,549,639,663,472,625
576,549,643,661,473,624
571,546,653,657,473,623
557,550,643,658,476,613
569,550,649,645,474,619
570,552,650,655,473,621
565,537,654,661,468,615
572,548,649,660,470,623
568,537,654,663,464,618
576,550,644,661,471,625
572,549,649,656,471,622
562,549,646,658,473,614
571,547,650,654,473,621
566,552,638,662,475,620
568,554,653,650,477,620
573,550,650,651,468,623
567,551,655,647,475,621
570,543,656,651,473,623
569,553,655,649,475,620
572,543,650,660,466,623
560,546,649,658,474,613
562,550,642,658,476,614
565,555,652,651,475,620
570,552,654,646,471,621
569,551,640,662,475,624
557,549,643,660,474,613
572,535,653,661,464,621
557,551,640,659,473,613
570,545,648,664,466,623
570,540,648,666,466,624
570,537,649,663,464,624
569,535,654,663,464,618
570,551,655,649,474,622
569,543,651,649,476,622
573,549,640,662,473,623
565,552,652,647,477,619
568,549,654,647,477,622
563,539,653,660,466,618
559,543,650,658,472,614
569,549,642,659,473,624
574,548,646,657,471,625
559,543,649,658,477,612
556,548,645,658,481,612
561,540,652,659,467,615
568,551,638,663,474,624
570,538,651,664,467,622
572,549,655,652,473,623
571,550,657,655,476,622
566,550,653,650,476,623
569,545,647,660,468,624
568,539,649,661,471,624
563,550,653,648,475,622
561,545,643,654,476,610
558,540,648,658,474,614
557,552,638,660,478,618
560,552,636,661,477,620
562,541,653,660,468,614
568,551,654,649,480,617
567,549,654,648,478,623
561,551,638,662,478,623
557,546,641,660,477,614
559,552,639,655,479,611
563,551,653,649,477,620
558,546,645,659,478,614
565,552,649,655,475,621
568,546,647,657,475,625
563,535,650,662,465,620
563,549,654,647,477,618
565,536,651,659,468,618
570,543,650,661,469,624
567,550,648,652,476,623
557,548,635,662,476,621
569,548,644,658,474,625
562,536,652,659,470,614
555,545,643,660,476,614
565,551,651,649,479,620
568,547,641,660,473,624
561,552,636,660,480,619
571,545,648,659,469,624
568,537,652,659,467,618
570,545,654,649,476,622
568,527,650,660,466,620
566,548,651,647,477,622
561,551,639,655,474,614
567,542,649,666,471,626
564,537,649,660,467,618
571,539,648,652,475,624
568,548,643,659,474,626
569,532,653,662,463,622
569,535,652,662,463,621
566,536,650,663,465,623
561,552,635,662,479,621
559,547,643,658,480,614
569,547,640,661,476,621
563,541,650,658,473,614
572,534,652,662,465,621
559,543,646,658,473,612
569,548,648,652,477,622
570,547,653,648,475,624
563,550,636,660,477,620
565,549,637,663,477,621
567,548,649,649,478,621
565,536,647,658,474,623
574,537,648,657,462,625
572,540,646,665,468,625
574,537,649,662,465,625
567,547,652,650,476,620
569,545,652,643,468,623
569,549,646,653,477,623
570,549,646,656,476,624
572,545,648,654,475,624
564,550,635,659,478,617
571,548,652,647,478,621
555,542,645,658,474,614
561,553,636,656,480,616
569,549,638,660,476,624
571,534,649,661,465,622
574,544,644,656,474,625
573,544,652,653,475,623
569,549,648,653,474,622
560,545,646,657,472,615
566,551,636,658,478,621
572,547,647,651,473,625
562,549,635,660,481,620
569,546,653,647,476,623
569,534,651,659,467,618
564,536,654,660,467,618
568,535,651,662,467,618
558,549,636,662,476,623
571,535,649,660,465,623
566,549,647,656,476,624
560,537,645,654,476,615
564,533,651,660,465,620
555,549,636,659,477,617
569,548,641,659,473,626
569,547,639,660,475,625
571,534,644,662,471,625
567,541,636,663,475,624
570,548,649,651,479,621
564,546,635,662,479,622
571,543,651,647,479,622
572,541,651,648,477,621
568,542,651,648,480,623
574,524,643,659,466,622
570,534,646,652,477,623
561,529,636,658,480,616
563,527,635,661,477,620
573,522,638,661,477,626
575,510,650,659,467,619
575,515,648,664,461,625
577,519,646,658,474,628
567,509,637,656,479,615
576,517,656,654,475,626
565,515,648,657,476,615
565,516,647,657,473,615
576,521,650,647,479,621
571,513,648,660,468,624
573,520,653,649,478,622
573,520,637,661,476,623
580,504,651,661,465,617
572,505,641,663,473,625
584,477,648,659,467,613
582,498,649,661,471,625
582,498,649,661,465,624
577,500,636,663,476,622
586,492,650,656,472,624
590,491,654,648,475,621
589,494,652,651,476,623
575,493,639,665,469,620
573,496,646,660,472,624
583,495,650,660,463,623
578,486,644,661,475,614
592,491,654,648,475,621
585,482,647,659,473,613
585,494,651,664,464,624
587,496,655,650,476,619
586,489,654,665,466,619
579,490,640,662,478,616
587,496,653,649,477,622
587,498,652,651,477,621
579,504,644,660,473,626
574,503,636,664,476,623
581,506,651,656,472,626
583,506,652,665,466,623
587,501,654,664,465,620
582,508,645,659,472,626
583,493,644,659,477,614
589,477,653,661,470,616
574,472,638,664,477,622
588,464,654,647,479,622
583,462,650,650,476,623
585,441,651,659,470,615
575,457,638,662,478,619
587,456,652,651,477,621
579,452,642,664,474,627
586,458,652,664,463,625
590,458,656,646,469,624
584,465,649,660,472,624
586,463,651,659,476,623
582,467,646,660,474,626
585,465,649,656,475,624
584,466,649,661,471,621
588,451,652,660,469,618
585,464,651,657,475,624
590,459,652,664,465,621
588,458,653,663,466,623
590,463,654,650,475,622
584,460,648,664,462,623
584,465,649,659,475,626
591,460,653,648,477,622
582,446,647,659,475,615
581,456,650,658,476,622
589,439,654,660,466,615
588,447,650,654,472,626
577,445,648,659,472,625
579,434,641,663,479,616
576,442,639,665,475,624
591,438,656,652,474,623
589,434,654,650,475,623
586,435,650,653,476,622
576,435,640,663,475,622
580,432,646,659,473,625
578,430,647,660,472,624
588,413,655,661,468,616
583,413,653,661,464,618
588,420,651,650,479,621
582,407,645,659,476,613
580,415,651,665,464,624
576,410,637,661,475,616
588,409,656,649,472,623
588,403,654,663,461,620
576,402,640,660,476,617
583,404,648,660,470,624
577,411,640,663,470,623
587,393,650,660,464,618
586,409,649,654,473,621
579,394,646,660,470,614
575,402,636,663,475,617
586,403,650,664,460,622
586,402,652,650,476,622
585,402,651,651,473,622
586,388,649,657,469,615
589,404,654,650,469,624
583,407,648,659,466,625
586,401,653,650,474,621
582,393,650,660,467,614
585,403,650,654,470,624
574,401,637,660,473,617
582,407,647,665,459,625
573,401,638,663,463,620
579,406,651,655,468,626
582,397,645,664,463,623
583,402,651,663,459,622
583,400,651,661,461,617
577,411,648,660,466,625
581,397,647,657,465,617
579,398,652,658,462,615
575,410,649,663,463,625
577,401,652,650,470,623
578,389,648,658,465,614
580,401,652,651,470,625
570,396,637,662,472,616
580,395,651,662,457,619
572,393,643,659,470,615
570,403,634,662,472,620
571,402,639,659,466,627
582,397,652,661,465,616
565,415,635,663,473,622
578,414,646,656,473,623
573,402,645,659,475,613
574,418,648,664,465,628
579,416,652,649,476,622
582,416,651,648,474,625
578,414,649,651,474,625
573,419,649,664,468,625
575,412,649,664,462,625
567,416,637,663,475,622
569,419,641,659,471,627
575,418,644,658,466,622
565,412,636,663,481,617
569,420,645,660,471,625
573,407,640,660,477,615
576,417,649,654,476,623
575,420,646,663,468,625
576,416,647,658,474,624
566,415,636,661,480,620
577,416,651,649,478,620
579,402,648,658,476,616
577,418,645,654,474,625
582,406,652,643,479,623
576,419,648,655,476,623
568,415,636,664,479,621
580,404,648,660,472,615
578,420,647,655,478,623
574,421,639,659,479,625
583,407,651,661,471,618
580,414,651,662,460,624
569,416,635,663,479,624
581,407,650,659,471,617
578,407,648,657,473,625
576,421,640,662,476,626
578,422,646,661,472,625
579,420,648,651,478,622
571,417,636,662,479,619
583,406,652,661,466,620
581,418,651,649,479,623
581,419,651,647,481,624
573,408,641,658,480,616
583,419,644,643,480,620
578,420,648,660,472,624
577,420,650,654,474,625
569,414,637,660,482,614
569,412,631,662,482,624
581,420,649,651,479,622
582,418,651,650,481,622
577,424,648,657,472,624
567,419,637,663,479,619
584,409,651,662,466,620
575,407,652,662,471,621
582,420,646,652,477,626
581,422,647,658,474,626
578,419,647,655,473,627
574,413,638,659,479,616
580,398,645,661,468,615
582,419,651,647,480,619
578,424,646,659,475,625
579,405,648,659,474,616
581,408,651,660,471,618
565,419,633,662,480,622
583,419,652,650,477,624
564,421,637,664,478,624
577,408,644,658,476,615
584,417,651,650,476,625
581,417,649,648,479,623
572,424,646,657,474,624
574,423,647,659,475,630
573,423,643,658,476,626
571,424,637,661,476,626
579,422,648,661,470,625
568,416,637,660,479,619
578,425,647,659,470,627
579,422,644,650,476,624
571,407,634,658,481,619
581,420,643,648,479,620
580,422,646,659,475,626
579,417,646,654,479,623
569,423,636,660,480,621
582,416,651,647,481,623
578,416,647,661,467,624
582,418,653,649,480,624
577,420,652,655,477,624
577,419,645,656,475,626
581,418,652,649,477,624
583,415,651,662,467,622
576,423,645,660,473,626
566,422,641,660,477,626
580,418,651,649,477,625
576,418,651,648,481,623
578,420,649,663,469,626
580,412,652,662,470,622
581,414,647,653,478,626
580,420,649,649,479,623
578,421,647,657,476,624
574,422,647,657,476,623
580,417,652,649,479,623
579,409,648,657,473,616
576,401,642,658,475,615
579,416,650,660,470,622
576,422,646,662,468,625
573,423,641,658,476,628
575,421,646,655,472,623
578,422,647,662,472,619
577,417,646,653,477,626
579,407,646,658,478,613
580,413,650,653,478,624
563,413,635,659,481,618
575,424,643,657,476,628
569,418,635,661,481,621
576,423,646,662,471,627
574,422,643,659,477,628
580,419,649,649,481,624
578,423,647,655,472,626
576,416,650,660,469,621
566,417,636,659,481,619
569,424,639,659,477,626
568,416,636,662,475,618
577,423,645,654,476,627
576,407,643,659,479,615
567,423,633,662,480,624
578,422,653,655,480,625
573,409,641,656,482,617
580,414,650,657,464,627
578,424,648,662,467,625
568,424,636,662,479,627
572,424,641,664,478,629
575,426,646,658,476,625
578,409,646,656,477,614
580,413,651,650,481,623
581,404,645,661,465,619
569,414,634,659,482,620
583,419,650,649,473,622
576,420,647,663,472,625
576,423,646,660,473,627
576,410,643,658,482,615
578,425,645,659,474,626
570,411,641,657,484,613
582,421,651,648,481,623
571,410,643,658,480,618
575,412,643,658,479,613
574,426,645,660,473,625
582,420,651,647,479,622
581,411,652,658,469,620
573,425,642,656,477,627
562,420,633,660,482,620
570,426,638,658,481,617
577,422,648,651,477,624
576,419,642,654,473,626
571,418,635,659,481,619
572,427,640,661,478,627
572,424,637,661,475,626
572,427,640,662,480,625
583,410,649,659,470,620
582,407,649,659,475,615
576,425,648,656,478,625
582,420,649,662,470,625
576,405,643,654,479,617
574,425,647,659,473,625
580,421,649,647,482,627
582,412,650,659,468,619
581,424,648,656,477,627
569,425,636,662,478,625
579,423,649,648,479,623
579,420,648,657,463,624
583,421,652,647,476,625
582,421,651,649,481,623
581,419,650,648,480,624
585,420,652,647,480,623
577,409,644,658,476,616
571,420,635,662,482,620
583,419,652,647,481,623
578,424,646,656,477,626
573,426,647,658,478,628
583,423,648,649,481,622
573,426,643,660,478,627
579,410,644,658,480,616
564,422,634,662,481,620
579,409,647,658,475,622
579,423,645,661,477,627
583,412,637,658,483,615
579,425,646,656,474,625
579,409,650,659,475,619
579,421,648,663,469,626
575,422,649,663,467,626
579,408,645,659,477,616
577,424,647,658,478,627
578,420,646,653,482,623
570,422,636,663,479,623
582,405,649,660,471,617
570,421,638,662,478,624
577,416,648,660,470,623
580,410,647,663,467,624
567,412,636,664,478,625
568,411,634,661,480,618
578,411,648,665,468,624
569,416,638,663,477,630
566,411,635,662,481,617
575,399,650,660,471,628
580,408,650,662,468,625
578,414,646,655,477,625
577,417,646,659,478,625
577,413,648,665,470,626
569,408,636,662,479,615
568,415,634,662,482,620
567,421,636,662,480,623
576,420,645,660,480,625
573,407,642,658,484,615
581,406,649,660,474,628
577,421,645,664,472,627
575,402,641,656,483,617
582,405,650,660,474,618
576,411,644,658,480,616
570,425,638,662,479,627
578,423,646,658,473,626
569,419,634,662,483,622
572,424,638,659,481,627
580,420,652,655,479,625
578,418,646,660,478,626
577,402,642,656,479,616
577,424,645,660,477,623
569,414,636,660,484,618
566,422,638,664,481,625
582,420,649,651,482,622
570,419,635,662,481,620
577,426,645,661,474,626
567,419,634,661,484,624
577,423,645,659,476,627
580,408,651,660,472,619
580,413,650,646,483,623
572,414,641,659,482,616
578,409,649,659,474,616
573,423,646,659,473,627
582,415,653,646,478,625
571,409,642,659,484,613
574,407,644,658,482,616
562,422,650,654,479,627
578,418,651,664,469,624
569,424,640,660,478,627
572,405,641,655,484,615
575,421,645,659,475,627
575,416,647,653,479,624
570,407,650,662,472,621
576,408,648,659,473,617
572,421,648,664,471,625
574,422,649,650,479,622
570,424,646,660,475,625
567,419,636,660,479,628
568,422,651,649,484,624
566,426,650,651,479,623
561,420,636,663,478,626
571,423,647,662,470,626
566,424,638,661,481,627
574,418,650,663,470,626
559,425,635,661,482,623
560,419,635,660,479,622
564,423,638,662,475,623
564,424,640,660,481,625
560,420,633,661,482,619
571,408,643,658,478,617
571,409,651,649,483,625
576,414,649,662,469,620
572,416,647,662,469,626
570,405,641,658,481,616
561,426,637,662,480,628
574,418,648,660,471,623
572,422,646,664,470,626
561,424,636,663,481,625
564,424,645,658,477,626
567,424,645,657,478,628
570,422,650,662,470,626
562,419,636,662,483,622
573,424,649,645,482,624
563,418,652,649,480,626
564,415,638,657,483,617
562,424,636,659,484,623
557,420,636,662,481,623
558,409,644,658,485,615
571,409,646,657,479,616
568,424,646,656,479,628
566,425,645,656,478,624
567,423,645,649,477,627
556,427,635,661,481,629
556,425,635,661,481,622
570,410,651,662,472,620
568,424,646,653,480,623
572,420,651,648,481,625
568,424,646,659,473,626
570,423,639,660,479,628
566,425,648,652,484,626
568,425,646,654,480,625
562,424,640,659,481,627
558,416,635,658,485,619
561,424,634,661,481,625
571,422,650,648,481,623
568,424,647,652,481,625
566,426,633,662,482,624
554,424,638,662,481,623
571,423,652,648,479,623
568,426,642,658,477,627
572,409,649,659,476,616
555,424,634,661,484,622
574,420,645,654,481,627
568,422,642,653,479,629
570,426,647,655,479,626
556,419,635,659,484,621
557,423,631,656,481,622
568,423,644,653,478,627
564,425,647,657,477,628
563,422,649,654,479,625
561,422,648,652,480,627
559,427,637,661,481,628
570,411,650,662,473,621
567,425,647,654,481,624
566,407,649,657,477,616
558,421,651,648,483,625
569,421,648,648,483,623
569,410,647,658,477,617
568,420,648,661,470,626
564,422,652,648,483,626
570,420,651,647,484,626
567,418,646,652,479,628
569,420,648,648,485,623
565,412,639,657,484,615
562,425,643,655,480,626
558,425,648,654,478,628
559,412,642,655,483,615
564,426,644,658,477,625
565,419,649,661,471,624
567,423,648,653,480,626
565,415,650,660,471,623
564,422,649,648,487,624
556,424,635,659,478,624
556,425,641,658,480,628
560,423,647,663,473,628
563,424,632,659,485,619
562,427,644,658,479,627
554,410,641,655,482,617
563,410,644,656,481,616
558,412,647,653,475,617
551,418,634,658,484,621
563,423,652,652,479,627
565,425,649,654,482,628
560,428,646,655,481,627
554,424,645,657,477,628
558,424,646,653,481,627
551,421,635,661,484,628
561,427,645,658,477,627
557,426,645,656,479,628
561,411,644,655,483,618
556,412,639,656,489,617
557,425,643,660,474,624
560,421,646,651,482,628
559,421,649,647,484,625
549,411,640,657,487,617
564,409,649,660,475,622
562,422,646,662,472,627
561,423,650,646,487,626
558,408,643,657,481,618
555,416,633,659,486,619
555,409,647,659,478,619
563,421,647,647,488,624
554,419,636,659,481,617
556,421,634,659,485,625
563,416,645,660,473,624
565,423,647,647,485,626
561,422,647,650,487,625
566,426,647,649,480,625
567,423,650,647,484,627
568,413,650,661,474,622
566,422,648,646,487,618
565,412,643,659,474,623
567,412,640,657,487,617
564,428,635,660,484,630
566,422,648,647,488,625
557,412,647,658,475,620
565,427,644,654,482,629
570,421,650,648,486,626
565,423,649,649,481,628
565,425,646,652,486,626
564,427,640,658,482,629
568,423,647,640,482,626
564,411,642,657,484,616
555,420,632,659,487,620
557,421,635,657,472,625
569,424,650,648,484,625
565,429,644,657,479,628
563,427,640,656,481,629
555,430,641,655,482,627
574,428,631,662,486,623
566,423,647,646,486,625
556,417,648,660,473,624
567,415,647,643,489,624
558,419,646,660,473,626
562,412,640,657,484,616
562,417,647,659,473,626
561,428,644,649,478,625
567,430,635,659,485,628
560,419,647,654,484,628
565,422,646,647,485,627
566,419,647,646,487,626
550,426,630,660,486,626
554,412,646,656,476,620
550,424,631,661,483,623
560,426,645,647,485,624
560,419,646,659,474,624
551,421,631,658,485,622
558,411,643,657,476,620
554,416,632,657,489,619
563,427,631,660,485,631
550,424,630,659,487,624
560,423,633,656,483,617
562,422,645,644,485,626
561,423,643,657,479,624
548,424,644,647,485,628
557,423,644,660,471,628
548,427,644,657,477,622
558,422,646,646,484,626
545,425,629,659,485,624
555,425,644,646,486,625
550,425,645,647,486,625
553,427,642,657,477,628
559,417,643,644,484,628
557,427,647,658,475,625
559,420,646,658,473,625
553,414,638,654,486,617
557,405,643,652,475,618
552,413,637,654,485,617
556,426,642,660,474,629
557,425,646,646,482,629
547,412,642,657,482,618
550,411,638,656,484,616
557,424,644,642,486,625
555,418,632,656,486,619
557,423,646,646,484,625
547,419,630,655,486,619
557,415,636,657,488,617
545,430,631,660,482,628
555,413,639,656,476,616
545,430,628,658,485,628
552,425,644,648,486,624
557,425,639,658,473,625
543,428,631,660,484,626
556,426,644,646,487,624
551,418,642,655,482,615
543,428,633,660,484,626
550,417,632,656,485,619
545,416,635,657,486,619
557,425,643,643,483,623
558,423,644,660,474,622
554,428,641,652,480,630
556,414,629,658,486,623
547,428,631,658,486,626
544,425,631,659,488,623
556,425,645,643,484,625
553,414,638,653,485,615
543,413,637,656,484,615
546,426,644,659,475,629
550,428,636,655,485,631
549,420,632,655,488,618
554,421,646,651,484,629
553,429,638,655,483,630
557,425,647,646,487,626
547,425,632,657,487,622
554,425,644,647,483,630
552,425,643,659,475,628
548,416,633,658,486,619
558,414,645,655,481,619
546,409,635,654,483,630
546,431,633,658,485,625
556,425,648,644,488,626
555,429,644,649,487,624
553,423,645,659,475,626
550,430,637,656,482,631
557,415,645,658,472,628
546,427,641,654,482,628
555,425,644,647,479,626
551,416,646,657,474,623
556,411,642,654,484,618
546,420,631,655,488,620
554,415,640,653,484,618
556,426,644,646,488,626
559,413,645,654,478,618
557,424,646,644,487,626
549,426,630,657,490,621
554,430,641,658,479,628
557,428,644,656,481,617
560,421,646,644,488,625
547,428,630,658,487,627
560,415,643,655,483,617
557,422,642,656,473,629
557,422,645,658,473,623
557,423,645,657,474,627
545,429,632,658,486,627
555,429,643,656,478,617
558,427,644,648,485,627
547,416,636,655,486,620
558,423,645,645,487,625
556,430,641,659,479,629
564,425,645,646,486,627
558,414,642,656,484,618
561,429,637,651,481,627
554,428,637,654,482,629
549,424,632,658,484,623
558,416,643,653,483,626
557,428,644,659,475,628
557,428,643,650,485,626
561,419,647,658,476,624
556,428,641,660,478,629
555,428,639,654,482,618
558,427,641,651,483,629
561,430,643,651,483,628
559,419,640,653,480,626
547,421,631,658,488,620
560,430,644,650,483,628
552,429,638,655,484,629
553,425,628,658,489,622
561,425,643,647,486,625
563,415,641,658,483,617
555,428,644,659,473,626
561,415,643,655,484,618
567,426,645,659,473,628
563,428,644,649,487,627
565,428,646,645,487,625
558,430,636,658,483,629
566,426,644,645,487,626
565,432,640,661,480,627
561,423,636,653,480,627
557,421,632,655,488,617
565,429,642,654,482,628
564,425,648,646,485,627
564,431,641,659,475,630
559,436,637,655,482,630
566,430,642,659,475,628
559,418,644,661,475,617
564,421,630,654,487,615
568,415,646,657,477,621
563,432,635,659,483,627
563,428,635,660,480,628
572,426,632,648,475,620
574,426,649,645,481,628
569,430,641,657,479,628
562,427,647,653,483,626
576,427,647,660,475,620
562,426,632,663,490,624
572,414,643,658,480,619
573,432,643,661,480,627
578,427,649,649,487,625
577,415,646,661,477,619
570,416,640,658,484,617
574,413,632,661,487,624
578,427,651,649,484,626
573,421,647,663,474,626
583,428,645,653,485,625
582,427,651,651,489,626
574,427,651,664,475,625
584,423,648,665,477,627
570,428,646,662,486,617
578,430,644,660,486,629
582,428,651,662,479,626
579,429,648,656,486,629
585,429,653,649,491,627
580,427,649,653,489,628
586,420,652,663,478,624
578,417,644,659,490,617
585,418,653,661,481,622
586,422,651,663,479,624
581,430,650,663,480,630
581,430,649,665,480,629
584,420,651,649,495,626
583,430,647,662,483,628
585,426,655,652,492,627
580,431,649,661,487,618
587,430,651,646,496,624
579,423,639,656,495,631
587,417,653,663,484,624
584,428,648,661,489,629
587,424,655,663,481,624
589,427,654,652,491,629
582,428,645,659,495,620
577,421,638,661,496,622
586,423,650,658,491,620
586,431,649,656,490,631
587,432,650,667,480,630
588,423,653,666,478,626
577,431,643,662,492,632
592,429,649,657,490,631
592,424,652,664,480,627
589,429,653,651,493,628
588,432,650,659,490,629
590,425,652,663,482,627
581,424,639,662,494,624
586,433,653,651,495,627
590,424,654,650,492,628
592,423,656,646,493,629
587,432,649,664,481,630
585,433,649,660,490,628
577,428,637,664,495,627
590,430,654,651,495,628
590,432,655,649,489,630
588,421,651,659,488,620
586,428,651,664,483,628
573,423,644,662,496,619
590,430,655,659,491,620
587,424,640,659,496,622
591,421,652,661,486,620
587,419,648,650,495,627
577,425,652,664,482,625
584,435,650,663,487,629
582,422,643,661,492,619
580,419,649,660,492,620
586,434,648,656,489,632
590,429,654,650,493,630
584,434,650,649,493,626
584,435,649,658,489,632
586,421,652,652,491,629
580,421,644,660,494,620
592,431,653,650,493,629
585,437,648,660,484,630
577,427,639,659,491,624
585,435,639,661,495,623
579,435,648,663,487,631
590,430,649,660,490,620
575,430,650,665,478,627
586,432,648,659,489,620
576,428,637,661,496,622
584,433,650,651,491,628
578,434,639,663,492,630
586,432,654,649,494,629
585,434,650,654,489,632
576,433,653,663,479,626
581,435,638,662,493,622
584,419,649,659,492,621
586,420,637,664,493,630
576,435,639,663,492,633
587,423,650,663,480,628
574,435,638,664,493,627
578,438,644,661,491,631
585,433,650,653,495,628
589,431,642,660,496,622
587,430,654,650,494,629
586,427,654,651,493,629
577,436,649,661,495,621
576,430,653,665,483,630
586,430,637,663,494,627
584,435,645,661,491,630
589,420,652,661,483,623
588,417,638,663,495,628
587,427,652,663,492,632
580,434,635,660,486,621
586,434,649,662,486,629
587,430,651,653,491,631
585,435,649,657,488,628
588,431,653,651,496,629
588,425,649,659,490,631
591,428,637,661,493,628
590,427,652,647,496,626
587,428,650,652,493,627
576,423,636,662,495,623
578,429,639,665,492,632
585,414,647,659,491,619
577,415,644,662,492,619
580,431,636,661,491,631
577,430,636,664,495,625
581,431,639,663,493,629
591,425,654,651,492,629
584,427,647,663,495,626
577,423,650,664,494,626
584,430,650,653,494,628
590,414,651,664,479,626
591,414,654,662,480,626
581,427,645,661,488,631
577,426,639,662,487,632
577,424,637,663,493,626
586,424,645,660,488,632
588,411,651,664,479,627
584,427,648,659,488,629
587,418,653,665,478,627
590,412,651,661,481,623
584,427,647,665,493,632
588,426,650,651,493,628
582,428,642,662,489,632
587,413,652,662,483,621
590,412,643,661,488,620
577,430,639,664,489,629
588,421,650,664,479,629
585,430,643,666,487,631
579,428,649,661,483,622
588,422,651,665,477,629
580,417,638,653,492,629
585,413,649,661,482,624
588,420,653,664,475,631
592,425,652,652,490,631
583,430,637,663,488,633
577,430,649,662,477,624
587,428,648,657,486,631
577,430,635,664,488,628
578,426,635,662,490,624
582,431,650,649,490,627
584,425,649,665,475,629
586,413,651,663,476,622
571,424,635,663,490,621
570,419,634,664,484,620
569,429,638,663,483,631
577,424,642,662,478,619
575,426,649,665,476,627
578,418,651,663,474,623
567,425,639,661,483,629
578,412,651,661,471,622
577,417,646,661,479,626
572,405,644,659,489,616
580,412,651,663,487,620
579,421,645,660,483,623
580,404,648,652,480,614
574,421,646,656,483,625
569,416,634,659,488,615
574,418,650,662,475,621
570,416,637,660,483,616
580,422,648,654,487,624
574,418,638,658,485,626
576,425,651,662,475,621
568,424,639,662,481,627
576,423,648,653,485,624
571,424,647,659,483,626
580,422,648,652,483,623
578,426,646,659,472,622
577,423,645,657,482,625
579,425,647,660,479,625
580,407,652,649,487,623
579,407,638,661,477,628
576,418,642,651,483,622
577,420,645,660,482,614
580,411,635,662,479,626
577,422,640,650,487,624
580,414,648,660,479,626
569,423,637,659,486,615
577,423,648,648,481,624
579,420,645,660,484,619
576,424,644,658,479,615
570,412,639,648,483,622
579,408,647,655,481,623
575,424,647,663,472,625
576,408,648,658,481,615
577,421,650,664,486,623
576,421,651,649,484,623
572,424,645,663,472,626
578,424,650,647,488,624
574,425,652,655,487,623
572,425,645,658,487,616
575,410,645,657,484,613
572,410,646,662,473,622
573,424,646,652,486,627
576,423,649,643,490,623
577,423,652,647,488,625
576,413,647,657,483,617
573,428,646,657,481,617
570,418,647,660,485,615
569,429,634,658,486,627
574,428,644,654,485,627
567,422,642,647,490,624
578,413,644,645,492,624
574,425,643,656,483,626
579,420,650,659,487,627
569,419,635,658,491,617
575,425,646,656,486,627
577,422,649,648,492,624
576,428,646,659,477,626
580,425,646,653,486,626
579,414,650,657,478,618
575,426,645,645,491,624
579,412,650,655,486,629
580,412,650,657,483,616
579,426,649,650,489,627
577,427,648,650,487,627
576,430,644,656,487,629
580,429,650,645,491,624
568,431,635,657,490,621
578,427,651,659,476,624
581,420,651,655,480,620
581,432,652,659,489,624
574,421,649,656,478,624
568,438,646,651,486,627
580,431,651,652,488,625
575,422,649,646,489,625
574,438,648,658,483,627
567,433,654,655,490,615
578,440,641,655,486,628
580,434,653,649,486,627
570,440,642,654,482,618
575,439,648,654,482,626
577,433,637,650,488,624
572,431,652,651,486,616
581,435,652,659,477,627
580,435,651,651,486,627
577,439,647,643,478,621
579,435,651,645,490,625
579,423,653,644,490,625
576,437,645,652,486,627
578,436,639,641,489,622
568,439,637,650,489,622
581,436,647,659,478,626
568,438,639,657,477,624
570,430,633,655,491,619
575,435,650,659,476,626
576,434,647,650,485,629
580,431,652,659,476,624
570,430,639,658,491,621
579,419,649,653,487,614
572,423,638,660,479,619
573,436,639,659,490,623
579,421,649,654,486,618
580,432,654,643,490,623
578,436,640,646,493,624
576,440,647,644,478,625
582,433,653,649,488,626
569,439,637,649,491,623
571,439,643,658,489,625
578,435,652,644,491,624
580,431,652,660,491,625
577,424,653,656,482,617
577,440,648,657,479,628
578,437,650,648,490,624
577,436,652,659,477,626
569,442,640,657,490,627
576,440,648,653,484,627
579,437,636,660,490,623
567,436,639,659,491,623
580,437,654,654,494,619
573,440,646,654,487,628
568,443,640,656,487,629
581,436,652,643,492,624
580,429,653,658,478,622
576,441,647,654,486,626
572,441,642,660,490,623
582,437,648,657,493,616
576,438,650,652,486,629
574,426,647,654,487,616
580,436,653,646,490,624
566,441,639,657,489,625
582,438,648,652,488,628
574,425,646,658,483,617
569,442,640,658,492,623
577,439,649,652,489,622
582,435,655,657,493,620
582,433,651,660,483,625
581,428,655,658,480,622
574,426,653,656,479,621
576,441,650,655,483,628
570,432,638,656,493,619
581,432,655,659,479,624
581,427,655,657,491,618
580,417,650,652,489,625
580,441,649,655,487,626
577,438,651,658,479,617
572,437,653,646,493,623
570,436,640,656,490,622
570,434,639,644,492,625
580,425,649,654,483,622
581,440,650,644,481,620
583,440,637,658,493,624
573,434,653,658,479,624
572,441,642,655,487,618
570,428,651,651,488,629
577,441,649,655,488,629
567,441,639,660,490,627
571,437,638,655,489,626
573,438,653,659,481,627
580,444,638,658,490,626
583,438,651,650,491,627
574,431,640,656,489,628
573,438,637,656,491,624
587,435,650,655,495,629
583,441,653,644,493,625
581,442,650,649,492,626
573,442,639,662,495,620
583,442,652,650,493,626
587,438,656,645,494,625
587,435,656,658,490,631
586,440,652,660,483,628
584,426,650,653,494,618
585,441,651,657,496,622
577,442,641,656,489,628
585,438,651,653,492,627
580,440,645,654,494,627
581,435,642,650,493,625
593,439,650,655,492,630
587,439,652,651,490,628
587,426,648,656,491,630
588,438,651,662,483,629
589,441,651,659,490,628
593,436,657,647,490,629
592,436,653,660,482,626
584,435,640,653,492,630
590,439,649,647,483,626
587,439,651,659,487,621
589,424,648,650,499,617
594,438,640,659,497,625
588,438,652,647,497,623
586,439,651,655,492,629
591,439,650,646,496,625
584,428,646,656,499,620
589,441,652,657,490,628
591,424,653,655,491,619
587,438,646,658,494,631
594,435,654,647,496,626
592,439,651,660,495,619
593,437,653,658,497,626
589,439,648,657,496,627
595,437,654,661,484,628
582,436,638,657,497,621
595,427,647,655,493,630
593,439,652,650,495,625
592,440,654,651,491,630
584,433,654,647,494,627
593,420,655,656,492,629
580,424,641,655,490,629
592,422,653,658,482,629
583,414,652,646,496,626
589,422,654,661,479,628
581,414,651,655,478,628
586,430,654,647,491,627
580,424,649,654,486,632
586,432,656,645,486,624
581,434,655,650,482,625
582,439,655,655,473,626
580,441,656,647,483,625
577,447,647,657,468,625
568,449,641,659,481,627
574,440,648,657,482,618
570,449,644,660,481,625
575,451,650,656,473,621
575,464,655,659,482,624
564,480,639,661,471,622
572,485,656,646,482,625
574,493,652,650,487,618
572,497,652,651,484,624
566,497,652,660,478,625
559,484,654,659,474,621
573,493,657,649,483,625
571,494,652,647,483,623
570,492,652,664,473,623
564,492,647,658,482,626
555,490,639,663,486,626
555,492,639,664,486,623
563,491,653,659,484,626
556,495,640,662,489,618
557,484,647,661,488,615
553,491,642,662,484,619
560,500,653,656,486,620
564,501,657,661,481,621
560,490,653,659,476,623
562,503,656,652,488,621
560,492,655,660,478,622
562,495,646,661,490,612
558,506,653,662,477,623
556,509,652,661,489,620
548,496,645,662,481,623
557,508,654,665,479,621
556,512,651,664,482,622
556,518,656,658,488,619
558,524,654,661,484,622
557,533,657,652,487,619
552,541,654,662,485,621
549,531,655,660,490,610
551,546,653,652,484,622
543,541,649,662,479,611
552,544,651,661,486,617
548,546,654,657,475,620
551,545,647,662,483,609
538,548,640,662,485,621
545,544,650,661,485,608
547,546,649,661,484,620
534,551,653,660,483,620
540,551,655,651,489,615
543,538,655,667,474,618
540,551,641,665,485,620
540,553,656,653,490,614
541,537,658,665,480,612
535,544,650,661,485,608
538,547,643,663,486,615
541,538,656,668,474,615
540,548,652,663,482,617
538,545,651,653,488,614
538,547,652,666,488,608
527,553,644,662,487,614
534,552,655,655,486,613
533,548,652,659,482,615
535,534,657,663,482,603
526,545,650,663,485,604
536,534,657,667,474,610
523,548,647,662,487,612
532,544,651,667,483,614
528,552,643,667,485,603
533,537,656,667,487,613
533,544,654,666,489,612
534,544,643,666,490,609
525,547,658,667,475,611
531,533,656,668,490,612
530,532,658,667,487,614
532,534,654,662,484,604
531,545,658,655,485,616
526,532,658,668,491,603
523,526,657,668,477,610
534,534,654,661,491,604
528,519,653,663,487,605
522,526,649,665,478,608
532,528,647,665,490,612
534,529,641,669,490,612
526,521,655,665,490,604
529,533,643,668,492,603
528,534,641,668,490,612
521,535,647,663,488,615
522,527,651,663,485,618
525,527,657,666,479,607
533,540,654,659,490,613
532,544,659,655,489,615
532,548,651,665,485,615
533,548,654,662,487,616
524,556,658,667,481,608
527,544,653,667,484,614
526,557,643,668,477,614
520,561,643,670,488,612
526,561,656,659,489,614
525,549,656,665,483,607
527,560,653,660,475,613
532,558,653,659,486,615
526,561,659,655,491,614
518,551,658,655,490,612
518,554,653,664,487,603
529,557,659,656,490,614
529,562,645,667,487,615
527,561,658,656,486,614
522,566,643,667,491,610
528,561,657,655,487,610
517,559,650,660,486,616
532,569,647,664,485,616
526,571,659,655,485,610
527,576,650,662,483,611
520,583,645,664,486,616
524,566,656,659,488,614
517,577,654,664,482,615
529,577,652,660,485,614
515,577,645,666,490,611
523,577,659,653,492,610
512,575,650,664,485,603
514,567,657,665,479,607
524,570,656,669,484,614
520,573,655,664,485,613
522,578,655,663,490,614
523,561,659,670,480,612
511,574,656,665,488,615
518,558,657,659,491,609
523,571,655,665,490,612
518,574,660,655,492,610
517,568,655,670,482,614
516,576,656,660,493,611
515,570,652,667,480,612
512,562,659,665,490,606
517,569,654,668,487,611
511,575,644,667,493,610
519,559,660,669,488,606
521,567,656,667,491,612
511,568,658,657,493,611
522,566,657,668,482,612
517,572,648,668,483,611
515,575,645,669,490,612
516,576,659,663,491,610
518,572,660,666,484,606
507,574,649,667,490,600
517,576,659,658,493,612
520,572,655,665,492,615
514,572,655,667,487,613
519,575,662,655,491,613
509,571,652,664,490,601
518,567,657,670,488,613
508,566,656,665,488,614
514,559,660,666,486,606
515,572,644,670,495,613
512,555,659,665,486,606
516,567,659,657,496,610
514,562,646,668,491,615
518,557,659,658,491,612
518,559,657,663,486,613
518,549,662,670,483,615
514,547,660,665,484,609
521,550,656,666,494,604
516,566,651,663,493,604
516,550,661,668,483,609
521,548,659,669,481,613
522,557,657,663,489,616
512,554,655,665,489,611
516,561,658,665,487,604
518,562,657,660,494,613
519,560,648,668,492,610
517,563,646,668,491,614
514,563,648,667,481,613
516,565,657,658,494,612
518,566,647,670,492,613
511,558,647,666,495,604
517,567,657,662,495,604
507,562,650,665,497,601
512,565,653,666,489,604
519,566,667,656,493,611
521,551,661,669,490,602
522,556,660,661,488,615
512,561,649,664,495,603
512,560,653,664,491,602
514,555,656,668,480,613
514,558,657,670,487,613
523,565,660,666,486,604
525,565,649,668,490,612
525,565,647,668,489,612
528,550,662,669,478,612
528,564,663,654,490,612
526,547,661,667,493,612
523,553,657,662,488,613
526,553,658,658,493,611
524,536,660,668,481,614
530,548,658,655,493,612
528,547,646,656,494,610
524,551,646,670,493,610
526,551,651,667,494,604
527,540,659,668,484,606
531,548,662,656,492,613
519,550,650,665,494,615
531,547,649,669,491,614
519,549,660,667,486,604
524,537,661,667,485,611
529,554,662,656,495,613
529,555,649,670,492,616
535,537,661,670,491,610
531,549,656,669,487,616
529,546,645,656,494,611
526,545,648,656,492,612
530,543,646,669,493,612
527,540,645,669,494,605
533,543,652,664,491,605
536,544,648,668,490,617
531,542,660,665,483,610
529,541,659,660,492,612
536,529,661,664,487,605
527,538,656,666,490,604
530,539,647,664,490,608
534,547,662,655,489,612
541,539,662,657,487,606
543,536,662,669,483,610
541,537,657,668,488,609
537,555,659,658,490,613
539,555,655,662,487,615
539,542,661,650,480,617
527,539,657,665,487,616
535,559,644,670,486,615
533,561,660,657,492,614
526,560,652,665,493,606
541,556,656,665,491,617
529,562,646,670,487,608
538,547,659,660,490,613
529,550,662,657,486,615
535,554,658,666,483,618
525,556,656,664,480,606
535,558,662,653,489,614
530,560,648,671,487,618
542,543,660,671,478,615
536,552,657,665,486,619
533,539,656,667,481,614
540,552,660,657,487,614
542,551,664,661,483,617
526,555,650,665,490,608
528,547,658,665,488,610
540,553,661,660,485,616
540,555,662,657,486,614
536,558,662,656,489,614
540,556,661,657,487,615
539,551,658,667,486,617
533,550,656,665,488,606
535,543,658,659,487,612
537,537,661,655,487,616
540,528,657,666,485,618
538,529,645,667,491,608
541,519,659,669,477,616
534,523,656,667,487,607
538,532,663,651,489,614
531,531,656,661,488,616
540,535,656,668,482,617
532,531,657,665,485,606
536,545,646,667,488,612
548,547,657,663,486,616
536,553,646,668,491,619
540,555,656,669,482,619
546,553,657,662,486,617
533,560,646,667,490,609
543,555,663,655,489,616
533,556,657,666,485,620
538,558,662,654,489,618
534,562,655,668,490,612
544,558,656,673,480,619
538,560,646,666,490,617
547,559,658,666,484,609
546,559,658,666,486,608
547,545,658,671,477,619
544,552,660,656,489,616
538,557,662,658,488,618
545,552,656,664,487,619
545,555,657,664,486,617
537,543,648,667,491,610
542,552,663,655,492,618
540,536,646,670,489,616
542,534,660,667,479,613
542,544,652,668,477,609
543,539,656,667,481,615
544,543,648,672,480,620
535,542,651,665,488,609
547,541,656,662,486,621
543,540,663,656,489,615
534,543,654,660,487,619
541,536,665,666,483,611
539,537,662,668,479,613
536,552,646,658,487,620
549,545,653,667,487,621
545,531,660,670,476,617
542,541,658,659,488,618
544,529,661,669,477,615
535,529,653,666,487,610
546,535,661,655,488,621
536,542,646,664,483,619
538,544,661,656,486,618
537,539,652,665,486,620
543,540,657,661,486,619
549,537,663,658,484,618
547,540,647,669,485,621
548,536,658,654,488,617
544,539,647,671,485,619
546,528,662,670,475,620
545,538,661,656,485,619
548,533,659,662,487,618
537,533,657,666,481,610
545,541,647,669,486,622
546,541,663,654,482,620
547,531,661,669,477,616
537,542,655,662,483,609
551,544,655,665,483,611
545,532,660,670,475,619
544,542,663,657,483,620
548,541,660,656,485,620
544,535,657,667,482,619
542,528,661,657,485,618
537,530,652,666,482,618
546,524,649,669,485,619
543,530,646,668,486,618
545,531,662,654,485,617
548,530,658,657,487,617
546,529,650,666,477,614
536,526,661,667,488,611
553,525,653,667,482,621
546,510,658,662,483,619
552,523,648,669,484,623
545,510,662,667,483,623
550,518,656,661,483,619
544,519,646,670,490,618
550,510,664,656,486,619
537,508,645,669,486,616
547,505,656,662,484,618
538,490,646,668,487,616
551,483,663,669,473,621
545,485,657,665,486,611
547,477,661,666,480,611
538,476,645,669,486,615
547,477,662,667,486,620
546,476,659,660,483,619
537,471,646,667,486,613
550,466,661,662,483,619
543,483,651,667,481,622
538,476,647,667,487,612
550,479,659,671,473,620
544,475,657,663,483,620
550,471,655,669,477,615
550,467,658,654,487,616
546,456,659,656,488,619
548,462,660,663,475,616
546,469,658,671,475,623
546,460,646,657,482,622
538,459,651,669,483,624
550,443,662,670,473,621
548,450,659,656,483,621
538,448,646,667,487,613
540,457,647,668,481,621
548,441,660,667,476,622
541,456,657,664,482,621
549,457,659,661,482,612
547,463,657,658,484,618
544,466,656,666,477,612
547,463,650,668,477,621
549,463,651,669,488,617
537,463,645,669,485,613
546,456,656,665,486,611
550,469,647,670,484,616
543,460,656,665,483,610
543,462,659,669,470,619
539,474,659,670,484,618
538,475,651,666,482,611
543,464,652,667,486,611
546,474,654,665,483,623
552,470,661,656,485,619
557,468,662,657,484,614
539,474,646,663,482,623
553,472,661,656,484,622
550,475,652,666,482,610
542,462,645,668,487,616
549,459,654,667,486,618
551,472,655,671,481,622
545,474,649,670,482,625
552,472,658,659,486,620
556,467,659,670,473,619
554,470,649,656,487,620
553,470,662,657,487,619
552,472,660,658,481,622
554,472,657,660,487,620
549,460,656,666,487,612
551,474,654,662,484,619
554,469,660,658,487,620
557,470,660,660,487,619
549,472,657,668,482,623
556,469,661,656,488,619
548,471,653,670,484,623
552,467,659,668,480,622
560,468,661,657,488,620
555,472,658,661,488,620
554,466,660,671,477,622
553,473,656,670,481,621
550,472,655,666,484,623
545,474,655,667,485,621
554,458,659,666,481,615
552,471,657,666,477,624
550,473,657,656,489,618
546,475,650,665,486,612
551,474,657,669,486,623
547,475,659,670,488,621
557,474,663,658,485,623
545,477,649,666,486,625
549,476,655,666,485,621
555,466,660,669,478,620
546,478,647,670,487,621
558,459,661,667,477,618
541,478,646,671,487,623
552,476,657,655,480,614
556,473,662,669,486,625
549,463,653,665,486,612
549,479,647,668,486,624
553,478,657,667,476,624
552,474,657,671,487,620
554,460,657,666,485,613
557,470,656,665,487,612
553,477,656,664,486,623
554,461,655,668,486,624
553,478,656,664,484,622
556,474,660,665,487,612
554,474,662,661,486,622
549,476,654,665,485,623
553,472,657,669,481,623
555,474,658,667,483,623
555,473,661,669,487,624
545,476,646,672,488,618
554,468,661,671,476,622
556,460,655,664,478,614
545,463,651,665,489,614
555,472,659,668,487,620
544,467,645,672,494,612
552,472,657,668,485,612
543,472,646,667,490,615
554,467,660,670,477,620
551,462,653,669,487,619
544,468,657,664,488,623
554,460,659,667,480,613
555,462,661,669,478,619
547,467,651,666,477,615
546,477,649,657,486,623
556,472,662,665,485,611
543,472,646,668,490,615
544,477,646,671,489,617
552,476,658,659,490,620
557,473,661,651,489,619
555,467,660,667,477,624
550,464,652,669,491,617
548,476,648,670,486,626
543,475,644,664,483,624
545,478,649,669,485,625
547,474,654,668,483,622
551,478,656,664,482,624
555,470,661,668,476,620
551,477,654,664,485,624
552,474,658,672,477,623
552,477,657,662,486,622
546,470,645,667,485,614
553,475,657,666,485,624
543,479,645,667,487,621
553,477,659,658,487,620
544,475,646,669,487,619
553,475,658,663,486,620
551,462,658,666,487,621
548,464,654,666,482,612
556,466,660,670,479,616
556,471,661,669,477,620
555,473,661,656,487,620
557,477,646,670,489,618
550,477,656,665,485,622
555,461,658,667,481,613
549,478,654,660,483,623
553,476,658,657,486,620
556,465,661,669,475,623
557,468,660,668,480,624
556,474,660,668,478,617
547,468,649,667,488,612
547,479,656,664,486,612
550,475,658,655,489,620
542,478,645,668,489,618
557,474,663,656,488,619
554,477,660,654,490,619
545,474,644,669,488,618
556,465,660,657,488,621
544,478,645,658,477,617
554,482,656,671,475,623
547,476,654,665,491,611
554,485,659,656,490,619
554,490,656,663,486,619
552,492,654,662,486,624
553,490,659,671,477,621
551,490,660,658,481,619
543,488,646,668,490,618
549,481,653,666,490,612
550,494,656,663,486,616
552,480,660,668,491,614
547,494,661,658,488,620
554,496,658,670,489,620
546,494,646,670,487,616
553,503,659,662,486,621
554,503,655,670,488,613
550,503,657,665,485,612
556,506,661,670,490,617
544,518,651,665,489,611
553,516,655,667,483,622
555,507,661,666,481,615
550,512,657,667,482,615
550,528,658,658,490,619
549,518,661,668,487,624
556,538,646,669,487,621
556,538,646,669,475,620
555,524,657,667,478,623
556,536,651,666,487,625
553,537,660,655,488,619
555,534,663,657,488,622
556,534,662,662,486,623
553,534,654,665,488,621
554,534,656,669,482,622
557,537,651,666,487,619
544,532,656,665,484,612
553,532,656,665,485,621
545,540,644,668,489,621
547,540,645,667,483,612
547,538,645,668,490,613
552,536,661,658,486,612
547,528,656,668,484,611
555,534,658,662,485,624
553,537,642,670,489,622
555,530,662,653,490,621
554,533,658,664,486,621
552,532,657,662,479,623
557,527,658,658,486,623
554,534,661,656,490,620
549,520,660,669,487,624
551,525,655,667,483,621
557,515,662,668,478,617
552,529,662,655,480,617
544,536,647,660,489,620
554,534,649,669,490,621
555,534,656,664,487,621
552,537,661,656,484,613
553,523,661,670,478,621
553,538,660,655,488,621
547,540,645,671,489,619
548,525,661,665,481,615
555,536,662,669,479,623
556,534,660,659,486,621
554,533,657,666,488,613
556,524,659,669,474,621
552,538,657,662,486,620
557,537,648,666,489,619
557,527,659,669,476,621
551,543,657,657,489,620
557,536,654,662,484,624
546,539,651,667,492,613
552,537,658,664,491,620
543,540,650,665,491,612
553,541,659,654,476,618
552,542,660,666,491,612
548,541,645,670,490,621
555,525,658,670,484,624
553,540,658,661,488,620
557,539,648,670,487,624
545,543,652,665,490,620
544,541,647,666,486,614
544,542,646,668,492,617
551,538,648,669,488,622
555,541,660,657,489,618
551,533,658,655,485,614
558,533,660,666,479,618
557,536,652,665,486,624
544,537,648,664,489,614
557,530,656,654,486,621
545,534,651,665,488,613
544,541,651,664,486,623
545,534,653,665,484,612
546,537,646,669,488,617
557,528,657,667,485,618
553,535,656,662,485,621
558,534,651,667,483,625
554,539,659,657,490,620
557,527,656,669,475,616
554,536,662,655,485,619
548,536,645,666,488,623
557,532,659,657,486,622
554,533,662,654,488,621
549,523,661,666,488,623
555,530,656,664,483,624
547,523,659,667,491,616
555,537,660,654,490,620
558,527,657,667,482,623
557,526,655,665,480,623
556,527,658,667,482,624
557,529,658,659,486,623
548,523,660,667,481,614
559,520,658,671,484,612
550,533,647,669,476,623
552,533,659,664,488,621
544,528,655,663,485,612
553,524,656,672,481,624
556,518,657,664,481,614
549,534,647,667,490,618
545,534,646,666,476,624
551,534,647,667,488,620
546,535,646,668,489,613
554,530,651,667,486,624
559,526,658,670,478,623
544,530,653,665,487,611
559,529,654,663,489,620
557,515,659,671,476,622
554,532,656,665,488,616
558,528,655,664,482,622
560,529,656,669,487,621
556,529,661,654,487,621
556,530,657,665,486,623
552,534,658,659,489,620
548,522,659,665,485,611
551,530,644,670,489,617
555,526,648,669,484,624
544,527,647,666,489,614
556,523,661,658,486,622
551,526,644,669,490,624
557,522,651,667,490,622
552,526,659,656,490,620
553,511,656,665,477,621
555,527,659,659,488,619
548,526,645,668,489,618
552,528,663,655,488,620
553,526,656,656,486,619
544,521,660,670,487,612
554,525,660,654,486,618
558,523,654,664,486,624
547,517,660,669,475,620
556,525,660,656,490,624
548,523,656,665,485,620
550,513,660,667,477,622
552,513,661,667,477,618
557,523,658,660,490,620
552,512,661,672,482,625
540,531,652,665,485,614
554,525,653,667,487,625
554,525,648,668,486,626
552,528,661,654,487,623
554,523,656,662,488,622
555,526,661,654,486,621
542,528,648,667,491,614
552,513,661,666,482,615
557,511,660,656,490,621
558,522,662,657,487,622
557,512,659,665,482,618
545,526,648,666,490,614
547,524,647,669,482,614
557,507,659,665,476,624
555,519,644,670,485,627
557,513,658,660,486,623
556,511,662,667,476,617
555,512,664,663,482,623
545,516,651,665,487,620
556,507,655,665,478,612
557,514,657,661,485,624
543,519,646,666,490,615
556,504,660,665,480,612
556,510,663,669,475,618
552,518,660,655,489,620
557,516,648,669,487,626
553,518,662,653,489,621
555,504,660,665,479,624
552,518,656,663,486,614
543,513,653,665,477,620
549,508,649,664,490,623
557,513,655,659,484,621
555,518,661,655,488,620
544,511,647,667,490,617
553,516,664,656,486,619
554,503,661,667,489,617
551,518,646,670,479,619
554,517,663,654,487,618
556,500,659,666,479,615
544,516,652,665,492,611
554,519,660,655,487,624
554,518,656,665,486,622
554,515,661,654,488,622
557,513,657,661,486,624
557,514,658,659,489,625
548,518,646,665,486,622
556,515,660,661,484,625
546,519,645,667,488,617
559,511,661,668,487,625
555,519,662,655,487,621
552,508,652,664,483,624
560,509,661,669,481,615
555,512,655,669,483,623
552,518,660,655,490,620
548,509,661,666,477,616
560,511,658,663,486,621
556,505,658,664,486,614
557,513,657,671,482,614
552,520,646,670,478,618
557,505,660,665,488,623
560,516,653,663,485,617
551,504,653,664,486,613
558,514,654,664,485,623
557,511,658,668,478,618
546,521,647,666,490,614
554,514,657,653,489,620
553,519,662,655,483,622
552,521,660,655,490,620
553,520,645,669,488,623
544,516,653,665,487,611
558,515,654,667,486,624
558,505,661,666,482,616
561,516,650,666,485,620
553,518,647,670,480,612
559,512,657,670,481,624
556,516,656,663,485,623
554,519,657,662,484,621
553,509,653,665,490,621
548,515,654,666,489,613
557,519,657,659,488,620
548,511,642,668,488,617
560,512,658,672,478,623
558,518,656,662,488,620
560,504,660,667,480,613
555,518,662,655,489,624
558,504,657,665,488,622
553,508,650,667,488,614
561,507,661,668,486,613
556,506,657,664,487,613
557,520,660,655,487,622
555,521,645,670,486,623
559,522,649,668,486,624
565,510,661,667,475,613
558,516,655,669,483,621
561,514,651,665,485,624
558,521,650,669,485,623
560,515,657,668,477,622
549,526,646,667,488,622
561,520,654,665,484,625
562,522,651,664,485,624
560,521,649,669,486,624
561,522,654,665,485,624
555,508,653,662,486,611
559,517,655,670,479,617
555,511,651,664,483,620
555,510,655,665,486,622
553,525,645,668,479,615
552,516,659,667,477,614
553,525,646,669,488,620
559,516,656,672,481,623
558,526,647,669,486,624
556,508,651,666,483,623
547,524,653,665,488,613
558,524,659,655,490,612
561,511,661,667,479,622
554,516,658,665,477,615
561,510,656,666,485,613
547,515,657,664,483,622
563,520,657,667,478,623
561,516,657,668,488,621
560,516,663,662,486,624
559,520,646,668,489,617
561,521,661,670,477,625
551,526,645,668,485,615
560,508,658,666,484,615
547,523,651,667,488,615
559,521,649,668,485,623
549,519,651,665,486,622
561,511,660,666,477,616
558,514,657,668,481,624
558,508,656,665,485,612
549,517,656,664,487,613
555,524,660,656,490,621
553,524,646,670,487,624
547,520,647,668,490,615
558,508,655,665,486,625
558,522,649,668,486,624
562,511,662,670,488,620
560,520,655,665,482,623
557,509,656,665,485,611
559,521,658,669,483,614
560,525,661,655,486,616
560,526,657,653,488,618
555,512,653,668,488,613
562,518,656,666,481,623
549,524,653,665,487,611
561,522,656,667,484,623
558,525,657,663,485,621
561,521,658,664,486,623
559,529,656,655,489,620
554,527,645,669,485,616
551,529,651,667,489,613
559,525,662,655,489,621
559,526,661,655,490,624
560,523,661,656,490,623
562,522,662,659,486,622
550,528,643,669,488,616
551,527,646,669,490,617
560,521,656,673,479,624
562,532,655,672,481,624
548,522,653,666,486,613
558,526,661,656,490,614
563,524,656,664,485,624
561,524,663,662,487,615
560,519,662,669,478,619
558,526,648,668,487,623
552,514,659,668,483,621
557,529,658,658,488,619
548,530,646,667,490,615
556,528,659,653,490,618
559,524,661,657,481,625
557,521,655,664,488,621
559,512,655,666,485,613
560,523,654,667,483,620
556,526,661,657,491,620
560,514,657,671,478,621
557,528,643,670,489,619
560,526,660,657,489,621
557,527,662,657,490,621
558,524,655,665,484,618
561,525,659,659,488,622
556,528,645,670,486,623
560,517,655,664,483,622
557,525,655,666,485,621
558,525,656,659,487,623
554,515,657,667,483,613
548,520,654,662,488,612
562,514,656,671,477,616
553,514,659,666,480,614
557,512,659,664,474,616
559,527,656,662,487,621
557,527,659,656,489,621
556,530,655,660,489,620
560,523,655,664,485,623
548,519,655,666,489,612
553,527,645,670,487,625
560,523,655,666,485,622
560,524,657,655,481,613
556,513,660,668,479,618
553,517,658,665,483,613
561,523,656,665,485,617
559,525,648,669,486,624
559,510,661,665,476,615
560,522,657,663,486,622
561,523,651,668,485,625
560,513,660,670,476,623
561,521,651,668,486,624
551,526,660,656,489,621
558,525,656,661,492,622
561,512,656,669,478,624
557,527,659,657,490,621
560,519,657,672,478,622
548,529,645,667,491,615
548,527,646,668,490,615
555,511,651,665,486,620
561,521,657,666,486,624
547,515,656,665,482,614
551,518,657,666,485,622
556,525,656,663,487,622
561,523,655,664,486,615
556,527,658,658,490,620
558,515,661,656,488,624
548,518,657,665,483,614
551,529,645,669,488,622
548,528,645,670,488,615
560,518,656,671,477,620
557,522,655,664,489,622
559,516,650,668,487,624
558,521,647,666,486,623
557,519,660,670,485,622
557,519,652,668,487,623
555,520,658,657,491,620
558,521,657,661,489,625
554,509,647,666,490,612
559,508,659,666,482,623
559,513,656,672,483,624
558,524,658,656,492,620
562,520,654,663,486,624
560,521,657,666,487,624
555,511,653,666,490,613
562,515,655,672,482,623
554,526,661,655,490,621
555,513,658,669,488,623
559,527,656,662,486,621
551,522,654,666,486,612
563,519,655,657,490,614
549,529,659,669,474,621
562,513,655,670,478,626
552,517,656,666,485,615
563,500,657,665,483,614
555,496,647,664,485,622
563,500,656,658,488,620
560,480,655,666,483,612
562,489,656,671,477,622
564,487,652,657,487,622
559,485,655,671,478,624
549,487,643,671,487,620
554,476,651,666,488,614
559,483,654,665,487,620
560,489,658,659,487,622
560,479,655,665,484,611
555,488,651,667,488,613
560,499,661,657,486,620
559,503,654,670,478,619
561,501,657,656,489,623
556,490,649,664,488,611
555,488,655,665,486,612
552,499,657,670,476,622
550,500,654,667,483,622
544,493,644,667,491,617
544,486,648,667,491,610
551,488,659,669,475,623
545,499,651,667,485,621
546,499,656,666,481,623
547,500,655,661,484,623
547,495,656,659,482,620
548,491,657,671,473,621
550,484,659,670,475,619
549,489,657,657,485,619
553,488,660,656,485,614
542,492,647,665,486,621
544,497,652,664,484,621
543,501,651,667,484,623
547,489,653,660,485,609
545,486,650,662,487,611
552,498,660,668,485,619
540,502,643,667,488,616
551,488,651,664,484,611
541,504,645,669,485,611
553,500,660,654,489,618
539,498,643,664,488,616
551,486,655,661,475,620
551,476,659,657,485,621
541,464,643,669,488,615
547,465,652,664,484,619
553,461,658,667,474,623
553,460,659,656,485,623
553,450,657,667,481,611
549,466,655,665,484,620
546,459,657,671,478,622
546,453,650,666,485,611
547,461,658,670,475,619
541,476,644,669,489,618
536,477,644,670,490,618
547,471,655,666,485,613
548,478,658,666,484,614
551,498,661,658,486,622
544,504,655,659,488,619
554,507,659,655,488,620
544,517,644,669,489,621
552,508,659,669,475,616
556,515,654,663,485,623
550,523,644,671,483,620
554,513,655,670,477,623
540,529,650,667,489,614
541,531,643,667,491,613
547,534,660,656,491,620
540,538,655,664,486,611
552,534,654,672,479,623
553,546,654,664,483,622
549,548,649,668,486,611
554,550,651,659,486,624
550,538,658,670,476,622
548,551,660,657,488,619
548,542,658,670,476,623
546,557,653,660,490,619
544,556,644,665,484,619
549,550,654,669,483,622
547,554,662,657,490,621
537,559,644,665,489,613
545,560,656,655,490,618
549,556,649,668,487,621
548,543,659,669,478,624
547,554,654,662,485,624
544,559,656,657,489,619
540,561,646,668,486,619
535,559,660,655,490,620
542,557,655,659,491,620
542,558,658,655,491,620
540,558,659,656,490,619
545,551,650,664,484,622
540,559,643,669,491,618
543,555,655,666,487,620
541,546,659,667,480,615
533,561,643,667,492,612
544,551,648,669,487,622
542,556,657,657,488,622
545,550,656,671,481,624
542,557,647,668,489,620
537,558,649,669,489,622
533,560,644,667,493,616
540,556,660,655,489,619
544,554,656,665,488,622
543,542,659,668,478,620
527,549,654,666,487,610
542,553,647,668,488,623
536,556,648,671,490,623
545,554,653,668,488,625
536,558,644,667,492,616
541,559,660,655,494,620
544,546,655,670,480,623
536,553,655,665,488,614
540,558,653,660,490,620
543,554,655,668,484,624
546,553,652,662,488,624
537,554,653,664,488,623
549,553,648,668,488,624
545,553,647,668,489,621
534,557,644,666,494,613
543,553,656,661,489,625
540,550,656,663,492,612
539,551,652,665,486,611
538,555,644,670,487,622
539,549,656,671,480,624
542,553,657,657,493,619
538,540,657,667,483,615
538,545,653,662,488,624
549,547,652,664,487,624
546,547,648,668,483,625
543,534,657,668,478,621
545,547,654,666,486,622
547,542,655,671,482,624
537,551,653,657,491,617
542,549,655,659,489,624
540,551,656,659,490,621
533,547,649,660,486,610
543,552,660,656,487,619
543,545,655,667,483,624
540,551,656,659,493,620
529,551,643,666,493,614
539,546,646,670,490,622
537,550,643,668,492,622
544,536,658,668,481,621
545,547,652,664,489,625
543,541,656,659,493,621
545,545,649,666,489,623
546,545,654,667,488,622
540,550,643,669,490,619
538,551,643,668,493,621
535,552,642,669,494,616
545,555,659,654,492,621
547,535,658,671,481,621
542,550,654,661,490,622
537,541,657,665,486,614
547,544,653,669,487,622
541,537,657,667,482,615
547,553,659,655,493,619
545,550,660,654,492,615
528,553,644,667,494,614
543,549,653,658,491,622
545,548,658,661,488,624
547,549,655,659,490,620
542,550,656,653,491,621
542,535,658,668,482,617
537,553,644,665,494,615
538,551,644,668,495,616
550,546,652,663,488,624
546,547,655,664,483,622
545,552,659,655,480,621
548,548,654,659,489,625
537,544,645,668,495,615
546,550,646,669,492,624
546,536,656,668,481,621
544,551,656,658,489,621
549,546,651,665,488,624
546,547,655,660,485,622
550,546,654,664,489,624
545,534,659,669,479,622
536,553,647,664,491,614
537,553,645,666,494,615
536,548,653,663,491,615
545,548,659,655,489,621
549,540,655,668,484,624
547,547,646,668,492,618
548,550,645,670,490,621
541,541,655,666,483,615
541,547,655,660,488,623
535,543,655,665,485,615
547,552,654,651,491,620
546,546,654,666,488,622
529,544,653,665,488,613
543,535,660,670,479,620
547,549,656,654,489,624
542,553,657,655,492,621
538,541,656,666,484,615
544,553,657,654,493,620
548,547,652,661,488,624
537,553,643,667,494,611
543,546,658,663,489,620
547,541,654,670,486,623
537,546,652,666,491,612
546,551,654,661,491,620
550,541,652,661,486,625
550,535,657,671,479,623
531,547,649,667,490,612
535,548,651,663,489,611
552,547,654,662,489,623
537,552,643,667,492,616
548,538,656,670,480,623
547,550,646,669,490,621
547,550,644,668,491,622
538,545,649,665,490,613
540,551,643,667,493,616
535,545,651,664,492,611
540,543,640,667,493,622
535,538,655,664,483,614
547,528,658,668,480,620
538,535,658,667,483,615
531,551,645,666,491,611
546,547,657,658,491,619
548,533,656,670,479,624
548,547,640,664,488,623
547,546,658,655,490,622
547,549,660,655,492,620
554,550,654,668,486,623
538,550,649,663,491,613
549,543,648,667,488,623
542,549,640,667,492,618
538,546,643,666,493,613
544,547,654,659,491,621
548,546,654,664,488,623
546,543,657,654,492,618
550,543,659,660,487,623
548,533,656,668,479,622
540,548,642,667,479,620
540,536,656,665,485,614
547,547,658,655,491,622
535,542,652,664,489,613
538,541,641,665,493,615
547,545,657,655,490,622
550,530,655,668,479,622
544,547,655,655,491,618
548,543,660,661,487,624
547,545,659,655,489,623
550,533,656,670,480,622
548,544,660,655,491,624
538,546,645,661,493,612
537,543,651,664,491,612
539,541,640,665,493,617
548,540,655,664,486,623
551,534,656,669,480,625
535,542,649,663,495,613
549,543,654,667,489,623
550,543,659,653,490,623
545,532,655,669,478,623
548,546,653,654,480,623
553,546,651,663,488,624
549,544,649,664,487,625
540,545,642,669,492,615
537,542,640,665,492,616
549,540,652,668,485,622
545,532,658,667,481,617
538,543,652,662,488,612
547,543,648,666,489,625
538,541,653,663,491,613
539,536,654,663,487,613
545,534,656,670,480,620
543,548,642,668,491,619
546,543,652,661,488,622
551,541,652,662,485,623
548,546,646,667,493,625
546,546,643,668,492,622
550,530,657,668,479,620
550,541,656,657,492,624
543,539,644,668,494,614
540,536,657,665,483,616
551,542,660,663,487,624
552,541,648,666,489,624
551,534,654,667,487,622
549,527,657,664,480,617
544,534,652,657,488,624
548,524,657,667,480,621
541,540,643,663,493,616
547,516,657,667,479,621
553,524,656,669,481,619
547,539,658,654,493,622
550,525,651,663,480,621
551,527,655,660,488,625
546,537,657,655,492,621
552,534,654,667,483,625
552,538,655,652,489,621
547,536,656,658,491,621
541,541,637,663,490,615
547,538,656,660,491,620
548,538,645,669,493,620
548,539,658,654,492,624
550,537,659,651,489,621
548,522,658,667,482,617
544,537,658,656,489,622
550,537,660,654,489,622
546,540,656,657,493,620
550,535,659,654,489,623
541,541,643,667,494,617
540,542,640,664,494,617
545,524,656,665,481,617
551,528,654,669,479,624
552,531,654,666,485,623
541,542,657,654,493,621
549,543,650,652,491,619
545,540,656,657,493,620
551,537,647,666,489,623
540,542,641,665,493,615
553,536,653,665,487,624
550,536,652,660,488,625
548,524,660,666,480,620
547,541,657,652,492,621
551,534,651,664,489,623
545,539,643,668,491,619
547,539,658,655,493,621
538,526,658,664,486,615
550,529,654,663,489,622
550,525,655,668,479,623
553,529,653,666,481,623
539,535,647,664,497,612
550,531,652,663,484,621
549,526,655,670,481,625
552,535,655,659,489,623
550,537,657,655,491,623
552,534,655,659,488,622
542,525,656,665,485,616
546,540,657,653,494,619
548,532,652,663,485,623
549,535,660,656,491,622
539,534,654,665,485,615
552,536,654,657,491,624
538,530,654,665,487,613
540,528,650,664,484,611
548,538,653,660,489,624
551,528,656,661,491,625
546,540,656,658,492,618
549,538,644,667,490,623
545,540,658,656,493,620
551,538,660,654,491,623
541,527,656,664,486,613
537,535,651,664,488,612
548,533,656,652,492,620
550,538,653,661,488,621
548,540,656,658,491,621
550,536,645,667,490,626
539,538,650,664,490,613
549,534,647,665,488,625
545,540,643,666,492,618
547,536,659,654,491,622
539,534,652,665,490,614
538,531,653,664,492,615
552,536,657,657,491,623
533,540,643,666,492,616
540,530,655,664,486,614
539,534,645,660,492,616
552,523,655,668,479,623
546,535,652,661,489,623
548,516,658,662,478,619
549,533,658,653,487,622
548,520,655,662,494,614
551,530,652,667,480,620
553,529,656,655,489,624
552,517,658,668,478,622
548,531,655,660,490,622
546,529,644,667,490,622
550,522,654,666,480,625
549,531,645,668,491,619
539,532,641,666,492,616
539,529,650,663,490,613
539,527,650,663,490,613
549,527,653,664,487,624
552,527,656,658,489,624
544,527,648,665,488,625
545,532,657,655,488,617
540,521,656,664,485,613
539,531,641,665,492,617
542,523,653,664,484,624
545,532,655,658,487,622
539,527,649,662,489,613
548,530,659,654,491,623
545,530,643,668,492,617
553,527,645,661,488,625
547,516,648,662,489,621
548,513,657,671,488,623
547,528,655,661,492,621
551,524,656,662,486,626
546,527,654,659,489,622
550,521,652,674,484,623
549,521,646,662,487,624
535,519,655,666,483,615
549,513,656,670,479,623
540,519,657,666,483,614
544,528,658,653,492,623
548,526,658,655,491,623
546,528,658,654,489,622
551,521,654,665,485,625
551,522,652,665,488,625
543,524,643,669,485,619
541,508,649,665,490,613
548,510,657,665,479,620
547,516,659,654,491,620
549,509,659,655,491,620
549,510,652,662,487,624
544,506,648,663,486,623
537,508,642,666,491,617
532,510,643,667,492,619
545,490,647,663,487,613
543,496,653,665,489,611
546,508,656,659,488,624
546,511,654,667,484,624
540,513,642,666,492,617
544,513,655,653,488,620
541,512,643,665,492,617
547,505,658,656,491,620
551,503,655,657,489,626
543,504,655,656,492,621
538,502,642,666,491,616
547,491,658,665,484,615
544,507,654,667,484,621
542,496,651,664,493,612
543,487,649,658,492,613
547,508,654,668,485,623
545,506,654,668,482,624
540,501,643,665,493,613
541,493,656,664,484,614
549,501,660,665,494,615
540,492,649,664,492,613
544,503,654,668,485,623
540,493,644,663,494,614
537,496,643,665,493,617
542,503,647,666,487,625
551,499,658,654,492,622
548,490,657,667,481,619
546,499,656,659,488,624
537,496,645,666,493,615
536,499,643,664,491,616
548,501,658,651,493,620
539,502,644,666,493,616
548,503,655,666,480,621
538,511,643,668,491,621
548,507,655,669,481,624
536,506,643,668,493,616
545,497,657,664,484,614
536,509,641,666,493,616
549,506,657,654,490,621
548,496,654,665,486,615
548,509,655,669,480,624
543,512,654,662,483,624
536,501,648,664,494,611
544,516,655,656,493,621
545,509,655,667,480,624
540,514,659,653,491,622
542,518,641,667,490,619
549,513,656,657,489,623
548,505,655,665,485,614
546,518,647,663,488,623
538,518,655,657,490,621
543,508,651,663,492,612
538,524,638,661,492,615
542,523,641,667,491,622
550,520,650,666,488,626
542,524,642,669,490,623
550,521,655,662,487,625
538,526,643,667,493,617
542,528,645,668,490,622
545,528,657,653,492,622
547,526,657,654,480,619
534,533,643,667,492,618
543,519,653,668,480,624
546,520,656,668,480,623
542,519,658,666,480,620
541,529,656,667,482,615
546,539,650,667,489,623
546,543,659,654,491,621
546,539,652,664,487,622
539,543,654,658,490,621
547,523,656,669,479,624
544,546,657,655,492,620
546,543,659,656,489,624
547,545,649,664,487,626
544,545,659,654,489,623
545,544,657,655,490,624
543,551,661,658,488,624
546,556,652,664,488,625
531,557,651,661,486,613
539,562,656,660,488,626
542,565,653,658,488,621
536,570,644,667,493,621
532,570,645,665,489,616
541,556,658,669,479,620
540,555,656,667,481,620
536,567,647,668,489,621
532,557,658,664,484,616
529,573,643,667,493,614
540,569,657,653,491,621
522,564,655,664,487,612
538,558,656,669,483,618
537,566,653,662,488,624
535,571,652,661,490,621
536,572,645,668,489,621
528,569,642,669,493,618
519,571,650,665,491,611
517,575,643,668,491,618
530,571,655,660,492,619
532,568,656,663,485,620
520,578,645,668,496,614
512,577,650,667,493,608
529,572,654,662,490,620
522,569,655,665,489,612
521,578,653,664,490,619
522,578,648,666,494,609
520,584,645,668,496,615
522,583,656,655,493,617
531,580,650,667,491,622
516,582,647,666,494,611
514,576,654,665,492,609
525,583,657,651,493,619
525,581,648,667,495,621
517,585,645,668,494,611
524,581,653,663,490,619
520,584,659,654,492,617
515,572,658,666,486,611
525,583,661,663,492,620
522,584,660,651,492,615
513,574,657,666,487,612
524,571,657,670,481,618
520,582,656,664,491,618
514,587,645,668,494,613
515,587,645,667,495,611
521,583,647,668,493,621
522,583,658,659,491,620
512,581,653,665,492,608
516,575,661,667,486,613
517,587,644,662,496,613
512,589,652,664,494,609
518,582,646,670,496,615
522,584,663,655,494,619
512,585,652,666,492,609
524,583,661,656,494,619
525,572,655,669,487,621
521,568,661,670,484,618
516,572,660,668,484,614
509,586,644,667,496,613
526,569,657,666,486,620
526,571,658,669,484,619
506,587,648,665,496,608
512,585,646,665,496,612
526,582,650,669,494,620
526,575,657,662,492,620
523,586,657,657,495,618
520,586,657,657,496,616
517,573,662,666,485,613
524,588,658,656,497,615
528,580,656,662,492,620
525,585,652,659,494,617
516,583,650,666,492,610
515,585,647,665,498,615
521,574,661,665,486,613
529,577,657,664,488,618
522,580,650,666,494,619
532,583,658,661,494,620
525,571,662,666,481,615
530,583,656,663,492,618
522,575,658,666,487,612
533,581,656,664,492,622
531,571,660,669,483,618
527,568,660,669,482,615
528,587,645,664,497,613
534,579,655,663,490,618
521,585,645,670,496,610
531,567,660,667,485,612
535,568,660,672,485,617
535,567,660,670,485,617
527,585,647,669,497,609
536,580,653,665,494,617
531,582,656,663,496,614
530,563,662,664,485,612
526,582,645,669,498,611
520,585,642,663,500,604
521,583,644,668,500,607
525,580,657,661,496,614
525,584,663,655,498,613
528,570,659,672,483,611
516,584,645,669,499,614
527,577,658,668,490,616
519,584,647,670,500,610
527,569,660,672,488,614
523,567,662,669,487,611
523,580,659,659,499,611
526,570,659,671,491,614
522,566,660,672,483,614
524,578,662,661,497,614
521,578,660,656,500,616
520,565,661,670,487,611
512,582,649,668,501,603
522,583,649,669,499,614
516,562,665,670,489,608
523,580,655,666,499,616
517,577,647,670,501,610
523,581,660,660,499,614
517,581,646,670,503,611
518,584,659,659,501,612
515,575,661,666,496,604
524,581,665,659,500,614
523,583,661,658,501,611
527,568,663,669,490,609
523,576,657,670,495,616
522,583,662,659,502,611
516,586,649,667,504,608
522,569,664,668,492,609
523,585,664,659,502,614
528,580,662,663,499,616
525,582,650,671,500,617
526,569,665,671,490,611
518,586,648,670,501,609
527,576,660,672,493,615
523,587,663,658,504,614
516,583,653,663,499,602
522,587,663,661,500,613
526,583,650,671,499,616
517,584,664,658,500,611
522,568,664,671,490,615
527,584,651,670,499,617
516,581,655,667,501,604
519,579,660,668,495,606
527,583,660,662,499,616
515,583,653,666,498,606
519,587,647,670,503,612
519,590,649,671,500,615
527,584,665,658,499,614
526,587,666,656,500,616
531,584,659,669,496,615
528,581,660,660,495,616
528,587,662,658,499,613
531,573,658,672,489,617
534,581,662,663,494,617
525,574,664,670,487,611
530,587,663,655,496,615
527,587,659,660,496,615
526,590,647,670,498,612
532,584,658,663,493,616
530,587,660,663,497,616
536,584,658,667,495,622
527,587,662,656,495,616
535,584,663,658,493,618
530,585,649,671,494,618
534,585,660,663,493,620
527,587,648,669,497,612
527,586,665,657,495,615
532,587,660,660,498,615
524,582,647,668,497,609
525,579,659,665,493,609
535,587,652,663,492,618
535,586,653,669,494,621
533,588,664,656,499,617
532,587,661,664,496,616
530,588,662,658,497,615
531,589,658,657,498,616
536,572,661,671,483,619
527,584,655,666,494,618
528,588,647,671,497,616
522,582,654,667,495,609
528,577,662,668,488,611
533,572,664,671,484,616
535,584,662,665,491,621
535,584,656,667,494,621
531,574,661,670,485,615
535,589,663,657,495,618
535,579,656,667,490,620
535,585,657,663,495,621
532,587,648,669,496,618
530,585,648,672,496,613
537,583,657,667,493,621
538,581,659,664,494,621
534,572,664,670,484,617
539,582,660,666,492,621
535,581,662,655,495,618
530,574,663,669,483,615
530,589,646,668,495,613
540,579,660,669,487,620
534,587,663,656,495,615
531,587,649,670,494,615
531,583,657,668,490,620
537,589,663,656,494,619
529,577,659,667,483,612
539,583,658,665,487,621
534,580,658,671,481,622
534,584,657,666,487,621
537,572,662,671,480,616
536,570,661,671,481,617
538,584,647,672,492,618
531,581,659,667,489,611
539,584,660,664,485,619
542,584,651,669,489,621
537,581,658,669,489,620
538,579,657,670,487,620
528,583,646,671,493,614
532,578,657,667,489,620
537,575,659,665,487,620
535,563,662,670,480,617
530,568,660,667,484,612
539,578,657,664,490,619
539,564,651,668,492,606
535,564,663,669,482,617
541,573,660,663,491,624
537,577,663,656,493,618
530,578,649,669,495,611
540,575,663,658,489,620
529,565,661,668,485,612
533,557,663,665,478,618
535,551,662,669,482,615
536,561,655,657,493,615
533,554,648,668,495,613
540,547,650,672,494,617
536,529,663,669,482,616
538,540,657,667,491,619
535,539,658,658,494,618
528,525,658,667,488,621
528,533,649,668,495,612
534,523,663,657,492,619
539,521,659,657,493,620
538,507,659,668,483,614
533,520,658,658,493,618
538,517,658,663,492,618
527,520,650,666,495,610
537,514,659,659,487,617
528,505,650,666,493,609
538,512,657,673,482,622
534,516,663,657,492,619
538,512,656,667,490,623
538,512,657,662,492,618
532,493,655,667,489,609
540,497,664,657,492,617
539,494,665,659,492,618
543,488,661,669,481,619
530,487,647,668,493,614
535,475,658,667,488,610
539,476,662,668,483,616
538,486,660,673,479,619
539,492,656,655,493,617
535,496,657,664,490,619
532,496,659,662,491,623
537,499,655,659,493,618
529,501,648,672,490,619
531,486,655,665,490,610
538,497,661,662,488,622
535,491,659,670,488,620
540,486,661,655,493,620
538,476,662,670,481,616
536,483,659,658,496,615
536,484,656,666,489,620
526,480,648,670,495,613
534,486,658,662,495,617
542,485,653,657,490,620
536,470,658,665,491,611
537,486,658,667,487,621
529,477,650,667,494,612
539,470,663,668,481,616
536,483,658,660,495,617
535,482,659,669,485,623
539,478,657,664,486,623
530,460,651,657,492,621
540,460,662,652,491,617
529,473,647,669,491,619
538,457,663,669,480,617
536,469,660,659,495,617
533,472,659,670,484,622
530,473,658,663,491,620
526,467,645,670,495,616
532,475,657,660,490,611
534,480,656,666,488,621
541,467,661,668,481,617
535,483,656,666,488,621
529,484,651,668,492,619
541,482,660,669,481,620
540,481,660,671,481,620
537,490,655,667,488,622
536,479,657,665,490,611
535,495,658,672,492,623
541,483,661,668,484,615
527,502,646,668,496,620
538,497,660,666,494,617
537,498,656,661,491,620
532,487,655,664,494,611
531,491,652,664,491,612
528,487,653,667,498,610
539,492,661,667,485,614
529,496,653,666,498,610
538,507,660,655,496,618
533,510,658,659,488,622
528,522,658,659,492,620
532,524,661,665,493,619
535,524,663,657,494,619
527,537,646,667,500,612
534,534,660,656,495,620
531,540,659,656,496,619
525,535,660,666,487,614
538,549,652,667,494,622
533,548,656,669,488,622
536,554,657,672,485,621
530,558,661,657,499,618
534,554,661,660,493,622
522,550,656,667,493,611
527,543,660,668,482,615
533,538,657,669,490,621
533,551,657,666,487,621
533,553,658,661,495,622
530,550,656,664,493,618
526,558,646,668,500,615
531,558,661,656,497,618
532,557,659,652,495,620
526,559,646,669,500,613
518,565,645,666,500,614
522,567,645,668,498,614
524,566,647,670,499,616
528,558,659,658,498,617
527,563,660,659,496,619
531,565,652,668,496,620
527,567,649,670,497,619
524,571,662,656,501,616
531,570,661,657,498,620
519,575,646,670,501,613
528,559,659,671,488,619
525,578,662,656,501,618
526,573,657,665,496,621
526,577,657,667,497,618
527,565,659,670,487,619
522,565,661,671,488,614
516,564,662,669,489,616
524,571,657,667,492,618
513,574,649,667,497,607
525,571,651,664,498,621
525,580,653,665,497,620
517,582,645,668,501,613
524,579,652,664,498,620
520,581,645,669,500,617
518,584,662,655,499,616
509,581,654,665,498,607
509,588,645,670,502,610
515,585,660,657,503,615
511,572,660,666,491,613
517,571,660,670,490,616
513,586,651,669,500,618
507,588,652,666,501,607
517,584,658,662,500,617
515,586,659,659,500,616
511,588,648,670,501,615
509,589,657,662,501,614
514,587,655,667,500,616
499,585,658,665,501,604
511,590,650,670,504,616
499,592,646,666,504,607
512,587,646,668,498,612
510,587,665,663,501,614
503,592,657,664,498,611
504,580,656,662,499,606
499,584,654,664,500,604
512,586,656,665,508,615
510,588,662,658,505,613
501,591,646,667,507,607
510,585,656,663,502,615
502,592,644,671,505,610
506,592,659,654,501,611
508,577,657,664,496,609
508,591,646,670,505,610
503,585,646,667,506,608
508,591,660,655,507,609
506,570,659,666,497,609
511,583,662,661,503,608
507,576,660,668,496,609
502,591,645,668,506,610
509,575,661,671,494,612
512,589,652,669,503,612
507,569,658,668,493,611
503,575,661,667,495,606
499,579,661,665,500,607
503,591,659,662,504,609
503,588,664,657,508,609
490,593,653,664,507,600
496,578,663,668,499,604
501,580,659,669,498,608
498,589,659,663,508,606
496,589,655,658,506,604
499,574,664,670,498,604
496,586,650,671,509,607
491,587,649,666,508,600
500,572,664,668,500,601
492,587,649,666,509,598
505,572,661,669,498,606
501,573,659,667,503,599
491,582,654,664,509,596
487,579,655,665,510,598
502,586,658,661,507,603
508,580,653,669,507,610
510,567,661,670,499,609
509,562,662,672,499,607
501,571,648,669,511,602
507,561,653,667,507,609
506,537,660,667,500,603
498,554,650,666,511,601
495,545,660,665,505,598
509,531,664,671,499,608
512,541,661,661,507,610
511,527,661,672,498,610
507,520,662,666,500,602
511,530,661,661,508,607
497,520,657,665,508,601
513,522,665,657,507,608
515,510,663,668,500,602
509,514,661,664,502,601
515,523,664,659,505,608
508,531,648,670,507,605
505,522,658,667,505,599
505,522,660,665,505,600
516,525,662,654,504,609
513,519,657,666,505,611
510,510,649,666,511,601
517,512,667,662,507,610
512,518,662,656,512,609
515,518,662,675,499,611
515,505,662,667,500,602
518,512,658,662,506,599
507,503,645,668,508,599
516,515,660,666,503,610
513,522,658,661,508,609
513,525,662,653,511,604
517,519,652,671,508,609
515,517,666,656,509,609
506,520,648,664,508,604
517,511,663,658,508,609
516,491,661,662,506,607
517,505,663,671,511,607
510,487,651,667,509,599
515,498,657,664,507,609
515,497,659,662,510,608
500,485,650,669,512,600
507,489,650,666,505,610
515,483,660,665,505,609
515,474,659,654,507,601
513,475,660,669,504,611
509,462,655,665,508,601
517,457,660,666,504,600
510,456,654,667,511,600
515,445,658,661,503,601
512,463,655,667,505,611
512,460,656,665,506,613
507,459,651,669,505,612
517,448,662,668,492,611
513,437,654,662,509,601
519,455,666,661,505,613
520,441,662,668,499,606
518,448,662,672,496,612
512,456,660,656,508,610
513,451,659,663,507,609
510,448,648,668,507,611
518,437,661,655,508,608
516,427,659,666,501,602
514,427,655,666,509,603
521,435,661,657,507,609
522,434,662,655,505,610
515,440,652,667,501,614
522,433,665,658,501,613
513,433,655,665,502,615
519,427,663,657,506,610
520,424,663,657,505,612
517,422,655,660,501,614
519,431,659,658,506,609
516,429,653,665,500,614
513,430,656,665,501,613
521,417,663,670,493,606
518,429,662,671,491,614
520,432,659,670,494,614
518,431,661,656,504,609
524,431,664,655,502,611
520,420,660,667,497,604
521,425,664,670,490,609
518,423,660,667,496,604
511,435,647,665,502,601
512,441,659,661,499,611
520,444,660,661,500,611
511,435,648,668,503,606
512,443,659,665,500,612
512,443,657,666,498,613
522,442,661,663,497,615
519,440,659,662,500,615
523,431,662,668,492,610
521,443,662,661,499,615
521,427,662,665,491,607
524,440,663,656,502,611
516,438,659,653,502,615
519,430,659,666,496,605
523,438,663,670,492,612
514,435,652,666,503,606
520,443,658,662,500,616
523,444,663,662,499,614
514,444,652,669,500,613
519,446,658,658,502,611
516,433,656,665,502,604
522,445,660,656,502,612
512,440,648,665,506,607
524,440,661,668,491,611
517,449,657,662,500,612
517,446,656,665,498,616
516,430,656,668,498,603
519,440,659,665,499,617
520,430,660,666,496,606
522,444,657,669,491,615
521,443,662,656,503,614
513,446,650,669,504,613
511,449,651,668,499,615
523,444,664,657,501,613
519,447,658,667,495,616
524,443,666,657,500,614
522,440,662,670,500,614
520,440,656,670,490,609
523,433,663,670,491,611
521,433,660,664,496,606
522,446,657,658,502,611
518,449,658,669,496,616
514,438,651,667,502,606
513,448,647,669,503,615
513,434,659,666,499,604
522,442,662,670,489,614
522,449,659,669,492,616
513,443,649,665,506,607
512,450,646,671,503,609
518,447,647,667,504,606
517,444,664,666,495,609
513,453,646,669,504,608
526,454,661,669,490,613
526,461,658,659,504,614
523,448,655,670,502,614
515,462,647,671,502,614
526,460,657,660,504,613
515,462,648,670,503,614
519,462,651,668,501,615
528,457,663,657,503,613
525,447,659,667,496,606
522,448,655,671,501,606
522,450,652,665,503,605
516,466,648,670,502,615
523,468,653,667,499,618
519,468,647,664,499,617
524,454,662,667,494,606
527,455,657,665,500,606
524,477,657,666,496,615
517,475,645,667,500,616
523,492,657,664,500,617
516,497,646,667,503,610
516,510,647,666,505,608
526,523,661,656,504,614
511,531,659,665,494,607
523,540,662,655,499,616
518,535,660,667,490,608
526,532,656,670,486,617
527,534,662,668,486,613
526,545,657,668,491,617
524,540,662,668,487,610
530,550,658,664,493,618
525,556,661,658,498,614
516,550,652,666,495,607
528,552,663,656,497,611
524,556,661,656,495,614
517,556,653,665,493,608
528,547,658,669,496,606
526,548,662,655,496,615
528,550,659,663,496,616
525,548,660,663,494,615
532,546,658,659,494,619
530,533,653,666,490,617
529,543,659,662,493,617
525,540,660,656,499,614
527,535,667,656,495,617
530,522,660,671,485,619
529,533,662,658,497,615
531,529,657,662,495,618
527,534,663,658,499,616
516,533,656,665,496,607
517,528,654,666,498,609
517,527,653,665,499,607
527,525,656,668,494,617
524,529,659,658,500,614
522,523,659,659,498,616
519,519,646,668,500,608
532,512,662,657,496,613
529,505,661,670,488,617
519,513,646,670,500,614
521,511,651,668,498,616
520,510,660,663,497,616
525,492,655,666,494,606
528,504,656,663,496,616
528,490,655,659,500,615
525,494,655,665,497,616
527,477,660,665,495,609
530,485,660,656,500,616
526,474,660,670,490,615
520,482,649,670,498,616
530,476,657,670,490,619
524,469,662,655,499,615
516,465,646,671,501,612
532,462,664,655,499,614
527,465,657,669,495,618
526,462,657,670,492,617
526,440,658,661,495,606
531,459,659,659,497,620
529,447,663,669,487,615
533,448,661,654,501,616
530,437,661,665,490,613
519,452,649,670,500,614
527,444,664,655,500,617
529,433,662,668,488,614
529,442,662,657,499,613
523,446,651,668,498,618
517,438,647,667,499,609
528,443,656,662,500,616
527,444,658,664,496,616
521,437,650,666,501,608
528,445,656,663,497,620
520,451,648,669,497,617
518,445,648,669,500,610
531,448,662,657,496,618
520,445,649,666,501,608
529,440,659,662,494,607
519,451,646,667,500,609
531,450,662,655,498,619
518,452,647,669,499,615
529,442,663,667,490,612
530,451,660,671,486,617
534,453,663,655,498,618
517,458,647,668,496,613
520,459,647,668,499,614
530,456,663,654,499,616
520,450,653,665,499,611
532,445,661,670,489,611
528,460,658,662,497,618
529,462,659,662,495,620
524,450,654,664,499,604
518,471,648,669,499,619
531,452,661,661,488,609
533,467,660,669,488,613
530,464,660,667,490,612
520,478,646,668,503,611
532,477,663,658,497,618
528,487,658,665,497,617
526,487,653,665,495,619
524,494,657,664,498,618
528,494,663,657,500,616
525,508,659,670,491,615
514,516,649,665,504,607
527,511,662,652,502,613
528,512,663,655,504,613
521,514,647,669,504,610
526,498,662,667,495,609
515,507,659,670,492,616
525,510,661,662,499,617
528,508,663,655,503,618
517,501,650,666,504,608
521,503,653,663,505,606
526,510,658,670,490,618
524,515,662,655,504,614
529,508,659,668,490,613
527,505,661,668,492,613
526,513,661,664,491,612
519,523,660,665,494,609
524,544,659,657,503,615
521,542,662,654,501,615
530,529,661,668,492,618
523,532,664,668,493,610
523,543,659,659,501,614
524,547,663,654,505,617
525,549,662,655,506,614
516,550,654,666,502,608
524,537,663,667,493,613
524,554,660,658,505,619
527,540,660,669,492,615
528,543,659,669,493,616
528,553,659,663,500,619
529,540,661,669,490,617
529,552,656,666,498,619
530,545,658,665,497,619
516,552,654,665,504,606
531,550,656,661,500,621
527,550,651,666,501,619
527,542,660,670,491,616
522,557,662,651,499,615
532,551,656,661,500,620
530,543,660,670,493,616
522,540,661,667,492,613
519,555,647,666,505,609
525,556,663,653,501,607
518,541,655,663,502,619
526,540,657,660,496,617
527,557,662,654,505,617
529,554,660,663,501,619
529,541,661,669,503,620
524,555,660,660,502,615
519,555,647,665,505,612
512,556,647,665,505,611
527,556,659,659,503,616
527,552,661,656,498,617
526,539,662,667,490,615
530,539,657,665,490,617
525,540,661,667,494,612
528,552,658,665,500,620
528,551,660,662,501,619
527,555,662,656,505,618
526,544,662,669,492,613
528,556,659,661,502,616
527,555,659,663,499,617
528,559,652,664,501,621
526,557,658,663,500,617
523,545,662,668,493,613
522,560,645,669,503,614
531,558,658,664,500,619
524,549,662,667,492,616
527,561,657,656,501,614
531,552,659,668,493,619
530,562,657,663,499,619
520,563,658,663,499,609
528,574,662,656,504,616
527,568,656,673,495,620
524,569,658,667,498,619
526,576,664,656,500,619
517,578,647,666,504,609
515,577,653,665,500,609
528,564,664,669,486,615
518,582,649,664,504,610
520,581,654,661,504,606
528,572,657,667,489,616
530,575,664,663,500,620
531,571,653,662,494,615
523,572,661,666,495,610
532,576,654,666,501,621
518,572,658,665,499,611
519,574,655,663,499,609
530,575,660,658,498,619
527,581,660,656,504,616
520,569,660,666,493,609
524,565,661,667,493,612
527,578,664,655,505,616
519,578,647,666,504,611
519,580,647,666,503,611
526,578,646,670,502,614
520,571,658,664,499,610
528,576,659,659,499,619
530,574,662,656,500,619
533,569,658,670,493,620
531,574,656,664,498,622
517,577,652,665,506,610
531,574,656,668,499,620
519,568,659,666,496,611
525,567,662,668,492,614
530,577,648,670,502,620
530,570,660,668,496,620
532,566,658,669,490,621
521,579,648,668,505,616
531,574,656,665,500,621
530,576,659,660,502,617
532,573,660,667,496,621
527,564,664,668,488,616
529,583,659,656,503,617
520,570,656,664,501,610
531,575,662,664,496,621
533,572,656,662,499,621
533,567,658,663,498,621
531,574,650,669,499,619
521,572,646,666,502,611
518,570,653,663,501,611
530,573,655,656,499,616
532,572,658,656,498,616
529,567,657,667,498,620
528,564,658,661,501,618
533,544,660,669,490,620
522,556,649,668,501,619
533,541,658,673,497,620
530,545,662,655,502,616
525,523,663,667,498,619
532,527,666,662,498,620
530,528,658,660,502,618
528,523,662,649,502,617
532,514,649,669,500,620
533,506,663,656,500,620
535,495,663,668,489,617
533,488,648,666,503,610
530,491,657,662,500,617
525,470,659,664,498,612
531,484,665,653,496,619
534,479,664,655,502,619
533,476,662,655,501,617
523,470,654,663,503,609
531,471,661,669,491,619
529,453,659,665,497,611
525,470,659,658,503,616
529,454,656,665,498,610
531,459,656,660,496,618
533,465,664,649,496,619
535,461,664,657,498,620
534,463,660,670,489,620
535,448,663,663,489,615
531,466,657,663,499,619
524,460,646,668,502,612
531,462,653,667,498,621
531,458,659,658,498,615
534,456,662,655,502,618
533,461,659,660,496,621
530,460,654,666,492,621
532,443,658,664,495,612
535,451,663,669,487,617
533,458,658,661,493,621
534,456,661,658,494,619
535,455,662,655,495,617
519,456,647,669,494,617
527,458,649,665,494,620
531,440,653,663,492,608
533,448,660,662,486,618
534,435,662,667,481,615
535,446,660,651,495,614
536,445,662,658,492,620
535,445,661,667,481,618
533,452,658,659,491,618
533,438,659,664,488,609
530,434,654,660,490,610
537,453,660,658,491,620
524,450,645,667,495,612
538,440,662,669,480,619
529,446,656,663,491,622
534,449,657,665,490,618
535,444,655,662,489,621
525,448,646,668,490,621
535,446,665,658,491,617
538,430,660,667,480,615
533,441,659,659,489,624
536,435,661,654,492,618
538,437,663,654,494,618
524,440,647,670,492,617
530,430,652,668,480,619
525,442,656,664,489,622
530,444,652,668,491,620
524,440,646,667,492,616
528,431,658,669,491,620
532,439,657,670,485,619
532,426,654,664,491,610
529,436,653,667,491,621
535,437,658,673,482,620
527,438,648,670,491,618
531,434,660,661,489,619
536,425,659,664,496,619
535,439,658,671,484,617
527,441,649,669,493,618
534,443,654,661,488,621
537,439,666,655,490,619
535,441,659,665,490,622
540,427,661,668,482,618
536,432,662,656,491,618
524,432,648,668,491,615
536,426,662,655,490,619
536,427,662,657,494,618
535,420,662,653,495,618
526,426,647,666,493,615
535,428,658,660,490,619
534,430,658,667,481,621
529,435,652,668,492,620
538,429,663,655,491,618
535,433,660,669,482,619
537,439,658,659,490,622
538,434,657,668,480,616
526,431,648,664,493,611
527,442,648,669,493,621
532,433,661,668,481,617
527,443,651,666,489,623
526,440,647,666,495,613
537,444,661,654,493,617
540,446,665,654,493,619
537,445,662,655,496,618
537,434,661,667,486,612
533,452,658,660,490,620
520,445,647,668,493,612
528,440,650,666,495,610
535,437,653,665,495,621
535,453,658,664,491,620
532,438,661,666,490,610
535,452,656,669,482,621
529,450,649,663,493,618
535,460,655,666,491,620
540,458,659,656,490,622
539,449,662,667,484,613
540,463,662,668,480,618
527,458,647,665,495,612
528,458,653,664,494,611
529,471,652,655,494,617
534,475,655,665,488,620
534,475,658,668,485,620
533,481,658,664,489,620
529,484,651,668,492,622
531,480,654,663,491,609
526,496,648,670,494,622
539,491,660,669,481,620
537,499,662,668,481,618
535,497,659,662,490,610
525,519,648,665,496,612
526,527,656,666,499,612
527,520,657,666,490,613
534,531,660,656,496,617
535,517,660,669,482,617
534,529,652,657,490,618
539,526,658,660,492,621
533,531,645,668,493,617
536,528,657,662,491,618
525,521,647,664,497,609
532,531,658,661,492,621
535,536,654,670,496,621
539,535,657,668,494,617
524,542,659,659,492,620
538,555,662,655,492,620
534,564,659,656,496,618
526,569,648,668,495,613
535,563,650,667,493,621
540,564,653,666,494,621
524,568,646,665,497,612
533,565,657,665,493,620
528,569,658,657,497,618
535,568,649,668,495,619
523,563,656,663,496,612
527,554,662,670,487,614
520,568,646,665,499,611
529,554,662,668,487,618
521,569,647,668,502,613
531,562,658,663,497,621
526,555,661,667,486,611
520,563,662,656,498,620
519,567,649,665,501,609
536,564,648,669,497,622
529,568,661,657,501,618
521,559,660,666,491,611
533,558,658,669,489,621
530,566,661,657,496,619
528,572,658,660,498,620
531,569,664,656,501,621
526,572,646,670,500,616
533,559,662,668,487,619
527,573,659,658,501,619
531,569,660,661,492,619
519,570,650,667,501,610
520,568,658,664,495,610
528,573,649,669,499,620
525,568,661,663,496,621
525,559,660,668,490,616
521,572,647,668,502,613
531,558,662,668,487,618
525,571,646,664,501,613
530,569,663,655,499,617
537,557,659,669,491,621
532,563,662,654,501,619
524,559,648,670,498,620
528,543,659,670,489,621
533,547,660,659,497,621
533,538,653,666,497,623
526,540,663,655,500,617
521,531,648,666,502,611
534,512,660,669,488,621
530,519,658,659,498,619
532,498,660,665,491,612
524,505,647,668,498,619
533,495,661,656,501,617
530,488,657,663,496,619
535,481,662,654,499,619
535,468,663,653,500,618
535,467,664,655,499,621
531,470,659,669,488,622
536,460,664,655,496,616
535,454,663,656,501,618
522,454,647,668,500,617
525,445,645,668,500,616
531,448,656,665,496,622
530,446,655,664,498,621
529,428,653,665,495,611
537,430,663,672,488,620
534,438,658,669,490,621
535,436,660,668,492,620
538,433,664,654,498,618
534,435,662,659,498,621
537,434,663,655,502,619
537,431,662,654,498,621
533,436,658,664,495,622
537,430,664,654,497,620
538,430,662,655,500,618
537,431,664,656,498,619
536,429,661,668,489,621
523,434,647,668,501,617
534,432,658,658,500,618
535,429,659,659,499,619
534,427,662,659,501,610
537,414,662,665,486,621
536,429,661,656,501,618
532,432,660,662,498,622
526,434,651,666,497,619
536,436,657,669,493,620
534,434,658,669,485,620
538,432,662,655,500,617
529,435,658,662,496,618
537,419,661,663,493,610
535,434,656,663,495,623
528,437,648,669,499,619
537,434,658,669,487,620
535,436,658,658,498,619
537,433,660,669,488,622
538,424,662,665,491,613
531,426,657,664,497,609
533,428,657,664,498,611
525,447,649,669,492,621
539,440,663,653,499,619
537,444,660,660,499,618
536,444,660,669,487,621
531,425,653,664,498,610
526,438,647,666,500,612
534,448,658,666,496,622
527,439,648,665,501,613
526,449,648,664,492,619
538,444,664,653,498,617
538,448,659,659,495,621
540,436,665,657,496,620
531,420,651,662,500,611
533,433,658,670,489,621
534,428,659,668,488,621
541,428,661,658,497,622
537,425,664,655,499,619
532,432,652,666,494,622
536,418,660,666,490,613
535,435,658,661,491,617
538,436,660,659,495,621
540,435,662,650,500,612
538,426,659,665,494,611
530,442,654,664,500,623
538,437,663,669,487,621
533,444,654,665,494,622
540,431,661,667,489,616
530,447,655,667,496,622
540,442,662,655,497,620
535,447,659,670,490,622
536,454,659,659,498,618
526,451,645,668,501,617
535,456,660,656,500,619
535,462,658,655,500,618
533,466,659,672,488,619
534,467,657,662,498,618
534,456,655,664,497,612
534,467,658,668,495,620
538,465,662,655,500,620
537,463,664,657,494,617
540,464,662,654,500,621
529,463,650,665,498,611
531,459,658,665,496,611
522,468,647,668,500,615
529,474,659,661,495,622
533,475,655,667,493,620
537,464,661,665,491,614
533,479,655,664,498,620
527,491,651,669,498,623
538,493,662,656,500,619
537,482,657,665,491,615
536,505,660,668,491,621
535,509,660,666,494,613
534,535,661,666,500,612
531,551,659,670,486,621
531,556,645,670,500,618
531,563,663,655,500,619
536,552,657,672,489,621
532,561,649,669,498,624
534,563,662,657,499,620
532,565,662,656,503,618
527,554,661,666,492,613
527,558,661,666,492,613
535,567,657,663,497,622
533,556,660,671,490,620
520,569,655,665,500,611
531,572,663,657,498,621
532,571,665,657,499,617
532,568,653,665,498,621
524,566,655,660,492,609
529,557,660,669,485,615
528,571,660,660,498,617
529,572,657,656,500,617
532,556,659,671,491,619
531,561,657,671,492,620
526,569,647,668,507,614
526,555,661,668,491,615
522,557,658,666,494,611
527,568,661,655,502,616
531,567,649,668,501,620
529,566,663,656,502,616
532,544,662,669,490,617
524,557,657,665,500,610
517,564,651,664,503,610
535,552,663,671,490,615
536,563,664,657,500,619
527,572,648,668,504,614
536,553,663,670,490,618
526,567,663,655,503,617
540,566,656,663,499,619
532,571,641,671,502,615
527,565,653,667,506,607
535,569,648,670,499,616
539,555,663,671,490,618
538,554,663,669,492,615
545,567,663,663,499,620
546,559,653,668,500,622
546,568,648,670,501,618
546,557,653,664,500,617
540,554,660,666,495,612
551,561,650,667,498,624
548,548,668,670,489,617
546,550,661,667,489,617
550,556,657,665,494,622
539,561,654,660,499,608
541,561,653,667,498,611
554,560,659,665,492,622
549,563,646,667,500,613
549,546,660,669,487,621
553,560,663,656,495,622
546,566,646,669,500,616
555,560,663,661,496,623
550,559,659,661,498,622
556,559,654,666,495,624
556,561,654,664,495,623
550,562,663,656,500,620
555,559,656,666,493,622
551,564,656,661,493,620
553,550,659,671,486,622
548,565,645,670,499,618
554,560,657,666,491,622
543,559,656,665,494,611
551,551,657,668,486,620
544,566,648,668,499,614
552,564,662,656,498,622
549,566,662,657,500,620
543,555,652,667,496,611
542,559,656,667,496,611
546,550,659,670,486,621
543,560,652,665,496,611
552,566,659,659,497,620
549,565,646,670,500,619
553,560,657,670,493,621
556,561,655,665,485,616
544,557,657,666,496,613
546,553,660,668,489,616
552,559,658,667,494,622
550,564,662,666,498,623
552,564,648,670,500,621
547,563,645,670,499,618
555,561,660,663,496,623
554,555,656,668,490,622
543,554,658,665,494,613
538,561,657,664,495,612
552,559,660,665,494,624
548,559,660,657,500,620
547,544,662,668,488,617
543,548,657,672,498,621
537,550,654,665,489,620
545,550,658,665,496,621
536,538,661,668,487,619
533,543,657,665,493,613
539,538,659,666,488,616
548,530,660,671,483,622
544,526,662,671,481,622
550,524,659,672,484,622
535,528,656,665,489,614
547,529,654,668,490,624
540,530,659,657,494,620
535,527,660,658,494,621
545,523,656,663,491,623
532,522,651,665,493,612
535,527,643,668,490,614
542,525,658,665,489,621
547,513,661,670,478,623
531,524,652,664,488,613
540,528,655,651,492,617
547,516,645,667,487,622
544,512,659,670,479,623
544,523,656,661,484,624
546,522,656,667,480,622
547,528,657,658,483,623
546,532,649,667,484,626
534,527,656,664,480,613
540,535,658,658,486,620
544,518,659,670,471,620
534,533,646,665,488,614
544,521,654,670,478,620
545,528,650,665,485,626
536,521,651,661,481,614
539,529,644,669,490,618
534,531,640,668,489,614
531,530,645,668,488,614
534,524,651,665,487,612
540,513,659,667,477,618
546,519,656,666,481,623
539,527,657,657,487,620
532,529,645,666,490,615
538,514,660,665,478,616
544,523,659,662,483,624
536,522,644,665,488,618
536,527,660,653,487,619
543,511,660,666,478,616
534,520,642,668,488,617
545,511,659,666,476,616
547,520,656,668,484,623
538,522,654,664,486,622
543,526,661,654,490,620
538,526,644,666,489,617
548,511,658,664,478,617
534,512,652,665,486,612
544,508,656,665,481,615
531,519,649,660,491,613
537,511,650,664,487,613
541,524,655,656,488,620
543,513,653,668,479,624
541,507,653,665,481,610
537,516,659,654,486,623
536,504,649,663,489,612
548,502,659,667,478,617
541,515,660,653,488,621
541,513,658,653,488,620
533,510,643,665,489,616
544,513,644,668,487,620
541,506,658,667,475,622
538,515,644,665,490,617
534,515,643,663,489,616
545,514,644,668,487,623
533,511,644,665,490,615
547,511,657,655,486,623
531,513,651,665,486,613
541,516,657,651,488,621
540,518,644,667,489,622
534,515,652,662,487,612
547,519,649,665,486,624
546,520,652,662,486,624
545,528,644,665,487,622
542,531,643,663,486,620
544,529,658,653,487,622
541,536,657,655,491,619
535,538,645,663,493,613
542,527,657,664,482,615
545,531,655,669,478,620
544,540,656,666,477,621
534,547,656,664,482,616
545,560,652,663,487,625
532,567,646,663,493,614
545,565,644,666,489,623
540,568,657,653,490,621
540,570,648,664,487,624
542,576,657,655,493,619
544,574,659,655,489,621
547,563,658,665,481,621
546,575,657,658,489,623
547,574,653,669,485,624
534,582,646,663,492,613
531,579,649,663,493,613
545,579,658,653,492,623
534,569,647,663,492,614
546,582,653,664,487,623
536,578,651,664,489,613
541,579,653,657,491,622
540,569,655,664,486,614
535,574,652,663,487,614
546,573,654,664,488,624
547,567,653,665,483,625
544,572,656,656,490,623
547,579,643,664,491,622
538,572,656,664,484,617
547,575,657,654,494,624
547,577,644,665,493,623
534,575,650,661,492,614
546,570,653,667,486,624
541,579,643,666,492,620
534,574,650,663,493,614
535,580,644,664,494,616
543,577,653,662,489,622
542,578,643,665,496,619
544,563,655,666,483,623
550,573,653,664,485,624
547,575,654,658,491,624
542,577,653,660,493,622
546,579,656,652,496,621
536,574,647,661,496,613
546,573,653,662,485,620
542,563,660,664,484,616
549,575,657,653,494,622
543,577,659,654,496,621
546,574,652,662,490,624
549,570,655,661,489,625
546,571,653,665,487,623
545,575,655,656,492,621
542,563,653,664,482,613
543,564,656,664,485,616
541,564,657,664,492,623
552,560,654,669,480,625
546,572,644,667,493,622
550,572,660,653,491,622
547,575,657,654,496,621
552,571,652,662,490,625
550,572,654,663,489,623
540,565,656,665,487,616
539,573,651,665,495,613
547,574,656,652,494,623
548,572,652,661,491,623
547,571,654,662,484,620
549,571,657,659,492,625
548,562,652,664,483,624
536,566,654,663,488,616
546,572,653,654,494,623
547,573,640,668,494,622
551,561,652,669,484,624
537,572,648,664,496,614
537,576,642,662,496,614
539,574,653,653,497,620
550,560,652,669,485,622
548,571,643,665,492,624
539,573,640,665,498,620
536,573,646,664,496,613
539,566,652,663,491,614
535,568,651,663,493,614
537,567,645,662,498,613
546,565,650,665,489,623
549,556,648,666,486,623
536,562,652,665,491,615
539,567,641,667,492,623
537,564,647,662,494,613
538,561,648,658,490,612
536,568,647,662,496,613
547,568,650,659,493,621
534,566,645,663,496,615
546,554,656,663,485,619
546,565,656,655,492,624
547,564,647,661,492,624
545,567,640,665,485,623
547,558,651,662,484,618
539,569,641,664,496,616
549,551,654,667,485,624
542,563,652,655,496,621
548,558,642,666,493,623
544,553,658,654,492,625
539,552,642,664,498,617
539,531,656,665,486,620
542,541,652,658,497,621
540,539,642,668,496,621
531,536,637,665,493,625
541,515,641,666,494,625
546,508,654,665,489,615
544,523,638,666,497,623
542,515,654,653,495,621
548,514,646,664,494,626
547,508,647,661,491,623
548,510,654,666,484,621
536,511,637,665,496,617
535,503,646,662,494,615
548,512,656,654,491,621
537,508,640,665,497,617
541,517,647,659,493,626
541,516,637,667,496,616
544,511,641,663,497,616
551,509,653,668,485,623
546,506,654,664,486,620
547,513,653,653,494,624
536,512,642,662,496,614
542,512,645,654,496,622
548,496,652,666,482,623
549,497,654,664,485,617
550,509,653,667,485,624
538,512,641,667,493,621
546,510,638,667,497,621
543,511,650,657,497,621
540,500,639,664,497,615
536,502,640,665,493,625
549,489,655,664,494,623
547,494,654,667,484,623
549,499,651,659,492,625
551,496,655,661,497,615
544,501,651,662,490,623
550,498,655,650,496,622
548,499,655,651,496,622
544,504,647,665,492,624
551,501,655,653,494,624
548,493,650,662,492,614
551,498,655,667,483,621
538,508,641,668,496,623
551,505,656,653,494,622
547,501,654,665,488,615
536,508,639,667,496,617
549,507,653,649,486,624
549,495,652,660,490,615
540,513,639,666,492,618
545,511,649,667,485,625
550,510,656,653,495,623
548,499,654,665,485,619
540,496,639,657,494,614
547,507,654,655,498,620
549,498,654,664,485,620
542,496,647,663,491,615
547,516,651,655,497,620
549,497,653,665,486,617
549,502,652,649,496,621
537,510,638,668,491,625
538,513,643,663,496,613
547,497,651,664,488,616
550,501,652,665,484,621
531,512,644,653,497,621
546,503,647,659,494,615
544,511,647,661,493,624
540,503,645,661,493,614
546,499,650,663,491,615
551,509,652,651,497,621
544,511,649,660,493,624
550,509,654,651,497,621
545,512,651,654,497,622
547,498,646,660,493,614
549,508,655,651,497,623
540,511,639,665,483,624
538,513,640,662,498,615
544,511,649,658,494,625
537,514,638,665,491,622
547,510,653,652,495,622
547,510,644,664,497,613
539,508,636,664,496,619
537,513,641,666,484,622
550,496,651,664,487,616
545,510,650,657,485,625
550,494,652,662,490,615
537,502,638,665,497,618
548,498,651,651,492,620
549,508,652,661,491,626
547,505,649,667,494,623
545,504,654,652,498,622
550,504,654,652,497,623
551,504,655,664,494,626
547,494,647,663,491,615
544,511,648,662,489,625
537,505,635,665,498,622
541,510,643,663,491,625
551,502,648,657,497,619
541,511,642,665,493,626
545,494,641,656,492,611
551,507,650,657,497,624
540,511,641,664,495,625
551,494,653,662,486,617
550,505,651,666,484,625
546,502,645,658,491,624
546,509,649,664,494,622
544,509,644,663,494,626
552,506,654,656,494,626
541,497,641,660,500,617
537,505,635,663,498,619
546,498,645,659,493,614
551,499,649,651,496,622
540,505,636,658,494,625
553,488,655,663,484,616
548,509,647,657,492,626
548,511,648,657,485,619
546,507,643,661,484,626
540,502,637,662,497,619
552,499,654,663,483,622
550,502,646,655,496,624
557,507,654,651,494,625
545,510,640,662,492,628
555,501,654,662,484,626
553,511,649,664,491,626
552,506,651,663,492,626
556,507,651,653,496,622
548,512,639,663,499,619
556,507,654,651,498,623
548,510,639,663,496,626
558,501,655,663,483,623
559,505,655,653,494,626
553,509,649,654,495,624
555,508,651,664,487,628
552,512,639,662,498,624
556,495,652,655,490,616
552,506,651,649,499,623
557,508,651,667,485,627
552,498,646,660,497,616
556,510,648,664,484,627
560,503,658,665,492,626
556,508,648,665,489,625
556,498,649,663,488,622
559,495,654,662,488,622
556,506,653,644,493,623
547,509,646,661,496,630
559,488,653,664,482,620
560,505,654,652,495,628
561,494,654,664,486,621
559,501,655,665,485,625
545,506,637,666,493,622
557,497,652,661,487,621
557,510,648,665,494,628
554,497,648,662,495,616
561,503,654,664,487,623
560,509,653,653,500,624
558,502,647,665,487,625
560,509,654,652,496,626
557,496,650,661,494,616
557,511,654,661,493,627
561,510,653,657,496,626
560,510,652,666,486,627
548,512,641,666,497,624
553,512,640,665,496,620
558,506,654,668,486,626
561,508,654,650,500,624
562,507,654,651,499,624
552,513,642,665,498,617
561,500,655,666,485,624
560,508,653,660,493,628
562,507,656,653,491,621
548,511,641,667,498,624
560,506,654,653,497,623
559,502,654,664,483,625
556,510,650,664,492,624
556,492,651,662,497,614
557,487,653,657,489,617
554,506,656,660,492,626
561,499,656,663,482,618
552,501,644,665,491,623
548,500,642,666,493,626
557,490,658,666,484,622
564,499,651,660,494,625
549,501,645,667,496,628
550,499,641,667,496,626
563,495,657,653,499,622
563,492,657,668,486,623
564,493,656,652,498,623
559,495,655,653,499,622
561,493,656,653,496,624
556,500,644,666,494,625
551,486,645,662,498,626
550,499,643,660,485,626
558,496,654,658,485,615
563,493,657,655,496,625
561,500,653,663,492,625
563,494,659,651,496,623
549,489,641,664,498,619
557,494,655,667,487,622
557,495,657,668,481,626
559,490,652,667,495,626
555,500,651,660,495,627
547,497,640,666,498,622
555,496,652,658,494,627
555,498,657,657,494,625
549,500,637,662,495,624
547,500,642,667,497,622
560,487,657,665,487,621
557,500,647,662,490,624
559,486,658,666,484,622
555,484,652,657,493,616
558,495,654,654,497,622
549,498,644,666,495,625
560,491,656,667,495,624
549,484,650,660,498,621
548,499,644,664,495,624
554,495,652,660,495,627
555,496,655,653,499,622
557,491,654,655,500,621
547,496,650,665,496,626
545,496,643,667,500,623
557,490,655,665,486,625
556,481,652,662,492,616
553,494,654,666,487,625
547,498,641,658,497,622
551,483,646,662,501,615
548,488,647,664,497,616
558,480,656,661,488,617
547,496,644,667,496,625
553,487,656,667,487,623
556,482,655,663,491,616
547,500,651,662,493,625
552,496,653,656,497,623
549,497,647,662,496,628
553,495,653,661,494,627
556,495,657,658,493,625
558,483,658,665,486,619
545,485,637,664,498,620
556,487,653,652,500,621
550,496,653,667,489,626
555,493,657,652,496,623
556,496,657,653,499,622
555,496,656,651,498,623
552,497,655,661,495,624
555,492,657,652,500,622
554,492,656,652,498,623
556,490,654,667,486,625
551,483,651,658,493,616
542,491,644,666,497,625
554,475,655,659,486,620
554,494,654,652,499,623
548,498,647,665,496,626
555,485,657,665,487,621
542,493,641,662,498,619
548,481,656,653,485,624
554,496,654,656,495,628
541,490,657,660,491,624
550,494,647,662,496,628
552,494,653,656,499,622
551,491,653,653,498,624
542,490,641,665,497,622
547,491,651,657,491,625
551,493,653,662,495,625
540,484,642,664,499,617
552,487,651,659,495,626
556,478,653,653,493,627
551,484,653,668,486,626
541,488,642,663,498,624
551,481,658,650,496,625
554,467,655,660,491,615
552,480,654,659,495,627
554,464,657,663,488,622
555,474,657,648,498,626
553,479,655,661,496,628
556,464,657,662,487,624
549,475,659,663,486,624
551,479,652,659,497,624
557,475,658,650,497,623
545,480,651,661,493,627
551,480,652,659,493,616
554,475,656,650,498,624
549,480,647,660,495,629
556,470,658,646,493,625
557,478,658,651,496,626
555,468,655,659,484,625
551,477,653,664,488,628
540,477,645,664,498,628
547,476,649,660,497,629
545,474,646,663,495,625
555,469,653,664,488,627
549,468,657,647,497,625
546,463,645,663,497,625
552,471,654,652,499,624
556,470,657,650,497,626
552,476,652,657,498,625
544,478,644,663,498,626
542,477,642,664,498,623
535,470,640,662,499,621
553,473,662,655,495,627
553,473,655,664,486,628
553,463,657,659,486,625
546,475,641,663,497,625
552,476,652,656,491,626
553,464,650,664,488,625
553,459,655,660,491,619
545,477,643,664,497,627
556,466,654,663,487,625
544,470,642,661,499,618
549,474,652,656,495,627
557,467,657,663,487,625
553,460,652,660,493,618
551,471,659,663,487,623
554,462,657,662,490,622
551,475,653,651,500,625
544,472,643,660,499,615
551,478,651,654,494,626
551,475,653,654,497,625
557,462,655,661,485,620
553,474,655,657,496,627
557,468,656,657,486,623
550,476,649,655,494,629
552,475,653,652,499,625
546,468,641,662,500,618
555,470,652,649,500,628
557,467,658,651,497,627
546,465,644,659,501,619
557,456,655,659,493,618
559,457,657,661,490,621
551,455,651,658,500,616
541,466,642,660,499,621
558,455,654,664,487,627
548,469,645,657,494,628
557,449,655,659,492,618
557,457,650,649,500,623
554,464,651,657,497,629
560,461,658,648,500,625
557,462,655,650,497,621
554,459,658,648,496,625
551,452,647,657,497,617
561,445,655,659,491,619
557,462,652,662,493,627
554,462,647,658,497,627
552,450,646,657,497,616
559,448,654,659,491,627
559,464,653,661,492,628
556,448,651,657,496,616
551,459,638,661,496,626
555,454,645,656,499,618
559,464,651,653,497,627
559,463,656,663,486,625
557,467,653,648,498,621
560,457,652,648,500,624
555,461,648,661,496,624
565,462,654,663,490,626
555,455,646,658,496,616
561,464,658,649,496,626
548,465,643,663,499,626
556,471,652,657,491,627
550,461,641,659,498,619
557,469,647,658,493,625
558,452,652,657,496,616
562,464,657,644,499,624
558,452,655,658,495,619
561,464,656,648,500,624
561,468,657,643,500,624
556,454,652,657,495,617
560,460,657,662,487,627
560,468,654,655,497,625
552,468,647,662,496,629
558,468,653,658,496,624
555,467,651,657,494,629
549,469,641,660,500,624
560,454,651,648,495,624
562,460,659,647,500,624
553,463,643,662,495,630
553,462,646,661,496,630
560,458,651,663,489,627
563,455,657,660,487,624
549,463,644,662,497,624
559,463,652,658,493,628
561,459,643,655,486,620
563,450,654,659,490,622
555,466,651,660,495,625
563,461,658,648,499,626
562,451,657,660,487,621
553,464,641,663,496,626
562,459,655,660,487,627
549,468,641,662,499,622
558,468,652,658,495,625
558,461,653,663,485,627
557,450,653,658,492,617
557,465,646,658,495,627
556,444,649,658,498,618
563,451,656,659,490,620
551,450,651,657,495,618
561,463,656,654,497,629
551,455,641,658,502,616
560,456,651,647,500,623
554,447,647,658,502,616
556,467,649,655,496,624
561,460,654,663,487,627
549,460,642,659,500,617
561,464,654,652,496,627
544,464,641,662,499,622
561,461,656,647,502,626
558,449,650,657,494,618
558,463,641,659,491,620
561,452,657,659,488,622
558,463,653,652,496,627
548,460,641,662,498,620
559,452,655,657,492,617
559,464,654,658,494,628
557,465,652,663,489,628
552,455,649,656,496,617
560,462,655,651,496,628
557,465,653,647,497,624
558,449,655,659,488,620
550,468,642,659,499,620
548,463,642,652,499,622
562,462,651,646,500,625
563,458,658,662,486,626
550,470,643,662,499,624
558,470,650,659,491,626
552,457,648,657,501,616
557,453,652,656,493,617
555,470,650,659,492,627
557,469,652,656,493,627
554,455,646,657,496,615
555,468,651,659,495,628
553,454,651,658,498,617
560,451,655,659,489,622
557,452,653,658,495,617
548,461,656,659,496,627
557,465,649,655,496,628
556,466,651,662,490,628
561,464,658,650,498,626
549,458,637,664,496,622
559,467,653,648,499,623
557,467,652,660,494,627
562,460,655,661,487,623
547,461,640,659,499,620
556,469,652,661,492,626
549,456,642,647,495,624
561,461,656,661,488,623
557,453,652,656,493,617
556,466,654,653,495,627
556,467,652,661,489,625
548,472,641,661,498,625
556,468,651,656,495,627
555,464,657,647,499,625
554,455,647,655,498,617
560,460,656,662,488,626
559,466,653,661,489,629
552,467,646,660,500,626
561,466,656,649,500,627
555,454,651,657,500,617
551,469,642,659,498,624
557,468,653,653,496,626
559,462,656,647,500,625
547,470,642,661,496,622
547,465,641,655,495,622
561,465,657,648,497,626
562,466,658,647,498,625
559,452,655,658,487,621
558,469,652,657,494,627
558,463,652,663,488,624
559,467,654,651,495,627
547,465,641,662,498,626
559,454,655,658,490,622
557,471,653,654,499,621
550,466,639,661,501,621
556,468,653,660,488,627
556,467,652,661,490,628
549,470,639,662,498,623
561,464,655,661,487,626
560,453,656,658,492,620
550,468,641,661,499,624
548,467,641,661,498,620
559,467,655,647,499,623
557,467,653,661,490,627
563,457,657,649,495,625
557,465,654,648,501,624
562,455,657,659,483,624
547,471,642,661,499,625
559,464,656,661,489,626
558,463,653,662,488,626
558,456,655,660,489,623
561,455,658,661,489,623
559,465,656,654,494,628
548,467,641,662,498,623
556,456,648,656,499,617
560,454,656,659,487,621
559,466,653,660,486,628
556,454,651,657,492,618
556,469,652,661,486,625
560,463,654,661,487,627
558,468,641,659,500,620
547,463,641,658,499,619
556,451,651,656,497,625
558,452,651,655,493,618
550,466,643,660,500,619
556,469,648,659,496,630
563,466,656,649,496,627
551,458,650,656,497,624
554,468,654,652,496,627
553,457,643,658,500,617
549,470,645,662,496,625
559,467,654,650,498,623
563,467,654,655,496,628
549,469,650,656,497,630
559,460,654,663,485,625
559,457,657,660,489,621
552,468,653,653,496,628
558,468,652,650,497,626
551,471,652,658,494,625
553,469,653,648,499,626
560,454,655,659,490,619
559,456,652,651,489,617
556,471,651,659,492,628
548,465,642,659,498,619
561,470,652,658,491,627
549,464,642,658,499,619
559,467,654,663,488,627
559,465,655,661,485,626
555,457,648,658,494,616
551,470,643,660,496,625
557,452,652,658,494,617
561,462,656,647,498,625
551,458,647,658,497,615
560,452,653,657,493,618
561,455,657,660,488,618
558,452,656,655,490,618
548,463,641,656,487,625
556,462,637,655,500,618
551,468,641,663,497,624
556,468,652,655,496,626
559,471,640,657,495,625
563,454,656,658,487,623
560,464,657,646,497,626
557,468,651,662,485,626
559,464,652,660,485,626
549,465,641,661,497,622
558,468,655,664,486,625
557,464,652,652,501,627
555,461,657,661,486,627
563,465,654,647,496,626
560,465,654,650,498,624
549,467,642,660,498,617
555,456,657,661,487,623
549,470,646,653,492,627
561,455,655,648,498,624
558,471,651,657,495,626
545,460,642,657,500,617
560,459,655,647,501,616
553,455,645,656,496,616
561,454,655,659,491,620
550,455,645,657,496,617
561,463,657,647,498,626
559,466,650,661,488,628
556,469,651,656,496,626
551,453,656,659,490,621
557,469,651,657,490,628
559,453,654,657,494,619
549,467,642,662,494,624
554,466,652,658,491,628
550,462,641,657,502,619
550,469,641,660,499,626
561,461,657,661,489,623
544,466,641,660,500,623
558,468,652,655,496,626
558,466,652,656,494,628
544,465,642,660,499,623
561,462,658,648,499,627
559,462,653,662,487,628
557,467,653,662,486,623
561,463,658,648,498,625
558,464,654,649,499,623
557,468,653,653,495,631
556,466,649,659,496,628
555,458,644,659,500,618
556,466,648,659,496,629
558,466,652,659,490,623
560,463,653,662,487,626
557,470,651,657,495,627
562,464,657,648,498,626
552,467,639,660,499,623
560,468,653,664,489,629
544,466,641,662,500,621
550,462,642,662,502,618
559,462,655,661,493,617
559,465,653,652,498,624
557,447,641,659,501,618
550,462,642,658,498,623
564,461,643,661,499,621
552,463,641,662,499,623
561,459,654,655,496,629
553,450,658,662,498,627
559,463,651,664,496,627
553,451,656,661,497,625
560,461,652,663,488,627
559,462,654,651,498,624
564,451,657,661,489,621
558,456,647,657,491,625
559,463,651,660,495,627
550,465,640,661,498,626
561,463,654,653,499,624
553,450,651,660,495,617
560,462,652,655,496,626
554,453,643,657,502,618
545,455,642,661,501,619
561,457,656,648,501,624
565,462,657,647,500,624
557,449,647,658,503,616
558,447,648,659,498,617
563,456,642,663,498,625
562,452,657,662,489,622
559,463,653,655,496,625
552,463,641,662,501,623
550,464,640,662,499,626
557,446,649,657,496,617
561,463,652,664,494,627
563,449,654,662,488,625
558,460,652,657,495,627
548,454,642,660,502,621
553,464,642,662,498,625
564,456,658,646,498,626
551,452,643,657,502,618
544,461,642,661,499,624
563,447,656,659,493,619
554,464,644,660,500,626
557,462,651,657,494,627
558,461,651,659,494,628
557,445,656,660,489,622
562,458,649,647,500,625
561,465,654,652,500,626
560,463,654,651,499,628
559,464,652,657,493,626
558,449,647,657,497,617
560,461,653,662,493,626
566,458,658,648,496,625
563,455,655,661,488,624
560,462,651,657,499,625
560,460,651,659,491,628
560,462,653,659,495,627
566,456,653,651,497,627
562,445,650,654,498,616
562,457,654,662,488,626
562,445,653,657,493,618
556,458,655,648,499,625
562,460,653,656,498,627
559,462,650,660,494,627
563,459,658,649,496,626
561,461,652,663,494,629
563,458,656,646,502,625
558,462,652,651,499,625
558,462,654,652,499,625
559,445,655,658,494,621
561,461,648,656,491,628
561,459,649,652,497,627
560,457,656,659,492,618
555,448,647,656,499,619
562,453,647,651,496,629
562,455,655,648,497,627
564,455,656,655,484,624
565,458,656,645,502,626
564,461,652,652,499,626
559,460,652,648,496,628
544,459,640,663,501,624
559,459,655,648,495,625
557,449,650,656,497,618
560,456,654,663,487,627
563,449,656,656,491,621
548,452,646,658,500,618
563,456,656,661,487,624
551,462,644,662,498,626
566,454,656,649,499,627
550,463,646,661,497,627
555,459,655,648,493,626
551,457,642,660,499,624
550,461,656,647,500,625
560,463,652,654,496,627
554,463,642,661,497,627
559,462,652,658,496,628
563,455,654,661,487,626
561,457,655,662,482,625
562,458,654,662,487,628
561,460,653,645,502,624
560,446,650,656,497,617
565,452,656,659,487,626
558,460,652,659,492,629
557,460,648,654,495,629
563,460,654,648,500,625
555,449,648,657,497,628
550,461,644,659,497,627
551,451,641,654,501,622
563,458,654,661,487,627
562,464,650,656,493,628
553,464,643,659,497,629
560,463,652,656,491,626
552,461,654,654,496,626
557,457,657,647,500,624
552,453,641,658,491,629
552,454,642,650,499,619
561,462,644,661,498,626
555,449,647,655,500,617
551,458,639,659,500,621
564,453,656,646,498,627
551,452,636,659,501,624
563,453,659,659,492,629
559,447,653,645,500,625
563,453,654,646,502,626
563,453,655,654,495,629
565,446,654,658,492,622
558,460,655,645,498,626
559,459,652,658,497,625
561,445,640,659,497,625
565,452,656,660,486,627
562,437,653,652,495,618
564,450,655,661,487,626
563,462,645,659,497,626
558,457,647,657,498,628
561,457,651,657,488,625
552,450,642,656,500,620
555,443,651,656,495,618
560,460,651,656,496,629
557,461,641,652,497,625
561,463,651,657,500,624
565,458,656,650,498,624
560,459,651,662,495,623
562,447,653,656,496,619
553,453,641,659,502,620
564,458,657,650,498,626
564,457,655,647,501,625
561,455,654,661,489,629
563,448,653,657,491,618
563,457,649,647,498,627
564,455,653,660,487,627
556,460,650,656,495,630
562,461,651,664,493,629
561,460,652,653,497,627
557,458,650,658,495,633
558,443,653,649,498,625
566,453,658,646,497,626
570,443,654,659,488,622
567,451,659,647,498,627
555,446,641,658,498,618
566,439,655,658,490,621
568,451,657,648,494,628
562,456,651,655,494,626
564,442,645,657,497,617
566,456,651,656,496,621
568,453,652,654,495,628
570,454,654,650,494,627
557,455,642,660,497,628
566,453,653,661,487,629
566,458,649,658,490,629
564,454,651,660,489,628
569,450,655,646,497,625
566,454,645,654,494,628
564,453,650,661,486,618
565,451,651,662,487,629
554,455,638,660,498,629
557,448,640,654,495,623
569,452,656,650,494,628
566,455,648,651,492,626
570,451,660,647,496,624
561,456,647,658,493,630
566,449,654,645,498,624
556,451,640,660,499,623
569,450,655,644,499,626
564,457,651,665,493,627
565,447,648,651,498,626
568,447,653,660,486,624
565,455,648,654,494,629
558,455,641,660,497,627
567,453,655,652,494,629
569,452,653,648,501,627
564,453,652,648,500,627
564,441,651,655,493,618
572,451,657,645,498,627
565,456,652,660,487,628
566,455,649,658,492,628
555,446,641,657,499,620
565,454,653,658,489,622
564,458,651,651,496,628
564,455,654,651,496,633
566,452,656,645,498,626
572,453,641,662,497,628
558,454,637,660,497,624
564,455,651,660,490,629
559,458,638,655,495,630
566,456,650,653,495,628
555,452,641,660,500,625
569,445,652,646,499,626
560,456,648,654,493,631
558,448,640,657,499,626
562,456,650,656,491,629
568,451,656,647,497,628
568,443,654,658,488,621
565,441,650,654,497,618
570,452,653,654,485,624
566,455,651,648,495,626
569,442,654,657,487,623
565,440,653,655,493,619
567,453,652,645,495,620
570,441,654,656,491,619
560,457,643,658,496,632
559,448,639,657,500,622
568,453,651,660,485,629
558,458,639,660,497,625
570,441,655,656,488,621
556,453,639,660,500,623
557,456,640,659,496,629
562,443,646,654,497,620
566,456,651,650,495,626
566,453,654,660,485,627
567,458,654,656,492,619
569,441,655,655,497,619
568,455,655,647,496,629
561,446,644,653,496,620
561,439,646,652,494,619
569,450,654,660,487,628
565,457,651,658,493,630
567,454,656,646,496,626
556,459,640,660,499,625
567,455,654,658,499,626
562,439,646,650,498,619
569,455,654,660,488,627
553,463,637,659,495,619
557,462,643,658,497,628
561,463,647,655,494,630
557,463,642,658,497,632
565,447,653,654,488,620
569,462,657,644,497,627
570,460,656,646,500,626
570,461,654,644,499,626
568,460,657,656,488,624
556,468,640,658,497,629
556,469,640,658,497,625
559,454,645,654,500,619
566,455,655,655,492,620
566,454,650,654,495,618
564,455,652,656,494,618
563,470,651,657,490,628
567,462,654,656,487,627
564,470,649,654,497,626
570,469,652,649,495,630
562,458,654,656,487,621
564,466,651,660,488,628
568,467,654,644,499,626
563,470,650,651,495,629
568,471,651,647,494,628
556,466,641,657,499,619
562,473,648,652,495,630
566,467,654,643,499,626
564,472,650,648,494,629
563,472,650,654,494,626
565,469,651,655,489,628
563,455,650,653,496,628
558,472,642,658,495,630
566,472,652,644,499,626
566,458,649,653,494,620
558,467,637,655,499,623
567,472,647,646,495,627
557,476,642,658,496,629
562,474,648,655,491,629
566,473,650,653,490,629
564,474,650,653,493,629
562,472,648,654,495,629
569,470,655,643,499,627
568,469,652,644,498,626
558,470,638,658,500,626
570,458,653,653,489,622
563,467,648,647,492,631
569,469,653,644,498,627
564,458,649,651,494,619
555,475,638,656,497,625
567,466,649,653,495,618
562,458,649,652,497,618
561,459,646,653,496,618
563,475,648,654,492,628
563,472,648,659,488,629
559,461,646,653,499,624
555,472,654,644,496,628
567,466,653,657,485,626
555,475,641,655,495,629
564,459,649,652,494,619
566,474,645,644,495,626
563,472,647,657,488,629
560,474,645,655,496,629
566,467,647,646,494,629
559,465,640,653,499,619
560,476,641,656,495,630
563,473,648,657,488,628
560,463,645,652,494,627
567,473,654,649,495,628
568,471,655,645,486,628
561,477,644,652,496,630
561,462,645,653,495,618
568,472,655,643,500,627
561,476,648,654,495,629
568,469,653,656,485,625
564,477,654,651,495,627
563,479,645,654,495,630
566,472,654,657,486,624
562,478,648,652,495,627
564,477,652,643,499,630
566,472,654,655,486,625
563,464,646,651,496,619
568,475,653,643,496,628
569,464,653,653,489,622
570,476,655,643,496,628
566,478,650,644,499,625
568,473,650,651,486,626
555,477,636,658,499,625
566,478,649,656,488,627
556,476,639,655,499,626
563,469,643,653,498,617
567,483,650,657,492,625
568,474,652,657,487,625
556,481,637,656,501,621
558,473,638,654,500,619
565,486,649,649,497,627
569,474,653,657,491,625
567,486,646,655,495,630
569,473,652,655,491,620
557,478,638,656,501,621
569,485,653,643,498,626
566,475,649,654,494,617
560,484,639,660,499,621
573,485,653,644,499,624
561,491,643,658,496,628
571,487,651,650,496,629
572,491,655,646,498,626
564,497,646,656,495,628
571,497,651,659,498,625
572,497,655,647,498,624
571,488,654,660,488,621
560,502,638,660,489,628
568,502,651,656,496,628
568,504,651,651,498,623
563,496,639,660,494,629
565,493,645,657,496,616
570,494,651,650,495,621
558,499,647,659,495,625
568,496,652,665,487,625
571,498,641,662,496,626
560,506,637,663,498,626
568,499,654,648,498,624
571,502,645,659,496,627
572,490,654,660,488,621
565,504,650,651,495,625
563,507,642,661,491,628
573,502,655,648,497,624
567,490,649,658,497,620
574,502,652,663,488,625
568,504,653,653,498,623
570,508,652,658,487,627
572,490,649,661,486,616
572,505,651,653,496,628
572,504,646,666,493,627
566,499,642,660,499,616
565,500,639,660,499,619
571,494,647,658,497,616
568,504,639,663,499,621
567,498,640,660,500,617
570,499,640,661,497,620
575,505,655,648,498,621
571,507,651,656,495,626
567,507,639,665,496,624
577,497,646,660,492,616
583,499,656,662,484,623
576,509,652,652,495,624
570,505,638,665,495,626
582,496,655,663,483,622
566,504,639,663,495,620
581,503,651,656,490,627
579,502,651,662,484,625
570,490,648,661,492,617
579,491,648,660,490,615
583,500,651,651,496,627
573,507,643,664,491,627
587,502,653,656,491,628
581,502,656,651,493,617
583,495,656,663,483,622
585,492,652,662,483,624
579,487,652,662,482,621
571,494,640,659,490,627
572,504,641,664,489,626
581,498,653,650,492,624
575,501,646,659,489,624
586,501,652,652,491,627
574,490,644,661,486,625
579,505,652,659,490,625
584,500,655,649,494,623
582,497,658,651,495,623
570,507,642,663,491,620
576,501,651,652,494,624
575,503,652,667,482,625
576,505,651,664,481,623
576,502,641,664,481,625
575,502,651,658,489,624
570,491,648,661,493,614
566,497,641,661,496,617
574,489,651,661,490,614
577,493,654,663,482,618
574,501,652,649,483,621
579,501,656,647,492,622
563,496,641,661,494,616
573,489,647,651,492,623
574,499,652,654,489,624
571,503,654,660,489,614
565,503,638,663,494,621
562,495,635,667,490,622
575,499,654,666,482,623
566,504,643,662,492,626
567,505,639,665,492,627
564,498,639,664,495,619
567,502,651,660,491,628
563,497,638,661,493,617
577,501,656,650,492,624
571,503,652,664,496,622
576,491,654,665,481,622
576,488,654,660,489,616
572,500,653,652,494,621
571,497,656,651,494,624
575,499,654,652,494,621
577,489,655,662,481,620
578,492,656,662,484,622
572,485,650,661,488,615
572,502,644,649,493,625
567,489,643,661,494,616
573,501,651,665,482,622
580,501,651,652,492,626
568,504,646,662,489,627
575,499,656,656,488,624
577,501,654,664,482,625
575,500,650,653,493,624
577,497,655,651,494,624
567,482,643,660,496,618
571,496,656,649,493,623
568,489,643,659,495,619
576,499,651,664,482,628
576,500,651,664,484,626
579,491,657,645,490,625
577,487,655,660,484,620
565,497,639,663,494,619
573,500,649,657,492,628
569,489,644,661,498,616
575,499,652,658,491,628
569,499,651,658,489,627
573,500,650,664,487,627
570,498,644,662,490,628
578,488,655,649,493,624
566,496,640,664,492,628
566,492,641,659,494,619
579,484,653,659,486,618
573,499,650,656,490,627
571,481,647,659,493,615
571,499,657,664,495,624
574,496,651,659,493,617
567,498,644,659,492,627
569,487,642,661,495,617
577,485,655,663,482,624
574,482,651,658,486,617
579,495,654,649,495,626
577,484,655,664,480,626
575,489,654,664,481,627
573,475,650,659,490,618
561,483,639,664,493,622
569,489,650,663,482,625
571,482,655,662,481,623
561,477,640,660,494,617
571,470,652,660,484,617
562,469,647,661,488,615
565,477,647,660,482,626
563,484,651,657,485,628
568,464,652,662,479,620
568,481,655,652,484,616
563,467,654,659,482,616
559,467,654,661,478,618
551,480,640,664,487,622
555,479,642,665,487,621
565,467,655,664,478,620
564,474,654,653,488,623
565,478,652,653,482,615
563,478,648,660,487,626
565,474,653,664,478,627
558,478,642,664,487,628
563,477,650,662,482,625
559,464,647,659,487,616
563,464,652,661,485,616
565,478,651,665,482,627
569,477,656,651,487,624
567,476,656,650,490,622
564,485,651,662,480,625
569,477,656,650,486,625
564,482,650,662,477,627
564,484,650,668,480,627
555,477,639,662,478,626
556,484,644,664,485,625
567,467,655,662,475,620
564,480,654,656,481,627
566,479,653,650,487,623
556,460,646,660,485,611
564,468,656,661,474,619
561,481,652,651,486,620
559,481,653,655,483,620
562,466,652,664,487,617
558,484,650,659,482,621
551,478,640,664,486,618
554,482,645,660,484,621
557,482,650,664,474,624
559,483,648,655,483,623
550,484,643,664,484,620
553,467,644,660,487,613
563,476,655,649,486,619
559,477,655,662,474,623
550,481,643,665,487,618
558,476,653,647,485,621
563,477,657,650,485,622
558,481,649,658,478,623
556,481,649,658,484,624
563,479,656,653,485,623
563,468,654,660,473,618
564,466,654,660,477,617
561,473,655,664,476,620
558,479,651,663,477,618
558,465,649,660,487,617
559,476,652,664,477,625
551,482,637,662,487,618
556,465,650,657,481,614
553,483,642,660,484,624
562,478,654,651,487,621
563,478,655,649,485,621
554,480,644,664,483,627
564,478,655,651,486,621
559,480,651,654,485,622
563,468,656,663,473,620
559,465,652,660,480,612
551,478,641,664,484,622
547,483,640,663,485,621
561,480,650,653,486,621
551,476,641,660,488,616
560,478,652,664,473,624
555,482,650,662,479,625
563,480,653,651,487,623
560,481,649,661,481,623
560,481,649,658,483,623
553,481,641,665,481,622
559,469,652,659,485,614
565,467,655,662,476,619
564,480,640,664,487,621
566,475,653,664,476,621
565,466,641,659,488,617
559,481,648,660,484,624
561,483,649,661,481,626
565,478,657,657,484,625
556,476,640,661,487,620
567,467,641,665,489,620
565,484,651,659,486,626
564,482,648,663,485,617
566,466,652,659,482,616
570,477,656,651,487,623
568,482,651,653,486,625
570,479,655,649,483,618
561,482,646,660,485,626
563,482,652,654,488,624
555,477,640,663,488,621
555,475,641,660,490,617
565,474,647,656,481,623
563,482,651,658,487,623
569,467,654,663,479,619
569,478,655,650,489,622
561,478,652,665,479,626
566,483,648,655,486,623
564,483,650,658,482,625
567,478,655,651,489,623
556,482,648,660,485,626
567,471,655,663,476,621
570,478,656,649,486,621
568,468,651,659,484,614
566,481,651,665,478,624
560,467,652,660,484,614
565,483,650,657,484,621
571,468,650,657,478,616
569,480,656,650,490,623
567,480,651,655,487,625
567,465,650,658,485,616
559,482,643,661,480,617
569,473,655,663,476,623
562,475,641,659,490,623
566,483,651,657,485,623
558,484,642,663,489,625
571,473,654,663,478,621
569,477,651,650,491,623
559,483,641,663,487,624
567,480,653,664,479,626
568,473,654,663,477,622
566,482,652,671,481,625
567,468,653,661,483,611
568,466,654,661,482,617
562,483,643,659,484,626
567,465,654,660,481,615
555,484,641,663,488,623
566,480,650,663,481,626
563,479,645,665,486,626
566,478,652,658,486,626
556,477,642,664,488,624
568,467,653,655,484,625
559,458,645,660,486,625
570,453,657,657,481,626
568,467,651,659,480,625
564,465,649,655,484,625
569,462,656,647,489,624
557,457,643,661,490,617
557,467,644,663,488,625
570,461,657,651,488,625
558,469,642,662,487,625
555,459,643,660,490,616
556,462,640,663,485,626
570,465,657,651,487,625
557,469,640,664,489,624
568,464,654,649,489,621
565,470,649,663,479,627
560,468,642,663,487,626
569,470,653,653,487,623
570,449,652,661,480,619
568,454,654,662,479,617
561,468,648,659,486,625
565,464,653,655,486,625
561,450,644,661,490,615
555,453,640,663,490,623
559,441,646,660,492,616
570,449,654,651,489,621
567,450,652,665,479,626
570,445,655,648,490,622
558,442,641,661,490,618
560,436,637,660,491,616
567,438,654,666,477,624
566,441,653,665,478,627
569,436,654,651,487,624
566,441,650,660,484,627
565,439,647,657,485,624
563,426,647,661,487,614
569,429,655,663,479,623
564,419,647,657,490,625
551,439,639,666,489,621
572,431,656,649,489,624
569,417,652,658,486,615
565,428,659,655,487,626
567,430,647,657,485,626
567,427,650,660,485,626
562,427,647,662,485,626
569,413,655,661,482,619
563,411,645,659,492,615
570,423,655,649,490,619
567,412,652,660,485,622
571,417,656,663,478,624
558,428,644,664,488,625
565,425,652,656,483,625
567,427,654,654,490,624
566,426,653,654,487,627
570,426,652,650,492,624
574,423,655,649,493,624
562,430,641,663,493,628
562,419,642,659,493,616
563,431,645,649,491,625
562,428,640,662,498,620
569,431,653,657,484,624
569,409,643,659,491,615
573,426,656,662,484,624
572,430,651,664,486,628
576,428,654,648,498,624
571,430,652,649,496,624
577,428,654,661,489,621
574,427,646,657,497,624
565,424,639,659,501,617
574,433,652,663,496,617
578,429,653,648,502,623
572,428,644,657,502,616
567,423,643,659,501,615
573,418,645,657,497,614
566,425,642,659,500,614
576,429,651,663,487,623
567,425,635,663,498,624
574,434,648,658,492,624
575,426,652,663,488,621
575,431,651,650,498,622
576,432,656,655,496,623
573,431,650,664,487,624
572,429,654,650,497,621
577,420,651,659,491,615
571,435,647,661,493,621
560,431,637,662,500,620
575,430,653,649,500,622
571,419,648,660,493,614
570,424,650,659,495,614
571,431,646,656,493,618
572,438,650,664,490,623
563,434,638,662,500,614
574,433,653,662,490,615
573,434,645,663,488,622
572,431,648,658,497,613
573,432,650,659,491,614
566,444,652,654,498,621
567,445,645,660,498,619
569,445,650,654,500,619
561,444,637,662,497,619
565,445,650,662,494,621
572,438,652,663,490,619
567,434,644,658,500,610
570,442,653,665,489,619
558,453,639,664,500,609
572,448,650,663,489,619
560,445,637,661,499,613
563,460,648,657,499,612
556,461,637,661,499,612
557,476,653,660,500,611
565,470,651,665,486,617
565,486,648,655,496,617
559,494,653,650,497,617
564,492,649,662,487,615
564,494,653,661,491,612
564,494,653,662,489,614
564,505,654,651,500,616
553,505,637,662,501,612
567,505,655,650,500,616
559,514,649,651,502,614
561,509,654,648,501,614
556,516,651,649,501,613
558,520,646,659,495,616
556,536,651,654,499,616
558,536,656,652,497,616
549,528,652,660,493,610
557,535,649,658,491,617
556,541,637,664,500,604
552,538,637,664,500,615
540,536,647,660,499,606
556,526,654,666,489,617
557,537,653,655,497,616
560,531,651,666,490,617
558,539,642,665,499,618
558,538,649,657,498,617
548,539,640,664,502,612
551,543,653,650,504,614
553,536,652,665,490,617
549,547,653,651,502,612
552,546,636,666,500,614
553,555,652,659,498,618
556,551,653,663,501,615
551,559,651,661,492,615
552,561,645,660,492,611
548,565,638,663,499,612
553,560,648,665,491,616
540,560,643,662,498,607
541,565,642,663,497,615
556,561,651,660,492,613
554,552,652,667,487,616
554,565,644,663,496,618
552,563,651,652,497,613
551,559,652,663,500,610
552,566,644,665,498,616
553,562,651,660,490,611
543,568,655,651,499,612
543,560,655,662,493,604
548,564,646,663,495,615
540,571,640,664,503,607
537,561,651,662,503,615
544,572,653,653,500,609
544,549,657,665,489,609
538,566,654,662,497,603
547,571,651,661,497,613
543,566,640,666,500,612
546,565,650,665,495,614
548,568,651,665,493,615
547,573,653,664,494,614
534,575,647,662,503,604
546,578,651,660,499,612
545,579,655,653,503,612
533,569,655,663,502,615
546,574,654,660,499,611
545,579,653,659,500,613
548,561,655,667,489,613
536,570,653,664,501,603
538,573,648,663,498,604
538,563,657,667,491,608
544,575,654,660,501,614
543,565,652,660,489,608
551,563,654,667,504,606
548,567,654,668,490,615
542,573,654,658,498,614
546,577,653,662,497,615
539,576,641,668,503,609
535,574,643,656,501,603
537,563,656,665,492,607
541,572,650,665,499,606
549,567,653,667,494,613
549,572,649,665,495,616
551,562,654,670,490,616
537,563,657,663,493,608
546,572,659,654,500,614
535,574,646,664,503,607
547,560,656,666,491,614
548,570,656,656,497,615
545,559,657,667,488,613
535,570,650,662,503,605
546,571,659,657,500,613
539,574,645,667,501,615
545,570,658,654,500,614
540,558,658,666,490,613
544,571,647,668,499,617
538,574,654,663,501,613
543,572,655,668,492,617
539,573,656,658,501,614
539,572,646,668,500,618
540,576,659,655,502,614
531,576,647,664,505,612
538,577,654,657,502,615
529,581,645,665,503,606
538,564,658,668,490,611
535,565,660,665,492,608
530,565,659,666,493,612
540,578,645,665,497,617
541,564,659,668,493,614
539,575,659,655,502,614
540,559,659,668,490,616
544,571,662,662,498,616
541,567,654,665,499,617
537,575,643,666,502,611
540,575,644,669,502,613
532,569,651,662,503,605
531,575,658,666,494,610
544,557,658,669,490,616
537,557,660,668,493,610
530,559,655,665,497,607
537,551,659,665,489,611
543,552,659,668,490,614
543,549,657,665,491,611
544,551,652,663,499,616
537,560,657,657,502,614
543,554,651,660,499,618
543,552,662,657,500,617
530,553,645,667,503,609
541,545,655,666,494,617
540,553,655,660,503,613
536,550,659,654,503,613
541,547,655,661,501,618
543,553,662,659,492,615
537,550,659,654,502,615
543,551,660,657,503,616
539,536,659,667,492,612
537,536,661,665,494,610
538,553,658,656,502,615
540,548,648,667,503,613
538,552,658,654,498,613
543,553,645,668,503,612
542,548,655,665,498,616
532,553,651,664,503,608
541,549,661,655,500,615
533,545,652,664,502,605
532,540,655,664,501,607
544,549,660,655,500,617
543,536,658,669,491,614
536,547,655,664,497,615
542,547,650,666,498,618
536,553,644,668,502,610
543,552,660,655,504,614
532,549,650,666,502,607
548,540,656,670,492,615
542,552,655,657,504,615
536,539,657,660,504,616
529,548,649,664,499,607
534,544,651,665,495,607
543,549,660,650,500,614
539,551,645,666,502,612
543,550,659,656,504,613
543,541,655,660,499,616
547,541,650,666,499,619
535,546,649,664,503,606
545,541,653,661,500,614
543,548,648,666,501,616
543,542,656,670,490,618
538,549,643,667,504,616
550,543,655,667,492,618
548,545,655,665,495,616
544,547,658,657,503,615
536,551,647,666,500,605
545,532,660,666,490,612
548,545,655,661,500,614
544,546,656,659,502,613
539,545,643,666,504,609
535,541,645,666,502,608
549,533,657,670,492,618
548,536,653,665,497,617
547,540,660,654,502,616
547,539,647,654,504,615
549,531,655,669,493,617
540,541,643,665,503,613
547,528,659,668,490,616
545,540,662,653,500,614
545,537,659,653,503,615
548,533,657,657,501,614
548,533,660,655,501,617
547,528,655,666,496,617
536,533,648,662,504,606
545,533,644,667,502,619
544,531,655,663,501,616
545,532,660,653,500,616
546,534,659,653,503,616
546,533,656,656,502,614
548,520,655,653,503,616
546,515,660,667,493,614
549,521,647,663,499,617
538,532,643,666,503,609
550,524,655,666,492,618
541,531,647,668,502,620
548,526,654,668,499,616
545,530,654,662,498,615
546,518,651,662,501,607
546,531,652,655,501,615
544,532,656,656,501,615
547,524,655,667,494,618
535,526,650,663,503,607
534,527,653,662,499,615
549,528,652,664,496,617
546,532,659,654,504,615
538,535,646,665,505,608
548,529,644,668,499,619
538,532,645,665,504,616
545,528,645,668,501,617
536,524,651,662,504,607
544,530,660,663,503,614
535,523,652,662,499,605
548,522,655,664,498,617
539,518,658,665,497,608
541,517,655,663,494,610
549,525,650,668,502,620
550,525,650,666,499,619
536,525,652,662,496,606
537,524,653,665,496,608
550,526,656,659,502,616
548,517,655,667,492,618
539,529,646,666,505,609
549,534,661,654,504,617
533,529,643,666,504,612
545,513,658,668,491,614
547,522,660,656,498,617
550,515,654,669,495,617
549,520,648,663,497,617
550,516,658,655,501,618
547,517,654,662,499,617
552,521,658,654,500,616
549,511,658,666,495,610
544,526,658,656,503,620
545,528,659,652,503,616
545,527,659,651,504,617
535,523,652,661,501,607
549,515,655,668,489,615
548,524,655,654,498,615
546,527,659,650,502,616
537,521,654,662,497,608
539,512,658,666,491,617
551,519,654,665,496,618
539,520,650,662,498,608
547,524,647,665,502,620
541,527,643,666,504,611
551,518,655,670,497,615
552,524,653,659,499,619
537,529,645,664,504,611
548,524,655,658,499,619
537,525,651,662,500,608
543,514,657,664,490,610
548,530,659,654,503,615
536,521,651,662,503,608
545,525,645,667,502,617
546,510,655,664,496,609
543,507,651,662,501,608
540,521,643,665,503,612
546,524,656,655,502,618
541,514,659,660,499,609
544,521,644,666,502,617
550,511,659,665,491,613
551,522,660,658,500,617
539,513,657,665,492,613
549,511,655,662,492,607
549,525,655,662,500,619
541,519,655,663,498,617
553,525,653,658,498,620
548,529,643,665,501,616
547,530,646,667,500,620
550,525,653,658,500,619
551,527,655,666,495,621
547,533,644,668,501,617
537,531,649,662,500,608
550,529,656,659,500,618
542,536,653,658,501,615
540,535,649,664,502,609
546,525,660,665,495,614
544,540,639,665,502,613
547,539,655,658,500,617
551,527,654,668,491,619
533,535,652,663,500,614
547,534,657,654,498,617
553,535,650,662,498,620
550,537,661,654,502,614
550,535,655,668,491,619
550,540,657,657,500,619
551,533,653,667,492,620
546,543,658,653,503,616
539,538,652,665,502,609
550,529,656,668,492,618
549,527,656,669,492,618
550,540,646,667,500,618
549,536,655,661,498,620
550,538,654,662,498,620
551,537,657,662,498,619
545,542,643,665,501,618
536,538,653,662,499,617
542,530,658,663,493,610
540,536,655,662,498,608
537,545,643,666,504,612
541,542,643,667,502,616
548,538,655,662,497,619
548,537,654,664,495,619
546,540,648,668,502,616
545,542,658,654,502,616
552,538,655,661,500,617
535,540,650,663,503,609
537,540,652,664,502,609
551,537,652,660,498,619
552,536,654,658,499,619
549,532,655,666,491,620
549,540,656,657,498,619
548,539,654,665,496,619
547,529,655,670,491,620
552,540,652,661,500,620
536,543,646,663,502,608
550,537,654,662,499,616
539,534,657,664,497,610
549,539,660,660,499,618
547,540,661,653,501,617
535,540,650,665,504,609
548,540,659,653,502,616
541,530,659,664,498,610
547,535,659,652,503,617
547,536,655,659,497,617
539,522,656,662,497,609
540,527,652,664,499,609
550,525,656,667,494,620
549,519,655,664,496,609
551,534,652,662,500,618
547,535,659,654,501,617
550,523,652,659,498,620
551,511,659,666,493,615
554,519,651,662,497,621
539,513,653,663,498,609
549,516,654,664,498,620
538,516,652,662,500,609
548,506,655,663,496,610
539,515,655,662,499,608
537,526,649,658,501,608
547,517,649,666,497,622
546,518,658,654,499,616
548,513,656,664,495,619
551,500,658,664,492,611
550,511,658,651,499,616
540,511,641,666,502,613
545,517,658,653,503,616
547,509,650,662,495,617
547,503,654,663,496,609
547,520,659,653,502,618
536,519,651,665,502,609
538,521,646,664,502,611
546,518,659,654,502,618
546,520,644,667,500,618
549,512,654,667,493,621
545,518,647,667,497,620
533,519,657,656,499,617
538,523,644,664,500,612
547,510,658,664,502,616
545,526,643,667,501,615
549,519,651,663,497,620
546,524,644,665,500,619
553,512,655,664,495,610
539,526,651,663,503,609
543,517,658,665,492,611
550,528,648,665,498,622
537,523,657,662,496,609
535,541,645,664,502,612
543,542,653,657,501,618
547,531,658,664,489,614
535,547,646,666,503,613
539,544,656,662,499,617
535,544,650,664,500,607
537,540,659,655,502,615
534,536,650,662,500,610
536,530,655,664,498,610
545,537,659,655,500,619
545,539,660,654,502,617
545,532,651,662,494,619
547,529,653,667,490,619
540,529,658,661,492,611
545,539,660,654,503,616
535,539,651,664,494,609
536,544,645,663,500,610
549,542,656,656,503,616
550,540,653,662,499,620
546,540,653,667,495,620
544,544,646,668,499,618
544,540,649,663,500,608
544,542,649,666,497,620
542,546,645,668,500,617
549,536,655,668,492,619
543,545,655,660,500,617
