=~=~=~=~=~=~=~=~=~=~=~= PuTTY log 2023.11.03 01:01:45 =~=~=~=~=~=~=~=~=~=~=~=
501,663,650,448,435,551
504,659,649,448,437,553
505,673,649,440,439,553
507,660,648,435,433,555
507,661,650,446,435,546
505,661,647,448,429,551
504,671,647,442,429,556
503,673,647,444,438,555
498,672,635,445,438,555
493,678,635,443,439,553
502,677,648,436,433,555
503,675,651,435,440,553
493,672,646,445,440,549
497,661,648,444,442,547
503,659,651,447,432,547
507,662,646,446,428,556
500,676,636,447,434,554
494,673,638,444,440,547
500,663,652,443,441,548
491,679,635,444,437,552
503,676,644,440,438,550
502,669,645,435,432,553
502,676,652,434,440,552
506,678,651,436,439,554
505,675,646,443,438,556
503,662,652,444,434,547
506,676,640,448,436,558
497,669,649,443,441,547
501,665,652,446,439,555
497,668,649,446,440,557
507,675,646,440,440,555
501,664,653,445,438,547
512,673,644,444,439,555
503,678,651,436,441,553
504,677,651,433,441,554
502,676,652,435,444,554
508,676,639,445,429,556
502,677,638,446,439,556
508,673,645,447,438,557
502,677,651,447,433,551
502,658,652,445,440,547
499,678,638,444,441,557
509,671,652,440,442,554
499,664,652,443,440,548
503,680,636,443,442,558
508,673,647,442,441,556
498,674,645,444,445,548
504,676,651,448,431,554
509,672,652,439,440,552
501,664,653,445,444,553
507,675,654,433,446,554
507,673,640,446,440,557
496,672,647,445,441,558
508,671,649,433,440,557
501,677,639,444,442,553
499,671,646,443,443,546
499,676,640,444,442,556
509,658,652,435,442,556
493,668,649,441,445,548
511,661,649,443,432,555
510,668,649,441,431,557
507,674,654,434,445,554
513,665,641,443,439,560
506,671,649,438,439,559
497,671,646,444,446,548
497,673,643,438,440,554
504,673,638,444,441,560
509,671,645,445,440,560
507,670,654,437,446,556
505,676,650,443,446,547
505,674,651,434,440,556
508,660,651,436,436,559
506,673,654,442,441,558
506,673,636,443,446,549
505,669,649,441,435,558
508,670,649,440,444,548
508,667,648,446,433,558
498,664,650,447,440,559
507,666,649,444,433,559
507,666,647,443,433,560
508,674,653,434,444,556
508,666,638,447,441,561
511,664,650,446,433,558
509,669,644,444,442,560
503,658,654,447,441,552
512,669,644,445,441,560
506,671,654,436,446,556
507,672,655,434,439,556
509,657,650,446,432,556
508,672,650,440,436,558
510,671,641,441,438,560
504,674,653,433,440,556
497,664,653,444,442,549
510,666,647,444,434,559
505,671,640,447,440,559
509,668,645,443,440,555
502,670,642,446,442,561
510,671,648,442,442,557
498,676,643,443,445,552
497,671,647,444,447,550
509,658,650,448,432,554
506,652,653,446,437,555
505,672,652,437,439,558
506,673,652,433,441,557
505,676,652,436,446,556
500,674,640,444,445,558
511,659,650,444,442,560
512,671,650,440,444,557
511,673,642,448,441,558
509,673,652,434,447,558
507,675,649,437,438,558
509,671,647,444,443,557
509,672,653,434,446,556
498,679,644,443,442,560
513,674,648,441,443,558
499,663,652,443,442,548
498,675,644,440,445,548
506,679,638,442,440,562
505,679,652,435,441,560
508,665,651,446,437,554
513,676,641,448,441,561
512,671,649,442,432,558
509,680,636,447,442,561
508,679,649,438,441,560
511,659,650,447,434,550
514,674,648,442,433,559
510,679,650,438,441,560
511,678,649,443,442,560
512,678,641,446,444,560
497,682,646,443,444,554
512,677,650,441,447,558
510,680,649,439,439,560
508,683,652,433,441,557
503,672,651,442,446,551
501,683,642,444,446,553
510,677,646,440,435,562
500,683,636,446,443,559
512,678,649,441,433,561
511,679,647,434,448,555
507,679,647,443,446,560
508,682,652,435,445,556
503,672,650,443,449,549
509,678,648,439,434,561
510,683,653,431,445,556
510,678,653,433,445,558
510,680,655,434,447,556
503,668,652,446,446,550
512,680,640,446,439,559
501,669,650,435,438,550
499,680,643,442,447,552
509,680,648,439,440,561
512,676,649,444,444,560
512,678,650,440,446,559
510,679,649,436,440,561
504,682,637,447,444,564
512,677,642,435,442,557
502,673,648,442,447,549
503,670,651,445,439,551
499,683,644,444,445,552
504,683,636,446,444,558
506,676,647,439,435,560
510,666,648,446,433,560
499,680,645,443,445,551
501,674,649,447,450,551
510,683,649,429,447,555
513,678,640,446,446,559
510,676,641,441,437,561
497,676,646,443,449,551
512,678,642,445,443,560
510,675,651,430,436,560
506,682,650,433,446,558
507,683,651,435,444,558
511,666,650,447,434,556
497,677,649,444,448,554
512,677,648,441,445,559
513,677,642,442,446,556
510,681,652,434,446,557
508,680,652,434,447,559
506,663,653,446,442,551
514,670,646,440,439,561
512,681,649,435,442,560
499,679,645,443,448,553
511,684,650,435,441,561
515,671,648,441,435,561
509,679,650,436,439,561
515,666,650,445,435,558
507,663,653,446,441,560
508,682,654,429,443,559
514,675,640,447,436,554
514,675,647,444,444,559
512,675,654,440,447,559
512,664,648,448,435,558
514,664,652,448,435,556
512,674,649,439,445,561
503,680,636,445,447,559
514,669,649,447,434,559
502,675,641,444,447,558
513,673,648,444,445,562
510,679,651,433,445,559
499,670,649,444,442,551
511,676,653,433,444,558
511,680,652,435,444,558
507,664,652,443,448,552
501,669,649,446,443,549
511,677,638,448,442,560
510,677,633,445,446,558
513,665,651,446,436,558
503,666,653,445,443,552
506,660,651,447,442,553
508,673,645,446,444,560
515,674,644,446,443,561
509,675,652,435,448,559
514,671,647,449,435,560
509,677,636,448,436,562
513,667,648,448,435,560
510,676,651,435,447,558
510,674,648,440,437,563
508,662,653,446,444,551
502,669,651,444,449,551
511,671,649,439,436,561
513,678,638,445,441,564
513,663,648,444,435,560
513,669,644,445,445,561
499,662,652,445,444,551
507,659,651,447,442,553
501,669,643,444,448,556
508,676,650,435,445,563
513,658,650,448,435,559
509,673,651,437,441,562
512,670,651,439,448,559
511,673,651,434,446,560
510,657,651,446,439,553
511,670,648,437,442,562
514,669,639,447,445,564
506,659,652,444,446,551
505,663,651,444,450,551
507,660,650,443,441,552
513,664,649,445,435,561
511,670,649,434,436,562
507,671,650,433,445,559
505,659,652,444,445,551
512,659,651,448,437,555
503,668,649,443,449,553
514,669,640,448,443,562
509,673,652,434,445,560
503,665,650,445,446,551
500,662,649,436,444,552
511,666,647,440,436,562
510,674,652,434,446,560
514,649,646,448,435,557
512,658,649,447,435,559
512,657,649,448,436,560
513,671,639,448,444,564
515,663,647,442,435,563
506,672,638,448,444,563
511,666,638,450,444,563
503,669,641,442,447,553
512,673,653,434,445,560
507,675,636,450,445,560
512,671,650,437,441,561
511,671,637,448,444,564
512,649,646,447,435,555
509,671,647,438,441,561
503,668,648,446,447,553
510,671,648,437,439,564
515,662,647,444,435,562
510,673,649,434,441,560
509,652,652,443,440,553
509,666,654,442,449,561
511,672,654,434,447,560
515,672,646,446,444,563
509,673,650,435,444,560
502,671,643,439,444,562
513,669,654,440,448,561
501,667,643,445,440,560
512,667,649,440,448,560
510,664,638,449,443,563
502,672,643,444,449,555
513,661,647,450,435,561
515,657,649,449,437,559
511,668,647,440,438,562
502,671,640,443,448,564
508,659,651,444,444,551
510,667,652,435,448,559
501,671,637,445,446,560
513,663,638,450,443,563
515,658,651,448,436,558
512,670,651,436,441,562
506,673,636,445,448,560
507,671,636,436,442,559
502,667,644,443,448,557
508,671,651,433,446,562
508,656,652,445,448,559
501,670,643,444,446,554
509,675,649,435,444,564
513,668,647,442,449,561
503,671,636,446,446,562
509,671,650,436,444,561
506,659,653,445,444,552
514,668,649,441,448,561
507,658,653,441,440,554
512,670,648,440,441,563
504,674,640,445,446,560
501,672,643,444,449,558
506,653,650,449,441,554
512,665,647,436,436,564
503,661,649,444,449,553
504,663,649,444,449,553
505,670,648,444,445,563
506,655,652,446,446,564
505,657,650,448,444,551
511,666,647,441,436,564
510,665,652,436,440,562
508,652,650,448,437,557
513,663,655,442,444,562
515,666,647,446,446,564
512,652,649,447,436,558
513,663,647,442,447,562
508,671,635,447,438,563
513,657,647,448,434,563
511,667,652,436,449,561
505,667,636,447,445,562
509,667,651,435,446,566
512,662,643,447,445,564
505,670,637,446,445,561
501,659,644,446,444,552
510,664,637,447,443,564
508,660,648,441,449,562
511,661,648,444,438,565
502,652,651,446,447,553
511,655,648,446,437,566
508,663,634,451,445,567
502,665,637,434,447,563
510,665,652,438,449,562
509,665,650,437,449,564
512,660,642,444,446,560
512,663,647,442,437,565
510,661,644,440,439,564
514,658,645,446,448,563
510,651,650,447,448,556
505,650,649,441,446,562
505,656,647,440,439,565
504,650,651,440,446,555
510,649,648,446,437,562
502,656,640,446,451,559
511,658,636,450,445,565
503,654,648,446,450,557
510,658,647,443,439,565
509,639,652,442,446,554
514,651,648,450,438,561
505,649,650,447,450,554
515,645,648,449,441,559
511,658,646,436,441,566
514,643,648,449,448,558
510,661,652,437,448,563
501,657,643,439,446,560
511,658,647,440,440,565
509,648,652,448,444,556
516,656,651,442,451,563
499,654,647,444,451,556
508,660,636,448,448,567
512,660,651,448,448,556
504,655,643,445,450,558
517,658,642,446,448,565
512,658,652,435,449,561
511,658,646,439,441,565
514,655,646,444,439,566
513,655,653,438,450,563
514,644,649,451,439,560
517,651,648,448,438,564
514,653,646,446,438,566
516,644,648,449,438,560
515,654,646,446,448,561
515,650,640,448,446,566
512,658,647,441,442,566
511,658,651,435,451,555
506,660,638,445,447,564
504,649,647,445,451,555
511,658,647,438,446,564
505,645,648,446,448,562
515,651,647,444,438,565
503,658,641,446,452,560
513,650,647,445,438,568
513,655,647,440,443,566
514,651,647,441,450,564
516,652,646,445,449,564
516,650,641,445,448,566
511,656,649,435,443,567
517,651,645,441,449,566
513,652,647,441,446,565
518,644,647,448,438,565
513,651,652,437,452,562
515,635,651,448,440,561
510,637,652,447,439,563
508,653,636,447,449,565
506,655,635,445,450,563
518,650,646,446,448,565
516,653,635,449,447,568
518,648,645,446,449,564
518,645,644,447,437,567
520,637,648,449,437,562
515,647,647,440,437,566
518,640,648,448,438,567
507,644,646,445,451,557
515,652,650,435,451,566
517,648,652,445,438,566
518,648,639,449,448,566
517,634,648,449,438,565
514,650,649,438,443,566
516,635,651,447,441,559
506,638,648,444,452,556
512,649,649,436,450,564
507,649,636,447,449,563
513,651,647,434,449,564
517,644,645,445,450,565
519,642,646,444,438,566
510,633,648,444,454,556
516,643,650,440,451,565
513,647,647,442,443,567
512,650,635,447,447,567
518,639,649,442,446,564
518,647,653,432,452,563
513,650,654,435,449,563
513,649,636,448,448,566
514,652,648,435,440,567
506,646,637,436,448,564
514,634,652,449,448,557
521,635,648,450,439,561
516,645,646,446,439,567
516,647,650,437,446,566
515,651,649,440,443,565
517,634,650,449,441,562
516,652,649,441,445,565
512,655,636,449,448,565
514,654,651,435,448,564
514,650,635,451,447,566
515,652,649,440,444,564
518,647,645,444,439,566
516,634,651,449,443,558
505,652,644,447,451,558
518,645,647,446,437,564
519,651,642,448,447,564
515,631,652,449,448,554
512,639,652,449,448,555
518,649,644,449,449,560
519,651,646,448,449,565
512,643,651,449,444,556
515,651,636,446,451,560
517,652,653,439,451,563
508,654,643,440,446,566
516,647,648,443,441,567
519,648,652,442,452,562
510,654,639,447,441,565
517,646,647,444,439,567
518,646,652,437,451,564
508,652,636,448,451,563
520,638,646,448,439,566
515,652,649,438,447,567
516,653,649,439,448,565
519,647,652,440,453,564
520,636,647,453,440,565
516,644,633,451,450,566
509,650,641,448,451,561
514,650,635,449,449,566
518,645,648,444,440,567
521,640,636,446,445,568
509,642,646,448,451,566
517,648,649,443,441,560
519,646,647,452,439,564
508,638,649,452,439,562
517,647,649,439,449,564
510,634,647,449,451,557
517,643,646,442,444,566
521,625,650,451,440,563
517,644,634,450,448,569
511,644,636,448,451,563
512,638,646,449,453,559
523,638,641,448,451,567
516,642,647,437,448,566
523,627,648,452,440,565
518,642,635,452,448,568
523,636,642,448,451,569
520,638,651,440,451,566
523,623,648,450,441,562
511,640,643,448,451,562
524,625,648,452,438,565
523,626,647,442,438,569
511,627,648,451,447,558
519,643,635,451,449,570
511,643,638,447,452,565
512,641,638,449,454,561
523,637,640,450,450,568
514,642,640,448,453,563
521,623,648,453,442,563
524,636,647,447,450,566
521,637,645,443,444,567
521,641,652,439,451,565
525,636,638,450,449,568
519,640,646,442,452,567
522,637,646,445,451,568
512,639,635,448,449,559
516,628,648,450,451,567
523,639,636,447,449,565
524,638,640,448,449,567
507,645,635,449,453,561
517,644,634,453,450,565
519,626,650,452,445,558
511,628,646,449,452,558
525,639,638,452,448,570
523,643,633,453,448,569
510,643,642,448,454,559
512,643,633,450,451,566
521,644,635,452,448,568
518,642,633,454,450,570
521,626,647,452,443,564
520,626,646,453,440,563
518,624,651,446,445,558
510,643,641,448,451,562
518,639,639,450,449,568
517,639,645,447,439,567
516,641,634,451,450,568
516,644,633,447,448,568
522,634,647,444,451,566
510,635,643,448,453,560
511,645,632,449,453,565
518,643,633,452,450,569
512,625,651,452,453,567
522,638,643,449,450,566
521,641,647,441,455,565
523,632,640,445,449,567
511,643,634,450,450,567
517,645,648,449,446,562
524,627,651,450,444,561
510,642,642,447,454,563
519,643,648,439,448,566
514,643,633,451,450,566
526,641,650,441,453,565
521,641,651,438,454,566
520,643,649,438,452,566
511,633,648,450,453,558
513,631,649,450,454,558
519,645,645,438,452,566
519,645,647,440,445,567
515,632,648,449,450,558
508,640,641,448,454,564
523,632,646,449,441,565
515,630,647,450,451,558
511,636,648,449,450,557
523,643,647,446,451,567
513,638,646,449,452,558
518,642,644,448,439,567
509,647,635,450,452,568
523,632,646,453,442,561
516,646,633,451,450,569
521,631,648,453,446,560
522,644,644,448,452,567
512,634,647,450,454,557
514,649,633,450,451,567
518,627,648,452,446,558
511,637,647,449,454,558
521,643,646,444,453,566
522,632,648,452,442,562
514,649,635,449,452,566
524,645,636,451,443,562
524,646,640,449,450,564
522,641,646,451,440,567
520,632,647,453,453,558
519,647,634,453,448,569
518,638,645,451,441,567
521,647,635,453,449,568
522,632,648,453,444,560
523,640,645,447,442,565
524,639,646,449,441,568
518,645,644,450,453,566
521,646,634,451,449,569
513,643,651,440,453,565
520,647,636,452,449,569
522,640,644,450,438,568
517,646,645,444,445,569
525,632,648,451,444,562
526,635,646,452,442,563
523,641,644,450,442,564
521,647,645,445,442,570
517,636,651,452,451,557
521,644,647,443,446,569
518,634,649,452,449,559
520,649,634,453,450,569
522,648,651,438,451,568
527,645,641,452,451,568
519,631,650,452,449,559
523,643,643,447,442,570
526,641,636,448,446,569
523,647,649,441,453,566
524,642,638,452,449,569
516,637,649,449,454,559
519,636,648,450,451,559
525,643,643,444,454,567
522,648,636,452,450,569
526,633,648,452,445,563
523,646,642,447,453,566
513,649,634,449,450,567
523,644,650,443,454,567
527,643,645,449,441,568
527,640,645,454,442,567
517,650,649,440,449,567
515,649,635,450,453,571
517,650,633,451,449,570
520,641,638,451,450,569
521,647,648,439,450,567
525,644,641,451,451,569
525,633,650,452,448,558
514,642,643,447,456,561
527,644,644,439,452,564
519,633,649,450,450,559
511,648,634,449,454,564
527,645,640,451,451,569
524,645,651,440,457,566
527,644,636,452,449,569
527,634,646,452,443,564
522,633,650,455,449,559
526,646,641,439,454,563
525,643,641,439,453,565
526,644,637,451,450,570
518,647,648,438,452,567
524,632,649,453,445,560
522,645,633,452,446,566
522,631,650,451,450,557
525,641,646,449,438,565
524,648,636,454,450,569
518,648,646,441,446,569
523,628,651,449,448,558
526,633,648,454,442,561
527,647,641,449,451,567
521,649,647,447,440,567
524,633,648,452,446,560
524,647,641,451,450,567
511,645,639,449,452,564
521,648,648,445,441,569
516,639,651,452,448,558
522,645,648,449,443,568
516,650,648,444,444,568
511,653,644,446,450,563
518,652,634,456,449,568
523,646,646,448,441,566
513,645,646,448,453,561
524,652,638,454,448,568
526,635,650,455,442,562
522,651,647,446,441,569
513,652,637,450,452,568
519,631,649,447,451,558
525,634,650,454,444,560
524,636,650,454,446,562
513,651,643,449,454,562
525,647,649,446,452,566
527,638,641,447,449,565
522,635,652,452,449,559
522,650,637,453,450,572
521,652,647,442,448,569
522,650,653,441,453,566
515,653,634,454,450,569
523,654,650,441,447,569
513,648,642,450,454,565
524,637,651,448,447,558
525,644,647,453,443,568
513,654,637,450,453,566
521,635,649,450,450,558
528,646,644,446,453,566
523,651,650,441,450,568
523,649,647,452,443,569
516,650,637,452,451,571
526,649,636,455,451,570
515,643,648,451,454,561
527,634,647,454,444,562
527,648,638,454,450,570
521,647,652,442,454,567
526,643,645,455,442,568
513,653,636,451,452,566
524,647,646,449,453,567
525,648,652,441,455,566
523,651,648,445,443,570
526,645,645,452,452,569
518,650,636,452,450,570
515,647,643,450,456,563
526,641,644,452,442,566
529,646,641,452,452,570
523,650,651,439,453,567
527,645,641,450,454,568
521,635,652,450,452,558
522,642,645,457,441,566
522,647,647,440,446,570
523,647,649,440,457,562
526,627,646,452,445,558
521,647,647,445,445,571
526,651,635,451,454,568
514,643,647,449,456,562
518,651,636,451,451,568
523,646,640,453,451,570
526,644,649,440,453,566
513,651,634,451,452,568
526,647,649,449,448,567
519,651,635,453,452,569
524,642,647,443,448,571
526,641,647,452,442,564
517,636,651,451,454,560
518,635,649,450,456,560
514,650,644,448,454,564
528,640,646,452,441,567
526,646,651,440,456,566
514,646,642,450,455,564
521,634,650,450,451,560
527,635,649,454,443,564
517,651,633,451,452,572
524,633,651,452,451,560
514,647,643,449,454,564
519,635,650,449,450,559
525,645,652,448,454,566
522,650,647,441,448,570
525,647,650,441,454,567
524,647,651,441,452,568
525,646,650,441,455,570
524,641,645,449,442,570
527,643,649,446,453,564
522,649,634,453,452,570
526,648,638,450,451,561
518,642,642,446,457,560
522,650,635,454,451,570
524,648,646,452,441,568
528,641,643,447,444,563
523,650,650,440,453,566
522,649,645,441,448,570
521,651,647,441,448,570
526,646,645,447,444,570
521,633,650,453,453,559
516,644,643,448,455,562
521,634,649,452,452,559
528,633,646,453,444,562
521,635,650,451,452,560
519,635,649,452,454,560
520,645,650,441,455,565
527,636,647,452,443,564
527,645,645,447,454,568
527,639,646,451,441,565
516,638,647,449,455,560
525,648,650,439,451,568
526,631,647,454,446,561
526,634,649,452,449,559
524,649,644,441,444,570
516,643,642,446,454,563
530,643,647,448,453,568
526,639,644,453,452,571
526,643,640,450,453,568
515,641,643,447,454,567
523,644,647,448,454,568
528,633,648,451,457,567
528,645,645,443,454,567
518,649,635,452,451,569
518,635,648,449,457,559
516,650,636,452,454,572
525,650,650,441,455,567
526,647,638,454,451,570
527,646,650,440,455,567
527,643,645,448,453,567
526,645,648,446,455,566
520,647,632,452,452,571
514,643,639,449,456,563
517,647,634,453,452,568
514,643,641,450,456,562
525,642,644,450,442,570
529,633,645,455,444,567
527,647,650,441,457,568
528,645,637,453,450,569
526,646,649,440,453,567
524,634,644,447,450,558
523,648,648,438,451,569
528,643,650,444,455,567
524,646,636,454,451,570
527,632,648,454,446,561
526,631,649,455,447,561
523,650,644,444,447,569
527,645,651,447,454,567
527,645,641,449,453,568
523,648,646,443,448,568
528,633,646,453,444,564
521,648,635,453,452,571
525,645,646,445,443,571
524,646,641,444,441,567
515,650,633,455,452,570
527,639,644,450,442,569
516,650,635,450,455,568
526,645,644,446,450,568
527,634,646,456,442,563
518,635,648,450,452,568
524,632,647,451,451,560
523,649,642,437,449,567
527,643,646,449,455,568
521,648,634,454,451,570
515,635,644,449,456,562
527,644,649,441,456,565
527,629,648,453,449,560
525,647,650,438,452,567
526,645,637,451,451,569
524,630,648,451,452,560
526,646,645,448,444,570
530,643,644,449,453,568
529,644,644,448,453,568
518,637,646,449,457,562
523,648,646,444,447,571
524,636,645,454,443,567
521,631,649,450,450,559
521,648,633,451,451,570
530,643,642,449,452,569
529,635,644,454,444,565
526,645,645,447,444,571
515,641,643,450,456,562
524,631,648,454,449,560
526,639,644,453,444,567
525,631,648,453,450,562
521,633,649,452,455,560
516,649,636,449,455,566
524,648,646,442,449,569
523,632,647,453,449,560
525,630,649,454,449,561
524,648,649,443,453,569
520,646,633,452,450,570
514,648,635,450,454,568
525,646,636,453,451,571
520,646,633,453,451,571
528,640,644,452,442,570
528,645,638,451,451,570
522,639,643,449,442,569
515,649,635,451,455,569
529,630,647,458,447,563
528,643,641,449,453,569
524,643,640,450,453,569
526,644,649,440,456,567
520,648,632,452,451,570
523,633,647,452,451,560
529,643,644,439,457,564
515,640,642,449,460,562
520,635,647,450,455,559
523,646,631,452,450,571
529,644,636,452,450,569
532,647,635,454,451,571
521,643,644,444,454,566
526,644,644,448,444,571
526,646,649,437,454,567
527,642,648,443,449,567
529,643,646,447,454,568
528,630,641,454,440,563
517,638,643,448,457,561
518,646,644,455,448,568
529,630,646,454,443,563
525,643,643,445,444,572
513,637,639,449,454,563
513,647,633,452,454,571
520,647,631,452,450,572
531,640,643,447,454,569
524,645,646,443,448,570
516,635,644,445,455,559
531,625,645,453,445,566
524,641,647,435,449,569
517,643,642,447,455,564
525,643,647,435,455,568
526,642,632,452,451,572
527,637,639,450,452,568
526,636,635,453,451,569
530,635,642,449,453,569
526,636,643,448,444,571
518,634,640,449,455,563
522,633,648,444,456,567
527,637,649,442,454,566
518,641,631,453,452,570
520,639,648,439,454,568
523,638,632,452,454,570
524,638,650,440,455,568
524,639,649,442,454,569
529,630,645,452,442,569
527,630,644,451,443,566
526,637,649,440,454,567
516,633,648,449,456,562
526,632,641,446,444,570
527,638,638,455,453,571
516,632,645,450,442,567
529,635,648,453,456,561
529,635,647,446,457,568
522,635,644,440,451,568
525,623,648,452,450,560
526,638,643,452,444,570
516,641,635,452,454,569
526,626,648,453,448,560
525,640,643,449,441,570
519,631,646,450,455,561
520,632,643,447,455,559
527,638,649,441,456,568
526,634,644,451,443,569
531,640,638,451,452,571
526,637,649,447,454,570
524,642,644,445,445,571
529,633,645,454,442,566
525,644,647,442,452,569
515,643,636,452,454,569
515,636,644,452,461,562
526,639,650,443,456,567
520,642,633,453,451,570
519,644,633,451,451,568
526,628,646,454,447,562
522,627,647,454,450,561
527,635,644,454,444,568
514,640,649,455,456,572
515,634,645,451,456,562
519,629,648,453,452,560
523,644,649,440,454,569
515,645,634,453,455,568
518,635,644,451,455,562
528,642,633,454,453,570
523,645,648,441,454,569
524,644,645,442,450,570
524,644,647,440,449,569
527,638,639,453,453,569
523,639,632,453,452,570
526,645,647,441,452,568
523,643,648,442,450,570
527,641,645,443,448,571
528,637,644,452,444,569
527,639,648,447,455,568
525,643,649,442,454,567
529,643,632,451,452,568
528,628,647,455,444,567
523,628,648,451,454,559
518,634,643,450,457,563
525,645,648,442,454,569
529,627,646,454,447,565
525,628,649,453,449,560
526,639,644,446,449,572
515,646,635,450,456,568
523,643,633,456,453,570
524,642,644,444,445,572
524,638,644,440,450,567
525,642,637,454,452,571
517,640,642,449,456,566
527,634,644,452,442,567
514,640,641,451,455,565
521,646,631,453,453,571
522,630,648,453,453,560
515,644,636,446,456,564
517,639,642,450,456,564
522,639,633,451,449,573
529,637,644,448,445,570
529,637,635,454,454,570
527,635,643,448,444,566
526,636,644,451,443,569
529,630,644,457,443,565
528,644,635,456,451,573
526,639,643,446,457,571
530,640,637,452,454,570
517,646,635,452,453,569
522,631,646,450,453,561
517,634,638,451,455,564
516,639,641,449,456,565
522,638,643,448,443,570
523,642,638,455,452,572
518,638,640,448,457,563
524,644,648,439,453,570
519,645,632,452,453,569
515,635,644,450,458,564
526,626,648,453,451,559
520,644,628,453,452,572
516,637,643,450,458,564
529,640,642,447,456,569
527,643,635,453,448,571
518,642,640,450,456,567
515,631,645,450,452,561
517,640,638,450,456,565
527,621,647,456,451,560
526,640,638,452,452,571
528,634,644,452,443,569
528,628,645,453,458,565
525,642,634,454,451,571
518,646,635,452,455,568
529,627,641,453,442,566
528,642,635,453,452,572
518,630,646,451,456,562
518,641,640,448,452,565
529,625,648,455,448,565
528,640,648,441,456,567
528,642,636,454,451,571
525,644,648,440,450,570
527,642,644,444,446,571
514,635,645,450,456,560
529,640,650,441,456,567
525,643,633,456,452,572
530,638,651,447,455,568
529,640,648,447,455,568
527,642,650,441,456,567
531,628,644,455,446,565
529,619,645,454,445,565
517,638,640,451,456,564
526,643,643,436,455,567
516,646,634,450,457,569
524,638,646,447,456,567
518,639,640,451,457,562
529,637,642,448,445,570
529,638,644,448,458,568
526,645,646,446,447,570
530,638,642,449,445,569
523,628,647,451,456,560
527,627,646,453,451,562
528,634,651,448,456,568
528,624,648,453,449,561
524,638,645,445,448,571
528,643,644,444,448,571
520,634,643,449,458,563
531,637,644,449,455,569
526,625,647,453,455,560
525,644,645,440,451,572
523,627,647,455,450,561
525,638,644,446,446,572
525,644,645,442,450,570
527,642,634,455,453,570
525,641,646,444,449,569
527,635,643,449,444,572
525,644,648,440,452,570
527,626,646,453,449,562
530,635,644,454,442,569
530,642,646,439,457,567
528,643,634,454,452,571
517,644,634,451,454,570
516,641,640,450,457,564
529,640,641,450,452,568
527,641,638,453,453,571
516,627,647,451,454,557
530,638,642,447,455,569
530,639,639,449,455,568
518,634,643,450,457,561
511,644,642,449,457,563
528,633,642,449,443,569
532,628,645,454,445,565
516,646,635,446,452,570
523,643,647,453,456,564
525,642,647,443,450,570
512,638,640,449,460,562
525,626,651,453,453,561
517,638,643,451,457,562
525,645,645,444,451,571
519,634,647,449,456,562
521,643,633,454,452,570
526,640,635,453,453,571
525,626,648,452,456,560
523,621,643,446,455,565
529,641,635,455,453,571
526,643,648,441,453,570
526,643,647,440,451,568
529,641,635,450,453,569
528,639,646,445,457,568
528,633,644,455,444,568
519,633,642,449,457,563
527,636,643,450,443,569
527,644,646,442,448,572
529,633,642,452,445,570
527,639,648,442,457,567
525,643,643,446,444,572
528,636,644,450,436,569
517,642,630,454,453,572
517,636,643,446,458,560
528,637,643,449,444,571
526,643,647,440,453,570
527,641,635,453,452,571
516,642,637,452,457,566
519,634,645,449,457,558
522,645,633,452,453,572
516,644,634,450,458,568
527,636,638,445,443,567
526,643,629,451,453,569
529,634,643,451,444,569
518,627,647,451,453,562
529,641,647,456,451,561
522,638,642,450,444,572
528,641,649,441,457,569
529,642,649,440,457,569
530,630,644,454,443,567
531,639,641,449,453,568
528,639,635,451,452,571
527,633,643,455,444,568
524,643,646,443,450,570
529,627,644,455,445,569
524,643,631,451,454,561
527,642,636,455,451,572
529,642,646,438,458,567
525,636,633,456,453,572
524,643,632,454,454,573
532,637,643,449,455,571
521,644,631,452,452,572
523,629,646,452,456,559
527,640,652,442,456,568
516,644,638,451,455,565
532,636,642,451,455,570
528,639,648,443,457,569
521,632,646,451,455,562
526,644,645,443,452,570
522,643,632,454,454,572
527,626,649,454,456,561
523,630,642,440,453,565
525,643,631,455,452,572
519,644,633,452,455,570
528,626,646,455,445,566
528,640,645,447,446,572
515,638,639,450,456,567
528,643,633,454,451,572
518,636,635,446,457,565
530,640,636,452,453,574
529,642,650,439,456,568
528,624,647,454,449,562
520,644,646,443,449,572
525,639,644,447,447,571
528,629,646,454,445,567
525,643,648,442,452,570
528,633,648,444,459,568
525,644,645,441,450,571
519,635,642,449,456,564
519,633,646,452,458,562
520,633,646,449,458,560
532,626,646,458,445,566
527,639,637,451,452,572
526,643,648,440,455,567
530,638,648,443,457,567
530,639,649,443,456,569
518,638,640,446,457,560
526,644,646,443,451,569
530,627,647,455,448,564
528,626,647,454,450,562
527,641,649,440,456,568
527,643,646,443,451,570
530,637,638,451,454,570
516,642,635,451,457,568
528,643,649,441,455,569
530,628,648,454,448,565
528,638,645,448,443,571
530,620,647,449,444,565
529,640,650,442,457,569
521,644,632,453,453,571
529,640,644,445,444,572
524,642,632,454,451,571
513,633,644,449,455,560
529,633,643,452,445,568
529,641,649,443,457,569
519,634,643,450,458,563
520,638,631,451,454,571
525,635,647,444,450,570
530,638,639,450,454,570
527,643,646,440,453,571
523,643,646,440,450,571
531,626,645,455,448,564
529,640,646,446,455,569
526,641,645,444,450,570
523,627,649,455,450,559
525,644,647,441,454,571
519,645,632,453,454,572
525,643,645,446,449,572
528,639,635,453,452,573
530,642,634,456,452,572
530,627,646,457,446,563
526,644,646,444,450,572
525,644,647,440,452,571
528,641,635,454,454,571
528,639,645,448,446,571
531,642,643,439,451,563
530,642,634,453,451,571
516,639,641,449,459,565
528,640,646,446,449,571
526,638,640,451,456,571
531,633,644,449,443,568
529,632,645,453,445,567
526,633,634,451,449,571
526,644,648,439,453,570
527,634,642,450,443,572
523,623,638,451,445,571
522,629,647,455,455,560
529,635,642,450,443,570
517,638,638,452,458,568
523,627,649,448,451,562
527,642,647,441,454,569
529,639,648,442,457,567
523,644,633,456,448,570
527,641,650,441,456,567
529,638,643,451,455,570
517,645,631,452,455,568
528,640,648,441,457,570
523,622,645,450,453,560
528,626,647,454,449,562
529,639,651,444,457,569
525,626,647,453,449,561
518,639,642,449,456,564
529,626,648,455,447,564
519,644,638,450,457,568
529,628,645,454,447,566
527,639,646,445,458,569
526,637,642,447,455,569
524,642,647,439,455,570
531,641,635,453,453,572
518,642,638,448,456,565
529,640,640,444,457,566
524,628,648,448,453,561
516,644,636,450,455,568
533,639,637,453,453,571
518,639,641,450,457,564
518,644,640,451,456,570
526,642,646,440,455,569
524,640,643,444,449,572
526,627,648,453,450,561
531,634,643,457,445,569
524,641,646,444,451,572
517,637,635,451,456,564
523,649,632,454,453,574
525,631,644,455,444,568
531,640,639,452,454,572
528,640,639,452,454,570
525,625,650,454,453,562
526,644,632,454,451,573
529,631,641,451,443,570
518,636,643,449,457,565
526,630,647,452,452,562
519,635,638,450,458,563
525,642,632,455,454,572
518,633,644,452,458,561
530,638,647,450,450,566
517,639,648,442,449,561
529,633,642,451,445,568
530,639,635,454,452,571
527,641,643,451,446,572
522,629,648,451,457,562
532,640,639,452,453,570
526,625,649,453,449,562
528,643,647,440,455,570
529,638,635,453,453,571
522,644,629,450,454,569
525,643,646,442,451,571
525,626,646,454,450,561
532,640,641,452,451,571
531,626,646,455,449,565
517,644,634,453,455,571
527,641,643,447,446,573
526,643,645,441,451,572
527,639,647,439,458,567
527,643,633,454,454,569
519,644,632,453,455,570
530,637,639,449,455,569
518,640,636,449,456,568
529,639,638,451,452,571
531,635,644,456,444,567
530,637,644,450,445,571
530,624,648,453,452,563
530,626,646,454,448,565
517,631,636,448,454,563
524,630,647,451,458,561
519,636,641,450,454,566
529,641,637,453,453,572
531,640,636,453,453,572
530,628,645,455,447,564
529,628,643,453,445,566
531,639,649,446,458,570
530,637,641,450,455,570
519,645,633,454,458,570
526,642,644,447,448,572
526,628,648,453,456,561
525,629,646,452,457,561
520,646,633,452,454,570
529,627,647,451,456,562
529,635,642,450,444,568
527,637,643,446,440,571
526,642,647,442,456,569
527,636,644,440,451,568
530,640,635,453,453,572
531,623,646,452,443,565
530,638,644,451,452,569
517,639,639,452,456,568
526,642,646,441,452,571
527,627,643,455,446,566
520,635,644,449,458,564
528,641,648,441,455,570
521,643,647,442,454,570
530,641,649,442,457,569
517,641,639,451,457,566
517,643,633,453,454,573
524,628,646,448,455,562
524,637,650,443,457,570
519,642,631,452,456,572
529,637,644,452,444,571
519,630,646,452,455,562
519,646,632,452,456,571
517,638,642,451,458,566
529,628,646,455,446,566
519,646,631,453,453,571
528,643,643,447,444,571
530,638,639,453,455,569
524,642,632,454,452,573
530,639,649,443,457,568
526,644,645,443,448,572
530,641,643,447,444,572
526,643,645,446,445,571
517,635,643,449,457,563
528,642,647,439,454,571
529,638,641,449,455,569
527,637,643,448,445,571
530,638,644,447,458,569
532,637,648,445,457,569
528,626,647,454,449,563
527,640,647,441,455,570
525,644,645,442,450,571
524,641,632,454,454,572
529,636,643,450,445,571
531,639,642,451,453,572
530,632,642,455,444,569
528,635,643,450,444,572
530,626,646,454,447,567
521,644,632,451,456,571
527,642,646,441,452,570
526,626,647,455,453,562
524,628,645,452,455,563
525,643,649,452,453,562
526,643,644,442,450,571
525,643,646,442,450,572
531,638,641,448,455,569
525,643,632,456,452,572
521,624,644,451,451,561
523,644,631,453,454,571
517,645,634,451,456,570
521,643,631,454,455,572
532,622,643,456,444,566
526,619,646,453,452,562
526,641,633,453,453,572
528,642,648,444,458,569
529,625,646,455,448,562
528,638,647,443,458,567
528,629,646,455,451,562
528,638,636,453,454,571
529,625,648,454,450,562
531,641,635,454,452,572
526,643,644,443,451,571
528,636,639,453,455,569
530,637,645,447,458,569
528,637,642,450,444,572
514,645,635,451,455,568
528,626,648,451,454,561
531,638,642,449,454,571
526,642,631,454,452,574
527,644,643,446,447,571
531,638,638,455,453,571
519,644,631,448,456,571
532,642,634,454,454,571
528,637,642,448,457,570
531,626,645,454,447,564
529,640,647,443,457,568
531,641,646,441,454,569
519,632,647,452,457,563
522,632,646,450,456,559
525,643,646,442,454,570
527,642,645,442,452,570
525,637,641,447,446,572
528,641,648,440,455,568
529,643,646,453,450,563
526,630,645,450,457,562
529,627,643,453,448,567
531,638,645,444,457,569
533,638,638,451,455,569
528,641,648,441,456,569
530,626,645,454,447,565
524,639,649,441,457,569
524,642,644,445,451,571
530,627,644,455,448,563
526,642,646,444,450,571
522,634,644,450,456,560
525,644,647,443,447,568
527,644,645,443,451,570
520,636,642,450,459,565
530,632,643,455,444,571
529,626,647,454,450,563
518,634,642,449,459,566
532,639,638,450,452,573
531,635,641,454,445,568
532,639,638,449,456,570
532,638,641,451,455,572
525,627,646,454,447,565
527,642,632,455,452,572
529,632,641,451,446,569
527,642,643,440,453,571
529,640,647,437,459,569
518,633,645,450,457,563
531,637,643,443,458,570
526,637,646,444,451,573
530,627,641,454,446,565
523,642,630,454,454,574
531,637,642,453,445,570
530,628,645,455,449,566
530,626,643,455,445,568
532,624,647,455,450,564
517,630,646,451,458,563
533,626,645,454,444,566
529,637,644,446,458,568
529,641,649,443,458,570
527,639,634,455,451,572
532,636,645,451,456,571
530,639,642,447,457,569
528,625,648,453,451,563
531,638,647,446,458,569
519,629,644,450,458,560
527,642,644,446,449,572
528,643,644,445,449,572
529,638,647,442,456,568
532,636,640,452,451,568
530,633,642,453,443,570
521,629,645,450,454,561
531,635,643,447,460,569
525,626,648,452,450,562
529,640,635,452,453,572
530,635,642,455,445,568
531,631,641,454,444,569
523,626,646,452,455,562
520,633,642,450,457,563
528,638,643,440,451,570
528,638,632,451,449,573
530,639,638,451,453,570
527,625,645,449,442,567
516,639,635,450,456,569
524,641,632,455,453,573
529,643,646,438,455,567
530,625,647,455,452,564
531,630,643,455,444,569
521,630,647,450,452,572
526,626,649,454,453,562
524,629,645,451,457,560
527,624,647,453,451,564
524,645,631,454,453,573
521,629,647,451,454,562
530,637,638,453,455,572
526,642,631,455,452,573
519,628,646,453,454,561
528,642,645,442,449,573
524,627,646,451,456,561
532,639,638,445,455,568
529,636,644,449,445,572
519,634,641,450,458,563
520,628,648,452,458,562
526,627,648,454,454,561
524,635,627,454,450,570
525,641,646,442,456,568
518,637,641,451,457,567
529,644,645,443,451,571
517,637,638,451,457,568
529,639,637,450,452,571
528,636,642,449,445,571
531,639,643,444,457,566
529,640,647,439,455,570
518,629,642,450,458,566
528,641,632,453,452,572
527,627,647,454,457,561
532,637,643,449,454,570
525,626,646,454,454,562
527,641,645,439,454,571
518,641,640,450,457,568
516,644,630,454,453,573
532,638,641,451,456,571
519,639,637,451,456,569
529,630,644,454,445,566
530,637,647,443,459,568
525,622,646,452,455,562
517,644,634,452,456,571
528,643,648,442,456,570
528,640,639,448,447,572
528,645,646,440,453,572
530,625,646,454,449,565
532,637,632,454,453,572
530,639,637,453,455,570
521,644,629,452,454,572
530,632,642,451,444,567
519,639,642,450,458,565
528,636,643,450,456,571
528,625,646,453,451,562
530,627,643,454,452,562
518,635,637,448,458,567
528,641,633,455,453,572
529,640,648,444,458,569
528,642,646,440,456,569
520,631,643,449,459,560
528,642,647,442,457,570
524,641,634,455,453,572
527,643,645,442,454,571
518,635,628,451,458,572
531,640,634,454,455,572
528,643,648,443,458,570
523,629,647,451,458,561
520,645,631,454,453,571
519,634,641,450,459,564
527,627,648,455,453,563
531,626,645,450,452,563
528,625,647,454,448,563
527,644,644,442,450,574
526,641,646,440,457,571
522,641,643,446,445,570
533,640,637,454,453,571
517,643,629,453,455,572
527,644,645,442,454,570
526,642,645,441,458,573
527,642,644,444,451,572
532,637,642,448,455,570
515,636,641,450,459,564
518,636,642,451,457,564
521,633,642,450,459,563
519,645,633,452,456,569
529,630,637,451,445,571
529,636,647,443,458,570
529,636,646,441,453,569
518,638,636,450,458,567
520,641,638,451,457,571
518,643,631,455,454,574
522,629,644,449,459,563
529,640,631,455,454,572
529,641,648,441,458,569
528,639,648,444,458,569
529,624,647,459,450,563
529,640,644,447,459,569
516,636,641,451,457,564
525,629,645,451,454,563
529,638,645,447,456,572
522,630,646,450,456,562
528,642,646,443,450,572
526,642,631,456,453,573
531,633,639,456,446,568
532,632,644,447,454,568
530,642,648,442,457,568
523,640,647,457,454,573
530,640,631,455,453,574
530,636,641,446,442,572
529,639,642,448,445,573
530,625,644,455,446,569
526,641,630,455,455,574
521,645,631,453,455,570
532,633,642,450,445,572
531,637,643,444,452,570
528,626,646,455,447,565
530,632,649,446,459,569
519,638,636,451,457,567
525,627,647,453,455,562
520,641,636,450,457,570
523,630,643,451,457,562
518,637,639,444,456,567
527,625,644,455,449,564
532,634,631,454,454,571
528,636,642,451,447,572
517,634,644,451,458,565
531,624,648,456,450,563
527,634,631,457,454,573
517,637,637,448,457,567
532,626,645,454,446,566
523,642,632,452,456,570
524,643,634,451,457,569
521,626,646,454,455,562
525,628,647,453,454,562
530,638,648,442,457,570
531,637,641,454,445,571
520,637,641,450,457,563
530,637,634,453,454,573
532,628,643,454,445,569
531,636,637,452,454,575
520,640,637,446,457,567
523,636,645,453,450,564
527,642,642,446,449,572
520,636,642,449,457,563
521,644,630,453,457,574
530,640,647,442,457,569
532,630,644,452,440,569
527,642,631,456,456,573
531,626,645,456,446,566
532,633,642,454,445,570
529,641,645,444,449,570
520,632,645,451,459,561
530,637,641,452,446,572
530,640,638,447,444,570
531,637,641,451,456,572
527,636,642,441,452,569
523,640,647,445,451,573
523,627,646,451,455,562
529,636,647,446,459,569
527,638,636,452,456,572
532,626,644,456,447,565
527,644,645,442,452,572
531,624,644,455,450,568
514,638,638,450,459,566
519,638,637,450,458,566
531,636,644,447,460,569
527,628,644,454,445,566
531,635,641,456,445,571
532,637,644,448,458,570
533,627,643,455,446,568
517,642,634,454,457,571
529,624,646,456,449,562
518,636,642,449,459,563
527,625,647,455,454,564
528,644,645,444,452,571
522,630,645,451,454,563
522,635,641,453,458,563
525,628,647,454,453,562
526,625,647,454,452,562
527,624,644,456,448,567
530,637,641,451,447,572
527,625,646,453,454,562
528,639,644,447,449,573
530,635,642,449,457,570
520,642,635,452,457,570
527,643,645,444,455,571
528,637,641,447,447,572
529,626,643,455,445,568
520,629,639,453,459,565
532,638,646,448,457,568
523,630,647,453,460,563
533,638,641,452,453,572
528,626,647,451,457,563
523,643,632,454,455,572
532,642,633,454,452,574
528,626,644,451,456,564
531,630,645,452,444,569
531,640,647,443,457,569
530,628,646,453,451,567
533,633,637,449,452,573
528,625,645,455,451,562
526,641,646,441,456,571
522,629,643,449,458,562
519,639,636,450,457,571
520,636,642,451,458,565
525,626,646,454,456,561
520,631,645,452,460,563
518,631,639,451,457,567
523,626,649,453,458,562
526,639,645,445,449,573
517,634,635,450,453,563
521,626,642,452,460,565
527,644,645,444,451,572
532,637,646,447,458,569
528,643,645,441,451,569
527,642,646,439,455,571
530,641,640,452,445,571
533,628,644,448,442,570
516,643,630,454,455,573
522,643,631,454,455,570
529,639,643,448,447,572
531,633,638,449,447,568
529,635,642,454,445,572
530,635,641,452,444,571
534,640,644,447,457,572
519,641,636,452,457,569
529,626,647,454,452,564
527,639,645,442,455,572
527,641,630,455,453,573
533,624,643,456,445,568
529,647,644,445,450,572
523,642,630,454,454,573
527,640,642,446,447,571
530,637,647,446,459,570
527,641,631,457,454,573
524,643,644,445,451,571
531,626,646,454,450,564
529,640,648,442,459,569
532,638,649,446,458,570
529,636,646,444,460,569
529,639,635,455,454,574
524,642,632,454,456,573
528,635,645,440,448,572
518,638,638,451,457,566
529,641,649,443,452,568
534,636,640,452,457,569
517,631,646,451,456,563
528,640,643,444,448,573
524,643,627,452,454,571
523,642,645,441,455,572
519,637,635,451,457,569
531,637,646,446,458,570
531,630,638,449,460,564
520,641,638,452,456,567
519,644,638,450,458,568
527,628,642,456,445,567
519,643,631,452,456,572
520,636,639,450,457,566
519,638,638,450,458,566
530,641,648,443,457,569
522,643,631,453,456,572
531,639,634,454,454,571
521,630,644,452,458,562
521,635,640,451,457,566
532,636,648,447,457,571
534,627,643,454,446,568
532,628,642,455,444,568
526,631,645,453,457,562
527,626,647,455,456,562
531,629,644,455,445,571
531,638,641,448,445,573
530,639,647,441,457,569
529,625,632,455,441,567
529,636,640,451,459,564
532,637,641,447,458,573
529,641,647,440,457,572
526,639,642,451,448,567
527,642,645,444,455,572
528,641,626,454,450,572
519,636,642,448,455,570
528,632,643,447,446,573
527,643,646,443,452,571
528,642,646,442,456,571
516,641,633,452,457,572
531,643,630,455,454,573
527,638,642,448,458,572
519,638,636,451,458,567
524,643,630,455,456,573
530,636,639,452,445,572
531,638,636,453,456,572
519,641,634,451,456,569
527,639,632,458,453,572
530,624,646,453,449,567
530,638,642,451,446,572
528,625,644,454,448,565
529,642,646,442,452,573
527,641,647,440,457,569
532,637,638,451,454,572
529,637,635,453,453,574
532,637,640,451,454,571
521,641,643,445,451,573
524,642,630,456,455,572
528,639,648,442,458,570
532,628,641,455,447,569
531,643,645,443,455,572
532,637,636,454,451,572
534,640,637,454,453,573
532,639,634,454,454,573
526,625,645,454,452,561
532,637,632,447,456,569
531,627,643,456,449,566
530,638,633,455,454,573
527,627,647,454,454,563
519,642,631,454,456,574
527,624,646,454,450,563
520,644,636,450,458,569
528,625,647,449,453,563
519,640,635,452,456,569
532,636,641,456,447,571
529,642,645,441,459,572
526,641,644,442,452,574
531,636,641,451,444,572
528,639,643,446,451,572
522,643,630,454,455,574
519,633,643,451,456,562
523,628,647,450,459,562
517,638,635,449,459,568
530,637,641,449,446,572
520,632,644,450,458,563
532,627,646,456,452,564
527,638,633,454,454,572
527,643,630,454,453,573
532,638,633,453,454,573
525,641,629,453,457,574
520,636,638,450,458,567
529,643,646,441,457,570
532,637,643,448,457,570
532,637,644,447,458,569
530,637,646,452,447,573
529,635,628,452,452,571
522,642,632,453,456,575
532,640,633,455,456,574
530,637,643,450,440,573
520,640,637,451,457,570
533,637,634,455,455,572
521,637,640,451,458,566
530,624,645,454,451,563
527,641,649,443,457,571
532,628,643,455,444,568
519,638,639,452,457,568
525,630,645,453,458,564
528,638,641,449,448,573
532,631,639,451,446,572
529,641,648,442,459,572
520,643,631,453,456,571
521,640,643,444,452,574
524,625,645,453,452,564
526,641,629,454,455,574
531,631,641,452,446,572
522,644,632,454,455,573
531,636,644,449,457,571
527,638,641,449,457,571
529,635,646,441,455,570
521,636,640,451,457,564
524,627,645,456,455,561
524,627,646,452,456,562
522,630,643,455,446,570
521,625,641,451,457,564
531,626,644,456,452,567
531,640,630,456,453,574
524,643,630,453,454,574
524,641,630,453,456,573
521,625,646,456,449,565
531,636,637,452,455,571
528,634,643,452,446,570
534,643,643,441,451,571
521,643,631,454,455,573
527,642,646,442,455,572
524,627,646,452,458,563
532,627,644,455,446,571
518,626,641,453,456,560
532,637,633,453,454,574
524,627,646,455,457,562
528,640,646,442,459,569
526,642,645,442,452,574
531,624,645,454,450,563
528,642,641,444,452,572
532,633,642,450,446,573
530,639,630,451,455,570
527,641,631,457,455,575
524,643,635,451,460,569
517,632,643,451,459,565
529,640,647,441,459,571
527,642,641,446,450,573
520,639,641,449,457,573
523,642,631,453,456,570
524,626,644,454,454,563
532,632,642,454,445,571
518,639,639,451,458,564
528,626,647,453,457,564
522,636,645,445,458,572
522,642,632,453,455,572
529,638,646,441,458,571
521,628,643,452,461,562
528,635,642,439,460,568
531,631,641,453,447,572
530,638,643,448,449,574
519,627,643,453,458,562
532,627,641,456,445,570
531,632,638,451,457,567
529,621,644,456,448,568
519,636,639,450,457,570
533,637,630,454,455,572
528,620,645,453,456,561
521,635,631,452,455,574
528,635,644,449,450,573
534,630,641,450,456,571
518,622,645,451,456,563
521,622,642,451,458,565
532,630,642,451,455,571
520,630,632,455,454,574
519,631,639,450,458,569
529,621,643,443,456,569
526,634,630,455,456,576
519,629,645,443,453,571
527,614,648,455,453,563
533,632,630,456,455,573
530,621,641,456,446,569
534,615,643,456,446,567
521,635,630,455,458,574
531,627,636,450,456,571
519,627,638,450,457,567
524,630,632,454,455,573
527,631,630,452,456,571
520,632,630,454,455,574
533,630,629,455,455,571
532,620,641,458,446,571
533,622,642,456,446,571
532,621,641,451,446,571
530,614,646,458,452,565
535,626,635,453,454,574
532,626,646,443,458,570
529,627,647,443,458,570
531,630,644,444,453,572
531,622,639,452,446,573
530,627,647,441,458,571
533,614,645,454,447,568
527,624,646,442,459,571
529,623,641,454,446,568
529,607,644,453,454,563
527,624,640,447,447,573
530,616,641,452,460,564
528,624,646,454,458,563
531,626,643,444,451,574
519,609,632,453,452,570
515,617,636,453,460,567
527,622,644,444,445,572
531,622,637,453,454,573
531,622,641,448,448,575
531,620,646,448,459,572
529,622,629,456,456,574
533,608,642,457,446,569
529,620,634,454,456,572
532,621,630,454,455,573
534,617,637,454,455,572
519,618,639,450,458,566
521,618,640,450,459,567
530,619,634,452,457,572
532,605,644,456,447,568
533,621,632,457,456,573
529,619,646,441,457,571
529,606,648,456,454,564
518,623,632,453,457,571
527,621,644,443,458,572
521,609,643,452,457,564
519,610,642,456,445,572
528,616,642,446,442,572
523,609,641,447,458,560
531,617,643,451,458,571
527,605,647,457,452,564
530,615,641,453,447,574
526,605,646,454,453,564
522,617,640,449,449,574
532,616,647,449,457,571
529,616,639,451,446,573
532,610,644,445,454,575
528,619,632,454,454,574
532,607,642,454,448,569
524,607,643,451,460,564
522,622,643,443,453,575
528,617,646,443,458,569
527,621,643,443,453,572
519,619,637,451,457,568
519,620,638,452,460,566
522,605,640,453,457,563
531,612,631,454,455,574
529,604,637,448,446,571
523,619,629,455,455,575
532,621,643,443,452,571
529,617,643,448,447,574
519,620,644,453,454,562
531,609,641,455,445,570
520,609,641,454,446,570
526,619,629,454,454,574
532,622,642,454,458,564
528,619,628,455,455,573
532,602,643,456,447,568
525,614,640,446,460,570
530,617,641,447,448,574
532,607,641,452,456,572
530,615,645,444,459,569
532,606,639,456,446,571
532,606,643,450,445,573
523,620,628,451,456,570
532,613,643,449,457,571
525,603,646,455,454,563
533,622,632,452,457,572
525,604,641,453,453,560
530,617,645,455,452,565
529,618,646,441,458,570
526,603,646,452,458,563
531,614,648,443,460,571
532,603,643,455,447,570
526,598,643,457,456,562
533,616,635,447,456,571
522,609,643,452,456,563
531,619,640,448,458,570
519,616,635,451,460,569
525,604,644,450,457,563
530,616,636,454,456,573
531,611,641,451,457,570
520,618,631,454,456,571
530,618,645,442,459,570
531,601,643,452,445,567
520,604,646,452,455,561
534,610,641,455,446,570
531,602,641,454,448,568
529,615,638,451,457,572
523,618,645,443,455,571
528,619,646,441,455,571
523,614,642,446,451,573
532,613,638,450,456,572
530,618,645,442,457,570
529,617,642,444,453,571
525,603,644,455,455,563
527,604,646,454,456,562
521,609,642,452,459,564
533,607,642,453,445,570
532,614,643,448,457,570
527,602,646,454,453,564
533,604,641,457,445,568
529,605,639,457,448,569
526,603,644,454,456,564
522,620,629,455,456,575
534,602,644,455,451,564
531,612,637,452,459,571
526,619,643,445,453,573
528,614,640,450,448,574
529,616,647,442,458,569
524,618,638,449,458,570
534,617,633,453,454,573
532,615,644,444,460,574
529,616,644,442,454,572
527,618,642,442,452,573
522,614,639,452,459,566
522,619,630,454,455,574
532,603,645,457,453,563
534,604,642,455,447,568
530,615,644,443,451,573
520,610,640,451,461,564
527,602,644,456,456,567
529,603,645,455,453,565
521,619,631,451,457,572
530,600,630,448,457,570
524,610,643,451,460,563
528,619,641,444,452,574
532,616,639,448,447,573
535,614,637,454,456,572
518,616,637,442,448,571
533,613,645,455,452,564
528,620,640,439,453,572
530,617,646,441,456,570
529,603,643,454,457,563
521,609,643,451,459,564
530,620,643,443,452,571
528,604,644,447,459,565
526,615,640,453,447,569
531,615,642,448,448,574
533,609,644,454,457,564
534,604,640,456,447,568
533,604,641,454,447,567
528,618,631,454,454,573
533,609,639,456,447,570
533,612,639,446,448,574
529,612,639,445,454,573
528,620,640,448,449,573
529,619,646,440,452,572
532,615,641,456,451,564
530,614,642,443,459,572
534,615,641,449,461,569
529,619,640,447,452,574
529,619,647,444,450,571
532,615,639,449,457,570
527,604,641,454,460,563
532,616,645,446,460,570
527,603,644,454,458,563
527,618,626,452,456,572
520,620,644,454,459,564
532,615,638,451,447,573
524,604,642,451,459,565
532,600,629,457,456,574
521,613,639,452,460,566
522,617,632,454,458,569
526,619,627,453,458,573
533,617,644,449,459,572
531,611,632,457,455,573
521,611,643,453,458,564
534,614,635,452,457,572
526,618,628,453,457,572
525,618,639,456,446,570
522,619,632,452,457,570
530,605,644,455,451,562
533,616,635,451,460,567
520,615,629,453,458,574
532,613,638,452,446,572
532,617,644,442,460,571
523,609,640,450,459,565
527,618,632,455,455,575
534,613,634,450,447,568
529,616,637,447,448,574
533,614,636,449,459,571
528,614,641,448,451,569
527,603,643,453,456,564
534,608,641,455,451,564
533,616,638,451,448,573
531,617,643,444,459,571
529,604,641,444,451,573
535,609,643,445,461,571
533,616,639,448,447,575
532,601,638,448,449,574
524,620,641,457,453,566
530,618,638,444,454,574
533,611,637,455,445,571
523,613,626,457,457,573
532,617,643,442,455,573
533,616,632,455,458,573
529,602,643,454,453,563
530,619,642,444,454,573
532,601,641,457,450,567
530,613,639,448,447,574
531,602,639,452,449,573
534,613,639,445,459,570
535,603,640,455,448,566
526,620,628,456,454,575
530,616,640,451,458,570
529,602,643,454,460,563
530,616,637,445,461,569
535,613,626,455,457,574
531,620,642,441,456,572
525,606,639,451,460,564
529,602,627,455,454,576
532,601,643,456,452,564
521,617,639,456,455,575
531,617,639,446,451,574
531,614,639,449,451,574
526,603,642,455,456,564
533,614,645,451,460,569
532,618,637,449,458,572
526,619,644,455,454,564
534,613,643,444,461,570
525,621,636,453,460,570
534,604,636,455,446,572
533,612,637,450,447,573
532,612,634,453,456,574
525,606,642,452,461,564
534,614,635,453,455,572
531,601,644,457,452,564
535,614,643,454,455,561
530,615,638,449,448,575
528,619,644,455,457,563
533,613,638,453,446,573
535,615,638,447,458,572
531,616,632,457,455,575
534,604,641,457,449,568
535,611,638,455,447,565
531,619,629,454,459,572
523,620,640,455,450,565
531,618,633,452,458,569
529,617,639,448,454,574
530,603,644,454,458,563
531,618,640,457,449,567
535,615,644,448,459,570
532,602,639,456,446,571
533,615,643,455,457,563
529,619,631,446,461,571
523,618,634,451,458,568
532,608,644,446,459,571
524,609,643,444,459,570
522,612,644,457,456,574
521,614,643,452,446,571
531,615,638,453,448,574
536,615,633,448,457,571
525,616,640,454,447,565
525,607,639,453,460,565
534,615,644,447,461,571
526,621,626,455,456,575
533,617,643,444,462,570
534,603,640,456,447,569
536,616,635,451,458,572
532,620,633,451,448,573
534,614,641,457,447,568
534,605,638,448,448,575
534,615,628,441,455,572
522,616,641,452,461,565
531,616,640,445,445,574
533,614,637,454,456,572
525,620,630,453,457,572
531,622,638,442,457,572
520,619,628,451,457,573
521,615,631,455,460,569
524,618,640,446,452,573
534,611,637,458,447,570
534,616,635,451,456,572
529,618,644,442,459,571
522,619,630,454,459,570
535,615,644,454,456,564
530,613,642,443,460,571
534,615,640,449,459,571
528,602,641,443,452,573
533,612,638,453,446,573
535,603,639,457,449,567
534,617,628,456,460,575
535,615,633,455,457,573
532,617,638,448,456,572
527,605,637,451,447,574
533,615,639,456,455,575
535,615,627,442,456,572
534,602,644,455,452,566
523,620,628,456,460,573
521,622,626,450,460,570
533,614,637,459,447,571
528,601,641,455,455,565
533,603,640,456,447,570
531,619,638,451,457,570
532,619,640,447,450,575
523,606,641,454,458,566
532,614,641,452,460,564
528,603,643,454,458,563
521,620,642,451,462,564
529,620,641,443,458,574
529,620,640,443,459,571
523,610,634,452,460,565
523,620,626,453,457,572
522,619,627,445,452,574
535,612,638,451,449,574
531,618,634,448,458,571
534,615,635,453,460,568
524,619,627,445,451,573
534,601,636,453,462,566
532,615,644,451,460,571
530,618,629,454,455,574
529,603,643,454,458,563
523,616,633,452,460,569
523,609,638,452,460,564
532,605,644,455,453,565
520,616,634,452,459,570
533,610,643,450,459,572
530,620,639,455,455,576
529,619,632,451,445,571
530,620,643,444,455,573
532,616,634,441,461,568
534,605,642,454,447,571
532,618,639,448,451,574
530,617,632,443,455,572
531,619,644,442,454,573
535,608,639,453,447,573
533,611,634,443,455,573
531,619,644,443,456,572
521,615,634,458,448,568
529,613,638,450,446,575
523,619,637,454,457,565
524,608,628,455,455,563
525,608,641,446,460,571
521,618,640,453,460,566
532,615,637,454,447,574
526,620,627,449,460,572
530,619,643,452,457,573
532,616,641,451,457,573
533,608,639,452,458,569
529,617,644,453,457,572
520,619,631,452,459,570
532,616,643,449,460,571
521,620,628,456,455,562
531,617,639,443,456,574
534,609,636,453,451,574
534,603,642,455,453,564
532,615,641,456,455,575
521,613,639,452,460,565
522,611,639,452,461,565
533,603,643,457,451,568
531,616,643,455,456,575
521,616,633,451,460,569
527,618,639,444,445,575
536,605,640,457,449,568
531,619,639,445,451,575
533,610,641,446,458,571
535,617,644,443,460,570
530,620,643,444,459,572
533,610,631,443,460,574
535,613,638,453,446,573
526,606,643,453,449,565
530,619,638,457,449,570
527,605,635,458,446,570
523,612,636,447,457,566
534,607,636,457,446,572
528,619,639,442,459,572
534,606,636,453,447,573
530,619,641,447,460,571
529,620,641,453,460,573
521,617,634,454,460,568
536,601,638,457,445,570
522,617,637,451,462,567
528,603,641,455,449,568
531,620,639,444,454,573
530,618,639,448,449,574
530,617,639,452,461,566
534,610,640,456,461,568
533,612,637,452,446,572
524,622,623,448,459,571
532,615,642,453,457,573
535,613,637,453,460,571
534,613,636,450,449,574
532,616,643,447,459,572
521,614,634,450,453,566
531,617,637,456,450,569
535,601,642,458,452,567
527,605,641,456,452,565
531,618,639,449,449,575
533,620,640,445,452,573
529,620,640,456,456,573
534,614,637,452,459,573
524,607,641,453,462,565
521,615,641,452,458,563
533,617,643,447,456,574
534,609,637,443,458,572
522,620,641,449,457,564
533,604,642,458,449,568
534,612,637,451,447,572
521,614,634,455,456,574
536,616,637,447,459,573
531,617,649,454,457,573
538,617,630,456,456,575
535,617,631,456,457,573
533,615,632,454,443,571
530,620,642,443,455,573
534,603,639,456,454,574
534,618,627,445,460,570
534,611,631,454,456,575
534,616,630,453,449,572
531,602,640,457,449,568
533,613,639,451,447,572
526,604,640,453,460,564
531,617,638,446,447,573
534,611,637,454,461,562
523,604,637,450,460,564
527,613,643,448,459,568
533,615,641,455,461,569
535,617,631,449,448,575
534,616,632,454,457,572
534,615,641,451,461,566
535,604,639,449,459,564
534,621,639,457,457,573
524,620,627,456,458,574
536,611,638,456,447,571
532,610,636,454,448,570
529,620,626,456,447,571
520,621,626,458,459,573
535,617,632,453,458,573
534,617,628,456,448,567
535,615,640,450,458,572
532,618,639,443,457,572
536,615,640,449,460,572
535,615,643,457,457,573
522,618,627,456,457,575
533,601,643,456,454,566
533,616,644,441,457,572
535,596,636,455,447,571
537,618,628,456,457,574
525,621,631,457,456,575
525,621,626,455,451,563
532,618,642,443,459,570
537,615,635,453,456,573
521,612,632,453,459,572
533,617,629,455,455,575
534,603,642,455,459,564
521,614,633,452,462,568
534,616,640,449,458,574
528,620,633,452,460,572
531,620,638,448,452,575
535,615,626,457,455,565
534,610,639,452,446,571
522,617,627,450,454,573
531,618,639,455,447,571
536,618,641,444,460,569
528,613,627,457,456,576
533,618,633,454,456,574
534,604,639,457,451,567
534,615,639,444,457,571
531,618,640,455,449,574
534,612,638,454,455,563
528,601,643,453,458,563
533,607,640,455,456,563
535,618,644,444,461,570
529,602,641,439,455,564
525,608,641,457,448,569
534,613,635,455,448,575
536,605,637,458,448,570
534,616,631,454,458,572
535,617,629,452,457,574
535,603,639,451,447,574
533,615,638,457,461,572
531,619,640,452,452,574
531,618,642,455,456,575
524,614,634,450,460,568
522,620,632,453,457,572
530,620,627,443,459,571
531,605,643,455,455,565
532,614,627,452,457,573
533,617,629,455,457,576
533,618,642,441,458,571
534,615,637,452,448,574
529,621,638,446,452,573
523,616,632,444,448,572
530,619,638,447,449,576
530,603,642,454,454,564
522,615,633,454,458,573
535,603,640,452,451,573
523,623,630,451,459,569
534,614,638,454,446,574
523,621,630,451,459,572
535,603,642,452,461,566
528,617,629,458,455,574
534,605,640,458,450,569
534,615,635,452,452,575
534,603,641,458,452,571
523,618,638,449,448,574
533,609,637,455,448,571
532,617,627,452,457,571
530,619,642,445,454,573
523,619,627,454,460,565
534,616,642,452,453,574
533,617,634,452,447,577
524,620,627,451,457,577
536,604,641,452,449,571
523,620,637,454,449,564
536,615,644,450,451,569
530,617,626,458,457,575
521,620,628,453,458,572
531,619,642,450,453,573
531,604,640,444,453,574
531,616,641,445,454,573
534,616,632,453,458,573
537,620,640,444,456,573
535,615,641,457,456,572
530,621,642,451,459,574
535,617,629,457,456,575
534,615,638,455,457,565
525,618,628,456,456,575
536,614,640,456,458,571
535,618,643,442,461,568
533,619,639,454,460,567
531,617,628,457,456,573
535,611,637,452,443,571
530,619,636,451,461,571
533,621,639,445,455,575
535,616,634,460,460,572
534,615,644,456,448,575
533,614,638,457,447,569
534,617,629,456,447,571
535,614,635,452,460,573
528,605,627,456,451,575
536,613,636,450,460,573
536,614,635,449,458,571
527,621,626,455,457,573
532,615,638,452,452,575
530,621,642,444,460,571
531,603,642,455,460,571
528,620,626,453,460,566
524,608,641,454,461,563
520,622,634,454,458,571
532,617,643,451,457,564
532,622,641,447,451,574
528,620,627,455,454,565
532,620,642,443,452,566
533,616,643,443,447,571
536,603,639,453,460,564
531,618,642,441,457,572
535,615,639,449,458,572
529,618,627,454,458,572
522,622,627,454,459,573
530,614,637,452,460,565
524,604,627,455,456,576
532,617,633,451,448,577
534,613,627,454,460,573
534,617,643,443,461,570
527,620,641,452,448,571
521,614,634,454,458,573
535,612,636,451,459,572
524,619,627,453,448,573
523,616,633,454,460,568
534,616,632,454,457,575
536,611,634,453,447,572
533,603,643,443,456,564
527,621,626,458,456,576
527,618,626,455,456,565
530,606,641,454,462,572
526,609,640,452,460,567
529,618,627,458,461,571
533,616,642,444,459,571
533,611,639,451,461,566
523,621,628,455,458,572
531,619,640,444,453,575
523,620,626,456,459,572
529,615,636,454,459,572
537,616,632,455,458,574
533,612,637,457,460,572
533,602,641,455,459,572
520,621,626,455,457,574
531,603,641,459,452,567
534,620,636,444,447,572
523,615,638,452,450,574
527,618,627,457,456,575
531,618,626,456,457,575
534,620,636,453,460,566
523,612,641,443,463,571
523,623,634,454,460,572
532,613,638,444,448,573
531,619,640,445,454,573
536,615,641,445,455,573
534,597,634,454,456,573
535,616,633,453,455,574
536,616,640,445,453,574
533,618,645,446,461,572
523,613,637,450,458,574
533,619,643,442,460,571
531,603,643,454,458,565
535,602,641,455,459,564
532,620,640,444,461,567
524,605,641,442,457,573
529,617,632,452,461,564
520,617,633,454,454,564
536,617,637,451,448,571
534,621,627,455,460,573
535,619,643,443,460,572
534,609,640,449,459,571
527,618,643,459,453,565
527,609,641,452,461,576
536,610,627,461,457,575
523,622,629,450,454,575
529,605,640,444,451,574
533,616,636,448,458,572
521,622,634,452,462,570
531,620,638,449,448,575
534,613,626,455,457,573
526,606,642,453,460,571
535,615,638,447,456,565
530,621,644,443,463,572
536,617,642,453,458,566
535,604,640,456,453,571
524,610,638,454,460,571
524,619,625,458,456,575
532,619,641,444,461,573
530,619,642,443,448,572
533,616,641,446,457,571
532,622,640,458,448,570
536,617,629,457,456,574
534,605,643,444,460,572
533,603,637,456,452,568
524,622,627,453,457,570
527,606,643,454,457,563
531,618,638,448,443,572
536,615,637,455,457,572
535,604,633,454,455,575
533,617,642,445,456,576
523,598,633,453,457,574
524,620,626,456,457,573
526,619,626,455,455,567
532,621,644,443,459,573
534,620,644,456,458,565
536,609,638,454,455,573
522,606,635,455,458,574
528,615,637,449,449,573
534,620,636,458,450,561
522,615,633,453,462,569
521,617,631,452,462,572
531,616,636,450,459,576
526,620,625,456,461,571
529,615,634,454,458,573
532,611,638,451,449,575
535,613,640,453,449,574
528,605,642,450,458,564
537,617,633,449,459,571
533,614,637,452,447,572
526,622,637,457,450,573
536,617,640,447,461,572
536,617,639,443,457,569
532,614,642,442,455,571
532,615,637,451,450,574
524,619,626,450,460,569
535,615,638,446,460,566
533,614,637,452,446,574
531,621,640,445,454,574
530,604,641,443,454,573
535,604,640,457,448,574
521,621,629,454,456,562
534,618,640,454,460,562
535,615,644,451,460,571
526,614,643,445,452,565
523,611,638,454,460,568
531,620,641,445,457,572
524,611,637,452,462,566
525,608,642,453,458,564
534,617,628,458,457,575
534,607,643,454,461,564
523,621,627,455,457,574
532,617,634,454,456,565
533,615,638,449,450,575
533,612,638,451,462,566
531,620,638,447,451,575
521,621,637,452,459,573
524,616,627,454,459,572
536,614,639,450,460,569
522,619,635,454,461,568
522,617,634,452,459,568
534,616,638,451,447,574
522,612,625,454,458,573
536,603,641,458,460,573
526,621,639,453,462,565
530,620,641,442,455,575
532,618,630,456,457,574
531,599,640,456,455,564
523,620,627,455,460,568
531,622,628,457,455,575
531,621,625,457,456,575
528,609,642,455,460,564
531,620,640,444,457,573
522,613,636,452,461,568
523,618,628,457,456,575
527,613,629,455,460,572
532,620,640,446,458,572
520,613,633,452,460,574
524,621,630,456,458,574
532,619,639,447,450,576
532,604,642,455,453,566
523,613,639,455,460,566
536,607,636,457,448,572
535,602,639,459,447,570
528,620,627,456,456,574
523,612,636,456,460,567
535,615,639,448,461,570
535,611,639,455,448,571
534,614,637,454,461,566
531,621,627,447,452,576
533,617,626,456,457,576
535,608,639,459,447,571
534,617,632,457,456,575
535,615,638,453,448,573
524,609,638,453,461,565
522,614,636,455,456,573
534,620,643,443,459,573
531,617,642,444,457,574
529,620,626,457,458,575
521,621,635,452,459,576
530,619,627,459,454,576
534,603,643,456,456,571
534,618,644,444,461,572
531,615,633,453,457,565
536,604,639,444,456,572
528,621,625,455,458,566
536,616,632,452,457,575
525,622,628,452,460,573
534,619,645,444,462,572
528,608,640,453,455,565
522,615,641,457,454,565
535,612,644,442,458,572
526,599,639,455,457,562
535,605,640,458,447,570
533,615,638,454,448,574
526,610,639,452,462,564
532,615,641,443,460,573
525,608,638,453,460,569
524,618,634,454,461,571
532,597,642,457,457,573
526,621,642,452,459,564
525,611,637,452,460,567
535,604,643,456,453,575
529,620,641,444,453,573
535,604,641,457,448,570
532,620,643,445,460,572
531,620,638,448,451,576
532,617,628,456,456,576
527,622,628,455,457,574
526,622,626,455,458,572
532,603,639,455,458,576
524,613,636,454,457,574
524,614,638,454,461,570
532,616,631,454,452,573
525,621,627,456,458,572
534,621,639,441,458,569
534,612,637,453,443,572
537,617,637,453,461,571
536,604,636,454,462,572
535,610,643,458,447,571
532,613,639,449,462,575
531,618,627,456,451,576
530,620,627,457,454,568
533,619,641,444,454,565
531,606,642,455,456,572
536,614,637,456,457,574
534,603,643,458,453,566
528,612,627,454,458,573
535,619,638,450,460,570
532,606,639,453,461,565
533,618,638,446,452,574
536,615,633,450,456,575
533,618,644,445,447,573
530,618,643,444,457,565
535,605,638,458,447,573
534,599,638,458,448,566
524,610,639,454,460,563
532,619,637,458,448,572
536,615,636,454,458,576
525,609,640,454,460,564
530,606,642,454,461,564
532,618,628,457,458,575
535,616,642,445,453,573
538,608,640,456,458,573
532,621,641,443,455,575
535,609,637,455,447,573
536,613,637,453,457,573
525,620,628,457,456,574
532,621,640,447,454,576
538,606,639,459,449,569
521,619,624,454,460,566
533,619,641,443,460,576
533,620,626,457,457,576
533,615,644,455,455,572
523,613,637,453,461,576
530,616,631,457,458,576
535,613,637,456,448,570
535,605,640,454,448,574
530,620,628,456,457,576
523,623,639,450,461,574
534,620,639,449,454,576
534,622,642,457,447,571
536,616,632,454,459,571
521,622,634,454,460,570
534,618,643,458,448,572
536,615,634,452,447,572
529,618,637,450,448,575
530,615,638,453,458,574
530,605,643,455,456,571
531,603,643,456,456,565
535,605,639,458,450,565
532,621,637,457,455,564
537,615,642,456,454,573
531,620,641,444,456,573
524,621,642,459,458,575
531,604,639,458,449,568
534,614,638,457,447,571
533,621,642,443,457,574
536,614,627,458,455,575
535,616,639,453,459,574
532,619,639,442,453,574
537,615,639,454,459,573
532,621,639,443,457,574
532,620,637,451,451,574
529,608,638,452,462,565
535,616,643,449,459,573
531,620,643,440,455,573
533,617,643,446,460,572
533,603,643,445,455,574
526,608,639,453,458,565
533,604,643,456,454,566
531,604,643,456,459,570
531,616,635,453,458,574
534,603,644,455,456,566
533,619,644,445,459,572
536,610,643,454,457,564
534,603,639,458,449,567
523,615,629,454,460,573
536,605,628,453,454,564
532,621,643,442,460,573
523,620,634,457,459,570
533,619,643,444,461,565
532,622,643,445,457,574
529,620,627,458,456,574
528,621,626,453,461,566
532,618,642,456,457,576
535,614,639,450,459,573
534,615,638,451,459,574
528,621,626,457,456,575
534,616,643,452,449,575
534,618,642,440,463,568
525,611,638,452,454,575
521,617,631,453,460,569
531,618,637,451,449,574
531,621,638,449,460,571
535,610,641,456,449,571
536,616,634,453,463,573
535,604,642,457,451,568
532,620,638,444,455,575
535,614,637,454,447,572
524,622,639,447,455,574
535,616,635,455,460,573
535,616,635,460,449,574
535,617,635,454,459,575
531,619,642,444,461,573
536,605,637,457,449,575
528,607,639,444,460,573
535,616,636,452,458,573
526,609,641,457,456,565
531,620,625,456,457,575
530,620,628,459,457,576
529,620,639,457,458,576
533,616,634,455,459,571
533,616,637,449,448,576
527,620,639,445,455,576
520,610,642,455,460,573
525,624,636,454,459,570
528,622,629,455,458,575
536,606,639,457,450,571
533,618,641,440,462,570
524,621,627,454,458,572
536,604,641,458,450,573
531,605,643,450,460,572
536,606,630,452,448,573
536,615,638,458,458,575
531,620,628,457,457,564
533,603,641,454,446,571
538,613,637,449,462,573
525,616,633,453,461,572
531,620,628,460,449,571
532,622,642,443,458,575
534,617,627,448,451,574
525,614,641,450,461,568
531,605,643,458,460,564
527,620,627,456,456,563
535,617,631,455,457,573
531,620,638,447,462,572
538,618,636,454,459,572
535,612,635,457,448,572
537,610,632,455,458,573
535,612,638,455,447,575
536,604,639,453,457,566
532,621,640,445,454,565
531,619,627,456,458,574
531,620,643,456,455,565
524,621,625,456,457,575
529,606,643,456,458,575
534,612,634,452,445,572
529,620,627,460,455,576
523,616,637,457,455,575
533,620,639,456,460,571
526,619,625,460,456,576
533,618,637,452,450,575
536,611,637,458,455,566
534,616,638,453,448,575
528,622,626,455,458,565
531,619,627,457,455,576
532,622,640,446,456,569
534,621,642,443,460,577
540,610,637,455,449,572
535,617,638,449,449,575
537,615,635,454,448,576
524,619,627,453,461,574
526,611,642,456,459,574
537,603,639,456,450,568
535,620,639,448,451,576
534,602,642,457,447,576
536,613,637,451,460,574
523,618,634,454,455,576
536,612,638,449,456,574
532,619,628,457,456,577
523,618,634,453,460,573
532,618,638,456,456,575
532,603,643,456,455,565
532,603,641,457,451,573
535,612,638,452,448,574
533,602,641,454,449,570
534,618,628,457,458,575
530,619,628,457,457,573
534,613,639,450,442,571
524,614,636,444,461,572
531,620,644,459,452,566
532,621,643,445,456,565
533,619,642,452,461,569
533,618,626,445,453,575
534,615,628,449,451,575
537,614,637,451,460,572
531,620,637,443,456,573
534,618,627,444,457,576
539,604,638,459,453,568
534,618,642,446,461,573
535,611,638,456,447,572
524,612,639,448,452,575
536,606,639,444,461,571
534,612,637,454,447,575
536,603,639,454,459,575
524,622,627,456,459,572
534,617,644,455,457,576
530,604,642,458,455,566
537,616,637,445,457,574
527,605,644,455,456,566
534,603,643,458,450,569
525,616,634,454,460,572
536,610,636,458,457,576
534,610,637,451,462,572
536,611,636,453,447,574
532,619,638,459,462,569
530,605,641,456,457,575
534,613,637,451,450,576
525,619,639,444,459,573
539,617,635,454,458,573
534,617,638,445,457,575
523,619,634,452,462,573
531,619,640,447,455,575
535,604,640,456,455,565
532,617,631,458,448,572
535,615,638,455,458,575
533,617,638,455,445,574
523,615,642,444,460,572
525,612,643,457,457,564
533,620,641,446,457,573
524,611,638,445,459,573
534,617,642,455,458,566
531,618,633,456,460,575
534,618,643,455,461,564
533,621,641,458,457,576
533,618,632,456,458,574
536,610,635,453,448,574
531,621,642,457,459,573
537,606,638,451,460,564
535,617,625,459,456,576
536,613,636,457,450,569
539,617,640,452,458,574
533,603,643,445,461,572
532,620,640,446,454,574
534,603,639,458,460,572
535,615,644,447,459,572
536,614,637,458,460,572
535,603,641,456,457,566
533,616,638,445,460,572
531,603,642,456,457,565
524,620,638,447,454,575
537,615,634,454,457,574
537,604,638,459,448,574
533,604,642,456,458,564
530,618,643,445,461,574
537,617,635,458,460,574
537,607,639,458,448,571
537,610,639,455,447,574
526,619,636,453,461,566
531,618,627,456,457,575
536,615,634,455,458,574
534,619,639,459,455,566
536,619,637,444,463,571
527,619,626,445,452,569
536,615,643,445,462,571
533,602,641,455,458,575
524,615,636,453,461,567
533,603,642,457,456,563
525,610,638,457,456,575
526,608,642,455,459,565
524,616,634,452,461,576
532,619,639,450,462,573
526,621,633,448,449,571
538,618,633,455,458,575
536,614,637,453,448,575
528,606,642,455,461,565
532,622,641,449,454,576
538,617,634,454,460,574
532,617,627,443,461,573
536,617,638,453,451,576
532,621,638,449,452,575
529,606,643,455,457,579
537,620,635,457,460,574
535,605,638,457,450,571
532,619,627,460,452,576
533,617,643,446,462,572
530,615,634,457,457,577
524,604,641,459,450,567
539,606,638,458,450,570
537,615,638,451,459,574
535,613,636,457,447,573
526,621,627,456,459,574
534,618,640,448,453,573
537,615,638,452,446,575
536,602,641,459,452,575
536,615,636,445,461,573
538,618,630,454,458,573
536,616,633,460,457,576
531,619,641,444,455,574
536,613,638,455,447,574
539,617,634,456,457,573
531,619,627,457,461,565
523,620,633,452,460,572
531,621,627,457,455,576
522,619,627,459,456,577
527,620,627,458,457,576
535,613,640,452,457,575
538,621,633,456,459,575
532,605,643,458,455,564
524,616,633,454,462,571
529,620,627,458,462,565
537,618,631,456,458,574
533,620,641,446,449,571
537,611,637,451,448,574
536,622,641,445,457,574
537,612,633,454,448,571
523,617,632,454,461,570
526,611,638,455,449,571
523,618,633,454,461,572
537,603,643,457,454,566
525,610,632,454,462,569
534,619,643,444,459,573
524,611,638,456,457,577
528,608,642,454,459,574
536,606,639,459,450,569
525,610,638,455,460,567
533,617,643,445,461,572
537,611,638,455,460,571
535,617,629,454,457,576
539,616,631,452,459,575
533,605,641,456,448,565
538,620,639,448,455,575
536,616,642,454,463,573
527,609,639,454,459,566
534,618,627,458,457,575
533,604,643,458,454,566
533,619,639,444,450,568
534,618,644,448,453,575
535,620,638,450,452,576
535,613,635,454,447,574
532,622,623,458,456,575
523,617,632,454,461,569
526,615,634,455,448,574
537,615,635,456,458,575
534,619,642,445,460,573
530,605,641,452,461,566
538,617,639,448,455,575
535,618,641,456,449,571
526,613,637,453,462,568
523,617,633,455,460,572
536,616,632,452,458,576
532,620,642,445,457,562
534,621,637,443,457,576
533,619,640,446,461,572
535,615,634,458,459,573
526,616,634,454,461,569
537,604,636,454,448,575
532,620,641,445,457,573
528,609,639,454,461,565
533,621,641,445,458,574
526,610,640,456,457,562
532,605,642,457,458,574
532,618,644,452,462,574
537,617,643,446,463,572
524,619,633,455,460,573
536,604,641,458,453,569
534,616,643,454,458,572
524,622,627,457,457,566
538,611,644,447,461,573
535,623,642,444,459,573
537,610,641,457,456,566
527,621,628,449,456,565
526,622,625,455,458,574
525,609,640,453,449,576
533,620,640,458,452,565
536,616,637,452,450,576
539,614,640,458,457,576
519,616,636,453,462,567
537,610,633,456,460,575
529,608,643,445,460,574
534,604,642,459,456,567
534,619,638,460,450,570
533,606,642,456,454,566
533,616,632,454,459,573
533,618,627,458,459,576
536,602,641,457,452,575
535,615,636,456,463,564
535,617,643,445,462,565
531,619,627,457,455,574
538,615,636,459,448,572
535,618,637,445,452,577
533,619,625,459,459,564
535,616,641,447,462,572
535,603,641,458,449,571
535,605,642,456,461,565
536,616,628,452,451,571
525,620,626,454,461,573
527,624,627,455,460,575
537,614,635,452,456,566
525,621,625,456,458,575
537,613,638,455,449,574
538,604,639,455,449,570
532,620,638,447,458,574
540,616,632,457,458,573
536,616,644,449,458,573
536,616,642,449,460,573
529,605,642,456,448,575
535,619,639,458,457,574
537,614,637,458,462,575
533,615,630,458,457,576
528,619,625,457,460,569
533,619,638,448,453,575
534,617,642,448,461,573
532,620,627,459,456,576
534,603,641,456,457,576
537,614,637,454,448,576
526,621,627,458,457,575
535,616,636,453,461,570
526,620,628,455,455,567
533,604,641,457,461,573
524,609,639,455,463,565
524,620,633,455,462,565
537,614,636,455,450,572
533,615,636,458,462,572
531,619,640,446,449,576
532,617,638,451,452,576
532,607,640,454,454,573
536,616,643,445,460,573
529,618,626,458,459,574
536,605,639,459,452,574
536,612,636,460,449,573
534,621,640,445,458,576
532,617,628,459,457,576
534,621,626,458,458,576
528,621,626,456,449,575
528,607,642,454,456,566
531,621,642,443,462,572
527,606,642,456,460,565
532,613,628,454,455,576
536,616,643,446,461,577
537,616,639,454,461,573
533,619,641,456,458,565
528,620,625,456,449,573
530,606,639,450,463,562
532,618,644,445,457,569
525,616,633,454,462,568
539,615,640,455,459,573
536,618,630,460,457,576
533,620,640,451,457,574
530,620,625,459,460,575
534,619,644,443,459,575
529,614,630,455,460,573
535,613,636,452,451,576
527,621,627,457,461,574
538,621,638,456,460,570
533,619,644,444,461,572
529,622,625,458,460,566
534,616,637,451,462,572
526,617,636,455,462,571
532,619,640,446,459,572
525,620,628,456,458,578
536,607,639,458,451,575
532,618,638,445,459,573
522,621,633,453,461,577
535,615,635,452,450,571
533,620,642,446,461,573
528,619,627,457,457,573
532,618,642,445,462,569
525,609,641,453,463,568
534,619,641,448,462,572
538,618,631,457,456,575
535,603,641,456,460,574
525,622,627,456,460,573
525,612,637,453,462,565
535,611,644,447,460,573
533,621,642,445,450,574
536,612,635,452,449,575
536,612,636,451,443,573
525,616,633,453,461,568
526,614,633,452,461,570
526,608,640,454,460,569
525,614,636,454,462,569
522,616,635,454,457,573
526,615,637,454,461,566
525,617,635,454,448,574
525,610,639,454,449,573
526,611,638,453,449,575
527,611,638,456,462,566
526,612,637,447,457,575
530,605,641,452,451,575
533,620,643,445,463,575
532,605,637,460,452,569
537,616,637,450,450,576
536,617,637,452,448,575
529,621,641,446,454,576
536,616,632,459,459,575
527,620,628,456,461,575
529,605,643,456,459,564
537,619,629,460,457,576
537,604,637,459,450,569
531,606,642,454,462,565
530,618,628,460,457,577
526,607,641,455,459,571
524,615,636,455,460,569
532,616,643,447,461,572
521,614,633,453,462,570
524,610,640,450,461,566
526,610,638,454,460,570
539,615,644,453,461,573
537,615,634,456,458,575
525,621,629,456,461,575
532,619,642,448,462,572
534,602,643,458,458,575
535,616,640,461,453,567
536,617,640,445,461,573
528,621,626,457,460,566
523,621,634,454,461,571
526,623,628,456,459,576
531,609,637,455,447,574
526,613,636,453,460,570
536,616,642,445,462,575
525,622,627,456,459,575
535,614,638,451,458,571
540,618,636,453,455,576
533,621,626,459,448,568
536,616,642,451,461,572
524,615,635,455,462,567
525,620,627,455,460,569
534,603,642,456,460,566
535,603,638,458,452,567
529,603,642,458,458,566
539,603,640,457,462,574
530,606,642,457,458,566
537,610,642,452,462,576
536,603,641,458,453,565
533,603,643,456,457,565
525,616,628,455,459,575
537,614,639,451,460,566
532,620,641,444,460,573
537,598,643,459,452,577
531,615,631,458,457,576
524,609,642,455,461,575
525,617,634,456,455,569
535,611,637,454,447,570
538,611,637,460,449,574
526,622,628,456,461,574
535,613,637,454,449,574
534,615,631,457,459,576
526,620,627,456,459,570
529,610,639,454,457,565
537,615,637,450,463,572
535,613,636,453,447,572
535,613,636,453,448,574
524,620,628,458,460,575
535,616,644,455,458,574
534,616,636,453,449,575
535,604,640,460,452,567
533,619,626,459,457,574
536,616,642,446,462,573
530,609,635,451,463,565
535,619,643,454,450,575
537,605,637,459,452,569
526,621,627,456,459,573
530,621,641,446,452,572
537,605,643,456,450,574
531,602,644,458,456,566
535,604,638,460,450,576
523,615,637,450,457,568
526,622,626,455,459,572
539,613,636,456,449,571
539,616,632,458,459,576
531,615,632,458,457,573
536,617,633,457,459,566
536,617,642,450,460,574
532,619,640,445,459,574
536,617,643,446,462,572
523,620,627,455,460,569
528,620,629,458,458,576
533,619,629,460,458,576
530,619,626,458,459,578
536,614,638,452,461,576
538,617,637,456,460,576
536,616,640,451,460,573
525,622,628,456,455,567
524,621,629,456,460,575
529,609,642,456,462,575
533,619,643,447,459,573
527,615,637,453,461,569
525,615,628,452,457,573
533,619,639,447,454,575
540,618,632,458,457,575
537,613,637,457,449,570
524,615,634,455,462,572
537,604,640,459,449,574
524,620,632,455,453,576
535,620,640,446,460,573
531,617,642,453,463,573
533,619,626,458,458,572
534,621,627,459,458,578
532,602,642,458,460,567
525,610,638,455,461,566
536,617,637,455,450,565
538,616,642,453,462,572
534,621,641,446,458,575
537,616,637,455,450,575
525,615,636,455,461,576
535,617,628,460,457,576
525,615,633,455,460,572
524,614,634,453,463,574
538,616,633,455,458,577
524,622,628,453,459,575
535,617,637,451,451,577
526,615,628,455,460,569
532,604,642,458,458,566
527,621,627,458,459,574
526,620,627,456,464,576
532,624,626,458,460,566
536,615,636,454,461,573
533,619,637,451,453,575
525,618,638,456,462,576
532,608,642,457,460,566
538,616,643,446,464,573
536,615,640,450,453,569
529,604,641,456,458,565
538,614,638,454,462,574
533,619,642,445,450,573
529,619,627,457,458,575
532,603,642,458,456,567
528,619,642,444,460,567
536,604,640,460,453,569
533,606,641,456,458,573
538,604,641,459,450,570
525,613,635,454,463,570
539,605,638,456,450,572
538,603,638,459,449,573
532,599,643,455,452,565
529,604,641,458,457,572
540,617,629,459,459,576
536,621,628,460,459,568
537,602,642,458,452,570
526,617,635,454,461,576
534,602,642,458,455,567
532,606,643,458,458,569
525,614,638,455,461,567
525,620,627,455,460,566
530,618,644,446,461,573
524,621,628,457,461,567
532,621,639,447,457,575
528,621,631,455,463,574
537,614,636,457,450,577
534,618,628,458,458,576
540,612,636,458,449,574
539,618,641,445,462,573
537,616,642,450,462,568
536,614,641,445,459,575
539,604,638,459,451,576
535,612,640,446,451,577
540,608,638,459,449,575
534,605,643,454,458,565
528,621,627,457,458,577
524,616,636,454,463,578
538,613,638,452,461,574
536,615,632,458,459,575
530,600,640,455,459,575
534,613,636,451,449,575
538,600,638,459,447,575
537,610,637,459,449,574
525,617,636,455,462,578
530,618,627,459,458,577
538,609,637,456,447,575
531,604,642,456,459,566
537,604,639,460,452,571
533,602,642,458,456,566
536,610,635,455,450,575
538,606,638,460,449,570
538,616,637,454,460,576
534,612,638,444,456,574
535,622,639,449,455,574
538,615,633,456,458,575
524,623,631,450,461,569
533,619,627,459,457,577
536,615,637,454,449,577
523,614,638,455,463,567
537,605,638,459,451,574
528,620,628,455,460,573
527,608,641,455,463,565
538,603,643,459,454,565
528,619,627,457,459,577
538,603,640,460,453,570
539,616,630,456,458,576
535,618,630,459,458,577
534,620,629,459,458,580
529,615,627,459,459,575
539,603,638,459,450,571
523,619,635,455,462,569
530,606,643,456,463,565
535,625,639,447,455,575
530,620,627,457,459,576
527,614,638,454,461,567
539,616,630,459,459,576
536,615,644,447,463,572
533,597,644,458,457,566
534,621,641,445,458,566
538,602,641,460,450,571
533,618,625,459,458,564
538,603,641,458,452,569
527,621,627,457,460,572
533,618,640,446,459,574
536,619,643,445,461,574
536,621,643,447,461,573
535,604,642,458,455,566
539,617,630,457,459,576
538,599,638,458,451,569
534,617,637,454,450,576
537,618,644,445,464,574
535,620,628,460,457,569
527,619,626,457,460,573
534,619,642,460,458,572
525,624,629,453,462,572
537,616,641,451,460,572
538,610,636,456,448,575
540,615,641,453,459,574
533,616,631,458,460,574
539,613,635,455,462,575
538,616,635,456,459,574
536,616,629,459,458,575
533,620,641,445,457,574
533,619,626,458,457,577
538,611,636,461,449,574
538,604,642,459,452,575
533,606,641,457,463,568
526,615,637,456,464,569
528,611,635,455,464,565
536,616,643,448,463,575
536,618,627,460,460,576
527,623,625,457,460,574
534,612,635,451,448,573
535,618,643,445,461,573
536,602,641,458,453,566
534,617,625,459,459,576
525,619,628,456,461,574
528,621,626,459,458,576
535,603,643,458,456,577
524,622,625,456,459,576
536,604,637,453,446,574
531,618,626,459,463,576
538,608,638,455,450,574
538,611,636,454,462,577
535,616,638,444,447,577
526,620,626,458,450,574
537,617,640,451,461,571
538,609,634,453,457,571
535,621,642,446,458,574
537,617,641,452,462,577
533,619,628,460,458,573
537,617,632,456,460,576
540,617,629,457,458,567
539,604,640,460,451,566
531,605,643,457,459,566
538,603,642,458,454,565
540,617,644,447,461,572
535,613,626,460,458,576
540,615,634,457,458,577
532,618,636,452,452,576
537,602,637,460,448,566
534,621,642,445,458,574
531,607,642,456,463,566
532,604,642,456,463,565
541,617,635,454,460,576
529,609,640,454,463,565
526,614,636,455,461,569
537,607,639,459,449,575
527,610,640,457,463,565
538,613,637,453,450,575
536,616,630,459,459,576
525,617,635,456,463,578
537,603,641,458,452,571
533,616,640,446,456,576
540,614,635,459,460,575
540,615,628,458,458,577
536,619,641,445,462,573
539,616,640,449,462,573
535,621,636,443,458,572
537,618,642,448,463,574
532,596,638,456,458,576
533,616,630,459,458,576
537,605,639,460,452,567
535,610,636,456,463,567
537,617,637,454,460,564
538,598,640,461,453,568
535,615,638,454,464,566
538,612,637,457,449,573
536,619,638,444,462,575
536,619,641,447,459,572
535,619,626,459,460,577
526,621,626,455,461,574
534,611,636,459,450,573
535,619,642,446,458,576
538,612,636,458,449,574
534,619,626,459,458,578
530,613,636,454,464,574
535,617,627,459,457,569
536,619,638,450,450,577
536,619,629,458,458,567
538,607,638,458,451,570
534,615,642,445,461,567
525,620,628,457,462,574
540,616,633,451,458,575
533,609,642,445,459,573
533,621,640,448,457,576
527,616,631,452,461,572
539,614,636,455,449,575
539,616,631,458,459,577
538,618,632,455,459,574
538,599,641,460,456,566
540,606,638,460,450,572
530,616,627,463,458,579
537,605,637,461,451,572
540,615,634,451,461,574
524,613,635,455,463,572
527,622,625,457,462,575
531,621,626,459,460,576
537,604,642,460,452,569
536,622,641,446,456,576
535,604,642,458,456,565
527,622,628,455,461,573
537,605,638,459,450,570
536,603,642,457,456,565
530,610,638,457,462,565
537,619,642,444,459,574
522,611,637,455,464,568
539,613,639,449,461,573
533,608,641,457,460,567
524,621,633,454,462,571
533,620,626,460,457,577
537,615,638,454,448,577
526,615,632,460,462,570
525,614,640,445,463,574
535,617,636,450,450,576
534,604,635,460,451,570
535,619,642,447,462,574
537,616,641,447,462,573
527,608,641,454,463,566
534,620,639,446,457,576
539,617,639,451,462,574
536,620,642,447,460,574
526,620,626,457,459,576
537,605,639,460,452,571
526,621,631,455,462,572
539,610,637,456,449,576
536,621,641,446,459,575
540,604,638,459,451,572
539,604,641,459,461,567
536,604,641,456,457,567
538,617,643,449,463,573
536,615,640,449,463,571
540,605,639,457,452,570
530,605,641,457,463,575
535,621,639,445,461,572
534,619,626,460,458,576
537,618,638,452,450,576
534,606,639,461,450,572
537,616,636,454,449,575
534,619,627,459,458,576
539,616,631,459,460,576
535,619,643,446,462,573
534,617,626,460,457,575
535,614,639,444,455,576
537,618,642,445,462,573
536,616,637,452,450,575
534,620,625,457,458,576
529,609,641,458,461,566
529,609,640,456,464,568
538,615,638,452,462,571
538,616,636,454,451,576
538,609,637,455,450,575
527,616,636,455,461,568
536,616,642,449,463,576
537,616,642,447,463,574
535,605,642,457,452,573
531,619,625,457,460,578
528,622,626,451,462,575
532,622,627,459,458,577
533,605,642,457,451,574
534,610,638,443,457,571
534,620,639,449,455,576
537,602,641,459,452,567
537,613,638,454,451,575
527,613,633,455,463,567
527,615,633,454,462,568
536,619,638,458,451,575
537,616,642,452,461,574
540,610,638,459,452,572
539,617,633,454,460,573
536,619,630,458,457,576
531,619,626,460,458,577
536,616,642,446,462,573
527,623,633,456,462,572
527,614,637,456,463,567
527,619,634,455,463,570
533,602,641,457,462,563
535,618,643,445,461,571
535,621,626,460,457,577
538,604,641,460,455,566
526,620,631,461,459,576
539,614,638,454,461,573
525,616,636,455,463,568
535,620,640,448,453,576
531,606,640,454,466,564
536,613,635,458,450,575
535,619,641,445,461,575
527,619,625,458,458,577
539,617,632,458,462,576
536,621,642,447,458,574
528,622,627,457,460,576
539,602,642,459,454,569
529,610,640,457,463,566
539,606,635,461,449,568
537,616,637,454,450,577
532,605,640,456,463,566
533,613,637,454,449,576
534,616,644,445,462,576
538,614,636,456,450,575
534,605,644,458,458,567
533,621,640,446,457,574
536,604,640,459,453,572
534,621,641,443,455,576
531,605,642,459,459,566
531,606,640,452,461,564
524,614,632,456,458,572
540,615,637,451,461,575
537,614,637,454,450,576
540,615,631,459,458,575
533,621,641,446,456,576
536,621,640,448,455,577
536,616,635,453,452,576
540,609,637,459,449,574
538,612,636,459,448,572
540,617,629,458,459,576
539,604,642,459,454,569
527,618,630,456,463,572
540,616,631,456,460,575
526,616,633,454,462,572
539,615,643,447,463,573
537,606,638,459,452,572
537,617,630,461,457,576
537,615,643,453,462,574
525,619,630,457,463,575
530,612,638,456,464,567
536,613,626,459,457,577
539,611,638,462,451,573
537,617,629,460,460,576
538,618,638,452,462,574
541,616,639,454,463,574
535,604,641,460,456,568
536,617,641,446,461,574
539,618,630,458,459,578
535,604,642,459,459,567
537,606,639,459,453,569
519,614,637,455,461,567
539,618,630,459,458,576
539,606,640,459,453,571
525,614,629,454,456,574
533,605,643,460,451,576
537,607,639,459,451,572
539,619,631,456,463,566
533,620,642,446,462,572
539,617,636,455,459,575
534,605,642,459,459,565
538,619,634,454,462,577
537,620,637,452,461,575
527,614,640,455,463,568
537,615,638,458,450,575
532,607,642,458,449,575
536,619,642,448,462,574
531,623,626,460,458,576
525,618,635,456,461,573
536,611,639,459,449,573
534,622,644,446,462,573
531,620,637,453,451,578
537,621,638,458,460,574
537,621,628,461,459,578
535,617,639,448,450,577
524,619,636,455,463,568
530,612,643,457,458,566
532,625,625,459,460,577
525,619,638,455,464,568
535,627,640,446,458,574
538,623,642,452,462,574
534,628,638,452,452,577
538,626,629,459,459,576
530,613,642,460,456,568
530,627,631,457,459,576
523,623,640,455,462,567
536,617,640,460,450,573
521,626,638,456,463,568
533,628,637,457,462,575
527,623,636,453,464,563
529,614,643,460,458,568
533,619,643,459,456,567
531,629,643,443,455,575
531,636,628,460,458,578
522,640,628,459,460,573
532,638,644,446,456,576
528,637,626,459,458,577
527,624,643,457,457,566
533,637,637,454,449,576
533,625,637,459,448,574
524,633,640,455,463,567
519,642,628,458,447,577
524,644,627,463,457,577
519,643,629,461,456,577
533,636,631,460,460,573
528,638,640,452,459,574
528,643,641,447,458,575
533,625,642,462,451,570
531,627,641,461,451,569
533,630,639,461,450,571
528,645,640,452,452,576
530,639,644,449,462,573
527,644,629,461,456,577
529,642,644,448,462,573
532,641,637,455,459,575
528,649,639,460,460,569
528,641,641,455,453,572
530,643,638,457,459,574
526,647,629,463,456,576
518,646,633,457,460,572
531,641,632,457,453,575
528,644,638,460,447,577
518,644,638,457,460,568
527,649,629,461,456,577
527,648,641,445,462,571
525,652,643,450,452,576
527,647,644,449,460,573
529,636,641,461,448,570
525,652,643,448,456,575
517,654,629,460,457,574
530,648,643,450,458,573
515,650,635,457,460,569
526,650,643,444,455,575
518,654,638,457,460,570
527,651,634,461,453,568
529,639,643,464,449,570
530,638,643,463,449,569
523,647,639,457,445,572
525,649,644,449,456,573
518,648,640,456,458,567
525,655,644,450,455,573
517,645,643,459,456,564
525,642,644,463,451,567
516,650,639,463,458,572
521,657,646,465,447,573
523,656,642,459,444,576
515,651,637,464,449,576
523,658,642,452,450,575
516,649,640,461,452,565
517,655,635,457,457,570
524,660,642,451,449,574
523,644,645,460,457,565
516,648,636,458,460,569
528,657,644,453,459,572
521,645,646,460,457,565
527,658,646,450,458,572
527,656,641,445,458,570
516,646,638,456,460,567
523,642,646,462,455,565
525,658,646,449,459,572
528,648,641,465,447,573
525,659,646,449,455,575
528,656,637,459,456,576
529,643,646,463,450,567
527,653,646,449,458,574
529,657,646,455,459,573
530,648,635,458,455,574
524,643,646,460,454,566
526,656,640,457,446,575
527,643,645,462,452,568
528,646,642,463,448,570
532,656,635,462,456,575
529,657,648,450,459,574
528,657,637,452,448,575
530,651,641,461,448,573
516,662,634,458,457,571
517,658,638,457,462,568
520,647,641,461,455,564
526,655,641,459,446,575
519,659,631,459,456,574
531,655,643,454,459,574
529,657,646,450,459,574
530,651,640,458,447,577
528,661,646,449,457,573
529,658,632,461,456,576
526,646,645,462,456,576
532,657,635,460,456,575
523,642,647,461,455,566
534,655,637,461,456,576
530,656,641,456,459,575
528,658,647,448,461,572
531,643,639,457,443,572
527,659,643,448,451,576
533,652,640,460,447,575
528,655,631,461,457,579
534,653,644,455,460,574
530,656,643,455,462,572
525,656,630,463,456,576
526,659,629,462,456,578
532,643,643,462,453,570
530,650,638,460,444,574
531,656,633,461,457,577
528,660,644,450,457,575
528,655,628,463,458,577
534,651,642,455,460,576
530,652,647,452,460,576
522,646,642,460,463,567
532,651,641,456,460,573
529,657,642,450,455,576
529,653,631,463,455,578
535,650,639,458,461,576
535,649,643,459,459,575
522,649,640,457,460,569
531,647,641,456,445,574
532,654,647,453,462,573
521,653,636,459,460,574
529,647,643,447,455,575
532,653,641,456,450,575
529,656,630,461,458,578
533,654,645,448,460,574
520,657,630,461,459,577
530,653,643,452,453,577
533,638,643,461,450,571
522,649,637,459,461,572
532,650,631,462,457,577
520,649,629,461,454,575
529,652,641,452,450,577
532,652,645,448,458,574
531,652,644,450,456,575
522,640,645,462,460,563
531,652,644,450,457,575
525,640,644,458,459,565
530,653,629,463,457,578
529,654,647,449,459,574
525,641,642,459,459,566
524,640,645,460,460,567
537,649,635,461,457,577
533,638,646,460,455,566
531,648,642,455,450,578
528,632,643,460,458,566
535,636,643,464,452,569
518,648,638,459,462,572
524,652,632,459,462,575
531,635,646,462,454,567
524,652,631,459,462,573
532,652,630,462,459,577
531,651,645,448,457,576
536,648,640,455,461,574
525,647,632,463,457,578
524,641,635,456,460,573
534,648,634,462,457,576
534,650,641,453,453,577
531,646,642,455,452,578
528,638,646,460,465,567
523,646,630,460,460,573
536,646,640,459,461,575
535,647,632,462,458,577
532,649,635,462,459,577
534,633,643,463,453,569
523,635,645,460,464,564
523,651,630,460,460,575
534,644,641,451,446,577
529,648,641,452,453,576
531,634,643,462,450,571
534,648,646,449,462,573
538,644,637,462,459,576
525,642,641,457,464,568
524,639,639,457,464,571
534,630,645,463,459,567
524,641,642,458,461,569
521,642,636,457,463,570
529,647,630,461,458,577
531,630,644,459,458,566
533,643,646,449,462,574
524,648,646,448,460,576
532,631,645,461,464,567
536,638,640,455,461,575
538,631,642,462,452,572
536,628,643,461,454,571
538,645,632,462,458,576
532,643,630,461,460,579
537,629,643,465,453,572
527,647,628,460,462,577
528,632,642,457,466,566
536,632,641,462,449,573
523,633,644,459,465,566
533,632,642,459,461,567
532,637,630,464,458,576
532,644,641,453,453,577
522,646,630,460,462,575
530,645,645,449,458,576
523,642,633,457,464,574
527,639,630,460,459,577
532,642,641,450,454,577
533,643,642,450,456,577
537,627,641,461,451,569
523,645,638,460,456,573
531,645,642,451,455,577
538,639,636,455,462,575
533,641,645,450,462,573
533,638,641,455,451,578
531,642,642,454,451,577
535,633,640,456,451,576
524,637,636,458,463,573
524,633,640,457,463,568
527,631,643,460,464,567
524,641,634,460,461,574
534,624,646,462,457,568
532,642,644,448,461,576
536,629,643,462,451,571
536,636,644,450,462,574
527,625,643,459,464,568
532,622,645,460,458,567
537,625,640,462,451,571
535,629,641,462,450,572
532,637,642,454,452,579
535,634,641,450,459,576
527,628,642,458,464,568
525,641,631,460,463,574
533,639,641,451,455,577
532,634,639,458,449,576
535,636,644,450,468,575
538,634,642,460,461,575
528,626,643,459,461,565
534,633,640,459,449,576
528,627,639,456,463,565
530,640,630,461,460,580
537,630,639,461,450,573
535,633,641,452,462,574
527,639,629,461,461,576
533,635,633,460,460,579
536,621,643,463,457,568
537,634,645,454,463,574
536,621,644,459,455,569
525,639,629,460,462,580
528,625,645,461,459,568
533,624,639,463,451,575
524,632,635,459,463,570
526,636,628,462,461,578
529,617,645,458,464,567
524,629,635,457,464,571
529,621,646,460,459,566
534,619,644,462,455,567
533,635,644,449,462,575
529,624,644,460,465,568
536,623,642,463,451,572
532,637,644,451,456,576
526,627,641,459,462,566
528,635,645,448,462,574
534,620,641,462,454,570
535,631,640,454,452,578
533,629,640,459,452,577
523,629,640,459,463,569
527,627,643,458,463,568
533,634,645,448,463,575
537,621,641,463,451,572
532,636,641,450,453,577
534,622,640,464,452,572
535,622,642,463,445,570
532,633,645,449,463,573
525,628,640,459,465,570
535,633,644,450,460,575
523,636,625,461,456,575
534,634,644,449,461,576
527,618,643,458,464,566
537,626,640,453,461,573
534,632,644,449,463,574
530,635,644,450,460,575
531,637,642,450,457,577
532,635,642,451,456,577
531,634,641,450,456,577
534,634,642,452,457,577
530,636,644,449,460,574
529,633,628,463,459,580
536,629,634,460,460,577
525,635,630,460,461,575
528,634,646,448,461,574
531,634,629,464,459,579
523,629,636,455,464,572
536,622,639,457,451,577
531,633,644,448,463,574
523,626,639,459,464,568
524,636,629,459,462,576
537,617,641,463,453,571
536,617,641,464,451,571
529,622,642,459,464,567
525,624,638,460,462,564
529,634,630,463,459,579
535,632,632,461,459,578
528,634,629,459,464,570
534,631,629,463,461,578
526,636,630,458,463,576
532,635,642,449,458,576
530,619,641,459,462,567
534,630,646,449,463,574
535,623,640,462,451,575
536,627,638,459,462,577
532,618,644,460,461,567
533,633,640,452,456,578
533,632,643,447,460,576
533,629,639,453,454,577
533,617,644,459,460,567
536,629,642,453,464,575
528,619,641,459,460,564
534,632,642,453,456,577
526,634,628,460,461,578
537,629,645,450,463,574
537,627,647,453,464,573
535,623,638,456,446,577
529,617,645,459,465,566
531,631,643,449,462,574
535,615,643,463,452,570
533,632,646,449,462,574
533,632,644,447,462,578
529,633,628,461,462,573
537,628,640,458,452,576
538,629,633,463,460,577
536,615,644,461,454,569
531,619,641,463,450,574
526,628,633,459,462,574
535,627,641,455,463,574
534,632,642,453,453,576
538,629,637,456,462,575
524,628,643,459,459,568
536,612,645,462,457,569
535,626,641,455,462,575
533,632,642,447,459,575
536,626,637,457,460,576
533,629,643,454,454,577
522,625,636,457,464,569
537,615,639,461,451,572
523,630,635,459,463,572
527,632,644,450,460,574
525,632,630,457,465,577
533,629,643,448,461,577
526,632,630,458,462,575
537,621,639,458,449,576
536,615,643,462,454,572
526,623,641,456,464,569
537,626,636,459,461,576
531,625,629,462,458,580
523,629,635,459,464,569
530,629,644,454,465,574
531,613,646,462,461,567
539,626,642,452,465,573
536,627,634,462,463,574
537,618,637,458,451,572
534,629,642,451,457,576
535,627,647,449,465,574
524,628,639,459,465,569
533,634,641,450,459,578
539,626,635,460,457,576
528,632,629,461,462,579
527,618,642,460,463,566
535,627,635,459,463,576
536,624,638,459,452,578
534,621,625,463,459,567
524,621,640,458,465,567
525,629,628,461,461,577
525,624,639,457,465,569
525,624,636,459,464,569
535,613,643,461,455,569
536,628,645,450,463,576
538,619,638,462,450,574
525,633,629,461,460,577
537,630,628,462,459,579
533,629,644,449,463,574
534,629,643,449,464,573
535,615,643,458,448,571
535,624,644,451,463,575
534,629,645,449,463,575
538,614,641,462,454,571
522,632,629,459,461,575
538,616,641,463,446,571
536,623,638,456,450,577
536,625,641,457,452,577
520,632,629,462,461,580
537,614,641,463,453,574
535,614,643,460,454,567
523,621,641,458,463,568
533,627,643,452,463,575
533,628,646,448,465,575
536,623,639,457,450,576
526,619,644,454,457,567
532,627,646,451,456,575
535,628,644,448,464,574
537,625,645,450,464,574
539,614,636,457,455,569
531,629,641,452,457,578
532,613,641,463,452,570
526,630,629,461,459,578
531,620,639,460,450,576
535,618,637,460,451,576
538,624,635,459,461,575
538,624,636,458,462,576
535,624,632,461,460,579
523,630,629,460,461,579
531,628,643,450,459,577
526,623,626,460,458,575
522,629,629,462,461,578
525,629,629,458,463,576
532,627,646,448,463,574
537,613,642,463,452,573
532,626,627,461,462,578
528,627,629,462,461,578
528,627,629,462,461,579
537,624,642,455,463,573
534,624,631,461,459,577
535,623,639,457,452,578
535,625,643,449,465,574
529,615,642,461,467,567
534,625,643,449,463,576
536,615,638,461,450,576
536,624,644,451,452,573
537,621,644,456,457,579
537,624,645,448,463,574
534,626,644,447,463,575
530,613,642,461,461,567
532,626,644,450,460,569
537,621,640,454,464,576
526,630,627,460,462,575
532,624,635,461,462,577
533,628,643,449,459,576
535,625,641,448,464,576
537,609,644,462,459,569
537,615,636,457,462,576
524,626,633,459,463,572
526,627,629,459,463,576
537,621,641,449,453,573
537,624,634,461,464,578
533,610,646,463,455,568
535,622,641,455,465,574
535,611,643,460,455,567
534,623,633,463,461,577
536,621,644,452,464,575
525,627,633,459,463,570
531,624,630,462,459,578
536,620,638,459,450,578
524,629,630,458,461,576
536,622,631,464,460,578
538,615,640,459,450,575
534,625,627,462,460,578
535,611,640,464,448,574
525,629,629,459,462,576
538,615,639,461,451,574
534,624,640,455,452,577
537,621,636,459,462,574
538,622,636,458,462,575
535,618,638,465,451,577
532,610,644,460,460,567
537,613,641,461,451,571
538,623,645,451,465,574
533,623,643,460,461,577
533,628,643,449,460,576
531,621,646,456,463,573
526,621,640,457,463,569
524,626,636,459,461,576
533,625,644,449,458,576
535,620,640,458,451,577
538,623,633,461,460,578
521,615,640,458,467,569
535,611,643,463,455,571
536,622,646,459,452,565
535,623,645,451,464,573
524,625,635,457,464,572
536,609,642,463,454,571
539,619,638,461,453,575
536,622,640,453,454,577
525,619,638,459,463,572
531,627,638,450,456,578
536,615,640,463,451,576
526,621,637,457,464,569
522,625,644,456,461,568
535,623,630,462,459,579
528,611,644,459,460,568
535,624,631,462,460,578
532,627,642,450,457,578
529,626,628,462,461,580
535,616,641,459,453,575
538,612,640,460,451,574
538,609,642,462,451,573
532,609,642,457,460,562
538,621,642,456,462,575
538,611,642,462,452,571
536,610,644,449,464,573
535,618,639,462,452,576
534,609,644,461,461,579
538,619,642,457,463,575
525,616,634,463,463,575
523,624,638,458,465,571
536,609,642,461,454,569
535,623,639,456,452,577
534,625,645,450,464,574
525,622,633,459,464,572
523,614,644,460,465,568
533,621,640,449,461,575
532,622,638,456,454,578
531,625,639,451,454,575
539,610,641,462,457,576
534,626,644,448,463,575
538,621,633,460,463,577
525,616,639,458,464,566
537,621,648,456,466,574
532,625,643,456,453,578
525,615,642,460,464,566
534,621,645,449,464,575
526,617,638,457,464,571
532,622,639,456,462,575
535,627,646,451,464,574
532,625,645,448,462,574
525,628,629,461,462,579
532,626,641,453,454,578
536,610,643,449,459,576
533,625,639,456,454,577
524,628,633,458,464,572
535,618,633,454,451,574
535,618,639,461,450,574
534,625,645,449,464,575
535,623,634,460,460,578
524,618,642,458,463,568
537,623,641,458,461,575
536,608,641,461,454,572
522,615,643,462,460,575
537,609,641,463,454,571
533,625,639,452,456,576
536,608,645,462,458,567
538,623,643,444,461,574
529,623,644,451,465,570
534,624,645,449,460,576
533,626,643,450,457,579
535,622,642,449,465,573
536,625,645,450,464,575
536,624,645,450,463,574
539,615,637,454,459,578
536,623,630,461,460,578
535,625,641,453,459,577
537,623,631,462,460,579
533,610,642,464,454,573
532,628,642,449,461,576
537,611,639,464,451,572
532,623,634,461,461,577
533,626,642,451,456,578
535,620,640,458,451,577
525,624,635,458,465,572
536,612,643,461,453,570
527,619,642,459,464,568
526,622,638,458,464,571
531,626,639,452,456,577
533,624,640,452,453,578
533,625,641,452,459,577
538,624,630,462,461,578
534,609,643,461,458,568
529,612,642,461,461,567
530,626,642,450,457,577
522,627,635,458,464,572
526,628,627,462,461,578
536,617,637,464,451,575
525,618,643,458,466,568
532,628,642,450,459,577
531,627,641,450,455,577
537,622,639,458,461,575
536,621,644,458,464,575
525,611,639,458,467,570
539,621,643,454,464,575
536,621,633,461,461,577
519,620,640,458,464,569
536,622,646,456,464,576
530,611,644,460,453,567
529,610,643,459,464,568
537,620,640,458,462,575
533,609,644,462,456,569
530,611,642,460,463,567
536,626,643,448,461,575
538,612,641,463,451,573
534,626,639,453,458,576
531,625,642,452,457,579
524,628,629,459,462,574
534,613,645,459,461,568
529,633,628,461,462,577
525,625,629,460,459,575
540,622,631,462,461,577
531,628,643,451,455,578
532,611,644,461,464,569
534,623,644,449,460,572
537,622,641,454,462,576
536,620,638,461,451,575
526,625,627,460,462,575
536,622,643,455,466,575
533,612,638,463,453,574
537,614,642,462,454,570
538,623,636,456,462,576
534,622,639,455,466,574
538,622,640,456,464,575
538,615,639,459,450,577
536,609,643,459,456,569
528,619,629,461,461,575
535,618,626,462,456,578
524,623,635,453,463,571
537,622,641,453,465,574
524,621,634,458,464,572
531,626,626,462,460,576
531,612,643,461,461,567
537,616,639,454,459,572
531,627,641,448,461,574
537,616,639,461,451,576
538,617,638,460,452,575
526,629,630,459,461,577
534,610,642,462,455,569
530,628,628,463,461,579
536,620,637,459,453,577
533,627,626,464,460,578
535,619,637,457,452,577
530,616,640,454,449,576
538,619,635,457,457,577
531,628,623,463,462,579
531,609,644,461,455,568
536,618,638,458,451,576
530,627,627,460,460,576
529,625,628,462,461,578
530,613,641,462,463,568
527,625,629,459,463,576
525,621,636,457,465,570
533,609,644,460,462,569
535,622,633,460,461,575
537,614,640,459,451,575
535,623,647,455,465,575
535,618,639,458,452,577
528,627,628,462,464,578
535,609,645,462,457,569
538,612,638,463,454,569
535,624,640,457,453,578
524,627,628,461,461,576
538,622,641,456,464,575
525,627,635,461,460,575
535,624,644,448,465,574
526,617,641,459,466,568
537,622,645,451,466,576
536,618,642,460,460,569
541,624,634,460,459,576
524,625,634,458,464,571
535,626,641,451,457,578
536,611,639,462,451,575
524,622,635,458,465,571
532,626,640,453,454,577
525,627,629,460,462,574
533,625,630,461,461,577
525,628,629,459,463,574
531,611,642,462,457,567
538,610,642,462,451,574
521,625,634,459,465,574
535,627,642,449,458,576
537,625,630,462,460,579
537,622,639,454,464,575
533,624,640,450,453,578
536,609,642,458,451,571
525,627,629,460,464,577
537,622,641,454,465,575
539,613,641,463,452,571
537,622,642,454,463,575
537,622,642,456,465,574
537,624,631,461,461,571
537,621,642,464,452,573
537,611,641,462,453,571
537,623,634,460,462,577
524,620,637,458,465,570
532,625,643,448,465,575
538,621,646,456,465,575
522,627,627,461,462,578
536,622,641,454,463,575
536,608,642,462,453,572
525,625,634,458,464,571
523,623,636,459,460,572
534,628,640,449,458,577
540,622,640,456,461,576
525,618,639,457,470,569
538,609,641,463,452,573
536,607,642,462,454,568
529,627,628,463,462,576
526,619,640,456,465,570
539,624,632,461,461,579
534,626,640,454,454,576
533,627,645,444,459,575
530,615,642,460,464,566
532,621,646,457,463,576
525,626,627,459,461,576
535,623,639,457,452,578
534,623,636,454,448,577
531,625,628,463,459,579
529,624,628,463,459,579
534,628,641,453,457,578
530,615,641,460,464,566
535,609,643,461,457,569
536,624,646,449,464,574
525,621,635,458,465,571
538,623,632,461,460,577
536,627,644,449,464,575
539,622,638,456,465,575
524,621,635,459,465,571
535,624,629,463,461,578
538,622,641,454,466,575
533,626,630,464,459,580
532,611,644,461,458,568
536,611,641,465,453,571
534,624,645,443,463,574
530,613,642,460,462,568
527,613,642,460,461,568
526,626,627,459,463,574
534,628,643,448,460,577
539,615,639,461,449,573
537,621,640,458,451,577
528,616,642,460,465,568
529,623,628,457,457,579
527,626,627,460,460,577
535,617,635,457,449,574
525,617,640,459,464,568
529,608,644,460,465,567
539,612,641,457,453,570
535,628,640,452,456,578
534,627,639,453,457,578
526,626,633,457,464,574
535,608,643,460,459,570
538,610,642,462,451,573
529,627,643,448,461,576
538,619,639,466,450,575
525,628,630,459,463,576
526,619,641,453,466,569
533,624,628,462,460,576
535,624,637,455,452,579
526,615,639,458,465,569
535,624,643,450,464,574
524,628,629,460,462,576
533,629,642,449,461,576
525,622,636,458,466,572
536,624,640,454,451,578
532,625,630,462,461,578
533,626,642,450,461,576
536,610,644,462,457,568
539,617,639,461,450,575
528,626,627,462,461,575
527,618,641,460,464,569
531,626,627,462,461,579
534,627,640,449,459,577
536,624,639,456,451,576
537,621,641,452,465,576
540,622,633,462,460,577
538,612,639,460,452,578
534,625,641,452,452,578
539,612,639,459,448,576
535,608,638,462,451,567
539,612,637,459,451,571
530,620,624,461,459,576
535,625,628,462,461,579
528,629,624,456,462,575
525,619,639,458,465,569
529,627,628,460,461,578
526,624,635,458,466,571
533,624,628,463,460,579
534,627,641,451,459,578
533,609,644,460,460,567
534,619,643,443,460,576
537,628,631,462,451,575
536,625,630,462,459,578
525,622,633,457,466,568
531,613,643,462,455,578
529,627,627,462,462,580
531,612,644,459,461,568
541,624,637,452,460,575
533,624,627,462,460,578
538,619,638,458,450,575
530,621,629,457,457,579
527,625,629,459,463,576
527,629,624,460,462,575
533,605,640,460,459,565
539,623,634,461,461,577
525,610,639,458,462,568
527,622,637,458,466,572
533,627,643,452,460,577
538,617,639,461,452,575
529,627,643,448,462,576
534,625,628,464,459,578
539,612,637,460,454,572
535,621,637,458,462,574
532,615,643,460,460,567
538,610,642,464,453,572
530,628,627,460,458,577
541,621,633,462,457,578
538,624,630,462,461,578
540,622,629,461,457,574
537,622,645,450,464,575
530,627,645,450,462,575
539,622,644,456,464,576
523,629,632,460,465,573
535,622,638,455,453,576
531,622,627,462,460,579
539,613,641,462,451,572
524,623,635,460,464,572
537,624,643,451,465,575
540,622,636,455,464,576
539,619,638,461,450,575
540,621,641,458,463,577
528,621,627,459,461,576
539,619,635,456,453,575
540,611,643,463,455,570
535,622,643,451,463,575
526,628,630,459,463,578
522,618,640,459,464,570
531,612,644,460,462,570
540,621,640,457,462,576
526,627,630,460,464,574
535,616,636,456,450,577
539,612,640,464,454,573
539,611,642,462,454,571
536,624,640,454,454,578
535,609,641,463,457,568
531,610,643,462,462,566
526,627,627,461,463,575
533,625,644,445,462,576
534,623,638,454,453,579
539,609,641,462,455,571
537,623,638,455,453,579
540,625,633,459,461,576
533,610,643,461,457,568
537,622,640,455,464,575
534,627,642,448,460,577
533,622,636,458,462,577
526,626,630,460,465,575
535,627,637,452,456,574
525,622,636,458,465,569
534,630,644,450,462,576
540,624,633,461,461,577
534,627,642,462,460,568
533,626,641,449,460,576
528,620,640,459,464,569
535,625,643,450,465,575
538,620,639,457,447,578
543,623,634,462,460,578
539,614,638,464,452,574
534,605,643,462,465,568
539,613,640,464,451,574
536,626,644,449,464,576
536,624,643,459,452,575
539,606,640,463,452,574
538,621,640,457,462,576
524,623,636,458,465,572
537,624,644,451,463,576
536,611,640,463,453,573
529,629,627,460,463,575
531,611,641,460,461,567
537,615,637,459,453,577
524,626,633,458,463,575
526,625,629,462,462,577
534,628,641,449,463,575
531,630,642,459,466,566
526,624,635,457,464,573
534,625,643,450,463,577
525,628,634,459,464,573
538,624,636,461,461,577
526,619,639,454,464,568
526,620,640,459,460,569
538,620,640,455,464,576
535,623,644,448,455,569
536,624,644,449,463,575
533,626,642,451,459,577
534,626,640,454,457,577
538,615,638,460,450,575
539,627,629,463,460,579
539,610,643,462,455,571
533,625,629,462,460,579
533,621,639,452,450,578
536,627,642,448,461,576
533,623,628,457,452,576
539,625,636,460,461,578
540,619,640,458,451,578
525,622,636,458,463,571
534,628,640,452,458,578
538,616,644,447,462,574
539,620,640,458,465,575
535,609,643,460,458,568
538,618,629,463,461,578
539,615,638,456,463,576
527,616,640,460,465,567
534,625,642,452,456,578
532,613,641,460,467,566
539,616,638,464,451,575
537,622,637,456,464,575
538,624,630,463,460,578
536,624,635,454,452,580
539,606,638,463,452,574
534,628,642,452,456,576
537,625,642,450,464,575
534,627,642,448,461,575
534,627,641,454,458,578
525,627,631,460,463,575
537,627,645,447,462,575
527,620,639,459,464,568
536,624,644,449,465,574
538,612,640,463,452,573
540,621,636,457,462,576
536,626,643,450,463,574
534,612,642,462,460,569
539,617,637,459,452,577
530,628,625,457,461,573
538,625,633,460,462,577
529,628,627,462,461,578
532,623,638,457,453,575
533,628,641,450,458,576
534,623,641,455,463,574
532,624,629,462,462,580
525,619,635,459,465,570
534,625,642,449,465,575
534,623,627,461,462,578
534,627,641,452,456,577
534,627,643,448,462,575
535,628,644,448,464,575
537,615,640,462,451,573
520,623,636,458,465,572
538,622,635,460,461,576
525,622,634,455,464,571
531,614,642,458,465,568
540,623,631,460,460,576
537,623,634,456,452,575
529,615,639,457,466,568
536,611,640,463,452,573
532,626,628,463,463,577
534,625,626,463,462,578
533,627,640,453,458,577
530,625,627,462,461,578
539,623,634,463,461,579
524,621,632,458,464,572
540,621,641,457,463,577
535,624,644,450,464,575
527,627,628,460,464,578
518,622,639,459,465,570
534,627,640,452,457,577
534,612,644,459,460,568
536,620,635,459,460,577
534,626,628,462,460,579
540,623,632,457,456,578
538,622,643,449,464,575
540,611,640,462,452,574
539,621,641,453,464,575
540,623,636,459,463,576
538,620,638,460,452,577
535,621,637,457,454,577
535,626,642,449,464,575
534,623,639,453,464,576
536,611,643,464,455,568
537,617,641,462,451,576
537,612,636,462,451,574
535,628,628,463,463,577
538,624,631,463,460,579
537,622,646,448,464,576
532,627,629,463,461,578
538,612,644,449,464,576
532,612,642,461,462,567
537,628,630,464,460,578
536,623,636,452,453,576
521,618,637,458,465,568
539,619,640,463,451,575
526,623,631,458,460,572
538,617,644,450,463,574
524,629,627,460,463,575
540,611,643,463,456,572
541,624,633,462,460,577
537,611,641,464,455,571
539,616,639,463,451,574
540,618,635,460,462,576
536,624,645,449,465,575
536,610,642,457,456,569
539,608,639,463,453,573
530,628,628,448,456,578
532,627,627,458,461,575
534,628,627,461,461,578
539,622,636,459,463,576
536,624,632,461,460,578
527,628,627,460,462,578
539,624,634,460,461,576
532,616,643,461,463,566
537,609,642,461,457,570
537,618,643,459,451,575
538,620,645,451,465,574
533,611,643,459,460,567
540,624,638,460,464,577
535,611,641,457,457,566
525,625,636,459,464,573
536,625,642,452,456,578
538,623,645,450,465,575
525,621,639,458,463,568
537,609,642,463,456,569
529,613,641,461,462,567
528,627,628,463,459,579
535,625,629,463,460,579
528,627,630,464,457,578
531,624,642,449,452,578
529,618,644,462,456,567
530,628,638,451,454,579
532,624,639,459,458,576
518,625,637,459,461,571
531,608,640,464,448,574
529,625,648,457,459,573
527,625,634,464,457,576
531,627,647,457,461,575
530,614,639,466,448,571
526,620,633,458,456,575
527,629,630,463,454,579
525,624,630,462,458,576
529,622,639,459,445,575
524,631,629,464,456,577
525,627,641,460,446,579
517,631,631,459,458,575
530,628,641,458,459,574
514,626,640,460,461,569
522,627,629,460,454,577
528,620,643,465,448,570
519,635,630,465,454,580
526,638,647,450,458,576
526,637,631,464,454,577
521,637,631,465,455,579
525,632,639,462,446,575
512,638,636,460,460,572
514,634,640,459,458,570
524,640,646,451,458,575
526,624,644,465,449,570
529,636,643,456,460,575
521,642,627,463,457,579
526,638,647,451,458,574
523,635,640,451,450,574
519,643,630,462,455,576
517,635,638,457,459,566
515,632,643,460,459,568
522,643,642,455,452,578
514,635,641,461,458,568
525,642,632,464,455,577
523,646,646,451,458,573
526,637,643,457,458,575
525,643,646,452,458,574
527,641,646,452,458,574
524,642,647,453,460,574
524,644,646,449,456,575
518,645,629,464,454,577
519,649,631,464,457,576
521,649,645,450,455,575
527,634,639,457,453,575
518,646,643,453,455,575
525,636,641,466,447,575
515,638,641,459,459,568
515,635,642,459,454,569
514,644,635,460,458,574
519,646,630,465,455,578
525,629,646,463,455,568
508,647,631,461,457,575
526,641,640,458,456,575
525,639,643,459,458,576
528,639,642,458,458,576
522,638,642,461,446,574
514,648,629,458,458,572
527,636,642,464,447,577
526,630,641,464,445,573
527,638,637,457,446,574
527,630,643,464,450,574
527,637,643,461,445,574
515,646,636,462,457,572
516,645,633,460,460,573
526,644,646,451,459,575
522,646,643,452,453,578
530,642,641,459,459,575
521,633,644,461,457,567
524,631,645,463,456,567
515,644,635,461,458,574
526,637,642,463,449,577
528,636,640,466,447,576
528,640,636,462,456,577
526,643,634,462,457,578
528,627,643,463,450,570
518,637,642,457,457,568
529,629,644,465,450,571
523,629,651,464,455,566
526,645,642,453,456,577
516,647,632,462,458,576
525,638,641,458,446,579
530,641,638,461,457,575
525,646,643,452,454,576
527,651,645,451,457,576
527,630,644,462,454,566
522,634,644,461,458,568
516,634,632,461,457,570
528,641,639,460,449,576
526,645,646,454,454,577
531,631,642,465,450,571
526,638,644,453,454,579
524,629,644,462,457,566
532,642,633,464,458,580
528,637,643,451,460,574
526,645,644,451,456,577
533,636,641,462,448,577
525,643,645,450,461,575
530,633,639,460,448,574
530,639,639,458,461,577
529,639,641,461,449,578
532,640,631,464,458,578
527,644,644,453,456,578
526,635,626,462,455,576
532,627,642,465,452,573
525,641,631,464,458,579
529,640,647,452,462,576
530,638,641,456,451,577
526,642,630,463,460,578
520,644,631,462,462,576
530,624,647,464,454,572
518,628,642,460,462,567
528,641,645,451,462,575
532,626,641,463,451,575
532,641,644,461,463,571
521,638,638,460,464,571
536,625,642,456,461,576
531,641,630,464,458,579
521,635,641,460,462,569
534,638,645,452,464,576
530,641,629,464,459,579
521,636,641,459,464,569
523,641,629,461,461,577
532,624,643,463,454,572
519,634,637,461,449,578
531,631,641,460,449,578
519,637,642,459,464,569
530,632,639,461,449,578
528,640,643,452,457,578
529,638,645,456,451,576
533,624,643,464,449,574
533,632,642,462,450,575
529,639,645,449,459,576
523,636,629,460,462,576
533,633,641,461,452,578
525,624,643,462,462,568
532,634,647,457,463,576
534,634,635,460,459,577
530,631,641,462,449,578
528,637,628,465,459,579
532,636,639,456,451,579
520,630,639,460,463,570
533,634,638,461,460,576
530,633,641,460,451,578
531,636,630,464,460,578
530,623,640,460,457,570
534,633,634,460,461,578
530,635,629,464,459,579
529,638,642,454,454,577
532,636,644,451,463,576
530,636,644,450,461,577
533,633,636,461,461,577
517,631,636,459,464,572
527,623,645,460,463,567
530,611,642,461,455,566
523,635,628,462,463,577
530,633,643,451,459,577
531,630,640,449,449,580
532,630,647,450,464,575
534,630,646,451,463,575
533,617,642,463,451,574
524,623,644,460,463,568
523,633,634,460,463,572
532,629,633,463,462,579
530,619,644,463,460,569
529,628,644,461,459,579
533,628,638,458,461,577
532,633,643,450,459,577
534,619,639,466,450,575
536,630,630,462,459,578
531,637,645,449,462,576
534,627,640,460,451,576
532,631,644,452,463,575
533,616,643,464,458,569
535,615,643,462,455,571
534,623,641,462,450,575
528,617,644,460,460,567
523,625,641,460,464,569
531,631,644,452,458,577
534,628,638,457,463,576
526,619,643,460,465,568
535,628,642,455,463,575
526,630,629,463,459,579
516,632,636,460,463,573
532,628,633,464,458,579
524,625,642,459,464,569
534,616,642,464,451,574
530,626,640,458,464,575
522,619,640,460,463,567
534,626,638,459,461,578
532,627,638,458,449,579
527,630,629,463,461,578
531,627,628,463,460,580
534,624,644,454,463,574
523,629,623,458,463,575
523,620,635,460,464,568
536,615,642,464,451,572
536,613,637,464,450,572
530,627,640,456,457,578
523,613,643,461,466,567
524,629,627,461,462,579
532,623,638,460,450,577
531,611,642,462,462,569
524,618,641,460,464,569
530,627,641,452,457,578
530,612,644,462,462,568
524,610,645,463,459,568
534,610,643,464,456,571
530,623,637,460,462,577
533,624,637,455,452,578
531,625,629,464,461,578
533,622,639,460,453,578
533,625,639,459,453,578
530,628,641,452,456,578
530,621,630,464,460,580
534,624,645,450,461,575
536,622,645,452,463,575
534,610,643,461,450,573
531,625,640,453,455,578
523,619,638,459,463,572
533,621,643,457,462,576
536,607,642,462,455,571
529,625,643,461,463,568
519,624,636,455,464,571
528,610,644,461,464,568
522,619,633,459,465,573
535,621,635,461,462,578
523,613,639,455,462,570
521,622,637,458,464,572
535,618,640,462,450,577
525,626,631,460,462,577
533,619,640,459,452,577
535,622,646,451,466,576
522,622,633,459,460,574
531,619,641,456,451,578
535,617,637,457,453,578
526,624,628,463,461,579
532,623,644,451,462,575
521,625,631,461,462,578
533,622,632,463,461,579
528,626,627,461,462,579
526,623,628,463,460,579
521,625,635,460,463,576
534,623,630,463,461,578
527,610,643,460,462,568
529,622,641,456,453,579
532,618,637,463,451,576
532,623,645,449,464,575
532,622,630,462,461,578
537,621,632,463,461,577
533,619,639,460,451,576
529,624,641,452,458,578
523,625,629,463,460,579
527,607,643,460,462,569
525,614,641,459,465,569
524,615,640,458,466,570
534,617,638,459,453,576
525,624,629,463,462,579
522,619,635,459,465,572
522,618,635,459,463,571
525,625,629,463,460,580
534,618,639,463,452,579
524,624,628,461,462,577
535,625,643,452,454,578
525,623,626,463,462,577
531,623,645,450,464,576
534,620,636,460,464,576
535,617,640,463,450,570
529,623,627,462,462,578
523,617,638,459,466,572
532,622,639,456,452,579
534,620,640,456,452,578
525,619,629,462,463,577
530,623,630,458,457,578
537,614,641,459,464,578
534,615,638,461,451,575
536,621,639,459,463,578
521,613,643,461,461,567
535,619,637,462,462,579
528,609,641,462,459,565
530,625,642,452,459,579
527,611,643,462,461,567
524,613,643,461,465,568
535,606,643,463,460,569
525,618,639,459,466,567
534,624,629,463,460,580
529,610,645,462,462,569
534,620,638,461,462,578
527,625,628,462,461,575
531,618,644,456,463,576
535,621,645,452,466,576
522,617,638,459,466,570
538,610,641,464,452,574
526,626,628,462,463,577
524,624,631,459,462,577
523,612,642,451,461,573
534,614,636,464,452,577
532,624,645,448,464,576
525,625,629,461,463,577
522,627,629,462,462,578
537,611,639,464,451,576
530,608,645,463,460,567
523,619,636,459,463,570
534,619,638,459,465,577
533,623,643,452,460,576
522,619,636,457,467,572
532,624,642,453,457,580
530,620,628,464,462,581
536,614,633,461,463,579
532,617,640,459,452,578
523,621,637,460,466,573
536,611,640,465,454,574
529,602,641,461,465,566
537,609,637,464,449,572
535,617,640,456,464,576
522,621,634,460,464,574
522,625,627,462,462,577
525,624,627,461,461,576
530,624,628,464,463,579
529,625,625,463,461,577
536,609,644,463,458,570
533,622,646,451,465,575
532,625,643,446,459,578
535,618,639,461,452,578
528,622,633,461,466,575
531,609,641,464,456,569
533,607,643,463,458,569
529,622,641,456,454,578
537,615,640,459,451,578
527,614,641,459,464,570
536,622,643,452,465,576
524,615,641,460,464,570
533,623,643,450,465,576
524,615,642,459,465,567
535,619,645,452,466,575
532,622,643,452,457,579
534,618,633,462,461,579
535,619,638,457,453,577
531,622,639,456,453,578
524,616,637,460,465,569
523,616,638,459,466,570
537,610,641,465,451,576
532,606,644,464,457,569
529,622,628,465,460,579
529,612,643,459,461,570
537,620,638,460,464,577
534,624,642,454,456,578
531,623,642,450,460,577
523,613,641,459,464,569
533,619,642,450,462,573
534,621,632,464,461,579
533,624,644,451,464,574
531,624,642,451,460,577
535,619,645,452,467,576
530,624,643,450,463,577
524,626,629,456,465,576
534,623,639,457,454,579
534,618,637,455,453,579
534,618,629,463,457,569
531,619,640,455,462,576
536,616,640,463,453,576
536,617,637,460,463,578
522,622,635,459,465,572
534,623,643,449,465,577
532,624,643,451,462,577
539,625,626,464,462,578
534,618,645,457,465,577
531,618,640,457,463,577
535,607,644,464,458,567
531,624,627,464,461,580
533,621,641,453,458,579
537,620,645,453,464,576
534,625,643,448,465,577
536,619,637,458,465,576
536,608,641,464,452,574
537,617,640,455,466,575
534,621,633,462,464,569
533,624,628,464,461,578
532,607,643,462,462,569
533,622,643,450,461,578
537,606,639,461,451,575
536,615,638,462,453,576
531,623,644,452,464,576
523,619,637,461,464,571
526,624,629,462,461,575
530,623,628,464,461,581
533,606,643,463,456,566
525,626,630,460,464,575
524,611,637,460,465,570
534,616,640,458,452,579
531,605,643,464,459,568
531,623,639,454,454,580
534,621,643,451,465,574
536,617,637,460,460,577
533,619,633,465,461,579
535,619,639,459,453,578
533,621,643,451,464,576
524,620,635,460,466,573
536,618,645,454,466,575
534,624,629,464,462,579
531,623,627,464,461,580
536,606,642,464,454,573
526,612,641,462,464,568
532,618,627,463,459,580
534,623,638,448,465,572
534,626,642,453,458,579
535,608,643,463,459,569
526,618,635,458,465,568
533,622,629,464,463,579
533,620,640,457,456,580
536,624,629,463,460,578
528,611,644,460,460,569
536,620,632,462,461,578
525,624,631,461,463,578
538,619,640,464,452,577
523,623,628,466,461,580
530,607,640,462,457,565
531,619,638,457,463,575
536,608,640,464,454,573
532,608,644,461,463,569
525,624,629,461,463,577
524,620,634,460,464,573
538,616,640,460,452,575
537,614,639,463,451,578
532,625,642,451,462,578
537,620,637,458,465,578
534,616,640,454,457,579
531,623,628,465,458,577
528,624,625,462,462,580
536,620,639,453,465,576
523,624,628,461,463,576
536,622,631,465,461,579
525,623,634,461,464,575
532,614,638,461,452,576
531,625,643,451,458,577
536,620,639,462,452,578
531,624,644,450,464,576
528,611,644,461,461,569
527,614,643,461,466,569
532,623,642,449,463,576
531,622,629,463,463,580
537,606,642,463,454,575
537,619,640,455,466,576
525,626,628,458,463,576
539,608,641,464,454,574
536,609,641,465,453,573
528,613,641,461,466,568
522,624,629,463,464,576
530,610,644,461,461,569
535,617,642,460,464,576
540,620,633,463,462,580
535,621,631,463,461,577
523,626,632,459,466,573
526,611,641,459,464,568
537,621,632,464,462,579
526,626,628,461,461,577
536,608,640,464,453,575
536,626,639,462,458,575
531,622,644,460,462,568
536,616,640,457,453,578
537,611,639,465,452,576
531,622,639,453,457,579
537,622,631,463,462,579
535,624,627,463,460,579
529,609,644,462,462,568
526,610,641,459,466,567
529,624,628,462,461,580
533,625,644,449,462,577
531,619,636,463,462,576
531,624,625,464,461,581
535,614,640,459,453,577
536,620,642,457,463,577
526,627,627,462,462,575
529,616,637,460,451,577
529,624,641,453,456,579
535,621,640,456,453,579
528,612,643,460,463,567
530,606,644,463,461,569
529,609,644,461,465,569
528,621,633,463,455,578
535,622,646,451,466,574
538,614,637,465,453,573
536,623,645,455,465,575
536,625,644,450,463,576
539,621,644,452,466,574
526,624,628,463,460,574
536,619,640,456,464,575
521,623,630,459,463,578
527,624,627,464,462,578
524,614,640,460,465,569
525,618,635,459,464,573
529,624,626,463,463,579
525,612,643,461,463,569
533,623,635,464,462,579
531,623,627,465,462,579
533,624,641,455,460,581
524,618,638,461,465,570
527,625,626,457,464,578
527,625,627,458,458,580
530,625,627,464,461,581
532,624,641,450,459,577
534,621,643,449,465,576
524,627,628,464,464,576
536,611,640,464,454,574
524,623,627,462,461,577
530,608,641,459,462,567
537,620,630,464,460,579
532,624,642,451,459,579
533,625,640,450,460,579
538,617,640,460,451,576
536,622,639,456,453,578
533,626,642,450,463,577
536,617,645,455,464,575
520,624,630,462,465,572
539,621,636,462,464,578
538,620,633,463,461,577
538,619,632,461,461,578
533,624,643,460,466,575
537,619,634,460,464,576
538,615,639,464,452,574
537,615,638,460,453,576
536,620,641,454,463,578
536,622,641,451,465,573
539,621,631,462,463,578
535,615,639,463,452,575
525,618,634,460,465,574
536,609,642,461,462,578
523,618,638,459,465,573
533,624,627,462,466,575
537,615,636,460,453,577
522,619,636,458,465,572
534,608,642,464,455,572
525,617,634,460,465,572
528,624,641,453,460,580
534,625,642,451,460,577
537,610,643,463,460,570
535,617,637,459,453,578
528,625,641,451,458,577
537,616,640,463,453,575
526,628,641,450,459,579
528,622,633,464,461,579
535,619,643,452,466,575
539,621,635,464,461,579
539,620,638,460,461,577
531,620,635,460,464,578
536,619,639,461,464,576
536,607,643,463,459,568
531,603,640,460,464,569
538,607,643,463,456,569
534,606,644,460,463,568
535,627,641,453,457,578
536,620,637,461,459,575
533,610,642,459,464,568
525,625,630,461,464,578
534,618,639,458,453,580
536,624,629,463,462,576
537,619,643,453,466,576
537,615,639,465,452,577
538,615,634,463,462,577
538,617,639,461,452,578
536,616,638,462,453,576
526,624,628,462,462,580
537,621,644,452,465,575
537,621,634,462,463,578
526,625,636,459,466,574
536,609,640,463,465,575
534,619,638,459,453,578
524,607,642,463,462,568
537,623,626,460,461,577
529,612,642,461,463,568
534,617,637,460,453,579
532,609,643,459,459,566
536,622,640,452,456,578
538,608,644,465,465,579
531,608,644,461,463,569
525,624,629,458,453,579
532,622,627,465,465,576
522,626,627,461,464,578
534,619,639,455,453,579
533,626,644,463,462,568
534,622,639,455,454,578
538,609,641,463,456,572
524,617,636,458,466,571
523,625,628,461,464,578
527,617,641,459,465,570
527,616,642,458,466,568
538,620,642,464,457,569
538,624,632,461,461,579
538,620,633,463,460,579
535,622,640,456,455,579
534,624,640,459,455,579
532,621,639,456,453,579
523,620,633,459,465,573
537,609,637,461,453,575
538,612,639,458,464,572
534,609,644,464,459,569
539,608,640,462,454,574
529,618,627,465,462,577
528,609,641,465,457,573
531,609,641,465,454,576
530,630,628,461,464,580
535,623,623,460,462,577
536,616,637,458,467,576
536,616,639,462,452,577
534,598,639,463,458,567
524,621,636,461,465,571
535,606,644,462,460,569
534,609,644,462,460,570
538,621,632,465,461,578
531,610,642,460,462,568
535,622,639,459,454,579
523,620,632,459,457,579
525,616,638,459,466,571
533,622,639,454,464,577
531,623,645,450,466,576
539,610,634,459,466,573
538,608,642,463,458,571
537,608,641,450,460,578
539,621,643,466,454,567
523,624,635,458,467,572
536,609,639,464,453,579
525,621,637,460,465,571
533,624,641,451,452,569
535,605,644,462,457,571
524,615,637,462,466,571
534,623,643,461,463,579
533,624,641,451,465,578
539,619,639,454,464,575
537,608,642,465,459,570
534,623,640,453,458,580
532,623,644,449,465,576
539,616,635,459,451,575
536,619,640,465,463,579
538,619,636,458,464,577
532,610,643,460,467,570
538,620,642,454,466,578
538,621,643,448,465,575
532,621,628,464,462,578
533,623,639,454,460,580
539,615,640,464,456,572
523,625,636,460,465,573
537,621,645,452,467,576
536,619,642,455,466,576
534,622,645,450,464,577
537,620,636,460,454,579
524,622,627,450,464,576
540,608,642,463,455,573
532,621,637,456,455,580
538,620,638,458,453,578
533,624,629,464,466,576
536,620,639,456,466,576
533,623,627,464,462,579
539,619,632,460,464,578
533,624,643,451,462,577
535,616,640,453,457,579
537,610,642,465,457,572
535,607,642,465,460,568
527,616,640,459,467,570
539,619,638,460,463,578
525,623,632,461,464,574
534,623,641,461,454,575
536,619,638,459,452,579
525,621,634,459,465,572
529,626,624,451,465,576
532,624,642,450,461,578
539,622,632,463,453,577
538,608,640,465,452,574
525,618,636,461,463,571
536,607,642,463,458,569
530,609,641,461,452,576
535,624,645,452,467,575
528,613,642,459,466,569
533,621,644,450,463,575
527,611,643,462,466,566
539,613,638,467,453,576
534,625,642,449,459,578
532,607,644,458,454,580
527,624,628,462,464,580
538,607,642,464,460,570
536,623,642,450,461,578
537,618,641,455,465,575
531,620,627,464,462,580
529,613,641,460,462,568
532,625,644,450,463,577
532,610,643,463,467,571
541,619,635,460,463,576
537,618,641,457,466,576
533,624,628,463,463,580
539,613,641,465,452,575
527,615,640,460,466,570
536,617,641,461,461,569
537,621,630,462,461,579
530,624,628,464,463,581
530,620,640,458,452,579
525,614,640,460,468,569
537,608,641,464,462,579
542,621,632,462,463,579
534,621,638,457,456,579
538,618,638,462,460,578
534,621,642,453,458,578
537,622,644,461,463,578
534,625,627,465,463,580
526,625,631,460,466,575
534,608,646,462,459,569
538,620,641,457,467,577
537,620,643,451,466,577
539,615,637,461,452,580
532,605,644,463,460,569
538,614,642,460,461,570
534,607,636,463,460,579
533,620,636,458,454,579
527,620,636,459,466,572
528,608,640,455,459,581
535,624,640,451,458,579
533,623,640,451,461,578
536,622,640,453,458,580
535,620,631,465,462,580
539,623,632,462,463,578
521,617,640,463,464,578
539,615,637,461,451,578
527,624,628,462,462,577
525,616,637,460,465,570
532,606,644,456,456,567
526,626,628,462,464,577
526,624,628,461,462,578
530,607,643,461,462,568
533,624,638,451,468,576
532,624,642,451,459,579
536,614,637,461,453,578
532,624,643,447,460,577
540,619,635,462,463,578
527,624,628,465,465,578
533,624,641,452,461,578
527,615,638,460,467,568
533,624,641,453,460,579
537,623,643,450,466,575
527,627,626,463,463,579
538,623,639,453,457,579
537,610,640,465,450,573
533,621,637,455,454,569
539,611,639,463,453,572
526,611,641,460,463,571
537,621,644,451,465,576
536,622,639,456,459,568
525,626,627,462,464,577
528,625,627,462,464,580
526,621,627,456,465,576
526,618,635,461,465,572
539,620,636,459,465,578
534,622,641,450,455,579
533,615,638,461,453,577
530,624,627,461,465,580
536,617,637,458,451,576
538,615,637,465,453,578
526,626,629,460,464,576
521,625,628,461,466,576
527,625,626,462,463,578
528,614,642,463,467,569
527,627,626,463,462,578
540,621,636,458,465,578
540,619,634,459,462,578
538,622,643,452,467,576
532,621,627,462,460,580
532,610,642,461,465,569
537,608,643,463,457,572
535,625,640,455,458,579
522,618,638,460,467,571
538,619,639,459,465,577
537,620,643,455,467,576
536,619,637,460,453,579
539,620,631,465,462,578
521,618,637,461,466,570
530,625,626,463,463,580
536,621,628,463,463,581
524,614,634,460,464,573
528,614,640,459,468,570
530,624,627,462,465,577
534,625,640,452,459,579
525,623,636,460,466,573
533,624,629,462,458,580
537,620,634,460,463,578
526,616,637,459,465,571
540,620,641,456,465,576
526,615,645,460,467,570
527,615,638,458,466,573
534,623,643,451,463,578
539,620,633,460,458,576
536,621,628,465,461,579
538,614,639,465,455,576
535,618,639,457,455,580
533,609,642,462,465,569
533,624,627,464,463,580
537,609,636,461,456,570
535,625,640,453,460,579
539,608,641,463,462,567
524,620,638,459,466,572
534,625,638,453,457,579
539,620,638,463,461,568
538,603,645,463,457,570
539,620,635,461,464,578
536,624,646,452,465,576
535,621,629,464,462,579
527,623,634,460,465,574
538,609,641,465,455,575
533,623,625,466,461,579
539,619,640,459,463,578
533,622,627,464,462,579
532,625,635,460,464,571
537,617,638,461,455,579
537,620,643,455,467,577
537,620,645,452,465,575
534,620,634,462,464,576
526,618,633,462,466,573
540,620,640,453,451,580
534,623,642,450,466,576
534,625,641,452,460,578
537,622,629,464,461,580
539,607,639,463,457,572
526,624,634,460,465,573
534,609,643,464,464,568
528,613,640,460,467,570
536,617,630,465,463,580
541,611,638,463,454,576
529,616,637,459,467,571
534,623,641,451,466,577
537,609,639,466,453,573
537,621,641,459,466,578
538,605,642,465,465,569
539,619,639,455,466,576
530,626,630,461,464,577
533,623,640,456,458,579
526,620,634,460,465,574
539,619,632,463,464,579
535,620,637,458,453,579
538,622,629,461,465,577
538,607,641,464,457,571
537,625,640,452,460,577
538,619,637,459,464,577
531,622,627,464,457,579
529,623,644,451,464,576
538,609,641,465,455,574
535,619,635,459,450,576
537,615,639,461,452,578
529,609,642,461,467,570
526,626,627,460,464,579
533,622,628,463,463,579
525,617,635,460,466,575
538,620,644,451,466,576
537,620,642,453,466,577
532,608,643,461,464,570
530,624,644,451,465,576
525,620,637,460,465,572
533,624,626,465,462,584
527,623,627,463,462,580
533,623,641,452,462,579
535,607,642,464,460,570
539,621,627,463,463,578
527,626,630,462,464,578
535,621,643,452,465,576
534,618,638,459,454,579
532,623,627,466,461,579
539,609,636,463,453,573
529,610,643,461,466,570
532,625,640,450,461,577
540,620,634,463,464,577
534,620,633,464,463,579
535,625,645,452,463,578
530,623,627,463,464,580
537,612,640,465,449,575
530,613,644,464,459,579
539,620,644,453,467,575
528,625,632,460,466,577
538,622,632,464,462,580
536,623,637,453,458,578
529,626,627,464,462,579
531,605,642,463,463,569
530,625,627,464,462,580
532,610,643,452,462,579
540,618,636,460,462,578
534,607,644,462,461,570
538,621,630,465,463,580
531,624,627,460,464,577
527,624,628,462,464,581
533,620,642,458,466,575
524,618,634,461,463,572
531,608,642,461,466,568
536,617,636,457,465,576
531,622,637,460,455,580
538,619,634,461,464,578
536,608,643,465,457,570
524,619,633,460,465,577
535,620,640,457,463,578
534,625,642,451,462,577
529,605,642,461,465,570
539,620,638,448,465,573
536,605,642,464,461,569
537,622,634,463,461,578
532,609,643,463,462,568
537,606,641,464,460,571
531,610,642,463,463,570
536,621,643,452,465,577
528,624,627,462,463,582
536,608,643,464,459,569
537,615,636,462,449,576
537,612,637,459,453,579
526,620,635,459,467,571
527,622,635,460,466,573
540,608,641,465,456,573
538,613,641,457,467,578
534,619,641,456,457,577
539,609,641,464,451,574
535,624,641,455,458,578
536,619,640,461,454,580
534,619,640,453,459,579
525,618,633,459,467,572
527,626,628,461,464,575
541,618,635,461,465,577
539,619,640,459,466,577
536,619,644,456,466,576
536,622,643,451,467,576
539,620,641,453,465,575
538,610,641,467,454,573
535,622,627,463,462,580
530,621,642,451,465,578
525,624,627,460,465,577
536,600,641,464,458,570
538,606,641,462,461,568
526,615,640,460,466,570
532,606,643,464,461,569
526,619,635,461,466,572
525,614,641,449,462,569
538,606,641,463,455,573
522,612,637,459,468,568
526,617,637,463,463,567
537,607,643,465,462,570
533,625,643,451,462,576
536,621,626,459,462,575
535,621,644,452,465,576
535,623,640,451,460,579
538,618,642,455,466,576
535,617,640,453,458,577
525,625,629,461,467,569
537,621,644,452,467,575
534,620,632,462,463,578
536,619,644,450,465,577
534,624,641,454,459,580
522,626,627,463,466,576
534,607,638,463,453,576
533,608,643,458,459,569
526,623,633,461,465,576
528,613,641,460,466,570
537,622,644,450,466,576
525,623,628,461,466,577
538,618,637,462,464,576
536,618,639,459,454,579
527,621,633,459,466,574
535,605,643,464,460,572
536,624,643,451,464,575
528,626,629,463,464,579
528,627,642,462,467,574
534,623,643,451,462,577
526,625,628,460,463,577
533,623,626,465,453,575
528,612,641,461,464,570
535,624,643,451,461,578
529,625,627,465,463,578
534,623,641,455,453,578
535,623,641,450,463,578
540,609,640,465,454,573
537,613,638,455,450,577
527,615,641,458,467,571
532,620,640,460,452,578
533,624,641,453,463,578
536,624,640,453,459,575
538,620,631,462,463,580
537,620,643,457,467,575
539,608,639,466,454,578
535,625,627,465,463,579
534,623,642,451,453,577
533,624,628,464,461,579
537,625,644,450,466,577
540,619,639,455,465,577
540,608,643,465,456,572
535,625,637,452,459,576
528,626,627,463,464,578
529,625,628,460,464,577
527,626,627,461,465,576
534,619,642,458,468,577
531,610,643,460,466,570
530,619,643,464,459,577
538,618,641,463,456,574
533,609,642,464,462,570
536,622,631,463,463,579
528,625,627,463,464,579
536,619,641,458,454,580
533,620,644,452,466,576
534,618,635,461,461,578
527,613,640,459,467,569
535,625,643,452,463,578
534,608,641,464,460,572
527,615,638,461,470,571
525,620,634,461,468,572
531,624,626,464,461,578
537,618,634,462,463,580
526,611,643,459,466,570
524,621,634,461,463,573
535,622,644,453,467,577
531,611,639,460,466,567
536,625,637,447,466,574
533,609,641,463,460,567
538,622,644,450,466,577
537,621,635,461,464,578
525,616,637,460,466,570
542,623,632,463,463,578
533,624,644,451,467,574
537,602,642,463,459,574
537,617,638,463,452,577
532,622,644,452,467,576
543,610,636,463,455,571
531,611,643,465,454,575
538,619,639,460,465,577
536,622,644,450,466,576
534,610,639,462,461,568
533,623,626,464,460,580
538,622,627,464,462,580
539,620,637,457,462,578
520,620,635,461,467,574
537,606,642,462,457,570
540,618,638,455,466,576
534,624,627,465,465,581
539,621,641,456,465,576
534,622,631,463,467,576
539,618,638,461,465,578
537,619,638,460,454,578
526,613,642,460,464,570
528,610,642,463,470,570
531,627,624,458,466,576
534,608,643,464,459,569
527,614,639,459,467,570
525,624,634,459,466,576
536,607,643,463,459,570
523,625,627,462,463,575
538,620,639,459,465,578
539,617,639,457,465,577
