=~=~=~=~=~=~=~=~=~=~=~= PuTTY log 2023.11.02 23:28:22 =~=~=~=~=~=~=~=~=~=~=~=
499,643,658,394,401,532
493,646,648,407,409,536
496,630,664,406,412,526
497,642,658,400,403,536
493,632,662,405,414,527
488,638,655,399,411,530
491,645,646,410,409,536
500,632,661,405,399,531
493,645,649,411,408,536
488,647,649,410,410,537
495,641,655,407,413,536
490,646,649,408,410,538
487,637,657,407,415,528
493,628,661,407,412,525
500,624,658,409,406,535
497,645,647,411,409,539
500,648,650,409,409,535
492,637,661,407,414,524
495,646,658,401,400,536
496,647,659,401,405,535
498,644,658,404,407,533
491,633,662,411,413,524
496,646,664,400,413,531
492,647,662,403,405,531
497,633,660,414,404,523
492,649,661,404,403,532
492,650,663,402,404,530
495,630,662,413,403,523
491,647,665,402,410,528
479,647,654,411,409,527
489,643,661,397,400,528
487,636,662,411,409,520
482,643,656,411,410,525
495,631,663,415,403,519
490,649,662,405,403,529
484,648,648,413,408,528
486,649,648,415,407,530
492,629,664,415,410,518
488,646,647,414,403,530
488,638,660,412,398,526
494,635,663,415,408,519
494,644,659,411,399,528
494,642,657,415,408,527
483,641,658,414,412,521
493,631,663,419,405,519
490,647,659,410,396,528
495,637,658,418,396,524
497,633,661,417,398,521
486,649,649,416,406,525
487,645,648,418,402,527
495,644,664,413,406,521
491,645,663,405,408,521
493,638,660,415,394,521
493,644,659,405,402,517
483,649,650,416,405,520
494,630,662,417,399,514
494,645,664,406,408,519
493,643,664,404,407,520
489,647,647,418,402,524
488,646,648,422,403,523
495,638,656,414,396,516
492,648,660,408,402,522
496,638,660,415,405,523
490,648,659,408,400,521
490,647,663,406,407,520
492,630,658,417,396,521
490,646,662,407,401,522
491,626,659,418,396,509
492,641,663,406,408,517
493,645,662,411,409,516
494,632,657,420,392,510
492,645,662,410,406,515
488,647,661,408,397,517
483,637,659,416,404,508
489,645,658,410,395,515
479,647,654,415,405,510
490,623,664,413,397,504
478,635,664,418,403,505
492,643,655,417,402,511
481,648,648,417,400,510
486,648,660,408,396,510
493,631,657,419,392,502
490,630,665,418,399,498
491,642,653,418,400,505
480,646,648,420,400,511
477,641,659,416,404,501
489,640,658,413,402,506
484,646,648,420,398,510
486,645,664,407,399,506
485,642,659,413,390,508
478,643,648,415,396,509
489,638,660,415,389,508
475,640,656,417,402,499
487,628,662,421,395,497
490,630,659,422,389,503
489,634,661,418,391,504
485,646,662,411,387,500
483,644,663,407,397,505
487,623,659,421,391,495
484,645,664,409,397,504
485,643,660,414,384,503
478,646,650,419,399,504
479,645,649,421,399,504
485,645,662,420,386,499
488,640,654,419,399,504
487,643,660,413,390,506
490,641,655,421,398,506
483,643,648,423,399,507
477,646,650,418,399,504
481,636,659,418,402,499
489,638,658,421,390,505
487,637,660,419,389,506
491,623,661,424,395,499
487,643,650,422,399,507
481,633,663,420,406,496
486,643,648,422,399,505
481,634,661,417,402,500
488,642,662,408,403,505
478,646,649,418,402,508
488,628,661,419,397,496
481,645,648,423,399,508
489,641,652,422,399,506
489,645,645,424,398,507
490,637,652,419,396,509
488,638,661,410,398,508
487,625,664,421,398,497
473,642,652,419,403,506
493,640,662,415,404,506
480,644,645,420,398,504
492,639,666,411,402,507
482,636,659,418,404,502
489,644,649,424,400,509
489,637,661,408,403,507
495,628,663,422,398,506
494,637,657,419,404,507
491,641,664,410,402,509
486,638,648,421,402,513
482,638,656,415,408,504
483,635,660,414,408,505
484,642,650,416,404,514
493,639,663,404,408,513
496,638,662,409,405,512
486,637,657,413,407,506
484,633,645,411,402,515
500,636,657,409,408,515
498,633,658,411,394,517
500,638,653,412,404,518
499,638,654,411,405,517
498,633,659,413,392,513
492,626,662,411,404,507
494,624,662,411,403,508
495,625,660,407,405,507
499,625,659,412,395,514
487,641,648,410,405,521
495,642,647,409,404,518
500,626,660,411,398,513
501,635,659,411,395,519
494,628,664,408,408,511
489,645,648,412,405,521
495,630,663,412,404,511
494,631,659,409,408,512
499,627,661,414,399,515
500,640,665,407,407,518
489,646,651,411,405,518
495,631,663,412,406,511
498,644,661,404,400,519
496,643,662,402,405,519
494,644,646,414,404,522
500,644,662,400,404,519
501,634,661,409,408,519
494,632,660,410,410,511
499,637,657,411,396,521
502,639,658,407,408,520
492,634,660,409,410,512
485,635,657,412,409,511
489,643,647,413,405,523
502,632,662,415,404,512
496,639,661,403,410,518
498,643,660,407,398,522
498,639,659,410,396,521
500,631,656,413,395,518
492,645,645,415,406,523
500,644,662,404,409,519
503,640,656,410,407,520
503,635,658,413,395,518
498,642,659,406,398,523
500,642,658,410,397,521
503,629,660,420,402,514
500,644,660,397,411,518
496,640,663,408,410,519
500,630,661,415,396,518
501,639,664,401,411,520
497,644,661,405,402,521
495,634,660,412,410,512
499,640,658,409,398,522
503,632,658,417,397,517
502,628,663,415,404,511
492,637,658,414,411,512
503,640,663,411,409,518
492,648,649,417,405,521
500,647,662,404,404,519
491,641,656,412,409,514
503,643,663,404,407,518
501,648,662,403,403,519
499,646,660,403,403,517
505,643,659,406,409,519
501,647,648,418,405,523
502,644,650,416,402,522
503,644,664,404,407,519
505,643,661,407,409,520
502,641,659,402,400,519
495,648,647,414,402,527
503,649,661,402,397,524
499,647,647,416,401,525
495,643,657,410,405,517
504,648,658,410,400,521
507,645,659,409,390,523
505,631,662,413,400,513
505,646,650,413,398,523
506,648,659,402,395,524
498,648,645,414,395,521
512,646,656,410,400,522
498,650,650,413,399,526
510,635,660,416,395,516
508,647,658,407,389,524
509,646,658,409,389,524
508,649,661,404,396,524
511,634,661,412,397,517
509,645,664,399,402,523
511,631,662,413,395,515
509,633,662,412,398,516
509,631,662,411,400,515
511,640,658,410,391,523
512,646,653,414,401,526
499,650,647,412,403,526
511,631,662,413,398,517
507,646,654,411,402,527
505,652,661,400,401,526
503,631,661,412,407,515
505,648,662,401,403,525
497,640,656,410,406,517
495,648,659,402,404,525
505,644,662,403,407,523
507,639,662,416,396,523
506,639,657,413,396,522
496,647,646,416,405,527
491,644,652,413,408,523
502,642,661,410,411,522
503,647,661,411,411,523
495,632,661,416,406,516
493,634,657,411,405,513
495,643,647,420,405,526
498,645,651,415,407,524
494,647,647,417,404,525
497,637,658,417,398,520
495,636,658,417,396,520
492,641,657,410,398,523
489,629,660,416,399,518
481,636,658,411,410,513
490,627,663,415,406,513
489,643,662,400,406,522
484,627,660,412,399,515
485,630,666,409,409,513
485,638,663,411,404,517
486,644,663,395,409,523
486,637,660,405,401,526
478,643,663,407,414,523
491,626,662,414,402,519
478,645,648,409,411,524
491,639,663,398,415,523
482,643,647,414,410,527
491,636,659,407,415,525
490,639,653,409,416,518
487,640,664,398,415,525
475,642,649,411,413,527
482,636,661,401,414,524
483,624,666,407,407,517
474,634,658,401,416,518
477,640,648,410,409,529
483,625,663,406,408,519
484,638,657,403,414,523
479,640,661,394,410,526
478,643,662,399,406,528
474,644,647,407,413,528
481,635,662,396,411,526
469,643,651,394,413,518
482,642,662,397,411,527
478,627,664,405,413,520
481,641,661,399,406,529
485,638,664,403,417,526
479,642,647,412,413,529
471,637,653,411,412,528
483,641,662,398,421,527
485,637,661,408,404,527
487,637,664,401,420,525
477,642,649,412,415,530
475,628,662,410,419,519
487,636,666,401,420,525
486,634,660,413,407,527
471,639,653,410,420,522
488,637,663,399,409,524
488,625,662,415,410,521
486,641,658,408,408,526
481,629,662,413,417,524
479,642,649,418,412,525
490,636,658,409,415,520
486,640,649,418,411,522
487,638,652,419,408,521
488,631,660,417,401,519
473,645,653,412,412,518
483,624,664,415,405,508
475,635,657,412,412,511
486,632,666,417,414,509
471,636,656,414,411,511
484,634,659,415,399,517
490,635,655,412,408,513
482,637,661,411,399,515
487,623,664,418,405,505
477,640,646,417,408,513
482,637,664,407,404,511
472,641,653,417,406,511
478,625,662,406,410,507
483,635,653,420,408,512
472,623,662,409,403,511
485,626,663,423,396,505
479,626,664,414,406,510
475,644,650,420,407,509
485,629,659,413,404,508
477,629,662,423,393,508
481,638,662,413,397,512
482,636,667,422,397,502
475,639,649,423,403,512
484,635,666,416,407,506
480,629,665,419,407,499
483,624,663,422,401,499
478,637,665,411,406,505
473,637,656,419,404,504
472,635,656,419,407,501
475,626,662,421,405,501
485,627,662,425,393,503
482,623,666,424,401,499
485,635,656,421,408,505
483,636,660,421,395,511
486,627,661,426,395,503
486,627,662,422,395,510
488,635,660,421,403,506
483,625,665,427,399,500
484,637,651,427,402,510
487,635,661,421,406,509
488,634,663,414,408,507
475,632,660,423,408,503
478,630,662,423,408,502
488,638,656,418,405,505
483,642,661,418,397,512
484,638,661,414,399,511
488,627,660,429,395,506
482,639,651,426,402,511
476,641,649,426,403,512
480,637,662,422,396,512
477,633,665,426,403,499
484,626,666,426,401,499
489,626,661,428,395,503
477,642,666,426,401,501
485,639,662,416,398,511
488,626,662,427,397,506
486,633,661,425,403,511
483,628,662,424,408,500
474,638,658,423,408,505
487,642,665,428,402,511
487,637,654,426,403,512
476,639,656,422,407,507
475,639,654,423,407,508
485,640,665,412,406,509
477,629,655,422,408,510
484,641,649,427,404,512
490,635,660,421,395,511
485,641,665,414,408,510
488,643,664,412,404,510
486,641,662,428,394,511
489,625,663,427,400,507
487,638,650,426,404,512
486,643,664,426,400,507
491,635,660,419,395,512
492,636,655,422,406,510
492,632,664,412,409,511
482,631,662,422,411,503
490,628,661,427,397,508
494,630,662,428,402,503
490,640,651,426,406,512
493,638,657,423,407,514
492,636,660,421,408,511
492,625,662,426,397,508
490,625,666,424,404,506
492,638,658,423,407,511
481,632,660,419,410,502
494,629,660,428,398,507
487,639,648,429,405,513
494,632,660,422,395,511
494,626,663,427,407,509
481,639,658,421,409,507
485,641,650,426,404,514
479,638,655,421,398,514
490,641,662,420,403,511
483,643,649,425,404,512
488,642,665,413,404,513
483,644,651,423,404,513
490,641,657,417,404,504
480,640,653,423,407,510
481,645,650,423,405,514
493,638,661,421,407,511
481,644,650,423,408,515
492,638,668,413,408,504
490,643,665,412,403,513
493,637,662,415,409,511
492,635,660,418,389,514
481,640,659,421,406,507
491,644,655,426,403,515
497,641,648,424,402,506
490,643,660,420,396,514
495,641,659,420,406,513
495,634,661,425,395,512
495,639,662,418,409,513
481,643,655,421,408,513
484,640,658,418,408,511
495,639,658,421,406,513
491,644,649,422,399,516
484,638,660,422,407,509
497,633,648,421,397,517
496,640,658,422,406,513
486,645,650,426,403,516
496,629,664,427,399,507
489,631,663,422,405,508
491,645,662,426,399,507
495,639,660,413,405,514
489,630,664,424,407,505
492,644,651,425,404,515
495,643,653,425,404,514
493,647,661,424,408,507
490,630,665,423,405,506
495,642,666,419,408,512
496,640,657,422,406,515
484,645,651,424,406,516
485,643,655,422,408,515
494,645,660,421,398,515
488,636,658,420,408,508
495,629,663,409,407,514
495,628,662,424,402,507
495,636,661,424,396,511
486,643,658,421,408,512
488,649,649,423,405,516
496,644,660,416,396,517
487,636,663,420,404,507
482,641,662,418,408,510
482,648,649,419,404,516
487,651,649,415,406,505
487,651,649,419,405,517
491,644,648,420,404,518
496,649,661,408,401,517
487,650,651,419,406,516
498,647,652,421,404,516
493,651,649,421,405,518
496,650,663,407,405,515
500,634,660,420,398,512
499,627,663,421,400,508
488,648,651,418,406,517
499,644,649,421,405,519
500,649,665,407,407,516
499,647,665,408,409,514
495,650,651,416,408,515
493,635,661,418,408,510
497,652,664,422,395,515
495,649,650,423,405,520
496,644,651,422,405,518
498,649,665,404,405,516
497,649,659,416,398,519
497,650,658,419,408,511
490,647,655,418,408,516
489,651,651,420,409,518
501,646,665,409,411,516
500,642,659,422,397,517
502,643,660,411,411,516
490,644,655,418,411,515
498,647,660,418,398,519
500,652,662,410,405,519
495,650,648,423,406,522
499,633,664,423,410,509
495,650,662,410,408,520
503,645,660,416,409,517
499,645,657,417,399,519
498,637,665,421,408,511
501,642,659,421,397,517
503,639,659,419,399,516
499,649,655,418,400,520
497,634,661,420,412,510
502,646,656,418,411,518
504,638,659,423,400,516
500,645,657,414,400,519
490,650,648,420,409,518
490,651,652,419,410,519
503,639,660,425,400,515
487,650,648,423,407,522
505,634,661,424,399,514
488,645,655,420,408,519
502,644,660,416,410,518
503,648,663,412,410,518
503,644,656,420,409,520
503,640,656,425,397,515
498,634,665,421,412,515
501,646,665,410,412,516
500,632,663,421,406,511
499,646,660,417,401,522
489,646,653,419,411,518
503,645,654,425,408,520
501,645,664,410,413,518
499,644,662,408,403,519
501,647,664,411,411,519
505,643,657,420,410,520
493,639,659,420,412,513
503,638,658,421,401,515
498,633,663,422,411,511
501,632,661,419,411,509
498,649,664,412,404,522
491,644,653,415,413,515
491,643,650,422,413,519
503,642,664,415,414,517
500,647,659,416,402,519
500,630,664,423,412,517
488,643,655,417,409,518
491,638,661,420,414,513
491,640,660,417,411,513
486,647,651,424,412,520
490,650,648,424,411,522
496,647,653,424,411,520
502,641,660,417,414,518
500,644,657,423,411,521
498,646,659,421,403,520
491,646,650,423,412,522
500,643,660,422,403,522
500,642,663,414,411,516
502,640,662,415,415,518
489,636,661,422,417,514
495,629,663,424,411,511
496,629,663,424,414,512
497,643,648,426,412,522
493,628,664,423,412,512
501,640,665,412,414,518
492,632,663,422,417,512
491,644,656,423,418,519
502,633,660,426,401,518
503,638,667,413,419,518
501,633,664,422,401,517
498,640,665,412,414,520
500,640,651,425,412,521
499,639,665,412,413,520
498,639,660,422,403,521
501,631,663,427,402,518
502,633,661,428,404,519
497,624,666,424,414,512
498,638,662,417,407,523
500,641,664,413,409,521
498,639,665,413,409,521
497,640,651,421,406,521
495,629,659,421,415,514
494,642,667,412,417,519
489,642,649,426,413,521
499,633,659,423,403,521
492,625,663,423,417,513
505,636,656,420,414,522
490,629,655,420,412,517
494,645,650,420,413,523
504,626,664,425,409,514
498,644,664,414,408,523
500,642,662,416,405,523
499,643,664,412,410,519
500,639,655,411,414,521
501,641,665,411,418,521
495,644,650,425,412,524
499,633,657,418,403,522
489,641,656,422,421,517
492,641,650,419,409,525
499,640,658,422,412,522
499,642,653,423,413,522
501,641,657,421,413,521
501,636,652,426,413,522
501,642,667,416,416,519
496,645,664,414,412,522
500,638,660,423,404,518
489,647,653,423,414,524
504,629,662,424,406,519
499,644,658,417,404,526
500,642,658,422,415,521
499,630,664,425,410,513
489,649,651,425,413,523
492,639,659,420,417,515
499,647,665,412,410,521
503,643,659,418,415,520
490,647,649,425,412,523
490,641,655,423,416,522
497,643,659,421,405,522
500,637,662,423,404,518
499,648,650,421,416,521
487,646,650,425,411,523
498,643,664,410,413,520
500,638,661,425,402,518
488,649,649,423,411,522
499,637,659,428,403,517
491,636,662,421,417,513
496,644,664,409,412,520
496,641,661,412,402,524
499,631,657,422,398,517
496,645,651,424,409,522
498,644,664,412,415,520
488,641,659,420,415,516
496,646,664,411,403,523
497,644,657,423,409,521
496,642,661,417,414,520
487,646,649,422,412,522
488,645,657,419,413,518
500,643,666,412,416,521
498,625,659,425,407,513
495,648,662,413,408,521
490,632,663,424,414,513
488,648,650,424,412,523
496,642,659,421,403,523
489,647,660,417,407,522
494,649,662,413,408,521
500,631,660,425,404,515
495,648,660,415,407,521
499,646,654,425,411,521
499,630,664,424,409,512
496,644,649,425,411,523
495,637,658,421,404,522
486,643,656,420,414,519
494,645,660,424,400,512
495,650,662,416,409,521
494,646,649,426,410,522
500,646,665,413,413,518
498,642,665,417,415,518
499,629,662,424,406,514
497,644,659,420,402,523
499,639,661,421,400,517
495,645,661,413,407,521
491,634,663,423,416,512
498,645,650,427,412,511
496,644,659,428,403,522
492,645,650,425,413,524
498,629,662,426,406,512
487,650,649,423,413,520
488,642,656,421,415,515
489,637,660,423,415,515
490,645,648,426,412,523
498,643,663,417,415,519
491,646,649,425,411,523
492,645,650,427,409,523
497,645,664,412,414,519
487,640,659,421,414,515
489,647,648,421,406,523
501,640,661,417,414,519
500,632,661,426,403,514
499,641,662,415,410,517
487,643,657,423,413,516
498,641,649,425,412,522
495,643,665,418,414,520
499,631,666,425,415,517
500,641,665,418,414,518
495,646,660,418,407,521
499,642,652,423,412,521
487,640,660,420,414,516
497,642,660,420,401,521
487,649,649,419,415,517
493,649,660,416,404,523
488,644,655,420,416,518
496,645,665,411,415,513
487,642,660,420,415,512
499,632,661,423,408,513
489,648,648,416,402,524
492,634,663,421,416,513
494,647,662,413,412,523
499,644,652,425,410,522
501,635,659,423,404,520
492,642,659,419,404,523
498,640,660,420,402,522
487,645,663,416,411,524
498,644,650,426,410,524
498,643,661,421,403,524
495,631,663,423,412,513
498,628,663,424,414,513
489,642,655,422,417,518
499,641,664,412,415,520
489,642,658,422,416,518
500,644,665,412,413,521
502,631,662,426,406,519
489,646,650,423,416,514
503,641,659,421,413,522
492,645,649,426,412,523
493,644,649,423,414,524
493,636,661,422,417,518
496,641,649,426,411,523
492,645,648,426,411,524
496,629,662,423,414,514
500,640,665,413,416,520
495,642,660,417,403,523
498,643,655,417,406,521
501,637,661,423,403,522
489,638,657,421,409,525
497,628,665,426,417,511
497,645,659,424,403,523
500,627,664,426,412,515
497,641,648,417,408,522
499,641,649,428,414,524
491,642,649,422,416,522
502,628,660,427,406,517
505,639,657,423,413,522
503,633,660,426,412,524
497,631,660,424,411,522
503,627,663,425,411,513
502,628,661,428,405,518
504,629,661,426,404,517
503,627,662,426,405,517
498,637,653,423,413,522
502,638,664,411,416,520
493,628,662,422,418,515
495,629,662,423,417,515
503,637,660,427,418,520
505,642,660,419,406,524
506,639,665,414,416,520
490,645,649,423,412,524
505,638,661,420,416,521
500,632,661,424,401,521
504,633,656,422,414,522
498,627,664,423,415,515
496,640,649,428,413,526
501,636,658,423,403,523
493,628,662,423,416,514
501,637,657,421,415,522
504,625,661,427,405,516
502,636,652,425,412,524
504,638,651,425,406,521
500,626,663,426,411,516
489,641,649,424,415,522
490,641,654,423,416,522
498,642,664,408,411,524
501,636,664,411,417,522
502,635,657,417,417,515
494,632,659,421,417,517
499,641,644,423,411,522
494,625,662,426,410,515
489,641,648,420,411,525
505,635,657,419,417,521
496,624,662,424,411,515
496,640,647,426,412,526
498,633,664,424,411,515
502,625,653,425,401,521
491,634,658,422,404,522
505,631,659,427,406,518
498,639,647,426,413,526
501,632,657,422,403,522
504,635,661,415,418,520
490,634,653,421,414,522
497,624,663,423,409,523
489,632,656,420,418,519
500,639,648,426,413,526
503,634,654,421,415,523
492,636,657,420,403,524
503,634,657,419,419,523
500,638,661,413,409,526
499,626,660,424,416,514
500,634,657,418,417,523
500,636,659,419,406,526
503,631,657,423,404,525
493,638,645,424,415,526
500,636,662,420,406,527
502,631,657,420,418,521
502,631,655,428,418,527
493,639,646,424,414,525
501,633,661,421,403,523
501,633,662,412,420,523
491,637,647,423,415,523
499,636,661,410,413,526
496,623,661,422,417,516
502,631,655,422,404,523
501,634,649,426,413,526
499,636,659,413,412,526
501,634,651,425,414,525
499,621,662,423,414,515
505,632,654,424,416,526
503,624,659,425,405,522
503,631,660,417,416,524
503,622,659,426,408,519
503,622,662,427,412,516
506,633,654,422,416,524
492,630,658,421,419,520
499,620,661,425,413,516
491,631,657,422,421,520
503,636,662,414,414,525
504,636,659,414,406,526
503,635,660,412,415,526
506,632,659,418,419,525
499,621,662,422,417,516
493,627,658,422,418,518
493,629,656,421,419,519
499,633,658,420,406,525
495,617,661,422,419,516
496,634,656,418,406,526
498,628,661,422,419,516
504,632,662,424,417,525
488,631,656,421,420,519
494,624,658,421,418,517
500,634,658,420,407,527
506,626,659,412,417,524
501,620,651,413,419,523
504,632,661,414,420,524
504,616,656,424,405,519
505,632,653,423,415,525
495,627,649,424,414,525
493,636,646,425,414,529
506,620,659,426,410,517
492,632,644,412,411,525
500,636,662,410,416,525
501,633,658,419,408,527
501,636,663,412,415,526
502,620,661,427,413,516
502,630,656,420,405,524
495,636,645,424,413,530
503,631,654,422,406,522
498,634,650,425,415,526
504,632,657,421,407,527
495,638,645,425,416,526
498,635,649,426,414,527
503,632,663,414,420,524
499,636,657,417,408,526
500,634,658,419,407,527
495,635,653,425,414,525
505,638,649,422,419,528
499,622,650,422,418,526
495,638,645,424,414,528
504,633,650,422,416,527
495,625,659,422,415,515
503,622,654,424,406,524
505,632,652,422,418,526
501,620,660,420,411,517
507,622,658,426,407,519
497,623,660,421,418,518
500,633,649,407,413,526
500,622,660,423,418,517
504,634,651,423,415,523
505,633,662,412,419,526
503,631,657,423,407,525
504,630,663,417,422,523
507,623,660,424,415,517
499,637,645,421,415,525
508,620,661,424,414,518
493,635,652,424,414,525
500,627,657,425,406,526
501,618,662,425,417,518
492,637,646,424,414,528
499,633,655,415,410,526
503,631,658,419,407,527
499,637,664,413,413,527
504,631,654,423,420,524
506,626,656,424,406,523
493,632,655,419,418,519
505,632,657,410,420,521
493,636,647,423,417,528
499,620,661,425,413,516
498,638,646,424,414,527
501,636,661,411,417,521
495,638,647,421,416,527
501,635,657,415,411,527
499,626,658,421,419,517
504,627,657,422,405,524
495,630,647,418,412,526
501,619,662,423,417,516
508,620,654,421,407,520
501,632,651,424,416,526
504,630,661,413,419,524
491,633,647,421,418,526
504,626,663,413,417,524
502,634,660,411,414,526
505,623,662,424,406,527
502,629,650,424,416,528
500,618,660,422,419,516
504,617,661,424,415,518
499,635,645,425,415,528
505,617,661,424,415,516
502,632,656,420,408,527
506,625,656,425,406,524
503,632,648,424,414,528
506,630,651,423,417,526
508,628,654,423,416,526
495,628,650,421,417,526
494,635,652,423,417,524
492,626,655,420,420,518
501,615,660,424,416,518
494,633,645,425,415,530
507,628,653,420,416,524
505,628,657,417,418,525
505,618,658,420,407,524
504,625,653,421,403,525
506,628,660,417,419,525
502,618,661,423,416,518
499,621,660,420,419,517
500,631,661,411,422,525
498,634,645,423,415,527
506,630,659,415,415,522
505,621,659,423,409,528
507,634,654,418,416,527
494,634,654,416,418,521
497,623,661,419,420,519
507,623,663,419,416,518
496,641,647,420,415,530
506,624,655,419,401,526
508,636,650,424,412,529
503,639,658,418,403,529
505,631,660,426,404,521
501,642,661,415,408,528
499,626,662,426,411,513
493,637,647,424,411,525
504,638,658,417,407,525
504,639,662,426,414,514
504,633,659,428,403,520
503,623,657,429,402,513
506,641,662,420,414,522
501,643,652,427,411,523
497,628,660,417,407,525
497,628,660,423,415,516
500,640,655,424,412,522
502,646,661,411,408,526
503,629,661,429,404,518
495,647,644,423,412,525
496,633,663,424,412,514
502,629,662,425,413,515
502,630,663,428,412,517
502,628,664,426,413,517
497,645,648,424,413,525
494,641,653,425,415,525
506,644,663,413,415,525
500,647,647,428,412,527
502,645,659,419,410,527
497,635,659,424,416,517
498,645,647,428,412,530
500,641,661,419,416,525
505,644,658,419,405,528
506,644,662,416,413,527
507,641,657,425,404,527
508,628,659,429,407,520
501,643,647,428,409,528
508,628,661,428,411,517
502,639,659,418,418,524
506,627,662,427,412,528
507,629,660,425,414,517
503,644,659,420,408,529
495,645,652,423,415,523
506,635,659,414,414,522
507,642,644,427,414,526
504,642,660,414,414,528
509,628,659,427,401,521
504,642,661,416,409,527
494,636,653,423,417,524
504,642,658,420,406,530
509,636,647,417,403,530
497,640,651,425,418,525
502,636,655,424,414,529
507,638,651,428,414,528
504,646,658,418,410,529
505,636,656,423,406,528
507,634,657,423,407,525
504,635,657,422,419,525
504,625,659,429,410,520
501,643,646,428,415,530
508,624,658,424,420,521
504,639,659,419,409,528
505,638,657,422,406,529
509,627,657,424,411,518
511,637,652,423,416,528
493,641,644,426,416,528
510,637,652,426,417,528
508,625,660,429,414,519
499,632,657,423,420,521
508,633,655,427,407,527
495,637,652,424,416,525
498,642,648,425,416,527
508,630,657,428,407,523
497,630,658,419,416,521
506,624,656,427,414,522
501,640,644,425,418,528
504,637,647,428,412,529
501,638,646,427,415,528
498,638,653,424,418,524
511,623,659,428,409,523
495,638,650,425,419,526
498,624,658,425,419,528
499,633,653,424,419,521
508,629,658,428,410,519
501,629,658,422,419,529
500,626,659,425,419,519
508,636,651,414,420,527
510,636,650,425,417,530
509,635,653,423,420,527
505,641,657,419,418,530
501,636,645,425,417,531
506,640,657,418,412,530
507,640,658,414,418,528
509,623,656,430,409,524
511,628,654,417,415,520
508,636,660,415,420,527
508,635,648,425,419,530
508,636,656,419,408,529
511,624,656,429,409,523
505,640,656,414,420,525
502,638,643,426,418,531
505,634,655,421,408,519
507,625,660,425,417,518
507,637,659,415,418,527
496,635,650,424,417,527
505,636,648,426,417,528
501,622,659,427,415,519
495,640,651,423,417,527
509,633,649,425,416,529
505,630,647,422,421,523
496,632,652,423,421,523
496,635,648,423,419,528
502,637,660,413,416,528
509,628,654,421,420,530
509,622,659,427,411,520
497,639,657,417,412,529
499,639,644,426,416,530
497,640,644,424,408,527
502,641,646,428,417,529
507,622,657,426,410,528
508,634,660,414,419,526
502,638,658,415,412,529
496,632,652,423,420,522
504,637,647,426,415,527
502,625,657,425,420,516
502,621,660,427,414,518
505,623,657,427,413,518
495,632,652,423,421,525
500,635,656,421,409,528
503,633,658,425,419,518
501,637,659,415,413,528
506,635,659,413,417,527
498,629,658,421,420,519
501,634,658,414,413,527
507,632,652,422,420,523
497,639,657,416,413,526
502,632,651,423,417,527
502,632,651,423,405,524
508,634,651,423,418,526
504,635,662,412,417,527
499,635,658,412,417,526
503,635,654,418,408,528
506,632,660,414,419,525
493,630,660,412,419,526
501,633,652,419,404,525
499,627,657,424,418,519
493,633,650,415,417,522
496,637,645,426,411,530
496,630,654,420,420,520
502,639,653,419,418,519
504,621,646,423,418,528
492,638,645,426,415,528
503,637,659,412,417,528
507,632,655,418,419,526
507,633,658,417,421,525
499,638,640,422,417,528
507,622,656,425,413,520
504,621,658,424,408,519
508,640,647,426,416,528
505,635,660,412,420,523
502,637,661,412,417,529
496,635,652,423,420,524
507,634,648,419,419,526
504,637,658,411,416,530
508,618,656,423,405,524
505,635,660,413,422,531
504,637,660,411,420,528
499,627,655,421,421,530
502,639,658,414,417,529
509,634,652,424,419,529
503,637,656,419,412,527
501,621,659,423,417,520
506,630,647,422,418,520
505,637,661,411,421,527
507,635,661,413,421,528
506,633,655,422,407,526
507,635,652,424,419,529
509,619,658,424,410,522
505,638,660,412,416,529
495,636,652,421,421,527
507,623,660,425,417,522
499,631,658,422,420,523
503,637,655,421,419,529
506,640,660,413,413,530
508,638,655,420,420,529
491,631,659,422,421,523
507,632,651,420,414,528
504,640,661,411,420,529
509,635,657,425,410,528
501,627,661,425,420,527
507,643,662,413,418,529
495,640,654,422,421,528
508,627,657,428,407,520
502,637,645,423,417,532
496,636,656,423,418,532
507,641,659,421,421,528
508,641,658,420,421,529
498,636,658,422,422,524
506,643,649,426,417,533
507,632,658,427,411,525
507,639,662,424,422,522
507,621,659,426,413,519
499,645,647,423,417,523
500,646,646,427,417,531
511,641,657,412,419,531
508,629,659,426,412,525
504,644,649,429,416,532
506,644,658,418,408,532
508,636,658,425,408,530
508,637,658,428,409,526
506,643,658,417,410,533
507,644,648,421,407,529
504,644,647,428,417,533
498,636,662,425,418,531
510,632,659,428,405,526
509,633,659,427,410,528
510,632,658,429,412,527
504,628,661,423,419,521
506,639,654,424,420,530
508,645,659,410,419,527
511,640,655,424,419,530
493,645,652,423,421,529
507,637,657,412,415,528
497,645,649,419,408,533
500,635,658,424,419,523
495,644,653,423,421,527
510,639,660,421,421,529
506,643,661,415,419,529
510,638,647,425,416,521
507,641,648,428,417,533
506,640,648,427,418,532
504,642,648,429,416,531
510,627,661,427,414,523
511,638,659,421,420,530
498,643,646,425,420,530
508,634,653,424,409,524
509,636,657,429,408,529
499,643,647,428,418,533
503,643,647,426,416,533
507,628,661,423,409,523
509,637,657,427,418,532
511,627,659,427,418,532
508,642,655,423,421,531
510,639,652,426,421,530
500,631,658,424,423,525
506,641,649,425,420,530
504,642,645,424,418,532
498,638,652,423,422,528
498,623,660,424,422,523
510,636,658,421,419,530
508,639,663,414,421,529
506,638,656,421,409,533
508,626,660,430,418,521
511,624,660,430,413,524
508,641,652,425,420,533
508,643,657,415,417,532
509,632,658,424,411,523
504,628,661,424,419,523
511,631,660,423,421,521
507,640,662,415,424,530
502,632,660,424,421,524
506,642,647,425,418,524
512,624,660,429,415,521
496,641,646,424,420,532
498,634,655,423,421,525
509,633,657,427,410,531
506,642,659,416,414,531
507,640,646,428,420,533
507,631,656,425,410,531
509,635,655,427,419,531
510,637,662,414,423,531
498,639,652,424,421,531
507,623,662,422,416,523
506,637,657,426,410,531
508,623,663,427,420,526
507,641,658,421,412,533
512,636,654,422,421,530
504,624,661,427,414,523
512,636,660,415,424,531
507,637,657,425,421,531
496,632,655,423,423,525
508,639,647,429,420,530
507,625,663,426,421,521
509,634,663,417,422,531
506,641,646,424,424,524
510,642,656,420,411,533
498,634,653,416,418,531
510,637,657,422,420,529
510,636,652,425,424,529
512,623,659,428,414,524
507,638,650,428,419,534
511,637,661,421,417,526
498,643,647,425,420,529
510,636,658,419,422,531
510,617,656,429,410,522
499,640,647,424,411,533
507,639,648,430,417,531
500,642,648,428,421,532
505,639,658,419,423,524
507,640,661,409,421,527
507,624,661,427,421,524
509,637,658,418,411,532
511,625,658,428,413,525
508,639,662,424,423,527
507,642,659,415,414,532
509,636,662,429,414,526
506,641,660,414,416,531
506,638,657,419,414,532
504,624,659,429,418,532
506,635,663,421,421,529
501,640,646,427,418,534
503,627,659,424,412,532
509,636,662,413,422,529
501,633,661,425,419,522
502,640,646,427,417,533
511,625,659,422,409,524
508,618,662,430,412,523
505,635,659,423,410,529
503,629,656,426,427,523
510,631,656,428,420,527
499,635,647,423,421,531
511,633,655,427,409,529
504,640,646,428,419,533
498,625,650,422,422,526
500,634,655,424,423,528
509,625,661,428,413,524
510,632,658,425,410,530
507,641,660,413,418,530
511,632,660,415,423,529
510,635,658,421,421,531
511,639,662,414,421,528
512,635,664,421,422,529
506,639,659,427,410,525
498,634,654,423,423,525
501,641,647,425,420,533
509,622,661,428,414,522
504,639,663,412,421,530
502,641,647,425,418,534
510,637,652,427,419,532
508,634,662,423,423,533
502,637,647,427,417,533
495,637,649,428,417,530
506,636,662,417,410,530
509,631,660,426,419,532
508,636,663,413,420,531
498,635,650,427,419,532
512,620,662,429,413,525
510,630,665,416,422,529
509,628,664,417,424,529
499,617,663,423,423,521
499,636,648,425,422,531
510,624,650,428,417,531
505,632,660,417,412,531
510,615,663,428,419,521
499,625,658,423,425,524
500,627,658,422,423,526
505,633,648,427,419,532
498,630,655,422,423,526
510,618,661,426,412,524
506,619,662,421,423,521
510,629,664,412,420,529
509,629,666,422,423,526
503,620,665,423,420,523
500,623,662,421,424,522
508,632,648,426,420,532
509,623,660,420,406,530
510,615,660,419,421,529
497,627,658,421,423,530
510,626,657,423,419,530
509,629,655,421,408,529
508,631,665,411,420,529
503,629,645,428,414,530
511,619,663,426,412,525
507,617,665,422,420,521
496,630,651,422,420,532
505,616,663,425,421,521
509,624,660,422,410,531
499,630,662,418,413,531
509,629,665,412,422,530
510,621,660,425,423,524
507,628,659,418,411,532
514,628,662,421,423,530
512,614,665,413,424,530
508,628,660,421,413,532
499,629,649,422,420,531
497,627,653,421,419,528
509,627,666,412,421,528
500,617,657,423,423,526
504,617,663,426,419,530
502,620,660,419,423,524
509,628,651,425,409,528
503,620,661,421,423,522
503,623,662,424,424,521
511,625,657,414,421,528
511,619,662,425,411,528
501,616,664,422,422,519
505,633,662,416,413,531
509,626,664,415,423,528
503,632,650,426,418,532
510,619,661,424,414,522
512,619,656,422,415,522
511,615,664,424,417,519
510,617,663,420,410,526
511,617,662,426,415,523
511,630,656,424,420,531
508,630,660,418,409,530
508,626,647,424,415,531
493,630,653,423,423,531
497,635,647,424,419,532
497,633,648,424,418,530
508,632,664,411,420,530
511,630,663,426,413,524
508,630,660,418,411,532
508,631,665,414,421,529
509,627,660,424,408,529
510,625,661,415,421,530
505,618,659,422,417,519
506,635,663,415,412,532
507,635,660,413,416,531
513,623,657,419,412,524
510,618,664,421,415,524
501,637,650,418,418,531
512,630,658,420,419,525
507,620,664,420,425,522
511,632,657,414,421,530
509,624,661,411,410,530
507,638,664,413,415,531
507,631,656,420,418,532
509,635,661,415,410,532
511,620,663,422,418,521
507,636,663,409,419,530
509,633,659,420,410,530
508,635,664,408,418,530
507,636,651,423,417,533
505,636,663,413,415,531
508,637,651,417,419,531
500,639,648,422,416,533
503,640,646,417,423,527
511,613,658,422,409,520
507,637,662,410,415,531
501,632,656,417,420,525
505,625,662,419,422,521
497,637,651,421,421,530
511,634,660,413,422,529
511,634,666,416,421,528
509,638,653,421,419,532
505,627,664,420,420,522
507,620,664,416,419,523
509,642,660,410,414,533
514,635,665,414,422,529
500,630,659,418,422,534
511,624,649,422,417,533
508,634,663,409,419,532
510,639,664,409,420,531
509,626,663,424,417,534
510,630,659,419,408,530
512,637,655,422,419,533
506,628,663,421,419,522
500,642,648,420,419,531
500,635,655,418,423,527
512,620,660,423,409,528
503,635,661,407,421,531
511,635,660,413,414,529
510,641,658,421,417,535
507,637,659,414,423,523
504,643,648,421,417,533
509,647,664,408,418,532
502,644,649,421,419,527
503,643,647,421,417,534
500,642,653,421,418,523
510,625,661,422,411,527
511,638,661,413,420,531
507,625,665,419,416,524
499,633,659,422,417,534
508,644,663,409,415,533
511,628,660,415,418,532
501,642,646,420,410,526
507,642,649,422,419,533
499,639,655,416,421,529
512,636,662,415,422,532
510,638,666,409,420,523
512,637,660,415,419,531
501,635,658,417,422,526
512,638,663,413,421,531
500,642,645,415,419,528
501,633,650,420,421,532
509,641,652,423,418,533
510,626,664,422,414,524
512,637,663,409,423,531
513,637,659,418,421,532
509,626,663,422,419,521
504,641,644,423,413,531
511,627,662,420,416,523
504,641,647,423,418,533
511,627,661,424,407,528
508,643,660,418,409,534
500,635,659,419,422,527
500,638,650,419,420,532
504,637,648,424,418,535
509,642,661,413,412,534
510,638,665,412,424,530
505,637,656,420,420,532
508,628,661,419,425,526
508,645,654,421,423,532
510,639,663,410,422,531
509,636,659,424,410,532
511,632,656,424,411,530
509,640,651,421,419,532
499,644,654,421,422,528
503,627,668,421,421,523
509,638,659,421,408,533
509,634,659,420,410,531
512,635,658,419,423,531
511,626,662,425,414,525
512,638,661,414,421,529
510,626,663,423,419,522
511,625,661,425,413,526
511,637,660,423,411,532
506,642,659,417,411,535
509,640,659,417,414,533
501,644,649,425,423,531
511,636,661,425,421,534
510,637,659,420,420,529
509,624,662,427,411,528
510,636,664,415,422,527
503,627,662,424,423,524
508,632,657,425,412,530
509,635,663,417,424,530
508,641,650,428,418,532
502,642,649,428,419,534
495,637,651,419,423,531
507,626,660,428,423,530
506,639,653,427,420,533
490,642,653,423,422,530
507,631,661,421,420,532
494,628,663,425,424,526
509,631,657,419,420,531
501,625,664,426,422,523
507,634,661,423,423,531
508,625,662,428,416,524
510,618,663,431,416,524
510,624,661,428,414,526
507,622,662,426,417,524
503,639,649,429,420,535
502,626,663,423,417,524
497,632,660,422,423,524
497,630,658,415,420,532
498,632,655,425,424,527
507,632,659,424,409,533
509,633,657,426,421,532
508,627,658,425,412,533
502,625,658,426,425,525
501,637,662,428,411,532
509,634,658,422,421,524
499,632,655,425,423,531
508,633,665,425,411,535
508,634,663,428,424,530
513,634,653,429,422,533
508,635,664,418,423,528
512,619,663,429,414,526
500,633,652,423,423,528
511,631,664,416,425,531
510,632,664,419,424,531
502,628,658,425,413,524
508,632,658,424,410,533
505,621,663,426,421,523
511,630,658,427,410,533
508,635,662,417,420,533
510,632,655,429,421,534
509,630,657,426,412,528
512,620,660,432,413,525
500,631,655,426,423,528
501,620,663,427,425,523
499,631,656,424,424,528
498,634,648,429,422,522
507,633,648,423,421,531
508,635,663,412,422,532
513,630,656,424,425,529
510,631,653,427,423,532
511,616,664,431,421,524
504,635,647,431,422,534
498,634,652,423,424,531
510,633,664,415,423,533
512,629,663,422,425,523
510,628,658,426,425,525
507,632,652,430,421,532
510,633,651,431,422,532
512,629,657,427,425,531
506,636,649,429,426,532
508,620,665,423,418,534
511,633,653,428,421,533
512,618,661,432,416,525
503,635,663,416,420,532
511,620,660,430,413,528
502,631,661,421,417,534
509,634,664,417,421,532
506,619,664,433,422,529
507,619,664,431,423,523
499,636,647,423,422,532
505,631,658,423,425,531
494,638,649,429,422,532
509,621,662,426,422,529
506,634,666,414,420,530
507,635,662,417,423,530
494,640,648,425,420,533
507,624,662,431,421,528
503,639,662,421,416,534
508,623,660,432,413,527
510,623,660,433,414,526
506,635,663,417,423,531
508,623,663,428,418,523
509,634,657,425,424,530
495,638,648,423,423,530
504,624,663,428,425,523
497,631,657,428,424,526
502,642,648,429,419,534
495,638,649,429,422,534
507,638,650,432,421,531
504,625,663,428,425,524
506,642,659,422,426,533
507,629,654,427,406,529
503,621,664,424,422,525
508,637,653,428,420,534
507,640,650,431,419,536
502,641,646,431,420,534
510,633,660,423,422,531
508,634,658,433,422,534
506,641,663,419,419,533
509,636,663,416,422,533
496,634,655,427,425,530
509,637,652,429,422,533
505,626,662,427,423,524
498,641,646,422,412,534
506,637,648,430,420,534
506,638,658,422,408,535
501,642,661,416,418,533
512,635,656,425,424,532
509,636,655,427,410,531
499,625,663,427,423,524
507,638,659,426,412,534
502,622,658,425,421,525
510,630,659,430,413,528
497,634,656,427,419,530
510,630,659,430,411,531
498,636,653,425,426,535
510,634,665,417,424,530
505,625,662,426,425,524
509,641,660,413,423,530
511,636,654,422,421,531
499,637,657,424,424,529
510,631,658,429,411,530
507,639,650,428,417,525
501,633,654,428,425,531
509,636,658,426,412,534
508,624,664,430,423,523
508,635,656,428,422,533
505,625,664,428,411,523
511,636,661,420,426,532
508,622,663,431,425,530
506,639,648,428,424,527
498,641,647,428,422,534
509,641,648,431,420,533
513,630,658,426,414,530
509,639,663,417,417,534
507,637,663,417,423,531
508,641,661,419,407,536
502,642,647,428,422,532
500,643,650,428,422,533
511,632,659,432,408,531
511,632,659,432,413,529
509,641,661,417,420,532
512,623,659,429,416,523
506,638,648,431,421,534
511,636,652,430,422,533
510,635,658,429,410,531
499,636,654,427,426,532
512,631,652,428,422,524
510,625,661,430,420,524
501,633,658,424,425,528
507,625,663,429,422,525
511,624,661,431,420,523
509,626,663,427,422,521
500,638,653,427,421,531
506,625,668,428,421,524
504,640,648,430,419,537
509,637,658,428,410,534
512,635,657,422,422,532
508,638,661,418,420,533
512,617,659,427,417,523
510,636,658,424,410,534
501,637,654,427,422,529
504,630,661,430,423,525
512,631,656,421,407,535
512,623,663,430,419,526
511,635,649,428,416,531
514,635,665,430,414,529
511,624,657,423,414,524
508,639,649,431,418,538
508,633,648,429,417,537
509,638,659,419,410,537
511,638,659,423,412,536
508,640,664,412,420,535
512,636,664,417,422,535
509,642,660,422,410,536
501,632,659,426,424,532
510,639,664,416,422,534
511,636,657,427,408,534
508,636,658,421,415,536
510,622,662,430,413,527
509,639,658,425,410,535
511,637,663,419,423,533
500,636,658,428,422,529
504,643,650,432,419,538
511,625,664,430,417,524
506,633,663,428,420,531
510,637,651,427,414,536
511,635,660,432,409,534
514,641,656,428,418,534
514,629,661,429,413,530
511,632,661,428,418,539
506,631,664,427,419,529
516,641,655,428,422,534
512,642,664,417,422,533
513,639,656,429,408,534
500,630,662,425,422,527
497,639,657,425,423,532
505,644,648,430,417,538
505,631,664,425,424,527
506,645,661,417,410,537
509,642,665,415,419,537
500,643,654,426,421,527
501,644,647,429,420,538
513,634,660,431,412,534
511,642,651,430,420,539
507,646,660,418,423,540
498,638,655,426,423,537
511,641,657,423,423,539
498,632,661,423,423,532
510,633,658,429,412,534
510,627,660,428,413,534
500,642,647,428,419,540
508,639,661,415,423,534
497,643,648,425,418,540
504,641,660,413,418,540
497,643,648,425,422,541
508,607,660,425,411,534
502,621,660,428,412,535
509,634,652,420,422,538
506,633,657,421,423,538
507,633,657,421,423,539
506,637,664,412,421,537
493,634,654,420,423,534
502,638,661,412,417,538
502,638,664,410,418,536
502,637,653,429,421,539
506,626,658,425,410,534
494,626,650,422,423,538
504,621,662,425,416,529
496,640,653,424,421,540
506,632,661,418,424,534
504,631,660,426,412,534
508,636,657,422,421,531
493,636,649,422,423,537
505,635,664,413,422,535
496,643,650,422,423,534
503,637,663,425,418,530
506,629,661,425,413,531
497,635,656,421,426,533
508,636,658,419,425,536
499,628,657,421,421,527
505,637,664,412,426,538
505,639,664,413,424,535
507,627,660,427,415,531
510,629,663,419,427,536
495,631,653,422,425,536
496,637,652,421,424,539
499,642,647,426,423,539
504,627,665,423,428,529
507,639,665,411,424,536
498,633,658,422,428,531
504,638,650,426,425,536
507,640,664,413,421,538
506,626,660,422,427,529
502,622,663,423,427,528
507,622,662,427,416,531
494,638,655,424,426,536
495,638,654,424,426,538
499,631,661,422,414,537
504,638,663,417,423,540
507,635,665,414,426,537
501,639,649,426,421,541
504,636,650,427,421,541
508,633,664,421,426,538
497,628,657,423,427,536
504,638,661,419,417,540
500,641,648,428,422,540
508,635,666,415,427,538
504,639,664,412,424,539
505,643,668,415,419,541
510,639,665,417,426,538
498,644,655,424,426,539
507,643,664,414,424,538
508,641,663,415,422,540
509,642,666,416,424,538
508,644,663,416,419,541
512,646,652,431,421,540
512,627,663,430,414,531
513,639,659,423,424,537
511,631,660,422,411,538
507,643,664,418,418,538
507,641,650,431,422,541
498,646,655,428,426,540
504,643,662,417,424,535
506,643,661,421,414,540
510,629,663,431,424,527
507,640,664,418,424,529
499,638,655,429,424,534
499,639,658,429,424,531
510,641,662,419,425,538
513,639,660,425,426,535
500,635,656,424,428,531
509,643,664,420,427,539
514,638,654,430,424,541
514,637,654,430,422,539
509,642,663,420,427,538
511,634,658,430,415,538
507,633,657,432,415,535
508,643,660,419,421,541
511,624,663,431,421,531
512,635,656,427,423,538
507,640,659,425,416,541
501,643,647,430,424,543
506,642,647,431,424,542
500,637,654,424,425,538
507,630,662,422,425,534
512,635,659,418,424,540
515,632,659,422,408,536
505,630,659,413,415,531
520,636,657,408,412,533
515,623,661,403,397,538
517,637,648,408,405,539
507,642,649,401,399,530
518,631,652,402,393,536
518,632,651,398,394,535
519,617,657,400,404,525
510,635,647,397,408,531
514,637,659,398,403,537
512,630,653,396,407,527
517,638,654,385,406,534
518,639,650,393,396,536
523,626,653,399,398,531
519,624,656,399,402,528
526,632,652,399,395,535
519,635,656,385,408,535
511,641,642,396,405,540
510,637,648,393,407,537
519,639,656,383,405,538
520,638,642,396,404,540
523,633,652,389,405,537
521,631,652,385,398,539
520,632,648,396,389,536
522,635,651,390,402,537
513,629,651,393,404,528
515,639,639,399,391,535
511,623,654,396,404,532
502,640,640,400,402,530
500,631,644,402,406,529
509,635,656,393,406,529
507,634,652,404,395,528
506,631,656,392,402,527
505,627,650,405,394,527
502,634,642,411,404,528
505,623,651,411,395,520
508,629,652,403,406,522
507,619,655,409,396,516
498,617,656,408,406,512
499,616,656,408,400,508
506,629,655,403,405,515
488,632,642,409,400,519
496,631,655,397,399,513
501,626,651,404,402,512
497,635,652,401,393,514
494,634,653,397,393,513
487,632,643,405,400,511
498,616,656,410,396,502
494,613,655,409,399,501
498,618,653,409,395,504
485,630,650,406,401,508
499,617,655,410,397,507
498,618,645,405,390,508
494,631,653,399,394,509
497,628,647,411,397,509
496,632,657,399,399,506
498,622,657,411,387,502
499,624,652,404,398,503
487,628,649,408,399,499
499,626,651,406,401,503
498,631,643,412,393,506
498,626,658,399,395,501
496,632,652,407,397,494
491,632,639,413,393,504
486,632,640,410,395,501
493,630,652,406,386,502
484,633,641,410,395,503
494,628,641,413,393,504
494,630,654,402,390,503
492,619,654,412,397,493
495,628,643,412,392,504
493,632,654,401,390,503
487,631,641,412,394,504
499,614,656,414,388,496
497,627,652,408,384,503
491,622,654,411,398,495
488,630,647,409,398,499
495,618,655,411,396,492
498,613,659,414,391,494
499,625,648,411,385,496
497,631,638,410,394,501
494,625,651,410,397,496
492,631,642,414,395,505
497,626,652,408,383,503
495,613,658,411,394,493
498,626,650,411,395,501
493,632,642,410,390,505
487,633,642,411,395,502
493,621,654,409,399,496
499,627,658,401,397,503
501,615,657,415,391,495
490,633,644,412,394,506
499,614,658,414,392,497
501,610,655,415,394,497
501,628,659,400,399,505
499,617,657,412,403,499
491,626,649,412,404,508
506,620,656,415,394,508
507,626,658,408,408,513
504,616,659,413,406,506
505,615,658,413,403,510
499,631,643,408,407,523
509,628,654,404,412,524
499,633,646,403,412,525
509,634,658,396,411,530
513,627,648,411,412,533
517,614,656,417,405,529
518,613,656,414,407,528
509,620,654,411,418,527
506,629,649,410,417,530
517,615,656,417,405,533
513,620,654,412,407,536
519,614,656,418,412,529
519,617,655,419,412,530
517,618,655,412,425,533
514,627,646,406,423,535
516,620,651,416,417,532
513,629,656,410,419,534
511,615,655,424,422,529
508,624,656,423,432,527
497,630,646,423,434,537
494,627,647,423,433,537
500,625,664,414,439,533
499,620,659,424,428,532
496,624,657,424,428,537
490,628,647,429,439,536
481,625,651,425,441,535
493,624,653,427,439,536
490,632,649,429,439,537
489,605,663,425,439,528
490,625,658,429,433,535
494,611,662,432,435,532
491,611,662,429,439,531
492,617,660,431,436,539
492,621,659,418,446,546
488,621,666,418,448,542
486,626,649,432,448,548
483,618,660,430,454,548
492,612,664,434,451,542
496,624,657,437,464,551
497,619,658,441,457,554
488,616,663,451,488,548
497,627,665,464,531,558
499,623,652,493,553,560
498,627,661,487,554,558
497,620,660,499,550,561
495,626,648,504,560,558
493,626,648,503,561,555
500,624,665,491,558,559
483,623,658,498,552,552
490,627,649,500,549,554
483,623,655,497,546,552
494,615,664,485,535,563
491,613,665,488,529,557
499,620,657,477,511,562
494,628,663,464,501,563
492,626,649,469,493,567
491,629,645,464,487,568
501,622,654,457,488,565
497,619,660,458,474,561
496,625,651,456,480,563
498,624,654,449,479,562
488,628,650,445,477,559
500,623,658,435,466,559
495,625,647,441,470,557
499,628,663,429,467,553
491,623,647,433,462,551
495,623,648,433,464,552
496,626,649,437,463,550
499,623,656,431,464,547
506,624,660,431,464,546
504,622,659,427,464,544
503,623,660,429,464,544
502,619,659,433,451,544
503,610,662,437,456,536
503,622,664,438,460,545
497,627,646,435,464,544
499,625,653,438,465,546
496,626,649,440,465,548
499,614,662,440,459,544
496,623,655,431,460,550
496,622,660,440,462,550
497,622,657,435,474,552
494,628,663,429,471,556
494,631,663,432,474,556
492,613,664,442,475,546
492,628,664,429,474,556
495,625,655,443,479,556
485,613,663,442,485,549
482,624,659,442,483,552
492,629,664,434,479,558
491,619,649,446,476,556
495,623,666,441,484,556
496,624,666,433,485,557
488,628,661,444,472,557
492,629,659,442,473,559
481,627,658,448,479,560
492,632,664,434,480,560
499,626,651,444,481,559
493,630,662,437,479,558
492,623,660,440,472,560
490,631,663,438,477,560
484,632,649,447,482,560
497,625,667,440,482,553
492,628,659,444,471,555
492,610,665,442,480,549
491,630,661,438,476,559
485,632,651,442,479,560
493,630,652,446,479,558
488,631,649,442,477,559
498,625,657,443,482,558
496,625,662,438,484,555
498,627,666,436,484,555
487,625,659,441,483,549
498,628,658,443,483,555
489,615,655,442,479,547
499,617,662,446,471,549
491,629,649,446,476,558
492,627,665,433,483,552
491,632,647,447,477,557
498,627,662,440,480,555
488,627,653,439,480,551
495,634,660,436,471,557
496,627,660,440,469,556
494,631,660,439,470,559
500,627,658,441,476,554
499,627,653,443,480,554
494,619,663,442,479,547
501,608,660,448,470,547
496,631,653,443,478,556
489,631,646,440,475,558
489,628,651,443,478,555
502,628,649,445,467,557
496,631,659,436,469,558
489,624,657,443,479,552
498,615,662,445,479,548
498,628,648,446,475,558
502,628,658,441,478,555
497,627,650,447,475,557
491,631,642,447,473,557
500,626,662,433,478,556
495,615,660,445,482,547
503,619,658,442,468,556
502,614,657,447,469,549
502,624,656,444,468,556
500,631,659,433,478,558
498,631,656,434,475,558
498,611,659,443,480,550
504,620,651,441,478,557
503,615,657,444,482,548
504,628,652,443,478,558
506,626,656,438,479,556
504,626,652,443,476,557
500,629,645,445,476,559
505,613,659,444,473,549
492,626,650,442,480,557
493,621,650,437,482,549
499,631,655,432,473,559
506,627,652,438,480,557
493,626,648,441,480,553
501,626,656,435,482,557
501,633,655,431,473,559
504,621,650,441,466,558
495,632,641,442,478,556
504,621,651,441,470,555
505,625,648,440,478,560
508,626,647,443,478,557
506,619,652,446,468,555
498,625,638,444,477,560
504,623,652,438,478,558
502,626,649,442,467,557
507,623,651,435,479,557
492,620,650,441,480,551
502,625,645,442,476,558
505,618,650,442,467,556
499,628,638,445,475,560
504,627,653,431,477,559
504,626,651,437,468,560
501,622,649,438,480,555
502,627,652,432,475,560
493,626,644,440,479,560
508,628,644,443,476,561
492,622,647,441,478,556
495,628,641,443,477,562
494,623,643,441,480,559
499,628,639,445,475,559
503,627,656,434,478,558
501,626,635,443,477,559
504,627,653,435,470,561
506,611,654,444,476,549
497,619,651,440,482,554
506,624,644,443,477,559
502,624,654,431,482,557
505,612,652,442,476,551
506,624,643,444,478,560
499,628,639,446,477,562
501,627,637,446,475,561
508,623,652,436,481,557
501,628,649,436,467,561
506,623,644,441,480,559
504,619,646,439,468,559
500,625,637,446,477,563
495,618,649,440,481,554
497,626,654,431,476,559
508,618,649,445,468,556
505,613,654,444,478,551
500,625,650,431,475,562
493,626,639,436,477,562
501,627,637,445,477,561
499,622,638,444,477,562
509,615,650,445,470,555
502,616,653,441,480,551
507,613,650,444,469,555
505,626,654,434,477,561
506,623,642,443,478,560
507,626,653,429,481,556
494,625,641,441,480,561
494,625,637,441,477,562
492,623,643,441,481,559
503,621,648,443,467,559
503,625,650,433,470,562
507,623,647,442,480,559
507,621,650,438,482,559
506,610,652,445,471,553
494,629,644,441,481,557
507,614,647,444,470,555
492,624,646,440,481,556
506,622,647,437,481,557
494,617,649,434,479,552
504,624,649,437,468,561
507,624,648,438,481,559
495,626,637,442,479,562
507,621,641,442,480,561
495,627,638,444,478,563
506,612,652,443,475,553
503,625,650,436,471,562
507,618,650,443,469,557
504,627,653,431,477,559
505,619,653,432,479,558
505,626,653,429,481,560
497,628,638,440,478,562
502,607,651,444,470,556
487,628,640,442,479,561
506,613,651,445,472,555
497,621,637,446,480,562
500,608,653,442,484,549
502,626,651,439,472,561
493,629,639,443,479,559
498,625,641,446,475,560
506,616,652,446,470,555
502,626,655,432,480,558
505,619,650,442,471,560
504,616,650,442,469,556
497,626,640,446,479,563
498,627,642,445,478,560
494,622,650,443,481,554
501,611,654,443,481,550
504,618,651,443,470,561
495,623,646,442,483,558
496,617,652,440,483,553
501,625,643,446,476,560
505,612,650,443,478,559
496,628,640,442,480,562
505,623,647,437,470,557
507,620,657,435,482,558
507,622,657,431,482,558
495,630,639,444,477,562
503,625,652,444,479,556
505,624,658,432,484,559
503,625,652,438,471,560
489,628,642,443,480,559
494,626,645,441,481,561
492,619,651,440,483,549
506,622,651,439,480,558
505,619,652,443,468,559
494,622,648,440,484,556
506,612,655,446,473,555
504,624,658,430,481,558
502,627,655,435,476,560
507,622,656,431,483,557
502,628,657,431,479,560
494,625,655,445,469,558
497,628,655,433,470,562
503,625,653,439,471,561
505,611,658,443,475,551
506,623,650,437,481,559
504,611,648,445,466,555
507,619,653,442,468,557
501,628,657,431,477,560
506,624,652,438,479,559
494,629,641,443,480,558
495,628,643,443,479,563
499,614,655,439,479,551
503,623,654,441,467,560
506,625,657,431,477,558
490,623,651,439,480,554
495,622,648,442,481,558
496,619,653,441,482,552
506,625,656,432,479,558
497,628,642,445,476,562
501,629,656,435,471,563
508,624,651,441,478,559
496,619,657,436,477,550
496,621,653,441,479,553
504,629,656,432,474,561
503,626,658,429,479,559
498,620,654,440,480,553
508,612,657,443,471,553
506,623,649,439,478,560
509,615,656,446,470,555
508,619,646,445,476,561
505,624,657,431,482,558
508,614,659,445,474,550
507,623,656,438,482,556
508,611,659,443,474,551
496,626,649,440,480,560
504,627,649,430,477,556
502,629,654,435,466,562
504,629,658,429,478,560
508,626,649,441,477,558
501,629,658,428,480,560
505,627,645,442,477,559
499,630,642,444,477,562
506,613,657,442,476,551
495,627,650,439,481,556
503,626,654,434,472,562
503,633,656,430,474,560
495,628,650,439,481,558
497,623,653,440,481,555
504,631,658,429,477,560
506,627,647,441,478,560
502,629,653,437,468,562
504,614,657,437,476,552
502,628,652,437,468,563
499,618,658,438,481,552
501,620,656,440,484,552
495,634,644,439,479,562
501,632,657,429,474,561
500,632,655,435,469,561
498,630,660,426,479,559
503,631,644,439,476,563
504,628,660,427,483,558
501,611,658,436,478,552
492,635,643,436,479,562
493,626,651,434,481,557
499,628,658,432,480,558
498,633,656,430,471,563
495,617,659,435,481,552
493,633,646,440,475,563
497,619,659,436,483,551
489,628,653,435,481,558
502,623,656,440,467,563
501,631,661,426,482,561
500,632,648,436,478,564
496,622,660,430,478,556
502,630,660,423,477,563
504,637,661,425,477,562
506,623,658,439,465,559
505,637,658,425,476,560
496,640,646,439,472,567
500,642,659,423,470,564
499,624,661,436,473,553
501,641,656,426,466,562
494,645,647,436,472,565
501,637,658,427,467,566
493,645,644,436,472,564
494,639,652,434,475,562
504,628,660,434,464,556
502,628,662,436,470,555
499,642,657,423,471,564
503,641,657,432,464,566
503,635,657,441,464,563
492,642,651,434,476,563
500,645,659,426,468,566
506,634,657,440,463,560
504,640,660,437,465,558
500,644,657,428,466,566
504,644,661,426,478,561
500,637,656,440,463,562
503,630,657,431,473,553
502,645,659,428,468,566
508,635,656,439,464,563
507,637,659,440,465,561
502,645,660,427,473,564
502,634,658,440,465,560
508,641,649,431,476,561
497,630,659,438,478,555
505,646,653,435,476,564
505,643,661,426,478,561
509,633,656,431,476,562
506,628,663,439,472,554
507,635,658,439,465,559
494,644,647,434,477,561
500,643,648,440,474,567
497,645,644,440,475,568
504,643,647,439,475,566
497,634,656,436,479,559
506,635,657,439,466,561
515,641,661,439,477,555
509,640,660,434,478,563
507,638,657,439,465,563
509,641,659,432,479,562
494,639,654,436,477,561
496,636,655,435,480,559
504,641,657,435,467,563
506,640,660,427,479,563
506,631,659,441,466,560
503,628,663,437,475,555
504,631,646,439,474,568
508,638,658,432,478,563
507,642,659,427,478,563
504,639,655,437,465,563
503,646,667,425,474,564
506,628,661,440,472,558
498,646,645,437,475,567
510,638,658,434,477,564
508,628,661,438,472,558
504,636,657,440,464,565
506,636,661,440,467,562
507,626,662,435,474,555
503,628,661,439,473,558
504,644,660,424,474,566
510,634,656,436,476,564
505,644,657,432,465,567
497,638,660,436,478,560
500,646,661,425,471,566
496,645,645,431,479,565
504,644,661,423,476,564
510,628,660,438,467,560
504,628,663,435,475,557
504,638,657,433,468,567
509,625,662,438,477,557
501,627,661,435,476,557
507,639,655,434,465,565
499,642,648,437,475,565
507,637,654,437,466,565
506,626,660,441,471,560
506,641,658,436,466,567
503,639,646,441,474,567
498,641,645,436,477,565
495,637,653,437,479,561
505,639,646,440,475,566
507,635,660,428,480,564
507,622,661,440,476,556
507,624,661,438,478,557
510,634,655,436,477,566
508,635,651,439,475,566
499,636,651,436,479,560
506,638,658,434,468,568
498,641,647,439,477,566
510,623,658,440,470,561
499,628,658,436,481,559
497,635,651,437,479,561
511,621,660,440,469,561
510,619,659,441,467,562
505,618,659,439,470,559
508,630,656,435,479,558
511,629,654,434,477,565
497,634,648,435,480,560
500,634,645,435,473,569
507,631,651,436,474,565
506,629,658,429,467,567
508,626,660,427,479,562
505,629,661,423,472,564
510,616,657,428,479,563
501,628,647,434,475,567
510,617,659,436,465,561
502,611,661,434,477,564
496,622,653,429,478,567
510,619,656,430,476,564
502,612,663,431,477,556
497,627,649,432,476,564
508,622,664,422,478,564
503,610,661,432,474,556
508,617,664,428,479,563
510,616,664,434,474,556
510,623,659,431,479,560
496,624,653,431,477,563
506,625,657,426,466,567
509,624,664,422,478,564
507,623,663,423,476,564
505,609,662,434,477,555
505,623,648,436,476,565
506,621,657,430,468,566
505,623,659,428,466,567
506,626,659,425,471,567
509,624,663,422,480,564
501,613,662,434,478,564
503,624,647,435,475,568
506,621,660,428,479,564
505,628,660,425,472,566
499,623,656,431,479,560
494,620,656,431,480,558
512,613,659,438,470,561
511,617,657,433,466,563
506,625,662,423,475,565
505,622,664,424,481,560
499,618,658,433,480,559
498,630,648,437,477,567
508,625,646,436,474,569
508,620,657,429,466,565
508,625,664,421,478,563
508,624,664,424,479,563
505,629,663,423,475,564
497,624,653,432,478,561
507,625,661,423,476,563
508,628,663,422,474,565
511,612,659,430,481,557
511,608,660,437,472,558
505,613,664,436,479,556
499,628,648,435,477,566
504,618,657,435,465,562
512,611,661,437,467,560
501,628,662,423,472,567
505,629,662,427,470,565
507,626,664,423,479,564
512,625,650,436,475,566
504,627,646,429,471,569
508,625,660,433,469,566
505,615,661,433,478,557
501,630,660,426,470,567
512,627,652,437,476,565
511,625,655,434,477,564
511,615,664,438,476,555
504,611,658,435,480,555
509,627,665,424,479,563
504,616,662,436,478,555
504,629,646,433,476,564
507,626,663,438,468,566
508,630,663,422,477,565
505,627,663,431,468,565
510,625,655,436,475,564
499,622,658,427,475,560
512,625,658,432,478,564
504,618,661,434,482,556
505,631,663,424,476,566
511,625,653,435,474,564
499,624,657,432,481,560
510,624,660,430,478,562
499,631,648,435,476,569
507,630,662,425,472,566
510,624,664,425,479,563
512,628,650,438,476,564
508,629,663,424,478,563
500,626,649,433,477,565
510,622,659,437,466,561
510,625,657,431,480,564
509,623,659,437,465,563
501,629,649,435,478,565
499,634,656,428,470,567
512,626,657,430,478,564
507,629,660,429,469,568
498,626,653,434,478,563
500,620,658,434,479,557
506,617,661,434,476,556
497,632,646,435,478,567
500,619,662,434,479,558
498,628,655,431,478,561
503,623,659,435,479,559
509,623,663,436,467,563
506,626,659,436,471,563
509,625,664,423,480,563
497,633,651,433,478,563
507,627,654,436,477,565
512,627,663,430,479,563
506,628,657,431,466,566
502,623,660,428,476,558
506,617,661,433,480,555
505,628,659,432,466,566
505,616,662,434,480,556
506,631,664,424,476,565
508,628,655,434,480,565
501,632,648,437,475,567
509,617,659,438,470,558
511,615,663,436,473,556
502,620,662,434,482,556
508,616,661,437,475,558
494,632,648,438,477,567
510,627,665,427,478,564
508,629,658,432,467,568
510,625,657,434,464,566
507,631,663,425,473,568
509,617,662,438,470,557
496,628,654,433,480,562
504,622,660,435,482,557
508,616,661,436,472,556
502,631,659,428,470,565
508,631,658,429,466,565
511,626,656,432,478,562
506,619,662,436,481,556
497,633,648,436,476,569
511,631,663,423,478,565
502,628,661,427,476,556
510,626,657,432,475,565
511,618,660,439,467,561
511,626,658,440,464,563
508,633,661,424,470,565
500,634,648,437,475,565
492,626,658,434,476,558
510,629,659,427,477,563
513,627,661,427,475,564
504,622,660,432,477,558
505,632,646,436,472,569
507,631,657,429,464,567
509,619,662,434,476,557
501,635,646,426,475,567
512,617,662,431,471,559
512,616,662,433,470,560
512,628,654,428,476,568
512,618,659,434,466,562
502,636,646,430,472,569
509,612,660,432,469,563
511,630,658,421,477,570
516,618,659,431,466,572
510,630,661,417,475,567
511,628,657,422,473,569
509,631,660,413,471,567
512,630,656,423,471,566
508,627,646,428,466,571
501,631,653,423,468,564
511,634,647,423,462,570
512,639,660,412,456,566
516,618,661,422,457,556
517,632,646,419,458,565
510,629,645,418,457,565
518,631,660,405,460,561
516,636,658,403,452,563
517,631,657,412,447,564
514,636,658,403,452,564
520,622,655,412,446,560
516,633,661,400,459,562
515,635,657,409,446,566
504,632,648,409,456,562
519,622,658,411,444,556
518,620,659,409,444,557
512,635,643,408,449,562
515,633,656,403,449,559
522,630,653,399,449,560
518,632,655,402,441,562
520,620,657,407,442,556
509,620,657,406,450,550
519,622,654,407,440,556
515,637,655,389,440,564
510,636,656,391,446,558
515,626,652,405,437,555
518,637,654,390,441,563
513,620,656,403,442,548
516,631,654,393,439,560
515,638,656,391,446,561
512,624,655,402,447,552
524,633,648,400,449,559
505,637,647,400,448,557
525,633,648,399,447,560
519,636,653,387,444,559
507,632,649,399,447,551
524,632,653,391,445,557
518,638,641,398,437,560
522,636,642,395,433,556
523,621,654,394,425,543
524,635,650,383,416,553
528,625,652,380,422,550
518,637,641,391,422,552
528,633,649,388,422,551
524,637,654,382,420,553
529,634,647,391,423,554
519,622,649,394,425,545
527,619,654,394,414,546
516,624,657,389,423,542
524,636,651,386,413,553
525,627,648,392,407,549
523,621,650,393,413,539
519,637,647,380,409,550
513,624,651,391,415,539
516,622,650,392,412,536
517,632,646,390,404,547
507,634,647,385,410,549
519,631,650,388,420,545
511,627,648,393,418,539
518,625,645,394,406,547
505,630,640,392,416,544
506,630,645,394,412,540
510,621,647,392,414,536
507,628,645,391,416,539
514,635,648,382,415,544
516,630,648,380,412,543
513,632,647,385,415,541
513,634,634,399,410,543
518,633,635,398,410,543
515,633,645,391,402,543
505,635,632,399,408,544
516,623,643,399,399,538
507,624,647,395,410,530
505,632,641,398,408,530
512,630,644,397,399,536
512,631,643,395,398,536
503,628,642,399,411,527
516,629,640,400,408,534
498,627,636,401,411,533
507,633,631,406,408,536
516,628,636,404,409,534
500,633,633,403,408,534
511,630,649,395,412,532
500,624,643,402,412,526
509,630,636,409,408,534
509,628,642,404,401,535
504,629,629,406,399,534
508,611,644,409,400,532
495,627,640,406,415,526
507,617,642,412,400,532
494,620,638,406,415,531
496,626,638,406,417,529
503,627,639,409,404,536
497,632,628,412,413,540
506,616,641,413,408,533
491,623,639,410,418,532
494,633,629,413,415,541
503,631,640,398,414,539
494,615,638,412,418,530
495,622,638,412,421,536
503,629,644,406,422,543
504,626,630,421,416,545
491,632,630,419,424,549
502,630,645,410,423,547
503,621,641,421,412,549
503,632,643,419,417,556
506,615,644,431,418,548
497,617,648,429,428,547
493,631,640,431,431,555
500,628,650,425,432,559
493,625,640,433,435,557
502,629,635,440,432,565
503,630,637,441,434,565
493,616,650,442,438,555
500,630,649,437,433,568
500,616,650,443,443,558
498,631,648,434,435,569
491,630,642,443,447,565
500,631,632,451,445,573
491,624,647,445,454,566
491,618,649,452,445,574
501,622,648,460,450,574
497,632,649,449,460,578
491,628,641,463,471,574
491,621,648,467,485,571
504,627,647,468,490,578
500,632,637,479,489,582
500,617,652,476,492,572
494,621,651,475,498,574
497,625,649,478,486,581
497,627,655,468,499,579
498,627,652,477,501,579
499,629,645,479,501,579
490,629,645,485,500,583
494,615,658,486,496,571
480,630,646,483,505,577
480,633,646,482,506,581
482,635,647,482,505,578
479,634,647,484,506,581
487,637,648,485,501,581
478,633,656,482,507,576
485,636,660,478,507,577
490,625,663,486,500,571
478,636,656,484,509,576
489,636,661,481,506,578
488,626,662,488,497,573
487,641,660,481,494,580
487,642,667,473,509,577
488,631,662,480,496,573
487,642,665,475,508,576
483,634,664,485,507,568
475,643,656,484,508,576
486,643,666,475,509,577
485,639,660,490,494,577
480,633,664,484,511,571
489,632,662,490,500,576
475,644,655,487,514,572
477,648,649,493,521,577
484,648,660,487,522,580
488,643,662,491,533,582
490,643,660,497,539,581
486,646,665,493,543,583
487,644,666,495,546,584
490,628,662,509,542,589
477,636,654,510,554,582
488,633,663,514,542,591
487,631,664,511,548,588
487,645,665,501,556,591
485,641,663,498,556,590
475,652,652,509,552,584
475,648,656,510,555,585
486,634,662,511,550,588
477,650,652,503,548,586
482,632,666,498,541,588
487,645,660,498,529,594
486,648,653,496,531,590
487,634,665,489,527,585
486,650,663,469,515,582
474,644,656,473,516,572
481,649,649,468,508,583
482,633,666,459,512,571
491,634,657,460,495,573
492,643,659,450,503,577
484,641,649,455,500,580
482,626,660,447,500,568
486,631,664,448,503,569
493,638,659,445,485,574
496,641,662,442,496,576
496,630,664,446,491,570
489,635,663,446,496,570
496,635,656,440,480,573
485,634,655,443,493,577
496,628,664,441,481,572
495,627,663,444,489,568
498,638,659,439,477,578
499,628,663,443,482,569
496,643,648,440,486,578
500,638,658,438,489,578
502,638,653,438,488,580
500,633,660,439,476,580
498,627,662,431,487,581
497,638,663,423,480,582
494,627,664,438,488,574
498,639,659,433,476,585
497,639,663,425,487,582
492,647,647,436,484,587
490,633,660,432,490,578
499,627,665,431,479,577
501,641,659,431,472,588
500,645,663,419,478,588
490,646,644,424,484,584
503,637,659,432,472,586
503,643,649,431,483,589
496,630,662,428,486,580
501,645,665,415,482,587
497,636,661,424,485,581
501,647,663,416,474,588
507,642,657,424,482,590
504,630,662,424,468,586
495,647,655,424,482,587
505,644,662,416,477,585
506,644,648,429,480,590
507,638,658,428,470,588
499,639,654,426,485,589
509,639,659,430,470,590
511,642,650,430,480,587
507,643,656,426,471,590
507,643,663,416,479,589
501,635,660,421,480,582
499,646,648,429,480,592
499,646,648,429,479,592
511,641,660,422,483,587
498,649,654,425,481,589
512,641,655,426,480,590
511,643,653,428,479,580
498,648,648,425,480,591
508,647,646,424,474,591
508,640,659,425,468,589
511,629,663,427,476,579
512,647,660,412,477,586
501,642,648,424,478,592
510,641,658,421,480,587
510,645,662,410,476,590
503,648,647,422,479,590
504,643,655,421,479,586
515,634,660,425,467,587
502,650,648,419,478,591
503,642,656,418,478,586
511,648,660,414,471,591
514,645,663,405,478,586
513,648,661,413,467,591
516,642,658,419,463,590
508,650,647,423,473,590
515,630,664,422,472,582
510,650,644,422,472,593
514,650,663,407,471,592
507,644,654,417,475,589
514,649,664,408,470,589
517,634,658,422,463,586
512,648,648,421,469,591
512,630,662,417,472,581
511,648,648,420,469,593
511,637,662,417,475,581
518,645,659,414,473,587
517,639,646,420,470,590
513,647,660,408,467,591
517,646,659,412,474,590
508,635,662,418,474,581
511,634,663,418,476,581
505,641,655,418,473,587
506,645,655,419,475,590
508,634,660,419,476,581
516,642,660,416,476,589
517,644,663,413,477,591
513,630,663,423,475,583
513,645,659,414,470,593
513,631,665,425,475,583
516,647,662,415,477,589
516,637,657,426,466,590
513,647,662,413,475,594
515,644,663,412,480,591
515,628,659,427,472,586
507,645,645,430,478,595
510,646,661,414,475,593
517,642,656,420,479,592
518,629,659,423,469,584
501,646,645,419,472,594
511,628,658,421,468,584
507,636,655,415,473,581
507,633,659,411,467,585
516,627,656,419,460,584
517,640,654,413,471,589
517,638,658,405,473,591
514,641,644,419,469,593
512,633,653,419,462,589
507,645,640,418,469,588
512,627,656,416,470,583
511,630,655,415,473,584
513,642,654,407,465,592
521,627,653,420,460,587
517,636,657,411,472,589
510,630,652,415,473,581
517,637,652,416,457,591
516,642,649,405,459,588
517,641,656,405,465,588
518,637,658,407,467,586
521,629,648,417,466,587
520,638,646,420,464,587
515,640,641,422,465,588
508,631,652,418,470,579
512,636,654,414,470,584
519,626,650,420,456,577
512,640,640,421,463,582
511,642,639,421,462,584
519,623,656,408,464,580
516,636,653,409,452,583
516,638,642,420,459,581
511,634,651,411,457,574
512,630,653,411,459,572
517,638,651,406,445,579
515,628,656,410,452,566
524,629,652,404,451,571
523,619,655,410,438,563
525,624,654,409,432,563
515,636,649,402,440,562
523,624,655,404,436,558
525,638,642,406,433,566
531,635,651,392,434,564
527,634,650,399,433,562
524,633,639,403,428,566
523,637,650,393,423,565
526,635,652,387,431,557
526,632,648,396,417,562
517,628,646,397,431,552
524,637,646,394,428,558
519,630,647,400,418,559
527,629,646,398,419,557
516,632,644,395,418,561
525,632,634,397,426,563
513,623,641,393,430,555
520,633,644,393,416,560
525,635,645,388,430,556
526,632,642,391,426,556
513,638,627,395,424,557
526,620,641,394,419,548
521,631,635,392,416,556
522,627,635,395,415,555
514,635,626,398,423,557
524,634,640,387,428,553
520,633,639,386,426,555
527,625,640,387,424,553
524,622,632,398,416,554
514,634,626,399,428,558
517,623,638,399,431,547
525,630,643,391,432,553
519,636,626,405,425,556
521,619,642,400,428,546
516,633,626,400,426,555
522,633,638,394,420,554
515,628,636,401,428,546
519,628,625,404,424,552
514,628,630,406,423,551
514,629,633,400,424,548
524,630,630,404,421,547
516,632,626,406,420,549
518,620,641,406,427,538
512,634,625,406,423,545
519,630,642,396,423,541
522,628,644,400,426,546
519,628,643,400,423,545
519,631,637,400,427,542
521,626,644,401,428,541
514,628,643,401,427,543
516,622,628,418,427,546
517,627,627,417,431,545
512,628,628,419,433,547
521,628,641,410,428,545
516,627,640,415,425,547
518,610,642,428,429,540
516,625,628,424,431,547
508,621,639,424,440,545
519,622,647,421,442,546
521,611,644,434,431,547
511,626,645,426,431,554
508,623,635,435,443,551
511,620,634,440,438,553
516,624,637,440,438,553
517,625,647,436,430,553
518,623,653,429,444,551
513,613,653,441,440,543
505,627,639,438,442,551
514,625,636,444,438,554
516,631,650,431,440,553
518,618,636,444,434,551
517,624,647,445,430,554
512,632,650,435,435,554
512,629,635,443,439,551
514,615,651,446,440,542
515,629,635,441,430,553
520,612,650,447,430,544
519,626,649,435,437,546
513,611,653,441,436,540
522,615,651,444,424,542
508,626,645,438,436,544
516,629,653,429,427,547
515,631,652,428,429,543
511,630,635,440,428,545
512,627,649,434,419,542
514,623,648,435,417,538
515,611,652,437,423,529
515,619,649,423,424,532
514,628,639,438,425,535
513,634,653,425,423,534
514,625,653,426,431,530
504,617,652,434,424,521
511,627,651,424,428,535
504,626,645,434,425,529
512,626,638,437,423,533
512,625,654,424,424,532
514,612,651,438,417,526
512,625,653,423,425,531
506,614,651,431,426,522
516,624,654,422,426,527
514,626,648,415,426,523
502,620,644,428,425,524
512,626,653,418,418,526
513,617,640,430,418,528
510,625,643,428,419,526
504,630,638,429,418,531
506,630,637,425,420,527
515,612,649,430,410,522
508,614,649,425,422,518
504,628,638,427,419,528
504,620,648,424,424,519
516,621,649,419,422,523
513,627,652,413,419,527
503,627,649,424,414,522
516,626,653,414,417,524
511,628,649,414,412,527
505,627,637,426,417,528
511,629,653,413,416,527
502,627,634,428,417,528
513,624,643,426,421,527
514,624,648,430,411,525
511,624,653,417,423,526
508,627,653,412,420,530
510,623,651,420,429,530
503,627,654,421,426,531
508,613,654,433,424,526
508,630,654,435,430,534
498,625,645,433,431,536
504,614,656,435,427,528
508,615,651,432,430,529
506,627,657,424,436,541
509,615,654,438,425,538
506,620,645,439,434,543
506,625,652,436,437,542
504,614,660,439,434,532
507,626,660,428,442,542
492,625,655,436,440,539
501,624,656,437,428,548
491,631,645,440,441,546
505,625,657,431,444,544
501,628,648,441,441,551
491,621,658,438,446,542
502,624,658,437,444,552
499,630,658,434,439,557
502,628,660,429,446,556
494,616,660,443,447,549
489,625,654,443,454,559
493,631,647,448,454,565
502,625,662,435,460,564
504,626,651,449,467,571
502,629,660,446,479,574
495,619,653,462,495,572
501,613,660,471,503,571
495,614,655,475,515,571
506,621,661,469,521,582
498,630,646,486,530,580
506,621,658,491,523,588
502,626,662,483,540,589
504,625,656,490,528,591
501,631,663,481,541,589
498,630,662,479,540,590
501,626,659,490,542,591
497,616,659,495,533,590
494,630,650,492,536,591
493,615,661,494,537,586
496,626,658,485,540,591
493,628,659,486,540,591
481,634,655,487,538,581
488,628,660,487,537,587
491,629,657,485,525,591
487,631,651,491,532,592
474,633,648,493,536,583
473,624,650,489,537,581
486,632,659,479,535,588
475,631,653,489,537,580
487,626,661,490,530,591
485,631,664,481,540,587
487,619,663,496,536,584
487,618,665,493,537,583
495,629,658,492,540,591
480,625,657,492,540,579
488,626,657,493,539,578
494,624,660,494,539,589
491,625,665,478,537,587
493,628,661,490,540,591
481,632,656,493,539,581
490,630,653,495,533,591
485,634,655,493,532,588
494,618,664,492,524,585
494,628,659,483,527,587
493,630,657,482,518,585
485,633,649,479,516,582
479,635,650,466,513,571
492,629,661,468,505,574
483,635,656,460,512,569
482,631,655,456,511,571
489,627,658,460,498,571
483,637,656,457,508,573
494,628,660,447,506,572
498,623,661,455,492,570
498,633,662,441,501,571
495,629,666,440,500,571
489,631,660,449,487,576
495,632,660,445,485,574
487,630,651,450,494,576
494,631,660,445,486,575
494,632,657,451,489,572
495,633,665,438,494,574
498,631,654,450,493,573
495,631,655,451,498,575
494,625,665,448,499,565
498,632,661,442,499,575
497,628,660,448,487,574
489,635,649,450,496,577
500,618,664,451,494,567
489,627,663,448,501,569
492,625,659,445,504,567
501,621,659,452,492,573
498,630,661,445,489,576
499,630,664,443,503,574
488,624,662,449,503,567
497,634,665,439,499,574
500,621,664,452,491,569
499,632,662,444,500,576
500,632,667,438,502,573
494,634,652,450,498,578
498,625,662,447,489,573
499,627,663,452,489,573
495,636,663,440,495,578
490,637,649,450,497,577
484,636,656,446,500,573
496,634,660,443,487,574
499,634,659,444,497,574
493,636,667,437,496,575
491,619,665,447,498,566
498,635,665,441,500,573
491,623,665,447,499,566
484,633,660,447,500,569
492,636,653,449,497,576
496,634,659,445,500,574
494,639,665,437,495,575
487,639,652,449,497,576
485,639,652,447,498,575
491,638,663,445,488,575
490,636,661,444,488,571
483,628,666,448,501,567
491,629,666,449,489,565
481,640,651,448,499,574
489,641,659,438,494,572
484,641,663,437,493,573
488,633,661,442,491,575
492,631,663,451,491,568
477,638,666,439,501,572
488,637,657,449,502,568
488,630,663,451,499,574
479,642,651,451,501,576
482,634,662,450,502,564
491,635,661,449,490,571
485,643,651,452,499,573
472,640,669,439,503,569
489,632,663,450,491,571
486,631,661,451,491,573
489,640,650,452,496,563
492,639,661,447,502,572
492,639,659,442,504,572
490,639,653,446,501,569
478,638,658,445,502,570
488,644,664,437,495,574
483,643,650,450,499,575
477,642,662,442,491,575
493,647,663,440,494,575
487,642,655,447,499,574
490,626,666,448,496,566
480,632,662,444,502,568
493,634,661,444,486,573
483,634,662,442,500,568
493,640,660,443,499,574
492,642,656,444,495,576
491,645,662,436,489,578
494,630,666,443,493,567
490,640,666,428,496,573
496,642,663,435,494,572
497,649,656,437,495,572
496,630,666,439,491,566
479,643,655,439,491,574
486,649,649,438,491,575
497,643,666,429,494,574
489,649,650,437,487,575
499,643,662,434,488,576
497,645,660,433,476,578
500,630,665,437,482,569
502,642,658,437,488,577
496,643,657,435,485,576
488,644,652,435,488,577
498,645,667,424,487,577
489,647,653,430,489,576
492,635,663,435,485,569
497,647,655,436,488,578
492,637,662,435,490,572
503,631,663,440,482,571
499,638,666,428,489,578
501,638,661,440,485,580
503,648,647,441,488,581
497,644,664,442,483,573
497,647,650,444,485,582
498,645,664,428,487,579
497,643,661,441,477,577
497,646,649,441,483,583
492,630,661,442,477,574
500,643,658,435,474,583
496,631,663,442,483,574
496,629,664,439,490,573
493,638,654,439,488,578
495,630,664,441,486,572
490,632,661,439,488,576
503,638,664,431,488,581
491,641,655,439,488,579
496,637,659,444,477,582
499,640,656,436,475,583
500,643,664,441,492,575
502,638,653,441,487,584
500,638,658,440,479,584
506,641,653,443,486,582
506,637,663,432,492,581
500,633,656,437,476,582
505,632,662,432,491,582
491,642,651,442,490,582
491,638,654,440,491,579
500,640,648,444,488,586
502,636,657,448,478,585
500,638,658,440,481,585
494,643,647,442,487,583
493,643,647,441,491,587
505,627,660,441,485,573
507,637,655,442,490,583
507,638,661,433,492,581
493,634,664,431,492,583
507,637,651,443,490,585
494,642,658,439,480,584
506,620,664,431,490,582
506,638,660,436,492,582
502,636,658,437,480,585
505,640,664,432,492,579
503,639,664,433,491,579
502,627,661,444,480,578
493,642,647,441,489,582
500,638,662,444,486,576
502,625,664,440,492,575
506,626,656,433,478,583
494,637,655,439,490,579
501,641,663,430,492,581
505,624,664,443,490,573
504,640,663,432,488,583
505,624,657,445,480,571
505,626,660,445,483,577
504,637,663,432,491,583
500,642,646,444,487,584
501,642,659,431,481,584
493,645,650,438,491,581
492,642,650,442,488,583
504,632,660,442,478,581
506,623,662,444,483,575
494,640,648,446,486,585
503,640,659,438,479,585
500,642,653,441,489,581
504,640,664,432,488,581
502,644,658,441,491,578
503,642,664,430,486,582
504,639,664,432,489,582
499,643,646,445,485,585
496,645,648,438,480,575
498,642,648,446,487,584
493,642,654,439,491,581
502,645,657,437,489,581
502,629,663,445,485,574
501,639,661,437,489,580
497,646,648,445,487,584
488,645,649,440,487,584
509,630,660,446,479,577
493,643,653,440,490,582
503,646,647,440,486,582
500,643,648,442,489,580
503,643,647,433,476,573
504,629,663,445,480,575
506,631,662,445,479,576
499,639,661,434,483,582
503,644,655,438,477,583
506,620,665,441,488,572
501,630,665,442,485,572
502,639,659,433,482,584
506,629,660,444,477,576
502,626,665,443,487,572
507,631,663,431,487,583
499,630,664,442,490,572
506,633,658,443,475,581
493,641,655,441,487,582
505,641,661,432,489,579
497,644,649,445,484,583
502,628,663,441,488,572
508,632,661,444,485,572
499,643,651,443,486,581
505,636,659,441,475,579
503,638,655,445,473,577
495,645,648,445,486,584
505,639,662,441,487,571
507,641,657,438,488,581
509,642,660,441,476,580
508,642,655,441,487,580
507,628,661,432,482,581
495,646,647,441,486,584
503,642,664,439,489,571
503,644,664,427,484,579
493,646,655,439,488,579
495,646,664,439,488,572
504,644,664,429,486,580
502,626,664,441,485,572
504,640,658,437,490,575
503,644,664,427,485,580
506,641,665,429,490,579
501,628,665,441,487,571
507,641,665,437,489,580
506,635,658,435,489,573
505,642,664,429,490,576
497,635,664,439,487,570
505,628,663,437,482,570
500,645,663,438,486,570
496,639,653,438,483,576
505,641,659,434,471,578
504,646,659,435,475,579
510,630,661,442,473,572
506,630,664,441,481,567
504,645,650,440,482,576
504,645,660,435,473,578
496,631,662,442,473,568
507,629,661,442,478,569
509,636,651,439,481,576
506,640,647,442,479,577
505,629,664,441,481,569
506,630,664,440,477,567
501,648,644,438,481,576
508,646,664,430,480,575
492,647,652,437,481,576
497,638,661,438,483,567
504,650,660,429,477,577
503,633,664,437,482,567
509,639,662,429,478,578
497,649,648,438,482,579
510,635,661,440,473,573
506,647,663,427,484,577
504,650,648,440,480,580
504,650,660,428,476,579
499,649,650,441,481,579
506,648,649,441,480,579
507,631,662,439,479,568
508,648,664,428,483,575
508,631,663,440,478,568
508,646,663,427,483,576
508,644,665,429,471,577
502,648,659,441,479,568
509,648,660,433,471,579
508,638,661,427,482,573
506,648,661,431,474,579
509,644,662,439,481,577
499,643,657,437,484,578
506,651,661,431,475,580
507,649,665,425,481,578
506,644,660,430,477,577
508,647,654,439,482,577
506,648,663,428,476,576
497,637,662,437,486,571
509,644,663,432,484,576
500,651,647,440,483,578
506,632,661,439,481,568
497,650,655,434,484,576
507,626,664,441,480,569
500,639,657,435,471,579
505,640,661,431,486,576
506,649,658,431,476,579
508,643,662,429,482,577
505,647,659,436,471,579
497,643,657,434,470,579
504,645,647,439,482,580
507,646,664,426,483,577
507,643,659,436,472,577
505,645,654,436,472,575
507,638,660,437,487,571
508,644,648,442,483,580
510,629,663,439,481,569
498,641,651,437,485,576
503,632,663,438,486,569
509,630,661,441,481,571
511,630,660,442,476,573
508,642,658,429,486,576
509,641,656,437,485,578
509,633,663,438,482,569
510,641,659,440,474,576
508,644,659,428,484,579
510,640,655,436,484,577
499,633,662,442,483,569
511,641,650,440,485,580
511,638,655,437,487,574
509,639,660,437,488,570
505,644,656,437,488,573
511,641,650,439,484,580
501,645,648,441,483,581
511,638,663,422,483,578
505,642,657,433,476,580
508,641,662,429,486,578
497,642,652,438,487,577
509,628,662,441,479,570
510,640,665,428,489,576
510,629,663,443,474,577
506,645,659,429,486,579
498,647,647,438,484,579
508,641,664,427,486,578
503,643,649,441,482,580
500,631,661,437,487,571
507,646,660,430,484,578
503,642,664,428,487,577
512,635,659,443,474,575
498,637,661,439,479,569
510,626,662,438,483,577
506,642,649,442,484,579
497,639,651,438,485,576
508,633,649,439,480,577
508,634,658,436,470,576
510,639,660,429,488,575
508,645,663,426,487,581
499,645,647,440,486,579
505,644,661,441,475,578
498,634,659,441,481,571
500,635,647,439,488,570
511,637,659,436,476,579
497,641,660,435,487,576
510,638,655,429,487,575
511,640,657,437,474,578
511,641,664,428,488,575
503,643,657,439,486,580
510,627,659,436,488,570
512,638,659,434,486,577
507,638,657,434,477,579
505,628,664,440,481,570
505,643,661,430,480,581
507,639,658,434,476,578
494,637,654,436,486,575
497,637,660,442,482,579
499,643,661,427,482,580
511,638,660,442,484,577
503,628,658,443,475,575
506,626,659,429,477,579
499,636,656,435,488,572
511,628,658,437,475,571
506,643,653,432,474,582
509,636,658,439,481,570
497,637,650,435,484,574
509,639,662,426,481,576
509,640,657,430,471,580
512,620,658,438,472,571
510,636,652,435,468,575
498,643,648,434,480,576
504,626,657,436,469,573
512,637,655,433,475,575
498,638,651,432,478,573
507,644,663,424,470,576
512,638,654,421,476,574
506,642,647,434,472,577
511,640,663,423,475,573
499,641,653,431,476,575
512,639,645,435,470,579
508,643,663,432,471,568
507,640,659,432,459,577
503,634,662,434,471,577
508,629,654,434,467,566
509,643,660,434,456,576
511,641,658,434,459,575
508,650,661,422,460,577
501,637,659,434,470,567
514,632,659,440,460,572
510,648,663,426,468,576
505,634,664,436,473,566
513,647,657,432,460,575
510,650,661,437,471,576
510,645,663,428,474,574
510,647,664,426,473,575
499,645,650,441,469,579
511,643,658,438,464,577
510,634,662,439,469,567
512,634,661,441,468,567
514,645,661,432,476,575
513,643,659,437,475,575
504,650,655,436,474,578
509,649,660,441,473,578
501,650,660,438,474,578
508,648,656,434,477,576
508,650,659,432,468,579
502,649,661,439,479,569
510,647,661,429,473,577
511,645,650,439,473,579
510,647,659,426,473,579
511,641,656,438,465,574
512,644,661,434,477,577
512,630,658,431,470,580
511,643,655,439,476,581
509,650,659,431,470,579
509,647,660,429,476,577
511,638,656,438,465,580
506,632,657,438,480,569
507,646,656,441,467,576
510,642,657,436,474,577
511,643,649,441,465,575
511,630,655,436,465,580
508,633,657,442,469,572
511,630,661,434,479,579
514,634,654,438,466,579
511,644,659,430,478,576
501,643,653,442,465,575
503,636,654,434,477,574
508,640,659,433,477,577
512,631,658,442,467,574
512,631,643,439,478,581
509,632,658,440,470,572
511,644,660,435,478,577
511,643,653,433,479,576
512,642,659,440,476,579
514,636,655,441,470,572
512,641,658,432,474,577
501,649,643,440,476,582
509,648,656,432,467,580
501,648,646,440,475,580
510,649,657,431,472,579
505,647,659,426,476,577
510,641,655,435,479,578
507,647,644,437,478,576
507,631,660,438,478,569
509,629,661,439,475,570
510,643,645,440,476,569
500,639,654,438,479,570
509,645,655,438,467,579
512,630,644,431,468,581
511,646,656,427,476,578
512,643,648,442,472,570
514,643,659,439,477,580
511,639,648,440,477,579
502,638,658,435,471,570
510,646,661,440,469,575
510,642,656,430,481,577
502,642,651,438,479,569
505,636,658,437,481,571
508,647,654,438,468,577
501,648,646,427,479,578
499,644,657,433,480,576
512,644,644,440,477,581
501,638,655,434,482,577
510,629,660,440,472,573
511,630,658,434,465,578
514,630,657,435,468,579
512,632,659,440,471,573
510,643,659,441,478,580
513,640,660,436,480,576
512,642,652,441,475,580
512,628,658,439,478,580
510,637,656,438,467,579
504,645,661,436,483,576
510,628,660,440,474,571
513,648,646,436,478,581
502,635,657,437,470,580
502,646,645,440,476,572
513,638,659,436,480,579
508,644,657,427,473,582
512,637,656,438,470,577
496,639,649,437,482,577
508,627,659,439,478,571
508,625,660,439,482,569
512,641,644,438,481,577
505,644,643,441,479,579
502,644,644,439,480,581
513,639,654,438,481,579
506,637,654,436,483,573
512,637,661,429,481,577
511,638,655,438,469,577
514,633,654,443,471,576
506,630,660,439,480,578
501,644,657,441,472,573
512,639,657,437,470,580
508,633,656,441,470,577
502,633,655,440,471,575
507,627,651,440,469,576
513,625,659,430,470,578
511,637,655,433,470,577
509,641,647,436,470,577
513,637,656,436,470,578
514,638,657,439,483,577
511,635,655,437,484,572
514,637,658,432,482,575
504,643,644,427,484,577
512,641,655,431,471,575
506,630,655,440,472,571
515,640,648,438,479,579
503,635,654,441,474,573
516,638,652,440,476,579
511,641,646,440,482,577
503,640,650,437,470,576
513,633,656,436,483,573
511,638,656,435,469,579
506,644,645,439,479,579
511,619,655,439,474,567
516,638,652,437,480,577
515,635,656,440,469,576
511,635,656,442,470,577
505,626,659,438,479,571
511,628,660,442,480,568
505,630,659,436,483,569
513,638,656,436,471,580
514,633,655,437,469,578
514,627,657,440,471,573
512,626,659,437,482,575
512,638,651,426,478,577
512,636,657,434,482,577
509,643,659,431,482,576
508,643,642,433,483,575
504,641,647,435,481,579
515,637,651,439,478,581
512,641,643,440,479,581
512,625,660,426,472,573
509,644,644,437,480,579
514,631,656,440,475,570
514,626,658,434,480,573
515,637,651,435,481,576
510,636,655,437,484,573
515,636,653,435,480,577
512,645,645,437,484,578
511,640,643,435,478,579
502,638,653,436,482,572
511,641,656,431,470,580
514,636,662,433,470,580
508,630,658,432,471,580
515,629,655,436,474,580
508,626,661,440,468,577
508,641,644,437,483,573
509,634,656,427,472,572
514,636,656,436,470,579
512,634,655,438,468,578
514,638,655,437,468,579
508,643,658,429,474,582
508,630,658,440,470,581
511,625,656,438,478,566
511,641,654,428,473,578
507,633,655,436,484,569
513,635,657,436,484,571
511,639,655,438,476,569
516,637,661,437,478,582
510,640,655,427,469,579
507,643,646,428,484,575
502,644,645,431,479,569
508,641,643,436,479,567
513,633,656,436,480,577
513,641,662,425,481,579
502,637,651,434,482,576
513,636,656,435,470,579
512,642,656,436,481,578
516,627,657,428,475,570
515,637,655,435,481,576
509,640,658,438,471,573
510,640,657,427,483,575
514,627,657,429,477,569
504,633,657,429,482,576
511,642,651,440,479,579
503,643,652,438,479,579
513,640,661,426,471,580
513,628,661,438,476,577
513,632,656,439,470,574
515,639,659,431,478,579
514,636,654,436,468,578
502,637,654,434,483,573
512,642,661,427,482,578
515,636,656,441,469,576
513,627,660,439,473,570
508,622,659,436,486,569
511,644,660,427,475,581
504,644,642,439,478,581
502,644,646,438,472,573
503,643,647,436,481,580
515,639,661,430,478,579
511,639,655,439,474,571
513,628,660,438,469,575
499,641,652,434,482,575
512,646,656,421,474,577
510,642,662,427,480,579
510,630,660,438,471,575
498,636,659,434,479,571
501,644,652,434,474,574
511,643,657,439,477,579
505,646,661,423,477,581
516,644,662,436,477,578
516,639,655,431,480,574
504,637,659,432,479,572
513,634,661,437,468,575
504,636,661,436,481,575
512,644,662,426,480,579
510,650,664,423,477,580
512,644,659,429,479,580
512,633,662,431,471,583
507,637,663,432,478,571
513,644,656,433,480,572
512,640,659,435,467,575
507,635,664,423,478,578
511,648,652,429,479,577
508,648,649,434,476,581
511,646,660,431,476,581
500,643,660,428,483,574
509,648,651,430,481,581
502,645,645,430,474,579
502,651,650,428,477,582
513,647,658,427,467,583
510,639,664,428,480,573
513,647,655,428,475,581
501,652,649,428,477,586
512,648,664,417,479,580
515,648,657,428,483,576
514,647,664,423,479,581
507,635,662,420,479,581
512,648,652,429,471,575
515,646,656,426,473,584
511,634,663,424,480,577
509,633,663,433,473,575
500,647,655,429,479,578
514,649,665,423,477,583
511,645,649,435,477,585
513,635,660,434,471,577
510,648,664,428,478,583
506,651,647,434,481,580
512,649,655,432,481,578
505,650,646,436,480,584
508,651,661,437,471,573
509,645,659,433,468,581
512,645,653,433,477,584
508,641,657,432,469,581
502,638,658,431,482,576
505,652,661,424,481,581
499,651,649,436,477,582
503,652,647,435,474,574
512,633,659,437,473,584
512,638,659,436,474,582
499,647,651,435,476,581
505,652,659,427,475,584
506,650,660,430,482,580
512,634,659,440,470,576
512,645,655,437,479,581
508,628,662,440,477,574
512,645,653,437,479,582
500,648,654,435,481,581
511,633,661,433,469,583
509,642,657,438,479,580
510,634,662,440,479,581
510,649,647,439,477,584
501,632,662,438,480,572
501,649,660,428,480,582
504,647,648,439,478,582
509,647,662,440,477,572
501,634,659,442,475,573
497,643,657,437,481,578
503,648,654,441,479,584
505,639,659,429,482,582
506,629,663,443,472,582
507,644,660,438,480,580
508,631,661,446,473,576
500,647,648,446,478,582
493,638,660,441,486,571
509,637,659,440,486,578
504,639,649,446,485,579
499,646,647,447,482,581
505,632,662,448,479,571
492,643,657,442,485,574
496,632,662,447,482,568
492,644,655,443,488,573
498,648,650,448,485,579
504,642,660,440,483,574
502,638,660,446,476,572
505,639,658,445,478,576
502,637,661,447,478,573
499,646,662,441,482,576
499,647,664,438,487,574
503,631,663,451,481,569
496,646,650,437,488,576
500,647,664,436,483,574
499,644,665,449,488,564
500,642,661,447,477,573
497,642,663,451,482,566
502,639,660,448,476,572
505,630,663,447,480,575
499,643,662,436,477,575
506,640,647,441,483,573
498,633,665,439,475,571
500,644,663,441,478,562
493,645,652,440,482,563
507,630,661,438,470,569
507,643,656,441,483,572
509,641,658,439,472,572
506,641,658,442,476,574
496,646,648,444,478,574
497,638,657,437,491,565
500,646,653,445,486,577
495,635,663,443,483,575
505,646,665,432,489,574
502,646,651,446,487,579
508,636,661,437,482,577
504,646,666,435,491,574
494,646,652,445,490,576
501,635,663,445,490,568
500,648,666,443,493,567
494,643,659,443,492,572
508,647,666,433,491,577
504,647,659,442,479,578
505,649,660,444,487,567
505,649,666,432,491,576
502,649,651,442,488,579
505,649,665,432,491,576
508,641,661,444,492,576
496,641,662,441,492,571
501,650,664,436,484,577
507,643,659,444,490,577
501,650,650,444,487,580
508,641,650,440,491,579
508,643,661,440,479,574
508,634,662,440,494,571
504,646,652,444,489,571
504,647,662,436,484,579
497,648,652,442,493,571
497,642,653,441,492,575
495,637,664,434,487,580
508,627,666,446,483,572
508,625,664,445,489,577
496,643,651,442,479,573
500,644,650,444,493,577
508,639,657,439,490,577
509,637,659,441,484,572
509,628,669,443,481,570
508,625,666,444,485,572
501,642,662,443,480,574
496,641,664,433,491,577
511,635,657,441,489,578
510,640,657,441,477,571
498,642,662,435,491,577
511,625,664,442,484,571
500,632,659,437,476,580
505,643,664,432,487,582
504,644,664,429,489,579
507,643,668,428,490,579
510,639,659,438,489,580
507,639,662,433,485,572
511,640,666,428,489,578
511,636,662,433,481,582
511,639,663,440,481,573
507,641,661,437,477,580
512,640,654,439,489,582
508,643,658,436,493,572
499,642,652,437,490,580
509,637,667,428,488,579
505,630,666,438,489,572
510,625,664,440,484,579
512,635,662,434,478,582
512,638,663,433,488,579
500,643,652,437,477,580
505,641,651,440,486,582
515,635,660,435,491,572
513,626,664,441,479,573
498,639,655,435,489,579
509,641,664,440,478,576
516,637,661,434,490,579
512,626,664,440,483,574
512,635,662,437,475,582
513,625,666,440,482,573
511,645,665,424,487,582
512,644,668,426,490,579
514,640,662,432,489,578
516,628,661,434,486,580
515,641,667,427,478,584
514,644,662,435,475,584
502,646,655,440,483,582
518,642,666,430,484,581
511,645,660,440,470,582
505,647,652,442,482,583
516,641,661,438,471,582
517,645,665,431,484,580
519,634,649,440,479,583
518,632,666,442,476,575
517,646,665,429,484,581
521,638,660,433,478,583
520,639,660,435,470,581
514,646,666,427,474,584
512,631,663,435,483,575
511,648,661,429,477,584
513,632,658,436,480,583
515,647,651,439,479,586
519,643,655,435,476,582
514,650,665,437,477,575
520,644,659,432,479,584
513,635,666,433,478,578
515,645,665,423,479,585
517,646,668,429,479,585
519,628,660,436,465,582
519,635,661,438,477,587
515,636,665,435,478,578
514,649,650,438,476,590
512,643,658,428,483,582
519,634,662,439,468,580
516,644,661,422,472,588
520,638,660,439,464,586
515,649,647,438,473,578
520,635,661,423,478,587
508,643,660,438,468,580
517,644,661,424,476,586
515,648,657,428,469,587
517,641,658,435,467,589
516,649,657,430,465,588
515,634,659,435,478,576
518,648,662,423,478,586
518,635,658,438,474,586
506,646,652,434,478,584
510,649,646,438,480,581
517,647,664,425,480,588
517,638,655,438,477,585
512,636,657,432,479,585
506,645,652,436,481,584
515,643,658,436,478,587
514,642,656,434,469,588
516,643,657,429,481,579
509,635,655,435,482,577
513,647,651,426,476,587
511,647,640,425,479,585
509,635,640,433,481,582
512,645,649,433,481,586
518,633,648,437,476,577
511,646,644,426,479,586
512,646,628,429,472,589
504,647,638,432,480,584
514,644,626,436,479,588
512,646,637,427,470,586
516,636,637,432,481,588
514,644,621,438,477,588
508,645,623,435,474,589
513,644,637,431,471,589
510,648,621,437,470,579
505,640,635,429,470,589
514,640,631,438,466,587
513,643,636,427,477,588
516,639,639,433,481,585
512,619,630,442,468,587
514,625,630,441,471,579
515,638,621,433,470,591
515,631,605,430,470,588
510,632,599,438,475,587
514,624,589,437,478,587
510,624,600,425,478,585
511,628,591,426,473,587
513,621,581,440,466,585
513,601,580,433,479,577
512,591,569,433,480,584
515,593,556,430,481,584
516,575,554,437,470,585
505,573,553,435,474,588
511,583,546,427,470,588
516,572,546,434,466,583
504,575,534,434,477,583
511,569,543,430,467,587
513,566,533,430,470,587
509,551,548,433,479,584
517,553,545,432,476,585
515,556,540,434,465,585
516,544,552,436,472,577
513,552,549,434,465,585
514,553,552,423,477,585
503,556,545,433,478,583
508,563,555,435,476,576
510,562,557,424,478,586
518,560,553,433,479,586
517,556,557,437,467,583
517,556,557,438,468,581
514,567,560,434,481,577
510,567,565,432,469,577
520,576,559,434,478,584
514,580,563,424,473,576
512,570,566,431,480,573
517,580,571,424,478,578
516,580,565,436,466,588
517,571,570,437,479,576
513,587,562,439,472,584
515,573,573,438,470,580
508,593,563,436,477,586
514,576,568,437,478,589
518,591,584,426,479,583
517,595,572,437,472,587
512,585,593,431,480,583
513,595,596,424,475,586
516,587,601,438,476,581
518,590,604,438,467,580
519,606,609,429,480,584
518,595,618,427,474,587
517,597,623,439,475,586
518,599,621,440,470,581
514,615,613,440,477,578
509,617,621,426,481,584
515,616,634,426,481,584
517,614,624,432,481,574
510,603,633,435,482,578
514,620,627,438,478,587
507,612,632,435,482,581
508,620,637,430,475,587
517,619,642,429,482,583
518,617,634,442,478,586
516,620,639,439,468,585
509,625,629,445,477,577
509,624,646,428,474,585
497,618,653,447,478,588
507,621,640,449,479,585
508,616,648,447,481,582
502,622,652,448,472,582
499,626,658,441,483,582
492,615,658,453,488,575
493,621,656,450,472,583
492,622,660,448,493,575
489,623,662,452,484,586
490,622,655,460,493,575
482,616,653,463,497,582
491,620,658,455,499,582
477,616,652,460,504,581
488,620,661,452,507,580
483,610,661,466,505,581
476,624,649,465,511,575
473,621,651,465,512,581
486,621,659,463,504,584
485,613,659,472,506,580
485,619,659,466,521,582
478,605,662,468,521,576
484,618,661,467,522,582
473,626,649,474,525,581
482,621,663,475,531,579
470,624,650,474,529,581
478,627,662,471,530,587
478,629,644,477,528,581
476,627,650,478,518,586
475,630,647,479,528,581
472,632,654,479,528,584
483,623,659,481,521,588
484,624,659,479,535,577
488,630,653,475,536,588
486,624,665,483,542,583
487,636,663,475,545,585
487,641,650,490,545,588
488,637,665,491,556,578
487,640,666,486,557,585
483,642,649,500,557,586
490,624,664,503,560,587
488,647,664,491,562,588
478,650,648,502,564,583
479,647,651,499,566,591
492,647,665,493,568,591
489,653,660,498,563,584
480,653,662,500,568,584
489,653,660,493,566,592
492,641,658,499,564,585
482,659,645,497,564,587
492,651,663,499,557,594
486,643,662,496,552,593
487,657,661,476,541,594
489,656,660,469,544,593
482,650,661,472,540,591
487,658,661,468,518,589
494,643,663,469,512,581
489,657,649,461,517,578
490,643,664,453,501,587
483,658,651,460,503,576
495,651,659,457,492,579
492,656,661,457,495,581
495,654,661,443,492,574
493,659,664,440,494,575
484,656,654,449,490,572
494,656,648,454,484,576
498,642,662,446,478,573
490,647,665,453,487,573
485,650,652,450,484,567
500,651,658,453,474,563
499,655,665,453,484,570
499,649,659,454,473,565
498,656,664,440,485,569
490,649,660,450,487,563
500,646,656,448,488,563
497,648,660,450,486,562
497,657,663,441,479,570
503,652,655,449,483,568
503,652,655,449,484,569
491,658,654,452,485,569
498,649,647,455,480,569
492,645,661,444,480,571
500,653,663,455,475,565
501,649,660,447,485,569
490,655,649,454,483,572
501,636,663,454,481,561
498,652,647,455,485,572
492,644,657,449,486,564
501,646,664,440,482,567
500,648,648,453,478,569
505,632,663,439,483,567
502,640,662,438,483,566
494,638,652,447,480,569
498,629,662,446,477,561
507,625,656,447,474,563
502,638,644,447,474,573
508,624,658,446,468,566
510,619,657,442,478,575
510,627,654,435,465,577
499,633,642,433,477,581
503,632,652,430,465,587
506,629,659,428,477,585
496,631,643,429,473,588
506,623,651,433,465,587
493,625,648,430,478,579
506,616,652,428,468,581
506,624,642,433,470,582
507,614,652,428,471,579
498,628,652,426,463,591
502,623,659,425,475,590
508,613,654,430,465,583
504,626,647,425,474,581
505,628,656,413,471,588
494,626,648,424,473,587
506,627,652,409,474,584
504,627,654,414,468,585
504,626,656,420,461,581
499,617,652,422,475,575
503,627,639,412,473,580
507,617,652,420,475,572
511,624,644,422,470,577
510,617,649,426,460,577
500,626,644,423,472,573
505,627,640,427,468,581
511,618,649,428,461,575
513,624,646,424,469,578
512,625,647,428,466,571
505,628,636,431,465,581
511,623,647,419,463,567
513,621,648,433,455,576
512,623,648,428,454,580
509,629,654,418,466,576
499,628,635,431,469,568
510,611,651,434,464,567
512,623,647,431,469,576
500,623,648,436,468,566
496,629,638,439,469,578
502,626,654,425,471,573
507,624,653,438,466,574
502,622,637,441,469,576
493,627,639,435,473,568
508,627,656,428,470,574
502,628,638,443,469,576
490,624,645,440,469,574
501,618,652,445,465,571
489,626,646,436,477,571
488,626,649,445,477,570
487,629,645,448,476,573
488,632,644,446,478,574
485,624,650,446,482,572
490,617,660,447,482,565
491,630,645,451,470,573
494,627,661,440,486,573
493,630,657,445,474,574
493,628,652,448,479,576
493,631,651,450,484,576
485,628,655,449,487,573
482,632,654,445,485,576
496,633,660,451,486,571
487,633,646,453,484,578
496,632,665,440,486,576
498,629,656,454,478,567
488,634,649,455,484,578
497,620,662,452,488,569
497,628,660,451,486,576
484,630,657,455,478,574
496,626,655,454,487,576
489,623,662,445,477,574
484,632,655,448,488,575
489,637,648,455,487,579
482,641,655,450,490,574
497,628,662,459,478,571
487,627,662,454,490,569
484,639,652,455,489,579
484,642,663,457,480,567
497,636,663,449,490,573
493,637,663,448,490,572
483,641,657,457,492,567
489,643,650,458,486,574
487,632,663,453,491,568
492,639,666,445,489,573
494,635,662,454,478,572
490,633,663,460,478,572
493,642,664,456,486,573
490,648,664,445,483,573
495,637,660,451,479,577
494,643,663,454,487,573
488,647,650,454,490,563
492,647,664,444,481,573
497,632,662,453,489,570
495,642,666,444,480,571
495,639,661,447,480,572
498,641,660,458,475,566
493,648,665,442,474,568
497,644,665,455,487,569
493,633,666,456,485,561
497,647,656,456,480,569
498,645,666,443,489,569
492,647,652,457,484,573
487,638,665,454,476,567
498,645,656,456,486,569
489,651,651,451,489,572
497,647,652,452,485,572
492,649,651,451,485,575
500,646,652,452,484,574
497,648,667,438,487,572
496,641,659,447,486,575
502,633,664,439,487,574
497,632,665,450,481,565
497,646,666,451,476,572
499,647,665,438,484,576
488,640,661,446,490,568
495,646,653,451,475,574
499,642,661,442,488,572
488,641,653,446,484,567
500,643,654,449,487,572
498,644,662,444,477,574
490,637,661,448,482,575
503,642,668,442,489,574
502,631,665,449,483,568
502,640,661,444,472,573
498,646,664,436,474,572
504,641,660,442,474,575
499,645,663,447,484,573
499,645,665,435,485,574
500,627,662,442,487,571
496,639,661,443,473,576
502,635,661,449,480,568
499,639,666,448,487,573
503,636,660,442,482,575
502,635,652,444,479,574
495,636,650,443,487,568
499,631,652,446,483,574
501,618,665,446,478,567
503,625,661,440,481,576
500,630,666,432,483,573
490,626,656,441,484,569
502,613,665,446,476,567
497,630,649,442,486,573
500,625,660,443,472,575
503,626,667,433,484,572
496,616,663,443,486,567
492,616,663,443,472,574
503,627,664,434,483,576
504,624,656,443,482,574
504,621,659,440,484,573
505,611,663,434,479,575
504,622,661,435,485,572
490,614,661,446,482,575
494,626,660,438,478,574
500,627,662,434,484,572
502,625,668,433,481,572
500,627,663,434,477,573
506,625,654,446,479,573
492,625,655,443,484,567
505,620,659,445,470,571
500,611,663,442,478,565
500,623,648,445,479,576
495,618,659,442,483,566
500,620,659,442,468,574
508,622,657,433,483,572
501,624,667,433,482,571
505,608,664,444,475,566
501,621,664,443,469,570
502,622,661,434,478,574
500,623,649,446,477,576
505,620,661,435,482,573
503,619,660,442,479,565
499,618,659,448,480,573
506,608,662,434,476,565
501,623,663,432,476,573
503,623,661,432,480,573
501,622,662,438,475,575
507,619,657,444,480,573
506,607,662,446,481,572
500,609,663,444,479,563
503,623,662,435,470,576
506,609,661,443,482,567
488,624,649,444,479,572
502,622,661,442,469,574
507,618,656,441,476,576
501,624,649,447,476,576
501,622,648,448,477,573
506,614,660,440,466,571
494,617,657,444,481,567
505,623,661,435,470,568
507,620,647,443,478,572
502,608,664,443,480,572
505,618,665,433,477,574
502,621,649,445,478,576
506,619,661,440,481,572
506,619,651,443,475,576
504,623,660,437,471,575
502,621,661,431,472,575
495,619,655,441,478,573
504,618,659,440,465,575
507,617,659,443,470,563
503,607,663,443,482,564
506,607,660,432,469,575
505,621,651,445,476,571
496,611,661,440,465,568
508,618,662,440,465,576
495,615,653,440,476,572
494,620,653,439,478,574
503,630,661,431,472,574
507,608,662,443,478,576
505,621,663,431,466,573
501,623,661,430,476,573
506,608,662,443,472,566
506,622,648,442,461,576
499,623,663,428,472,573
508,611,658,442,472,567
507,621,651,441,472,574
506,621,662,430,475,573
505,622,657,443,473,571
508,621,658,437,476,573
507,619,659,440,463,576
503,622,646,443,477,575
498,628,647,439,473,577
506,624,649,443,472,575
495,628,650,441,474,576
506,622,661,429,475,575
508,612,659,443,465,569
506,615,651,440,475,575
507,623,658,434,462,575
508,621,650,443,474,575
507,609,662,442,472,576
508,613,660,445,461,570
507,622,658,437,464,576
505,626,662,428,475,568
505,626,663,429,477,576
496,624,647,441,475,577
499,617,658,438,473,566
508,623,664,429,476,572
506,622,662,437,476,567
507,626,658,433,471,568
496,615,656,439,473,567
505,624,650,443,471,577
510,620,657,434,476,573
501,625,643,443,473,577
509,623,662,436,476,576
497,626,648,442,472,579
509,610,657,442,465,571
501,614,657,439,477,568
510,619,662,438,477,571
506,611,662,440,473,577
509,616,658,444,472,566
508,614,657,445,464,575
512,609,660,444,466,575
507,624,646,443,472,578
510,624,662,430,477,579
506,621,661,435,469,577
509,609,658,445,465,572
508,622,647,443,477,576
509,621,647,444,473,577
496,620,652,439,465,575
510,619,660,435,478,573
504,621,645,444,473,578
506,623,663,439,477,572
500,624,645,443,473,577
507,620,656,444,468,567
510,614,657,443,462,573
496,620,650,441,478,574
505,608,657,446,465,572
509,612,659,435,476,567
507,620,648,442,472,576
496,616,651,441,476,572
500,610,660,440,478,569
506,618,656,441,476,564
507,622,661,429,464,576
507,618,646,446,464,575
500,610,659,440,476,568
505,616,645,443,472,578
509,604,661,443,476,566
510,615,658,436,476,574
510,611,655,440,474,577
510,617,657,435,478,573
498,623,646,441,474,577
508,615,665,435,478,574
511,616,657,439,478,575
511,604,659,445,472,581
508,618,663,433,476,575
510,609,659,436,479,567
508,616,648,444,473,577
508,616,651,442,466,573
510,615,657,437,475,576
510,616,657,436,476,574
511,606,662,443,473,568
504,607,660,441,480,577
499,608,660,441,477,568
508,603,661,444,470,567
508,614,660,443,476,567
508,605,662,444,465,576
504,605,660,440,476,568
505,618,656,439,464,575
500,620,646,442,475,577
511,617,655,441,473,574
505,622,658,431,470,578
497,621,646,442,475,574
508,616,653,439,473,576
510,612,657,440,463,576
499,620,645,441,475,577
498,622,647,442,474,575
511,618,660,428,478,574
510,613,658,444,464,575
511,615,659,438,475,575
505,620,658,434,477,574
498,617,654,438,472,576
501,622,645,444,464,575
507,605,659,444,477,573
508,619,647,445,479,576
511,616,657,439,466,574
498,605,655,440,478,572
511,614,662,437,478,574
511,608,658,444,466,572
505,604,662,442,479,567
505,619,647,446,473,578
510,603,660,445,467,571
511,603,658,445,464,575
500,607,657,440,478,567
511,615,661,431,479,578
505,619,644,444,475,578
509,617,651,433,476,575
506,616,661,430,476,574
511,599,656,440,470,567
509,599,656,444,464,572
497,602,652,439,471,577
506,598,648,444,473,577
511,586,660,443,470,569
509,593,657,437,477,578
510,595,664,431,479,575
511,591,660,435,479,576
501,595,656,444,467,577
506,585,658,440,480,569
509,587,658,444,464,574
510,577,659,446,466,571
496,590,653,439,476,572
512,589,652,440,476,576
507,595,660,436,470,568
499,585,656,440,479,579
506,595,660,430,471,578
507,594,647,445,466,569
511,589,655,438,477,575
511,586,659,444,467,572
512,591,655,439,476,577
507,589,661,429,478,579
508,579,661,442,467,574
510,592,662,435,478,575
510,586,658,443,465,573
510,591,663,430,479,575
511,582,661,443,468,570
508,590,661,439,464,572
501,600,645,442,476,578
509,592,663,430,478,576
506,596,658,432,464,578
508,594,661,439,465,576
511,584,660,441,474,566
506,599,646,444,473,578
509,598,659,432,472,577
508,590,656,440,476,569
499,597,647,442,476,578
510,597,657,438,465,567
511,593,660,434,476,575
508,598,658,436,466,578
510,592,659,445,466,574
505,583,662,442,473,567
500,591,658,438,480,569
515,586,658,443,474,568
502,597,658,435,479,571
510,587,660,445,467,571
511,583,661,442,467,577
496,600,652,438,478,575
509,600,661,430,473,576
500,591,657,440,479,570
507,599,650,443,464,568
510,591,647,442,476,576
500,590,658,439,478,565
512,595,656,439,478,577
508,601,660,432,471,577
507,599,658,430,477,574
501,591,659,440,480,569
511,595,663,429,478,572
511,596,664,436,475,578
512,593,660,435,478,575
514,594,654,437,477,576
509,581,661,440,473,575
501,589,658,439,478,569
511,592,657,436,478,580
509,594,657,437,465,578
504,590,659,438,479,568
507,599,658,439,477,572
500,594,653,439,477,568
509,595,661,431,479,575
510,582,659,444,467,577
512,582,662,442,473,567
508,595,655,436,478,579
499,599,645,443,471,576
507,600,661,432,467,575
508,581,660,442,476,567
511,579,658,444,466,572
504,598,647,443,475,579
497,598,653,439,477,576
501,588,657,438,480,568
507,599,660,430,473,579
511,593,656,436,476,576
504,599,646,444,473,579
510,596,650,443,475,577
512,596,663,430,479,578
511,581,660,446,470,570
512,588,663,436,479,579
508,590,658,444,467,573
509,591,657,443,466,576
504,600,645,443,475,579
512,598,660,429,475,577
508,596,649,442,476,573
499,599,646,442,475,577
498,599,646,441,477,568
511,593,661,436,477,575
502,599,647,443,474,573
508,597,647,444,476,578
512,595,653,441,472,577
508,589,658,437,479,568
502,590,658,439,479,570
512,583,661,442,474,577
511,593,658,432,474,575
510,594,658,441,464,577
506,599,657,433,471,578
492,600,648,440,476,578
512,594,654,440,479,570
507,592,657,429,474,575
507,598,646,445,474,577
509,602,658,433,471,575
509,597,662,430,476,578
504,583,662,442,479,569
512,595,663,431,479,576
510,590,657,442,465,576
507,593,657,437,465,579
502,586,662,436,475,568
503,583,661,440,482,568
503,584,661,441,476,568
513,593,662,435,479,575
511,594,662,431,481,576
500,592,655,439,480,572
510,584,659,443,470,572
511,581,660,443,472,568
502,587,661,439,480,576
507,582,663,442,476,567
510,595,664,432,480,575
511,593,659,435,479,575
511,593,656,440,465,579
507,599,655,436,467,579
508,597,647,444,476,578
510,582,660,442,478,577
500,594,655,437,474,572
509,598,656,439,465,575
510,596,662,431,479,576
505,582,662,442,479,578
509,588,655,440,466,575
501,585,659,440,480,579
511,589,657,443,466,572
511,596,661,428,476,579
512,592,661,437,480,576
506,600,644,443,476,580
502,589,658,440,479,570
506,584,659,439,480,567
511,587,655,442,467,574
511,594,658,440,479,576
511,593,658,435,478,580
511,593,660,432,480,576
506,591,645,444,474,579
501,598,645,443,468,571
511,595,649,442,474,579
498,600,643,441,477,575
514,594,652,436,471,579
510,596,662,429,478,576
507,593,657,440,466,578
508,595,662,430,478,575
505,598,656,434,467,578
501,592,646,442,476,579
500,595,646,440,478,578
510,597,661,429,475,577
509,601,646,442,476,579
500,592,654,439,479,567
509,589,656,443,465,574
509,589,656,438,467,576
511,590,656,436,479,574
508,594,659,429,476,577
507,598,660,441,465,574
496,597,645,442,477,576
509,582,661,443,477,568
510,596,660,431,475,569
509,584,657,444,468,572
508,596,648,444,475,578
507,594,656,440,477,575
512,581,660,442,473,579
510,594,663,433,479,576
509,594,657,434,466,578
506,597,648,439,478,578
497,595,651,439,480,575
508,596,660,429,478,575
510,589,647,440,475,578
509,592,653,440,475,577
508,596,646,441,478,579
506,593,656,440,477,576
503,584,659,437,477,568
510,596,661,429,476,576
504,598,646,444,476,572
504,584,660,441,479,568
493,591,655,439,480,577
511,593,658,440,478,576
505,593,655,439,465,574
511,592,656,438,465,575
502,584,659,439,480,570
509,582,662,442,472,577
508,579,661,443,476,568
501,586,657,440,480,569
506,597,646,446,476,579
511,582,659,444,468,569
512,593,655,437,467,577
501,598,646,444,475,578
507,590,655,440,466,575
504,600,644,444,475,579
507,597,660,431,471,578
507,599,659,430,473,575
513,592,653,440,476,577
511,594,663,429,478,575
507,592,660,433,478,576
502,598,660,434,473,581
503,598,644,444,475,579
505,595,646,444,476,579
499,593,652,440,479,573
510,597,659,429,477,576
510,593,652,440,478,578
502,585,658,439,480,570
507,599,659,425,471,577
511,594,657,438,478,576
512,594,659,437,478,565
507,599,659,434,471,579
512,593,661,436,479,576
504,580,660,441,473,573
513,583,659,445,469,569
505,598,644,444,474,579
507,597,660,431,472,578
509,594,655,439,468,578
511,583,658,444,467,570
508,599,660,430,476,578
511,581,659,443,469,569
507,598,658,433,469,577
508,582,660,442,475,569
502,599,642,439,476,577
504,581,657,440,482,570
511,591,657,440,466,572
504,584,659,438,479,567
506,598,658,431,464,578
509,592,651,444,475,578
502,597,645,442,475,578
507,593,651,441,475,578
509,581,659,443,476,568
508,597,658,431,476,576
511,593,647,442,475,577
502,584,659,439,479,576
504,583,660,441,481,567
512,580,657,444,472,567
507,597,658,431,474,577
509,597,659,433,471,576
508,587,652,439,464,576
504,597,659,428,474,575
507,597,660,430,471,576
506,598,660,429,471,579
510,596,662,430,479,575
512,597,649,442,475,577
512,596,653,438,476,577
514,597,656,435,477,572
510,600,661,429,479,575
511,601,656,438,464,578
514,603,652,438,476,576
508,604,660,429,478,573
514,600,656,434,479,576
505,608,647,441,472,579
502,605,647,441,476,580
510,604,657,433,467,578
512,596,656,432,479,575
511,603,657,440,466,575
499,606,649,437,477,577
508,604,656,435,473,576
504,613,646,440,473,578
510,609,649,442,474,577
508,610,658,432,467,580
510,608,662,429,476,573
509,613,662,429,469,579
504,599,661,440,475,567
510,613,657,433,466,579
500,606,649,438,476,578
512,609,663,435,476,574
512,609,655,436,477,575
513,604,655,436,476,580
511,611,659,434,475,575
509,614,656,434,464,576
506,616,659,429,470,579
509,607,657,438,476,569
504,615,645,442,470,578
500,615,647,441,473,579
508,614,657,434,464,578
511,611,658,435,476,576
511,600,660,442,468,569
509,600,655,442,471,566
506,613,657,439,464,575
499,611,655,439,477,570
500,608,655,438,478,573
508,617,660,427,471,578
508,616,646,441,472,579
512,610,654,438,475,576
510,599,660,441,469,568
511,608,657,440,464,576
499,613,654,439,476,573
504,600,660,438,473,566
508,605,656,438,463,575
506,615,644,440,472,578
509,615,649,440,473,578
512,611,657,438,463,577
509,616,657,437,464,579
499,618,646,435,471,579
497,607,658,438,477,570
512,602,660,442,468,570
507,614,650,440,473,578
507,616,661,427,474,576
499,617,647,440,476,576
509,616,659,427,473,577
501,610,654,436,472,577
506,604,660,439,475,567
505,602,661,439,474,568
511,614,650,442,473,579
511,613,649,441,473,577
508,617,661,431,471,578
513,612,655,435,477,575
509,596,661,435,472,568
512,612,661,434,477,575
512,601,659,442,468,571
512,613,664,428,477,576
513,616,653,439,474,576
500,615,651,437,477,577
508,618,661,429,474,576
511,613,654,439,476,575
511,610,656,438,463,576
511,611,659,436,476,576
510,615,648,442,473,578
512,612,657,435,476,577
512,618,659,438,480,571
507,615,646,442,473,578
509,615,656,435,465,579
511,611,656,438,464,578
510,613,662,430,477,574
507,602,660,438,478,568
501,607,660,434,475,570
510,613,656,437,463,579
510,616,661,427,475,577
505,606,660,439,478,570
503,610,657,438,477,572
500,614,649,439,475,577
511,601,661,440,474,578
508,603,657,441,475,567
501,619,645,441,474,577
500,620,645,440,475,577
509,618,648,443,473,579
513,608,660,435,477,576
512,611,655,435,476,575
505,614,656,441,465,575
506,606,659,438,479,568
509,613,661,440,473,568
506,616,644,442,474,579
510,616,663,428,476,576
505,603,660,439,478,567
510,616,644,443,472,576
507,601,662,436,473,568
511,617,662,428,475,577
501,609,656,438,478,571
512,612,660,435,478,577
504,605,659,438,479,569
501,612,651,435,477,574
507,615,660,430,470,579
501,619,664,430,478,574
503,619,645,443,472,578
508,618,665,427,471,577
504,617,647,441,472,580
514,614,653,439,475,577
514,609,651,441,473,579
503,618,644,442,474,580
500,619,646,440,474,580
511,610,656,439,464,577
500,617,645,440,476,572
510,615,661,430,476,576
502,617,647,439,474,578
501,608,656,436,478,572
508,612,656,437,464,579
512,612,656,436,477,577
512,609,657,437,464,577
513,601,653,440,466,570
511,611,656,436,465,577
511,600,661,443,472,566
507,614,658,436,466,579
513,597,656,443,466,572
506,611,660,430,471,577
511,608,650,442,473,579
501,602,657,437,478,571
513,606,657,440,465,570
511,606,663,429,479,577
510,604,656,438,465,577
508,593,662,439,474,569
516,602,652,439,474,577
509,605,645,442,473,580
511,605,650,442,475,578
507,605,658,432,466,579
512,602,652,438,475,577
512,588,662,442,472,568
504,604,647,441,473,580
508,605,659,429,469,580
509,588,661,443,474,566
511,603,659,429,473,578
511,599,658,436,477,576
503,605,646,442,472,579
510,603,661,430,475,576
505,603,663,429,478,574
511,601,662,429,478,575
513,587,661,443,471,569
499,601,651,441,477,576
504,591,659,438,478,568
505,587,659,439,480,569
514,589,659,443,467,572
511,598,663,435,477,576
513,589,660,442,468,570
504,594,656,435,479,568
512,601,664,430,478,576
509,606,661,429,471,578
513,592,656,443,467,573
513,607,662,436,478,575
508,602,660,436,477,574
501,599,654,438,478,571
502,607,659,429,471,578
501,606,649,440,476,578
512,598,647,442,473,580
513,590,658,442,465,574
503,595,658,437,478,570
508,605,662,429,474,578
493,608,648,440,475,576
515,605,649,442,477,577
510,589,662,442,471,567
513,590,661,446,471,571
511,597,652,436,463,577
499,609,654,440,478,575
508,593,660,441,478,569
509,606,646,444,472,579
512,598,659,443,467,574
503,600,657,441,478,569
505,597,661,441,479,570
504,609,646,442,475,582
514,596,659,444,473,580
510,609,661,432,473,579
502,598,661,441,480,568
513,593,662,445,469,573
506,605,646,444,475,582
500,611,648,441,478,578
511,605,658,447,465,575
512,608,658,440,466,577
510,610,659,440,466,578
512,614,663,429,476,577
506,603,662,440,479,571
499,611,650,441,478,578
508,614,660,433,474,578
512,612,658,442,468,579
501,612,653,441,477,577
504,605,659,440,481,572
511,615,650,444,478,579
502,613,649,443,480,578
513,602,660,445,467,573
512,614,663,434,479,576
512,616,665,446,480,574
510,612,657,436,464,579
511,602,662,445,476,568
509,620,648,447,476,580
509,601,662,446,476,569
510,616,651,445,477,578
511,602,662,448,474,570
508,613,645,448,478,581
504,620,647,448,478,580
507,617,648,450,479,580
511,613,660,438,484,576
510,607,651,447,481,580
507,616,658,442,470,579
496,616,655,447,483,576
499,620,649,449,483,581
509,617,660,443,470,579
505,620,660,441,477,580
508,618,662,437,481,578
510,606,662,456,472,576
510,605,659,450,472,576
506,602,666,451,482,569
505,616,651,451,482,580
497,610,658,449,484,570
499,620,648,450,482,580
510,609,661,453,474,572
512,616,656,449,482,578
511,616,662,445,484,577
504,605,663,451,486,569
505,619,664,439,483,578
506,617,664,440,484,576
511,613,658,447,483,577
508,623,649,444,482,579
509,602,663,441,484,576
511,614,655,440,486,569
503,619,657,452,481,580
510,615,659,446,472,579
513,613,656,443,483,574
510,622,660,434,473,579
513,605,658,443,474,573
503,619,658,431,475,579
509,614,656,435,466,576
509,617,658,432,479,567
510,617,663,426,480,571
500,621,654,432,478,571
513,614,663,424,480,568
506,603,659,425,476,563
515,602,659,431,471,562
513,616,652,431,475,570
511,614,656,428,465,567
500,614,651,426,477,567
513,616,659,423,474,567
503,613,653,425,476,564
512,614,659,421,474,568
511,619,658,421,464,568
509,620,645,428,470,570
503,617,647,422,472,567
505,622,646,423,472,567
515,618,647,424,470,571
504,616,649,422,473,568
516,619,660,411,475,568
515,622,658,413,468,570
513,619,654,413,464,569
515,617,649,420,472,567
505,623,646,421,471,570
518,617,651,418,472,569
506,620,649,415,472,567
508,616,644,418,470,572
513,622,642,418,467,572
512,620,645,417,466,569
521,614,650,414,457,567
510,615,642,417,470,567
518,620,651,406,464,571
523,617,658,413,471,568
520,622,649,411,459,570
521,617,650,413,458,570
520,613,646,415,454,572
523,616,650,416,468,568
511,616,647,418,470,563
517,607,650,420,466,561
516,620,635,421,465,575
521,619,651,411,471,569
523,619,637,422,467,574
511,622,635,424,469,568
519,620,649,414,470,571
521,615,649,423,471,571
520,618,638,430,470,574
516,620,648,420,465,571
517,603,649,435,465,564
513,622,649,419,462,576
517,616,648,431,476,576
514,619,645,429,463,577
512,620,652,434,471,576
514,618,655,428,478,580
510,616,651,438,465,577
508,619,657,431,480,576
505,615,656,434,482,577
506,618,657,435,483,578
503,618,657,436,484,579
501,621,659,438,485,579
503,619,659,452,480,573
501,614,656,446,488,579
489,620,642,451,489,585
499,619,659,444,492,578
497,617,654,453,480,582
497,611,657,458,483,578
487,622,653,455,493,578
495,621,648,460,494,584
498,611,659,460,489,579
495,624,664,449,501,582
488,628,646,461,497,587
490,628,648,455,503,584
494,612,660,464,491,579
493,622,655,461,493,584
480,624,650,462,504,585
492,630,663,452,507,584
490,628,651,464,506,586
492,619,661,466,502,579
491,628,659,455,510,584
491,632,664,455,511,585
489,630,663,457,516,587
487,635,661,461,510,588
492,617,665,472,515,585
483,634,647,475,519,586
489,617,663,475,521,582
488,635,663,468,523,585
493,634,665,468,530,587
487,622,663,480,528,581
491,636,663,470,529,585
493,630,665,472,536,587
480,632,655,484,537,580
487,633,650,488,535,588
490,636,661,474,535,586
486,624,660,486,541,578
483,636,646,488,537,587
490,636,661,479,536,587
490,636,662,478,538,589
490,623,660,488,546,582
494,630,659,484,547,591
491,633,651,492,542,592
490,620,664,491,544,587
482,636,647,491,541,587
483,639,654,489,545,582
487,619,663,489,546,585
493,625,663,489,541,587
483,630,658,484,542,581
491,620,666,487,533,586
488,634,659,479,519,587
493,635,666,466,526,586
492,631,658,471,511,582
492,638,664,457,518,580
489,625,669,467,517,575
495,635,664,454,515,580
494,634,664,451,513,580
484,640,649,462,507,582
495,622,661,460,503,568
486,636,656,457,502,575
485,636,658,455,500,570
500,635,665,447,496,573
491,640,647,454,491,575
496,642,648,458,487,574
496,625,661,451,491,561
488,639,654,452,488,568
502,634,657,453,483,570
503,632,659,445,485,565
502,637,659,446,470,569
499,638,660,441,477,566
499,626,660,449,484,558
497,637,662,440,478,567
502,635,650,450,478,568
495,638,644,453,481,569
491,635,652,449,482,563
495,632,648,452,477,562
504,629,658,443,475,563
493,635,653,449,483,563
506,634,648,456,481,569
490,637,646,452,480,571
504,633,649,455,478,570
504,634,658,445,468,571
508,632,662,441,482,568
507,635,648,456,478,571
504,635,660,440,483,568
511,633,655,450,482,570
497,629,656,449,485,564
509,632,657,449,482,568
496,633,652,450,482,566
503,633,659,441,476,570
502,633,657,442,476,573
498,633,646,451,481,573
510,629,655,449,483,570
498,629,655,451,485,567
504,633,655,448,471,573
505,633,645,455,480,573
502,633,643,442,480,571
492,622,658,443,486,569
504,634,657,445,478,573
504,633,660,443,483,572
507,632,662,442,483,571
497,627,654,451,482,565
504,634,644,454,482,573
496,630,651,451,486,568
500,633,645,454,484,574
499,626,653,451,487,568
503,620,644,455,482,574
509,622,657,457,472,568
500,631,645,455,481,574
506,628,657,443,486,570
506,629,652,452,473,572
501,632,643,455,481,574
498,628,654,450,486,564
498,624,653,450,485,567
509,622,655,454,473,570
509,628,660,440,484,569
500,628,643,443,483,569
501,619,655,451,486,562
510,615,657,455,478,562
504,617,658,452,481,561
504,625,655,443,478,572
505,631,660,440,484,571
499,627,650,450,485,568
503,628,658,440,485,567
509,615,658,454,479,563
509,614,655,454,476,562
512,626,651,445,484,564
500,627,643,451,484,566
510,628,659,442,485,569
500,632,642,451,482,574
506,630,642,454,482,573
510,626,655,449,485,569
499,626,644,451,483,569
503,631,643,452,483,574
507,629,654,446,473,571
511,622,654,452,471,568
511,620,654,453,472,565
507,625,648,452,479,569
494,632,647,450,484,569
510,626,645,453,481,573
512,625,651,445,484,566
511,613,656,453,474,565
508,628,655,449,473,572
508,612,657,454,480,561
509,625,658,438,484,569
511,619,655,453,471,567
511,626,646,451,483,571
498,624,658,438,481,571
504,616,656,449,484,562
511,621,659,444,483,567
510,621,654,448,468,569
507,608,656,452,471,563
509,608,656,450,470,563
512,614,653,454,467,567
505,625,656,433,470,572
511,609,655,452,468,566
503,625,643,449,476,573
510,602,654,449,470,560
510,614,653,447,465,572
509,622,658,432,477,566
509,623,656,436,474,570
505,602,655,447,476,559
498,619,653,448,478,563
499,616,651,443,475,569
502,612,656,447,477,561
509,619,655,441,466,572
508,618,659,438,476,568
512,617,648,448,474,571
509,618,655,448,463,571
511,620,660,440,476,567
511,612,653,450,463,569
504,620,639,451,469,569
508,621,656,438,469,571
510,611,649,448,474,568
512,604,657,449,473,561
512,606,655,450,463,564
513,601,656,449,463,565
511,602,658,448,470,562
509,616,653,446,464,571
503,604,658,450,467,561
509,622,660,436,472,571
510,615,649,449,472,572
512,610,655,450,463,565
510,610,653,450,464,569
502,612,655,446,478,562
511,619,659,438,476,567
496,616,653,445,477,564
508,605,658,448,474,560
512,617,650,445,476,569
511,612,659,435,472,569
508,604,660,448,474,560
512,614,648,449,473,570
512,607,654,449,463,568
511,616,655,444,477,568
499,616,645,445,476,566
508,616,654,443,465,572
512,604,644,446,465,571
508,619,655,441,469,571
512,612,653,447,463,570
511,603,658,449,469,563
506,612,654,447,466,567
510,619,650,450,474,572
510,615,654,444,463,569
512,614,651,446,476,569
511,615,653,447,470,571
502,609,653,446,478,563
503,620,642,449,474,572
503,614,644,449,476,575
508,619,654,442,467,567
510,618,653,444,467,569
511,616,650,442,468,569
511,597,654,449,469,560
508,619,656,444,463,571
514,612,651,447,465,570
506,621,656,436,471,573
511,618,643,449,476,572
509,620,657,437,473,572
505,608,653,447,480,562
500,608,648,445,476,567
514,616,649,450,475,570
507,618,643,450,474,572
511,605,657,451,475,561
501,615,652,441,479,565
514,603,657,452,469,565
511,615,658,442,478,569
511,615,655,440,481,568
513,616,659,438,480,569
507,616,649,449,477,571
502,613,652,446,480,566
511,614,654,446,465,569
508,619,656,440,475,572
512,613,651,445,466,569
512,614,655,442,481,568
512,613,657,437,475,570
512,609,654,446,467,570
509,615,653,445,480,570
512,602,654,450,467,560
509,615,657,433,472,572
504,608,656,447,483,563
500,603,656,445,478,562
512,615,654,441,481,569
501,619,646,449,478,575
510,615,656,438,481,568
504,619,642,447,476,573
512,613,653,447,479,569
504,607,657,446,468,575
503,606,658,447,482,561
501,617,651,447,480,570
513,609,654,443,479,569
511,618,660,437,479,569
513,606,655,447,470,566
512,613,654,449,466,570
514,611,655,448,467,569
510,624,644,450,474,574
509,615,659,442,479,569
503,608,655,446,481,563
500,620,644,449,477,573
504,620,643,445,465,571
508,604,657,448,477,562
510,615,649,448,476,571
501,616,652,446,479,567
507,604,659,449,480,558
514,611,651,451,467,566
512,616,646,448,478,573
508,606,658,448,477,563
513,603,658,451,473,563
514,611,652,451,466,568
501,611,652,445,481,566
510,612,650,440,465,570
513,606,656,451,469,564
512,611,655,449,467,571
513,602,654,450,467,567
512,602,657,452,466,564
511,608,652,445,467,572
511,617,658,435,479,569
501,620,644,448,477,571
503,619,644,447,478,572
509,603,659,449,476,562
511,612,653,447,467,571
512,598,655,453,471,565
511,614,653,445,466,571
514,612,655,446,468,570
511,616,660,437,481,570
512,612,654,445,467,571
510,620,654,439,469,573
513,615,649,447,478,572
515,616,650,445,478,571
507,619,642,450,476,574
502,621,645,448,478,573
508,608,659,448,478,564
512,609,656,443,479,568
513,613,652,445,477,570
511,616,653,444,466,571
510,618,658,436,476,571
512,611,651,447,468,567
509,619,659,437,481,571
508,613,656,450,470,567
513,602,657,451,468,566
510,614,655,440,466,573
512,615,654,448,466,571
496,616,648,448,479,569
513,604,656,450,472,565
499,622,641,447,478,572
509,617,655,441,469,574
512,604,659,447,473,562
513,604,655,451,467,566
511,613,652,449,476,563
513,615,652,446,478,572
511,604,657,451,469,566
512,611,654,448,467,568
506,619,643,450,477,573
508,615,654,445,467,572
508,603,657,448,476,563
510,603,658,450,477,563
500,614,649,445,481,568
509,616,655,444,468,573
507,619,639,446,476,572
512,617,659,446,469,572
501,620,642,447,476,574
509,604,657,450,473,563
503,620,655,440,471,573
512,619,654,441,468,574
510,617,658,440,467,573
504,621,658,434,474,572
499,614,652,444,483,566
511,607,655,448,469,567
506,613,657,443,480,563
510,625,656,433,471,574
512,622,659,435,480,572
514,625,659,431,479,571
511,614,656,447,467,567
507,630,645,447,474,575
501,632,645,442,475,578
510,630,657,434,469,577
512,618,660,446,471,567
511,629,656,444,466,577
510,632,655,442,477,579
498,632,647,442,480,578
510,635,656,438,469,581
509,638,657,434,473,584
512,636,655,445,470,576
510,638,656,432,470,580
506,638,643,445,478,584
514,630,656,444,469,581
505,623,660,442,476,571
512,637,663,432,481,580
512,625,661,443,481,573
508,627,658,441,480,574
505,637,651,439,478,582
512,636,648,445,476,584
503,636,651,441,480,580
515,629,656,446,469,578
512,623,660,444,478,574
508,642,658,433,469,579
503,636,651,441,478,578
504,634,653,440,480,578
506,636,654,440,481,583
516,637,662,434,480,581
515,636,661,432,477,580
509,640,642,445,473,583
515,635,656,442,479,582
519,635,650,441,465,577
512,635,656,442,466,583
517,635,655,442,476,580
515,634,661,433,479,580
507,639,644,447,474,583
505,640,644,446,476,583
513,635,658,440,466,583
513,621,660,447,477,571
511,638,659,434,474,581
505,628,656,444,478,573
505,625,656,444,479,578
514,630,647,447,474,581
513,631,657,440,469,582
510,630,656,441,467,583
512,610,658,450,470,571
514,611,652,445,464,577
512,602,656,436,469,574
512,596,657,443,480,580
507,595,644,451,473,584
497,591,645,446,476,582
510,585,659,437,477,578
509,581,660,436,477,578
509,581,656,445,468,582
499,572,652,450,478,575
512,573,655,442,478,577
507,575,644,448,475,583
513,564,656,442,478,579
513,561,649,447,476,579
508,562,658,434,473,579
512,554,654,444,466,582
500,557,643,442,478,578
500,548,654,446,478,574
506,531,662,446,476,572
512,537,656,444,464,579
499,532,647,444,477,576
507,533,644,449,473,583
511,529,659,436,478,580
509,528,661,436,477,578
504,516,657,444,479,572
503,511,652,444,477,577
512,509,660,446,476,571
501,512,652,444,480,574
508,529,659,434,473,582
508,519,656,450,466,579
505,530,643,448,476,583
511,524,662,432,476,580
504,525,641,443,477,581
502,509,646,447,476,581
511,499,660,444,480,572
511,512,663,436,481,577
511,496,658,445,481,572
513,508,657,432,480,576
508,508,657,448,469,577
502,501,646,444,478,582
508,509,656,442,465,580
512,500,659,447,473,573
508,505,655,438,464,580
511,503,657,444,463,578
513,504,661,449,472,572
507,513,647,446,476,582
512,503,658,444,481,573
498,519,653,445,478,581
511,511,659,445,481,572
510,535,659,436,472,582
508,542,655,437,470,578
509,553,662,437,479,578
514,560,656,440,469,581
513,562,656,437,467,581
509,566,662,435,482,578
509,572,658,439,472,582
511,573,657,443,468,581
512,576,648,447,475,582
512,580,652,445,479,581
502,590,647,445,481,577
514,583,657,448,468,577
511,583,660,450,472,572
503,603,646,448,478,582
512,600,661,435,482,577
504,595,654,440,481,569
508,607,658,440,471,582
509,611,657,439,471,581
513,599,657,449,468,577
507,604,659,444,479,572
515,613,651,449,478,580
510,604,662,441,476,571
511,620,646,448,473,582
514,603,659,450,470,574
498,620,646,446,480,581
513,616,656,447,471,577
516,620,655,445,478,579
509,628,658,436,475,582
509,625,662,435,477,581
507,629,645,448,479,582
508,615,660,447,480,570
515,616,658,449,472,580
504,633,642,443,478,577
513,627,664,436,481,578
510,630,646,449,477,580
516,628,653,445,480,581
512,617,661,447,471,573
510,637,657,435,477,581
515,625,655,437,477,577
509,621,661,444,482,571
505,634,660,447,469,577
517,628,653,444,480,580
514,636,658,436,481,578
503,637,651,443,482,577
512,633,653,439,469,580
503,642,647,441,479,581
516,637,654,437,478,580
504,638,654,439,480,577
513,642,657,434,467,582
510,642,662,430,477,579
514,620,661,443,473,572
508,643,645,443,474,582
513,643,660,430,475,580
514,635,648,445,474,582
517,637,654,436,479,578
511,630,662,442,478,572
509,645,646,444,477,579
514,643,663,430,476,580
513,628,661,442,480,570
506,637,655,440,480,582
504,634,660,442,479,571
515,642,647,442,480,578
510,630,661,441,479,573
506,639,655,440,480,575
517,632,657,442,467,579
516,627,660,444,465,578
518,641,662,435,479,579
516,643,662,434,476,580
513,635,658,432,473,579
517,636,657,441,478,580
512,643,657,435,471,582
517,634,663,435,480,580
519,628,657,447,466,576
511,641,657,438,467,580
505,640,652,443,479,576
507,642,641,447,472,577
516,625,661,447,473,574
507,642,645,446,476,579
512,626,658,447,468,574
515,641,657,439,468,581
517,636,648,445,476,583
512,625,661,445,476,571
505,642,647,446,478,581
516,639,656,437,470,582
515,639,658,440,470,582
518,638,650,449,475,581
517,626,656,444,472,570
517,632,655,446,477,579
517,636,654,445,478,579
517,632,654,449,468,578
515,635,660,437,480,579
515,638,662,435,480,579
519,636,652,448,475,581
514,624,660,446,480,572
511,625,659,446,476,571
518,624,657,449,466,576
519,635,656,443,478,580
514,637,649,447,476,582
509,627,659,445,479,572
514,640,659,436,472,581
512,634,658,435,466,580
514,634,655,444,467,581
519,622,657,447,468,575
514,622,657,448,471,574
519,624,654,444,470,571
518,623,657,450,470,574
508,638,643,448,477,581
513,636,655,444,470,581
515,628,654,449,467,579
505,635,647,445,478,578
515,632,650,443,466,578
519,635,652,447,477,582
515,638,645,449,475,583
517,636,651,446,467,574
518,630,655,446,466,580
505,633,645,445,477,580
517,632,654,441,479,579
515,632,661,435,476,579
517,621,658,444,467,580
516,616,659,449,475,572
514,637,657,436,471,581
504,640,646,446,477,583
519,633,652,445,475,579
507,630,656,444,480,572
518,630,653,446,478,579
514,632,654,444,465,580
507,634,645,447,477,580
514,630,653,450,465,579
510,624,658,447,479,572
518,622,655,448,470,573
516,631,661,438,480,579
514,621,659,448,474,571
517,636,649,449,476,582
505,631,656,441,476,573
501,637,644,448,476,579
515,619,660,447,474,572
519,631,654,445,477,580
515,620,658,448,471,572
515,635,661,438,475,576
515,620,659,448,475,571
511,636,656,435,474,579
511,623,658,447,477,574
515,628,651,444,463,579
506,630,653,445,480,573
516,621,659,449,473,570
514,633,654,445,466,581
514,632,654,445,468,583
517,631,657,441,477,578
515,634,660,436,477,580
508,627,656,443,482,573
518,630,654,446,465,580
515,637,660,435,478,579
516,634,654,444,466,581
514,630,661,436,477,579
518,628,657,441,481,579
518,626,655,449,466,579
507,637,645,449,477,582
510,627,651,441,481,571
514,629,654,445,465,580
516,630,653,444,467,580
512,629,643,450,474,582
514,621,656,450,469,573
519,619,658,450,468,572
508,638,643,449,479,584
509,635,644,449,478,583
513,630,654,445,478,578
511,638,644,447,477,582
505,630,649,445,478,577
515,618,658,450,475,572
518,631,658,442,478,577
512,635,658,438,471,581
506,635,644,447,479,579
507,637,643,446,477,581
518,619,655,445,464,576
517,627,654,450,467,575
507,632,653,444,479,578
507,631,652,445,480,574
518,631,656,444,479,578
510,636,640,450,476,585
511,620,659,446,477,571
516,630,652,446,477,580
510,634,653,444,477,580
506,635,645,446,478,578
515,632,653,445,464,578
515,620,658,448,475,572
508,629,655,446,480,574
512,628,640,450,472,582
511,623,658,447,477,580
518,631,650,447,478,579
509,634,657,436,473,582
507,635,643,448,478,581
506,635,644,448,473,578
516,622,655,437,476,576
512,620,659,447,477,570
510,630,643,449,474,583
517,631,657,441,480,578
516,618,659,449,472,571
517,631,652,442,466,583
513,632,655,445,478,581
519,620,657,445,467,576
512,635,656,440,474,581
513,622,658,446,478,572
506,631,647,447,474,579
518,629,653,438,479,576
513,634,655,439,473,582
517,632,656,439,480,579
517,629,654,451,465,577
518,626,654,451,464,578
515,630,657,433,473,580
513,630,660,438,479,575
520,620,655,450,471,571
506,631,649,443,481,575
506,636,644,447,477,584
515,632,659,432,471,581
512,623,655,446,481,570
513,632,656,440,473,583
520,631,659,437,481,580
505,626,652,446,479,576
519,631,653,442,480,578
517,630,657,442,479,579
507,632,644,445,478,581
508,626,656,445,481,571
516,633,660,436,478,579
516,627,650,448,466,579
515,630,655,447,465,581
512,622,658,443,480,573
519,619,657,451,471,575
515,632,660,437,476,578
507,635,643,444,473,584
517,617,658,450,472,572
512,632,644,450,474,584
515,632,655,446,467,583
512,634,641,445,476,579
514,636,658,437,472,581
515,635,656,435,466,583
509,622,657,442,477,573
505,630,650,445,478,577
515,634,655,436,476,579
518,625,661,437,481,579
515,632,657,441,472,582
514,633,643,451,476,583
516,632,642,452,476,582
505,630,652,446,480,580
514,629,655,446,462,578
518,629,652,446,479,579
518,630,657,441,480,579
519,627,660,442,480,578
519,624,653,445,478,581
506,630,652,446,480,574
513,617,660,449,479,568
514,631,655,444,469,582
513,633,658,436,477,582
513,619,660,448,475,568
513,627,657,435,476,580
515,634,659,436,473,580
516,635,659,444,469,581
514,618,657,450,474,573
520,627,655,444,477,580
514,635,658,437,473,582
517,627,656,441,480,579
518,628,655,450,468,577
507,628,653,446,479,572
504,633,643,447,478,580
516,629,649,444,478,579
517,623,654,451,467,579
507,635,645,448,479,580
517,628,653,445,478,578
519,617,657,451,470,575
518,629,658,442,479,580
508,624,654,444,480,573
513,632,656,436,472,581
518,628,659,442,479,578
518,628,644,449,476,581
516,624,654,453,467,579
510,634,644,448,478,582
515,633,653,435,472,580
520,627,656,443,477,579
505,634,645,447,479,582
518,632,656,435,478,581
508,633,643,449,478,580
506,625,652,446,482,577
501,632,646,447,478,580
507,624,651,445,481,575
515,615,658,449,479,573
517,624,652,447,468,580
505,625,654,445,481,575
520,622,651,447,466,578
508,626,655,446,479,580
516,616,659,449,475,571
517,629,651,449,471,578
518,611,659,449,472,573
513,631,656,438,472,582
517,627,652,442,468,581
514,631,655,443,467,583
509,625,654,445,483,573
518,627,660,443,481,579
515,630,655,440,473,582
505,631,651,445,480,581
517,615,657,449,472,572
518,617,655,450,475,571
518,625,654,446,479,579
516,628,646,449,477,582
511,629,643,449,477,582
514,623,654,445,466,580
515,614,659,449,480,571
512,613,658,450,474,571
509,630,644,448,478,583
512,614,658,446,478,572
511,618,657,447,481,572
515,630,659,436,474,581
510,629,643,449,477,583
521,624,651,445,477,579
514,630,656,440,472,582
508,623,653,446,481,575
512,628,657,439,474,581
518,625,661,438,480,579
514,629,658,435,479,579
516,627,647,450,475,582
517,625,647,449,477,581
510,616,655,446,481,572
517,621,658,438,480,579
