=~=~=~=~=~=~=~=~=~=~=~= PuTTY log 2023.11.02 23:30:00 =~=~=~=~=~=~=~=~=~=~=~=
527,486,439,457,477,570
525,483,447,448,475,567
526,489,453,447,475,572
518,492,450,456,479,566
528,494,448,447,481,573
531,480,448,463,468,574
529,493,447,457,469,578
528,494,452,463,469,571
521,490,441,461,478,579
531,485,452,454,467,576
520,497,452,451,482,574
528,501,454,448,473,577
532,496,438,458,478,577
531,495,453,455,478,576
532,492,445,458,469,572
534,496,454,446,476,576
526,484,449,456,477,577
527,499,450,457,467,575
531,494,450,454,468,577
521,499,440,451,478,572
533,484,450,454,476,575
528,502,448,454,475,563
518,493,448,449,461,570
519,487,447,453,463,559
522,485,442,449,472,564
521,486,444,450,472,558
514,492,442,449,470,561
515,501,442,452,469,562
512,497,447,450,469,559
515,494,441,447,469,561
524,495,444,449,461,554
513,493,438,448,466,551
519,488,434,446,465,552
522,498,435,436,454,559
521,493,431,442,452,551
508,493,424,443,447,549
511,499,428,432,455,547
518,495,438,429,449,546
519,497,425,429,454,540
516,494,431,440,451,531
517,493,430,438,448,528
518,486,435,435,451,533
506,490,416,438,446,540
515,497,426,437,447,527
512,499,417,434,450,532
511,503,424,428,450,531
510,487,428,438,450,536
515,496,429,437,452,530
503,499,414,438,448,540
505,486,428,439,450,540
512,504,426,441,448,531
502,498,415,439,449,541
516,501,428,438,440,539
517,500,432,432,443,543
516,489,429,439,452,538
516,491,429,440,453,540
520,502,432,432,451,541
515,489,429,443,455,544
522,499,430,443,453,546
521,489,431,442,458,538
518,499,431,440,455,535
518,502,432,446,457,537
519,504,437,445,454,539
520,502,429,435,462,546
522,501,434,448,459,552
511,499,436,446,460,548
523,486,436,447,459,540
521,498,434,447,462,553
526,492,433,451,460,556
521,498,435,438,465,550
516,497,428,439,462,553
512,485,426,452,462,554
525,471,436,452,454,550
517,468,430,447,468,549
522,475,435,450,464,555
514,472,437,450,466,559
528,457,440,449,474,548
528,465,442,440,466,557
516,462,429,454,466,559
527,463,430,442,473,559
523,467,438,454,461,555
524,469,441,447,474,559
525,465,445,452,463,562
515,462,441,453,475,555
523,471,443,455,466,556
520,474,439,446,476,563
523,471,445,454,475,559
524,470,443,455,463,561
525,470,446,453,462,561
526,476,440,453,464,556
515,476,433,452,474,561
527,468,448,442,476,560
522,463,448,458,465,556
515,477,448,458,473,563
524,479,444,453,475,559
515,475,448,454,474,550
521,466,445,453,476,560
521,482,445,458,476,560
530,484,436,450,477,560
526,485,443,458,468,556
517,476,446,453,461,559
528,483,450,453,476,561
522,473,435,455,473,563
520,486,444,453,475,561
523,486,442,446,473,563
528,480,448,447,477,559
529,483,447,458,472,561
515,490,437,455,474,562
523,491,442,458,471,553
523,489,443,459,468,556
527,482,449,455,475,553
529,486,448,458,473,562
525,474,444,456,475,562
515,489,434,455,473,561
530,487,449,442,470,562
519,480,443,459,465,559
526,489,445,454,465,562
515,493,437,449,478,559
518,492,443,454,477,558
526,477,446,458,465,559
527,492,444,457,470,553
528,488,446,455,472,552
529,489,443,444,476,560
527,477,443,456,475,561
528,489,445,455,474,551
530,486,448,452,464,562
527,478,445,455,474,561
532,489,449,442,472,561
529,490,447,444,476,562
518,489,434,456,476,561
528,477,444,457,477,557
526,492,444,455,473,560
529,477,447,444,477,560
528,494,442,455,477,560
523,478,442,451,479,551
529,485,448,450,478,560
531,479,444,449,479,556
518,487,448,455,480,551
530,490,445,456,479,559
529,478,447,457,468,557
528,492,444,444,475,560
528,490,445,456,477,553
531,490,448,452,478,560
517,483,447,453,480,555
530,487,448,452,478,556
514,492,433,454,476,562
527,499,445,458,475,553
529,489,449,456,475,565
520,486,432,454,474,562
527,490,447,457,466,560
519,485,433,457,475,564
527,493,448,451,467,562
519,483,436,444,475,561
533,491,450,458,478,563
526,496,443,446,470,563
530,490,445,454,477,562
530,479,450,455,478,558
532,488,450,450,471,562
519,487,434,455,477,563
532,493,448,454,476,556
522,482,442,453,478,559
529,494,445,448,476,561
519,496,435,448,467,562
531,479,448,454,477,560
524,480,443,454,479,554
528,493,445,444,477,559
517,494,434,454,467,554
519,497,437,458,475,562
518,490,435,457,476,561
531,481,448,453,480,556
519,496,435,451,478,559
530,490,450,447,467,564
527,488,450,455,481,552
517,489,434,458,476,562
525,481,445,456,477,563
526,481,446,444,478,561
516,497,440,446,479,560
529,489,445,453,461,557
529,497,444,459,469,557
528,494,449,460,473,564
528,492,450,454,482,553
529,498,434,455,477,559
526,497,444,458,473,553
519,489,436,455,479,561
528,495,446,444,479,560
528,482,447,444,476,560
527,481,443,456,476,564
527,479,446,455,478,559
520,497,440,452,467,562
528,494,445,457,481,552
519,492,451,446,473,563
525,481,447,457,477,563
526,497,446,460,472,552
523,498,435,457,477,561
527,499,446,459,467,557
525,484,445,445,478,560
529,499,446,448,477,560
519,499,434,457,475,564
533,489,451,443,466,562
530,495,447,457,466,561
529,498,448,459,465,557
528,496,448,455,476,551
533,482,449,454,474,560
520,487,437,458,477,557
519,488,435,461,472,561
528,491,443,459,458,553
520,489,436,460,472,561
532,491,448,458,462,555
529,496,446,460,464,558
527,489,449,458,472,561
533,490,447,456,463,563
537,489,450,458,475,564
530,492,447,458,471,562
527,492,448,454,462,562
529,489,442,459,462,555
534,490,451,458,463,559
534,470,450,454,476,556
526,472,442,445,473,563
529,496,447,446,463,563
535,490,438,456,472,565
519,487,438,458,470,566
532,492,452,446,471,566
531,498,449,445,476,563
534,483,452,454,473,557
523,499,440,455,473,560
535,487,447,456,475,569
527,500,447,454,477,561
529,502,449,459,472,561
536,499,452,455,469,568
533,498,454,458,477,571
528,503,441,447,478,570
531,502,449,460,476,578
536,485,452,457,479,576
536,499,456,453,470,579
540,492,459,451,470,577
538,495,458,461,482,575
537,501,454,458,473,579
527,476,449,450,478,580
536,501,455,462,468,575
534,497,453,450,482,576
536,499,455,461,472,570
537,496,459,459,484,569
536,497,456,462,479,569
528,497,460,456,469,579
536,498,457,448,482,576
537,497,459,461,468,576
538,498,458,449,480,577
537,496,459,459,467,578
536,483,460,460,476,577
536,484,458,458,479,576
534,496,459,448,481,569
536,496,457,462,475,567
528,488,447,461,475,577
537,496,456,463,466,571
537,491,463,455,472,576
537,491,460,460,466,572
525,482,454,450,477,572
534,493,456,463,472,574
539,492,461,449,474,575
534,494,456,459,467,575
536,492,458,457,474,574
529,493,458,458,466,574
536,494,458,450,477,571
536,495,459,459,478,566
540,497,459,451,471,574
520,495,446,457,477,572
534,482,455,460,476,572
526,497,446,455,478,569
528,496,451,449,479,570
535,496,462,457,467,573
536,494,461,448,474,574
534,494,458,462,466,567
534,481,462,459,480,569
534,481,460,450,478,573
535,493,462,464,476,570
531,497,457,461,478,571
532,491,460,450,466,570
536,500,457,464,469,565
528,498,454,451,479,570
529,492,446,461,478,572
526,491,449,463,480,563
530,499,456,449,475,571
531,498,461,460,467,570
521,498,448,459,478,571
526,502,459,463,470,566
531,501,460,464,467,567
534,497,462,458,478,570
524,494,455,462,479,571
527,504,455,454,480,571
526,496,448,465,483,564
522,491,463,458,484,565
535,491,461,465,474,573
522,504,453,452,474,569
531,504,458,459,469,567
534,500,464,457,468,571
534,500,460,450,477,570
526,502,461,450,478,569
535,495,460,456,482,562
524,489,456,461,478,572
531,504,459,450,481,570
531,504,460,463,479,563
530,484,457,464,476,576
523,504,448,461,482,567
533,501,456,451,479,571
532,498,458,459,479,574
524,502,450,457,483,570
533,502,459,461,472,570
533,486,461,461,480,564
537,497,458,462,479,575
533,500,459,451,472,571
538,496,462,460,477,575
534,501,459,462,469,576
538,483,463,460,483,571
527,491,461,449,482,574
525,493,448,462,483,568
526,497,448,457,483,575
533,482,463,458,477,577
540,493,464,462,483,574
538,496,459,457,467,574
536,497,462,459,483,565
539,490,463,460,483,572
539,481,462,457,478,567
536,492,460,457,483,572
525,495,466,447,481,573
533,493,459,463,470,573
539,481,463,463,483,570
536,489,462,460,477,566
526,482,449,461,478,576
535,494,461,459,483,570
537,479,463,458,476,566
536,485,462,458,471,573
536,475,461,458,483,571
537,484,460,459,481,564
531,474,451,460,478,576
533,485,459,459,476,567
526,475,445,459,476,576
538,482,452,446,484,572
531,478,452,460,473,567
525,474,445,451,481,574
525,465,457,445,473,578
536,467,457,447,474,579
535,467,453,458,475,568
534,463,454,453,473,568
528,470,444,453,481,568
534,467,452,457,475,575
531,454,449,458,481,577
536,461,455,454,483,570
533,467,454,457,475,569
537,465,452,446,479,576
526,478,443,452,478,568
534,479,456,458,469,577
537,475,458,449,471,577
532,478,454,456,469,577
530,482,445,447,483,573
531,483,459,456,481,571
533,475,459,456,479,576
532,469,458,454,483,574
537,474,445,460,477,579
534,477,442,456,480,576
532,462,453,459,471,574
527,473,453,459,479,577
534,483,455,456,469,575
524,479,443,457,482,576
533,469,444,454,471,579
536,477,454,461,465,567
534,490,460,454,471,576
537,473,459,458,482,573
534,488,455,462,486,565
521,488,445,459,482,575
533,487,456,461,478,567
539,487,457,457,480,568
527,491,448,456,471,575
532,480,450,462,476,576
536,477,459,455,472,576
526,492,457,447,480,575
539,490,462,448,479,575
536,490,457,462,473,568
526,491,455,461,480,567
534,493,448,450,483,575
525,490,444,460,485,569
536,492,458,459,481,565
537,489,460,455,483,572
526,494,445,458,470,569
538,489,463,451,478,576
539,479,463,459,476,573
531,477,453,460,480,576
537,488,459,452,476,577
537,472,461,458,483,574
538,477,459,460,482,576
530,493,452,453,484,572
536,493,457,461,480,566
537,480,455,461,486,576
536,491,458,460,472,576
535,495,456,462,478,565
535,490,459,461,484,566
535,490,461,460,471,575
534,496,458,463,473,571
540,482,463,448,472,575
535,495,456,463,482,574
536,496,456,459,481,574
521,492,445,459,482,573
527,496,446,454,472,576
536,493,457,461,482,567
534,496,457,449,481,574
533,483,463,459,481,574
528,485,447,462,483,570
529,481,446,459,482,576
534,489,457,464,477,567
540,494,456,456,486,569
534,496,458,462,474,569
540,492,452,463,480,577
533,494,458,464,480,573
530,487,448,462,474,567
537,480,462,463,484,572
538,490,461,449,480,575
532,495,451,452,482,574
539,485,458,451,482,574
529,496,449,452,485,572
529,496,451,454,479,573
532,493,458,455,485,574
534,495,464,456,484,570
526,492,451,459,473,576
526,497,448,455,485,577
534,495,461,453,474,577
534,493,458,458,483,575
536,495,458,461,473,573
534,499,456,463,473,570
537,494,456,449,484,573
535,494,457,461,471,572
538,489,460,458,483,566
532,496,457,459,478,566
539,482,442,460,487,566
531,476,447,464,475,574
540,490,463,448,479,574
536,490,458,462,479,565
537,480,461,459,486,570
531,497,458,463,476,569
530,484,454,463,483,574
525,492,446,458,481,577
529,483,457,459,484,570
538,477,452,453,485,572
534,475,459,463,475,566
531,482,450,465,481,577
539,474,459,459,483,575
529,478,449,460,480,576
538,479,460,460,485,566
538,483,456,456,483,573
536,484,459,461,482,575
528,482,445,460,481,574
541,479,458,455,471,572
542,483,458,453,481,574
539,471,458,449,477,575
540,478,456,454,470,577
538,467,455,458,481,577
535,478,453,448,482,574
536,479,457,448,478,578
529,469,449,461,478,578
537,468,455,462,476,577
530,473,461,457,483,572
540,474,459,458,484,576
528,488,444,459,480,577
526,484,458,453,474,578
528,481,448,456,483,576
540,488,459,450,481,576
526,487,444,459,481,577
538,491,460,453,472,578
534,495,443,457,480,569
540,496,444,459,479,572
538,485,460,452,476,580
530,500,449,450,483,576
538,495,459,460,480,570
528,494,446,461,480,579
538,499,456,460,483,580
539,496,461,453,471,581
541,496,448,453,482,577
537,501,444,458,480,579
530,497,446,460,482,581
531,492,452,463,482,581
533,503,455,448,483,583
540,508,452,457,479,571
540,503,457,461,471,579
543,491,451,458,473,584
538,505,447,460,483,584
541,498,460,459,486,581
531,501,460,463,482,586
537,508,455,461,483,587
538,508,459,463,473,583
539,507,463,452,480,586
541,508,457,463,477,578
540,508,457,462,483,574
544,505,461,451,481,584
544,493,464,459,488,579
542,498,462,460,487,577
538,502,456,453,487,582
538,493,452,461,483,588
544,490,462,464,488,576
543,498,455,452,489,584
544,497,463,459,488,584
542,501,459,459,476,581
542,498,464,461,482,584
532,491,464,464,485,585
542,498,461,467,474,581
543,496,466,463,489,586
536,502,451,463,488,582
538,504,463,469,480,576
535,501,458,457,489,585
541,503,462,455,489,581
540,488,465,466,487,580
530,498,451,465,486,581
530,500,453,468,473,578
542,488,464,456,483,578
541,497,468,465,485,579
539,494,465,468,486,578
543,500,453,470,480,577
540,492,462,468,475,567
531,488,456,468,474,578
540,500,465,458,484,573
537,503,460,455,484,574
542,492,464,459,484,567
539,491,467,465,483,574
531,503,458,457,484,573
538,500,458,466,481,573
539,504,465,455,483,576
531,491,463,465,480,575
529,503,461,467,479,576
539,495,452,469,477,573
535,499,465,466,477,563
539,490,467,455,476,570
523,501,458,461,482,571
529,500,463,456,466,574
534,499,454,461,481,571
534,498,466,455,476,572
538,496,468,455,477,564
535,500,461,456,481,568
537,494,463,468,467,567
534,499,464,466,468,571
534,495,459,468,476,574
535,498,464,467,474,572
533,500,467,469,477,574
530,501,465,470,476,567
536,501,463,468,473,564
535,496,465,465,467,570
531,485,464,464,480,563
537,491,469,464,480,565
536,500,463,469,467,569
538,497,463,463,467,573
537,497,466,466,476,562
531,500,464,468,474,568
538,493,453,466,477,573
535,495,468,463,481,564
527,489,466,463,481,565
537,496,468,465,481,565
534,496,466,461,467,571
527,500,454,464,481,562
533,497,465,469,469,566
536,494,466,465,481,564
537,493,468,464,482,571
539,493,466,454,478,571
525,486,454,456,475,571
535,491,467,466,470,571
537,492,465,465,469,570
537,490,469,460,474,574
532,481,466,467,479,573
526,494,459,456,484,575
532,495,464,468,476,564
535,490,464,469,470,567
537,489,467,462,471,567
535,493,464,470,474,568
535,491,466,467,478,564
537,490,466,465,479,565
529,492,465,468,478,563
537,488,453,457,476,575
535,474,467,465,483,566
530,477,466,466,480,575
534,491,462,456,483,574
540,485,466,459,473,576
527,492,455,465,482,575
534,472,467,465,483,574
540,484,466,466,471,576
538,482,465,461,475,576
528,488,452,460,482,572
543,467,464,463,480,569
534,485,468,466,481,576
532,472,459,471,480,577
537,478,465,466,483,576
526,482,464,454,483,575
539,481,464,456,481,579
539,471,463,467,476,567
529,485,456,462,483,575
526,476,451,469,480,577
527,481,452,463,481,575
540,478,465,466,484,567
530,480,458,462,484,574
536,467,469,465,482,578
536,481,459,469,480,567
540,473,467,469,482,568
537,480,466,466,472,576
535,475,467,466,485,578
537,483,465,469,471,575
542,479,468,455,480,579
532,473,467,468,481,568
544,480,466,456,476,578
537,485,463,468,472,569
527,483,450,466,483,577
540,482,456,457,475,579
535,485,460,468,478,579
532,471,451,465,487,570
542,471,463,467,482,578
540,487,452,463,484,577
533,482,449,469,480,579
535,489,460,467,480,569
538,480,465,467,486,568
535,487,462,470,475,573
536,481,463,466,482,570
535,486,457,455,484,579
528,487,462,467,478,566
540,476,460,470,473,572
536,480,462,467,480,569
539,476,466,464,485,575
534,474,456,469,481,569
538,488,461,455,483,577
538,485,463,460,476,579
541,490,467,457,484,578
537,492,463,469,482,569
534,499,452,462,485,578
533,495,466,468,480,578
537,481,463,467,482,568
534,498,462,462,473,580
528,493,452,473,480,579
533,487,460,471,481,580
539,482,465,467,481,579
528,499,454,461,487,575
535,498,460,456,486,577
542,495,468,456,482,577
529,499,453,469,487,577
542,493,468,461,478,579
534,498,459,459,485,579
542,486,467,466,487,569
532,489,455,470,481,578
540,482,468,467,485,576
531,494,453,468,482,579
538,496,465,468,485,570
532,500,459,470,481,580
542,497,466,456,484,577
539,498,466,463,486,575
542,492,468,465,485,570
537,484,469,464,484,570
537,500,460,471,472,575
542,496,469,462,473,579
526,496,455,457,483,577
528,497,454,464,478,577
541,496,464,471,474,575
542,495,467,457,480,578
540,484,470,467,483,573
535,500,461,465,482,572
539,495,468,469,471,577
537,502,458,458,483,575
540,498,467,467,469,574
541,495,469,456,478,574
538,495,468,457,478,565
528,493,455,467,479,567
535,482,463,467,475,574
540,491,468,459,470,575
538,494,472,469,463,571
535,493,465,472,477,571
526,495,454,464,476,569
538,492,468,464,462,572
533,478,468,467,472,576
536,492,463,468,472,563
531,492,472,455,471,569
526,487,457,470,472,573
529,489,456,472,471,572
539,479,471,468,476,571
523,486,455,471,471,570
535,492,463,455,474,569
530,498,465,471,467,564
534,496,465,471,475,564
535,480,467,468,472,574
540,482,469,458,471,563
533,482,465,468,473,573
540,492,471,460,466,571
539,492,470,457,470,570
542,494,471,460,469,572
537,495,466,460,477,569
536,484,464,468,474,574
531,489,454,470,472,574
539,484,466,469,474,572
528,493,467,469,474,575
539,496,470,457,475,572
530,495,457,469,475,573
537,500,469,457,475,568
535,487,465,468,479,562
541,498,475,460,472,574
536,503,467,466,472,573
536,486,467,471,475,574
540,488,474,469,473,562
543,500,474,457,474,564
538,499,472,470,477,561
540,488,469,470,475,572
537,502,468,472,468,566
530,495,458,471,476,573
537,504,468,472,477,561
540,499,473,472,467,566
538,499,471,469,479,570
528,501,459,470,478,571
536,505,468,471,468,572
537,504,468,457,480,569
541,499,474,467,481,570
539,485,472,463,477,568
542,499,475,458,473,572
529,510,459,466,479,570
527,506,457,467,481,563
543,493,476,465,481,566
540,502,475,456,476,573
530,505,461,462,481,567
527,495,460,471,477,572
536,506,469,473,466,570
526,500,460,474,480,566
540,496,476,467,480,566
525,507,465,459,481,569
528,505,473,464,469,569
535,507,469,472,476,572
540,500,475,460,474,573
532,494,465,468,481,563
536,504,471,469,483,563
534,506,466,471,480,565
535,505,457,470,479,571
532,496,460,470,475,572
533,494,465,471,472,563
542,503,472,459,476,571
537,507,467,471,474,561
541,497,474,472,469,573
535,507,470,471,470,565
539,492,474,464,478,574
530,508,465,458,482,568
540,504,474,472,480,570
540,504,471,455,477,571
538,504,471,465,483,563
535,506,470,472,472,564
540,503,474,457,482,570
539,491,473,470,471,566
531,508,465,459,483,569
529,499,457,472,480,572
537,506,470,471,478,572
540,505,470,464,476,569
541,503,467,457,482,569
538,503,472,461,473,572
540,503,474,471,478,571
536,509,468,472,471,565
538,492,471,468,480,570
541,496,475,468,483,566
537,504,470,465,469,571
530,508,461,464,481,569
540,503,475,462,468,573
540,501,474,466,481,563
540,504,472,468,469,569
535,506,468,458,481,569
537,508,469,472,477,561
535,506,468,459,476,573
536,505,471,471,469,568
539,504,470,465,468,570
526,505,457,467,478,569
535,507,467,469,470,560
534,504,468,468,469,570
532,503,471,462,466,569
534,509,468,470,470,569
534,509,466,468,471,559
527,499,463,470,476,561
527,509,466,464,466,565
527,511,467,462,464,570
531,507,473,464,469,571
526,496,470,464,475,567
521,509,470,462,470,568
519,498,469,468,474,568
499,512,458,467,476,565
509,513,475,457,477,564
505,515,476,460,480,560
499,518,475,461,477,558
499,520,474,469,470,559
492,519,462,476,479,560
499,505,478,475,482,556
499,518,479,466,480,559
491,512,465,478,486,560
501,501,478,476,483,559
503,504,480,476,488,561
490,514,467,481,482,564
490,518,467,479,487,567
505,501,481,476,491,561
503,502,478,482,488,572
499,511,478,481,486,562
499,497,474,480,488,574
503,511,475,483,487,565
508,506,477,481,484,579
514,493,483,484,493,580
509,487,471,487,493,583
511,489,473,488,485,583
524,489,489,476,493,584
528,488,492,477,499,585
522,477,486,494,491,588
540,475,494,495,500,586
537,477,479,505,496,590
541,493,490,506,489,588
532,483,485,501,499,589
540,492,489,507,496,592
537,493,488,507,493,582
536,493,486,498,500,589
533,481,488,511,500,593
533,497,477,512,499,591
546,501,493,502,493,594
538,496,482,512,497,595
550,504,492,505,499,592
547,514,491,507,484,593
539,515,484,513,496,588
540,524,480,514,493,590
547,532,476,512,489,594
545,531,488,513,496,585
553,543,489,506,486,591
547,544,490,512,491,584
556,558,486,517,479,596
551,565,476,516,487,596
559,566,490,517,478,597
565,565,488,517,491,591
565,558,491,515,478,593
565,572,491,516,477,602
574,575,485,509,475,602
566,565,497,516,485,593
572,565,496,517,490,598
563,579,482,519,484,606
573,579,496,511,480,602
562,582,484,521,487,602
568,582,480,518,484,605
569,574,489,519,477,607
564,578,492,519,480,604
546,572,489,520,490,607
561,574,488,510,493,602
555,572,482,513,488,604
546,576,479,523,491,603
538,564,491,520,483,598
543,559,494,509,488,602
529,556,490,519,495,592
533,559,490,518,489,603
534,545,493,520,492,596
525,556,481,515,500,598
523,552,492,518,487,604
516,550,481,522,496,607
517,536,495,520,503,596
505,544,488,523,503,608
507,532,498,518,504,598
503,543,485,522,503,613
510,526,497,516,504,601
511,540,487,519,498,612
506,542,499,505,501,613
506,543,499,512,503,615
503,544,497,508,503,614
499,548,481,511,511,615
508,547,484,503,517,615
493,543,491,508,514,612
500,549,478,495,515,616
498,548,487,502,504,609
501,555,483,490,504,618
504,551,477,481,509,615
492,552,472,487,505,615
491,560,458,485,501,614
501,560,468,467,489,608
490,565,452,477,477,611
496,566,450,471,477,610
488,561,448,469,469,606
488,561,456,470,464,600
497,555,460,465,456,591
492,571,442,468,456,585
500,555,456,464,456,580
502,570,452,465,448,562
501,567,451,465,449,557
500,570,453,450,442,559
499,550,457,454,444,551
500,550,455,458,445,547
492,571,442,462,441,542
502,567,450,449,445,547
500,568,454,453,432,548
499,570,441,454,445,545
503,568,447,448,441,546
497,573,439,453,441,544
492,573,441,459,440,543
503,573,445,445,444,536
497,576,439,457,438,537
502,571,449,446,443,533
498,562,454,453,444,527
501,578,452,454,439,531
500,575,452,449,443,527
503,571,446,455,438,524
500,577,449,451,429,530
497,564,451,451,445,525
499,563,451,451,444,532
504,572,449,441,442,532
501,578,447,454,429,532
499,577,449,449,443,530
500,579,449,449,443,529
494,577,443,454,440,532
494,578,440,455,430,524
501,565,449,452,444,523
496,574,447,453,442,523
501,581,446,451,432,531
491,578,434,455,440,533
504,565,448,449,433,522
503,579,448,446,433,533
494,576,440,453,437,528
506,567,443,455,440,521
507,578,449,443,443,531
502,579,445,445,442,527
496,568,442,450,437,532
508,576,445,451,438,531
506,576,443,455,441,528
494,570,437,457,439,534
503,582,445,451,431,530
509,571,445,453,442,525
507,575,443,454,441,526
503,577,439,442,443,533
495,584,433,455,442,530
502,581,434,449,440,535
505,580,435,447,446,534
495,578,441,453,441,537
495,582,436,455,441,538
507,572,447,441,435,537
506,580,440,457,442,536
506,583,443,457,432,535
496,582,435,454,432,536
504,569,445,450,434,528
503,571,445,451,443,535
511,580,439,440,440,539
509,569,443,448,444,532
509,583,434,440,439,543
511,571,441,450,441,541
514,579,439,451,439,532
511,586,443,447,433,545
509,578,429,453,443,536
510,590,440,449,442,535
513,587,440,442,442,545
510,589,426,447,433,541
511,575,442,449,447,539
515,585,438,439,444,536
506,576,441,450,445,541
515,588,436,440,447,547
499,588,430,455,442,548
515,589,436,439,445,545
513,576,441,449,447,541
503,593,438,455,436,545
505,582,438,442,445,547
511,590,441,448,444,548
505,586,433,455,444,549
516,576,441,453,449,540
504,587,436,456,446,552
515,589,441,445,447,551
514,575,443,453,446,546
512,590,429,453,452,555
512,579,444,454,453,552
511,580,446,459,449,563
501,593,431,460,450,565
508,585,441,459,452,565
516,588,438,448,457,565
511,579,447,459,445,560
511,594,434,454,459,567
514,586,446,463,453,561
507,593,435,462,459,572
512,590,451,454,452,573
507,576,451,462,461,573
511,588,451,455,460,579
511,589,451,469,453,578
506,590,454,466,456,581
509,577,454,476,464,574
497,579,448,474,468,587
496,580,453,475,471,591
499,578,460,473,478,590
509,562,459,476,474,582
504,571,460,477,472,587
507,569,463,467,486,592
501,564,460,480,489,594
504,554,468,478,495,596
500,569,468,480,486,597
501,565,472,483,499,590
494,561,459,488,510,601
499,555,460,486,512,600
494,538,474,486,517,599
492,536,470,492,516,604
504,544,473,478,520,607
502,548,475,496,512,604
503,545,479,481,518,601
500,528,474,486,517,604
503,529,479,492,528,598
490,534,476,492,526,598
490,545,464,496,523,606
503,538,472,495,524,607
505,542,469,479,523,607
503,545,467,476,513,603
503,544,463,475,516,599
497,548,452,478,512,603
497,552,448,481,500,605
500,540,460,474,500,602
499,556,453,468,483,594
494,557,446,468,480,597
503,552,452,455,466,594
508,540,447,460,462,579
499,550,433,455,454,583
502,549,432,450,449,571
495,543,439,454,440,566
509,546,443,435,429,556
510,547,436,439,442,550
496,550,436,453,436,550
499,552,440,448,426,542
509,547,445,439,433,542
505,551,442,442,431,543
512,548,440,439,435,544
502,542,444,449,438,540
512,543,441,450,435,543
502,555,430,448,437,543
507,554,441,453,428,538
509,541,442,450,439,545
502,558,432,454,439,545
505,555,433,447,443,543
510,556,446,443,439,545
507,558,433,451,446,547
514,545,444,452,447,541
513,544,446,454,449,542
513,545,447,452,452,547
514,544,448,452,453,550
512,560,431,450,455,559
513,558,444,457,447,554
510,561,441,460,453,565
512,552,446,457,458,568
519,559,448,449,463,572
521,544,448,455,463,567
524,543,447,457,466,569
520,559,444,460,453,576
523,540,449,457,472,577
527,550,448,448,471,582
525,552,448,455,476,577
526,545,450,448,474,587
528,541,447,462,476,581
533,537,446,457,483,588
533,526,451,454,489,581
524,539,438,458,485,582
537,539,450,446,483,594
525,541,434,457,490,593
534,534,443,455,485,586
535,521,446,452,495,588
537,534,441,456,484,589
540,532,442,454,487,587
532,537,431,451,491,598
525,530,441,446,495,588
538,533,446,441,488,597
537,533,444,450,482,598
540,529,441,455,484,592
532,532,430,451,490,597
533,522,445,450,492,593
544,528,442,439,491,595
542,520,445,450,491,587
536,522,447,447,492,596
541,520,447,449,493,588
535,534,433,449,489,596
531,530,437,454,489,588
538,522,447,443,490,590
535,536,432,452,487,597
542,519,446,450,488,586
531,523,446,452,487,584
536,541,444,449,475,592
538,536,448,442,481,594
536,540,433,444,487,594
534,535,431,450,485,591
538,532,439,435,485,590
529,535,443,450,483,592
539,529,447,448,487,590
537,543,447,448,472,590
538,541,440,440,485,591
527,537,442,452,480,591
533,549,443,451,471,589
521,551,433,452,481,592
534,547,437,444,485,588
525,550,434,453,480,590
536,538,445,452,484,579
534,547,444,441,481,587
527,552,434,450,479,587
533,546,446,454,472,578
528,554,447,455,467,582
515,555,442,456,473,577
529,549,448,442,470,583
531,555,448,455,469,583
527,548,453,452,474,575
527,561,453,448,461,577
527,560,450,444,468,579
522,564,451,449,457,581
517,566,439,453,467,578
521,552,454,455,469,578
517,564,451,463,454,577
513,557,453,456,466,568
519,560,449,460,460,568
516,573,450,462,453,572
512,571,448,464,451,573
515,571,446,450,465,578
509,578,437,460,462,573
510,574,448,465,452,577
509,561,454,458,464,569
503,574,447,463,457,576
511,562,455,462,457,566
515,574,452,451,445,575
512,577,451,459,435,571
514,572,450,463,436,565
517,559,452,459,443,564
515,574,450,458,425,564
509,561,452,460,436,573
515,578,452,461,424,571
511,572,439,459,433,572
506,571,438,461,432,561
509,572,437,461,429,567
503,573,437,460,433,568
505,563,443,460,432,566
506,571,439,460,430,560
518,569,441,444,438,553
516,568,448,459,426,555
513,570,451,456,423,559
515,564,448,460,432,550
513,559,451,456,436,558
517,563,446,457,431,557
513,556,451,455,437,553
514,575,445,459,425,557
516,568,440,448,439,556
500,569,439,460,433,558
510,573,435,461,437,552
514,576,448,456,429,561
513,575,435,455,443,560
516,563,446,461,440,551
517,560,447,460,442,551
513,574,446,465,432,554
514,559,448,460,445,560
516,572,441,452,446,559
508,557,452,459,444,552
502,576,443,465,442,563
497,570,446,465,445,562
513,563,453,462,450,562
500,577,441,467,444,563
513,561,453,461,448,562
502,569,451,465,447,564
513,572,450,453,451,563
509,577,442,461,451,562
514,564,452,468,447,559
510,574,459,457,446,569
514,564,455,466,452,559
511,570,446,462,457,559
513,571,451,459,460,570
498,571,448,469,458,572
504,569,464,468,468,563
502,553,466,471,468,569
504,564,470,463,464,578
504,563,469,464,466,577
500,567,467,483,464,578
505,558,463,474,481,578
496,560,473,480,472,583
500,551,473,472,486,585
487,551,471,486,489,589
485,549,468,490,492,591
488,537,479,488,495,590
486,544,476,493,497,584
495,539,481,493,492,586
493,524,487,491,506,589
497,529,475,484,510,592
494,529,489,490,500,592
497,518,486,497,511,586
495,525,492,484,509,597
492,524,489,496,509,597
494,520,481,490,519,593
493,524,491,495,507,600
497,521,494,487,513,597
492,527,491,498,505,598
494,516,486,497,508,595
492,528,469,487,508,594
489,527,473,481,502,596
487,528,469,485,491,593
488,524,471,481,484,591
501,532,466,464,471,586
499,535,460,474,454,576
487,537,462,468,451,579
500,539,445,465,461,568
502,539,446,462,458,561
506,529,456,464,458,561
505,541,456,454,452,569
509,538,450,466,452,564
505,549,452,459,439,563
506,548,452,458,439,563
510,543,447,449,447,558
510,539,446,463,444,553
499,547,438,463,446,552
502,534,450,460,446,555
512,543,446,451,450,556
509,542,446,465,438,551
511,543,440,451,452,554
496,549,435,464,441,547
505,538,445,461,444,555
499,552,435,459,444,554
510,542,444,448,444,554
506,535,448,458,449,547
504,546,448,450,438,553
509,526,446,456,444,553
510,543,442,447,443,553
498,536,446,455,444,552
499,551,433,459,442,555
510,544,440,458,437,543
511,543,441,457,441,544
505,537,444,453,444,551
502,549,429,454,442,552
503,549,428,456,437,552
510,548,444,445,437,554
503,536,443,455,439,544
509,549,442,450,431,550
499,547,431,453,441,555
508,552,442,448,435,555
511,543,434,442,447,553
503,548,429,452,441,554
510,548,444,442,443,553
499,549,437,454,442,556
503,554,430,455,442,554
499,552,431,455,443,555
512,545,438,443,446,552
511,550,437,452,438,548
498,553,431,456,446,554
508,544,433,455,446,556
513,537,444,452,448,547
512,535,440,454,450,544
512,538,444,455,444,545
513,549,433,451,450,552
503,553,431,455,448,553
514,549,441,445,447,553
509,551,441,457,438,547
511,547,442,460,438,549
513,547,442,443,448,544
506,542,448,453,449,551
510,546,442,454,437,553
515,553,438,451,451,553
511,550,448,446,443,555
511,551,448,446,443,555
512,538,447,456,449,543
508,554,447,460,439,550
507,540,447,454,449,551
510,538,448,454,451,555
508,556,445,455,438,554
511,556,443,460,444,546
508,557,434,457,445,543
503,545,445,457,448,556
501,549,440,460,449,557
508,540,447,457,452,549
512,548,444,462,445,548
501,550,445,458,449,556
501,558,435,459,449,558
501,547,445,457,451,555
507,556,448,449,445,551
512,557,446,452,443,560
510,554,434,452,455,558
512,555,444,459,440,559
513,544,441,460,450,553
518,542,441,447,452,563
503,546,437,461,451,566
519,520,441,459,455,556
521,520,440,459,456,557
521,532,444,456,450,572
512,524,437,461,460,572
517,528,430,460,464,575
529,509,442,457,469,569
524,511,439,460,466,580
530,522,436,448,472,578
532,511,444,457,470,578
531,524,445,447,472,580
533,526,443,447,472,581
534,512,439,458,473,571
531,527,444,451,467,583
534,520,432,451,480,585
526,523,427,454,478,587
525,512,433,454,479,587
532,515,441,457,472,585
533,516,442,449,469,585
536,492,446,452,474,586
530,512,426,449,484,585
539,508,442,452,470,586
537,485,439,449,481,588
540,494,438,448,481,580
543,479,441,446,483,584
534,477,431,448,479,592
539,490,431,449,475,583
532,486,435,443,471,589
540,489,431,449,469,583
540,485,430,447,469,584
541,476,434,442,478,581
539,482,430,447,471,580
540,484,429,445,471,579
538,471,423,445,475,590
531,466,413,444,472,587
544,469,433,443,476,588
543,476,429,440,465,589
544,469,425,448,463,584
540,477,417,437,479,586
540,459,428,445,475,590
545,460,432,435,472,589
543,459,431,442,479,588
548,466,431,434,473,590
532,469,412,441,478,590
545,466,426,445,472,583
547,460,430,436,468,593
548,449,429,439,480,586
550,454,427,440,480,582
543,455,423,429,480,591
546,439,420,440,477,595
549,443,425,439,475,584
549,441,425,427,475,594
549,435,423,435,467,595
553,426,424,433,480,587
551,430,423,432,465,598
548,432,419,439,467,590
553,414,422,435,476,590
544,426,419,436,472,585
539,425,405,435,474,594
555,412,420,432,476,589
541,412,408,439,472,595
543,411,411,437,473,595
543,411,404,436,472,594
553,418,413,429,472,582
549,416,409,423,477,591
554,408,417,427,479,586
553,400,413,430,477,592
557,413,416,422,471,595
557,411,415,431,465,595
557,414,414,427,466,594
550,416,408,420,481,591
559,399,410,430,480,586
557,402,414,430,478,591
555,419,412,434,468,589
555,419,412,433,469,590
550,409,404,433,476,595
558,416,416,422,472,595
558,420,411,421,476,592
547,417,401,434,476,593
559,417,417,430,480,585
558,420,416,425,468,595
553,424,412,433,467,590
543,429,397,428,477,591
544,428,402,427,477,593
552,432,412,433,471,586
544,431,413,435,474,583
547,437,411,436,469,586
547,421,416,430,474,591
544,437,418,425,472,593
539,439,415,438,474,583
530,444,409,434,474,589
534,447,418,444,467,583
519,451,408,437,471,591
530,453,425,433,469,592
523,458,420,448,462,587
514,464,421,437,470,590
514,470,426,450,460,589
511,462,428,451,472,593
510,472,436,451,476,586
506,482,436,447,467,595
506,488,437,457,468,596
499,474,439,463,479,594
488,484,429,468,481,597
494,492,441,474,479,593
495,497,444,464,479,595
493,499,448,475,482,593
485,481,445,479,493,598
487,487,453,481,496,599
485,506,456,483,492,591
487,484,464,482,502,595
483,496,464,476,501,598
483,498,466,493,494,596
485,497,467,479,510,598
475,498,463,486,515,600
483,486,478,493,518,592
484,487,479,498,523,591
476,498,470,491,524,600
481,484,473,500,523,598
479,496,474,491,529,602
484,480,478,506,525,603
486,495,480,499,528,599
474,484,469,504,526,605
475,486,475,505,526,604
487,492,488,493,526,604
477,495,477,499,530,607
486,475,481,497,526,600
489,488,478,495,505,598
489,477,480,483,510,598
483,477,466,483,497,602
484,489,476,478,497,590
491,498,471,467,488,598
486,506,464,465,491,598
487,514,465,467,477,595
491,517,458,459,486,592
488,528,457,471,473,593
483,526,445,466,480,596
488,532,457,465,471,594
490,529,454,466,472,595
486,530,451,471,475,589
496,532,449,468,488,585
490,537,455,465,477,596
483,537,442,474,486,597
486,538,438,471,488,595
495,533,454,460,487,594
482,528,453,472,489,595
499,533,458,461,489,596
492,532,455,463,493,595
497,521,458,476,486,588
494,534,452,462,495,597
497,512,460,473,493,588
491,521,460,473,497,594
494,531,462,468,490,598
499,517,460,477,497,591
496,527,453,469,502,596
494,527,464,473,487,600
486,529,447,478,499,599
493,514,464,479,491,601
495,512,463,483,497,592
498,490,469,483,503,599
496,501,466,486,504,602
500,490,469,474,504,602
499,482,473,486,494,603
500,476,474,489,508,595
501,473,478,491,500,607
499,470,477,492,512,598
499,472,477,493,514,604
491,476,466,488,515,612
503,471,479,487,506,614
505,471,482,480,517,612
506,475,476,479,518,612
510,466,483,489,524,607
502,465,474,492,519,615
511,469,482,488,523,613
516,458,486,488,524,611
516,457,484,488,525,614
514,470,484,490,526,618
519,459,487,487,528,612
512,462,489,486,529,611
518,456,479,485,526,612
509,465,475,488,523,623
518,471,487,492,513,624
523,465,492,480,520,621
513,469,483,477,527,622
521,467,490,475,524,620
514,470,479,476,526,621
519,466,485,486,520,615
518,461,485,480,508,620
519,470,476,474,505,620
518,469,475,484,500,614
511,471,464,472,508,614
522,454,475,474,504,607
523,468,473,469,488,609
524,465,471,470,495,596
526,467,467,460,488,598
516,459,460,472,485,598
521,455,464,469,482,595
514,461,450,469,476,588
521,471,462,455,472,585
523,473,453,469,475,572
523,474,454,454,465,580
517,478,444,457,471,577
522,476,450,464,467,567
527,458,453,458,466,572
523,480,446,463,454,567
521,465,452,459,465,568
526,475,451,448,457,573
524,476,449,463,448,571
522,479,448,460,449,566
524,475,447,458,461,560
512,478,442,464,455,556
511,483,435,460,459,562
520,484,446,463,451,556
519,482,449,450,458,557
522,482,449,458,450,563
523,471,452,462,461,562
519,486,450,465,451,558
519,487,448,465,455,550
511,478,440,465,457,561
516,485,453,462,460,552
519,489,449,452,459,557
511,482,439,467,455,558
519,487,452,454,452,557
519,492,449,458,449,555
514,495,444,452,460,553
512,495,440,454,460,551
516,497,451,451,456,553
518,495,447,461,447,554
518,484,447,462,458,552
517,502,445,461,446,550
513,495,450,463,460,544
517,502,450,455,451,555
506,502,429,463,455,552
513,510,444,465,447,548
507,503,436,465,456,552
516,517,448,451,455,541
503,518,444,463,459,549
505,527,438,461,449,551
517,526,454,453,461,550
515,528,444,465,458,553
507,520,452,464,462,549
515,534,448,453,462,550
514,537,441,460,464,550
508,520,456,463,463,543
516,536,450,453,464,551
513,538,456,458,454,554
512,533,452,463,449,553
516,529,451,465,460,544
505,531,450,468,461,555
508,539,451,468,460,557
514,533,452,470,451,549
520,521,453,467,464,546
518,532,454,464,452,557
514,527,441,468,464,557
521,521,452,469,457,549
524,516,457,456,468,556
521,515,455,465,458,556
523,501,454,468,468,560
527,513,450,459,473,559
526,510,459,458,464,562
527,501,458,465,471,559
521,504,451,470,468,564
514,515,452,470,468,566
527,514,461,457,468,562
518,507,447,465,466,565
528,517,457,456,463,564
530,510,460,462,463,563
532,514,446,457,474,558
528,511,460,463,473,551
526,515,462,462,462,562
525,511,457,468,459,557
525,505,461,464,459,559
522,518,459,466,459,558
522,518,459,467,459,559
524,516,462,456,465,561
523,517,446,462,470,557
528,505,460,462,472,555
525,509,461,463,472,555
523,504,455,464,467,563
526,516,461,452,466,560
518,508,451,464,469,562
528,517,454,452,471,557
524,520,457,454,468,560
517,511,449,466,468,560
520,522,460,459,459,561
526,508,462,461,471,554
520,522,446,463,470,560
516,511,453,468,467,561
519,521,447,461,471,558
520,507,460,465,471,554
517,526,457,471,461,558
519,517,456,455,470,561
508,517,453,469,468,564
517,520,455,456,473,561
524,517,458,455,468,563
526,515,459,467,470,554
519,520,458,472,460,562
526,512,464,467,475,563
518,506,459,471,468,568
523,512,461,470,458,563
513,521,450,472,470,570
509,514,458,470,470,574
518,522,450,466,472,571
524,504,463,467,475,570
525,517,465,466,463,573
511,521,453,472,470,575
517,518,453,473,472,576
528,501,467,467,475,574
528,508,468,469,476,567
529,509,470,463,462,577
516,507,456,472,471,579
528,510,472,460,468,577
527,508,468,462,464,579
531,507,469,465,465,577
520,507,451,468,474,576
519,499,457,471,470,581
526,509,465,470,474,578
526,508,465,472,465,572
529,504,467,470,472,572
534,489,470,467,475,576
529,504,467,472,466,575
531,501,469,469,461,580
525,503,459,465,476,578
536,500,468,457,473,581
533,492,470,466,470,573
531,488,466,472,473,583
525,494,459,471,472,582
524,507,453,465,477,578
537,492,473,467,476,574
523,502,457,468,475,581
535,501,471,465,464,584
535,507,470,469,477,582
535,507,473,462,470,583
534,499,466,467,477,576
534,510,468,472,471,583
532,511,470,461,463,580
517,518,456,474,472,583
533,512,466,460,475,580
533,510,468,469,477,573
523,521,453,471,472,582
535,514,463,461,476,580
531,517,463,473,465,577
534,510,468,462,465,583
519,522,453,472,474,582
532,516,467,460,471,581
534,515,460,472,476,579
534,507,466,467,477,576
527,512,449,471,465,574
529,507,458,467,462,574
534,496,456,453,470,577
537,490,465,453,463,576
536,486,461,463,470,566
534,481,455,465,455,565
537,483,461,460,455,572
536,465,455,454,461,562
535,467,461,463,467,571
532,481,459,464,458,567
534,478,462,461,453,571
533,481,459,468,454,570
528,481,457,454,468,570
537,467,464,462,468,569
536,474,463,464,470,565
526,467,459,466,466,572
536,472,463,463,467,570
538,477,464,463,470,564
536,484,460,452,467,573
536,474,463,463,470,568
533,492,460,469,462,567
527,487,448,467,466,573
523,490,445,469,467,573
526,489,450,470,465,574
527,502,455,457,471,571
522,504,450,463,471,570
534,501,461,459,458,572
530,502,464,468,470,562
525,498,461,471,467,572
523,516,464,465,457,568
521,505,463,471,467,569
515,523,453,471,466,568
525,521,462,459,470,562
521,524,466,469,457,560
518,524,469,473,458,554
512,527,454,473,466,558
507,530,461,474,467,559
516,526,465,473,460,549
519,524,461,463,470,553
505,521,464,474,466,558
510,517,470,470,470,552
514,528,471,462,463,555
515,517,470,468,470,545
514,516,469,471,470,545
512,532,454,470,466,555
517,528,470,461,468,554
516,530,472,478,456,553
506,526,466,474,464,558
512,531,460,464,469,553
506,531,457,472,467,556
513,520,466,465,469,550
516,527,466,475,463,549
515,533,470,465,457,557
515,531,458,468,470,554
506,532,459,473,467,558
519,530,461,461,471,556
515,529,467,461,464,558
517,519,468,470,471,548
507,525,459,472,467,560
517,528,454,467,471,556
520,515,463,472,469,549
510,531,452,475,465,560
508,523,457,473,468,561
514,529,449,471,467,560
512,520,460,471,469,561
517,524,465,458,467,561
511,529,450,474,465,563
513,517,461,473,469,563
525,524,464,460,467,564
524,524,463,461,465,564
527,516,459,471,465,556
527,518,456,471,463,559
517,523,448,470,470,568
528,517,450,463,473,567
517,508,447,467,469,572
532,506,461,462,463,572
534,492,463,463,476,567
525,496,451,465,473,578
538,485,465,460,477,570
535,493,462,466,463,573
530,493,454,458,477,576
537,492,463,464,465,573
537,472,464,462,476,580
527,486,452,459,477,577
540,478,465,459,465,580
542,477,466,460,479,570
542,481,464,460,464,579
530,484,454,458,477,578
544,477,464,463,474,570
542,464,465,459,477,576
539,482,462,464,467,574
538,477,466,450,476,579
534,467,454,464,474,582
535,466,458,465,474,582
544,476,466,455,470,582
532,477,450,464,480,580
541,477,460,461,476,571
538,480,465,465,472,577
539,486,464,466,467,576
543,487,465,460,466,581
540,483,464,453,474,580
534,486,463,468,467,576
541,482,465,464,473,582
535,492,462,468,467,574
536,492,462,455,478,578
530,492,452,465,477,578
533,485,453,470,471,580
536,497,468,457,470,580
535,488,465,467,477,577
529,488,460,466,472,580
524,501,452,466,475,573
531,509,463,471,473,568
524,498,454,472,474,578
534,493,466,470,477,577
533,495,466,468,476,577
531,510,464,472,467,573
528,510,464,457,478,576
532,507,467,467,479,568
530,511,466,466,463,576
532,511,468,465,465,576
529,514,464,472,466,572
533,500,465,471,474,579
521,508,454,463,472,576
536,500,468,469,478,575
531,517,467,466,466,575
523,507,457,473,474,578
527,515,455,470,475,575
530,517,455,466,481,574
533,517,469,464,473,578
523,519,454,471,475,576
521,512,464,469,476,578
534,512,461,460,479,574
524,518,457,472,475,577
528,506,460,472,474,578
524,513,465,468,477,577
523,508,460,472,475,578
533,518,470,461,472,576
533,514,467,459,476,577
534,509,470,469,480,567
534,504,468,470,478,573
522,520,449,469,475,577
523,509,456,474,474,578
535,506,471,464,468,579
534,514,465,459,479,572
534,504,471,467,477,569
529,519,455,467,476,576
534,514,468,458,476,576
534,505,469,468,477,574
530,505,466,471,476,576
524,519,455,472,475,576
530,512,465,468,471,567
532,504,470,467,479,571
530,516,471,464,467,577
532,505,470,469,477,573
529,515,465,473,469,568
532,516,466,471,467,571
532,518,472,463,477,567
522,513,463,470,471,578
528,520,457,470,477,575
529,506,463,472,475,578
536,513,464,460,479,574
525,520,456,475,475,577
525,520,455,475,477,578
522,515,461,473,476,577
533,505,463,471,477,577
533,515,461,460,476,575
531,518,458,463,475,574
521,524,451,473,472,577
535,516,459,472,469,576
529,507,462,471,473,578
522,517,459,470,473,577
529,521,459,474,464,571
532,515,460,469,470,567
521,526,458,469,467,579
526,515,466,467,470,572
519,531,459,473,466,576
525,524,468,458,466,577
529,525,453,467,467,575
522,527,449,467,466,577
531,518,464,473,462,568
528,520,462,473,459,575
521,526,453,474,467,576
531,511,467,468,472,565
530,521,453,467,472,575
532,525,452,465,474,574
534,521,458,459,474,574
528,527,446,469,473,576
523,520,458,469,472,576
534,524,452,460,476,575
532,519,454,468,470,568
532,524,454,469,468,569
524,528,448,470,476,578
535,512,454,466,477,568
524,521,451,463,470,577
531,512,455,461,481,571
536,526,446,453,481,576
538,510,456,458,479,573
533,522,449,467,471,577
533,533,455,459,473,579
533,525,450,465,469,574
534,522,451,459,486,570
536,522,457,463,486,572
533,525,456,462,483,576
531,526,458,463,486,576
537,530,453,466,483,570
538,537,458,456,479,580
529,531,456,464,484,577
536,540,459,455,479,580
536,521,456,465,488,570
530,529,458,462,483,576
536,541,456,455,472,576
531,530,459,464,485,576
532,542,454,461,475,575
535,542,460,459,475,580
534,527,457,466,487,569
531,541,448,459,486,578
535,541,450,464,473,571
532,543,445,463,485,578
532,545,443,465,483,577
533,539,455,469,477,569
534,541,460,457,479,578
528,544,459,464,474,579
533,543,457,468,470,578
534,540,456,472,475,574
535,534,454,467,472,573
532,542,445,463,485,577
536,540,460,455,482,577
526,533,457,465,485,576
532,545,456,470,472,577
538,536,451,467,478,568
527,543,446,467,481,579
534,543,442,460,485,575
528,529,459,467,485,574
536,528,456,467,486,567
538,532,458,453,478,578
534,542,459,460,476,579
533,542,445,465,485,577
535,540,456,470,472,574
535,540,459,456,480,578
532,544,464,465,472,579
526,543,444,461,486,577
537,541,462,456,479,579
536,529,459,469,486,570
536,539,457,469,474,573
533,545,459,468,472,577
534,535,460,459,471,580
535,537,460,468,482,574
532,543,461,462,474,579
527,541,457,466,471,578
538,537,457,457,484,577
528,525,462,468,485,571
531,544,456,471,471,576
533,541,446,465,483,575
532,545,457,468,471,578
537,533,457,471,484,569
534,538,461,461,473,580
535,533,457,471,475,571
528,542,447,469,480,579
534,535,453,459,482,575
536,536,460,459,482,576
528,542,459,471,467,574
527,538,443,469,473,575
519,537,447,469,478,578
529,540,457,472,468,574
523,529,464,467,481,575
517,541,449,469,476,576
522,537,461,455,476,575
518,526,463,471,476,564
502,544,461,474,480,575
508,537,471,467,474,571
506,537,471,467,477,569
502,521,473,473,486,562
499,532,471,478,478,564
485,531,465,483,485,569
485,529,477,488,482,568
493,517,478,487,492,572
475,527,473,490,492,573
491,509,480,488,497,568
491,523,482,479,495,576
491,518,478,494,491,570
487,526,486,487,492,582
490,516,480,497,503,572
478,515,483,497,509,583
487,512,486,493,515,579
492,511,486,496,514,578
481,529,471,497,512,588
484,513,488,496,515,580
485,527,472,497,513,593
492,523,478,488,516,590
481,515,488,496,518,580
489,506,483,497,515,584
490,527,484,499,504,588
484,530,471,499,516,584
491,520,486,496,516,582
495,530,481,497,504,585
494,527,483,490,497,590
494,531,483,483,506,590
500,534,481,483,504,589
491,537,465,492,502,592
502,530,475,491,501,584
501,539,474,487,487,592
504,539,477,477,488,593
510,526,475,482,492,588
511,545,457,478,488,593
504,546,467,482,473,590
513,531,470,476,485,587
515,543,463,480,470,585
518,531,466,475,480,583
514,531,467,473,478,585
510,534,464,473,475,592
517,548,463,465,465,588
520,546,448,463,473,587
521,542,457,473,466,582
518,547,457,472,465,583
511,539,451,471,468,588
520,533,460,465,476,581
522,540,455,469,470,576
527,545,455,457,477,585
523,535,458,465,482,579
531,543,450,456,480,585
531,541,452,455,479,586
530,547,451,463,472,586
535,543,457,455,481,588
537,543,449,454,490,585
538,533,455,466,491,578
537,542,447,456,489,587
526,542,451,467,488,589
531,537,459,463,492,585
533,539,461,464,493,588
535,550,451,465,494,588
530,543,464,467,496,590
533,547,464,470,489,585
539,548,456,460,496,591
530,551,467,464,489,593
529,547,469,470,484,593
522,530,466,470,500,589
521,533,463,475,489,590
520,523,466,476,495,586
517,509,471,473,504,592
511,518,468,479,496,595
513,503,474,473,508,593
511,508,472,476,507,589
511,504,474,471,503,600
502,509,462,471,514,601
512,500,475,472,516,591
507,504,468,473,519,603
512,497,476,475,513,601
503,482,473,486,519,597
498,495,472,478,524,605
501,499,476,490,517,605
503,489,481,483,513,605
491,495,468,489,524,607
499,494,482,496,516,608
494,496,488,497,529,607
505,485,489,490,520,606
504,490,491,487,524,605
498,490,490,497,519,610
498,487,493,500,531,602
490,495,480,499,532,611
499,479,486,503,530,606
504,486,495,500,535,600
503,484,495,500,535,599
507,491,495,491,528,607
504,499,491,505,526,611
503,495,493,503,522,610
496,497,483,495,527,611
497,500,483,493,526,611
507,495,489,495,511,598
497,502,479,488,508,604
511,497,491,482,496,605
500,503,473,483,495,597
502,496,470,484,485,595
512,506,475,480,472,582
511,509,462,470,482,583
518,505,469,467,467,583
520,504,463,470,476,573
512,514,442,469,470,580
522,511,445,465,469,571
520,514,429,462,468,579
516,516,426,463,466,580
529,510,440,454,457,579
515,516,422,463,467,578
526,499,431,459,468,580
523,517,434,457,460,576
527,515,432,450,462,576
527,492,431,455,466,578
532,503,435,459,470,575
522,512,422,462,466,580
518,512,422,461,468,579
531,514,438,449,466,577
531,515,432,460,459,580
530,516,443,450,464,579
530,519,436,461,460,578
529,515,434,464,463,574
522,525,431,465,467,580
532,507,434,460,472,576
530,510,441,463,473,576
528,525,439,461,460,580
529,506,438,464,471,579
529,523,439,463,460,576
523,526,426,467,469,579
534,521,435,462,465,571
533,509,440,463,473,579
532,501,443,462,471,575
529,524,439,465,461,577
535,520,434,454,474,577
534,522,437,452,469,580
533,511,439,464,477,574
533,514,435,468,464,575
530,513,437,465,463,578
534,509,436,465,464,580
523,507,423,463,477,579
530,492,440,464,481,577
534,504,437,464,470,578
537,498,441,454,476,580
526,503,427,463,484,579
534,500,438,453,484,578
535,500,438,465,485,570
538,504,441,455,481,580
536,509,440,462,478,581
537,510,440,462,480,583
528,512,433,466,492,584
541,517,422,463,491,583
539,517,439,459,484,586
536,522,423,459,498,588
540,510,431,461,495,594
546,525,426,450,499,591
550,527,424,449,500,595
550,528,432,459,492,592
550,530,421,451,502,597
557,529,431,438,501,596
555,527,437,448,493,601
556,527,438,446,495,602
550,531,422,453,502,600
543,529,426,456,500,601
547,528,425,456,501,600
554,514,440,452,504,596
553,516,440,451,504,596
553,528,424,452,501,600
558,525,441,442,497,600
560,528,437,441,501,600
557,518,437,452,506,592
559,518,437,452,502,593
560,524,436,440,497,600
548,536,427,457,497,602
550,539,437,452,486,598
558,536,438,443,496,598
554,533,441,449,483,599
550,543,440,454,482,598
549,544,441,456,481,598
550,524,443,460,492,594
538,537,441,462,482,596
535,536,431,462,488,595
534,532,429,459,487,592
538,507,449,463,488,589
530,511,448,470,477,591
516,503,435,467,490,593
524,475,453,468,489,593
524,472,457,470,495,589
508,459,459,473,499,594
509,463,446,479,498,603
514,453,463,477,506,595
511,465,458,472,511,601
515,459,468,480,503,606
514,452,469,481,508,606
501,458,460,495,519,610
506,462,470,486,522,608
502,453,466,503,523,608
506,457,487,493,529,609
493,456,478,511,533,613
504,440,491,509,533,607
502,441,492,512,539,604
494,459,483,518,536,609
501,456,493,507,537,610
499,449,491,517,540,605
507,455,501,508,527,612
503,461,499,504,536,614
503,453,498,514,540,605
500,464,501,500,531,613
504,460,501,505,536,605
498,449,497,501,526,603
502,463,496,497,523,603
502,473,489,497,507,603
498,462,480,490,509,607
498,473,478,483,506,602
494,467,471,488,499,602
506,469,480,484,497,590
499,466,463,486,487,596
506,473,475,470,480,592
511,467,471,475,485,581
507,478,463,466,483,583
509,483,464,463,481,582
506,487,460,462,478,579
515,474,463,469,476,572
512,486,461,470,464,576
514,489,458,471,472,580
513,492,457,472,467,569
518,489,463,460,468,578
515,479,453,469,470,580
516,490,460,464,459,578
522,493,454,468,462,569
523,485,456,462,473,571
510,495,442,465,472,576
526,482,457,460,471,569
522,503,452,468,469,568
513,499,441,464,472,575
519,492,440,468,468,577
527,501,453,464,461,574
525,501,453,463,472,567
529,501,454,455,468,575
516,506,438,465,470,576
524,509,448,467,466,567
527,507,448,451,473,574
531,499,450,461,475,568
525,512,446,467,462,574
522,511,444,465,469,573
519,511,433,461,475,579
529,502,438,464,477,580
524,511,431,460,476,579
538,498,446,456,478,579
536,510,439,460,474,565
533,516,429,457,476,575
537,527,432,456,480,573
541,520,445,462,476,567
529,531,438,461,478,577
541,532,442,455,481,574
542,534,444,452,484,573
541,533,451,464,472,572
538,540,455,457,473,578
541,540,450,458,472,580
543,539,455,451,475,581
543,524,457,458,485,578
545,524,455,458,485,577
547,532,455,448,479,588
551,516,452,456,485,578
555,524,452,448,485,589
544,530,441,458,480,589
551,527,450,456,474,592
554,518,452,447,476,594
555,520,436,446,487,591
560,513,439,444,487,591
550,502,437,458,482,597
549,498,443,455,483,596
551,503,436,456,483,596
561,494,447,453,488,593
559,504,448,456,474,589
563,495,454,451,485,588
563,500,452,449,472,594
557,505,444,443,485,592
556,492,444,455,479,593
562,500,452,451,483,585
564,503,451,451,469,589
551,503,437,453,479,590
558,484,447,454,477,592
560,490,442,452,475,591
552,506,439,449,479,586
554,504,439,451,475,586
555,500,449,458,463,583
553,485,449,459,472,583
554,490,450,449,463,581
549,499,452,462,457,583
543,495,453,462,456,582
530,500,443,458,464,582
536,482,456,463,465,585
533,492,458,458,467,587
529,492,446,455,473,584
524,492,456,473,461,585
525,476,457,471,473,592
523,485,461,461,476,591
515,488,456,463,480,591
520,474,468,474,485,589
523,484,467,466,478,596
514,474,459,479,483,598
508,486,458,473,492,596
513,473,458,480,489,602
502,482,458,477,496,600
519,466,474,482,502,597
504,468,469,486,500,607
519,474,476,478,499,607
504,472,463,487,506,607
515,464,478,488,514,597
514,469,477,490,514,599
511,474,476,493,511,600
515,462,481,491,514,599
515,458,482,494,514,600
521,469,482,490,505,611
519,480,480,497,512,606
515,479,480,486,516,610
523,484,479,487,518,610
532,488,481,488,509,609
530,495,481,490,524,611
533,483,479,505,519,609
540,498,483,506,513,613
539,486,476,507,520,613
550,494,488,504,528,605
553,489,488,503,529,605
544,504,476,505,528,617
551,511,478,492,530,613
560,511,488,512,513,612
558,512,478,503,528,617
563,505,494,496,517,613
559,515,487,510,515,618
558,517,489,506,515,616
558,517,475,503,528,616
561,518,492,504,516,613
549,514,481,511,526,613
561,516,493,504,520,611
559,519,475,509,529,616
555,510,486,514,530,607
567,523,485,502,528,614
566,525,483,498,530,614
560,530,495,508,521,616
560,533,494,513,518,612
559,522,498,512,525,609
565,526,495,517,519,615
562,540,499,507,521,613
560,545,495,519,520,615
557,533,498,516,527,607
553,550,484,522,526,607
550,546,491,521,527,604
558,537,499,520,525,609
557,553,487,518,524,615
547,545,494,522,524,603
557,557,488,521,520,612
561,558,502,514,526,614
562,551,496,527,508,607
550,567,488,528,520,606
562,563,504,514,521,616
547,568,483,525,515,612
551,569,494,523,511,614
552,563,492,514,518,615
545,561,490,523,511,612
533,571,485,526,520,611
528,571,492,521,521,608
537,564,498,510,519,608
532,559,497,525,512,606
532,553,501,521,514,605
526,568,504,518,517,603
523,550,506,520,521,604
524,561,504,508,519,604
520,560,503,508,524,604
512,556,507,517,526,598
510,554,507,519,526,598
507,564,498,520,525,602
515,557,499,514,524,610
504,560,498,519,526,602
514,540,512,522,517,609
512,548,512,512,526,610
510,545,510,522,517,609
507,548,509,521,520,611
506,545,502,519,528,610
508,537,509,521,521,610
497,547,497,512,532,605
502,540,510,520,522,611
503,534,510,519,523,612
502,542,501,513,532,613
500,542,511,516,527,609
492,547,500,518,534,607
501,525,513,520,526,611
496,539,512,511,527,609
500,525,512,514,528,610
495,541,510,517,523,607
494,530,514,513,525,606
499,545,514,502,533,606
496,532,513,514,522,608
489,538,511,511,532,597
490,538,510,508,529,594
496,538,511,504,527,594
492,556,504,509,511,597
494,558,494,499,520,602
494,562,506,500,507,601
485,554,503,504,514,600
497,562,509,492,511,598
495,560,502,505,510,589
485,565,494,500,512,601
493,569,510,491,515,596
495,557,500,506,510,588
491,574,508,492,511,599
492,577,497,497,519,597
490,578,506,502,508,598
495,565,504,508,518,596
495,571,510,496,518,598
491,568,496,506,524,592
485,561,506,509,526,596
493,544,512,508,532,592
499,548,505,502,533,603
491,549,496,512,532,605
500,528,508,514,524,603
490,540,496,515,531,600
487,522,511,514,538,593
498,529,516,505,536,598
482,530,502,520,535,595
498,527,513,517,528,600
498,521,511,519,527,602
496,527,509,520,527,599
498,529,515,505,536,597
489,524,511,514,542,591
490,536,499,514,536,598
492,539,497,512,533,601
496,526,511,508,534,590
491,542,505,507,527,592
502,545,501,496,526,595
497,552,504,500,510,594
500,556,506,490,506,591
503,557,505,486,502,589
503,559,496,493,497,581
507,557,496,475,498,583
505,558,481,474,493,580
505,555,477,468,490,575
498,561,480,477,487,580
511,563,476,476,480,567
513,559,472,471,479,567
515,568,460,454,477,573
512,561,464,464,476,571
511,551,461,462,472,565
518,568,451,461,465,557
509,576,443,464,471,568
514,574,453,458,469,568
518,577,452,459,474,561
519,560,454,456,471,560
508,576,441,462,468,566
523,566,440,450,471,564
516,564,447,456,469,565
519,577,433,455,469,562
522,577,443,459,461,561
522,578,442,457,461,560
522,563,445,453,472,556
522,565,444,455,473,556
510,582,430,458,467,563
516,584,437,457,470,563
520,565,445,454,473,557
518,582,431,453,471,564
527,573,443,457,464,557
517,575,443,457,469,567
530,573,440,445,472,563
522,581,433,455,470,566
520,583,435,460,469,566
518,582,434,459,469,565
526,565,449,456,474,554
530,580,434,455,472,564
528,579,435,449,472,563
534,575,440,449,474,563
518,577,441,460,472,565
528,567,448,459,471,555
534,571,447,457,473,554
528,581,434,459,474,564
529,580,449,459,463,563
531,580,450,454,465,565
530,563,452,459,479,552
529,564,451,458,478,556
532,576,449,451,471,564
525,571,448,457,477,560
523,584,436,463,475,564
531,565,450,458,481,560
524,568,447,462,479,565
535,574,450,450,473,563
535,577,449,455,472,564
536,574,436,453,482,560
527,579,432,464,481,564
535,578,442,465,471,563
536,576,430,460,483,565
526,571,435,462,483,568
532,574,427,461,484,567
536,555,441,460,487,560
540,571,432,461,488,564
530,568,433,463,485,570
531,562,438,461,487,566
536,571,440,463,477,565
529,567,435,464,487,571
545,566,434,451,491,566
540,569,426,451,490,566
541,568,436,450,480,568
542,565,426,457,490,568
544,564,429,457,493,568
544,563,427,458,494,568
542,561,442,452,489,569
535,566,428,464,493,570
542,556,442,449,483,570
542,565,446,452,486,572
539,565,430,460,493,569
542,549,444,461,493,562
539,561,443,458,483,571
542,554,444,462,495,561
539,551,444,459,494,565
528,556,445,464,495,570
540,554,448,460,494,566
533,554,448,461,493,569
535,569,448,458,483,573
533,561,447,468,486,565
534,563,443,457,494,571
526,552,454,466,492,573
534,564,447,460,496,575
516,568,451,472,492,580
527,560,458,474,484,575
530,560,463,464,493,581
525,558,459,479,487,573
525,562,471,475,497,582
528,561,464,463,500,581
523,560,470,483,495,582
523,560,478,476,498,590
513,561,464,488,505,591
521,556,482,476,510,592
519,560,470,483,512,595
508,550,475,491,511,598
517,536,482,494,516,591
519,536,488,495,520,595
515,531,492,495,526,593
520,542,490,486,525,603
508,543,490,500,529,601
515,533,495,500,532,598
518,547,496,495,520,608
522,538,492,505,521,606
523,533,495,499,532,596
520,549,481,494,527,608
523,544,491,501,523,600
525,550,494,485,515,602
522,542,490,491,514,591
512,554,480,493,503,600
523,560,480,490,487,589
524,565,477,483,482,590
527,558,470,480,477,583
527,565,460,472,489,587
525,567,468,478,472,581
526,563,462,464,486,583
528,567,468,465,474,585
531,563,464,474,478,574
531,567,462,472,472,577
531,562,450,464,482,581
521,572,457,470,481,584
534,567,450,459,483,578
534,567,463,456,478,582
525,574,447,469,478,582
533,568,458,455,479,580
529,570,446,459,480,579
522,555,456,465,480,580
531,572,459,465,468,577
534,568,447,462,480,577
530,573,446,464,478,577
522,573,446,466,476,577
534,568,456,456,480,574
529,573,458,470,466,572
531,575,447,462,479,574
526,571,458,454,476,573
532,566,458,451,475,569
524,562,461,465,478,569
525,577,459,462,467,568
527,553,465,462,477,562
527,561,463,466,481,558
519,561,464,466,481,559
519,552,464,469,475,554
519,563,466,466,477,547
520,573,463,466,467,542
513,568,466,467,470,539
514,581,463,472,459,542
506,576,465,467,471,540
515,581,460,458,470,537
514,571,467,468,471,526
503,580,463,471,468,538
499,588,454,472,465,538
514,573,466,467,472,534
513,578,464,471,462,525
513,588,463,471,460,529
514,585,455,464,469,531
495,588,462,469,465,532
512,589,466,466,456,531
513,580,461,471,463,521
504,592,451,470,463,529
504,585,457,467,465,526
509,588,465,456,460,528
513,583,460,469,460,518
508,582,464,465,468,525
516,582,460,468,465,517
512,592,449,460,467,526
512,587,451,458,467,525
507,579,459,469,467,527
517,585,456,467,459,517
513,574,460,462,465,521
511,589,441,464,466,527
514,587,456,458,462,523
507,588,449,465,466,526
513,591,439,461,466,529
517,585,450,452,460,531
518,585,438,455,467,528
508,577,438,462,462,532
518,584,435,454,468,533
516,586,442,461,455,532
517,589,445,454,457,536
514,577,443,457,467,533
519,587,440,459,457,536
521,586,442,457,456,537
520,573,445,455,469,533
523,573,442,458,469,532
516,580,442,458,469,541
517,586,444,462,460,540
524,572,447,459,473,536
519,575,447,460,469,534
512,585,443,463,470,545
518,586,455,451,472,547
517,591,456,457,471,550
517,579,459,464,479,545
518,595,459,466,467,550
508,585,457,469,480,556
520,579,460,469,477,545
517,583,463,468,468,551
516,593,469,464,471,555
520,588,465,462,483,554
519,588,469,475,471,554
509,589,460,475,481,558
515,579,473,475,484,555
515,578,476,471,485,552
508,589,467,475,480,557
521,578,471,478,480,546
519,575,475,473,488,548
510,591,460,477,481,557
518,584,467,473,477,545
518,583,478,464,477,558
518,584,476,466,481,559
520,567,475,474,486,549
512,587,461,480,480,558
523,584,472,479,479,549
521,578,468,478,477,546
523,575,476,476,487,551
523,576,472,474,481,549
510,590,468,478,482,562
522,579,471,481,477,550
512,586,463,481,480,561
523,582,473,466,482,559
521,572,475,477,485,551
510,585,465,479,482,561
526,584,467,467,486,556
523,576,474,476,484,548
520,574,472,477,488,550
523,583,477,469,476,560
522,570,475,476,488,552
526,570,473,477,485,549
526,574,473,478,482,549
525,579,477,467,479,558
527,575,472,480,480,550
512,568,474,478,485,557
514,584,466,481,483,559
515,585,464,480,482,561
524,571,471,479,480,550
523,579,469,467,487,558
513,585,464,482,481,560
527,580,467,469,485,555
514,586,459,478,482,559
520,570,471,474,486,555
526,582,472,465,478,561
522,587,454,471,485,557
525,583,467,464,480,562
525,582,465,462,478,561
529,585,447,466,485,559
521,573,459,468,486,558
529,581,447,463,486,560
530,572,455,470,482,553
517,565,453,467,484,561
530,572,455,464,475,564
530,569,450,469,475,563
533,565,437,461,488,564
536,558,439,458,489,563
533,557,449,460,480,569
525,552,441,463,489,570
535,551,447,459,479,569
540,543,441,449,495,567
531,535,444,460,491,571
541,533,441,462,486,564
540,536,444,458,481,574
544,523,439,459,492,566
543,516,440,459,491,567
536,526,429,459,492,580
535,519,436,456,493,582
546,509,437,455,482,577
536,511,427,454,494,582
548,505,440,452,497,574
543,510,432,445,498,580
536,509,427,455,499,582
545,491,432,456,495,586
549,485,438,455,497,583
545,500,433,444,497,583
550,494,439,453,501,577
544,503,437,457,492,579
552,498,438,442,495,586
550,484,435,453,499,582
541,494,427,458,496,586
545,483,434,456,496,589
538,488,429,459,496,588
534,491,428,459,494,588
550,497,441,455,484,585
544,483,441,455,497,583
538,493,428,457,496,587
549,494,441,454,499,576
544,501,438,457,492,578
552,495,444,446,491,589
549,492,442,455,485,586
551,492,441,453,485,588
550,479,441,452,498,588
549,490,440,444,498,586
549,489,438,445,494,586
549,486,441,453,485,588
546,485,438,458,495,579
551,476,440,455,500,580
549,481,434,455,486,584
546,475,428,446,496,586
544,474,427,447,497,586
554,472,435,455,485,589
554,465,434,449,488,591
555,454,436,455,498,582
551,466,428,445,496,588
552,461,429,456,484,583
542,461,419,459,494,592
543,458,419,458,493,591
557,461,432,455,483,592
558,460,433,447,489,591
553,463,431,460,486,586
559,458,432,448,491,593
557,460,433,457,484,593
553,467,432,461,486,588
547,459,421,459,492,594
554,467,431,458,489,586
552,467,436,459,497,586
556,466,436,456,485,594
552,460,429,459,492,595
551,473,439,450,485,593
546,471,427,455,487,590
545,489,431,460,482,581
537,484,429,459,483,590
525,497,423,459,479,586
537,507,431,457,469,581
527,518,416,453,474,580
533,521,429,447,472,576
521,520,434,453,470,573
522,539,418,452,465,574
528,537,424,447,467,569
517,540,435,452,465,568
521,531,435,451,464,561
519,554,433,454,450,560
518,561,439,448,451,571
521,550,440,457,463,560
521,565,437,447,465,566
516,566,441,449,461,569
505,572,439,463,461,571
514,572,446,465,454,567
501,571,438,466,460,572
508,572,437,465,463,570
509,574,454,466,451,573
509,565,459,457,461,574
507,563,456,465,450,575
508,562,460,463,465,573
505,550,462,472,470,567
498,557,457,475,466,579
501,563,445,475,469,577
503,560,462,472,461,580
504,557,465,471,469,580
503,553,460,483,471,573
501,558,467,473,478,582
489,562,451,488,479,585
494,547,468,486,487,579
495,545,469,489,487,576
498,550,467,493,486,579
497,541,473,491,496,589
496,545,470,484,499,592
497,552,465,489,510,593
494,548,472,501,502,590
486,544,477,497,511,595
492,550,465,497,514,598
489,551,482,492,511,599
484,556,468,506,511,600
494,549,478,505,504,589
492,555,477,500,497,591
494,547,475,494,490,577
499,553,471,488,471,569
496,558,467,484,451,567
499,549,465,472,458,558
504,553,462,474,451,556
505,566,449,464,450,564
501,569,455,454,442,565
499,569,452,468,438,559
501,574,456,454,444,558
509,575,454,454,439,571
508,575,458,452,443,567
497,580,444,465,444,568
507,580,443,460,449,564
506,581,455,461,437,566
511,567,458,463,449,556
511,574,454,464,443,559
510,578,453,452,447,565
511,581,444,458,453,563
499,581,441,460,449,566
512,569,457,463,455,556
510,588,457,463,444,567
509,584,447,452,456,564
510,583,459,456,447,570
509,585,444,462,453,566
513,582,460,456,451,568
503,578,451,468,451,571
516,570,459,464,459,563
504,583,453,466,454,572
513,583,447,459,459,567
515,576,455,468,451,562
513,581,453,456,460,568
517,579,459,455,455,570
519,580,457,455,458,564
518,575,461,450,451,569
519,578,458,456,456,567
519,578,451,456,462,567
516,580,459,459,450,569
507,575,450,469,460,573
520,577,452,457,462,569
515,581,452,469,460,562
514,576,456,457,463,569
510,569,456,467,463,566
521,572,451,469,459,562
520,565,456,466,466,563
516,564,457,465,465,566
521,576,448,459,466,568
518,564,456,465,465,563
516,578,440,464,465,567
510,577,443,470,464,572
515,564,453,465,470,567
522,576,440,460,470,568
522,563,452,463,469,562
522,579,440,462,472,568
524,563,448,463,475,562
516,565,452,462,477,571
527,570,447,465,469,567
518,569,448,463,476,577
524,571,448,466,472,567
530,569,446,451,478,575
533,568,448,452,480,574
525,572,442,457,480,575
516,566,454,466,480,577
528,576,452,470,471,574
531,566,456,465,484,569
526,579,444,465,483,577
521,579,443,465,479,577
525,578,446,467,482,577
529,576,450,457,483,576
526,556,460,463,481,570
529,572,455,464,468,574
525,578,445,466,480,579
529,576,449,462,487,576
525,577,444,466,483,576
532,575,450,457,486,578
517,579,453,467,481,580
518,575,453,471,480,582
531,575,458,455,484,575
519,574,451,469,479,580
532,563,457,467,483,568
525,580,446,467,483,574
531,565,460,467,482,568
525,573,444,463,481,578
519,574,459,467,483,577
519,579,454,469,479,580
532,577,452,457,483,575
519,580,452,470,480,578
526,577,462,460,477,578
518,580,448,470,481,578
518,580,446,469,477,578
517,582,449,473,478,577
517,583,447,472,477,574
515,580,446,474,476,575
524,577,462,460,476,573
515,569,460,469,477,571
523,575,453,470,468,562
514,564,461,468,477,568
521,570,458,473,470,562
519,575,459,474,467,564
511,571,447,473,470,571
520,577,464,461,473,572
522,576,460,461,478,570
524,575,456,460,478,571
524,574,459,472,473,563
514,569,464,467,481,571
522,581,460,469,467,573
525,578,457,472,471,568
529,582,459,461,471,576
527,585,456,465,470,571
530,579,454,459,470,573
533,574,451,461,472,567
526,583,455,463,474,575
521,584,445,466,483,578
537,579,447,452,490,576
531,583,448,466,476,575
531,581,438,464,486,581
538,576,447,453,492,579
540,572,448,465,488,572
533,580,438,462,494,583
541,557,449,465,495,575
535,562,454,463,496,577
533,562,455,463,495,583
535,576,438,464,493,583
532,563,451,463,496,587
539,572,448,465,488,576
532,577,440,466,494,588
544,570,449,454,495,587
540,565,451,460,482,588
542,558,451,458,499,578
542,570,448,468,488,581
547,565,448,452,495,586
533,570,438,465,494,588
531,562,449,464,495,591
544,551,453,461,498,579
533,554,441,467,491,589
543,560,454,452,490,590
532,556,450,464,492,589
547,553,450,464,491,579
548,559,450,451,495,586
537,561,442,465,493,589
538,562,441,465,493,588
547,546,455,464,498,579
532,563,446,468,493,589
542,565,457,461,484,589
530,572,446,468,491,589
527,576,445,470,490,587
527,560,461,467,490,577
530,576,447,461,493,579
524,579,462,469,479,584
517,579,451,473,487,577
521,583,452,473,485,581
518,583,464,474,474,579
525,578,466,465,489,580
518,568,463,480,485,573
517,578,464,468,491,581
512,580,466,477,478,583
513,575,470,474,486,584
510,575,467,484,484,580
513,572,472,473,491,586
510,572,472,478,487,587
506,556,475,483,501,582
511,557,472,485,502,579
501,562,471,489,501,592
506,563,478,477,499,591
499,561,469,491,504,594
501,565,464,489,506,593
494,555,474,492,506,592
501,556,476,494,497,591
507,553,476,480,509,594
505,559,482,488,501,596
506,540,482,489,512,586
508,539,478,492,510,585
503,551,481,482,502,595
507,555,480,489,496,593
510,550,483,484,493,591
509,553,481,485,491,590
511,536,483,489,501,579
513,538,480,491,492,574
508,551,467,485,492,580
515,543,477,488,484,567
502,545,473,489,484,577
511,548,480,485,472,574
502,549,465,488,478,575
514,540,474,482,464,567
505,548,469,485,473,573
518,535,474,483,471,560
517,536,475,477,475,564
509,545,468,481,469,571
517,551,475,475,457,569
521,547,473,471,456,570
514,548,465,475,463,570
521,539,472,471,465,561
522,556,458,463,464,568
515,550,466,470,463,567
526,558,462,457,463,567
516,564,454,470,460,568
526,548,467,464,463,563
524,553,463,467,462,558
520,558,465,465,461,565
525,573,458,465,449,560
522,576,449,461,460,567
524,559,461,464,459,561
529,574,463,455,461,568
521,563,463,466,464,568
531,575,451,455,465,567
527,576,458,466,461,562
532,578,455,456,468,568
531,578,453,457,470,567
519,571,460,467,470,570
532,576,459,469,466,563
533,574,458,468,471,562
534,572,457,468,470,563
535,578,455,468,470,567
523,582,447,469,477,580
539,566,457,464,481,571
525,581,444,467,481,581
536,580,454,464,476,582
537,577,453,466,474,583
537,566,450,463,486,575
538,576,451,460,478,586
539,571,438,459,494,586
536,569,446,465,486,583
540,568,438,456,496,588
543,555,447,459,497,581
544,556,437,460,489,590
529,571,432,463,495,591
540,570,445,462,484,588
541,564,434,452,499,588
541,556,444,453,487,588
532,560,436,464,495,593
534,564,433,462,494,591
541,557,433,453,493,590
546,549,445,462,495,582
539,550,446,460,499,586
541,565,444,461,483,589
535,546,445,460,494,589
545,562,443,464,485,586
545,562,447,459,486,591
544,566,444,464,487,586
533,565,444,462,495,593
542,571,435,457,496,587
541,569,453,451,492,588
546,568,447,464,490,578
543,568,444,466,486,579
538,572,452,462,491,585
535,566,454,461,488,583
541,578,453,454,479,588
540,566,457,462,487,582
537,581,441,463,481,585
539,589,458,456,476,588
531,577,458,462,479,580
528,595,443,464,476,585
529,581,454,464,464,585
521,592,441,465,479,576
527,590,447,462,478,583
524,590,452,455,480,582
528,586,450,456,480,582
525,589,449,461,480,583
520,590,448,464,480,582
519,593,462,466,470,585
525,589,458,457,484,581
521,586,459,470,484,578
521,582,458,472,478,578
514,593,463,465,476,587
516,588,459,473,487,585
519,590,458,463,492,585
507,583,461,475,494,588
517,576,464,472,497,579
512,590,457,478,483,581
514,592,454,471,498,587
504,590,457,478,494,591
501,593,453,477,495,591
503,577,469,476,499,585
505,592,470,478,504,582
503,588,459,475,503,587
507,584,465,480,501,592
508,583,471,470,503,591
502,586,471,483,491,590
502,587,471,481,493,592
499,586,461,479,501,592
507,578,467,479,498,584
496,587,463,483,495,595
507,576,467,479,481,592
508,579,464,466,483,589
506,579,450,471,473,585
510,564,461,469,464,575
511,580,460,468,447,583
505,568,459,468,456,572
512,576,456,465,454,579
512,573,451,454,452,576
512,581,452,463,439,571
512,562,456,465,451,565
513,582,454,466,440,570
516,578,443,462,455,570
515,578,455,455,451,570
516,578,450,468,445,565
510,585,440,464,454,572
509,584,440,465,453,572
521,581,447,454,457,569
517,586,454,461,447,572
511,585,450,455,459,570
515,587,438,465,457,572
524,583,449,451,460,571
521,583,446,455,461,570
524,572,450,464,461,572
511,588,445,466,459,575
522,589,442,457,462,571
524,573,452,460,466,565
527,585,451,452,461,573
520,576,448,465,462,575
517,577,453,459,467,573
517,588,442,468,464,577
525,585,457,457,456,577
518,576,455,466,467,575
530,575,455,468,461,566
531,575,454,458,468,573
521,557,461,468,464,576
526,562,455,471,459,565
518,551,459,470,462,575
531,542,464,469,465,565
518,552,451,473,461,576
519,549,467,460,463,574
531,546,461,460,463,572
526,548,462,472,453,572
529,543,462,474,456,568
530,550,452,458,466,568
530,541,461,474,455,565
523,546,451,471,462,573
529,540,466,462,456,571
530,542,464,469,465,562
529,539,467,461,462,571
531,542,466,461,458,572
524,546,452,470,461,572
519,542,459,473,464,574
521,532,460,474,463,574
521,534,467,472,462,563
527,550,463,475,455,569
530,547,452,466,468,568
529,548,465,474,466,570
529,550,452,468,468,570
527,551,463,472,457,574
533,534,465,470,465,562
522,541,463,471,467,569
525,548,452,470,456,569
533,539,461,474,464,563
522,548,452,473,467,573
528,532,465,470,468,568
530,538,463,474,463,564
531,542,462,474,460,568
532,535,463,472,465,564
521,539,462,470,467,565
532,531,467,470,471,568
529,542,449,474,469,575
534,540,460,460,473,573
531,540,467,460,464,575
527,541,463,470,471,568
527,542,450,469,465,563
532,528,461,474,462,565
527,540,464,469,462,574
525,541,452,469,472,573
528,538,450,467,470,571
530,537,465,464,467,571
532,535,465,458,472,569
529,533,462,471,465,558
525,520,465,467,471,555
523,543,461,473,469,561
524,529,467,468,473,551
528,540,459,468,463,546
526,544,462,472,459,547
524,543,458,471,469,553
526,542,458,456,470,547
514,537,463,469,470,552
521,546,465,465,469,540
515,535,465,468,473,550
525,549,464,459,469,548
522,542,468,471,471,549
521,545,463,471,461,546
526,547,455,465,474,548
523,544,456,469,471,542
515,534,466,471,472,550
514,536,465,470,471,548
520,544,462,471,472,541
526,534,464,470,468,540
526,543,467,462,468,552
521,542,463,473,464,548
515,546,454,472,474,548
519,527,467,472,474,545
518,527,467,471,477,542
524,539,468,461,466,549
518,541,467,468,463,551
525,531,454,463,472,548
524,526,466,471,478,545
522,542,452,470,474,548
525,535,463,467,476,546
523,541,472,464,467,551
525,537,466,462,472,549
513,542,459,463,478,549
514,536,464,474,473,553
520,545,453,471,475,550
526,543,459,464,476,548
514,549,454,474,474,552
521,546,466,470,462,552
525,542,463,472,476,544
525,548,456,465,476,546
516,551,468,464,470,552
529,542,466,475,471,541
523,557,464,472,464,548
526,537,467,472,471,543
523,548,468,470,473,547
523,551,468,472,475,546
525,568,463,468,462,548
515,569,454,472,470,552
515,563,464,474,469,556
528,563,464,462,469,552
526,567,466,461,471,551
516,564,464,467,472,549
524,568,461,474,467,554
515,566,461,475,468,554
527,566,466,476,463,547
524,569,469,472,459,554
517,570,468,474,459,552
530,565,473,463,467,553
528,563,467,476,473,546
526,553,473,473,473,546
529,553,471,474,469,542
517,565,463,476,467,544
525,551,472,473,472,549
529,561,468,463,470,553
517,563,466,476,470,555
530,555,468,461,470,555
524,554,472,474,471,552
526,551,472,471,471,551
531,554,470,473,472,545
523,553,470,477,472,554
528,551,470,474,473,545
529,549,473,478,473,554
532,549,470,476,472,544
529,547,472,472,472,554
528,558,471,470,462,554
529,555,473,474,473,555
530,545,461,467,475,555
525,537,469,476,463,551
533,543,472,466,462,559
535,539,472,461,469,560
537,541,470,470,463,561
540,532,463,462,473,560
535,522,472,471,475,560
537,534,471,472,463,562
543,517,467,457,473,564
542,526,468,459,468,567
531,524,460,471,473,570
530,516,466,473,474,570
546,511,472,472,475,568
534,521,461,458,478,568
546,508,475,468,480,567
545,518,474,462,471,574
543,520,465,473,467,571
549,516,471,456,475,574
544,513,462,467,482,574
549,510,477,468,469,575
539,511,475,470,477,569
532,511,464,473,479,582
543,493,475,469,479,581
547,502,484,465,474,583
541,503,480,474,474,581
540,486,477,472,483,589
536,485,473,469,480,588
546,496,485,459,481,588
540,498,482,472,474,583
541,500,484,472,473,583
544,497,487,462,478,589
533,501,471,466,486,588
539,499,483,460,484,585
539,499,481,474,474,583
537,495,482,472,473,583
537,499,484,469,485,583
537,500,483,472,483,581
529,489,477,472,480,592
536,486,485,469,482,588
526,494,469,473,480,588
534,493,472,470,483,584
539,498,481,470,483,579
540,499,485,472,484,590
527,504,470,473,481,588
537,503,481,474,486,586
528,505,468,474,484,589
540,495,485,476,485,592
540,497,486,476,487,588
538,508,487,469,483,594
530,514,471,482,487,594
539,510,484,482,488,584
531,517,471,486,492,595
533,508,479,490,490,598
540,522,479,482,497,598
538,524,488,481,495,597
526,533,480,496,487,595
531,524,490,492,498,595
537,539,488,493,486,595
526,545,479,496,494,600
535,530,490,495,500,592
539,542,493,485,495,597
529,549,477,497,495,596
534,548,478,494,497,594
533,550,493,487,493,595
533,556,483,492,498,593
538,555,485,488,499,593
526,564,487,501,494,595
539,560,495,491,487,596
537,562,490,499,481,591
542,559,491,488,496,591
538,565,494,493,487,593
538,550,496,497,495,581
534,555,494,496,494,583
533,571,478,494,492,585
525,568,484,499,487,587
534,572,481,489,486,577
525,559,493,492,487,580
537,559,490,494,482,571
531,553,494,491,482,572
535,556,487,491,477,571
531,564,489,480,471,582
521,567,472,492,473,578
529,554,478,492,459,571
530,556,477,485,460,574
530,544,478,485,463,563
512,558,466,485,462,573
517,555,462,483,460,572
523,537,477,478,464,562
513,554,462,483,456,572
520,541,473,474,460,563
521,555,473,477,446,568
515,543,473,476,456,566
521,553,474,467,445,569
516,551,457,472,454,564
514,552,469,470,442,559
522,548,453,462,446,565
520,549,468,472,443,556
510,555,456,471,448,564
513,555,453,468,448,565
518,555,469,462,437,563
512,551,463,467,446,566
513,553,458,466,445,564
520,554,465,463,438,558
520,560,467,462,442,564
517,553,471,457,446,563
520,561,457,451,443,561
511,563,462,461,440,565
523,563,472,446,437,563
525,563,470,455,437,554
521,562,470,450,425,562
517,558,471,454,442,560
524,557,471,454,442,551
516,569,468,456,431,553
523,563,468,442,435,557
522,569,469,443,433,559
511,579,465,455,435,558
510,576,459,456,432,557
516,560,476,452,435,552
509,577,459,457,429,553
516,577,471,452,433,539
521,561,473,453,430,537
523,571,467,446,433,543
519,572,474,441,430,540
518,571,476,443,429,541
514,559,476,453,429,536
515,569,475,445,425,536
512,574,459,454,424,534
517,571,475,446,422,533
504,562,470,454,420,534
512,567,472,455,409,528
514,572,477,446,420,530
512,571,473,458,415,520
514,569,479,442,419,524
512,567,473,456,422,513
514,572,468,447,423,519
505,559,477,455,420,515
511,568,476,447,417,518
506,570,475,459,410,511
502,573,460,453,419,512
511,567,476,444,419,512
507,569,478,458,409,513
513,567,472,446,422,510
497,565,476,460,419,514
509,555,478,459,420,505
507,569,479,451,414,512
499,568,470,458,421,514
511,565,473,448,420,511
509,569,465,457,424,515
502,560,477,455,427,515
510,568,475,462,417,513
512,557,476,458,430,511
511,569,464,453,429,517
503,565,466,462,428,522
517,567,476,449,431,523
512,566,464,455,433,521
513,571,471,463,419,520
517,566,467,463,428,518
508,562,470,463,437,530
520,560,470,463,445,524
520,572,465,453,444,537
515,562,471,464,448,536
513,582,468,464,436,546
521,568,469,467,449,539
519,579,467,460,454,550
514,581,474,462,448,556
509,586,461,480,453,558
519,575,470,476,454,551
518,588,473,476,448,560
515,586,475,478,453,562
516,571,478,477,465,559
512,586,479,477,457,572
511,569,481,480,477,572
511,578,479,485,472,573
510,582,472,479,484,582
498,581,472,487,484,587
509,575,489,479,489,590
507,577,477,483,500,588
509,577,477,485,502,591
504,579,487,487,493,594
504,561,489,491,509,587
498,576,485,496,502,587
503,567,487,496,508,589
505,568,477,486,508,592
501,581,489,489,511,595
502,575,488,493,510,596
490,581,475,496,508,598
504,576,491,486,503,598
504,573,487,482,508,597
501,580,491,491,497,598
493,579,480,494,500,600
505,570,485,495,494,586
498,579,487,488,485,591
499,579,484,492,475,581
508,574,483,490,469,578
497,570,469,486,475,573
506,575,482,482,459,568
500,570,478,484,459,561
506,556,478,479,465,558
511,570,479,465,450,561
511,573,476,476,445,557
514,570,465,474,456,557
510,561,474,476,455,558
516,567,468,464,452,558
513,573,469,478,441,554
510,576,458,474,451,558
514,571,461,463,447,556
510,578,454,478,450,558
518,572,464,473,446,547
518,577,463,471,439,555
516,580,463,472,442,559
508,569,454,474,449,563
520,576,464,458,453,563
519,578,454,463,461,559
524,563,462,468,464,554
528,578,448,458,465,559
529,573,459,457,468,564
530,569,459,456,465,564
521,567,444,468,470,568
517,559,448,470,472,577
528,552,454,464,470,576
530,544,438,466,484,577
534,534,436,461,487,580
540,509,451,462,492,578
540,507,444,464,483,584
548,490,444,445,492,590
548,486,441,446,493,590
544,486,436,460,491,585
548,478,438,459,494,583
545,473,428,451,504,592
551,467,433,457,502,586
555,458,438,455,506,586
554,453,433,457,500,595
554,458,440,454,505,584
556,457,439,452,505,585
553,461,439,443,499,595
548,463,433,445,504,590
547,461,430,443,503,592
544,451,421,453,496,591
547,461,424,450,500,591
558,445,442,450,502,585
559,443,442,451,501,585
549,446,434,454,497,594
558,452,442,451,491,591
556,439,443,451,501,591
551,442,436,454,498,593
553,441,437,453,498,590
547,450,445,440,495,590
555,455,436,454,501,581
558,441,443,453,500,596
559,456,445,446,495,592
559,458,443,456,503,583
557,447,443,455,500,592
559,467,441,459,496,583
547,464,431,456,500,592
561,464,447,451,491,594
558,471,442,460,492,585
562,458,449,456,503,589
560,471,450,452,496,595
555,468,445,463,485,590
558,465,451,461,503,587
558,480,451,460,487,595
552,486,451,462,489,592
553,476,454,464,500,586
537,492,442,463,501,594
545,491,454,468,490,589
547,495,443,468,497,595
539,503,454,473,489,591
541,499,461,461,494,595
529,493,453,476,498,598
534,510,460,476,495,587
524,511,461,482,493,591
513,505,454,485,501,598
514,513,456,484,504,598
506,507,457,487,506,597
519,508,473,485,498,600
507,512,459,481,511,598
501,513,463,497,512,600
510,511,478,498,506,600
497,508,467,497,516,604
505,510,482,504,509,599
497,498,479,502,520,595
501,503,489,502,527,595
493,502,478,507,522,604
503,495,494,502,526,594
493,513,477,504,524,605
502,505,493,503,526,594
498,515,481,500,527,603
494,501,490,506,524,594
487,502,481,507,522,599
498,498,495,501,526,591
495,511,495,498,519,599
492,515,496,504,513,602
492,506,481,501,514,602
482,508,482,504,521,599
489,509,492,498,518,588
492,504,483,499,507,583
493,508,489,498,504,593
495,505,490,484,506,592
497,504,491,481,501,593
491,508,484,492,501,579
496,507,485,489,489,583
498,503,483,478,491,582
491,497,482,487,492,582
497,508,482,486,483,570
499,509,487,471,484,573
489,508,478,473,486,567
496,512,482,482,471,567
498,510,481,482,471,566
499,511,484,482,470,565
496,512,484,476,469,568
498,511,476,468,480,563
501,504,484,476,479,557
500,509,482,476,473,563
497,513,479,477,463,559
502,511,481,471,462,561
500,511,478,476,475,549
484,518,473,478,464,560
500,511,476,474,461,547
503,501,472,478,464,556
501,519,473,479,454,547
506,518,470,463,461,550
505,517,470,475,457,540
504,524,459,470,461,545
506,526,468,474,446,542
508,519,468,473,456,538
504,533,469,473,443,546
502,530,457,471,456,544
509,533,472,462,452,547
504,535,455,471,455,545
499,514,468,471,445,543
510,536,470,468,447,546
512,521,467,472,455,535
509,537,458,464,458,543
507,539,468,469,446,543
514,524,467,468,459,544
502,537,454,472,455,548
513,536,467,471,445,549
514,536,468,466,446,550
510,536,467,470,445,550
501,532,460,472,453,552
514,534,469,458,455,550
505,529,466,470,458,551
512,538,465,473,457,552
512,534,455,463,461,548
513,537,468,465,461,550
508,533,462,470,459,553
513,525,463,466,462,545
508,531,463,469,460,552
508,540,451,472,460,554
520,536,459,471,459,554
518,535,467,460,457,553
519,538,458,460,465,551
516,537,461,474,452,549
518,539,451,467,461,551
519,536,460,477,453,546
519,527,464,470,464,543
514,542,448,467,462,550
510,541,454,473,461,552
511,546,448,474,460,552
521,547,461,471,451,547
513,548,448,471,462,550
523,545,460,473,461,550
520,531,465,472,465,542
523,542,459,474,462,542
520,544,464,467,456,551
520,544,451,467,465,549
515,547,449,473,465,548
523,531,461,473,461,551
521,537,460,478,460,544
515,540,451,473,467,550
518,534,462,479,460,548
513,531,461,479,459,544
519,529,453,479,466,553
507,525,460,481,468,552
510,517,466,480,470,548
509,525,456,480,473,548
516,519,466,470,475,547
520,519,461,479,476,548
512,501,468,481,470,554
509,521,458,484,475,552
509,509,465,487,473,554
517,513,470,486,469,545
518,517,476,475,470,556
518,514,475,473,479,553
511,523,460,483,476,554
507,514,472,485,476,555
511,510,467,487,476,556
516,524,475,483,465,555
522,508,477,482,479,549
512,522,459,484,477,553
514,509,468,485,476,556
508,525,465,483,474,554
520,518,469,485,469,548
519,521,470,484,466,552
522,509,472,480,477,555
523,518,469,482,470,548
522,518,469,467,473,554
521,522,457,471,477,554
521,524,454,474,477,552
521,525,467,474,478,551
524,514,468,480,472,547
526,516,468,465,475,556
522,508,466,478,477,555
526,507,471,475,477,552
522,518,472,475,463,555
526,504,475,474,478,551
528,511,471,474,475,547
529,508,472,464,469,557
528,497,460,476,471,558
518,511,463,468,475,554
522,508,466,465,472,555
525,491,472,475,471,557
517,513,461,477,468,558
526,505,467,477,461,547
515,512,461,476,469,557
516,507,461,475,472,557
527,498,474,474,473,558
521,513,461,475,469,559
524,514,476,474,460,559
518,509,462,476,472,558
528,511,476,473,459,558
524,516,475,476,462,559
529,511,478,466,465,559
526,515,479,466,468,559
528,503,474,475,472,560
517,515,462,475,471,557
528,504,480,474,476,556
527,512,477,473,458,559
528,516,464,472,474,558
523,517,462,475,473,555
529,508,476,476,476,549
526,504,471,476,471,559
529,512,474,478,467,550
527,505,478,463,471,558
531,514,465,467,476,558
529,513,478,465,469,560
518,511,479,475,463,558
532,506,477,474,475,550
522,515,462,475,470,559
519,515,465,476,470,560
526,516,474,474,462,556
521,516,463,478,463,559
530,507,478,474,477,552
532,503,479,473,476,559
529,498,473,475,471,561
531,500,477,473,477,556
528,511,471,478,462,558
519,506,459,474,473,560
532,505,472,473,475,551
532,493,467,472,474,561
528,504,459,475,463,553
535,507,467,465,469,564
533,502,466,465,472,564
534,501,466,471,478,556
537,500,464,471,479,558
535,504,464,465,472,555
536,502,464,468,467,565
525,506,449,471,475,563
523,502,448,475,474,564
523,512,451,468,480,562
527,504,463,475,474,563
531,510,460,476,469,564
531,510,459,476,465,559
534,513,451,475,476,564
537,507,466,464,469,564
528,511,454,468,478,562
525,505,451,475,472,564
534,497,464,473,477,563
537,500,466,472,477,560
531,514,451,473,474,563
524,516,459,477,476,568
528,515,452,478,475,566
524,510,448,474,473,561
535,512,463,477,468,560
530,517,452,474,477,564
534,516,463,478,470,556
535,503,468,474,478,561
523,507,455,480,474,566
535,513,469,465,474,565
532,519,468,476,464,564
533,519,470,468,470,565
523,514,461,477,476,567
533,526,468,479,466,562
534,518,460,467,480,561
537,519,466,465,480,563
532,508,465,478,476,564
530,524,469,474,466,564
533,517,467,471,479,562
531,519,466,464,474,564
534,520,468,466,471,566
527,523,450,474,477,563
534,522,468,479,479,563
522,518,461,476,475,566
536,520,466,463,476,564
524,525,453,479,475,565
533,521,467,466,472,566
532,510,463,476,477,564
530,523,467,469,467,565
531,521,468,462,471,565
534,521,458,466,479,563
536,510,463,473,478,561
530,525,461,462,480,561
532,527,464,479,476,556
534,524,456,466,482,559
529,525,464,477,466,562
531,524,468,472,481,558
525,516,463,479,477,563
530,511,460,475,477,566
530,511,467,474,479,564
534,521,462,464,479,562
526,512,468,473,479,563
533,512,464,475,478,563
531,523,458,465,480,563
532,522,462,478,470,558
533,520,461,477,473,557
525,517,460,476,478,568
538,508,459,473,479,563
537,511,462,471,480,562
524,512,448,474,477,565
539,501,461,470,486,564
536,509,458,473,483,564
529,507,449,465,482,564
533,491,450,473,481,569
538,501,455,472,477,556
540,493,455,461,480,569
537,495,455,475,474,568
530,491,445,468,487,569
529,479,444,473,482,574
538,491,454,473,479,563
536,474,450,473,484,576
544,486,454,472,482,576
542,489,460,461,482,575
526,486,442,472,484,574
537,480,457,468,486,576
543,494,453,459,485,574
545,480,458,468,486,569
534,490,446,462,483,572
531,499,444,472,484,574
540,484,456,473,485,576
540,498,456,473,473,575
534,499,448,468,486,575
540,483,456,470,484,564
530,490,451,473,482,577
541,490,458,469,469,577
541,498,460,461,482,575
538,504,458,475,474,572
536,500,448,474,481,576
543,488,461,471,482,573
538,498,456,477,472,569
537,507,458,475,473,569
541,497,463,472,484,567
538,506,460,478,470,570
532,508,455,463,485,573
537,506,462,476,468,572
541,506,463,464,478,575
539,509,461,476,469,572
540,502,464,474,484,567
526,514,450,477,477,575
538,507,463,473,484,564
538,507,465,472,480,569
539,506,450,478,476,577
537,515,463,471,468,577
538,509,463,463,474,576
535,516,464,470,469,573
542,511,464,471,467,575
539,510,467,464,473,574
539,502,465,472,479,569
538,512,467,462,476,574
537,500,462,476,476,575
527,518,452,477,473,576
535,512,466,465,473,576
531,502,459,473,478,573
538,513,468,463,473,576
535,517,467,469,469,566
526,515,450,478,475,576
526,514,462,476,477,576
534,511,467,469,471,577
530,500,455,478,475,578
540,497,468,471,482,570
539,505,467,469,471,576
539,504,466,471,471,576
529,500,451,478,482,578
540,499,464,473,486,567
529,488,460,475,482,578
541,496,465,473,486,568
534,492,453,477,485,574
539,501,463,478,477,573
544,496,467,463,484,579
531,502,451,474,490,577
543,497,464,476,485,571
541,501,460,462,488,578
545,489,466,471,480,578
542,487,464,474,489,582
546,506,468,463,485,580
544,510,467,462,490,581
545,507,464,462,490,583
537,511,455,474,488,584
548,502,468,470,494,582
541,518,463,466,480,580
542,515,468,468,481,577
534,519,461,473,489,586
543,513,469,466,484,585
543,520,466,472,479,583
547,516,462,462,490,582
547,512,465,474,484,575
543,512,467,474,488,575
534,520,455,479,488,584
540,519,456,471,490,582
533,522,455,476,488,584
546,516,465,464,491,583
546,507,471,472,491,582
536,513,468,472,489,583
542,520,471,467,482,585
542,505,469,474,489,583
545,519,470,468,485,586
544,517,468,476,479,579
544,520,461,467,490,581
543,506,468,470,491,581
538,522,455,471,490,581
541,520,466,478,478,577
542,511,472,472,490,581
529,526,457,478,485,584
543,513,460,467,487,582
530,524,457,475,475,582
544,511,471,475,489,578
542,523,457,469,476,579
543,520,467,464,486,581
539,509,468,475,487,585
539,522,466,477,483,575
542,511,472,473,485,574
539,523,467,476,479,575
545,521,473,465,483,581
538,525,471,467,476,583
545,524,465,461,488,579
529,519,468,473,485,583
535,514,473,460,481,583
535,514,471,470,485,572
540,518,470,468,485,574
537,533,469,471,474,577
523,534,464,472,481,584
539,533,470,468,483,571
539,537,472,462,472,582
535,539,469,468,473,578
533,540,468,464,472,579
529,529,469,466,486,580
530,545,457,469,487,578
525,539,465,469,484,587
537,540,465,468,482,583
539,543,474,458,478,582
540,535,468,468,481,572
535,543,465,463,483,572
536,531,472,463,486,574
539,532,468,466,482,572
526,545,463,469,484,584
538,541,464,457,485,580
533,545,460,462,486,578
533,545,467,469,477,577
532,549,469,467,473,580
525,548,463,469,484,582
533,535,473,464,486,574
535,546,465,456,488,577
539,543,467,469,480,571
535,536,471,466,487,572
526,549,462,472,484,583
534,537,471,468,488,577
539,541,468,468,482,569
533,550,469,467,474,578
536,545,467,471,477,575
529,538,471,467,486,577
535,552,471,466,483,578
530,540,471,467,484,578
540,547,469,457,483,578
530,552,459,470,482,581
527,552,459,470,482,583
530,539,472,467,486,581
524,548,461,473,482,583
530,533,470,469,483,580
536,549,459,464,486,576
536,549,473,462,476,582
534,552,467,474,474,575
540,547,466,461,487,579
534,548,474,473,478,572
524,554,464,473,484,582
533,550,470,471,474,576
535,550,470,472,476,577
535,549,475,461,482,580
533,536,473,470,487,572
533,548,470,476,475,575
536,542,469,471,472,575
531,551,470,474,477,573
535,539,474,469,486,583
536,547,471,459,486,579
537,552,469,461,489,580
532,553,472,472,476,577
538,552,464,464,488,578
538,544,472,472,485,571
537,550,470,460,485,575
537,538,470,471,484,581
526,547,472,468,484,579
529,544,473,470,486,579
528,549,461,471,481,580
524,557,466,473,483,581
536,551,464,466,488,575
531,553,459,469,484,571
539,547,472,473,485,571
526,548,470,469,483,583
538,544,471,472,484,569
533,556,474,461,473,578
533,556,460,466,475,581
534,553,472,473,476,575
535,541,473,470,473,573
537,549,476,459,481,579
534,558,473,471,474,578
536,552,475,463,476,580
537,556,476,461,479,579
534,554,471,474,472,575
538,551,475,463,481,580
535,552,470,473,476,573
536,550,466,461,486,577
538,549,469,471,481,570
536,540,475,468,487,571
537,540,474,469,486,570
526,551,467,472,481,582
533,554,473,475,475,578
528,543,475,469,484,578
536,543,476,460,483,580
532,553,462,466,484,575
524,550,470,472,484,578
535,538,473,472,487,571
534,551,470,474,475,574
530,542,475,474,483,577
524,548,471,472,483,579
523,547,467,474,477,581
522,557,461,475,482,580
525,557,472,471,471,579
533,544,468,460,483,578
533,543,473,472,486,570
520,559,460,474,479,571
528,560,475,466,470,580
528,556,470,475,471,571
524,550,470,473,473,569
519,561,460,472,479,578
530,558,468,460,479,574
527,556,475,465,479,578
525,556,460,464,479,572
528,561,467,467,466,570
523,561,459,470,472,575
528,560,471,471,467,572
528,557,475,458,472,574
532,551,472,474,475,564
520,563,463,468,467,572
532,556,461,468,482,569
519,553,470,472,479,574
530,558,461,464,483,572
527,559,461,466,482,576
530,560,459,466,482,573
533,557,464,459,483,572
527,564,470,468,471,575
529,560,458,463,483,573
531,555,469,470,478,574
529,566,468,467,472,571
530,560,465,467,485,565
531,557,462,457,480,572
529,564,469,464,480,574
523,567,455,467,483,572
517,566,453,472,477,571
530,553,463,467,476,559
524,565,465,471,470,565
526,552,468,469,479,560
529,561,462,461,482,568
515,560,464,471,478,566
515,558,467,471,474,558
516,564,455,471,476,567
528,557,469,460,474,565
516,553,467,471,477,556
523,549,471,469,478,561
524,546,471,468,478,553
526,546,468,472,477,553
520,560,470,469,462,563
526,544,466,470,472,560
524,555,470,460,474,559
516,550,468,471,471,560
520,556,466,473,463,551
521,557,469,472,457,555
512,544,454,475,460,555
520,553,472,459,462,556
515,549,465,476,467,545
512,554,456,475,462,553
518,551,469,468,452,552
518,538,464,467,462,540
515,548,472,463,454,549
512,545,466,474,450,540
513,544,466,460,459,544
501,546,455,473,455,543
512,541,471,471,442,540
506,529,471,470,455,533
507,544,469,460,454,537
501,546,457,475,452,540
509,548,468,472,446,536
508,546,466,470,444,538
510,545,468,464,451,539
504,545,452,470,458,537
510,532,465,472,461,527
505,534,465,471,457,536
509,532,460,469,460,531
509,550,457,470,445,535
506,547,462,471,445,538
512,545,458,461,457,538
511,544,461,463,458,538
511,547,451,467,459,540
512,547,450,466,457,540
509,542,450,465,455,543
511,537,462,472,461,541
512,550,446,468,460,546
501,547,458,474,459,553
513,553,463,465,458,551
511,554,460,471,452,544
509,551,459,465,462,554
515,550,459,476,464,557
513,544,463,475,470,547
510,559,462,475,459,556
497,558,455,480,470,561
506,560,467,472,474,551
504,559,455,474,477,559
509,558,463,469,480,560
506,547,467,472,483,552
494,561,467,482,478,564
506,549,469,480,480,554
503,557,473,475,474,563
493,552,466,479,483,560
494,555,460,481,481,564
503,549,472,481,476,566
500,551,474,483,477,561
499,551,464,477,486,564
496,546,473,483,478,568
500,547,465,478,491,565
489,547,466,486,487,571
490,549,470,484,488,569
490,538,468,474,487,571
499,537,486,473,487,573
498,539,481,486,485,565
501,520,482,482,493,563
490,543,470,485,498,573
500,531,483,485,497,575
502,533,485,475,502,574
500,531,480,482,498,579
497,529,492,484,495,579
491,515,491,485,510,576
498,518,488,492,507,573
486,521,486,493,509,583
495,520,490,494,503,577
493,521,479,489,513,586
496,509,495,493,515,573
493,517,496,486,503,585
483,512,488,495,511,583
489,504,487,495,507,586
494,511,492,491,509,574
497,511,490,487,490,584
492,514,472,483,494,578
496,513,480,484,478,569
501,504,482,468,478,576
497,511,479,467,468,574
500,518,472,473,459,567
495,512,463,470,464,570
503,503,466,468,461,569
497,512,462,469,461,567
505,519,467,465,448,565
511,504,465,464,458,564
512,514,462,467,449,558
516,513,458,454,461,564
515,511,467,456,449,569
502,514,457,465,455,569
516,513,456,452,457,565
504,513,458,463,458,569
516,515,461,451,455,569
520,513,455,451,460,567
507,514,455,464,459,570
517,514,455,464,458,560
523,519,446,453,466,565
525,509,458,462,457,561
528,518,450,461,462,559
530,518,448,462,466,559
531,519,448,460,462,561
527,530,451,458,460,569
534,529,452,448,465,564
527,525,449,451,474,574
537,529,451,446,474,576
533,537,436,450,481,574
529,529,444,455,477,578
533,541,433,454,481,578
534,541,432,455,480,578
540,539,433,449,484,577
533,543,430,450,484,578
543,525,445,450,485,570
546,531,441,453,484,581
542,533,431,449,486,579
543,527,442,457,481,574
534,525,430,457,481,580
546,524,442,456,483,573
545,524,442,454,483,574
534,526,435,456,485,586
543,532,446,447,477,585
536,531,436,443,494,581
539,530,442,456,477,578
534,527,439,452,488,586
544,528,437,440,492,582
542,535,435,452,487,585
549,519,445,435,484,582
545,517,441,450,476,571
546,518,440,451,476,571
549,517,447,447,487,572
550,515,450,446,483,572
542,517,451,446,484,575
537,533,439,452,482,573
539,523,451,448,482,572
550,523,457,437,476,572
550,516,451,448,474,561
538,522,446,449,472,569
550,518,461,436,473,567
549,515,450,441,476,564
550,511,461,443,465,566
545,501,458,449,474,566
551,503,464,448,476,556
552,509,463,439,471,564
550,496,457,450,475,563
550,506,460,454,473,553
551,496,460,440,469,560
542,491,449,451,475,563
545,474,455,452,475,563
542,485,443,446,477,558
549,481,459,454,465,554
557,469,459,442,466,560
558,474,458,441,475,561
555,476,456,437,476,559
548,471,443,451,475,562
547,475,445,443,476,559
555,476,452,446,479,555
556,475,453,452,466,557
554,475,453,452,466,551
559,460,455,448,476,556
550,461,453,450,475,556
557,480,455,448,465,554
552,477,449,442,479,552
551,480,447,445,478,552
558,476,459,438,478,554
555,479,455,442,476,551
555,477,457,449,466,555
560,468,461,451,480,549
556,482,459,450,470,545
552,485,456,456,470,544
555,482,459,451,465,554
556,485,455,450,464,553
551,474,458,452,476,551
540,483,448,456,471,554
550,477,460,452,473,551
549,491,460,445,472,551
550,493,460,445,469,551
547,495,460,447,467,551
545,497,460,455,461,542
539,484,459,456,472,550
544,494,463,453,474,544
541,501,464,448,465,550
535,506,461,461,465,550
526,501,451,457,472,545
535,509,464,458,459,552
531,498,459,462,470,555
532,504,460,463,457,543
527,512,453,462,472,544
521,507,452,463,470,555
521,510,453,464,471,555
530,513,469,452,472,555
523,513,457,457,476,553
517,518,450,466,470,558
520,519,470,459,465,560
525,497,466,464,472,560
524,519,467,463,474,556
518,521,455,468,476,566
527,518,463,458,481,566
529,520,462,456,479,568
527,516,469,471,476,563
524,519,473,469,469,573
517,528,460,474,480,578
524,527,471,459,477,577
529,525,469,459,484,576
530,515,472,471,481,569
520,522,474,471,485,579
529,525,477,460,479,573
527,526,465,471,485,581
523,528,475,461,486,583
519,531,459,471,486,582
523,514,476,475,489,577
525,528,478,462,488,582
523,526,478,465,487,582
518,524,473,478,481,576
524,522,475,478,491,575
520,516,477,474,493,577
517,528,474,480,484,581
507,532,472,480,491,588
519,511,476,478,496,581
515,529,475,482,488,582
508,532,464,481,497,590
512,527,480,471,489,591
508,532,481,480,491,592
508,528,478,486,496,592
507,526,490,479,503,594
509,514,482,494,509,587
509,514,484,486,511,593
510,513,489,488,519,595
506,516,484,505,511,592
496,515,477,506,520,599
501,513,478,501,526,599
505,515,489,508,518,600
500,502,484,507,525,595
503,514,496,499,521,597
501,513,494,501,522,596
492,518,485,507,529,592
492,519,481,506,525,600
500,502,490,503,526,591
501,515,490,507,517,599
495,521,486,503,522,594
500,506,486,502,520,594
504,519,477,498,518,597
503,511,478,499,508,594
502,511,479,490,494,585
507,512,488,489,498,585
511,523,480,491,480,578
506,524,481,489,480,575
516,521,474,476,487,579
514,526,482,481,471,580
514,526,477,484,471,573
516,528,480,474,468,579
523,513,478,477,481,570
513,531,462,476,474,579
521,532,473,470,465,577
523,526,473,459,473,578
528,527,465,455,464,578
522,531,466,466,464,575
511,527,464,467,476,580
525,531,461,467,467,574
530,518,465,466,482,571
526,531,460,468,470,579
530,519,463,466,479,577
530,531,454,455,484,575
530,522,464,462,485,570
532,533,463,467,472,575
535,533,459,454,483,579
528,524,464,461,489,574
531,523,464,463,489,573
535,537,463,457,482,582
536,541,464,457,478,581
535,540,461,468,478,578
535,525,459,456,490,584
538,534,460,467,490,574
529,531,462,456,493,583
535,542,460,468,482,582
532,532,459,470,493,580
537,539,459,455,496,585
536,527,462,465,500,580
539,527,461,467,501,588
542,528,457,465,498,592
535,544,445,462,497,591
538,544,445,463,500,590
545,536,455,466,499,582
545,535,455,453,501,590
538,533,454,458,501,587
542,537,453,453,498,590
540,541,443,462,499,591
543,542,460,458,489,590
547,540,460,452,500,591
538,532,458,468,500,588
542,542,454,466,489,583
542,545,454,465,488,584
546,531,455,460,500,579
542,541,444,457,495,588
544,543,461,454,489,588
541,547,443,453,497,584
546,541,454,451,496,584
535,548,445,463,495,583
543,547,448,462,489,583
543,542,453,452,493,583
546,531,458,461,492,573
536,546,449,461,493,582
533,547,461,462,479,582
539,542,454,455,492,578
547,535,461,465,489,573
541,532,462,464,494,575
533,551,463,464,480,582
536,549,450,462,487,585
540,538,461,466,488,573
529,544,458,468,488,584
531,532,466,464,491,581
527,552,451,466,487,583
532,548,465,457,479,578
534,550,469,455,479,583
539,533,464,471,483,574
531,547,465,466,479,580
531,535,470,464,490,576
525,550,456,471,487,584
525,542,462,470,486,584
534,549,468,467,477,582
525,545,463,468,489,582
523,548,455,472,487,584
535,547,469,457,484,581
533,541,464,471,481,573
524,537,467,469,486,582
535,545,458,462,491,578
525,551,453,472,485,579
531,546,459,465,484,576
534,544,470,459,477,580
530,545,460,459,481,577
533,539,466,470,474,567
532,536,468,467,476,570
525,537,471,460,475,577
521,556,457,469,472,581
527,555,472,463,464,582
516,549,467,469,474,582
529,543,469,466,476,573
519,560,456,468,475,582
526,557,463,457,477,581
529,544,469,470,474,573
511,548,468,461,473,572
517,550,467,474,468,573
515,550,475,459,474,583
502,554,456,472,464,579
513,537,472,471,485,572
517,547,473,461,480,579
514,546,473,467,477,581
503,549,456,476,486,578
499,551,472,467,488,581
489,547,465,482,487,586
501,537,474,478,493,581
493,552,460,483,489,588
494,552,465,483,489,587
502,547,462,478,493,585
502,551,467,484,481,583
495,549,459,483,492,587
501,537,472,485,493,579
499,546,470,487,490,579
503,542,474,487,493,582
488,550,464,488,496,590
502,542,467,478,506,588
488,543,469,490,497,593
490,549,463,487,497,591
487,548,478,486,499,591
500,542,468,476,502,589
493,536,477,487,500,593
491,547,465,490,499,593
497,534,477,489,496,583
498,547,477,491,485,589
501,547,479,483,484,584
503,528,479,487,484,583
495,545,465,490,472,593
505,528,478,483,473,586
503,538,480,474,468,587
508,533,474,487,461,581
509,535,473,485,463,585
511,541,467,471,464,583
500,544,464,485,458,583
509,535,471,483,448,578
509,540,471,483,452,578
501,536,472,480,462,587
512,537,476,468,466,584
501,543,463,480,463,585
511,538,473,482,457,576
506,544,461,478,465,583
511,529,473,478,468,575
508,528,475,476,468,577
513,540,469,467,469,582
513,527,469,477,472,577
503,544,459,480,465,583
515,536,473,474,453,584
506,532,476,477,468,583
517,529,473,477,470,575
514,529,476,476,471,578
509,541,472,482,458,579
514,542,472,481,460,580
513,547,475,471,457,585
518,530,473,475,472,575
518,537,472,479,468,576
514,543,472,471,458,585
514,545,474,469,460,585
514,542,459,471,471,582
515,528,472,474,470,576
514,544,467,479,463,576
513,543,472,468,460,585
518,540,466,474,464,574
511,539,463,474,468,585
522,531,466,471,472,574
521,534,466,472,468,574
522,542,464,473,466,576
514,531,461,466,470,584
526,546,465,459,472,581
526,537,455,469,466,581
531,545,458,451,476,579
530,542,452,457,480,577
529,530,458,465,485,575
536,545,457,459,479,583
531,548,451,471,489,576
526,540,450,467,491,588
539,533,445,457,492,584
540,544,438,463,494,586
537,541,446,468,484,586
533,541,449,460,489,590
537,538,445,466,485,586
543,530,439,453,496,587
541,527,439,452,497,586
542,526,443,464,484,585
544,527,433,455,496,588
546,520,443,459,490,581
550,510,445,455,497,583
543,510,435,459,494,592
545,518,430,454,494,590
542,518,429,452,495,586
552,505,446,447,485,593
551,507,444,453,498,588
545,502,438,456,493,592
542,514,432,456,493,593
541,510,430,452,496,590
554,473,445,451,498,590
552,488,440,453,497,581
549,483,445,444,490,591
555,489,444,442,490,592
550,491,438,443,497,590
554,489,441,441,484,593
549,478,438,457,493,593
554,490,445,443,490,592
549,494,439,457,487,585
551,494,441,454,495,583
544,497,436,446,496,590
554,495,446,446,490,591
552,488,444,456,495,586
545,491,438,461,491,593
552,487,446,459,492,588
546,491,445,462,492,580
550,503,449,458,482,592
539,512,438,456,481,586
542,497,449,461,494,590
544,513,448,466,481,585
531,515,439,465,490,590
545,502,451,465,491,589
541,516,447,468,482,583
542,502,451,464,491,587
534,519,436,464,487,589
541,516,454,460,482,592
543,506,453,455,492,587
533,520,452,468,479,586
543,507,457,465,492,584
541,518,455,458,485,590
528,515,438,465,488,586
540,510,456,459,473,590
527,518,451,469,484,589
539,518,443,462,487,585
535,519,452,456,485,588
531,508,455,468,483,584
534,519,448,462,484,582
532,522,449,462,485,582
515,516,458,468,480,584
531,521,455,459,483,580
517,528,448,470,475,585
514,523,457,472,476,583
523,527,461,462,474,581
519,516,458,474,474,582
516,532,465,466,465,580
508,524,469,473,476,571
500,543,462,478,469,578
504,543,458,480,473,575
510,540,466,467,476,569
501,530,473,478,467,570
504,540,473,484,463,568
500,547,473,483,464,569
488,548,465,485,472,576
498,542,463,485,471,569
497,544,478,489,463,570
500,545,474,480,477,572
492,544,488,478,470,575
500,544,474,475,478,570
494,532,490,489,480,571
500,542,485,479,475,576
486,547,476,493,477,581
486,532,487,492,476,578
495,534,489,495,478,571
496,541,489,483,483,577
493,528,493,491,484,574
493,545,494,490,472,582
492,543,481,490,485,579
489,530,494,493,485,578
484,545,478,494,483,580
495,544,491,492,475,578
484,536,488,498,484,581
496,539,498,485,481,581
494,525,493,493,491,576
497,524,487,496,485,586
498,531,474,485,493,585
486,536,467,496,490,589
496,531,475,484,491,589
490,517,478,493,498,584
495,514,477,492,502,582
494,527,478,488,492,587
494,529,478,494,489,591
486,528,465,499,499,592
499,523,475,486,505,591
485,518,476,495,503,590
497,521,480,484,499,592
494,519,472,498,498,587
498,517,472,484,506,591
495,505,472,496,509,595
494,522,473,492,500,594
494,506,475,495,507,597
499,518,462,490,515,596
497,518,477,494,503,595
497,520,473,501,506,589
499,519,466,492,516,593
489,510,465,500,513,595
495,518,465,493,514,594
492,508,475,501,506,592
489,519,472,497,512,597
487,524,471,498,510,597
499,522,477,484,508,594
500,526,464,490,508,592
492,528,459,495,500,592
498,515,473,490,501,585
496,527,460,493,496,588
495,528,461,495,492,588
500,526,474,486,480,586
503,511,473,489,492,584
495,521,471,492,487,584
499,505,468,486,485,583
489,524,466,489,483,579
502,522,465,477,485,578
504,510,470,486,481,576
506,526,470,479,470,578
507,510,474,482,479,574
505,526,461,481,477,575
502,500,465,486,469,574
509,521,462,481,476,573
509,517,470,473,475,574
501,522,457,482,473,573
506,526,472,484,460,574
499,524,455,480,471,571
507,523,474,474,468,571
497,517,465,484,469,574
500,521,459,485,469,572
511,520,458,474,473,566
512,517,470,470,470,568
506,522,472,485,457,569
499,514,468,482,465,569
507,511,473,476,452,567
506,519,460,477,465,563
505,523,473,479,452,564
505,516,473,476,450,564
506,522,461,476,466,560
510,509,471,478,463,554
504,524,476,478,455,564
496,513,467,483,464,564
505,520,467,484,456,557
499,525,461,479,462,563
491,521,467,483,462,563
506,524,474,481,454,560
502,510,469,483,461,564
497,524,467,484,461,561
505,521,470,469,467,561
498,526,460,482,461,562
502,516,475,478,464,559
507,523,464,480,467,553
509,523,476,468,464,562
508,529,472,476,453,565
499,521,473,477,465,562
509,508,472,477,464,557
511,512,470,477,463,568
508,524,472,467,459,565
511,526,467,479,456,560
512,524,463,467,466,563
500,522,464,476,464,568
511,525,466,466,466,566
513,525,458,469,466,565
510,526,469,467,457,568
508,527,463,476,456,563
508,513,467,472,466,565
511,517,465,472,465,558
510,531,463,473,453,567
508,533,461,474,451,567
513,518,462,473,465,561
513,520,464,471,465,561
509,535,460,478,451,570
511,529,458,476,460,562
513,520,459,471,462,569
501,526,458,473,463,571
506,534,459,470,453,573
507,537,457,477,466,571
512,534,458,459,460,571
512,522,460,473,467,564
502,533,448,475,463,577
513,522,459,472,470,566
501,532,452,470,463,576
504,539,446,472,463,576
501,532,453,473,463,580
513,537,445,467,467,573
512,537,446,471,467,576
513,534,459,461,463,576
503,536,453,472,465,577
513,524,454,465,455,577
509,535,455,475,455,572
514,522,460,472,467,567
512,536,459,466,460,578
512,529,444,467,464,576
514,534,448,468,467,576
513,527,457,475,463,568
508,526,459,472,467,577
504,527,449,474,461,575
507,537,445,473,464,578
513,541,461,471,457,578
512,542,458,473,456,578
515,539,460,466,457,579
512,525,461,472,467,573
513,536,457,475,457,573
512,538,459,472,455,577
517,524,459,473,468,569
514,534,450,468,468,575
512,532,456,476,460,571
507,531,458,472,466,581
511,527,462,469,467,575
519,533,448,469,469,574
517,536,459,475,456,576
516,534,459,463,466,580
517,525,457,473,460,575
509,533,444,475,469,580
515,532,443,467,474,577
519,529,440,466,474,580
522,528,454,462,469,583
526,515,448,458,472,578
518,519,450,468,479,585
529,516,448,468,483,573
531,528,438,459,483,582
533,525,441,456,481,584
534,527,441,466,477,582
536,522,442,460,472,582
529,530,432,463,482,586
544,527,436,450,488,584
543,516,443,460,490,578
548,527,441,448,488,587
546,514,442,460,489,591
537,525,430,460,490,591
534,522,443,444,493,587
550,519,437,459,487,585
547,505,439,455,496,590
551,516,440,444,495,592
552,518,436,457,484,586
545,517,423,453,496,590
554,510,437,448,495,582
551,514,437,452,487,594
550,516,436,455,485,590
551,513,435,457,495,594
554,508,438,447,488,594
540,514,433,454,496,596
552,517,437,452,489,595
556,509,443,446,496,598
546,512,427,455,500,595
546,512,429,457,498,598
553,512,439,452,491,597
553,494,434,456,497,597
550,497,435,457,498,599
555,506,441,452,491,597
552,511,438,453,494,591
552,498,437,455,500,598
556,510,441,454,503,587
553,515,442,453,489,595
553,509,444,451,504,589
543,520,430,456,498,594
555,519,439,456,491,591
553,519,428,450,500,597
556,521,437,456,490,592
550,510,437,456,498,599
551,508,435,455,498,600
553,523,442,451,490,596
555,500,441,451,496,597
550,521,430,454,500,596
543,521,429,457,498,599
557,505,443,451,500,590
556,517,433,451,502,595
553,502,441,455,499,600
555,501,446,454,500,594
550,499,437,459,496,600
544,510,431,452,502,594
552,501,444,460,491,591
548,500,443,450,502,595
553,497,448,460,487,595
554,474,447,459,497,594
552,491,451,459,488,598
555,489,455,460,500,589
543,496,447,453,501,592
552,493,457,454,491,597
551,486,457,468,497,596
553,493,461,455,492,596
547,498,457,468,484,590
544,496,458,467,484,589
540,495,455,457,498,594
541,492,454,459,497,591
541,490,459,469,489,586
538,489,452,459,496,590
533,482,448,469,490,594
543,484,462,470,496,583
534,484,451,463,494,586
546,465,465,470,494,584
540,479,460,471,487,582
546,476,465,464,485,589
532,476,449,470,492,588
528,472,451,474,490,590
532,476,449,471,489,586
537,464,457,473,488,587
540,477,460,473,480,579
541,475,466,464,485,586
538,479,461,472,480,581
539,480,459,472,488,574
537,465,461,471,491,586
538,483,452,465,493,582
543,478,466,466,480,585
537,472,455,474,487,585
530,475,451,475,488,584
535,474,453,473,486,583
530,484,451,472,488,579
540,485,462,472,483,571
529,484,452,466,489,579
527,469,457,473,486,577
539,481,462,472,489,568
527,485,452,467,488,576
534,480,460,460,487,575
534,466,468,469,488,573
533,478,460,474,474,567
538,461,464,468,485,568
540,475,466,459,480,571
529,465,454,460,481,564
523,471,446,467,481,567
532,462,465,469,483,561
529,472,458,472,475,557
518,467,449,467,479,563
529,468,464,461,466,562
519,452,455,470,473,561
513,466,450,471,472,558
521,465,456,472,462,546
512,473,450,462,472,555
518,474,461,470,469,548
516,473,460,471,467,546
518,466,464,468,470,546
520,459,464,467,469,550
516,476,460,472,459,546
507,473,450,466,468,550
515,474,463,466,454,548
513,478,462,458,464,545
497,477,450,469,464,548
510,468,466,469,465,548
511,484,463,458,465,547
506,487,464,472,455,541
501,490,456,465,467,544
511,482,467,468,469,539
506,486,465,469,468,538
498,492,453,470,466,545
508,481,464,466,455,546
489,486,453,475,463,548
506,488,470,464,458,550
494,487,456,474,464,547
504,479,469,469,457,548
503,489,472,463,464,548
502,492,468,476,458,548
494,490,458,474,468,550
504,483,473,474,473,548
489,492,465,469,475,554
495,481,468,483,474,563
497,491,474,471,482,560
494,494,471,469,483,563
497,474,478,483,483,571
497,473,477,484,486,571
491,488,468,482,490,573
491,472,471,487,489,578
496,480,479,492,483,571
499,474,481,487,486,579
498,475,485,492,494,574
488,470,476,493,500,584
489,461,480,496,499,587
504,466,494,483,501,588
502,470,491,493,494,587
491,467,481,497,505,589
500,470,496,495,497,590
490,473,487,496,511,589
500,458,503,497,512,582
495,464,491,506,510,594
506,473,502,490,509,595
496,462,496,506,510,597
504,469,504,495,509,595
503,471,502,507,500,593
499,464,495,505,509,597
504,473,499,491,512,593
500,458,501,502,512,588
503,470,500,503,512,587
495,477,492,496,513,597
495,472,485,498,511,594
502,469,494,497,498,590
505,469,496,493,509,587
506,472,493,487,496,596
505,462,493,492,499,591
499,480,482,483,501,590
493,476,476,490,497,590
503,477,483,494,483,585
506,461,484,489,490,583
493,476,467,485,484,578
503,464,475,484,483,581
498,478,472,475,484,574
497,463,470,483,476,576
504,480,473,468,471,568
496,477,460,474,472,570
505,469,465,476,468,568
498,480,458,474,466,567
505,488,467,478,459,557
498,482,458,476,463,565
510,487,473,464,459,565
498,493,455,470,463,562
506,497,462,471,460,553
512,490,467,466,452,564
509,495,466,469,464,550
508,502,465,474,449,558
498,501,452,463,461,553
500,508,450,472,457,557
504,513,465,459,455,554
508,511,462,469,461,546
508,515,460,460,459,551
508,520,464,461,451,550
512,518,458,458,458,548
511,519,458,469,457,551
510,518,456,471,449,543
501,525,446,471,456,548
511,521,451,461,461,546
507,525,460,463,449,548
501,523,450,470,457,549
510,526,457,465,448,546
510,527,456,473,447,542
504,525,442,467,457,543
512,524,449,458,462,543
510,522,456,457,462,542
512,524,455,457,459,540
507,529,443,469,457,545
511,512,454,470,458,544
515,512,459,465,462,536
514,514,458,467,459,536
516,524,461,458,460,546
514,523,448,458,457,543
514,525,452,458,463,544
505,529,445,465,460,545
508,523,460,461,455,548
513,529,445,465,462,544
504,530,448,472,459,548
513,528,461,458,457,547
517,527,459,458,463,545
506,518,457,468,461,544
515,527,453,457,465,546
517,521,454,472,459,538
507,530,445,468,460,547
508,527,450,465,463,546
512,528,448,466,462,545
513,526,462,459,458,547
513,519,457,468,451,539
514,525,456,461,461,544
513,529,456,458,460,544
512,532,459,471,446,543
505,518,460,468,461,541
510,531,448,464,461,541
507,513,462,468,460,537
506,523,462,468,461,537
512,530,460,458,457,540
514,523,458,472,453,533
501,533,449,474,456,542
510,531,462,464,449,543
513,532,464,457,456,541
513,522,459,470,455,531
512,517,462,468,461,531
505,532,447,468,458,539
512,530,458,458,462,537
512,522,460,473,460,530
511,529,464,461,452,541
509,530,462,465,451,540
505,509,456,469,454,541
509,528,457,472,453,532
511,527,453,463,463,537
511,527,460,475,455,533
511,525,463,472,452,536
511,527,461,473,456,535
513,519,463,472,462,532
502,529,454,473,460,541
510,522,447,465,462,536
511,530,464,466,452,541
512,528,451,469,464,539
513,519,461,462,459,540
501,527,449,476,463,545
507,512,459,472,467,545
511,528,458,471,462,554
513,526,445,466,473,555
505,529,448,470,474,560
513,527,447,472,480,565
520,525,461,463,477,570
514,527,447,467,486,570
520,532,456,474,476,573
519,516,461,472,493,574
525,532,455,463,495,579
519,524,460,473,499,579
513,542,447,477,498,586
524,543,459,472,490,587
523,523,459,471,501,586
524,543,448,469,507,590
529,545,456,464,507,591
524,554,458,473,496,593
529,543,456,476,505,584
514,552,451,479,506,597
531,553,455,477,499,598
530,551,461,468,503,598
534,540,458,476,512,590
533,554,450,472,514,600
533,539,460,477,515,595
535,548,459,466,513,600
524,542,456,477,513,596
529,537,462,475,519,593
530,545,463,467,512,603
524,543,447,479,516,605
528,540,446,475,516,605
535,525,461,476,520,596
531,541,460,475,507,603
531,540,446,478,516,604
532,540,450,470,519,604
524,540,447,479,515,605
534,537,457,481,508,598
530,532,459,478,514,599
524,534,454,480,514,599
535,536,450,478,515,604
523,542,446,480,513,601
535,537,449,469,518,604
535,529,457,477,511,598
536,516,461,476,515,596
536,523,456,479,512,603
532,522,448,472,520,605
536,520,461,464,512,601
527,513,455,475,515,598
538,519,462,461,516,601
533,522,459,473,502,604
540,519,451,461,516,602
541,519,452,463,516,603
541,507,459,472,516,594
525,524,447,478,512,602
538,523,460,463,512,602
534,526,457,472,502,600
527,528,447,475,510,604
527,520,458,470,511,602
538,513,454,474,511,599
529,523,450,474,503,601
538,525,457,475,493,593
527,519,458,470,501,597
536,526,457,473,489,590
527,531,455,472,493,596
536,526,464,460,486,595
534,529,458,473,481,586
525,528,453,472,481,591
535,532,463,465,477,590
537,528,456,460,487,587
535,532,464,462,476,588
533,526,461,468,467,583
536,530,460,459,479,584
521,529,459,472,475,585
531,534,451,468,478,580
530,534,467,468,465,579
520,535,458,476,471,579
527,526,460,480,457,570
531,527,458,468,472,571
521,521,468,474,468,569
522,527,455,475,464,568
523,525,465,475,460,563
516,516,459,480,456,564
523,511,470,481,450,561
522,501,473,476,461,555
516,496,470,480,456,559
520,513,474,475,447,559
520,510,466,467,456,555
525,501,474,478,455,547
513,499,461,479,451,556
527,496,477,469,453,556
523,496,476,469,454,555
523,495,472,483,449,552
524,493,471,484,447,551
523,483,477,481,444,552
515,488,465,472,458,551
511,481,462,481,454,552
524,480,475,478,443,548
518,467,471,482,452,551
527,474,480,474,444,550
521,477,479,468,453,546
526,461,477,477,453,543
523,474,474,483,447,535
521,469,476,481,453,534
512,466,464,480,451,542
524,455,478,477,452,538
525,459,478,477,453,533
524,453,475,480,452,533
521,470,476,483,442,536
514,470,467,474,453,537
520,468,476,469,452,537
512,469,463,479,452,539
515,476,468,476,456,537
526,472,477,477,443,540
513,463,466,483,450,541
524,472,477,470,449,539
514,475,469,470,454,538
524,461,478,481,454,539
523,474,474,482,444,538
523,469,478,484,452,538
519,463,469,483,452,542
508,480,462,478,454,540
515,468,469,483,453,542
520,467,470,483,454,542
525,467,478,479,458,535
514,482,467,475,455,537
516,470,465,483,453,542
523,478,477,478,444,543
518,482,471,470,457,539
521,481,472,468,456,541
517,470,470,482,453,545
522,469,476,481,455,543
512,476,471,483,454,548
527,474,479,477,460,543
520,484,478,470,453,547
526,476,478,474,448,549
530,488,474,472,448,549
527,485,468,481,446,548
517,494,463,479,457,551
529,491,477,475,447,551
529,488,478,473,448,554
520,493,467,472,461,551
530,486,479,469,451,558
530,478,473,478,459,556
529,494,474,479,453,555
534,490,476,472,449,560
535,491,476,475,463,552
524,489,474,477,458,555
532,483,473,476,460,566
532,502,472,479,453,557
536,498,477,469,452,571
537,501,477,472,452,574
539,488,477,471,463,568
531,494,461,474,460,573
537,501,476,474,460,563
537,484,474,473,464,573
541,488,473,472,465,570
535,502,473,475,459,565
525,502,461,469,464,574
533,500,470,461,465,574
527,500,463,470,463,575
540,484,475,473,465,575
539,494,477,461,465,577
524,492,462,462,467,577
532,490,455,465,468,577
529,484,454,470,465,579
537,466,459,468,463,582
542,486,462,475,455,575
534,487,461,475,464,570
541,472,467,471,469,574
538,473,456,476,466,581
538,472,458,475,463,582
544,478,465,472,457,580
531,483,453,470,466,576
529,480,455,473,467,579
536,482,469,464,465,578
534,484,465,466,461,579
536,471,468,474,465,582
542,484,474,472,456,579
531,479,461,477,465,578
538,487,472,476,458,571
542,481,475,473,466,569
539,489,474,477,453,572
530,483,466,472,463,574
542,475,478,474,463,578
545,486,484,462,461,577
539,492,479,477,454,574
544,480,483,471,466,571
542,493,470,465,454,568
536,500,484,461,465,575
538,498,485,475,455,572
532,493,477,475,459,579
542,497,493,461,460,578
531,490,481,473,463,579
528,496,480,472,461,578
531,486,488,473,462,579
534,490,491,471,464,577
540,497,497,460,458,576
530,504,488,463,465,574
537,502,495,470,462,567
540,498,496,470,468,568
539,498,498,466,455,576
533,493,486,472,464,578
536,494,493,456,463,575
531,491,491,472,462,579
540,497,500,459,462,576
536,498,500,458,463,573
538,494,500,469,468,567
536,499,496,472,454,570
540,496,502,465,455,576
536,500,496,471,455,569
535,498,498,456,464,575
537,501,498,457,465,574
535,477,498,466,459,576
526,492,489,473,461,576
537,498,501,459,463,575
535,494,493,458,462,574
528,504,490,464,468,572
540,485,501,468,465,574
539,487,504,466,467,571
538,501,500,473,453,574
536,503,503,463,457,577
530,499,486,472,462,575
525,508,482,466,465,573
532,508,488,460,468,573
535,507,487,462,467,573
539,495,493,468,467,571
536,506,491,457,463,574
539,505,490,461,459,576
537,506,484,474,463,574
532,509,473,463,467,573
539,507,474,461,465,573
532,502,476,462,463,574
539,497,470,461,462,571
525,499,458,473,462,576
533,504,462,457,469,572
537,498,468,473,461,566
541,496,471,463,459,576
537,497,467,470,466,567
527,493,454,472,465,577
535,494,463,473,456,572
528,488,451,472,464,576
535,487,462,474,458,571
530,482,460,472,456,573
541,482,456,470,464,566
543,475,461,467,457,577
539,476,460,460,470,573
540,461,457,470,470,579
546,461,462,468,471,567
541,468,452,457,472,574
546,459,458,467,472,568
540,467,452,470,467,567
537,465,448,471,462,568
545,450,447,467,472,576
534,463,432,463,474,574
544,460,438,456,474,573
544,460,440,469,465,571
547,457,438,471,461,573
550,454,438,464,472,567
537,455,422,467,474,579
549,456,435,467,463,572
539,458,423,467,474,578
550,458,442,455,473,574
539,462,425,463,474,577
553,455,440,465,477,576
551,455,443,464,477,570
548,462,439,466,474,569
547,467,435,468,468,570
541,457,435,469,472,581
547,469,438,469,466,572
552,464,442,465,476,573
543,469,428,462,475,578
552,449,444,461,474,577
539,473,428,460,475,579
545,475,435,456,476,579
551,470,443,466,464,578
550,470,445,460,468,584
537,478,434,463,476,581
540,464,440,473,472,587
535,470,443,475,472,587
534,463,440,476,472,588
538,484,449,473,466,583
537,483,457,470,468,588
534,485,461,471,475,589
519,484,449,482,481,589
518,482,463,480,483,591
518,492,462,477,493,589
520,478,470,488,494,592
513,479,471,490,497,596
514,494,474,494,491,589
514,496,480,494,496,591
512,492,482,496,511,599
508,495,488,502,513,599
501,496,482,495,522,605
496,493,477,503,524,608
505,477,490,506,526,602
496,495,487,505,532,607
497,492,488,513,529,606
509,491,504,515,530,606
511,487,510,507,533,607
507,487,511,514,539,609
508,484,513,527,527,612
502,483,507,515,538,612
500,482,504,522,538,602
508,461,518,526,533,609
508,470,520,531,524,612
512,467,524,519,540,613
507,463,524,531,527,614
501,470,513,534,539,603
504,448,518,526,541,604
511,455,527,533,529,613
512,461,512,534,527,613
509,471,520,526,531,609
509,465,526,520,537,615
500,471,512,524,531,613
509,456,517,523,534,606
512,466,524,524,520,616
516,461,522,520,519,612
515,459,522,516,512,607
512,479,515,517,511,610
517,467,517,511,507,595
514,474,512,507,496,596
514,478,507,502,494,586
520,460,509,494,492,583
505,473,491,491,486,575
522,473,504,480,478,568
522,463,500,483,483,563
519,472,492,482,483,555
520,480,497,470,477,561
524,478,489,469,475,559
513,479,477,479,474,562
528,476,487,471,476,553
529,477,489,472,460,560
524,486,482,464,463,561
525,484,483,474,472,552
513,486,468,473,470,559
526,489,479,476,459,554
527,486,479,475,458,556
523,488,479,459,470,558
526,486,479,471,458,557
516,492,465,466,468,555
524,490,475,473,455,555
525,487,476,469,467,547
530,479,479,468,466,551
523,496,471,470,459,544
527,495,468,457,464,555
523,483,466,469,463,557
526,495,467,467,460,545
521,499,467,456,461,553
523,501,462,471,449,547
521,505,461,470,448,549
521,509,462,469,459,543
518,499,459,470,456,558
523,512,463,468,447,555
513,517,453,471,455,553
517,515,452,469,461,553
522,519,455,465,460,550
521,518,464,472,448,545
519,523,468,470,448,550
507,524,457,471,455,552
521,526,470,468,448,552
511,514,466,472,457,551
520,526,466,474,449,545
516,527,460,470,461,551
524,522,468,461,461,550
516,531,456,473,460,554
525,524,470,462,459,553
524,524,470,461,459,554
515,516,463,472,464,556
522,524,452,469,468,552
524,522,468,466,458,556
521,523,451,469,468,555
527,516,462,472,463,550
524,517,451,467,473,555
527,502,455,471,472,560
524,517,448,468,475,560
524,506,448,470,474,560
536,500,462,465,477,559
537,512,461,453,476,561
529,510,444,464,479,562
540,502,455,465,482,559
529,509,444,468,481,565
544,511,456,463,485,555
538,506,446,464,482,567
535,514,441,460,478,571
542,520,439,461,485,575
544,517,456,450,479,579
534,516,447,463,485,580
546,514,440,455,487,579
550,506,452,459,491,576
549,502,450,458,489,579
532,515,441,465,485,585
543,513,448,464,479,577
536,510,437,460,487,585
541,503,443,464,485,585
543,493,443,466,484,585
548,503,454,460,491,578
549,507,454,454,478,588
546,511,447,451,490,586
547,511,449,464,484,578
540,506,440,460,488,587
549,494,455,462,489,587
551,508,454,463,478,586
551,498,455,456,474,589
547,509,454,465,474,583
540,502,453,452,482,587
543,510,448,455,486,584
545,508,457,464,476,573
547,506,461,464,469,582
546,495,461,465,480,578
548,504,464,463,479,569
533,509,449,463,478,576
534,509,453,459,478,576
542,502,464,463,477,568
542,494,466,465,478,573
539,504,465,468,476,567
535,509,462,457,475,572
539,508,463,474,462,572
533,507,465,471,462,573
533,509,462,474,462,565
533,507,465,471,473,564
531,496,468,472,472,563
525,506,465,466,469,568
512,507,457,472,468,567
514,499,457,478,465,569
509,508,459,476,467,566
518,493,473,479,470,567
515,507,473,480,460,568
510,508,474,481,461,568
499,509,465,483,473,570
512,509,476,476,475,572
504,503,482,488,466,576
509,504,481,474,480,575
504,502,483,479,485,576
503,503,482,495,478,574
506,499,485,494,488,571
503,498,492,483,493,581
494,499,483,488,500,582
498,499,489,500,495,578
496,500,492,501,501,577
496,498,492,505,497,582
487,501,483,497,512,586
484,494,484,505,510,592
499,495,500,501,505,593
491,488,493,509,514,588
496,493,500,506,519,583
488,489,488,512,513,591
485,493,489,512,518,586
496,489,501,504,521,583
492,483,499,510,517,586
497,491,503,507,522,584
486,486,493,513,520,584
484,491,488,511,517,589
485,498,491,506,521,594
495,489,502,499,516,589
497,483,500,498,518,589
496,485,506,505,507,593
485,490,489,512,517,593
483,491,489,507,517,592
493,491,499,496,517,588
496,487,503,506,506,589
496,489,502,501,503,587
491,493,492,498,507,581
484,485,486,511,499,584
496,492,496,503,486,581
485,488,483,508,490,580
497,495,491,491,489,576
501,482,493,498,486,576
490,494,481,500,481,577
503,490,492,494,480,572
501,509,486,495,471,570
491,506,474,493,472,580
499,511,483,479,474,580
493,514,478,492,470,583
493,508,469,488,471,581
508,501,484,487,470,581
511,509,486,485,472,575
511,513,476,477,471,581
507,512,483,483,471,573
500,521,470,484,465,581
495,516,475,484,466,585
510,505,478,482,468,581
501,521,464,484,466,581
507,519,481,470,462,581
508,517,473,471,467,580
510,523,476,484,454,580
501,526,465,483,460,582
511,507,475,479,462,583
511,523,478,473,451,580
513,520,474,478,461,578
503,526,460,479,457,577
514,516,474,476,457,567
512,503,474,475,457,580
502,525,461,478,457,578
513,520,466,466,459,574
512,511,473,474,455,579
502,519,470,477,453,577
511,523,478,465,449,577
509,528,474,474,443,570
503,519,470,470,455,572
511,523,475,463,451,573
511,519,473,468,447,573
506,525,469,476,445,566
512,529,474,464,443,574
511,525,473,464,449,572
507,529,470,474,442,569
502,515,468,472,457,574
503,530,458,475,453,573
514,521,468,458,453,572
513,522,467,472,453,563
510,531,471,467,444,573
510,535,469,475,444,570
505,524,469,470,456,573
515,530,476,462,454,573
513,530,472,463,451,574
508,531,473,461,455,574
512,518,471,469,459,566
503,528,454,472,452,574
512,521,471,469,455,564
503,533,457,473,455,573
502,530,463,473,455,576
515,532,466,461,460,573
513,532,473,462,454,575
501,536,460,474,457,576
510,534,470,469,450,575
512,520,470,473,458,565
509,519,467,472,462,572
512,521,469,472,459,567
512,529,465,475,454,570
511,534,472,469,451,577
506,534,457,475,461,576
512,529,468,477,461,568
512,532,468,476,455,571
509,535,468,472,451,574
509,523,471,475,465,576
516,522,466,473,464,563
507,533,472,471,455,578
503,533,465,478,461,579
508,523,473,473,465,576
512,519,473,473,467,570
511,536,473,469,454,578
513,523,475,465,461,578
501,530,465,479,464,579
513,517,471,477,464,568
512,518,474,475,469,571
509,524,470,475,453,577
506,535,458,478,463,579
498,532,463,479,461,579
514,528,468,467,468,574
510,532,471,478,455,574
513,525,471,478,463,570
508,531,459,475,467,576
511,536,478,467,462,578
513,533,474,470,457,579
507,533,471,476,455,578
514,531,470,465,468,577
510,517,475,475,469,571
505,535,460,480,464,578
507,523,471,476,468,577
511,534,459,476,469,576
502,532,465,480,464,580
514,531,464,471,468,576
515,530,475,470,465,574
513,511,469,478,463,577
511,531,476,476,456,579
505,534,463,481,467,579
512,535,475,484,456,574
512,531,478,473,456,581
515,529,465,476,470,575
505,530,463,483,465,580
515,524,480,471,465,579
510,530,475,483,458,573
506,521,467,482,464,579
511,527,478,481,456,578
514,524,466,483,470,576
513,526,479,485,460,578
512,509,477,486,469,578
509,505,476,489,471,580
515,504,482,483,473,573
515,503,481,484,476,573
515,511,481,484,466,577
503,506,468,489,474,579
500,507,464,489,477,577
504,502,466,493,476,577
513,489,483,490,482,573
501,504,469,488,482,574
501,493,467,493,479,576
514,500,481,482,478,575
510,496,479,492,486,564
513,496,484,483,478,575
510,494,480,492,486,564
510,496,481,492,472,572
505,487,474,493,483,572
505,481,482,493,487,571
506,493,477,489,490,568
505,491,480,493,488,558
508,490,479,492,479,565
504,478,475,494,489,567
506,492,482,490,480,563
501,479,475,494,490,562
505,497,478,498,482,557
504,495,477,496,486,553
509,492,481,493,480,561
496,493,467,492,491,560
505,495,481,496,480,559
505,498,477,497,486,552
503,484,476,496,490,562
508,491,481,491,480,562
507,495,481,493,482,562
500,500,477,483,494,561
496,495,467,493,491,561
509,500,478,497,488,554
509,497,483,487,481,563
503,502,472,484,491,561
506,503,478,498,478,560
510,486,480,494,487,565
504,488,475,494,485,565
508,488,476,494,486,568
505,506,476,481,488,563
511,493,483,491,484,562
509,506,479,493,472,563
513,499,483,488,484,561
500,501,467,491,480,569
505,509,477,493,471,563
505,497,474,491,474,572
508,496,476,486,477,570
503,502,470,492,476,570
513,507,476,484,481,557
512,511,479,486,466,568
514,510,482,476,472,571
512,508,481,487,481,563
505,506,468,485,472,573
513,513,479,479,469,570
515,515,473,478,480,568
511,521,478,491,469,565
512,522,481,486,469,573
510,520,467,484,478,569
511,520,483,483,469,573
514,519,471,484,482,572
511,521,470,488,479,572
506,510,477,490,479,576
516,515,480,478,479,572
514,520,470,484,482,571
517,513,481,492,477,563
507,516,481,489,482,573
517,517,489,477,477,574
519,518,479,480,484,573
507,518,479,491,479,572
506,520,483,491,482,575
516,513,483,490,479,564
508,518,481,489,482,576
517,510,485,487,483,575
509,519,473,491,480,573
517,519,482,479,483,573
511,522,472,485,483,573
517,519,484,478,479,575
504,522,479,491,480,575
511,526,473,490,482,573
519,519,485,477,484,570
502,517,481,491,480,575
502,523,474,493,481,576
515,527,485,486,471,575
516,522,487,481,478,575
515,523,487,482,477,573
513,524,485,488,471,575
516,522,486,483,475,574
509,523,471,491,481,573
511,511,479,490,480,577
515,523,472,487,482,575
517,520,482,493,473,565
512,523,472,488,481,573
509,512,486,488,483,571
517,509,487,489,482,569
520,519,482,475,482,573
515,522,481,491,472,569
518,522,476,479,481,572
521,518,480,475,478,572
515,523,469,476,480,572
523,520,478,469,480,571
522,515,479,484,478,564
516,522,481,481,468,575
515,519,465,478,479,573
521,502,482,481,479,575
511,516,470,484,477,577
519,509,471,470,475,570
521,512,478,475,472,576
512,510,467,474,480,571
522,510,474,477,466,572
524,512,470,467,477,572
520,513,474,479,465,572
516,515,462,481,476,574
523,510,475,473,467,574
527,509,476,472,469,575
523,503,478,471,474,573
523,497,473,479,477,573
513,512,463,480,476,572
519,515,462,478,475,571
521,515,474,472,467,570
519,512,472,470,480,569
513,504,463,482,477,572
524,507,477,476,467,571
521,505,475,481,480,560
518,489,475,482,480,571
514,491,467,485,476,569
523,485,480,481,480,565
516,482,475,485,479,567
509,484,471,487,478,566
519,481,475,484,481,566
517,488,477,483,470,563
519,472,480,483,483,557
507,487,465,481,481,559
518,477,480,482,484,552
509,474,468,488,478,562
515,471,473,487,480,561
507,486,466,483,482,559
509,477,467,487,480,561
517,485,478,486,482,551
508,479,466,488,480,561
515,486,476,490,472,555
519,472,480,484,484,554
518,483,479,485,484,551
513,490,474,475,486,558
516,480,476,470,478,561
515,475,474,487,481,563
519,487,475,484,471,559
509,488,463,488,483,560
520,479,481,484,485,557
521,489,479,474,480,563
518,493,481,474,482,560
516,494,473,474,484,561
520,480,480,485,482,558
520,493,478,482,473,564
521,482,480,484,484,556
516,496,478,474,483,562
520,487,480,484,487,556
512,487,472,489,482,564
521,486,480,480,485,556
521,492,481,478,476,564
511,488,471,488,481,564
519,492,472,485,468,558
518,499,476,491,473,563
510,493,465,488,480,564
519,499,476,488,473,559
520,495,479,483,481,553
516,487,471,488,482,566
523,490,481,483,483,560
516,484,472,486,482,565
520,501,477,485,472,562
509,504,463,484,483,563
519,506,475,487,474,558
522,486,479,483,483,559
522,503,476,483,473,562
512,495,467,486,481,566
515,499,478,472,480,565
509,494,465,485,482,564
524,489,481,482,484,561
512,502,466,479,483,563
515,498,472,474,481,563
521,483,479,483,480,563
523,492,479,483,482,556
515,496,476,484,467,565
513,485,473,485,476,566
506,496,466,481,480,563
523,489,482,477,468,566
518,477,477,484,475,563
519,489,479,484,474,556
522,488,482,475,471,565
515,491,479,489,464,563
510,487,477,483,463,563
521,490,478,478,463,562
520,485,479,483,478,556
518,489,477,487,462,560
521,475,479,484,476,561
517,489,474,473,476,561
520,486,476,485,475,553
511,480,464,486,473,564
521,486,478,483,466,562
517,488,473,486,471,564
521,484,480,473,471,562
518,489,472,474,476,558
519,488,477,485,477,552
522,485,480,474,471,561
524,488,480,473,472,561
508,490,466,484,475,563
510,483,466,488,475,562
517,493,475,487,466,558
520,489,479,482,466,564
519,495,475,482,477,552
517,494,477,473,477,562
514,481,472,488,475,566
508,497,464,483,478,561
524,498,480,475,477,561
520,500,473,472,478,562
518,498,481,478,469,564
519,503,476,486,478,557
511,503,463,486,478,566
519,494,476,484,480,567
525,503,481,473,476,568
523,511,475,487,472,563
526,506,478,481,472,571
516,506,465,485,481,573
524,509,474,486,474,570
521,510,470,471,487,570
529,507,479,480,472,576
532,498,480,481,487,571
532,511,477,481,474,575
534,499,479,480,486,571
524,506,477,480,488,570
536,497,480,479,488,575
537,508,480,469,482,580
539,496,477,477,489,579
541,490,473,473,489,580
542,498,476,474,492,579
539,500,471,476,492,583
541,512,474,472,492,571
545,501,475,473,491,581
536,502,463,475,490,584
537,504,471,474,491,586
544,516,477,468,484,583
546,514,476,469,498,576
549,511,476,461,489,583
538,507,464,475,493,583
548,511,474,471,493,574
538,511,467,463,497,581
548,494,478,468,495,584
540,505,468,463,498,581
544,511,475,457,496,584
550,508,482,463,487,586
548,499,483,466,499,581
550,503,479,466,498,577
549,497,482,465,498,584
545,512,478,468,484,580
545,504,476,467,485,574
543,513,483,462,481,583
548,511,476,448,492,581
