=~=~=~=~=~=~=~=~=~=~=~= PuTTY log 2023.11.03 01:06:55 =~=~=~=~=~=~=~=~=~=~=~=
502,685,503,466,540,581
500,686,505,455,545,581
506,679,502,451,554,580
493,687,492,463,550,584
503,687,501,467,542,585
504,677,503,463,549,581
506,676,501,464,548,582
504,681,503,455,548,581
492,680,503,460,552,577
490,686,491,465,546,582
502,686,502,463,544,585
501,680,503,453,550,583
504,669,502,462,556,579
503,678,508,453,550,583
502,681,503,466,540,584
493,684,494,458,553,575
502,671,505,462,554,578
485,687,496,466,550,581
485,689,498,464,550,579
503,670,504,465,549,581
498,689,490,463,551,585
500,685,506,458,543,582
503,680,502,453,551,583
497,674,503,464,551,579
501,680,503,466,544,585
504,681,505,452,553,584
487,684,493,466,548,583
502,681,502,451,553,584
501,685,491,462,549,585
492,665,507,462,555,575
500,682,501,464,546,583
493,685,493,466,550,581
494,669,507,460,556,574
492,682,496,466,552,577
492,681,498,465,551,575
503,683,502,466,545,586
503,670,505,462,556,576
504,681,500,464,545,585
504,686,506,451,549,583
503,671,505,448,540,581
504,682,501,453,553,583
505,680,498,455,555,583
507,670,504,461,552,578
499,669,506,461,554,574
504,670,502,465,549,581
497,675,504,463,553,573
497,659,500,464,548,573
499,684,489,465,551,585
507,661,503,466,549,581
500,686,505,455,543,583
501,687,504,462,543,583
506,670,505,463,552,582
503,682,500,466,543,585
507,660,500,462,549,581
503,682,504,469,540,586
502,683,502,466,541,586
501,688,507,460,543,584
504,678,497,467,542,584
496,683,507,465,540,585
503,682,506,445,549,583
493,688,495,468,551,582
497,675,507,465,553,574
493,683,502,468,550,579
504,678,503,469,543,583
501,672,508,463,552,583
507,682,499,457,552,583
500,685,487,465,551,585
503,682,502,467,540,584
493,683,488,469,547,585
504,683,503,457,543,584
500,671,500,468,549,578
506,682,502,457,545,582
503,687,500,464,540,584
497,677,497,463,553,574
508,682,490,457,552,584
505,682,485,462,555,585
494,675,496,463,553,581
498,680,493,454,550,580
502,671,495,466,550,578
502,680,493,467,545,583
500,669,501,462,553,575
500,675,500,464,553,575
506,685,496,469,545,579
508,683,497,466,544,583
495,672,495,470,546,579
498,677,489,465,552,584
500,692,504,461,544,582
502,692,506,462,543,583
502,689,503,471,541,585
495,691,492,471,547,581
501,690,493,467,551,586
505,686,494,462,553,586
505,684,502,470,542,582
503,693,503,469,540,580
507,675,504,469,547,579
503,688,504,471,543,584
503,683,503,463,548,575
505,687,500,456,553,583
507,692,497,460,549,582
506,679,505,465,551,575
505,686,504,454,546,579
505,690,509,459,537,580
505,684,508,459,542,575
506,680,504,468,541,581
496,692,501,472,540,576
499,691,493,468,543,583
506,685,505,458,540,578
494,694,495,468,536,579
504,695,509,461,531,577
502,692,505,470,528,581
504,688,505,468,528,580
507,684,505,471,528,578
497,689,507,460,528,576
498,677,510,467,536,570
503,687,505,469,524,580
502,693,493,466,533,575
505,689,510,454,531,576
500,683,510,464,535,568
504,691,511,456,525,574
505,686,512,461,531,575
506,685,508,455,529,574
494,691,512,462,520,575
504,678,509,467,526,569
505,678,508,467,528,571
495,691,496,469,526,575
500,675,511,464,528,566
501,694,511,457,519,573
502,686,509,469,519,575
504,676,510,467,531,569
504,682,509,469,524,571
501,675,513,467,525,570
506,685,510,457,530,571
498,690,498,468,531,574
504,685,511,456,529,571
500,691,497,465,527,572
505,687,505,458,531,570
504,689,510,455,527,571
504,685,509,469,518,570
495,682,511,467,527,562
504,685,514,457,530,573
505,683,498,469,525,569
503,690,497,464,527,572
503,689,506,452,531,569
503,693,508,459,519,569
495,682,509,467,527,565
507,688,512,455,529,572
501,686,508,471,515,576
502,692,512,457,529,572
499,676,513,470,524,572
494,682,511,465,530,565
497,693,499,470,526,576
500,690,513,456,526,576
505,688,502,462,532,578
504,677,512,472,525,576
503,679,514,469,531,574
508,679,510,464,529,576
500,695,498,467,530,577
498,667,507,468,527,566
498,678,514,468,534,573
500,693,513,457,533,577
494,680,506,467,526,565
503,689,513,456,530,576
504,689,511,469,523,578
503,677,511,470,532,571
494,682,511,467,534,568
494,688,506,469,534,572
508,688,503,464,536,577
505,678,511,467,534,573
497,691,499,469,532,576
501,684,508,459,539,573
505,674,513,471,531,577
496,685,507,470,537,571
505,686,506,459,538,577
504,690,499,468,537,581
505,676,508,471,536,577
510,679,511,471,532,578
508,684,507,459,541,578
497,687,509,468,538,570
504,676,508,469,534,573
506,689,512,470,539,571
506,686,499,465,540,579
507,687,497,467,533,576
509,687,511,464,529,577
508,692,511,465,529,578
498,689,498,471,538,575
513,687,500,450,544,573
508,688,499,467,541,580
511,690,513,464,535,573
511,670,511,466,538,575
515,684,515,464,542,579
509,687,511,467,530,577
514,677,511,471,536,575
511,685,513,463,541,577
499,670,507,469,539,571
511,683,499,467,540,579
507,672,506,467,541,571
514,685,502,465,542,581
512,674,509,468,538,575
512,687,509,470,532,579
506,685,498,470,537,579
516,681,509,459,543,578
499,688,495,468,540,579
510,684,507,474,535,579
508,671,513,471,544,573
517,687,502,464,543,580
512,662,513,464,526,578
511,686,512,468,530,581
510,685,511,464,533,577
514,682,510,469,533,579
512,684,508,471,532,581
504,692,494,464,541,573
510,672,498,462,533,576
513,687,513,460,542,577
511,685,513,460,543,579
515,680,507,470,537,577
511,685,513,447,540,578
514,679,509,471,537,577
512,686,508,468,532,580
507,691,493,465,539,581
503,681,511,470,545,572
514,669,514,473,535,580
513,669,511,469,540,576
516,666,504,462,547,581
503,681,504,473,542,578
504,683,507,471,542,572
506,680,512,467,545,573
511,683,500,471,542,582
507,681,507,470,542,574
514,673,502,473,532,576
508,680,512,472,543,572
515,679,509,473,532,582
504,685,498,474,540,580
515,686,504,458,545,581
514,681,509,470,539,581
513,676,509,469,540,578
512,681,505,470,533,577
516,670,510,471,544,574
513,681,511,461,542,579
509,687,498,468,541,584
507,684,499,472,540,581
512,685,509,470,532,582
505,671,499,472,534,580
515,684,509,461,544,582
513,685,510,472,533,582
516,683,509,459,547,580
517,684,497,451,549,578
515,681,501,464,547,583
510,657,513,468,545,577
513,679,508,472,534,584
513,674,505,461,549,569
512,687,512,468,533,582
516,686,508,476,534,583
510,674,513,469,549,579
515,680,508,471,535,582
513,677,513,450,535,579
515,680,506,473,541,582
516,679,510,461,547,584
502,675,511,469,546,574
510,681,512,469,544,577
512,684,510,467,538,582
516,673,511,469,544,576
503,687,505,471,546,577
514,674,510,472,532,579
512,671,512,474,538,580
515,682,510,459,548,581
506,674,509,471,546,576
510,674,512,470,540,579
513,687,511,468,534,583
512,685,499,472,544,586
505,689,500,473,543,582
508,679,509,467,545,575
507,672,512,470,545,574
504,665,503,472,543,580
517,685,513,461,549,583
514,680,509,475,537,584
511,672,511,470,547,572
516,678,507,474,541,583
505,677,508,473,543,578
510,680,500,465,548,586
509,688,496,471,545,585
515,683,497,469,543,584
517,683,512,462,546,583
512,689,510,472,536,583
512,688,514,457,545,581
513,690,504,465,538,576
512,669,512,469,543,578
507,678,509,470,546,574
503,683,504,472,544,576
507,677,510,471,546,571
512,691,512,458,546,580
516,672,510,472,541,578
509,688,497,471,542,583
504,687,505,473,545,575
506,689,498,467,545,580
511,691,510,475,535,582
514,687,512,466,533,579
514,670,508,473,542,569
505,690,499,472,543,577
505,686,501,475,542,577
515,669,506,470,537,564
508,685,509,460,542,576
517,682,514,466,547,580
514,692,511,468,534,580
518,688,502,464,548,579
516,677,510,472,545,573
505,677,511,468,546,571
517,677,511,470,546,574
512,673,511,468,545,571
501,686,511,471,545,571
517,686,509,452,541,578
514,688,493,461,547,576
506,692,500,474,546,576
509,688,513,459,542,576
521,683,508,470,545,575
520,683,504,460,549,578
513,688,498,469,545,582
513,692,512,468,537,582
519,671,509,472,548,576
519,674,512,475,537,580
515,691,510,470,535,580
520,658,513,459,545,575
507,675,499,475,543,580
513,685,512,461,547,580
516,687,515,464,538,576
507,687,511,472,534,582
507,683,509,464,548,568
506,686,501,475,545,581
517,686,510,472,539,581
509,690,496,464,545,582
520,672,511,472,551,572
517,685,509,461,546,580
518,684,504,464,548,584
511,686,509,474,538,583
516,677,510,470,549,572
515,681,508,474,539,581
507,684,507,471,548,576
517,678,510,473,543,582
499,683,505,471,546,577
504,693,500,474,545,583
506,692,500,472,544,583
515,680,508,471,541,581
515,672,513,463,549,582
515,683,509,475,540,581
517,689,508,475,537,582
514,685,502,465,549,581
512,679,508,474,545,579
505,689,500,474,544,582
518,674,506,468,544,580
507,673,513,473,542,578
516,683,510,474,541,578
512,689,501,469,548,584
515,680,510,476,537,581
513,684,510,461,549,580
504,688,504,476,545,577
513,689,508,475,536,583
519,674,510,473,547,579
516,671,513,474,538,583
508,689,500,473,543,584
516,684,509,472,538,583
512,673,513,473,545,580
508,679,512,467,547,577
499,681,511,472,548,575
517,674,511,473,547,576
506,684,506,474,542,579
514,687,513,464,547,578
516,670,512,473,542,583
504,685,504,467,546,581
512,685,512,458,547,582
503,690,499,474,544,584
514,685,512,459,544,581
518,683,511,469,540,583
514,686,512,460,548,583
513,686,513,460,546,582
518,684,511,473,537,585
518,684,507,470,537,582
516,688,504,461,549,582
516,686,504,464,548,586
520,679,504,464,546,575
516,676,513,471,541,582
516,681,515,461,549,584
512,688,500,468,549,585
517,687,512,462,551,584
515,685,512,460,550,583
516,683,511,461,547,582
518,674,511,470,545,577
509,678,512,471,548,575
508,678,513,470,548,579
512,688,512,462,540,581
514,673,511,471,546,577
513,689,505,475,537,586
514,687,514,462,546,582
513,683,509,462,549,584
518,673,511,472,543,577
515,673,511,473,553,578
516,675,511,470,552,578
507,690,500,476,546,582
508,691,494,468,547,578
511,676,511,471,551,579
506,686,501,473,544,582
517,679,510,475,542,583
513,689,513,461,548,581
505,668,503,473,540,572
515,674,512,463,541,580
516,687,510,468,539,583
508,681,509,470,547,577
509,692,498,477,547,583
517,683,515,470,549,584
507,681,508,473,547,578
512,686,498,469,547,585
517,685,506,464,549,584
500,679,510,472,548,574
513,688,513,459,547,582
510,677,514,472,541,578
513,693,511,470,539,584
516,681,505,463,551,584
513,685,505,472,527,579
516,683,514,460,551,583
517,684,507,463,550,584
517,688,504,466,549,584
510,686,499,473,546,585
515,683,500,467,551,583
515,687,512,474,540,585
516,681,504,463,539,578
508,685,511,476,539,584
517,670,511,474,547,578
513,686,514,461,551,582
499,682,512,475,547,577
507,689,499,473,537,587
513,687,507,476,541,589
518,683,510,473,543,582
512,690,512,470,538,587
504,686,498,472,546,586
515,685,516,463,552,584
514,686,501,470,550,586
514,692,507,466,539,584
512,688,514,460,547,582
504,682,512,472,550,580
515,671,515,475,546,583
509,677,511,470,548,579
514,684,511,475,540,587
518,683,514,463,550,584
507,689,507,473,547,580
514,672,515,475,542,583
513,689,513,465,543,582
509,679,511,471,552,576
516,684,500,471,547,587
521,678,511,473,543,582
515,688,513,464,550,584
518,682,513,462,548,584
518,682,509,461,549,584
517,674,512,474,541,586
516,681,515,463,548,584
502,689,507,476,546,575
518,684,516,466,550,588
508,684,510,478,538,586
512,687,501,471,550,588
516,689,510,476,537,587
511,690,498,476,545,584
509,678,512,472,548,580
512,690,499,471,547,584
510,673,513,472,549,584
518,673,513,473,541,586
517,680,511,463,549,585
516,684,500,468,546,586
513,686,513,464,550,587
510,673,513,472,545,579
505,684,507,474,548,580
516,684,512,462,544,582
510,691,500,470,550,587
513,686,511,472,537,587
505,685,509,473,550,580
505,683,506,474,547,580
508,679,514,472,546,579
507,691,501,468,545,585
515,687,509,474,541,586
518,684,511,461,545,584
517,684,507,461,552,586
506,687,513,464,545,585
515,687,513,461,550,585
512,684,514,461,551,584
515,685,510,474,547,578
515,682,509,462,551,585
512,686,512,466,542,584
514,670,511,472,552,582
509,676,499,469,542,585
505,692,500,476,547,586
516,680,510,474,546,585
516,679,504,474,544,585
510,674,514,474,547,583
505,689,502,474,547,585
505,686,513,465,543,584
512,673,515,473,547,584
505,689,513,461,547,585
508,687,501,466,550,588
504,687,509,474,542,587
498,690,505,475,547,582
511,687,510,475,542,586
512,683,508,461,551,586
510,688,502,467,552,588
514,688,511,462,550,586
512,690,515,462,553,587
511,689,512,465,545,582
516,682,507,460,549,587
508,690,499,471,551,589
505,663,516,472,549,582
502,686,507,475,550,582
504,678,511,470,551,576
510,690,511,473,540,588
504,689,499,472,549,586
501,683,512,472,550,579
504,678,508,472,549,576
509,673,515,474,545,584
506,689,514,465,544,584
514,691,511,471,538,587
509,675,515,474,538,588
504,682,514,471,553,580
511,687,511,469,537,588
507,687,496,476,544,582
509,678,515,472,554,582
514,684,515,463,553,589
509,688,511,475,542,587
514,685,516,464,552,586
507,690,500,475,550,589
511,687,500,471,550,588
511,687,512,465,540,583
504,683,510,472,551,587
510,689,512,464,546,585
512,681,511,474,542,589
516,683,512,462,551,588
502,682,509,474,550,586
509,687,512,464,546,586
511,674,515,472,548,584
503,689,503,476,548,584
505,679,512,471,554,579
514,686,515,463,542,589
506,691,513,463,545,586
504,687,508,475,549,581
513,687,515,462,552,587
514,677,512,478,541,588
507,692,502,462,552,586
508,673,512,476,540,590
515,689,516,461,552,587
512,685,506,462,554,587
513,679,510,475,542,588
502,680,512,472,549,579
511,690,516,462,550,587
506,679,496,474,544,587
510,692,516,460,551,585
516,684,512,470,550,589
511,687,511,474,538,588
504,688,502,474,548,586
503,688,501,475,547,586
512,688,515,462,550,587
517,685,505,465,553,587
511,665,514,471,542,583
511,687,512,464,544,586
510,688,512,465,542,585
503,669,514,470,550,582
511,690,515,459,550,585
509,687,500,469,550,588
511,686,512,463,545,586
511,675,511,474,543,588
509,688,512,463,539,584
511,689,514,463,542,586
512,677,513,474,542,589
501,678,513,463,552,578
514,677,511,473,545,583
512,690,515,462,554,587
509,683,513,465,551,588
513,674,513,475,540,588
510,665,514,472,547,583
513,685,513,465,551,587
505,673,513,472,547,581
516,672,512,475,539,588
511,689,511,473,538,589
512,674,514,473,541,587
502,675,516,473,550,582
515,685,506,464,552,588
506,690,497,468,549,588
506,690,495,473,547,585
508,676,510,470,553,577
514,684,509,461,550,587
500,681,512,472,550,578
516,685,509,464,552,588
504,687,509,473,548,583
510,685,515,463,551,586
502,689,507,475,547,584
513,672,514,474,546,588
513,683,512,461,551,587
513,672,514,474,547,585
510,671,515,473,546,582
516,670,512,474,542,588
512,685,502,470,547,589
509,685,501,471,547,589
505,688,500,473,549,589
504,686,500,473,549,588
515,669,514,476,544,587
519,688,503,465,552,587
511,684,512,474,540,589
512,684,512,469,542,586
513,665,516,475,543,586
511,684,501,468,552,591
512,670,516,476,544,586
515,676,511,476,546,587
516,679,511,461,554,586
514,669,512,474,549,581
501,680,509,475,548,584
506,673,514,472,552,578
508,684,515,463,550,585
515,679,501,474,541,588
514,677,517,464,554,587
514,678,510,477,538,588
506,685,498,476,548,588
512,683,512,466,548,582
512,685,508,472,540,586
505,673,513,471,552,578
513,682,512,466,545,585
505,679,509,476,549,582
504,684,500,479,549,586
515,670,512,477,540,588
505,687,502,474,550,581
507,673,512,477,548,575
505,686,499,481,548,585
504,673,509,475,547,580
510,676,511,475,554,578
515,679,509,478,545,586
512,681,512,471,543,584
506,674,511,473,552,576
502,688,498,480,551,582
509,670,508,474,555,575
514,678,508,476,546,587
511,686,512,463,555,584
511,675,509,471,536,586
517,679,510,464,553,583
503,685,500,479,552,584
514,681,512,469,555,587
514,671,511,476,552,582
509,685,493,472,552,586
504,675,511,474,552,578
501,679,508,473,549,586
509,685,511,477,543,583
507,680,508,478,544,585
510,683,509,476,544,588
500,676,508,477,552,580
511,680,508,477,545,585
507,684,498,474,551,588
513,681,508,463,551,585
511,679,508,481,545,586
508,685,499,475,552,587
508,684,498,475,554,587
514,673,509,478,549,583
514,677,508,480,543,587
511,687,513,464,554,585
513,680,511,464,553,585
512,679,509,481,547,586
516,681,510,465,550,586
514,675,509,478,552,577
513,674,496,473,548,587
501,677,508,477,547,583
515,672,511,478,551,583
515,680,499,472,557,588
513,683,518,467,556,586
514,681,509,466,550,583
514,685,501,479,553,588
515,669,509,478,551,581
507,672,513,477,554,580
516,672,504,469,554,586
502,684,502,480,551,586
516,685,509,478,546,584
503,684,507,478,551,583
510,671,515,477,547,582
501,676,511,476,553,576
502,679,511,475,556,578
512,681,504,469,554,586
516,683,507,478,547,584
503,680,509,476,552,579
510,683,499,469,552,585
515,683,505,465,555,584
512,683,514,465,553,583
504,666,511,475,550,577
515,683,508,465,554,585
510,671,511,478,538,586
507,677,513,476,557,578
511,684,514,465,552,580
512,684,509,480,542,586
506,688,499,479,550,586
509,672,513,477,554,582
504,688,497,480,551,585
512,684,500,471,554,585
505,671,510,478,552,582
503,679,509,478,554,577
507,674,513,476,551,577
510,669,513,478,551,583
512,680,509,479,545,585
503,684,505,481,552,583
508,670,514,477,553,579
510,682,515,467,557,587
513,685,507,477,553,582
502,684,505,476,552,584
503,687,499,478,554,586
512,684,514,467,555,586
511,687,511,474,542,586
513,689,512,465,550,584
502,684,506,479,552,582
513,684,505,470,555,586
512,686,502,473,553,587
513,679,512,476,541,585
514,678,511,482,547,585
505,686,514,464,552,585
512,671,511,479,552,586
512,683,510,478,543,587
516,684,499,473,553,588
503,687,508,481,551,582
505,688,503,477,554,584
515,682,508,467,555,583
515,678,511,478,548,586
509,674,511,475,557,576
512,680,510,479,544,586
513,683,510,478,547,585
509,685,513,466,555,584
509,672,515,475,553,580
503,683,507,478,552,579
512,689,514,468,551,585
511,673,514,480,552,583
510,673,515,476,552,583
510,684,509,467,555,585
504,689,501,478,552,585
514,674,511,476,552,583
516,671,512,477,549,583
511,685,514,468,551,583
516,675,511,478,549,584
511,686,515,464,554,584
512,688,512,465,554,584
502,679,511,481,545,586
509,689,514,466,551,583
516,672,511,477,552,584
512,684,515,467,557,585
509,687,501,465,556,586
510,674,516,478,547,582
516,684,516,465,555,586
507,674,513,476,556,579
514,681,508,466,552,580
508,679,513,474,556,578
513,683,506,469,555,586
511,672,517,479,550,583
516,675,512,477,545,587
511,687,515,466,553,583
504,685,508,479,548,581
514,674,511,479,549,583
508,672,515,480,547,586
510,687,500,474,553,585
511,685,517,467,558,585
517,687,509,465,555,585
512,684,510,479,544,585
515,669,513,480,545,587
506,675,513,477,557,576
507,672,511,476,556,576
518,683,509,466,555,585
517,683,509,469,556,586
506,690,505,479,551,584
515,671,514,480,548,586
515,680,511,467,555,585
515,684,504,472,556,588
501,682,508,478,543,587
513,678,511,480,548,586
515,682,512,473,556,586
516,685,505,468,555,585
515,680,515,475,554,583
504,682,511,477,556,577
502,688,501,479,550,583
515,688,502,475,555,588
511,670,511,475,555,574
517,682,510,467,555,585
516,681,513,477,542,588
511,671,513,477,555,586
511,687,513,469,548,583
513,686,511,478,554,580
514,673,512,479,552,581
515,681,511,467,556,584
512,686,517,461,556,584
516,683,512,472,553,585
515,683,511,464,555,584
510,687,513,464,555,584
511,689,511,480,545,587
510,673,515,476,554,581
511,671,514,479,547,585
514,683,514,475,554,588
516,686,511,464,546,586
511,688,496,465,547,579
512,685,506,467,556,586
508,687,501,477,552,588
503,688,500,475,551,588
504,687,503,480,555,585
501,676,515,477,554,580
515,687,513,472,554,589
509,683,511,466,557,587
511,688,515,473,555,586
511,687,515,464,554,583
509,676,517,470,547,585
506,690,500,477,553,590
501,686,509,477,555,581
513,683,510,463,554,584
512,689,513,470,546,586
511,688,515,467,555,583
511,671,517,477,555,584
504,678,515,474,556,578
503,692,505,468,557,586
506,690,502,477,554,588
512,678,509,475,536,583
504,688,501,481,551,586
503,689,503,477,550,586
505,693,502,479,552,585
507,688,502,477,552,585
497,682,511,474,554,578
507,689,513,464,554,585
510,687,501,476,553,589
504,685,506,478,552,583
514,676,512,480,544,587
502,683,505,472,558,588
509,688,500,477,551,588
511,689,515,464,557,585
512,685,516,465,557,585
514,682,515,471,553,588
513,682,515,476,542,589
504,680,509,478,556,581
512,689,509,474,544,589
505,679,514,475,556,577
506,677,514,475,557,579
514,683,514,469,555,588
513,685,511,478,545,587
515,680,514,467,554,585
514,685,511,479,546,587
507,688,512,470,544,587
515,685,513,471,555,588
510,675,515,479,558,581
513,670,513,477,545,587
515,682,516,467,555,587
508,675,511,477,552,582
515,683,511,478,545,587
516,685,511,475,544,585
511,687,513,467,550,585
509,684,508,465,557,587
508,684,516,464,556,585
514,681,512,480,548,587
512,687,511,477,554,585
515,683,511,477,549,585
512,685,504,469,556,589
515,686,518,473,557,588
512,688,517,466,555,586
504,680,513,474,559,578
514,687,503,470,556,588
508,676,516,475,557,578
504,684,508,477,553,583
515,667,508,479,544,583
505,679,513,469,558,576
510,688,501,479,552,579
513,673,516,479,551,584
512,687,516,463,557,585
504,689,503,479,553,587
512,688,514,466,549,585
512,687,515,467,554,585
517,683,507,469,546,588
513,684,504,472,556,588
504,685,513,467,551,586
498,687,506,478,552,586
514,673,511,476,556,581
502,681,506,478,552,583
511,678,511,479,544,586
508,673,514,475,554,580
514,688,508,473,547,586
508,673,516,475,559,579
515,669,508,478,555,584
510,683,503,476,553,589
508,669,517,479,554,586
517,681,505,470,556,587
512,670,516,476,559,588
514,670,516,465,556,586
505,684,504,478,553,583
507,685,513,473,557,579
512,682,503,476,554,580
512,679,513,463,544,585
513,687,515,467,551,585
510,687,516,465,556,588
515,680,507,479,551,588
512,687,499,476,555,590
513,684,502,471,558,588
511,673,516,478,549,587
513,677,511,479,547,585
514,686,501,474,554,589
512,683,517,463,557,586
516,680,511,478,550,586
502,688,500,478,554,586
514,683,518,470,555,589
511,689,516,467,551,584
512,685,513,466,552,584
517,683,512,475,554,588
515,679,515,475,554,588
515,679,514,466,556,586
509,674,501,478,554,578
505,686,515,475,555,580
514,686,515,467,557,587
518,670,516,480,547,587
506,682,511,475,555,581
517,679,513,473,546,586
516,667,507,478,540,584
510,675,517,478,553,581
513,675,517,468,551,586
512,674,516,474,554,582
505,679,513,473,558,579
514,682,512,473,545,586
510,687,499,466,557,587
518,681,508,468,556,587
512,669,519,477,550,584
512,686,517,467,560,587
515,689,512,472,546,586
510,672,518,478,553,586
514,679,511,478,550,585
513,679,512,481,547,588
512,688,513,471,547,581
507,678,514,478,556,580
511,685,513,470,549,586
504,687,503,479,555,586
511,683,503,474,556,588
503,682,511,479,554,586
514,682,514,467,551,587
514,683,503,472,550,586
512,688,514,471,547,585
518,678,507,472,552,592
510,671,515,477,554,583
517,675,514,471,550,586
510,682,514,475,557,582
516,681,512,472,547,587
515,676,512,477,545,590
507,684,509,478,558,579
518,673,512,479,553,584
516,685,516,464,558,587
512,684,518,467,554,585
516,684,505,467,558,590
507,686,514,467,553,585
508,687,502,480,554,588
514,687,514,467,548,585
514,686,516,463,556,588
516,684,518,475,555,587
514,688,515,470,547,581
517,670,514,481,548,588
512,689,515,466,550,584
518,679,506,467,551,583
516,672,513,482,544,590
508,689,502,480,555,586
509,689,501,478,559,589
512,683,502,477,556,590
505,688,502,479,552,585
505,686,504,480,553,584
519,680,517,476,555,589
508,677,516,476,555,581
509,686,502,478,553,586
513,688,516,467,552,585
515,684,513,469,557,589
511,669,519,478,554,585
509,679,517,476,557,580
503,682,507,478,552,581
515,685,515,467,559,587
510,685,502,478,552,590
507,674,516,474,555,582
513,686,505,473,559,585
517,672,515,478,547,589
505,689,510,477,555,585
511,684,519,469,555,590
513,686,516,465,555,585
516,685,512,470,547,584
519,683,513,479,558,581
518,683,507,472,558,588
513,683,519,467,555,587
514,687,516,466,550,585
513,686,501,478,556,590
519,679,513,477,556,587
517,684,517,473,551,587
512,673,515,478,553,583
516,677,513,477,546,590
516,686,509,475,557,577
506,684,505,465,555,586
508,678,513,477,554,579
517,681,515,472,558,588
515,675,512,477,545,590
517,682,512,470,545,586
515,681,510,467,557,584
513,687,516,467,553,584
505,682,509,480,555,583
517,685,508,472,546,586
518,684,519,471,555,590
512,671,515,480,549,587
517,669,517,479,550,587
517,683,514,471,558,589
519,682,511,465,557,586
518,682,511,467,560,586
508,685,496,480,548,583
517,682,512,479,543,588
507,683,512,473,559,579
519,681,510,467,556,587
513,682,512,470,545,586
507,688,501,480,552,586
515,670,514,479,548,589
517,686,505,473,556,588
507,676,515,475,555,580
508,671,517,480,552,584
507,685,509,476,555,584
516,684,502,475,555,584
508,680,508,478,552,588
518,669,508,477,551,578
517,681,519,466,559,589
518,677,513,476,543,590
513,683,504,474,556,590
512,685,514,469,547,585
517,661,515,480,544,588
514,683,512,480,545,588
516,684,505,472,554,587
507,682,508,478,551,587
515,683,511,479,546,587
512,672,515,475,552,582
514,683,519,469,554,588
518,680,513,473,554,587
502,678,515,478,555,580
510,676,516,475,553,582
519,680,513,475,534,587
508,681,513,475,556,577
515,683,516,466,557,588
514,673,519,478,551,587
509,676,515,477,552,577
518,668,517,480,547,587
512,674,517,477,555,581
503,672,519,478,553,581
516,682,509,469,555,586
512,676,518,475,552,582
514,680,521,467,556,588
517,683,519,471,555,588
512,685,502,477,553,589
517,680,519,474,557,588
520,681,510,466,556,587
514,688,517,464,552,586
512,674,519,478,550,582
511,688,512,475,543,591
517,676,515,478,544,587
517,672,517,475,549,586
514,690,515,465,552,584
517,687,502,472,554,589
509,689,504,479,553,584
514,684,518,466,558,585
507,687,504,479,552,585
508,679,514,476,556,580
516,685,519,468,556,588
508,685,511,477,552,582
518,683,503,472,555,589
506,681,513,474,556,579
509,676,517,477,556,580
515,684,512,480,543,588
518,679,513,475,539,588
520,687,508,467,557,588
517,675,514,478,547,589
518,673,516,479,550,586
517,681,516,473,557,589
513,684,514,474,554,590
519,674,512,470,559,575
512,689,502,478,552,589
517,674,516,479,548,584
521,683,509,468,556,589
514,684,512,471,547,587
504,690,503,479,552,588
510,676,516,475,556,581
519,683,511,467,556,587
518,679,512,480,544,589
513,688,518,464,551,585
516,689,515,468,548,587
516,681,511,478,545,588
518,683,502,476,558,582
505,680,512,474,557,580
511,676,517,477,557,583
519,682,517,474,557,589
513,691,516,468,549,585
506,689,505,473,553,587
514,676,512,463,549,587
518,684,513,471,555,590
519,683,519,473,556,589
511,685,503,478,554,590
502,686,505,479,554,587
506,682,505,479,553,586
515,686,504,472,554,590
518,685,513,471,556,588
516,683,516,471,559,589
516,689,519,463,557,586
513,687,518,463,551,586
512,671,518,477,551,584
510,690,515,466,550,583
519,673,507,465,552,589
518,692,504,472,556,589
518,668,516,473,544,587
520,684,512,471,555,591
512,690,497,473,557,589
519,673,515,479,546,589
506,686,508,477,554,584
516,689,510,473,545,586
508,684,506,473,547,586
518,681,519,463,558,589
507,676,517,474,559,579
517,683,505,471,556,590
519,686,510,470,559,590
517,670,516,479,547,587
515,682,515,471,547,588
512,686,515,461,545,587
508,689,505,478,555,590
507,682,505,480,545,589
519,684,510,467,558,588
516,680,514,475,544,589
514,690,515,464,555,587
507,679,512,475,558,578
511,671,519,477,554,584
519,674,513,480,544,589
516,685,518,464,557,583
515,687,516,466,554,587
505,690,507,479,553,587
517,673,514,465,538,586
518,683,513,468,556,586
508,682,513,473,559,579
508,688,502,477,555,589
518,683,518,469,556,590
506,678,514,475,558,579
515,688,512,470,545,587
517,686,518,466,556,587
520,675,515,479,544,588
514,689,513,466,558,587
515,673,518,476,554,587
518,671,517,468,551,588
506,678,513,475,559,578
514,688,517,466,556,588
519,683,511,467,556,587
514,686,503,479,551,588
506,678,510,478,555,584
514,685,502,473,555,589
517,672,516,480,547,588
507,688,503,477,555,592
521,685,504,469,556,589
513,673,515,476,554,586
515,673,518,477,552,587
510,692,505,478,553,588
518,684,516,467,557,590
517,681,520,468,558,588
513,684,519,473,558,591
519,680,508,468,557,588
506,690,506,480,548,586
519,684,508,469,557,588
518,684,518,471,556,589
515,670,516,478,551,587
503,681,509,480,556,583
507,690,511,476,554,585
518,683,516,469,557,589
516,684,517,466,556,587
516,686,513,474,545,586
506,687,503,479,551,590
510,688,504,480,550,588
514,688,504,477,554,590
515,687,516,467,556,587
518,685,519,468,559,586
516,684,513,471,547,588
516,674,515,480,549,589
513,685,513,471,546,588
519,672,515,478,549,588
513,688,502,474,557,592
506,688,510,479,553,582
512,673,517,480,548,588
519,685,514,471,547,587
519,672,515,480,546,590
509,690,504,477,553,586
510,687,504,479,554,588
511,680,515,475,546,590
513,684,502,476,555,589
514,689,514,467,555,583
510,677,515,475,558,579
513,686,516,461,549,588
513,690,516,466,553,587
516,670,510,480,541,589
508,690,506,477,554,591
515,671,519,477,554,585
509,685,518,466,557,586
514,675,512,471,558,580
515,684,517,468,555,583
516,688,504,473,557,591
514,684,505,473,555,591
516,690,515,467,551,587
516,686,504,474,554,591
517,687,518,464,560,584
511,688,503,482,553,587
511,687,519,474,555,592
516,685,516,465,553,585
506,683,504,481,552,585
516,674,518,478,554,585
518,672,515,479,549,588
516,681,513,475,546,589
516,689,510,475,547,585
512,686,503,475,555,590
516,681,512,479,544,590
511,678,516,476,557,587
516,688,519,466,556,585
512,682,515,469,559,590
519,673,516,478,552,588
515,673,518,479,553,586
513,669,518,478,549,589
510,675,515,475,557,580
514,668,518,477,553,584
508,674,499,477,548,586
512,677,515,475,556,576
519,681,514,470,546,588
508,680,513,473,560,579
516,681,517,467,559,589
516,690,499,471,556,584
514,683,505,474,556,590
517,683,513,479,555,580
519,683,510,467,558,588
509,671,519,480,551,585
516,683,519,465,559,587
520,680,510,469,557,588
515,682,520,466,560,588
520,674,514,479,547,590
515,671,520,480,545,587
519,669,518,467,556,589
521,675,513,478,547,590
507,682,511,480,554,588
511,676,516,473,560,581
515,684,518,466,556,587
515,684,511,474,539,583
518,671,515,479,549,589
500,685,511,483,553,585
517,684,518,467,558,590
511,688,502,478,554,587
517,684,509,467,558,588
516,675,518,467,554,588
513,672,497,477,549,587
519,683,513,476,557,590
507,685,511,479,556,582
513,670,518,477,556,583
510,690,506,478,556,586
511,684,504,479,556,591
520,683,516,472,557,591
516,690,516,465,558,586
517,682,518,465,557,588
520,670,511,461,558,587
515,685,518,465,561,588
517,679,512,477,553,587
521,679,510,467,557,588
520,689,518,478,555,590
515,684,518,466,559,590
507,686,505,480,554,588
511,676,517,472,557,583
517,682,518,465,557,588
517,682,519,468,558,588
512,688,501,477,556,589
511,687,503,478,554,591
515,685,511,477,550,589
518,687,513,472,545,588
519,680,518,473,556,588
513,685,502,477,554,590
514,673,518,478,554,585
520,674,514,480,548,590
520,680,512,481,546,589
511,679,515,476,558,580
511,674,517,479,556,589
518,683,518,467,558,588
516,680,513,473,546,588
509,679,516,477,557,581
519,679,513,479,542,590
508,676,516,476,560,580
511,692,505,478,557,582
507,687,508,479,557,584
519,669,518,480,550,590
516,685,517,478,556,583
518,682,514,475,547,591
511,690,503,479,553,587
515,686,514,469,551,588
508,688,510,481,555,586
509,672,519,478,556,583
517,671,516,478,555,587
510,687,504,478,553,588
515,684,514,474,547,587
512,688,512,462,557,589
507,684,513,474,561,578
513,688,515,470,553,588
508,689,509,479,555,586
514,687,516,465,556,585
512,686,504,478,556,591
523,687,504,474,555,589
514,686,503,476,555,591
516,684,509,473,558,589
519,680,513,476,545,588
517,683,514,471,560,590
508,685,512,467,557,585
520,678,514,476,545,590
518,686,508,472,557,590
515,685,516,464,557,580
512,686,508,475,557,585
509,675,518,466,558,581
517,680,513,478,547,591
506,682,513,476,560,579
511,686,519,467,558,589
512,675,516,476,559,580
517,672,517,481,556,587
516,682,519,465,560,588
513,686,504,476,554,590
520,681,513,476,555,591
514,686,513,466,552,588
507,672,514,476,558,579
519,684,507,474,558,590
508,681,512,473,559,579
517,671,517,482,548,590
516,683,504,475,557,588
509,686,507,480,553,586
507,670,511,473,550,582
519,681,511,470,559,589
510,690,499,472,556,584
507,686,505,474,549,588
512,690,499,472,557,586
519,668,516,480,549,588
512,687,503,478,553,590
521,686,502,474,557,591
514,687,502,479,557,587
516,686,515,466,552,584
514,687,516,465,555,585
518,679,510,468,559,586
513,671,518,476,557,585
515,679,512,480,548,589
515,682,513,477,546,590
516,669,518,479,556,586
519,679,515,470,560,590
518,676,514,477,545,590
510,688,502,478,553,590
508,686,505,480,554,590
508,684,511,480,556,585
517,673,514,479,552,587
517,681,511,481,554,586
518,675,516,477,546,589
515,682,505,474,552,590
519,685,509,467,559,591
517,672,519,478,554,587
502,681,514,473,558,581
519,687,519,467,559,587
517,670,515,480,547,589
514,690,518,465,555,587
519,679,515,470,556,590
518,680,517,467,558,590
509,677,516,477,559,579
509,678,515,475,559,581
511,673,519,475,554,586
519,674,514,479,546,589
515,672,514,478,548,589
518,681,514,470,560,591
518,681,510,465,558,589
516,671,519,477,556,586
521,671,517,475,549,589
514,672,518,476,556,584
513,687,504,475,556,592
517,687,504,472,556,591
519,670,516,477,548,589
515,685,504,477,558,582
514,686,503,477,554,591
518,677,514,469,548,586
517,682,514,473,557,589
518,682,514,467,560,587
515,673,517,467,554,586
519,685,517,469,561,587
511,676,518,474,558,580
514,672,517,478,550,586
516,680,514,472,561,579
506,681,512,475,562,579
512,673,517,475,560,581
516,687,515,466,540,589
508,684,503,478,553,591
517,683,513,472,547,588
505,684,509,479,554,587
514,686,504,476,555,591
504,676,514,473,560,577
520,680,516,472,557,589
519,683,514,471,558,591
502,679,511,476,555,582
516,683,513,468,549,588
518,679,509,471,554,582
520,678,514,467,552,592
516,683,519,466,556,587
516,684,516,463,554,587
518,682,512,472,545,589
514,686,513,468,549,589
514,673,518,477,556,585
519,683,515,473,557,588
518,679,511,479,549,590
518,682,516,469,558,589
518,676,513,472,547,588
512,673,518,478,558,583
516,687,504,473,558,591
510,686,511,479,555,586
520,679,508,468,552,589
513,685,515,466,554,586
519,683,519,467,558,588
510,680,512,475,558,580
520,679,515,474,546,591
516,684,519,476,559,585
521,681,510,459,557,588
515,685,518,465,553,585
518,678,515,481,545,589
515,683,516,466,549,587
518,677,519,464,558,587
520,681,514,474,555,591
519,668,517,481,546,589
519,679,520,473,557,590
518,684,504,477,553,586
510,686,504,479,555,590
514,685,519,459,546,590
510,677,514,474,561,576
508,684,507,471,557,581
519,684,509,471,557,591
514,667,519,475,553,583
518,677,513,474,557,590
518,679,518,465,561,588
517,683,515,472,549,583
514,680,512,474,557,591
512,685,503,475,558,590
513,670,518,470,556,589
520,676,513,479,548,590
518,682,518,465,558,589
516,685,514,473,547,589
519,686,512,469,549,588
512,680,513,467,551,585
506,684,513,473,559,580
520,682,514,471,557,590
512,677,518,473,556,582
521,679,511,467,557,587
512,672,517,478,555,583
521,669,511,464,561,590
501,679,511,480,554,584
516,685,505,477,556,591
521,684,515,469,557,587
518,668,519,478,549,589
519,681,515,475,548,589
523,680,516,471,559,589
520,676,514,473,559,581
517,669,517,476,553,586
514,682,513,474,556,587
507,687,512,476,558,578
518,686,520,465,554,587
520,659,511,478,547,581
518,683,506,471,557,591
516,681,518,465,556,585
514,681,511,464,556,587
514,686,519,458,548,588
509,674,511,475,552,575
512,674,514,474,559,581
518,682,505,472,556,591
521,683,506,474,558,591
503,684,504,478,553,589
510,684,507,478,556,590
518,681,518,465,552,590
516,684,515,467,556,590
507,681,512,478,554,583
513,671,498,477,550,586
510,676,514,475,557,579
517,669,516,478,550,577
518,682,504,472,555,590
519,680,512,471,560,590
518,683,508,472,560,589
517,677,514,470,558,591
509,682,512,472,560,580
513,685,505,477,554,591
506,684,504,479,554,589
519,683,517,468,558,589
515,685,507,471,557,591
516,682,516,465,550,587
514,684,516,465,553,584
516,681,521,468,557,588
518,684,518,466,552,586
507,671,510,479,555,590
505,682,511,477,556,588
515,670,518,474,556,585
514,684,505,474,557,591
519,667,516,478,547,590
520,683,508,467,559,587
514,684,511,476,545,589
516,671,514,467,553,584
512,668,517,477,554,583
512,684,504,477,554,588
521,670,516,480,546,585
512,668,519,470,553,584
511,680,514,476,545,585
511,677,515,474,559,581
518,682,504,470,557,590
510,680,511,476,553,585
510,684,517,466,555,584
509,676,512,472,557,580
507,684,503,480,556,589
517,684,520,465,557,586
519,670,519,473,541,590
517,675,515,477,539,590
515,685,509,467,561,592
509,674,516,476,557,578
518,668,508,468,552,591
511,675,515,479,545,589
504,681,507,479,551,589
509,680,514,472,558,579
517,677,512,475,552,590
517,681,515,476,545,590
519,680,512,474,556,590
518,678,511,468,559,590
516,669,509,478,538,586
517,670,515,468,551,587
518,683,515,469,546,587
510,682,518,465,553,586
518,680,518,464,553,588
513,672,518,476,553,582
516,681,510,479,546,590
519,666,516,473,544,588
518,673,515,476,543,591
509,675,518,479,552,591
521,676,514,475,543,589
514,678,505,475,556,592
515,665,520,478,557,583
514,668,519,475,553,583
517,674,515,479,543,590
508,678,510,471,546,588
517,685,515,477,544,590
508,678,505,479,545,580
511,680,514,475,546,586
507,676,509,478,553,583
517,682,520,465,558,588
515,667,520,478,556,583
520,684,517,463,556,590
510,670,513,475,559,579
517,683,517,467,550,587
511,672,516,478,559,580
519,666,519,476,550,587
509,683,504,475,554,592
521,669,518,480,546,591
508,680,508,480,554,585
517,667,518,480,550,588
516,686,518,466,553,587
520,680,510,466,559,590
512,670,515,476,555,582
519,679,505,471,555,590
516,681,517,479,548,589
510,683,505,478,553,589
511,682,514,478,563,586
518,670,512,480,548,591
512,669,518,477,555,589
520,677,512,476,554,592
518,676,514,468,552,588
517,675,513,477,543,588
520,668,518,479,549,588
518,678,520,466,556,583
520,684,514,476,546,591
523,685,515,474,551,588
507,677,512,468,552,587
514,670,519,479,555,581
509,673,519,477,556,581
521,675,514,476,558,591
517,677,516,473,544,589
522,665,517,480,547,588
521,665,515,481,546,589
513,684,505,481,555,591
517,676,513,475,556,591
513,674,517,481,546,592
516,679,517,467,554,587
509,676,517,482,552,589
523,676,511,468,562,590
520,679,507,477,544,588
520,680,519,470,558,590
509,678,517,476,560,580
513,675,515,477,545,587
509,674,516,475,557,578
515,680,515,476,546,589
516,670,516,478,546,589
515,665,518,480,548,586
509,687,511,480,555,586
516,684,518,466,546,583
519,677,520,468,557,590
512,669,520,479,556,592
520,678,515,471,557,590
522,668,514,474,554,590
510,676,515,479,555,580
516,665,520,480,551,585
514,670,518,471,554,583
510,683,506,482,555,582
520,664,520,480,552,588
508,681,512,477,555,580
520,679,521,479,553,585
520,677,515,475,555,591
518,678,518,479,545,590
521,655,519,481,550,588
510,679,509,481,554,587
521,653,517,476,548,590
516,685,517,466,552,588
510,685,505,479,553,585
514,681,506,477,555,590
500,680,511,481,553,587
518,683,517,469,546,591
508,675,515,476,558,580
511,683,505,480,553,581
520,677,515,480,544,590
518,684,519,466,554,588
510,678,511,481,555,588
519,667,516,481,548,589
522,679,518,470,559,591
516,685,518,471,549,587
519,681,518,466,557,589
513,669,504,478,553,592
522,667,518,479,546,589
519,675,514,477,543,589
520,677,521,468,559,587
508,683,517,475,557,590
522,666,519,482,556,587
516,684,506,475,559,591
519,680,517,475,557,590
508,682,508,480,553,588
520,682,510,474,558,590
514,684,516,468,550,588
510,685,507,479,554,589
509,676,510,481,548,580
520,680,515,475,558,590
521,680,511,469,557,589
519,676,514,476,559,588
512,685,505,478,556,590
516,681,515,473,549,588
509,683,521,473,554,591
514,668,519,479,554,586
510,682,510,481,551,585
517,680,517,466,549,588
511,675,516,477,557,580
511,674,517,474,559,582
521,659,505,476,556,591
514,667,520,479,553,585
524,679,514,477,555,592
509,661,515,476,558,592
508,682,510,479,554,583
511,684,506,480,553,591
518,670,519,480,549,589
518,684,520,466,555,586
522,668,515,481,547,590
518,678,514,483,546,590
522,680,515,476,556,590
510,683,516,470,551,587
522,668,516,483,546,591
514,664,521,474,548,585
518,683,515,472,546,588
521,670,513,481,548,590
514,669,521,479,554,585
520,677,509,471,558,589
518,684,517,468,553,587
518,679,508,471,555,591
515,668,518,478,554,582
517,685,500,471,556,589
507,678,509,481,553,589
517,671,520,482,549,589
507,681,510,476,557,591
521,683,510,470,559,588
509,671,516,467,551,586
517,679,521,470,559,589
519,673,516,476,541,590
515,683,515,471,549,586
516,686,520,463,552,589
521,679,512,468,556,588
520,682,510,468,552,589
514,682,505,478,555,591
518,680,515,478,546,592
520,682,519,471,557,590
519,675,513,476,544,581
520,679,520,475,559,587
522,682,511,469,559,590
509,682,512,480,554,586
515,668,518,478,556,588
515,684,511,484,546,591
521,679,509,471,558,589
511,673,518,477,558,580
516,684,509,481,556,585
519,685,520,467,554,588
514,685,504,480,555,592
518,668,520,478,554,590
516,667,520,481,553,587
511,685,506,479,555,579
519,681,515,476,547,590
519,681,507,473,558,583
511,687,505,480,553,590
513,685,515,480,545,590
506,680,510,481,554,585
517,678,514,474,559,590
516,668,519,481,551,587
516,686,517,464,550,587
518,682,515,474,546,590
511,669,519,479,558,585
514,678,520,468,560,589
523,678,516,482,545,591
520,670,518,480,555,583
516,684,515,468,557,588
510,672,508,476,557,584
511,685,504,481,554,591
520,687,520,467,559,589
515,683,505,478,556,591
521,683,512,469,558,590
513,684,505,479,554,590
511,685,506,481,555,592
510,685,505,473,556,592
519,677,515,475,546,590
519,669,518,482,551,590
515,659,521,475,552,585
519,679,513,468,558,589
516,682,504,474,559,591
518,680,516,472,550,587
514,683,520,468,558,588
521,668,518,481,550,588
517,680,519,470,560,589
523,679,513,478,549,590
515,684,505,475,558,592
522,680,512,478,555,590
516,685,504,479,559,591
508,686,515,482,547,590
517,680,518,467,559,589
518,668,517,483,550,580
507,686,506,482,549,589
506,678,505,478,555,590
516,683,517,472,551,588
519,685,518,467,558,591
508,684,506,482,550,587
518,684,518,469,558,589
520,669,512,480,546,586
507,687,506,477,554,589
517,686,519,469,559,587
517,667,514,478,556,592
522,665,518,481,549,590
519,676,514,486,544,590
520,683,519,466,556,587
523,671,516,483,547,590
512,670,519,479,556,584
517,683,505,479,556,592
511,672,518,479,555,581
515,681,522,468,557,590
510,678,512,477,559,579
514,668,519,479,555,588
508,683,511,483,556,583
519,679,514,477,547,591
510,684,509,479,556,591
507,679,510,480,555,584
521,682,519,468,559,590
515,684,503,478,555,586
510,674,518,476,560,581
512,687,505,480,555,590
518,687,518,467,553,588
513,671,517,477,560,584
523,674,513,475,557,590
509,684,504,480,554,589
518,691,518,468,551,586
521,680,512,477,557,592
520,668,518,482,550,589
518,682,518,466,560,588
521,676,515,478,555,591
508,685,511,481,553,586
515,669,516,483,547,589
519,682,514,473,545,588
522,682,509,470,559,589
515,685,510,465,553,590
517,682,519,465,553,588
513,672,517,481,554,591
520,679,519,470,557,589
507,673,517,477,559,580
509,687,509,483,555,589
508,684,505,480,553,590
521,680,514,475,558,591
521,678,512,479,545,590
512,685,506,481,554,590
518,681,518,467,558,589
522,674,517,480,546,589
519,682,504,473,557,580
510,678,513,475,559,579
519,678,514,477,546,589
520,674,517,481,547,590
512,688,507,480,556,593
522,683,513,473,557,591
513,678,515,480,546,592
507,682,510,481,555,587
509,676,516,475,561,579
509,680,510,480,555,585
520,675,512,480,554,587
507,683,510,479,553,586
514,670,519,477,556,581
519,682,514,475,545,588
514,685,503,478,556,592
517,667,518,480,554,585
519,677,511,472,560,590
517,678,514,481,545,590
521,680,514,475,557,591
514,670,520,479,552,588
516,686,519,468,553,587
516,686,517,467,552,587
513,669,517,480,555,585
509,690,506,478,555,588
510,685,504,478,555,591
513,674,503,472,551,592
520,670,511,468,558,590
520,682,521,467,561,588
518,670,518,480,552,584
505,683,518,473,558,590
518,670,520,480,555,586
522,680,517,473,559,591
519,682,516,473,559,591
507,688,507,479,556,587
514,684,505,479,557,593
516,684,521,467,558,587
511,675,518,475,559,581
517,683,508,471,561,590
517,684,519,466,557,587
513,669,514,479,553,582
515,683,515,475,547,590
519,671,520,481,551,589
518,688,516,468,553,588
513,688,505,478,558,591
515,685,515,468,553,586
511,680,514,475,560,579
513,671,518,477,560,584
519,659,519,474,553,583
511,686,504,478,558,591
509,691,507,480,557,585
519,669,517,479,555,589
522,679,513,472,561,591
502,682,512,477,561,579
515,687,517,469,552,588
516,675,514,478,549,589
511,676,518,478,560,581
520,670,516,480,551,589
511,686,505,479,556,587
510,685,512,476,561,578
506,685,511,482,552,587
519,678,514,478,549,588
504,687,513,476,560,579
521,671,518,481,550,588
521,684,514,476,561,590
518,685,516,475,552,588
520,680,521,470,560,590
509,678,516,475,552,594
511,688,517,470,555,585
515,675,508,476,560,591
518,669,517,481,551,590
513,663,519,478,556,584
516,675,515,481,549,589
514,688,506,478,559,590
519,685,509,472,559,592
515,669,518,479,560,585
509,681,517,476,563,578
518,684,520,466,561,590
518,688,515,471,555,588
509,681,512,473,563,581
516,688,516,468,553,587
520,684,508,474,561,590
519,684,515,476,548,589
518,685,520,468,559,588
510,687,504,477,561,580
518,685,517,465,556,587
513,670,519,479,556,584
517,686,520,467,557,587
509,678,515,474,563,579
515,680,517,480,558,585
510,687,518,467,557,587
521,679,516,477,550,590
515,673,517,477,561,584
520,684,516,471,550,588
522,673,517,481,549,591
516,688,516,472,550,587
516,688,516,471,552,587
517,686,504,475,562,590
516,673,521,478,558,586
507,682,511,481,557,586
519,662,520,475,549,585
517,672,520,479,558,584
517,682,520,469,562,590
503,678,512,476,561,579
519,685,517,472,556,591
520,673,515,482,551,589
518,679,517,468,548,589
518,683,515,477,549,587
522,671,517,481,549,590
517,689,506,476,559,592
518,678,515,475,548,589
520,680,512,468,563,589
521,679,516,483,550,591
520,681,515,478,549,591
519,678,516,479,548,590
514,686,508,475,559,590
508,684,512,476,564,580
516,664,521,478,554,591
513,668,519,479,556,586
518,687,506,476,560,591
520,682,515,475,561,593
516,687,520,463,558,588
519,685,506,475,562,591
517,683,520,466,557,587
512,683,516,472,549,588
518,684,517,483,550,589
511,676,519,475,562,580
518,683,516,473,546,589
519,671,515,481,550,589
522,672,517,482,549,589
515,688,518,466,553,587
508,688,507,482,555,588
514,681,520,466,561,589
511,665,518,476,563,582
518,682,514,473,559,590
516,685,505,473,560,589
521,670,517,482,551,590
520,685,506,473,559,592
520,685,515,475,558,591
511,678,515,478,560,580
519,686,520,467,560,587
515,687,517,469,555,586
520,671,518,481,552,589
517,686,505,477,559,590
504,686,505,480,561,589
519,683,508,473,560,590
518,684,516,475,551,588
514,673,521,478,557,583
520,683,515,477,559,590
520,677,515,480,550,590
521,680,510,467,559,584
520,682,508,468,561,590
519,683,520,478,559,582
519,684,507,475,552,589
521,679,513,476,559,590
522,665,517,480,552,590
514,685,520,468,564,587
513,670,522,480,557,588
520,680,512,477,557,580
522,680,515,476,548,589
511,678,518,477,561,580
516,685,506,476,560,592
519,685,522,469,560,586
517,682,520,469,561,590
518,681,514,477,549,589
517,684,505,476,558,592
520,682,520,469,561,591
509,685,511,482,556,587
521,680,517,472,562,590
520,684,507,470,556,588
520,684,518,473,559,590
519,671,518,482,556,587
518,682,516,476,549,588
511,687,506,480,558,590
516,685,505,473,563,590
524,682,519,468,562,587
509,685,507,482,557,590
520,682,508,473,561,592
521,669,517,482,553,584
515,685,520,469,559,588
518,685,522,479,560,590
517,684,517,469,550,587
519,680,516,476,549,586
511,690,507,481,555,589
520,687,506,473,553,590
517,687,518,468,557,584
521,677,515,479,549,592
513,689,505,479,559,586
518,685,521,466,562,588
520,672,515,482,548,592
520,680,518,474,562,589
511,685,506,482,558,588
521,671,516,479,553,591
519,684,514,477,559,592
517,671,520,479,558,585
509,689,506,481,556,590
512,672,518,477,560,584
516,687,517,470,556,587
520,683,508,475,563,592
517,682,506,475,560,591
516,668,518,477,559,584
510,678,514,477,560,577
519,682,510,471,560,588
518,676,516,467,559,588
515,683,507,474,557,592
510,686,511,482,559,586
514,671,520,481,554,586
520,681,516,475,558,591
519,684,520,470,564,588
518,687,505,477,558,591
519,685,507,472,561,590
516,685,506,474,561,591
510,675,502,481,552,586
516,673,520,479,558,585
509,688,504,481,556,589
520,678,516,478,548,588
518,684,519,466,561,588
515,684,505,474,560,590
519,682,521,469,561,589
519,673,518,480,556,589
521,681,512,478,559,592
510,681,514,477,562,579
520,671,518,480,549,590
521,670,518,480,553,588
513,684,510,477,559,588
520,669,518,479,559,582
516,686,520,466,557,589
521,678,514,477,549,588
516,671,521,481,554,587
521,675,515,480,550,591
521,668,520,480,552,590
515,684,519,469,555,588
522,688,508,474,564,590
511,686,506,480,557,587
509,684,511,480,558,586
521,681,515,476,560,591
518,682,519,473,561,589
521,678,515,478,548,590
512,684,519,468,561,588
518,683,519,467,562,587
512,687,503,482,557,588
512,672,519,479,559,584
516,687,518,468,558,588
517,682,504,467,561,588
520,682,511,464,548,588
509,683,509,481,560,585
518,682,519,469,561,590
521,684,516,473,551,588
515,673,521,479,563,585
512,689,507,481,559,593
520,673,517,480,550,590
506,687,506,482,557,592
511,679,512,475,560,580
521,667,518,480,551,591
510,690,505,480,558,589
522,669,518,480,554,589
521,680,514,482,558,586
521,689,507,474,563,591
522,668,518,481,553,588
522,660,518,481,552,589
519,687,512,470,554,587
519,671,519,482,554,588
519,683,517,471,554,588
511,689,505,482,557,589
521,671,519,482,553,588
517,675,518,467,557,588
517,687,516,468,554,589
510,676,519,478,562,580
515,686,506,477,562,593
519,673,519,480,553,588
523,683,511,470,563,589
513,674,520,478,562,582
523,681,513,476,561,592
520,679,515,477,547,590
511,689,506,480,557,588
509,678,514,478,561,579
516,674,518,482,550,586
511,676,518,477,560,590
510,680,507,475,559,592
521,680,518,473,563,590
512,681,511,474,560,580
522,683,519,476,561,591
519,684,507,473,560,590
521,684,522,470,561,589
518,668,520,481,553,588
509,688,508,483,559,589
519,682,515,480,551,591
509,685,507,482,559,588
511,681,516,478,560,580
519,670,520,482,553,589
520,673,519,482,554,588
522,685,512,467,561,589
515,673,518,481,552,588
519,676,515,485,549,591
520,666,510,483,547,585
520,679,515,480,543,587
518,667,520,476,560,585
521,683,516,477,548,588
522,679,514,476,559,592
516,688,520,467,562,588
520,671,514,478,549,591
522,670,517,483,544,590
517,682,516,476,550,589
518,683,507,481,557,587
512,684,505,481,558,590
517,686,518,468,563,588
521,675,517,478,551,592
519,681,510,474,561,592
520,671,518,483,553,590
510,676,515,482,551,591
518,671,518,483,551,590
516,684,506,478,558,592
514,688,505,479,558,591
521,671,519,484,549,591
522,682,509,472,561,590
521,685,519,471,563,587
516,684,505,474,562,590
521,672,517,482,549,591
514,687,505,480,558,591
513,687,505,479,559,592
517,686,506,479,563,582
513,684,504,479,561,589
512,672,520,478,560,584
519,680,517,469,550,590
520,683,516,476,560,591
509,689,512,475,560,582
512,678,506,483,551,591
511,691,506,479,559,590
519,680,514,474,552,587
513,686,515,468,561,591
521,674,517,483,549,590
516,687,519,467,559,588
514,676,514,472,562,581
518,683,516,476,551,588
509,688,513,477,561,580
510,671,513,476,548,588
522,684,519,474,560,586
509,683,514,477,564,581
513,672,521,480,563,583
517,690,517,470,554,591
522,683,509,469,561,588
517,683,507,474,562,592
511,685,508,481,558,591
520,684,522,468,561,589
520,688,520,471,556,587
519,687,519,469,560,586
520,673,519,481,549,591
518,683,516,474,550,588
518,685,505,482,560,588
521,672,519,478,560,582
523,679,515,481,549,591
522,681,513,478,559,591
519,682,508,473,560,592
517,689,519,469,552,587
513,674,520,477,561,583
510,683,512,481,557,584
522,682,512,468,559,587
517,688,505,478,561,592
517,673,520,482,553,588
512,687,503,480,558,592
510,684,508,480,557,583
519,678,518,482,549,591
511,678,519,479,562,580
516,685,512,475,552,590
523,682,514,478,561,592
520,679,515,474,562,592
521,679,516,482,547,590
518,684,516,479,558,586
515,689,506,477,559,592
518,684,519,484,558,591
512,690,512,483,559,585
519,686,519,468,559,588
517,687,519,466,558,588
521,671,516,482,544,581
515,674,518,482,548,590
520,683,517,475,553,588
517,685,519,468,560,588
514,687,502,479,558,592
509,683,509,479,558,587
517,683,517,468,555,588
518,690,519,471,553,588
517,685,505,477,558,592
520,671,517,481,550,591
512,692,506,481,557,588
515,672,521,478,559,582
523,681,514,480,549,590
515,675,520,480,560,583
508,681,507,482,556,588
522,671,518,482,553,587
520,672,518,482,550,591
516,670,518,481,562,581
516,684,505,475,560,589
521,677,516,480,549,592
523,689,518,475,552,589
520,682,516,477,549,590
521,684,515,475,562,590
518,670,520,478,558,585
521,682,515,475,558,591
513,675,520,477,560,584
520,671,522,463,556,590
523,682,518,475,549,587
519,683,518,473,550,589
523,674,515,482,552,585
512,686,517,466,558,587
519,681,517,478,563,593
509,684,515,476,562,581
517,686,519,467,556,588
518,670,519,483,556,587
517,686,517,475,550,590
518,687,519,469,554,585
519,687,519,468,560,589
513,690,505,480,558,592
518,685,520,466,557,587
510,679,517,476,563,579
518,685,514,478,564,585
508,686,503,478,558,592
515,689,503,478,560,592
518,688,522,467,559,586
522,681,521,472,555,588
523,681,513,475,560,590
509,692,509,480,557,589
516,686,519,469,560,590
520,682,515,475,548,589
522,680,514,481,557,584
523,684,513,477,560,592
522,681,516,479,559,583
518,678,515,478,562,591
520,684,508,483,559,591
517,672,520,481,555,587
517,670,514,479,558,592
517,686,506,478,557,591
524,672,512,481,550,592
520,686,506,476,562,588
520,685,510,470,564,590
520,682,513,472,553,591
512,677,515,476,563,581
520,681,515,480,549,592
521,686,508,474,560,591
513,685,507,478,558,592
512,677,517,478,561,581
518,672,511,481,547,587
521,671,515,476,550,590
523,681,517,472,561,591
521,682,518,478,549,589
508,686,513,476,562,580
517,683,519,468,555,588
520,683,509,475,559,592
512,687,507,482,558,589
508,684,506,480,559,592
518,671,520,479,555,588
518,685,521,467,559,588
521,682,509,474,562,581
511,675,514,472,556,578
519,688,521,469,561,590
512,686,517,472,554,588
519,686,519,469,558,587
506,678,514,477,563,580
518,687,519,467,560,588
510,678,516,477,563,581
511,680,516,471,564,581
511,670,518,481,563,580
521,681,517,481,548,592
517,684,507,475,562,592
522,684,508,473,562,592
517,685,516,476,550,591
513,686,505,481,557,592
520,676,517,481,550,590
521,679,516,477,550,590
518,683,522,470,561,590
516,687,504,478,558,592
520,682,514,476,560,592
517,677,516,469,557,587
515,683,516,480,550,591
511,686,508,469,562,590
521,684,509,477,561,591
521,684,517,475,561,592
517,685,507,476,559,591
517,684,507,474,560,592
510,686,508,482,557,589
506,689,506,481,557,591
523,683,517,484,561,589
521,678,516,480,548,591
520,683,518,478,564,591
515,673,521,478,562,585
514,689,505,479,558,590
511,689,503,477,559,591
521,682,505,477,560,583
510,680,517,476,562,583
520,682,509,474,561,591
518,674,514,472,546,590
522,672,516,481,550,591
509,689,509,480,557,580
520,685,521,468,561,589
515,673,521,480,560,585
519,686,520,468,560,584
507,686,508,482,559,588
524,683,522,472,561,583
521,674,519,483,554,590
522,674,517,481,552,591
512,679,517,477,562,579
516,688,502,475,560,589
519,670,521,482,554,581
524,673,517,484,550,590
521,692,519,468,556,588
512,678,517,476,555,582
518,668,520,483,558,588
514,684,505,478,558,593
516,673,520,479,563,591
520,683,517,476,559,588
522,667,519,477,546,589
511,680,519,477,543,592
506,686,506,481,558,587
518,683,515,475,552,588
520,683,521,467,563,590
509,678,517,477,562,581
511,688,506,482,558,591
522,679,516,479,549,591
520,685,506,475,560,592
512,672,515,478,564,580
519,682,508,474,561,591
523,676,516,481,561,588
521,668,521,481,555,588
522,680,515,482,549,590
523,683,514,476,560,586
519,683,515,477,550,590
523,680,519,475,560,592
519,669,521,480,553,587
518,692,517,472,554,588
523,685,517,474,561,590
519,686,518,474,553,588
512,681,514,478,556,576
516,671,519,479,560,584
519,675,518,468,557,588
520,673,519,483,556,587
522,682,521,470,562,590
523,680,521,475,560,590
520,684,521,469,561,587
511,677,522,470,563,590
521,679,516,482,549,590
522,685,509,473,560,591
518,685,519,467,559,589
515,674,521,480,562,579
518,685,506,475,561,591
524,681,510,472,561,590
509,679,516,478,562,582
510,671,520,478,560,582
513,681,516,478,547,589
509,686,507,483,559,588
513,673,520,476,563,581
520,680,516,480,548,587
513,676,519,478,562,582
516,683,505,478,560,593
523,680,516,477,552,578
513,686,518,469,554,588
520,682,506,482,560,589
521,682,521,468,562,589
519,677,520,466,551,588
520,681,515,479,550,590
518,687,521,469,555,584
514,686,506,480,558,591
514,689,502,481,556,591
510,680,515,469,562,581
522,688,521,469,561,590
519,683,509,474,561,592
515,685,506,478,559,591
520,691,518,473,554,589
522,669,517,483,548,591
518,686,507,476,561,591
513,687,505,483,557,590
505,675,520,480,560,579
519,683,516,473,549,590
512,674,517,476,563,581
512,685,505,481,558,592
512,687,508,484,558,591
522,680,520,473,560,589
515,686,507,480,559,591
506,679,514,478,562,587
519,687,519,470,556,586
516,684,517,474,551,588
519,687,520,468,558,587
523,683,515,474,561,590
510,684,512,478,561,579
518,670,519,481,557,588
523,681,513,477,558,590
512,677,515,476,560,581
519,685,510,473,561,592
520,667,521,480,557,586
519,683,509,473,561,591
509,686,506,482,557,588
521,682,514,476,549,591
512,688,513,477,559,581
523,681,521,469,560,589
521,671,521,482,556,593
525,678,516,483,549,592
509,684,513,479,551,587
523,678,513,478,549,593
515,689,507,479,560,585
515,685,507,477,556,590
517,689,504,479,562,591
519,684,518,470,555,588
521,671,521,482,553,587
520,669,521,480,557,588
516,681,518,478,559,593
523,680,505,472,561,590
523,682,511,475,560,591
513,682,519,477,549,589
524,676,516,489,548,591
526,681,520,469,559,587
523,671,516,470,542,590
517,684,505,481,560,593
524,671,521,482,556,589
517,677,514,480,548,588
520,666,511,483,542,587
524,683,516,475,561,590
520,684,518,469,556,587
523,683,509,473,561,591
521,672,519,483,555,586
522,685,516,476,549,590
518,683,520,469,559,589
520,688,502,480,557,593
525,681,518,475,560,592
512,669,510,480,551,587
524,659,513,482,553,592
516,672,521,479,557,583
520,685,520,469,557,588
513,676,519,479,558,585
519,685,517,474,551,587
511,686,519,471,559,583
521,682,517,475,550,587
517,681,515,481,548,592
519,684,507,481,556,591
514,689,506,481,558,591
511,682,512,477,563,581
515,670,519,481,555,587
519,683,517,472,542,589
524,681,509,475,560,591
519,683,516,475,549,589
526,668,519,481,552,582
522,681,506,477,564,580
513,684,507,483,556,591
514,669,519,479,557,584
517,667,520,477,564,585
514,682,505,483,556,590
521,684,519,469,554,587
524,679,514,481,558,593
519,674,516,481,548,591
520,682,514,477,549,590
521,680,519,473,561,592
524,677,520,475,560,586
511,675,511,482,562,587
521,680,508,477,560,591
520,679,508,474,560,591
519,684,520,474,551,588
522,673,515,481,549,592
518,684,520,472,553,588
517,686,506,481,556,591
521,679,516,478,561,591
519,684,519,469,556,589
512,676,506,482,556,591
518,687,519,471,553,589
523,673,517,480,547,591
521,679,510,477,560,591
519,682,518,471,554,588
520,683,517,474,553,587
519,669,521,482,556,588
517,671,522,481,559,584
524,667,520,483,549,590
521,675,515,480,550,587
519,681,522,469,559,589
519,675,518,481,548,590
519,666,523,481,557,586
512,676,517,472,555,581
512,682,518,473,548,587
518,684,519,471,552,587
513,672,519,480,562,586
511,684,507,483,557,590
521,669,521,483,549,589
510,685,506,481,551,589
513,681,508,484,557,588
512,671,520,479,556,583
519,667,521,483,556,587
510,685,507,484,557,590
516,669,518,484,550,590
514,682,515,474,549,589
519,682,508,474,561,590
516,681,505,481,557,592
512,673,520,479,561,582
512,681,508,484,560,588
522,677,516,469,556,577
511,685,509,484,559,588
521,668,514,475,557,584
518,666,521,481,555,585
521,684,519,470,556,588
518,683,517,471,555,587
521,682,521,469,561,588
525,670,516,470,554,590
523,668,518,484,552,590
520,681,520,472,561,588
519,682,517,476,549,588
522,679,514,477,550,589
515,657,514,478,559,582
519,686,506,481,558,592
523,678,516,478,547,589
517,679,505,482,555,592
519,682,519,471,555,585
524,664,520,477,560,591
523,681,507,470,560,591
527,677,517,476,558,592
510,680,505,482,557,591
515,683,508,482,557,592
524,666,518,482,551,590
509,678,510,483,556,586
523,681,507,477,561,592
513,672,518,480,562,580
515,670,521,480,562,582
525,677,518,474,562,592
516,681,512,481,558,591
517,682,518,475,562,581
520,682,517,474,558,590
519,668,519,481,560,591
524,675,514,485,550,582
515,686,504,483,557,592
524,688,507,480,559,593
526,678,516,477,561,591
518,671,506,474,553,592
512,675,519,479,562,582
522,683,516,477,549,589
523,679,511,472,561,588
512,684,509,487,556,590
512,687,501,477,554,590
517,682,507,479,558,594
510,684,509,482,558,587
516,676,516,480,562,582
510,677,512,481,561,581
515,678,517,480,547,591
519,682,522,469,558,587
513,679,510,485,558,588
519,687,507,483,558,586
513,682,510,484,558,588
513,684,507,484,556,591
518,670,520,480,558,583
519,686,516,471,555,583
515,683,519,471,558,589
523,679,509,475,560,591
524,674,518,484,549,590
511,670,519,479,559,583
512,684,504,481,556,590
523,668,517,474,561,591
520,679,507,476,549,591
521,683,521,469,561,588
516,682,505,481,557,593
516,682,519,471,559,590
518,670,520,479,564,583
512,686,508,481,550,589
523,667,512,470,555,586
512,684,507,484,556,587
520,671,513,470,549,588
522,682,510,477,559,592
528,681,518,476,562,589
524,677,513,478,560,592
522,681,517,476,551,588
513,683,521,481,550,589
521,684,506,477,562,591
522,675,516,482,548,591
523,682,515,476,563,590
512,681,515,479,558,581
526,670,513,485,553,590
519,682,511,470,560,589
528,678,512,473,563,590
523,676,515,475,561,592
523,681,521,472,562,589
524,676,517,475,560,591
517,672,520,479,561,582
520,687,520,464,556,583
513,683,505,484,556,591
511,677,509,483,558,590
514,679,511,478,561,580
523,683,524,470,560,589
519,686,507,478,557,592
522,678,515,482,551,591
506,678,511,483,558,584
522,670,520,482,556,588
520,671,516,475,557,588
515,684,518,468,558,589
520,687,514,471,555,588
524,680,516,478,548,590
521,683,508,482,565,591
525,670,518,482,550,590
520,672,522,481,556,583
521,679,518,475,551,590
520,679,517,478,548,590
523,672,517,477,554,586
517,681,516,476,559,592
520,669,521,468,557,587
517,671,505,475,558,593
516,683,508,484,556,592
520,683,518,480,548,589
513,664,511,479,553,580
513,678,517,481,564,580
523,683,510,464,562,585
525,666,516,475,560,590
520,684,520,464,558,590
511,679,512,481,557,586
519,667,514,478,564,581
518,686,519,473,555,588
520,682,518,470,556,588
519,683,516,477,550,588
520,679,517,474,548,587
522,680,522,471,560,588
516,675,519,480,560,582
523,681,522,473,560,589
524,678,522,472,561,590
511,683,520,470,558,587
520,665,520,483,556,587
518,686,520,467,558,589
523,682,519,470,561,588
525,670,518,485,550,590
522,684,521,471,560,588
525,667,516,481,549,591
523,682,519,469,561,587
519,679,515,479,549,588
521,683,506,478,559,592
507,685,505,482,556,590
525,668,519,483,551,590
524,680,516,474,562,590
522,680,513,480,561,592
524,673,517,483,549,591
518,672,518,482,549,591
524,684,521,470,560,590
520,679,509,476,557,590
524,677,514,479,550,590
519,686,505,482,557,591
524,668,519,484,553,590
517,667,523,481,557,583
512,680,511,482,558,585
521,682,520,471,560,589
522,685,507,475,560,593
516,685,506,479,558,592
524,671,517,486,549,591
521,674,517,484,549,592
522,681,519,470,559,588
510,681,513,479,559,579
523,671,515,482,554,590
515,671,519,479,562,580
522,664,518,482,554,591
518,684,505,481,557,592
522,681,518,475,549,590
519,682,520,470,555,586
523,682,511,476,557,590
523,676,518,482,547,592
525,684,514,477,558,592
522,666,520,481,554,590
522,679,522,468,561,590
525,681,522,472,560,590
519,667,522,480,560,584
521,674,518,482,553,590
515,671,521,479,560,585
524,682,507,475,562,591
521,668,519,481,556,583
521,686,508,475,561,591
513,664,519,479,561,582
519,686,519,468,560,591
526,681,513,482,560,592
525,682,513,480,561,590
522,685,518,475,551,589
522,683,522,473,560,591
522,681,509,477,559,591
512,677,519,479,562,581
513,676,516,479,561,580
512,679,515,477,561,579
515,680,509,480,560,591
512,686,507,483,557,588
522,673,517,482,555,591
521,681,516,477,563,591
524,680,514,478,550,590
518,684,519,469,554,588
524,677,517,479,546,583
519,681,520,470,549,584
521,667,518,483,551,587
515,680,515,475,560,591
520,680,518,471,555,589
516,687,508,479,559,592
524,679,511,471,561,589
521,680,517,480,550,589
509,677,510,483,557,584
524,680,517,479,558,593
515,683,506,483,557,588
521,679,511,475,562,591
513,675,519,479,561,580
520,672,522,470,562,589
522,680,508,480,560,591
513,686,508,481,557,590
521,679,518,476,562,592
524,681,512,480,559,592
515,675,517,480,561,579
521,683,507,478,559,590
512,681,506,482,556,589
522,683,517,472,553,587
520,679,520,469,560,589
522,667,520,479,557,585
520,667,522,482,556,586
520,685,512,466,554,585
520,682,508,476,558,592
517,658,522,481,563,586
520,679,519,471,561,589
519,683,508,479,557,592
510,681,513,478,562,581
521,681,521,472,554,588
517,686,504,480,559,591
517,681,520,469,559,589
517,673,520,483,561,584
511,682,513,478,562,580
519,667,519,480,559,585
518,682,519,470,559,587
515,674,521,479,564,583
520,671,520,470,557,589
515,673,520,480,562,581
514,682,500,483,552,586
521,671,521,480,558,587
516,684,506,481,559,592
527,675,518,479,560,592
519,669,518,484,557,586
522,680,509,465,563,586
523,683,509,475,559,590
510,684,514,478,562,581
521,681,522,471,564,589
519,683,519,472,556,588
523,667,517,483,550,590
521,666,520,481,557,588
523,678,519,480,547,591
518,684,504,481,559,593
518,668,520,482,557,585
524,672,516,486,548,589
524,680,517,477,558,592
519,666,521,482,552,585
512,677,515,479,562,582
519,679,519,469,560,589
521,682,522,471,552,585
521,680,521,470,559,588
519,679,509,473,562,589
521,679,517,468,553,589
513,682,510,482,557,588
512,679,513,478,560,581
514,678,512,478,563,580
525,670,517,484,549,589
521,685,505,478,558,591
513,683,508,481,557,589
522,679,516,471,563,590
518,684,506,482,558,592
516,673,518,478,563,581
526,677,515,475,561,592
522,684,519,470,558,588
512,676,518,479,561,589
525,679,520,467,561,590
509,676,511,482,558,588
513,661,511,480,553,578
524,665,516,483,552,590
519,684,507,478,560,592
520,682,515,476,549,586
520,671,515,472,555,588
521,679,515,475,549,588
521,674,514,476,551,591
523,680,506,479,558,591
524,682,521,467,561,589
524,677,517,476,561,590
514,668,520,482,556,587
509,682,517,475,555,587
513,681,507,483,557,589
506,683,514,479,560,582
519,668,521,482,557,585
519,683,516,471,554,589
512,683,509,485,559,585
513,675,519,478,560,580
518,665,521,482,559,585
524,670,514,481,558,592
513,674,517,479,560,581
521,684,510,470,561,589
517,670,520,479,558,586
519,681,520,471,556,589
510,679,517,478,561,580
516,686,506,481,560,592
524,680,524,475,560,590
523,673,517,479,550,591
521,682,514,475,551,584
516,669,521,480,562,586
516,683,505,481,557,592
523,682,517,469,556,589
522,682,516,464,564,587
521,678,521,472,562,590
526,676,515,484,548,591
522,682,521,464,561,591
521,667,521,483,555,588
521,666,520,481,560,583
518,686,519,472,552,589
514,686,506,481,558,591
528,678,516,478,560,591
520,667,521,478,561,583
515,671,519,481,562,586
521,675,515,480,548,591
512,678,510,482,559,583
525,681,513,481,559,591
514,683,508,484,557,587
507,674,516,481,562,580
513,673,524,480,560,583
515,673,512,473,563,579
523,676,515,478,558,591
514,684,508,476,558,589
520,663,502,477,554,587
519,683,509,474,561,589
521,685,517,474,551,589
523,682,519,472,558,585
527,681,511,468,561,590
521,685,518,469,553,588
521,679,514,478,548,589
526,677,515,478,557,590
525,670,519,484,552,590
526,682,514,481,559,590
513,669,518,478,563,583
521,667,521,482,558,585
521,666,518,479,556,588
513,685,504,481,557,588
526,675,517,484,551,583
527,684,513,477,559,591
515,680,506,482,556,591
518,680,507,477,558,591
519,682,506,469,560,589
518,673,520,480,561,584
512,683,514,479,562,579
523,682,520,469,560,589
520,683,519,467,560,585
524,682,519,467,557,587
524,672,517,480,548,588
520,677,512,481,558,591
519,681,507,481,558,591
513,683,500,485,557,587
529,680,509,472,559,589
521,681,506,482,558,591
524,665,520,481,555,587
521,667,519,483,553,589
528,668,517,483,547,589
524,680,507,480,549,582
522,667,518,484,553,586
523,678,521,470,562,588
526,659,514,480,548,591
529,678,518,480,558,590
524,685,505,478,560,591
524,676,517,477,551,590
523,679,521,469,561,588
525,664,521,481,555,590
519,653,521,481,558,584
527,678,516,478,552,588
524,677,517,477,549,587
526,670,519,483,542,586
523,677,516,473,548,588
520,663,518,474,552,588
528,679,511,476,563,591
525,682,521,468,559,586
522,681,504,481,559,592
527,680,514,478,559,592
526,682,518,470,553,587
515,684,511,481,557,587
511,682,514,478,563,581
526,663,520,481,551,588
522,679,521,471,561,586
515,688,508,482,558,589
522,678,520,472,558,585
525,665,520,479,555,587
520,667,521,478,562,584
523,685,519,471,554,586
524,670,519,482,547,591
516,683,507,484,556,590
522,681,517,471,558,587
517,674,517,478,559,581
512,680,513,478,558,580
521,678,507,479,558,591
522,682,504,475,558,592
523,680,507,478,558,590
526,667,518,482,549,591
523,682,522,469,558,588
528,670,517,484,549,591
510,669,518,480,558,584
525,670,520,484,550,590
526,674,509,478,559,590
513,673,516,476,561,580
522,679,522,468,557,589
521,679,518,469,556,588
515,682,511,482,559,587
523,683,522,469,560,589
526,662,519,466,553,592
523,682,523,468,561,591
517,679,505,483,556,592
524,679,507,478,559,590
526,668,518,476,549,589
520,682,515,478,559,580
521,681,520,471,557,587
519,668,522,481,559,585
522,686,518,471,554,587
518,680,508,484,557,593
515,673,517,476,560,580
514,679,503,485,549,581
521,666,521,478,559,583
526,676,509,473,559,581
527,675,516,478,558,590
525,679,510,472,561,588
521,682,519,472,556,588
523,683,507,473,560,592
521,679,508,479,560,592
514,679,502,485,547,583
526,671,515,478,550,588
521,678,518,471,564,588
519,683,509,477,561,591
522,667,517,479,562,579
519,667,518,483,551,587
527,677,509,473,560,589
527,676,513,480,559,594
510,680,506,484,558,591
526,674,513,476,553,588
527,681,518,477,561,589
522,677,522,471,558,588
525,680,522,469,559,588
514,682,511,483,557,587
516,675,521,480,563,581
515,669,518,480,561,587
514,676,514,478,562,579
525,665,520,481,549,590
524,680,521,467,560,588
524,678,516,478,549,589
526,679,506,482,557,592
514,673,517,477,562,581
528,670,517,483,549,592
521,675,513,482,559,589
524,683,521,468,559,587
513,682,509,481,556,588
514,681,511,483,558,586
529,679,513,480,557,593
525,681,510,473,563,591
526,675,517,479,549,590
514,675,513,480,562,582
520,671,513,473,563,580
519,649,513,478,555,583
517,681,506,481,556,589
515,673,518,477,561,582
522,681,505,478,561,591
516,685,509,482,558,591
522,679,506,480,558,593
524,677,521,470,562,590
527,673,520,474,563,592
519,663,521,483,557,586
526,667,516,485,550,592
512,677,511,484,560,586
522,680,520,479,561,588
516,673,516,477,562,580
523,667,521,481,555,586
527,680,517,474,561,591
523,677,516,477,559,593
514,680,512,480,563,582
519,677,509,477,558,592
525,682,503,473,559,591
517,674,522,480,559,583
522,686,520,471,559,587
515,670,518,478,560,581
520,680,505,483,560,592
527,667,517,479,548,590
523,673,517,477,551,588
522,681,519,475,551,587
528,681,511,472,559,590
520,665,521,480,559,583
527,655,516,483,549,592
521,682,521,471,562,588
519,677,507,483,557,592
523,681,520,469,560,589
522,682,512,464,559,584
516,677,522,470,562,589
518,667,519,480,562,582
528,674,511,485,555,588
520,680,507,480,560,591
516,674,518,480,560,580
527,666,517,485,552,589
526,663,519,482,554,588
528,673,520,474,561,591
514,671,517,478,561,582
517,679,507,485,556,591
529,676,511,468,560,590
528,679,503,475,559,589
524,684,518,470,554,589
524,675,517,473,554,588
526,675,518,479,547,588
523,679,508,477,561,594
524,680,499,472,561,588
522,679,518,469,562,593
523,674,518,470,557,588
524,662,514,468,558,589
528,674,519,476,559,588
524,666,519,473,556,581
527,670,517,484,548,590
516,668,518,479,559,582
526,674,515,470,552,591
525,679,521,470,560,589
526,677,505,475,557,579
524,676,517,471,553,588
526,671,518,483,550,591
525,671,520,470,560,591
523,664,519,486,554,588
519,663,518,481,558,585
522,674,520,471,559,588
523,672,515,479,548,590
524,660,518,484,551,591
523,659,521,483,555,587
527,673,514,476,561,591
525,662,517,485,550,591
529,671,509,475,559,592
525,662,518,482,551,590
527,668,517,480,543,591
523,675,517,477,547,590
531,673,520,474,559,589
524,676,520,470,561,589
526,671,507,477,558,592
524,678,521,471,558,588
526,676,510,475,562,591
521,681,508,479,557,594
523,678,515,475,550,588
525,661,520,474,552,590
525,670,516,477,549,592
513,674,513,481,562,581
523,678,519,476,552,583
526,671,517,480,548,590
522,677,516,473,555,588
522,677,506,481,559,593
523,679,522,472,553,587
527,679,515,478,554,590
523,674,521,471,559,592
517,670,509,484,558,590
514,671,512,481,560,581
519,673,507,479,556,594
513,673,514,480,562,582
524,676,521,471,558,587
521,665,522,484,557,588
522,660,521,484,555,586
523,663,514,468,554,590
519,673,508,477,562,588
525,672,511,485,549,593
524,658,521,484,555,589
522,679,518,471,554,588
523,677,520,472,556,587
520,678,505,484,559,588
528,673,508,472,560,585
523,678,516,473,553,583
528,671,519,476,562,592
519,678,506,485,550,593
526,672,522,472,560,589
515,679,508,482,557,589
520,657,521,473,552,584
524,672,522,470,560,589
524,671,521,473,563,590
528,674,511,475,560,592
527,666,518,485,547,592
520,671,519,479,562,590
527,673,518,474,551,589
525,659,519,484,552,592
515,676,513,481,562,582
523,674,520,471,554,588
526,674,508,477,558,593
525,672,516,477,559,591
516,678,511,484,558,587
523,673,518,475,551,586
523,675,518,479,549,588
526,673,520,471,557,590
517,674,510,486,554,592
520,658,520,481,556,585
526,676,511,479,561,583
525,671,507,477,559,591
528,661,520,483,549,592
520,677,504,483,556,591
527,669,515,479,549,591
525,674,517,476,547,591
514,678,512,479,561,580
525,678,523,464,552,588
525,676,516,468,558,590
516,679,517,471,558,586
526,673,518,473,552,591
526,667,517,482,548,590
515,677,509,483,557,588
518,675,508,482,560,592
526,676,520,472,555,589
515,677,512,483,557,584
517,668,516,481,560,581
521,670,516,481,547,592
515,672,517,478,560,582
517,668,516,478,559,582
517,669,514,480,561,579
526,671,510,475,559,592
519,676,506,483,558,588
527,670,508,476,559,592
524,671,522,471,561,591
525,670,516,474,549,588
520,677,519,471,556,587
524,659,518,485,554,589
528,671,517,482,546,590
530,674,520,472,555,589
526,674,514,483,556,593
524,672,508,477,558,594
523,659,523,482,556,588
525,659,516,478,552,591
516,670,515,480,560,580
528,670,515,477,559,591
529,669,520,480,561,591
518,670,517,481,561,582
525,662,518,485,551,593
527,671,519,478,560,591
526,667,516,486,548,592
522,663,521,483,556,587
524,675,515,474,552,588
525,670,517,480,547,589
526,672,516,482,547,592
526,667,515,488,547,591
525,677,520,472,555,588
525,660,518,485,546,593
517,671,520,480,561,582
526,673,514,482,559,594
526,671,523,474,559,591
516,673,523,471,557,588
528,674,514,476,560,592
530,670,515,480,557,590
524,672,523,471,559,590
519,677,506,481,558,593
524,676,521,472,558,587
529,671,517,476,560,591
526,673,519,474,553,588
515,677,506,483,556,591
530,676,507,479,562,586
522,661,523,482,558,587
526,671,518,478,547,589
517,675,506,484,555,593
518,673,507,482,557,592
528,666,516,484,549,592
526,673,510,479,555,592
522,661,517,488,549,591
518,668,520,480,560,584
524,674,508,481,558,592
526,675,522,472,558,589
526,667,518,480,547,591
513,673,513,478,560,579
524,678,513,466,553,585
524,661,523,472,560,590
529,671,518,481,559,592
525,674,512,480,547,590
514,674,511,485,556,587
525,657,515,475,558,592
515,675,505,484,557,593
515,670,507,485,556,586
524,665,514,480,546,590
523,679,507,480,559,594
524,677,517,472,558,589
525,676,521,471,561,589
517,668,516,480,560,580
512,674,511,483,557,595
528,672,519,471,561,590
523,676,516,476,554,589
522,662,524,484,553,590
528,652,521,482,559,592
518,665,521,482,558,586
518,658,520,484,555,590
526,671,517,479,547,591
527,672,519,476,560,583
532,671,514,479,562,591
515,677,519,473,551,587
526,663,519,474,547,592
524,671,517,484,549,589
522,660,522,482,556,586
517,663,521,481,559,584
519,660,522,485,553,589
523,674,506,480,556,593
527,673,523,473,559,591
515,667,517,482,559,582
521,676,518,471,554,589
527,672,517,478,560,592
522,660,521,481,558,586
526,676,510,475,560,592
521,674,519,471,557,589
515,661,522,482,556,590
525,665,509,475,560,592
522,662,522,483,553,589
527,660,522,482,551,590
516,676,507,481,556,591
527,679,509,474,560,594
517,673,522,471,560,591
516,674,507,485,556,590
526,669,517,479,549,590
526,671,520,485,546,590
522,676,520,475,552,589
509,669,519,481,562,581
524,670,516,477,549,587
526,672,518,482,548,589
527,672,517,476,558,594
523,676,523,471,556,589
526,677,519,471,557,589
522,680,522,471,553,588
523,673,508,481,558,593
509,674,512,482,560,581
525,675,522,475,561,590
516,680,509,484,557,593
527,669,517,480,548,591
527,676,518,474,555,587
519,666,517,481,559,581
521,676,506,482,557,592
528,663,518,482,548,591
525,658,522,484,552,590
526,672,519,471,562,591
515,671,516,478,561,580
518,663,524,482,559,586
522,679,523,471,555,589
525,670,516,486,548,592
526,661,519,486,549,590
525,664,518,474,552,589
522,649,519,484,557,588
528,672,512,482,557,592
521,675,518,476,551,589
525,675,520,471,554,588
522,675,517,476,552,590
517,666,519,480,561,582
529,668,518,482,547,592
523,674,509,479,561,592
514,674,516,481,558,582
526,676,524,472,559,591
511,677,507,485,556,592
523,675,509,480,559,593
523,656,521,484,556,589
527,664,518,484,549,592
525,673,508,477,560,592
527,671,522,473,561,590
522,664,522,483,560,588
519,659,521,483,556,585
519,680,505,482,558,593
527,673,520,477,559,591
526,669,511,486,540,587
524,674,507,476,559,593
525,675,518,475,550,589
526,677,521,465,556,582
517,665,507,485,549,593
518,659,522,484,552,589
529,669,519,479,547,592
528,669,513,483,557,592
524,673,521,476,560,593
523,670,521,472,561,591
526,675,511,477,560,592
515,676,509,484,555,592
526,661,517,478,554,590
525,652,512,483,543,592
523,676,513,480,559,582
525,660,521,484,557,585
527,670,517,479,553,592
527,668,517,484,547,592
517,675,509,484,557,589
522,659,524,481,559,584
525,671,520,479,546,591
517,680,508,484,555,590
520,665,521,484,556,586
524,676,505,484,560,592
527,675,513,477,559,593
527,669,511,473,559,589
523,678,507,479,555,594
523,676,506,481,554,592
524,674,508,485,554,592
527,670,515,476,559,589
527,662,519,486,550,592
521,676,519,471,557,589
524,672,521,471,560,591
519,670,520,480,548,591
527,669,515,481,559,595
517,674,521,474,553,588
522,673,518,476,552,588
524,678,518,477,552,588
525,674,522,470,558,589
528,669,512,484,557,593
527,673,523,471,561,590
520,673,507,482,554,592
524,648,525,477,551,587
519,662,521,480,561,585
528,659,520,485,546,591
525,674,522,471,562,589
521,662,524,483,555,589
518,675,506,484,556,589
528,659,522,482,550,592
510,668,518,481,561,584
512,667,516,480,561,581
528,670,519,475,557,593
526,674,518,475,559,592
526,671,524,483,558,594
515,679,512,483,557,588
520,675,506,484,558,594
526,671,518,480,560,592
525,659,522,486,553,590
521,661,522,486,556,587
523,672,521,470,560,589
515,678,509,477,555,588
518,673,506,484,556,594
524,674,523,471,560,588
524,675,522,471,557,589
521,661,509,478,559,592
515,680,509,485,555,590
525,673,524,474,559,591
523,676,523,472,556,587
520,673,510,475,559,591
523,673,518,475,547,587
510,677,509,484,555,589
521,680,520,470,553,589
520,677,506,483,556,593
526,668,519,482,545,592
524,678,518,476,549,586
518,671,518,488,548,593
519,661,522,483,558,584
525,673,515,480,558,591
515,671,515,478,562,582
528,670,514,482,558,592
514,672,516,481,561,581
521,675,520,470,556,589
516,674,509,484,556,590
522,664,522,481,557,585
521,670,517,482,549,591
523,658,522,483,557,587
527,659,515,485,550,591
525,659,519,487,552,591
517,676,509,485,557,590
521,676,508,483,558,592
524,675,507,482,556,592
523,675,521,472,558,590
523,672,507,482,557,592
528,673,509,478,560,594
523,673,519,473,553,589
525,676,523,473,557,590
515,676,507,486,559,593
521,674,509,481,558,593
529,669,512,480,558,591
515,669,511,484,557,584
515,676,506,487,554,590
516,677,504,485,555,590
521,675,506,481,556,593
527,670,517,479,559,592
525,668,508,479,563,593
527,669,518,476,563,591
529,673,518,476,557,593
524,674,524,471,558,589
527,670,518,481,550,592
518,664,521,482,560,587
516,674,515,483,559,582
523,677,521,471,555,590
519,659,520,482,558,585
528,672,516,477,560,592
524,672,520,477,559,592
528,664,519,486,549,591
518,663,522,484,560,583
531,662,517,487,550,591
528,667,517,481,548,588
515,669,515,482,562,591
525,678,518,470,553,588
528,672,516,483,547,592
527,672,523,473,559,590
520,677,509,485,551,593
518,676,508,481,558,593
526,670,515,479,559,595
520,676,506,483,556,592
526,675,522,469,560,588
524,661,508,479,554,592
515,673,509,483,558,592
524,671,516,480,547,591
523,672,514,479,559,591
518,673,508,482,556,594
530,668,511,474,560,591
525,674,511,476,560,593
523,675,523,464,552,588
522,673,512,484,557,591
523,672,507,478,557,593
514,664,519,481,562,582
527,670,522,471,560,590
526,665,517,484,548,589
528,668,518,478,556,593
528,657,514,481,557,593
525,666,517,479,557,585
526,671,520,477,559,591
518,672,511,487,557,589
527,661,519,473,542,591
522,674,520,477,550,590
521,655,522,486,550,589
522,672,518,474,548,590
515,669,513,482,557,580
524,669,507,479,559,592
523,673,521,470,556,586
514,675,515,479,560,582
524,659,521,473,549,589
527,667,510,477,559,593
527,656,521,484,551,591
524,661,519,472,556,589
525,670,518,474,553,588
514,673,516,481,560,582
528,670,520,479,558,592
525,675,513,477,551,589
520,661,521,484,557,584
523,674,524,473,550,585
521,666,517,480,547,592
526,659,520,486,552,591
518,651,518,481,560,583
524,674,517,477,551,586
515,668,512,481,560,582
526,666,518,477,549,589
528,658,519,484,548,592
526,667,523,472,561,591
520,672,523,474,558,593
528,668,509,478,559,592
525,668,523,471,560,590
521,673,523,471,558,590
525,672,519,478,551,589
516,678,515,480,558,582
513,675,513,481,558,579
520,669,513,484,557,593
518,675,519,477,553,585
526,660,519,477,552,589
527,670,515,482,547,591
528,670,515,482,556,593
528,676,516,479,557,593
524,657,523,485,553,588
521,675,519,472,554,590
510,672,512,482,560,582
525,670,517,473,548,589
516,672,508,482,558,593
513,673,513,482,558,582
528,666,514,481,556,595
525,668,519,484,548,591
526,660,512,485,548,585
517,676,509,484,557,591
526,672,519,479,559,593
516,665,512,484,560,589
524,675,521,472,558,589
528,667,519,486,547,590
529,672,515,478,557,593
526,658,522,486,552,590
525,658,518,476,551,589
518,659,522,483,557,587
517,659,523,476,554,586
524,657,521,483,552,591
521,660,522,482,563,588
521,672,519,471,558,587
528,658,509,485,556,590
526,667,518,481,549,590
521,676,507,485,554,591
526,644,516,483,548,591
515,677,505,485,554,588
526,670,524,472,559,592
523,676,521,470,557,588
526,664,518,482,546,594
526,670,518,483,547,591
526,649,515,466,555,591
519,674,510,483,554,590
513,673,509,488,557,589
525,659,522,485,556,590
525,655,523,483,545,591
520,673,507,486,558,589
521,674,509,485,557,593
518,665,509,485,559,592
525,671,511,473,560,592
520,670,508,482,557,592
524,678,515,467,556,589
522,678,523,471,559,589
516,666,520,481,561,583
525,672,518,482,548,592
518,679,505,485,557,586
529,671,512,481,558,592
525,670,516,481,549,593
521,667,522,483,559,586
514,663,521,480,557,586
525,672,522,477,559,592
525,676,522,473,561,591
523,680,517,474,554,588
515,675,509,486,555,588
521,679,519,473,556,589
527,667,517,484,548,591
528,672,514,482,558,589
525,673,523,478,561,591
524,676,516,480,550,590
522,661,522,485,557,590
515,666,519,480,564,583
524,677,502,476,562,590
522,661,519,486,550,593
521,680,519,476,553,589
527,661,514,480,551,593
528,678,512,477,560,594
512,672,518,482,555,582
513,680,510,484,549,590
516,676,509,487,558,591
522,678,521,473,555,589
518,676,509,484,557,591
522,677,518,473,555,590
528,677,510,478,558,588
528,668,518,481,547,590
527,675,526,474,560,590
528,672,511,476,563,591
527,671,521,482,560,585
521,680,508,478,556,593
527,675,513,474,558,594
522,678,511,480,560,595
523,679,520,464,561,588
522,652,520,484,557,589
526,679,509,476,561,592
520,665,523,483,556,589
517,677,523,472,559,589
526,665,518,479,551,588
516,680,505,485,556,591
528,666,518,486,546,593
517,671,521,480,562,585
528,665,518,486,547,593
517,675,510,488,556,590
511,667,522,482,561,586
521,679,521,474,553,589
526,649,520,486,552,592
519,664,522,483,563,587
528,661,519,484,547,589
524,680,520,476,553,589
528,665,520,484,548,592
521,664,523,483,559,585
523,679,508,480,559,593
525,675,522,477,560,590
527,667,518,484,549,592
529,661,516,476,553,591
520,676,507,483,556,593
522,668,523,481,560,583
523,661,523,484,556,590
517,678,509,486,556,595
528,676,515,482,559,594
516,678,508,484,556,581
527,671,516,478,555,589
526,670,522,486,549,592
525,676,523,474,562,591
523,663,524,485,554,590
525,677,509,484,558,594
518,669,522,483,560,583
515,668,522,482,562,594
527,668,519,486,546,591
525,672,518,476,563,593
524,677,523,473,559,590
526,663,525,485,549,591
523,678,521,475,555,589
522,674,526,473,558,589
527,675,512,477,561,593
524,676,521,473,560,586
526,669,518,483,548,590
529,672,516,478,558,593
514,674,516,480,563,584
523,664,509,481,561,593
528,681,520,476,559,592
529,675,520,478,559,593
514,675,516,480,560,581
517,681,508,484,556,594
525,674,520,478,559,593
522,678,524,474,562,593
511,668,520,483,561,586
522,675,524,473,560,591
523,673,524,474,560,589
523,676,522,473,554,589
521,675,523,470,558,590
516,664,523,481,558,586
525,680,518,467,561,587
528,670,524,473,561,593
525,675,523,473,560,592
527,675,523,476,562,592
525,678,519,476,552,590
526,679,509,481,561,588
516,666,521,483,564,584
518,678,508,482,556,595
515,668,519,481,556,579
524,677,523,473,557,588
517,675,520,481,559,583
523,677,512,479,561,592
522,663,520,486,550,582
516,679,511,484,557,588
525,662,521,486,550,591
523,675,516,482,551,590
521,676,519,478,559,595
515,671,520,480,561,585
521,664,521,484,560,587
526,673,523,480,559,582
521,677,506,479,560,591
527,665,517,485,548,593
521,681,507,483,558,593
525,673,518,483,547,591
524,665,521,483,556,587
514,677,511,485,559,588
525,674,519,481,558,593
527,672,514,475,556,592
527,676,510,476,554,591
519,683,508,482,558,594
525,667,521,466,555,588
525,665,520,485,553,589
514,683,508,484,559,589
526,675,516,476,561,592
523,683,517,471,554,590
515,672,515,478,560,594
520,679,518,473,556,588
523,664,519,486,555,589
518,666,520,481,564,586
526,673,513,483,561,582
528,672,514,478,560,593
526,672,513,479,559,592
521,679,517,473,557,589
524,678,522,470,563,590
521,678,505,481,558,592
522,679,506,482,558,594
513,676,510,486,554,589
522,676,508,477,562,592
518,665,521,482,563,586
516,669,508,486,557,592
527,677,517,478,562,582
525,675,509,478,561,592
524,664,516,478,551,589
528,672,517,481,548,591
526,677,513,481,559,593
526,680,508,479,562,594
526,678,509,477,562,593
518,676,505,484,559,589
516,673,520,477,561,591
527,664,519,484,550,592
527,660,519,485,547,587
523,679,507,479,562,591
523,672,520,481,550,592
524,679,509,477,561,594
520,668,522,465,555,589
524,683,518,473,554,590
517,673,516,480,562,584
516,666,518,481,560,582
524,678,519,474,563,591
517,669,516,482,548,590
523,676,519,472,564,591
524,679,521,471,561,591
520,679,507,485,558,589
522,676,518,480,561,581
526,674,517,480,560,591
524,679,520,475,554,590
527,668,521,483,553,590
524,663,520,485,552,590
523,679,520,472,558,588
524,663,517,483,551,594
522,664,520,483,557,590
517,681,507,481,559,595
521,682,506,483,558,593
516,669,518,481,558,585
524,671,514,482,549,592
523,679,517,478,557,589
518,677,521,471,560,586
524,676,515,482,560,594
522,675,514,481,562,583
516,667,509,479,553,589
516,661,520,486,555,590
526,662,520,483,557,590
525,676,509,476,562,591
524,678,522,484,551,591
526,675,523,472,563,591
526,677,519,478,559,592
526,678,520,470,556,589
528,677,518,477,561,593
527,677,510,476,556,593
522,661,522,484,554,589
527,674,517,480,559,592
524,674,523,473,562,591
525,679,507,483,558,594
526,676,521,477,561,595
525,675,513,481,559,593
528,675,518,480,559,593
524,677,512,480,552,589
524,677,522,472,565,591
519,675,518,478,551,591
524,680,522,474,558,590
529,678,508,481,561,592
522,680,515,473,551,585
510,675,516,482,560,581
518,679,508,483,556,591
524,663,521,486,554,589
520,680,519,472,557,590
515,678,507,485,558,589
509,672,517,483,563,578
526,675,517,479,560,593
524,682,522,470,559,590
525,670,517,484,551,591
525,672,513,475,551,589
516,669,520,480,563,582
523,676,525,482,554,590
513,679,513,475,564,579
514,667,521,483,557,584
530,672,512,483,560,593
513,674,516,479,564,583
530,665,519,486,549,592
527,679,522,473,560,589
512,679,512,481,561,583
525,678,521,471,560,589
529,674,513,481,559,593
515,678,518,482,563,582
518,670,521,483,559,585
522,671,522,481,558,586
523,664,522,486,557,588
525,665,518,486,548,593
519,678,506,485,560,592
525,667,519,483,551,592
525,674,518,476,552,588
521,680,507,484,560,591
509,680,509,486,559,592
519,664,521,485,553,592
523,663,525,483,557,588
527,662,520,490,550,589
524,676,509,479,559,592
516,676,512,477,561,580
523,680,523,474,561,589
526,675,522,475,560,593
527,667,518,482,551,592
516,680,508,482,561,593
527,678,519,480,563,580
518,675,515,484,550,593
528,677,519,471,559,590
525,674,518,478,548,591
526,673,516,480,558,594
527,674,518,481,561,582
526,672,518,477,560,594
524,680,520,472,555,589
526,668,519,483,549,593
526,670,519,488,548,590
517,676,523,474,562,591
527,671,523,477,563,593
525,665,513,485,558,596
528,650,518,487,544,593
521,663,522,482,559,589
516,678,519,472,557,590
528,669,519,484,545,591
528,668,521,476,561,593
525,677,518,478,552,590
522,675,519,479,561,593
528,665,518,484,548,593
521,670,523,484,563,584
523,662,522,485,556,590
527,674,523,472,561,592
523,678,509,485,557,593
525,673,516,480,560,593
524,661,517,486,554,593
522,662,521,484,549,593
529,659,519,485,550,592
525,676,511,483,560,589
516,664,522,481,563,588
526,664,521,476,555,591
519,678,508,486,555,592
526,661,522,482,556,588
527,665,524,483,560,588
528,675,509,479,562,592
524,675,520,477,562,592
524,668,518,482,561,583
521,679,520,473,554,590
524,676,521,472,557,589
517,672,519,482,561,583
517,677,522,473,558,590
522,674,523,473,563,591
526,676,513,485,556,590
525,667,517,480,550,590
523,674,509,480,559,582
527,675,519,475,554,589
517,678,509,485,558,590
520,678,521,472,558,590
528,648,513,485,543,590
522,674,508,482,558,593
525,671,516,482,549,592
523,677,521,474,555,589
526,670,518,479,549,592
524,677,510,479,562,593
514,677,513,481,561,581
528,673,516,481,549,590
516,673,519,477,562,592
523,675,520,474,554,590
526,662,519,485,551,592
531,674,508,479,559,593
517,661,516,482,559,592
522,675,520,472,560,590
516,674,515,480,563,581
516,675,510,482,559,593
521,649,524,478,557,588
522,669,519,485,552,591
526,678,510,479,560,595
514,677,517,481,561,583
528,673,511,475,560,593
526,679,515,476,556,588
517,669,507,488,555,590
523,680,521,474,555,588
522,660,522,486,556,589
527,674,517,482,550,590
512,680,514,482,560,580
520,670,518,481,563,585
523,677,519,472,563,592
526,676,524,471,561,592
515,671,514,480,563,581
524,663,515,478,555,586
519,671,517,483,549,592
530,671,521,475,561,593
525,675,516,482,549,591
514,668,519,479,560,582
517,670,519,480,561,583
527,678,507,480,560,592
522,664,524,485,557,588
521,676,508,481,560,593
524,674,524,472,561,591
526,669,517,484,547,593
522,680,522,471,562,590
524,676,521,471,561,590
524,674,517,480,550,592
520,675,507,484,556,593
530,675,510,486,559,587
525,674,511,477,560,594
523,663,519,466,555,589
526,671,519,483,548,593
519,676,509,474,559,593
530,674,514,480,560,594
516,674,514,481,560,583
520,670,519,483,562,586
526,676,523,471,562,590
521,679,508,487,556,592
527,667,523,485,553,587
529,662,520,486,550,592
527,679,518,476,550,590
525,663,523,473,562,592
520,677,508,485,557,590
521,664,522,485,559,587
515,671,516,480,562,583
516,679,520,481,559,587
526,672,513,480,561,593
523,660,522,486,557,591
520,679,508,484,559,590
520,681,524,472,560,590
524,673,510,481,559,594
517,665,523,483,558,586
528,665,517,487,550,592
521,675,521,468,550,591
517,667,522,481,564,587
520,661,526,483,561,587
525,671,518,481,549,592
529,672,518,476,560,593
528,676,522,472,561,589
527,663,519,473,558,590
526,664,520,485,555,592
525,677,520,480,550,590
519,675,523,473,560,591
531,672,514,485,558,592
519,674,508,483,558,593
518,677,508,484,558,594
526,678,522,484,559,584
515,664,523,482,563,589
519,676,510,485,559,592
517,675,523,473,561,591
522,675,522,485,550,591
519,673,522,479,561,591
521,671,520,475,555,581
525,674,522,472,561,592
525,674,513,482,557,595
520,664,522,481,564,585
523,679,521,472,559,591
529,678,517,479,561,593
525,677,508,474,560,594
517,683,511,477,558,593
522,676,508,479,559,595
513,681,511,485,558,592
525,662,521,486,554,591
525,663,525,473,561,590
514,676,517,483,561,580
523,675,521,485,559,588
525,671,518,483,559,593
519,671,520,482,557,582
530,673,512,477,559,593
519,676,517,479,549,589
522,665,522,488,560,588
523,676,520,476,554,588
528,671,514,472,550,591
524,678,519,474,554,589
520,678,508,483,559,592
516,680,520,486,553,591
528,678,524,472,561,591
526,664,521,485,554,592
526,673,523,472,564,590
515,674,515,477,561,583
528,660,518,484,551,595
521,678,507,481,560,593
530,661,520,486,551,594
529,670,518,480,549,592
524,674,511,478,561,592
528,671,520,484,548,592
517,672,520,475,564,594
527,670,514,483,558,593
516,676,509,476,561,594
527,673,519,481,548,591
518,665,522,483,569,587
527,664,519,486,549,589
526,673,511,473,560,593
527,675,518,476,561,591
525,680,517,466,559,591
521,663,523,470,560,591
528,670,519,483,548,593
528,660,521,485,550,592
525,659,522,485,552,590
526,673,518,480,548,591
527,674,518,477,561,594
518,678,508,483,560,589
516,673,510,490,557,588
523,670,522,478,562,596
519,676,508,483,557,594
524,673,523,471,561,592
514,668,519,482,560,582
528,668,517,482,551,591
520,677,520,473,557,590
528,680,519,479,543,591
523,660,515,472,547,585
523,672,521,481,561,593
525,670,518,480,551,595
515,671,513,483,556,580
524,677,520,476,551,590
526,684,510,486,557,590
524,675,522,471,564,592
521,653,522,483,559,586
524,661,522,486,549,591
526,671,518,478,562,593
528,677,511,476,562,593
517,675,508,487,558,590
520,679,508,487,559,593
516,664,520,481,560,585
526,668,520,483,551,592
524,674,519,481,562,590
517,672,520,479,563,583
521,677,508,484,558,593
524,673,522,473,562,592
514,674,516,482,561,581
518,678,510,483,557,591
516,669,518,479,564,583
516,671,516,480,563,583
515,670,522,486,552,593
522,660,524,484,557,590
527,676,517,475,561,591
528,676,523,470,560,590
523,668,523,471,560,589
516,680,511,483,558,593
520,681,519,481,562,583
522,678,507,482,558,593
523,678,523,471,562,591
524,678,510,483,559,591
523,677,507,484,559,593
522,679,510,482,559,593
529,674,519,485,550,592
525,663,524,485,557,587
527,650,521,487,551,591
526,680,515,477,554,591
527,671,519,478,559,593
526,672,517,484,550,591
525,677,523,474,561,582
527,673,521,478,560,593
516,669,510,484,558,594
520,671,521,480,561,584
528,672,520,479,552,591
517,666,518,485,549,587
519,680,522,486,551,593
524,672,526,473,563,593
521,674,510,484,558,593
514,676,512,483,560,582
515,671,506,466,558,585
526,659,523,486,555,592
516,673,523,484,559,586
524,676,520,476,558,593
522,678,521,477,553,592
519,664,517,482,561,582
529,669,518,487,550,591
523,660,522,473,559,591
527,662,521,486,550,594
519,668,521,482,561,583
527,664,519,486,556,590
517,678,516,484,557,586
521,681,509,485,558,593
526,663,510,480,560,593
527,672,518,481,553,591
525,674,520,475,560,593
516,659,526,484,557,590
515,673,508,482,561,583
516,667,520,477,551,589
518,668,523,480,564,587
525,662,521,486,556,590
509,674,518,481,563,582
515,674,510,474,549,588
525,676,507,480,561,593
528,672,520,476,562,593
524,668,519,480,550,592
526,676,508,488,559,588
527,674,510,476,555,593
527,680,510,477,561,592
529,668,518,485,550,592
522,665,523,486,562,585
527,667,525,472,562,593
525,660,519,485,551,591
523,666,523,482,559,587
528,672,519,480,562,595
517,679,510,487,557,588
527,666,519,487,549,592
513,671,523,483,557,588
525,664,519,487,550,595
522,663,514,487,551,591
524,678,523,471,560,590
517,678,523,473,563,592
525,673,520,479,550,589
515,673,511,484,559,586
522,674,519,477,554,589
526,671,519,482,552,591
518,680,508,485,559,592
512,675,517,482,562,585
523,676,526,471,561,591
528,671,524,485,557,590
527,670,522,484,559,590
523,659,523,485,553,593
520,663,523,483,563,587
516,679,512,482,560,581
529,672,524,472,560,590
526,676,520,478,562,594
517,669,520,473,558,593
528,678,511,477,563,594
525,676,520,471,563,591
526,674,521,474,562,592
525,675,506,480,549,592
515,678,523,484,560,588
522,676,523,486,552,588
524,678,510,486,558,589
525,670,512,487,558,589
517,676,511,484,559,591
526,661,522,482,561,583
508,674,517,481,562,582
515,677,515,482,562,581
515,679,516,483,560,583
522,663,524,484,561,595
528,663,520,481,565,584
526,677,522,471,560,590
525,659,523,485,557,591
530,673,512,479,561,593
516,674,516,475,561,583
519,668,520,478,560,590
521,665,524,484,558,590
527,671,518,478,554,584
519,680,507,486,560,595
522,664,521,484,555,591
521,663,522,485,551,592
526,664,517,470,555,590
523,679,522,471,561,589
526,661,510,479,551,590
526,674,524,472,561,592
526,673,522,472,563,590
529,654,514,486,550,594
523,678,519,472,564,592
524,676,517,487,552,593
518,681,507,485,556,593
523,677,515,484,549,592
524,677,523,474,561,587
523,678,520,476,557,591
516,669,519,482,564,582
519,673,518,482,549,590
528,674,518,479,559,592
517,665,524,483,558,586
526,675,518,483,560,594
528,673,518,482,559,595
524,677,519,475,558,591
526,672,518,480,550,591
528,675,516,483,557,594
523,676,520,486,558,586
521,679,510,482,562,593
523,676,522,483,557,594
515,677,519,482,560,586
526,675,525,472,560,589
525,672,523,474,560,589
515,679,523,472,554,593
526,662,522,486,556,592
522,678,506,484,559,584
522,678,510,479,559,595
521,662,523,482,560,582
526,673,523,473,562,593
527,659,521,485,551,592
520,667,523,482,564,587
515,678,515,481,564,582
529,676,518,482,560,592
521,677,507,484,560,587
516,670,511,480,563,582
521,662,522,485,552,591
516,681,510,487,557,589
524,662,523,484,559,592
521,677,518,477,554,589
526,662,523,486,550,590
525,675,526,473,561,590
517,667,523,482,560,587
526,660,519,480,564,582
516,662,524,486,558,588
522,664,525,484,555,590
519,670,514,480,561,583
512,666,523,483,560,582
529,673,524,477,561,593
528,670,520,482,559,593
525,675,517,483,561,589
523,680,523,474,561,590
523,678,522,466,555,590
521,678,521,474,556,590
525,676,524,482,560,585
525,673,523,479,560,593
525,679,520,472,555,590
526,669,525,479,556,587
526,673,514,484,558,594
523,678,523,481,562,582
525,673,509,476,554,589
524,673,516,478,552,591
525,674,503,485,552,589
517,677,509,482,560,584
524,676,519,483,548,592
517,677,523,485,551,592
528,673,518,484,558,585
516,658,520,481,562,583
516,676,521,488,554,593
528,671,518,482,549,591
527,678,518,467,563,590
517,663,510,481,560,594
515,673,519,480,562,582
516,676,513,481,562,584
523,667,523,473,562,591
526,661,522,482,550,592
527,662,510,473,559,586
527,663,524,473,561,591
527,667,521,471,561,590
523,651,525,485,559,588
524,676,511,486,558,586
525,674,517,484,561,588
527,674,518,481,562,586
529,671,520,480,560,593
516,679,508,486,560,592
519,677,509,478,560,594
525,660,522,486,557,589
526,670,517,482,550,591
525,664,523,485,558,590
525,660,524,485,556,590
516,677,511,479,560,592
521,662,524,484,560,587
524,674,518,485,560,588
524,681,524,470,560,588
523,677,523,482,559,583
529,674,522,473,561,591
515,677,513,483,561,583
517,667,518,483,561,584
527,670,518,482,549,591
524,651,523,485,553,589
525,662,519,486,555,591
525,677,524,471,562,591
527,660,522,485,551,592
525,676,512,487,558,594
521,675,507,481,560,592
523,678,522,473,558,590
525,673,524,471,563,591
530,670,519,483,547,591
515,671,519,481,563,583
511,667,524,482,559,587
519,678,522,486,559,590
527,662,522,481,560,588
523,678,523,480,551,589
521,663,523,488,551,591
524,664,519,480,551,590
526,678,522,478,562,592
520,663,518,483,562,592
516,672,515,482,561,583
524,676,509,478,564,583
516,674,514,481,560,594
522,662,523,484,558,588
527,673,510,483,559,592
527,672,520,481,551,592
525,676,509,486,560,590
518,668,519,482,562,583
525,675,518,485,563,586
525,673,518,484,554,590
525,675,519,475,563,589
525,660,524,486,554,593
525,674,523,482,559,594
521,678,523,483,563,588
520,673,526,484,549,591
521,677,509,483,560,592
515,680,513,487,549,593
527,659,523,484,555,593
527,672,519,483,551,594
515,668,522,483,562,583
527,659,520,488,554,594
529,672,522,481,562,594
515,676,524,483,559,588
514,673,520,478,552,590
524,675,522,471,560,586
521,674,520,477,562,587
527,670,521,475,564,593
525,674,508,481,558,593
524,676,522,473,564,590
525,661,521,484,549,592
520,677,509,484,551,592
527,665,520,481,552,589
526,670,517,477,560,591
524,660,523,482,549,590
517,670,519,482,562,581
516,676,514,481,561,582
522,677,525,480,559,594
526,681,515,483,564,581
528,676,512,477,563,593
526,675,509,483,562,588
528,666,524,485,560,589
525,678,521,473,558,593
529,678,521,479,561,590
524,663,524,485,553,591
526,678,510,478,563,593
527,662,514,486,546,590
524,676,522,486,551,593
526,672,523,475,562,591
515,671,512,485,559,588
525,679,522,473,559,589
523,666,517,472,555,591
526,677,511,481,563,584
516,676,518,481,564,584
522,678,508,483,552,593
522,671,525,464,562,593
521,662,522,475,555,590
528,673,516,484,557,583
524,677,520,485,552,592
524,662,525,484,561,587
525,677,509,480,562,593
517,677,510,485,561,587
521,673,524,482,560,591
520,666,522,479,556,587
518,679,509,480,559,594
525,675,523,478,557,592
524,662,523,477,551,590
527,666,513,486,543,592
517,668,522,469,552,593
528,673,518,474,559,586
515,678,516,489,549,591
525,668,523,475,552,591
523,662,524,481,549,595
527,675,512,483,562,593
528,674,515,477,551,590
521,676,508,484,563,581
525,662,521,487,557,590
526,661,524,479,552,588
525,663,518,483,550,594
526,675,524,484,556,586
528,670,519,470,551,592
520,664,523,483,547,591
528,673,511,488,562,583
513,678,510,486,555,583
522,677,522,478,562,595
516,669,520,485,562,583
516,681,508,482,558,593
510,676,513,483,563,579
527,673,519,479,560,593
523,678,523,472,562,590
526,677,517,482,557,585
517,679,508,486,559,592
528,673,512,485,548,589
524,668,521,481,563,581
525,681,506,483,558,592
527,672,515,484,561,586
525,676,520,472,560,590
515,670,518,481,550,591
517,678,509,484,560,583
518,675,523,471,563,590
528,675,520,478,551,591
522,675,522,476,553,590
516,664,521,486,551,592
527,674,523,473,564,592
528,673,522,484,557,596
523,661,523,477,565,584
514,669,521,482,564,584
521,662,525,485,557,590
528,672,519,474,559,594
527,677,511,479,562,594
527,680,514,474,554,591
514,673,516,481,563,583
526,673,524,472,561,582
522,678,521,476,560,592
526,675,523,486,560,590
531,681,503,478,559,593
518,669,519,475,564,579
517,668,521,480,550,592
519,670,523,481,560,585
517,678,519,475,555,591
526,678,524,472,559,590
524,679,523,474,557,589
517,676,519,478,561,585
520,671,517,482,552,592
522,662,522,484,552,594
523,662,523,485,552,591
528,666,518,487,552,593
529,672,518,480,562,594
517,669,519,483,561,584
528,671,520,482,551,593
526,675,519,477,565,592
525,675,517,483,560,593
525,670,517,486,552,590
512,677,509,483,562,584
523,666,521,486,549,589
516,677,517,482,563,581
523,677,518,480,562,582
530,664,519,487,552,593
529,680,514,481,560,594
522,670,519,487,548,594
515,670,518,472,553,591
523,676,517,484,550,587
521,678,507,481,563,581
525,676,523,471,550,594
527,677,511,485,563,592
517,667,520,471,560,586
524,676,518,478,553,590
527,672,516,480,559,595
526,680,521,472,559,589
522,675,523,473,561,589
527,669,518,485,558,589
529,677,509,485,559,591
525,659,518,482,548,591
521,666,516,471,562,589
521,679,523,466,552,590
524,676,518,482,551,591
522,662,524,482,560,586
524,670,520,483,562,583
525,674,522,486,556,589
523,679,523,477,562,592
520,673,512,480,553,593
526,674,517,482,560,592
528,676,513,484,559,589
524,668,523,471,562,589
525,677,524,473,564,590
517,679,508,486,560,591
529,673,517,479,563,586
514,678,510,478,557,587
528,673,517,483,549,591
527,675,523,480,559,583
517,672,518,482,549,591
527,662,509,486,558,592
523,675,520,482,557,594
515,680,518,480,552,591
526,661,523,480,556,588
526,675,522,472,559,592
525,676,509,481,559,592
521,676,508,480,561,594
524,677,521,474,561,594
520,679,509,486,558,586
525,672,517,479,561,594
520,672,515,483,562,592
523,677,521,480,560,594
517,676,514,482,562,585
519,679,524,472,561,590
529,673,515,487,561,586
525,675,523,473,560,591
526,661,522,487,559,591
522,671,516,482,560,592
519,667,522,483,563,584
515,680,509,481,560,595
526,663,524,484,551,592
524,677,516,481,561,594
523,679,509,482,561,595
526,663,523,487,553,591
526,675,525,473,563,592
523,678,523,474,559,591
515,672,516,469,549,594
523,677,513,486,559,593
526,679,523,471,559,590
526,670,517,482,550,591
519,664,524,483,563,586
518,658,518,482,562,592
525,660,521,486,554,591
510,677,516,483,559,583
517,674,522,483,555,583
527,679,522,473,561,589
519,678,520,477,553,590
523,662,523,485,562,581
516,660,517,482,563,584
528,671,515,481,564,581
523,680,518,482,563,584
520,668,522,483,563,585
520,677,507,483,560,593
525,674,522,474,561,591
525,670,517,480,563,583
528,661,520,486,550,592
516,672,515,480,563,581
518,673,525,485,556,589
521,675,507,482,563,592
527,674,523,483,558,591
530,674,508,480,560,593
519,662,524,486,551,591
518,672,517,480,559,582
527,670,517,483,562,583
516,676,509,481,560,595
520,660,509,483,563,594
526,663,520,488,554,591
516,670,518,465,558,587
525,671,518,483,545,591
529,670,518,478,560,585
523,660,523,478,560,586
515,671,515,481,561,583
514,670,516,482,553,591
522,676,520,473,561,590
518,650,521,482,555,593
523,659,524,481,556,589
525,673,522,471,560,592
527,675,519,482,558,587
524,660,522,484,559,587
528,670,513,483,549,591
518,672,525,471,561,590
528,673,516,482,560,593
519,671,519,483,547,592
529,671,514,483,564,583
523,677,519,479,561,592
518,675,520,475,560,592
516,669,518,481,548,592
529,654,511,477,562,594
528,669,518,484,552,592
527,669,524,486,553,587
526,669,511,487,558,592
526,657,520,486,551,592
525,671,519,486,550,592
523,672,522,478,550,591
524,674,523,472,558,589
524,673,509,482,561,595
515,672,514,482,561,585
525,659,518,486,550,593
517,667,519,481,562,582
528,657,519,486,551,592
514,653,512,483,554,581
520,674,519,484,548,592
527,672,513,478,561,591
523,673,520,471,558,590
524,674,523,472,559,590
519,674,510,485,557,589
517,661,503,486,552,591
516,673,508,487,556,583
518,673,510,484,558,592
525,671,523,473,566,591
517,670,516,482,560,589
528,667,522,476,558,590
523,671,522,472,560,593
523,669,521,487,551,591
517,660,509,485,556,594
527,659,520,486,560,591
514,676,523,482,562,583
526,657,522,487,551,592
527,673,522,475,558,589
526,674,513,483,559,584
521,662,524,484,557,583
522,657,522,484,555,588
525,670,509,478,558,594
515,664,519,481,562,582
524,671,522,474,560,594
530,668,516,483,559,594
529,657,509,481,559,593
526,663,521,476,555,590
524,658,523,485,552,590
517,677,526,485,553,591
527,667,520,484,547,594
511,673,510,486,551,593
527,659,520,489,550,593
528,667,517,483,548,593
520,662,522,487,559,586
525,657,524,483,553,591
515,676,512,486,558,588
528,656,522,485,552,590
526,659,505,479,555,591
528,668,523,477,561,592
525,674,516,482,558,593
527,677,519,477,553,588
520,671,516,484,557,580
524,672,521,474,558,595
516,675,511,466,562,587
527,669,524,472,562,593
529,668,522,479,562,595
530,668,518,483,558,589
525,673,521,486,550,593
527,656,519,481,551,592
515,676,524,472,559,589
526,666,522,481,562,593
528,669,513,483,557,592
523,675,511,483,558,593
521,663,524,483,556,590
519,674,524,473,562,593
522,648,518,483,553,582
526,673,522,473,557,590
524,671,521,478,554,590
525,669,518,482,549,590
527,675,523,472,562,591
520,659,520,481,563,583
526,666,524,482,559,588
516,677,511,484,556,591
524,671,517,482,550,590
529,668,520,487,543,593
524,674,522,472,557,590
515,668,516,482,562,583
527,675,507,485,559,591
525,677,507,484,560,592
516,666,521,484,561,583
524,671,524,472,560,592
527,659,521,487,548,592
521,670,520,483,549,592
528,668,520,480,560,593
525,664,509,484,560,594
526,657,523,485,550,589
524,676,521,475,553,591
528,667,517,484,550,591
524,660,510,488,557,595
516,675,515,485,552,583
522,671,517,484,547,591
527,659,523,487,556,589
517,666,520,484,549,591
526,671,511,483,559,592
530,670,521,477,560,589
529,660,522,486,559,588
515,673,507,486,560,583
527,660,521,487,551,586
520,663,519,484,551,592
525,671,521,478,560,593
518,675,520,484,548,593
518,676,510,485,558,592
523,670,519,480,549,591
519,673,506,483,558,594
517,675,523,474,558,590
523,675,521,475,557,585
517,676,520,485,548,593
526,675,504,476,561,592
518,676,515,481,560,583
522,672,509,484,556,594
528,670,523,475,562,590
523,676,519,469,557,590
523,674,523,474,555,591
516,674,508,487,557,592
521,665,522,482,564,585
524,673,520,487,556,593
528,665,522,481,563,582
530,666,520,483,547,592
516,661,517,482,561,592
525,661,522,484,561,585
516,674,508,485,547,583
518,667,520,483,563,583
526,672,523,476,561,590
528,657,514,484,550,583
528,664,525,478,562,593
517,670,510,478,550,593
526,670,519,484,547,593
515,676,512,482,561,583
529,659,520,486,550,592
519,675,510,485,557,592
519,661,523,482,554,583
527,672,514,482,560,593
516,673,509,484,557,592
523,676,518,477,560,592
524,672,514,485,559,594
515,676,513,481,561,583
525,659,525,485,563,594
525,674,515,485,558,590
528,669,518,479,561,593
529,671,514,479,561,595
525,671,524,476,561,593
518,663,520,483,563,583
523,673,525,476,562,591
527,653,519,487,561,594
527,668,521,478,559,594
516,673,511,486,560,591
529,660,522,476,561,593
520,677,508,486,559,594
512,676,509,487,558,594
525,677,516,476,556,591
518,661,524,486,555,586
525,670,523,485,552,592
519,672,518,479,549,592
522,670,526,477,564,592
530,662,522,484,550,593
524,675,520,474,554,590
517,664,523,484,555,585
523,676,521,473,558,590
524,667,520,479,561,593
527,660,519,487,549,594
523,676,519,473,552,591
518,674,510,485,558,593
518,676,520,476,553,591
529,658,524,487,553,591
520,657,524,478,558,589
515,676,510,484,557,594
522,674,509,482,557,594
519,675,512,485,557,586
517,675,515,475,563,592
515,669,521,482,563,583
516,676,517,482,561,590
526,670,513,482,544,589
521,661,521,482,556,588
522,671,520,479,556,593
527,675,523,488,557,591
516,676,517,481,564,591
515,673,514,481,563,583
524,676,526,486,557,589
523,675,524,472,559,591
524,675,522,475,562,591
528,662,518,488,550,593
517,668,518,480,560,585
525,674,509,482,547,584
523,659,524,485,556,590
528,670,508,474,556,589
527,670,512,482,561,583
527,659,522,488,558,591
527,672,514,484,560,590
527,656,518,484,548,591
528,670,520,483,561,594
523,664,524,486,558,588
516,668,522,487,552,593
516,676,524,486,555,591
524,672,522,472,558,591
515,666,519,484,560,582
527,670,519,472,560,592
516,674,517,480,561,582
521,661,522,487,553,583
526,671,524,474,560,592
518,661,523,483,562,587
528,670,522,474,555,590
527,670,515,480,560,592
529,674,518,488,551,591
516,667,516,482,560,583
525,657,523,483,547,594
528,672,517,477,562,583
522,672,508,483,558,583
528,669,518,483,548,583
529,669,509,479,549,587
524,677,521,472,559,584
529,671,512,486,559,592
523,658,524,483,550,592
517,674,509,487,552,593
524,674,521,481,562,592
528,673,523,479,560,594
528,655,521,486,552,592
517,674,519,477,561,592
527,671,521,477,562,594
525,674,524,472,558,591
530,669,521,482,559,589
528,672,520,479,559,595
527,659,523,486,552,590
524,673,524,474,557,590
516,675,521,483,560,593
521,663,517,484,558,586
524,670,519,480,550,593
516,677,509,486,560,592
526,671,508,475,555,590
524,674,509,485,558,594
516,669,518,483,561,583
525,668,519,481,543,591
521,661,523,477,563,594
519,665,521,487,552,591
527,665,518,474,562,592
524,675,522,466,549,591
516,674,516,485,557,592
518,674,510,488,556,592
518,665,521,483,563,583
527,671,519,481,551,592
527,661,522,489,551,593
528,671,521,480,551,592
528,672,521,474,553,590
525,676,518,482,561,583
529,661,522,486,554,595
529,675,520,482,561,584
524,645,517,484,554,585
515,664,521,482,563,585
524,665,524,484,558,588
524,669,516,485,559,595
522,676,508,485,558,593
530,660,524,483,561,583
512,665,520,485,563,585
517,673,516,482,562,591
526,671,521,483,549,593
531,669,516,486,550,593
523,660,521,488,559,589
519,665,520,482,564,582
527,655,522,487,552,594
525,658,525,483,564,586
528,676,525,470,560,592
525,671,526,473,554,590
529,670,515,483,559,595
526,674,521,476,554,586
527,672,509,477,557,589
525,665,518,488,549,594
530,657,517,483,559,589
527,675,520,477,554,591
524,670,514,484,559,585
529,669,515,474,554,591
519,674,510,487,560,592
530,668,520,479,560,591
519,667,517,483,562,585
527,671,522,477,563,584
523,658,524,486,559,591
526,675,520,478,563,593
525,661,524,483,557,589
529,664,519,487,554,588
530,667,519,482,564,583
518,675,510,486,559,590
520,675,509,487,556,592
529,660,522,474,563,592
518,671,519,483,563,583
521,671,517,481,563,584
529,670,517,485,550,589
517,670,515,481,562,584
525,674,510,479,561,593
522,662,519,488,550,594
517,675,522,472,560,589
521,678,510,485,559,594
518,674,507,486,557,594
519,662,503,486,550,593
529,672,519,483,549,592
526,675,524,489,551,593
518,675,509,486,558,592
532,674,513,472,560,595
526,672,512,485,558,594
530,673,513,481,556,595
516,674,521,486,559,588
516,677,521,477,555,590
522,664,521,484,560,586
523,663,523,485,562,587
522,660,518,477,561,584
516,674,526,474,552,591
515,675,508,485,556,592
526,672,523,472,558,591
525,674,522,474,558,591
524,673,504,473,557,591
523,677,520,465,555,591
528,659,517,487,542,593
528,669,517,482,561,583
529,667,520,479,550,593
529,671,511,484,559,587
520,674,524,480,561,594
526,673,509,481,559,595
523,662,525,485,557,588
525,673,524,487,556,593
528,668,518,479,561,594
526,679,522,475,556,589
528,664,524,486,562,586
532,663,520,487,550,593
523,676,508,485,558,595
526,657,519,484,559,588
525,674,508,483,558,593
522,673,519,483,561,584
522,660,526,485,559,587
526,675,518,478,554,591
523,673,508,485,559,595
529,671,511,478,560,595
530,668,518,485,544,592
529,669,518,484,548,591
529,670,523,484,557,594
529,667,521,485,562,584
530,670,514,487,559,593
528,658,521,479,551,592
527,672,519,483,550,591
525,660,524,484,557,592
530,667,518,485,547,595
525,671,518,476,554,590
524,672,509,481,560,594
520,666,519,482,562,584
528,669,509,481,561,584
524,673,516,473,556,591
529,671,520,483,549,591
522,674,508,483,559,594
522,657,523,484,562,593
526,672,520,476,554,590
524,670,520,485,549,593
526,670,519,483,549,591
529,655,523,485,559,592
530,668,514,475,548,593
528,666,524,474,561,592
530,658,521,485,549,592
529,670,508,480,558,592
527,659,522,485,553,589
520,665,514,483,559,582
517,677,514,484,559,583
529,669,513,482,560,595
528,658,521,486,548,591
527,665,517,485,550,592
529,667,517,488,558,587
529,659,522,487,550,593
530,665,516,482,557,594
525,673,522,473,553,589
532,671,510,484,554,592
530,671,519,481,552,591
519,667,517,482,560,583
518,672,510,486,557,594
518,662,509,487,555,592
530,668,519,473,554,591
524,657,524,484,556,589
532,669,514,485,562,588
530,673,517,479,549,589
529,669,524,473,562,593
528,665,519,484,548,593
527,669,524,472,550,589
523,657,522,486,560,587
528,667,518,482,561,583
528,669,522,476,563,591
527,674,515,475,552,590
529,670,519,483,549,591
525,677,524,471,559,589
517,670,519,484,558,593
531,655,520,486,548,594
527,674,521,476,555,588
520,674,518,486,557,592
519,674,509,487,556,592
527,672,524,473,560,594
527,660,524,484,554,591
525,659,524,487,559,589
519,660,508,488,561,589
531,665,517,477,559,594
527,664,518,487,557,589
524,673,508,481,559,585
528,670,519,479,550,589
526,672,520,485,554,593
521,661,521,482,561,582
528,657,519,483,548,592
532,669,521,483,562,584
527,670,517,486,558,591
526,671,521,479,564,591
519,668,519,483,562,584
531,669,512,479,558,591
529,657,523,484,556,590
519,668,521,482,561,590
530,670,512,485,559,594
519,674,511,480,561,594
523,666,519,483,547,591
531,671,521,478,561,591
519,664,521,486,559,584
523,658,521,480,550,590
526,673,510,483,557,585
530,669,524,476,560,594
528,672,524,472,560,592
527,671,521,474,556,589
528,673,509,479,560,595
532,665,519,484,548,592
529,672,515,482,561,587
522,673,510,481,561,592
521,665,521,486,556,590
530,672,520,472,553,591
519,667,520,486,550,593
532,671,524,475,561,592
525,665,515,485,561,585
526,673,521,473,560,588
519,676,509,485,558,591
529,658,523,488,555,591
526,656,525,484,559,588
530,657,523,473,557,589
532,668,520,475,561,591
522,663,522,483,561,594
532,675,512,478,563,593
531,670,524,483,553,591
530,669,512,483,561,582
519,668,517,483,563,585
531,668,519,483,559,593
531,673,517,479,561,594
527,673,514,476,552,589
529,673,512,480,561,593
519,668,515,481,551,583
524,659,524,483,558,588
531,663,520,485,550,594
531,669,517,482,559,591
527,659,520,487,553,592
524,671,523,484,561,593
531,660,520,488,550,591
529,669,519,474,557,591
522,660,523,484,560,586
526,677,502,481,561,590
523,661,522,483,560,586
524,657,523,487,554,589
529,669,523,479,542,591
529,673,521,480,559,590
517,675,511,489,559,594
532,672,503,482,559,594
524,658,522,488,560,584
520,672,504,487,551,588
522,673,523,471,560,593
531,669,521,473,562,593
525,654,517,487,558,590
530,671,520,486,560,583
529,673,522,473,559,591
531,672,518,484,560,595
530,664,519,484,557,586
526,674,523,472,563,591
527,675,514,475,556,591
527,673,519,475,550,592
531,674,513,486,557,590
524,675,508,473,557,594
531,671,513,485,562,591
533,659,520,485,550,595
530,672,525,479,561,594
522,673,516,474,555,592
519,666,520,485,559,585
529,657,524,485,554,590
520,666,518,480,561,584
530,670,523,485,556,590
531,661,520,484,566,587
530,662,523,488,550,593
531,670,515,482,559,594
532,666,518,483,548,592
523,662,523,483,564,586
530,666,520,486,547,593
527,674,519,463,558,587
529,669,517,480,561,594
533,667,514,484,561,594
533,670,520,486,553,591
525,674,520,471,558,590
524,672,519,477,563,591
531,671,520,477,550,592
528,673,508,481,564,582
531,670,511,478,564,593
531,660,522,486,551,592
519,670,524,475,557,592
518,674,513,482,560,592
530,670,525,484,561,586
522,672,517,483,560,584
527,658,523,486,557,593
530,669,517,484,559,593
520,666,519,477,557,587
531,671,519,485,548,592
531,672,521,478,562,586
521,678,509,486,557,593
526,675,523,473,557,591
528,673,510,479,554,583
531,674,525,474,561,592
526,670,510,486,556,594
532,672,517,478,550,592
521,672,511,486,558,590
527,670,521,472,559,591
520,668,518,480,564,583
522,667,518,479,551,593
528,658,522,484,560,593
531,673,519,480,552,591
527,674,524,475,560,589
519,674,516,483,562,579
530,671,515,478,550,590
529,670,518,487,550,593
526,675,521,489,553,592
530,678,518,465,560,592
530,655,521,477,557,593
523,664,524,484,558,588
531,658,523,475,564,584
527,675,524,483,562,587
531,672,513,483,559,592
519,670,517,481,565,592
533,668,518,485,563,592
519,678,516,476,554,591
529,675,509,479,559,593
518,645,523,481,564,587
530,661,522,485,551,594
528,672,524,474,559,585
524,663,522,483,564,591
518,664,519,482,562,586
532,679,511,483,564,583
525,676,508,484,560,596
518,680,511,484,556,591
521,673,518,476,560,592
520,675,511,489,555,592
528,659,522,488,558,591
518,679,519,481,565,584
521,668,519,482,562,595
520,679,510,486,561,590
528,663,524,486,556,589
526,675,523,473,557,590
529,675,523,473,559,586
531,661,521,485,557,589
521,671,522,482,562,582
522,675,509,479,559,593
526,659,524,479,554,592
519,678,509,485,559,594
527,657,522,486,554,593
524,665,523,484,560,587
531,675,519,476,562,593
520,676,512,480,558,591
531,661,520,486,561,594
529,674,508,479,562,594
517,675,510,487,554,595
527,656,524,484,557,589
529,663,522,487,554,593
527,659,512,479,558,590
531,671,514,484,558,590
516,677,507,483,560,593
527,674,521,474,562,590
531,665,519,484,550,592
529,670,519,480,557,592
528,672,524,472,562,592
521,676,509,485,559,589
528,676,521,474,554,591
518,667,518,480,562,582
528,674,524,482,564,592
528,677,512,478,561,594
526,676,522,474,560,596
512,672,519,482,561,584
529,670,526,480,558,592
522,671,517,483,550,592
530,672,518,476,552,593
531,660,520,484,555,583
518,675,513,484,560,584
517,681,508,485,555,591
525,677,524,473,555,590
517,672,513,478,563,582
530,673,519,479,563,595
525,680,507,481,559,594
520,661,502,482,550,589
528,673,509,480,563,584
523,675,504,481,560,593
530,662,520,478,553,590
522,663,522,479,560,594
527,667,517,478,562,594
514,675,512,478,563,583
525,659,521,482,556,589
511,677,508,483,557,591
527,671,519,466,562,590
528,674,521,480,559,594
528,659,517,479,562,593
517,676,502,481,558,593
518,678,516,477,557,593
526,678,516,467,561,590
531,675,516,465,563,583
529,661,513,477,559,589
528,661,514,475,562,591
526,674,502,477,561,588
524,667,512,463,555,589
527,675,512,460,556,590
527,659,514,474,557,589
530,667,499,467,552,590
525,661,513,472,561,580
530,670,510,463,559,591
527,656,511,468,563,586
527,678,511,471,550,590
528,668,509,468,560,596
520,663,515,472,559,587
525,676,511,463,558,591
526,671,511,471,548,592
530,665,510,470,555,592
529,660,513,466,555,593
532,663,511,464,557,589
525,675,512,441,557,591
526,675,512,453,560,590
526,674,511,467,548,592
506,671,509,467,558,585
531,661,512,460,558,594
528,670,509,467,553,592
525,659,513,466,556,590
524,681,512,460,553,590
524,675,512,460,561,593
517,663,511,464,561,590
518,670,507,462,550,583
520,668,512,458,561,587
516,666,510,458,556,583
522,661,507,462,559,586
529,673,502,458,562,593
530,669,508,459,555,592
526,675,510,431,560,584
519,675,498,458,558,595
529,662,510,455,563,585
518,679,503,461,556,585
517,672,506,454,562,582
529,659,511,457,556,588
517,668,509,456,560,582
523,676,497,454,562,583
530,676,501,449,558,594
528,669,508,456,555,592
532,674,499,450,558,590
529,672,501,447,554,593
530,662,511,447,563,590
517,668,506,456,559,585
526,662,512,454,557,590
527,672,504,443,563,593
524,661,513,454,551,592
526,676,512,454,547,588
513,678,497,456,552,591
516,668,508,453,559,584
527,675,513,443,561,592
518,673,508,457,559,586
529,665,510,455,563,585
523,676,511,452,543,584
519,679,500,461,559,588
528,669,508,458,562,583
530,661,508,457,559,589
527,674,514,444,562,592
523,671,509,458,550,594
521,667,512,450,553,591
519,680,512,455,563,582
518,668,510,454,561,580
523,677,510,453,562,594
515,670,504,460,558,588
525,677,499,454,561,593
526,660,512,460,556,591
522,666,516,460,560,588
528,663,509,456,555,590
518,671,512,455,560,590
519,678,499,459,558,593
519,677,501,444,562,592
519,686,500,461,558,590
527,670,514,460,560,584
517,666,505,459,558,588
531,675,516,456,565,592
532,659,511,455,546,591
517,675,511,459,560,584
511,672,512,459,564,582
517,679,500,464,559,592
524,681,500,458,559,588
519,681,500,465,560,592
531,675,501,449,561,590
524,677,491,449,562,590
530,671,510,465,552,591
529,663,513,466,556,591
526,658,513,461,550,589
517,667,511,461,562,583
525,678,512,467,564,580
523,673,500,464,558,592
525,659,514,463,550,591
528,673,515,451,564,591
518,679,508,465,559,588
515,672,507,466,549,584
526,675,515,466,561,591
526,663,512,464,558,585
512,674,505,468,557,590
529,663,512,464,556,590
525,679,516,457,553,586
518,668,513,466,565,581
518,669,513,463,564,585
523,663,515,465,556,592
526,678,515,452,558,590
523,673,510,455,564,591
521,674,491,467,560,593
517,665,515,463,541,584
528,675,512,456,564,593
529,673,508,462,560,591
524,673,513,452,562,592
522,666,513,464,563,583
528,676,515,449,559,591
530,660,512,464,553,593
527,675,513,459,561,591
526,671,509,469,549,593
530,674,511,469,553,593
524,675,500,467,559,594
524,667,511,467,549,592
527,672,511,469,552,594
517,671,509,466,558,588
524,677,511,466,548,591
516,672,511,466,562,583
528,661,514,468,556,591
529,673,502,462,562,592
527,678,511,469,554,592
530,675,508,455,559,590
535,675,504,459,561,592
528,661,511,469,551,591
524,677,514,450,548,590
526,675,514,458,561,591
522,674,509,457,551,592
532,661,513,471,553,593
524,679,500,468,558,588
526,676,520,458,565,592
527,674,511,463,552,592
527,672,510,458,559,590
531,676,516,464,561,585
515,678,515,460,554,590
524,673,507,459,564,590
525,677,511,468,550,592
510,672,507,472,560,588
529,673,508,461,564,592
528,675,516,457,562,591
520,677,499,473,557,590
527,661,513,472,551,581
528,671,506,461,563,591
516,675,503,471,558,592
526,679,503,460,551,592
527,660,511,471,559,589
515,674,506,472,550,584
530,665,511,471,553,589
527,672,511,471,555,592
529,673,512,471,559,589
523,673,514,460,564,590
517,671,507,470,560,585
525,667,515,453,549,590
530,679,504,468,550,592
526,675,515,460,566,582
519,660,513,474,557,590
526,676,511,469,549,593
534,673,500,469,566,592
529,670,508,459,562,590
517,671,510,468,562,585
528,672,516,461,563,584
521,676,499,473,557,594
528,676,500,467,563,593
527,675,513,461,562,591
523,673,516,459,562,590
525,659,518,472,560,589
533,674,506,464,564,594
518,667,513,469,561,582
530,675,512,468,564,593
518,679,503,475,559,592
529,671,513,466,559,592
528,672,512,467,561,594
530,675,510,463,561,592
523,677,515,461,559,589
526,675,513,470,550,591
522,674,514,465,559,590
530,667,512,476,558,592
527,658,515,474,550,592
519,667,515,473,565,587
529,658,514,475,551,592
519,666,516,472,565,584
528,671,515,466,562,593
531,671,518,468,562,579
528,670,514,467,563,596
527,673,519,465,563,591
529,669,512,473,556,591
531,674,503,464,561,591
528,658,509,477,560,588
526,672,511,462,551,591
529,663,514,480,550,592
509,672,511,479,559,588
520,673,504,476,557,593
531,674,511,478,550,593
528,661,512,477,553,592
531,669,506,470,565,592
526,668,511,478,550,595
521,673,512,469,554,590
516,672,506,478,560,593
529,671,516,471,561,594
531,676,513,470,562,593
516,674,501,478,558,594
533,668,513,479,552,591
527,677,516,465,559,591
524,660,516,479,559,593
527,677,517,469,560,591
530,672,510,469,558,591
528,657,515,475,556,589
518,676,506,479,562,592
517,675,512,477,560,584
528,674,518,481,556,591
523,677,513,471,555,592
518,663,507,479,553,584
527,677,514,473,557,592
522,666,513,483,551,592
524,679,515,469,560,590
528,672,507,483,561,591
530,669,509,470,563,593
530,660,515,483,552,592
517,677,511,483,558,590
524,679,505,480,561,594
522,670,517,477,564,588
509,678,507,482,561,586
527,668,514,480,553,592
511,674,508,482,559,592
526,660,517,482,552,588
529,671,513,479,560,594
531,675,510,469,563,584
530,672,505,475,562,593
521,680,498,476,561,592
517,657,512,478,566,592
531,664,508,477,562,593
524,675,505,478,561,595
515,680,506,481,559,584
524,662,519,482,560,590
527,675,520,471,563,592
523,661,519,483,558,589
517,674,508,483,559,584
515,674,509,481,558,589
518,665,516,478,564,584
517,676,504,481,557,589
528,661,518,483,557,593
518,673,513,479,564,582
529,672,511,471,565,593
528,670,515,483,552,592
531,674,514,476,561,588
528,673,520,470,564,598
531,659,519,479,554,595
518,671,522,469,561,592
523,678,499,482,561,592
528,676,521,470,564,593
528,660,519,483,551,592
529,674,513,482,561,594
526,674,519,468,562,592
528,667,516,483,550,590
528,671,508,478,560,594
522,666,520,480,564,588
528,670,515,482,551,593
528,670,522,470,562,592
523,675,520,475,561,593
530,662,517,474,552,584
530,671,509,475,562,593
522,675,519,471,555,591
528,672,508,474,562,594
531,671,508,478,560,595
528,666,521,472,561,593
520,674,508,482,557,595
526,669,515,475,551,592
531,672,510,474,561,587
527,661,502,480,555,592
528,669,520,480,550,591
533,662,516,479,550,595
530,670,522,471,562,592
527,669,517,473,546,593
526,656,521,482,561,595
527,674,517,475,551,591
519,668,512,479,563,584
521,671,509,476,562,585
519,674,509,483,559,592
527,658,516,478,551,592
527,664,514,484,550,593
526,676,519,464,557,590
530,667,517,480,550,593
519,660,519,481,562,586
521,671,520,470,561,591
526,674,521,470,561,590
517,664,520,480,564,583
525,672,523,477,561,595
522,664,518,480,563,585
526,657,521,483,559,590
524,671,505,484,562,590
518,677,509,484,559,592
529,668,515,478,559,595
528,671,521,469,563,591
530,668,522,471,563,592
525,669,514,482,550,592
520,663,520,479,561,587
522,678,505,484,560,593
532,658,517,484,550,594
534,671,519,472,565,593
531,666,510,473,562,591
512,671,515,479,563,582
532,663,519,483,552,595
525,674,520,469,563,590
526,674,520,470,559,590
524,662,519,484,559,585
516,669,512,477,564,589
528,677,515,464,562,593
522,664,517,483,562,585
529,667,515,480,551,589
529,666,517,478,561,587
527,674,517,471,558,590
516,676,513,478,561,590
523,677,518,472,560,590
523,663,521,482,564,585
525,662,519,484,555,591
522,676,499,476,563,594
528,673,509,475,562,592
516,674,512,481,563,582
526,674,518,477,552,592
525,659,520,483,549,584
520,675,506,483,560,590
520,661,519,479,564,584
519,679,507,481,559,593
528,671,519,478,562,591
515,671,512,481,564,583
526,672,518,477,551,591
518,666,520,478,566,586
525,676,512,472,555,583
528,667,516,478,550,591
526,675,521,469,559,590
522,662,522,481,559,589
530,665,517,482,552,592
530,672,517,477,561,594
526,658,520,483,559,589
516,672,512,478,565,582
527,657,519,482,557,591
525,674,519,469,563,591
520,671,510,475,564,594
520,678,511,479,564,593
528,660,520,484,556,588
524,664,516,470,560,583
518,667,513,481,562,583
525,673,520,469,558,590
526,673,520,470,555,590
523,676,519,469,562,589
524,676,521,470,559,592
520,674,507,483,560,593
516,671,515,478,565,581
526,670,518,472,557,583
525,659,522,483,560,588
526,674,511,476,563,591
522,675,509,475,563,591
526,673,507,475,564,593
517,666,523,480,562,586
525,673,519,469,557,590
526,673,518,469,559,591
525,662,518,470,557,590
523,682,506,481,559,593
514,670,512,479,566,582
517,674,509,486,560,591
529,671,515,478,564,594
511,676,509,484,558,587
530,662,517,484,551,592
521,673,520,470,562,591
521,675,507,482,560,593
530,673,510,476,563,592
524,673,519,473,558,591
533,658,518,484,552,593
517,668,516,479,564,583
529,673,519,475,558,583
525,676,521,470,564,590
525,671,518,475,557,588
528,676,520,471,558,590
518,665,517,478,565,586
526,674,520,469,563,591
519,668,519,480,563,580
531,671,513,479,561,594
530,657,517,482,554,592
525,676,520,470,559,590
529,669,519,474,564,593
530,674,521,471,564,588
519,669,517,480,562,582
533,671,502,476,563,593
535,669,516,479,563,593
528,676,520,469,557,591
528,655,513,484,551,593
533,665,516,484,552,587
531,660,516,484,553,590
517,669,515,480,567,584
530,662,519,483,554,591
525,657,520,485,558,591
526,661,516,469,560,590
529,671,521,475,562,594
529,658,521,481,555,591
524,676,502,479,562,594
528,673,508,475,563,593
529,671,519,476,562,593
526,672,507,482,561,595
531,671,514,479,563,593
527,677,521,472,561,592
529,669,521,473,564,592
520,661,521,483,557,590
525,676,504,480,563,592
519,663,516,480,565,584
532,668,517,484,553,593
525,670,520,471,565,591
526,676,523,471,565,592
518,670,513,472,565,578
529,658,518,484,556,590
519,670,511,483,559,589
527,673,506,483,561,594
518,658,508,479,562,590
530,670,518,478,563,596
521,674,508,481,562,593
527,676,518,470,556,590
529,670,517,483,549,594
528,665,502,477,556,591
530,673,515,475,552,590
528,668,511,486,547,590
526,676,518,475,551,591
529,668,518,481,550,593
518,670,513,479,563,584
525,660,522,481,563,593
517,677,506,482,559,593
530,670,517,480,551,592
531,668,517,480,553,591
530,659,519,483,553,594
532,669,518,476,562,593
529,659,517,485,552,593
521,665,519,479,564,583
522,670,511,483,562,587
526,672,519,473,557,592
523,674,507,482,560,595
522,662,520,484,562,584
530,673,513,482,561,594
526,669,508,478,562,584
529,656,522,469,563,592
528,673,517,478,553,594
519,672,512,479,563,584
516,661,521,480,565,588
520,671,525,470,561,591
523,663,522,480,561,586
528,670,514,480,545,588
530,672,513,483,560,594
530,672,518,479,564,593
531,670,507,477,564,593
518,674,508,484,560,592
529,674,508,478,563,594
529,671,522,472,562,591
529,670,517,476,564,596
530,674,520,468,561,591
530,664,522,470,563,592
530,658,520,485,561,588
528,666,515,480,553,592
518,663,518,478,547,592
528,657,520,482,560,589
519,661,522,482,558,592
529,661,519,486,554,593
530,670,517,484,549,593
530,674,522,472,564,592
525,675,507,480,562,594
530,656,520,484,556,591
521,662,520,480,563,585
527,676,522,470,564,592
532,672,523,477,562,592
526,659,521,483,558,589
528,660,521,471,560,590
526,671,520,472,556,589
527,672,509,471,563,594
527,674,518,479,553,590
530,655,517,472,552,594
526,658,511,471,563,592
519,676,506,483,561,589
528,668,516,481,553,595
526,646,521,484,559,591
526,660,508,481,561,592
534,658,519,486,556,594
529,667,515,477,555,594
521,676,505,481,561,596
531,670,515,482,562,594
528,671,507,475,561,594
529,668,512,480,562,593
522,665,521,480,564,586
527,670,519,470,560,594
525,677,512,463,558,590
530,670,510,476,563,592
526,672,521,484,557,589
529,661,518,478,555,594
517,667,517,479,563,584
529,661,519,483,551,594
528,668,514,478,551,593
528,673,509,481,561,588
530,669,516,485,562,586
530,668,516,479,553,592
530,667,513,480,559,596
524,672,522,469,564,592
530,672,521,466,565,589
530,674,518,476,555,591
520,673,507,483,559,594
527,669,516,483,550,594
528,645,516,481,552,589
529,665,516,482,553,593
528,674,520,469,561,593
524,662,520,475,561,588
525,661,515,474,564,585
530,670,518,479,562,593
533,657,519,482,552,592
528,676,508,479,563,594
518,664,515,480,564,583
522,672,505,484,558,590
527,672,521,470,557,591
525,673,505,480,559,591
530,673,519,472,564,591
530,673,522,470,563,592
523,675,508,481,559,594
524,659,524,481,560,587
519,673,504,486,558,591
530,657,518,485,554,591
530,669,518,477,566,594
531,667,512,470,563,592
531,657,517,483,552,594
528,675,519,472,555,591
528,673,515,480,553,591
530,670,514,480,563,595
521,675,505,481,561,595
519,668,510,476,563,584
529,659,518,481,553,593
529,671,521,471,563,592
525,674,517,478,551,593
527,673,521,469,561,591
527,665,508,471,563,593
530,674,516,479,555,593
518,673,508,485,561,591
531,673,516,480,562,595
531,664,516,481,553,595
525,675,517,473,558,590
529,674,522,470,561,592
529,659,517,484,552,591
521,663,519,474,561,584
529,672,508,475,564,593
525,661,520,484,558,588
530,672,516,475,559,591
527,672,521,471,564,590
522,676,506,483,562,593
526,661,521,481,561,586
521,675,505,480,561,594
527,668,507,477,566,591
530,664,517,481,550,593
530,671,523,475,565,593
524,675,506,478,562,593
527,655,512,481,553,593
529,659,520,472,565,592
527,670,521,471,561,591
531,669,517,480,551,593
531,647,518,483,556,591
523,675,507,478,560,593
526,675,521,472,558,590
529,668,518,486,551,589
532,671,514,479,564,584
533,667,516,480,551,592
526,661,514,473,557,589
521,663,518,481,567,583
527,678,522,470,563,591
531,668,520,472,562,593
517,662,519,480,562,587
525,662,508,473,554,594
525,681,519,473,554,591
517,676,507,482,562,592
529,660,520,485,553,594
525,677,519,468,561,592
526,669,518,481,552,593
530,665,516,481,550,594
526,670,512,480,559,595
520,659,518,482,566,587
526,664,514,479,550,593
528,673,511,473,562,593
519,680,508,481,552,592
527,671,519,481,561,584
527,660,522,471,562,591
517,675,505,483,559,591
529,669,515,479,562,594
526,667,516,476,551,593
512,668,517,479,565,585
526,672,518,474,549,587
529,671,517,480,551,592
521,660,520,485,553,593
528,673,520,469,562,591
528,673,508,475,561,585
528,667,514,478,551,593
534,664,517,483,549,594
517,674,515,479,566,583
529,675,507,476,562,595
523,657,521,482,561,588
519,666,515,477,563,584
528,674,522,471,564,592
527,675,511,477,565,593
523,660,519,479,566,586
520,675,510,483,557,591
531,668,518,476,564,594
518,666,516,478,563,582
528,671,522,469,565,588
529,661,517,484,551,596
516,661,517,480,565,583
530,664,519,478,565,593
517,646,512,477,559,580
519,668,506,483,560,593
526,664,501,476,562,592
525,638,522,480,562,583
523,667,506,483,561,596
522,655,518,482,566,594
529,646,521,482,556,591
527,659,511,477,562,595
525,649,520,483,558,590
517,661,512,484,561,588
530,661,522,477,564,594
531,636,519,483,554,593
532,651,514,482,563,589
519,664,507,470,564,590
522,652,520,483,561,586
528,658,519,472,568,593
521,667,508,481,560,592
525,653,518,481,562,588
520,658,519,479,567,585
527,663,507,478,563,595
519,661,508,483,560,584
528,650,523,484,560,590
531,663,509,476,565,595
527,650,521,485,557,593
518,669,503,483,563,588
512,667,513,478,566,584
523,653,521,481,567,587
527,668,517,476,558,590
523,653,521,482,562,587
530,661,521,470,565,594
528,654,519,477,549,594
531,664,518,478,564,594
529,653,521,485,552,594
532,653,517,490,552,593
529,668,518,475,557,590
519,656,519,479,566,582
528,653,521,483,560,591
520,657,513,480,566,585
530,664,521,471,567,592
523,671,506,480,561,589
528,667,516,475,554,592
527,663,514,482,553,593
528,654,513,472,550,591
524,672,502,483,560,593
530,656,521,481,558,591
526,670,515,466,565,588
520,670,506,482,562,590
530,661,512,478,560,589
527,670,520,469,561,590
523,655,520,480,562,585
523,663,511,474,566,593
527,648,523,476,556,586
527,666,506,479,562,594
520,657,506,478,560,588
514,660,514,479,567,580
524,654,517,485,554,592
527,668,511,473,567,595
528,667,522,468,563,591
525,666,520,473,556,591
532,663,515,479,563,593
520,662,517,478,564,582
530,653,519,484,557,593
524,672,506,483,562,594
529,666,520,476,561,583
527,668,521,470,564,590
526,655,523,486,558,590
521,667,517,478,558,585
523,661,519,482,564,586
528,667,521,470,564,591
530,673,505,481,563,593
532,669,520,478,566,591
529,655,521,482,558,589
517,672,505,484,559,592
519,668,518,474,556,590
516,667,515,479,565,583
529,666,516,482,551,593
532,668,508,464,566,590
528,669,518,478,552,592
533,664,513,482,561,594
521,667,509,476,563,583
527,667,516,476,553,592
527,671,518,471,559,591
524,670,507,483,562,594
531,667,523,472,557,590
529,664,514,481,564,595
532,666,523,471,565,592
526,672,521,471,562,589
525,657,517,484,552,596
533,654,517,486,547,589
517,661,516,481,563,583
521,669,517,479,565,583
521,669,507,483,561,592
519,668,510,485,560,586
519,667,513,480,564,583
529,655,520,484,558,592
532,665,522,477,563,593
530,663,518,480,552,592
