=~=~=~=~=~=~=~=~=~=~=~= PuTTY log 2023.11.03 01:10:04 =~=~=~=~=~=~=~=~=~=~=~=
612,428,491,504,478,596
613,443,496,501,491,596
616,439,503,506,487,589
621,437,502,495,492,596
620,425,500,507,489,595
617,441,502,508,481,591
615,427,498,507,487,601
621,437,507,501,482,598
606,428,505,500,490,596
614,442,493,501,491,596
606,436,493,510,487,600
610,443,494,501,489,596
624,436,507,504,491,590
617,429,499,508,490,595
624,432,506,503,478,599
617,442,501,495,491,595
612,444,492,504,490,596
624,438,507,501,480,592
620,438,506,493,489,596
628,444,502,507,482,591
620,445,502,508,480,592
624,438,505,506,492,591
622,426,506,504,489,591
620,440,504,507,486,589
621,435,502,507,475,594
614,442,496,502,490,597
625,435,509,496,484,599
626,439,505,502,486,588
624,440,502,496,492,596
621,442,503,505,492,592
613,442,494,500,490,596
624,433,509,506,491,588
620,442,508,504,495,589
612,434,496,508,487,600
620,441,503,503,492,594
624,426,507,503,487,592
620,433,503,506,485,599
621,441,504,508,474,597
619,449,500,496,487,596
624,436,509,496,487,598
620,428,505,505,491,599
617,429,502,500,491,596
619,442,504,507,481,593
622,442,505,505,478,595
624,440,507,498,486,597
623,433,507,502,492,590
614,432,498,509,488,600
620,440,503,504,489,601
620,444,499,497,493,596
624,425,507,504,491,593
623,440,508,501,484,598
622,442,503,504,479,596
623,439,508,501,481,600
624,431,507,494,479,599
625,439,508,494,490,596
616,429,501,506,490,601
625,441,507,498,488,597
624,439,504,494,489,596
623,440,505,504,480,600
613,439,495,507,488,604
625,440,509,496,482,598
612,439,492,495,491,596
619,441,497,496,491,596
621,427,505,505,491,594
619,427,508,504,491,595
625,441,508,496,483,599
611,451,493,504,486,598
622,442,505,494,492,596
625,430,507,501,479,599
619,440,506,505,479,599
626,433,508,503,493,589
621,437,502,504,481,590
612,433,492,508,488,600
614,446,496,499,493,595
609,444,492,496,490,596
622,445,502,509,479,594
624,440,503,507,484,592
620,421,505,507,490,598
615,443,503,499,482,600
622,445,502,509,480,592
624,439,507,502,479,599
614,443,493,500,489,598
626,438,509,496,485,599
623,437,508,497,487,598
615,444,491,504,490,597
619,445,503,508,480,595
617,442,495,503,479,597
623,436,506,505,494,588
619,423,503,502,487,597
623,441,506,494,490,595
623,422,507,501,494,592
623,440,504,507,490,588
620,430,504,506,486,599
612,444,493,500,488,595
609,432,494,509,489,599
620,444,503,499,477,596
611,433,495,509,486,600
618,445,503,508,480,595
611,444,494,507,488,597
619,444,500,496,494,596
626,439,510,496,487,599
627,438,509,496,485,598
622,441,507,500,492,595
622,442,504,507,478,593
620,443,499,495,492,594
620,442,502,509,488,591
620,443,505,508,478,595
624,439,503,494,488,597
621,436,505,506,494,590
622,442,502,495,492,595
620,442,504,507,479,598
624,428,501,508,491,596
624,437,507,505,494,588
611,438,493,508,488,599
624,430,508,506,491,591
615,434,499,507,491,600
621,428,503,504,492,592
620,443,502,507,485,589
620,441,503,495,491,598
616,429,500,508,489,600
619,444,501,495,492,597
627,440,508,498,483,600
622,428,508,504,492,592
619,443,504,509,482,592
615,428,500,508,487,599
626,429,509,507,487,588
619,443,503,509,484,590
619,439,504,509,478,589
620,428,501,506,489,602
616,442,506,508,479,597
622,423,503,507,490,597
619,441,508,505,478,599
613,446,495,503,492,598
621,442,505,505,479,598
625,440,509,497,485,599
621,443,505,508,479,598
616,424,501,506,489,600
613,440,493,510,487,600
616,445,494,502,492,595
622,438,510,496,485,599
619,436,508,507,493,588
619,430,502,507,491,598
612,435,496,511,488,600
622,429,507,507,489,600
613,435,496,509,488,600
624,430,507,498,493,591
608,435,494,509,488,600
624,437,509,501,483,599
623,429,507,506,493,593
622,438,506,509,488,591
620,443,503,509,479,594
613,438,490,507,489,596
619,444,503,508,485,590
613,434,498,509,490,601
623,429,509,506,493,594
621,438,506,507,491,589
621,441,509,494,492,597
613,437,494,509,487,600
624,429,508,504,492,596
623,441,506,504,490,589
614,434,499,508,487,601
618,429,500,509,489,602
620,443,504,506,480,597
624,427,503,506,491,594
621,435,506,502,476,597
617,439,494,501,490,594
621,429,507,504,492,597
625,438,507,501,481,599
620,443,505,508,486,588
612,437,493,507,486,599
614,442,492,509,486,595
612,437,493,508,489,599
620,444,504,509,486,589
624,441,506,505,480,600
624,444,505,508,482,598
624,442,509,502,482,600
624,444,492,506,489,598
617,430,498,508,487,601
626,434,508,493,484,599
613,440,493,507,489,599
620,447,503,508,490,598
618,445,497,501,494,595
620,430,503,506,492,598
625,429,508,504,494,592
621,443,504,507,486,589
628,440,508,500,484,600
620,446,505,509,481,594
620,431,497,503,491,598
624,434,507,505,491,589
610,439,493,507,488,599
625,430,504,511,490,594
613,446,492,506,491,600
622,445,502,507,480,597
623,438,507,505,493,590
607,441,494,506,491,598
620,445,503,508,486,591
626,429,507,505,492,595
621,429,504,506,489,598
624,422,509,501,490,596
625,431,509,504,493,593
625,444,507,494,493,597
622,441,507,507,490,590
619,444,500,496,492,596
617,427,500,508,488,597
620,446,503,508,486,591
623,426,505,504,492,589
613,437,493,509,488,601
622,443,507,503,479,599
623,436,506,500,491,585
617,430,498,508,488,601
612,438,491,509,488,598
619,444,505,507,480,595
621,429,508,504,491,595
612,431,494,509,489,590
622,444,506,505,481,600
611,439,494,508,489,600
620,448,504,511,482,594
617,446,504,509,481,594
624,440,509,496,484,600
626,440,509,499,491,597
620,439,499,509,482,589
622,444,504,510,480,595
615,429,504,508,491,600
620,446,504,510,484,594
624,431,509,506,493,593
612,438,494,508,487,600
620,444,503,509,485,591
625,437,508,505,492,590
619,444,503,510,485,592
617,439,498,497,495,597
618,432,502,507,488,601
626,440,508,500,482,601
614,439,493,509,489,600
624,429,504,507,487,585
621,423,503,503,487,599
619,431,507,505,492,594
612,437,493,510,489,602
621,446,504,511,486,589
611,446,489,505,490,598
620,444,498,504,491,599
615,444,497,499,492,597
619,428,505,499,494,597
615,446,496,499,492,598
621,444,505,508,487,590
624,446,501,509,476,598
625,431,508,505,492,592
623,441,509,499,485,602
619,430,502,507,490,602
614,435,500,508,489,601
627,440,509,494,489,599
628,441,505,495,490,598
621,428,505,505,491,597
619,445,505,510,480,597
626,430,509,502,490,591
623,426,505,506,491,592
621,442,508,498,491,597
624,437,504,494,495,596
621,445,503,507,481,598
612,440,494,507,489,600
620,430,503,507,489,601
626,432,509,502,490,592
622,445,504,509,479,594
619,445,504,508,487,591
626,441,503,495,491,596
615,435,498,509,488,601
615,437,495,511,488,599
620,443,505,511,478,596
613,446,496,502,493,595
617,430,500,507,490,600
626,444,499,496,494,598
626,439,510,495,490,600
626,442,506,498,482,598
620,445,498,497,493,598
615,445,498,506,492,600
609,446,497,502,493,597
624,442,506,505,481,599
616,431,501,509,489,600
613,432,494,506,489,600
620,444,509,495,493,597
621,447,503,510,481,595
623,427,507,507,492,598
622,445,503,510,481,595
619,428,503,508,489,600
626,429,509,503,494,595
615,445,495,502,491,597
620,444,501,495,493,596
617,445,499,496,493,597
624,440,507,495,485,599
617,446,500,497,494,596
620,444,502,495,480,595
620,448,504,509,486,590
622,429,506,509,483,594
623,441,507,502,481,599
616,447,496,503,493,596
622,441,504,507,491,590
614,435,497,509,489,600
626,440,510,498,487,600
616,438,497,495,492,600
623,442,507,502,482,601
626,433,508,504,494,594
620,438,507,505,494,590
620,447,504,508,486,591
611,442,493,508,490,602
621,443,505,509,485,588
621,445,504,507,488,589
623,442,505,506,490,591
618,444,508,511,481,598
624,441,506,506,490,590
616,431,501,509,491,603
622,438,503,500,482,600
619,445,505,509,487,590
628,441,508,495,490,597
617,438,500,493,490,597
620,441,501,498,493,597
626,435,508,492,485,598
622,446,503,510,480,595
612,442,490,505,490,597
618,442,510,496,492,597
623,447,505,510,483,594
630,433,509,504,494,592
622,446,504,508,488,600
615,445,491,501,491,595
618,446,500,497,493,598
614,447,496,501,493,597
623,443,505,501,482,600
617,446,498,500,493,596
625,430,506,506,493,593
619,431,502,507,490,600
621,443,506,507,490,590
624,440,507,504,482,600
615,433,501,509,490,601
625,443,510,496,488,599
622,429,506,507,492,597
618,434,500,503,490,598
613,438,496,510,489,602
620,445,501,497,494,596
625,424,510,501,495,594
621,444,503,495,493,598
612,436,491,505,488,598
621,441,507,506,491,589
624,442,505,497,494,597
613,448,493,503,493,598
615,447,495,504,494,598
621,439,508,507,494,591
624,439,495,508,482,596
620,440,509,507,490,590
625,432,509,505,493,594
620,431,501,509,489,600
612,438,496,508,489,602
613,447,498,502,493,597
624,444,506,506,491,589
622,431,507,507,494,595
613,444,495,506,490,599
622,444,504,508,495,598
623,430,510,505,494,594
622,443,506,507,494,589
624,447,505,510,481,599
621,445,505,505,477,597
621,447,502,504,482,594
619,442,505,506,489,597
619,445,504,510,480,594
623,443,505,507,490,590
626,442,513,496,489,596
621,446,505,510,482,593
618,432,502,508,489,600
621,440,503,510,481,596
626,443,506,494,489,595
626,440,509,499,487,599
623,434,511,504,496,593
624,444,507,508,480,601
615,447,496,496,492,597
613,432,499,509,491,600
620,441,507,504,484,600
622,450,504,510,491,593
624,445,504,508,489,590
619,432,504,507,491,597
625,440,509,497,489,599
624,443,508,501,481,600
626,441,506,495,492,597
623,446,506,494,492,597
625,434,511,506,494,593
614,444,494,508,490,600
627,442,508,499,486,599
621,446,506,510,480,598
625,431,509,504,495,593
620,429,505,507,492,598
619,432,504,507,492,602
626,439,508,507,496,591
626,442,507,497,490,599
622,447,505,509,482,599
616,447,501,497,493,599
623,445,501,497,487,591
619,433,501,510,483,602
621,447,505,508,480,597
628,444,509,495,490,598
609,447,494,507,491,600
614,439,496,510,487,600
626,443,511,497,491,599
620,431,505,508,492,597
623,445,508,495,493,597
611,439,494,509,488,600
612,445,494,506,491,598
623,446,505,509,488,589
622,447,504,509,486,592
611,442,493,505,492,599
626,442,510,500,484,599
625,442,509,506,490,590
623,430,507,508,489,599
623,438,508,509,487,591
623,431,508,505,494,595
608,435,501,510,489,602
627,441,511,497,488,599
614,440,497,510,489,601
625,433,509,506,494,595
628,441,507,500,484,600
626,437,510,491,490,601
625,444,506,495,491,598
626,447,495,507,490,600
618,434,503,507,492,603
617,446,505,509,486,592
623,446,506,508,490,597
623,445,509,490,490,598
620,431,504,508,491,604
611,445,495,505,490,600
620,446,499,501,496,598
622,439,509,507,494,591
618,447,497,499,493,598
618,434,502,508,490,601
624,443,504,496,492,597
623,443,506,508,489,590
625,439,508,505,494,591
626,436,508,497,483,600
623,441,504,507,490,590
614,444,498,499,494,598
619,432,505,508,489,598
625,444,508,505,482,601
623,437,506,503,494,587
620,446,504,509,495,591
623,445,506,506,493,590
620,443,496,500,493,599
625,443,509,501,485,602
613,438,496,503,485,600
625,437,508,506,491,592
614,447,495,498,490,599
611,443,494,509,489,601
613,442,499,501,491,598
619,447,505,508,481,597
609,446,494,505,491,602
613,444,496,510,485,603
617,433,500,504,491,600
622,445,506,507,493,590
621,432,507,506,492,599
624,442,508,508,495,590
625,445,507,497,491,598
625,430,509,505,494,595
622,433,509,507,494,600
613,438,496,510,490,600
621,447,500,497,494,597
624,433,509,504,495,596
620,450,505,510,483,595
621,442,504,505,483,595
614,457,493,507,488,600
615,448,497,503,494,598
612,443,500,498,494,598
621,445,508,506,481,600
624,442,510,501,483,602
616,448,496,501,487,597
627,448,505,497,494,597
613,450,495,504,494,598
623,447,505,508,485,591
626,439,505,509,479,594
622,446,508,503,481,599
625,443,509,497,486,600
622,447,506,510,483,597
624,447,508,498,495,598
622,430,505,507,492,600
622,449,505,509,485,593
624,446,509,497,492,600
625,441,510,506,493,591
622,432,507,506,493,597
623,446,504,496,489,590
618,448,500,497,494,597
622,449,505,511,482,595
625,442,510,505,496,591
615,449,496,502,494,598
614,440,494,509,492,601
622,445,508,508,485,591
621,449,504,502,491,589
618,445,509,500,484,601
627,447,505,498,493,588
615,436,499,510,490,601
615,449,495,506,491,599
623,442,507,506,493,590
621,435,506,508,494,599
620,431,506,509,491,602
624,447,510,510,494,593
620,449,503,510,484,594
614,448,493,506,490,600
616,449,504,513,482,601
623,444,497,505,481,599
613,447,505,512,483,600
619,447,503,504,490,587
625,445,507,510,492,590
625,438,506,502,495,589
622,448,504,496,495,598
622,447,501,508,491,590
622,449,505,509,488,591
622,435,501,508,492,600
624,446,506,507,481,599
628,443,508,497,491,599
607,445,492,510,491,599
620,432,505,508,492,601
623,447,505,510,482,599
612,444,493,507,492,599
616,446,500,500,496,601
622,448,506,507,491,590
621,447,506,508,481,599
624,432,509,505,494,596
626,444,510,502,485,602
620,446,507,509,482,600
619,449,502,498,496,597
624,442,508,499,485,600
613,441,495,509,489,602
612,441,495,509,490,601
623,450,504,509,483,596
616,449,497,503,495,598
625,439,510,507,495,590
624,444,506,507,491,591
623,446,504,509,491,602
625,434,509,506,482,600
623,441,506,505,479,597
627,444,509,494,490,598
621,432,506,506,491,599
624,443,509,499,486,599
627,446,507,497,492,600
624,449,506,510,484,592
627,434,510,505,494,593
608,444,494,509,490,600
627,435,509,505,496,594
623,447,505,505,482,598
613,446,511,499,488,601
621,449,505,510,482,597
622,450,507,510,487,592
626,440,509,505,495,591
616,440,507,511,483,592
625,449,506,510,484,598
622,452,504,510,486,595
611,445,493,508,482,600
621,452,505,508,480,592
621,449,505,510,487,595
624,446,511,500,487,600
620,433,503,509,492,599
628,434,510,506,494,594
622,450,507,511,484,596
626,428,510,506,494,592
618,437,498,510,489,601
621,449,501,497,496,598
621,435,507,508,492,598
620,444,505,511,484,592
625,450,506,505,488,591
625,435,511,506,494,592
617,436,498,510,490,602
610,442,494,507,490,600
625,447,510,495,494,597
626,439,507,501,485,601
621,448,506,509,483,595
620,447,502,497,494,597
625,440,511,494,490,601
624,447,507,509,489,600
623,448,509,509,483,600
623,445,506,509,491,589
617,438,500,509,489,603
623,432,505,508,493,601
620,448,502,508,491,602
619,435,504,507,493,603
613,440,496,511,491,598
626,439,509,506,495,591
625,446,507,508,492,591
630,446,508,500,484,599
630,446,509,501,487,601
620,450,504,510,483,596
626,445,511,501,485,606
622,443,507,510,481,592
614,439,495,499,494,598
624,444,507,508,492,589
621,450,505,509,484,595
621,449,507,510,482,598
616,450,499,503,492,599
622,450,505,511,483,597
625,440,505,502,479,599
608,442,495,510,490,602
622,447,505,508,490,591
628,433,510,505,495,592
613,446,494,506,491,600
618,438,501,509,490,604
621,449,505,511,481,598
624,427,510,502,490,595
628,444,510,496,491,599
626,446,507,511,484,596
614,445,496,509,491,602
621,450,505,511,487,595
615,438,503,496,491,599
614,449,496,506,492,600
624,448,504,497,495,597
616,451,496,504,493,600
622,444,510,498,492,600
619,437,505,509,493,599
626,444,511,504,485,601
627,452,511,511,487,599
626,443,511,500,488,600
622,444,509,499,491,598
624,447,511,495,492,598
619,435,507,510,493,601
625,433,510,507,493,594
626,444,510,497,492,600
625,446,510,495,492,600
622,430,507,507,493,600
618,451,499,499,495,595
619,437,502,509,491,603
627,441,509,505,494,591
613,445,496,507,492,602
626,446,511,511,489,601
625,436,510,504,489,591
623,447,507,507,482,600
611,443,491,509,489,598
624,446,509,497,482,600
615,438,499,511,492,601
625,448,504,496,495,599
614,449,495,507,493,600
614,442,495,509,492,601
620,447,500,497,494,599
613,450,498,511,491,600
621,435,507,507,492,602
624,446,506,498,493,597
625,443,511,506,496,592
618,433,501,508,492,601
624,446,511,503,485,602
622,444,509,500,487,600
626,445,510,497,491,598
615,450,496,504,493,599
617,434,506,508,494,598
617,450,498,502,494,598
622,449,505,510,483,596
613,441,497,510,491,601
621,450,505,510,482,595
615,441,497,511,491,603
621,450,507,509,490,592
623,443,502,511,485,594
624,449,509,506,484,601
616,445,497,510,492,602
627,445,511,498,489,600
623,447,504,510,487,592
622,448,508,505,485,601
622,452,505,511,484,595
625,447,505,497,493,599
624,442,503,497,494,596
627,436,510,505,497,593
626,434,510,505,496,592
626,447,503,510,482,603
624,447,506,509,491,604
625,447,511,499,488,593
627,446,506,498,491,599
619,433,507,507,493,599
626,446,511,505,483,602
624,450,496,501,496,599
615,437,502,511,490,602
622,434,508,506,494,596
624,436,510,505,499,592
627,445,510,500,483,601
615,447,495,509,491,602
616,451,499,503,485,599
621,447,505,497,494,598
617,452,499,505,495,598
623,447,508,508,489,590
626,435,511,505,496,593
622,447,505,508,490,590
622,450,504,499,495,598
612,446,495,506,494,601
621,446,509,507,479,601
622,449,505,511,484,596
628,444,510,499,488,601
612,448,496,509,491,600
624,446,503,498,495,599
625,448,503,497,497,597
625,431,511,508,495,594
627,446,509,507,482,601
623,442,510,509,496,590
622,448,506,510,481,598
614,438,500,511,492,604
622,432,508,507,494,598
623,447,508,505,486,597
623,442,507,508,496,590
623,447,510,504,482,600
627,439,510,507,496,592
623,447,509,499,495,598
624,433,510,507,494,598
620,447,508,505,484,601
625,445,511,500,489,600
614,435,498,511,490,601
619,435,502,511,492,602
627,440,511,508,495,591
625,443,505,498,493,599
623,445,507,509,483,598
626,449,505,498,495,598
617,452,497,503,494,599
626,445,496,505,483,601
615,438,503,510,493,601
623,450,504,499,495,597
615,437,500,509,492,598
624,447,508,504,484,602
622,444,504,507,486,592
617,437,503,510,494,603
621,449,510,499,493,599
614,449,497,505,493,600
623,446,509,505,484,600
617,452,499,503,496,598
613,448,494,510,490,601
622,449,507,497,493,599
622,448,509,513,490,602
621,448,504,497,480,601
618,450,496,502,495,599
625,444,511,498,491,600
623,446,506,505,483,599
623,450,500,501,495,597
618,449,509,511,481,597
617,450,498,504,495,599
614,450,497,504,496,599
627,445,511,497,490,599
621,448,505,510,490,590
627,447,512,500,494,599
622,447,507,512,489,590
612,446,495,510,492,601
626,445,509,508,492,591
612,450,495,508,493,599
612,448,495,509,493,600
624,440,510,506,495,597
624,443,509,508,497,592
619,439,511,504,498,591
612,449,497,509,492,602
613,450,495,509,491,599
619,434,507,508,495,600
623,432,507,508,494,599
627,439,510,506,497,592
609,447,496,510,490,601
614,446,495,510,491,601
615,439,501,511,491,602
614,441,495,511,492,602
622,449,500,498,495,596
627,441,511,507,496,590
613,451,494,503,494,600
616,437,505,509,487,596
623,434,503,509,492,597
626,428,505,509,491,593
614,452,497,504,497,598
623,448,505,498,492,600
614,451,497,505,495,599
623,452,509,501,479,601
623,434,508,507,494,598
624,445,509,510,494,589
625,447,509,508,483,600
612,446,511,498,491,598
621,452,502,500,496,598
622,434,508,511,492,603
620,435,508,507,495,600
620,448,503,500,496,599
625,448,508,507,482,600
625,446,508,509,491,592
625,443,508,509,498,590
622,435,503,509,493,598
621,450,506,510,484,597
613,440,501,510,493,603
621,450,502,503,496,599
623,441,507,508,491,595
626,438,502,510,491,597
627,440,509,498,492,599
624,450,503,498,497,599
624,447,511,496,494,597
618,444,498,498,490,599
620,445,511,498,489,601
625,447,511,498,492,600
621,434,505,509,494,598
615,451,511,497,491,599
624,445,512,504,486,601
615,451,491,501,495,600
627,440,510,506,496,593
620,451,506,511,484,598
624,444,510,508,495,591
621,451,507,506,480,594
625,434,510,508,495,599
627,443,509,508,496,590
624,437,511,506,498,594
612,449,495,514,491,602
616,457,506,511,484,593
624,448,508,504,485,602
620,450,501,505,494,600
625,437,511,507,497,597
623,449,510,508,489,591
622,450,504,499,496,598
625,436,510,507,500,591
618,450,507,511,484,598
615,444,502,511,491,602
622,448,507,508,483,599
623,448,509,505,482,601
622,451,507,510,483,597
622,450,508,510,484,594
613,446,495,509,492,600
620,440,501,510,494,599
612,450,495,509,492,601
621,446,507,497,493,598
616,450,506,510,485,595
628,446,510,503,486,601
621,449,505,510,488,601
623,451,505,498,497,598
625,436,510,507,497,594
628,446,511,500,488,601
616,434,504,509,492,602
613,451,495,507,494,600
625,437,511,505,495,595
622,451,507,511,487,600
617,450,500,504,494,599
608,452,494,510,493,600
626,436,511,504,494,591
626,436,512,508,496,595
618,440,504,511,482,602
619,451,499,506,495,599
619,447,508,507,491,591
613,444,495,509,490,598
627,437,505,507,496,593
623,437,508,507,495,600
623,434,507,508,495,599
625,446,511,497,491,600
620,434,506,510,494,600
627,436,511,504,493,592
616,431,502,510,493,602
615,442,498,510,493,602
614,444,497,512,491,602
622,449,507,511,484,596
609,447,496,510,493,602
617,438,502,509,487,600
625,447,512,503,484,602
623,435,503,507,495,598
623,446,509,513,484,595
617,439,502,510,491,595
625,449,509,507,492,589
621,452,505,499,497,597
613,437,491,512,487,602
623,442,510,509,494,588
623,446,510,510,492,590
624,448,510,505,483,601
621,452,508,511,483,597
617,439,503,511,491,602
625,435,508,508,494,599
621,449,504,500,496,599
626,445,511,501,490,602
626,447,506,499,497,596
617,451,498,502,495,600
613,447,496,509,496,597
624,438,511,506,497,595
613,442,497,510,493,602
614,448,508,506,496,599
619,452,500,502,495,597
627,442,510,508,491,591
623,450,505,511,489,591
619,450,499,503,494,599
623,449,511,497,495,600
622,449,508,511,484,594
622,450,498,510,490,591
619,437,502,511,494,599
621,451,506,512,486,595
625,440,510,507,496,603
624,449,507,511,488,592
622,448,506,511,490,592
624,446,508,511,490,591
622,435,507,508,495,599
621,452,508,512,485,601
622,450,507,511,483,597
626,445,511,511,490,591
618,439,504,509,494,601
624,435,509,508,495,597
626,447,511,505,487,601
624,449,508,510,489,592
627,447,508,499,493,599
627,447,510,504,486,602
614,444,497,511,491,601
619,452,498,505,494,598
623,449,509,505,484,601
625,446,510,500,489,601
613,449,495,508,493,600
616,438,503,511,493,602
613,446,496,512,491,602
615,451,495,507,495,599
627,446,511,501,488,600
612,451,496,509,492,601
624,451,506,510,490,592
620,451,504,498,496,599
624,433,508,509,494,601
626,445,508,508,491,588
619,451,501,499,496,599
619,434,507,507,495,598
623,449,505,511,486,591
614,447,496,511,491,602
616,442,493,511,487,602
629,449,506,497,487,594
622,429,507,505,490,601
627,447,510,501,488,601
620,451,500,500,496,603
625,435,509,508,493,600
621,451,504,511,485,593
624,445,509,508,496,589
623,447,508,507,484,601
623,450,509,506,482,601
626,452,499,505,496,598
615,452,493,508,491,600
626,448,507,498,494,598
618,436,505,511,492,591
627,441,511,508,497,593
626,445,511,505,496,599
628,447,512,508,483,598
621,450,508,508,483,599
617,452,506,499,496,600
623,451,503,510,487,597
623,449,506,511,489,592
621,449,506,509,484,600
626,445,511,499,491,600
622,454,507,514,485,601
627,448,511,498,492,598
623,436,507,510,495,598
620,454,506,510,483,599
627,446,511,503,488,603
624,447,511,499,489,599
621,452,507,510,492,592
627,437,510,508,497,594
623,453,507,510,484,599
621,438,507,510,493,600
624,438,512,508,494,592
619,437,502,511,492,600
625,435,511,512,493,597
627,440,511,507,497,593
626,449,509,497,496,599
613,446,496,508,494,598
623,449,507,510,490,591
624,447,510,510,481,602
611,448,495,511,493,601
623,451,504,498,497,599
626,445,512,497,495,599
624,448,506,509,491,592
620,438,507,509,492,601
622,434,507,510,487,601
611,450,496,510,493,600
614,444,494,510,491,602
613,444,497,516,493,601
624,449,508,509,485,600
620,436,506,508,493,600
609,440,501,513,494,597
620,436,507,509,493,600
628,441,510,508,496,592
615,447,497,509,493,603
625,450,509,500,497,598
622,454,506,511,486,596
625,451,504,511,488,594
626,436,510,508,497,594
625,446,510,509,494,590
624,453,506,512,490,593
619,439,503,512,493,599
614,453,496,507,494,600
613,450,495,509,494,600
627,447,512,498,489,599
625,447,511,499,491,602
627,447,511,500,487,601
627,448,506,505,486,600
619,451,503,508,485,601
619,435,508,510,493,597
627,448,511,500,489,600
626,448,508,508,494,592
614,449,496,507,493,599
626,444,508,498,495,599
625,448,511,499,488,601
622,451,504,499,497,599
622,451,506,509,491,591
626,444,512,508,497,591
622,451,508,511,490,590
623,450,512,497,495,598
625,436,512,507,497,594
621,436,510,507,497,592
623,439,506,509,495,599
627,444,511,508,498,591
615,444,507,497,493,599
623,449,510,504,483,601
626,441,508,503,492,602
616,453,506,511,485,597
624,451,506,506,495,590
626,447,511,501,497,600
625,450,509,505,493,589
625,447,509,504,484,603
617,453,505,513,482,600
627,450,511,504,485,601
624,451,506,510,489,590
624,451,507,499,495,598
627,445,512,499,495,598
626,451,508,508,484,602
623,448,510,503,484,601
615,448,496,506,493,599
626,443,511,508,497,591
620,449,510,504,491,598
621,451,506,513,487,600
624,449,509,500,489,601
624,452,507,510,486,592
621,438,510,508,494,601
609,449,495,510,493,599
622,450,506,512,482,600
620,439,496,509,492,600
620,437,511,507,485,598
624,435,510,508,495,597
619,453,510,513,490,601
615,453,497,508,497,592
627,449,509,502,492,600
623,450,510,509,494,591
619,440,498,510,490,602
622,438,506,510,493,604
616,452,496,506,495,600
613,450,493,507,489,601
616,441,502,509,493,602
625,450,512,497,493,601
627,448,511,499,490,600
614,448,496,512,492,602
628,449,511,498,493,599
620,437,508,508,495,601
616,452,496,504,495,600
627,440,510,500,497,593
625,448,507,499,490,602
623,454,507,509,483,599
628,447,508,504,497,589
623,449,509,504,484,600
621,451,502,498,496,598
627,447,508,499,491,600
629,446,510,509,496,592
623,446,509,509,495,600
623,452,507,511,490,592
625,438,510,507,485,602
618,439,503,510,491,601
627,449,509,506,484,602
623,452,508,514,491,600
628,448,511,500,491,600
614,454,497,502,495,599
623,449,505,512,484,602
626,448,508,508,494,592
626,450,511,498,493,600
616,441,502,511,492,600
613,454,495,507,495,600
618,440,503,512,492,603
627,449,511,506,486,603
614,446,495,511,493,602
622,454,506,511,487,592
623,453,507,508,483,598
626,448,511,499,491,601
627,445,511,507,497,593
611,448,499,512,494,602
623,451,507,510,494,599
624,453,498,506,492,598
613,449,496,511,494,601
623,451,508,511,483,599
621,451,505,512,486,602
621,452,508,510,485,599
624,451,507,511,491,590
612,450,495,510,491,600
625,448,510,504,493,592
627,450,506,497,494,599
623,438,514,507,497,589
621,438,511,507,496,592
625,452,508,499,496,598
619,454,505,511,485,594
615,443,499,498,491,602
619,448,495,504,491,600
622,438,506,508,495,598
618,439,504,510,492,603
617,439,505,509,493,599
616,441,504,512,492,601
615,443,497,508,498,599
623,451,502,499,497,597
625,439,510,508,497,594
616,453,497,499,497,598
622,453,501,499,496,598
621,453,506,512,483,601
627,446,510,508,493,590
620,440,506,509,492,595
627,430,512,511,487,588
623,452,511,508,493,591
624,437,509,508,494,596
619,441,503,511,494,602
625,438,511,506,497,599
616,438,499,512,492,603
622,452,506,510,489,601
626,442,512,500,495,598
621,451,502,499,485,599
614,450,513,508,496,591
625,444,511,497,496,598
627,447,510,499,489,601
623,443,508,508,500,591
623,438,510,507,496,595
624,437,510,503,487,602
620,453,507,514,489,601
624,436,509,509,494,599
621,456,507,511,485,596
617,453,499,499,495,598
627,443,511,507,497,593
623,451,508,500,495,595
622,438,506,509,496,599
625,449,511,501,490,600
624,454,505,507,490,592
625,439,511,508,495,592
622,452,501,507,497,597
615,440,502,510,494,602
610,454,495,510,496,598
626,450,510,510,494,592
622,455,505,511,490,593
614,445,497,512,494,600
626,449,511,502,489,602
619,434,503,506,491,600
622,450,511,501,486,601
619,442,504,510,493,603
615,438,501,511,492,592
624,451,509,509,486,600
621,454,500,499,496,598
624,450,505,499,496,592
616,453,502,501,498,599
623,456,507,512,486,601
621,437,507,509,495,599
624,450,507,511,493,590
612,453,495,509,493,601
627,450,511,497,493,600
616,454,509,499,495,598
622,454,504,511,488,593
622,455,507,512,482,601
621,454,507,512,485,595
615,452,497,506,494,600
625,440,511,507,494,596
615,444,499,504,495,595
622,457,507,509,481,599
617,440,502,511,493,602
627,448,510,507,483,602
626,437,510,511,497,597
613,448,496,512,495,601
623,448,505,508,485,595
625,437,511,510,495,597
617,455,495,504,494,599
623,439,506,508,497,595
615,447,497,511,492,600
626,446,509,492,497,600
617,454,509,498,495,598
626,449,509,510,494,590
624,450,507,510,488,592
617,455,496,509,493,599
615,448,495,512,496,596
621,454,506,512,489,594
628,440,511,503,496,594
626,446,510,497,484,601
621,455,509,512,486,595
618,438,504,515,496,593
626,448,511,499,498,596
614,446,501,512,493,603
627,448,511,501,487,601
613,450,495,511,494,600
616,453,499,500,495,597
625,445,511,509,498,592
618,448,508,509,493,591
622,455,507,513,485,601
625,450,509,506,482,600
616,446,496,511,492,600
617,439,502,499,492,601
625,439,511,507,495,595
624,436,509,504,496,598
624,451,511,505,485,602
626,444,511,507,496,592
623,440,507,510,495,598
611,449,495,510,492,601
627,446,506,510,497,592
623,453,508,507,483,599
625,448,511,502,491,602
618,450,494,505,492,597
622,454,508,511,486,594
623,455,508,511,494,592
625,446,510,507,498,591
619,440,502,511,493,602
614,446,497,511,492,604
617,440,502,510,493,600
626,450,512,506,496,599
612,456,497,510,495,601
614,453,496,506,496,600
627,439,511,509,488,600
626,448,511,509,498,592
625,451,510,497,493,599
622,452,508,510,492,591
613,444,497,513,497,594
623,456,506,511,486,595
621,454,505,513,486,602
624,450,510,505,486,601
626,448,511,499,492,603
623,447,503,511,484,591
626,449,511,511,488,600
618,441,499,511,493,599
624,450,509,507,496,599
627,450,511,497,492,598
625,451,508,498,495,598
624,450,509,504,484,600
627,448,512,502,489,602
624,450,508,499,493,601
622,455,506,511,484,595
625,445,511,506,487,601
613,447,497,510,491,602
617,454,505,511,487,595
617,452,507,512,486,599
617,439,502,511,492,602
618,438,505,510,494,600
624,453,500,499,497,599
618,456,500,503,495,599
621,433,508,504,497,601
607,447,495,510,493,601
625,447,507,495,492,597
626,450,505,500,496,597
622,453,507,510,482,599
626,450,509,505,483,601
616,453,496,509,495,597
626,438,509,512,481,598
624,435,508,509,494,598
625,441,511,506,496,593
622,453,507,512,484,598
617,454,499,509,485,595
619,449,509,506,487,599
616,436,506,511,496,598
626,438,511,508,497,594
619,441,503,511,495,601
615,443,504,510,493,599
626,452,511,498,495,593
615,451,496,511,492,601
622,438,509,508,492,590
626,437,512,506,495,595
623,453,508,511,495,592
614,451,495,509,493,600
613,444,498,511,492,602
614,441,498,512,489,598
624,452,508,512,485,600
622,448,507,510,494,591
624,451,506,511,494,599
622,453,509,499,497,599
625,450,509,511,494,591
616,443,502,510,492,599
615,452,499,506,494,599
612,446,497,512,495,601
617,443,500,512,498,598
627,449,510,499,491,602
626,440,511,508,489,587
628,450,511,499,489,599
613,448,495,511,492,601
625,443,511,507,496,592
626,447,508,510,497,592
625,446,511,510,496,593
615,454,496,508,495,599
622,455,505,512,487,596
625,450,508,508,483,600
626,457,510,510,480,601
621,453,507,512,483,601
624,452,508,497,496,599
614,455,496,508,496,599
628,450,506,497,493,598
627,441,511,508,491,593
624,451,507,498,491,599
623,454,507,512,484,596
624,439,507,509,497,599
623,452,507,510,484,599
611,447,497,511,491,602
621,452,506,511,488,592
624,455,508,504,483,600
627,446,511,508,496,592
617,453,507,511,492,602
617,453,499,505,496,599
615,454,496,509,493,600
621,451,506,499,496,599
625,453,509,498,496,600
623,452,509,507,485,602
626,447,511,507,484,598
618,441,501,510,493,601
615,454,497,499,490,601
624,445,512,511,488,591
625,448,509,509,492,592
614,453,496,511,494,602
624,455,507,510,490,592
621,441,512,509,498,591
623,452,504,499,496,599
620,454,508,504,494,599
622,452,508,511,494,590
622,452,505,499,491,598
625,438,512,508,497,594
632,446,511,507,497,591
621,440,505,508,496,601
625,452,510,503,485,601
619,454,502,499,496,597
616,456,500,505,497,599
627,450,511,501,491,602
626,449,511,500,490,602
621,448,508,511,487,596
624,450,511,505,487,602
624,441,508,511,495,591
622,456,496,510,495,603
617,443,504,512,491,603
623,439,510,508,496,597
618,454,502,499,496,600
625,453,506,498,495,597
623,448,511,501,488,604
619,453,503,502,497,598
613,444,497,511,493,602
613,449,495,511,497,598
622,452,507,509,485,600
621,454,508,510,483,598
615,447,496,512,495,597
627,450,511,500,489,600
620,437,509,508,496,598
625,450,507,496,495,602
621,440,504,509,493,600
622,455,506,512,489,598
627,450,510,502,489,601
627,447,509,508,494,591
624,452,508,511,485,599
627,439,511,502,492,592
624,453,508,512,489,599
621,440,506,511,495,601
622,439,511,507,487,602
624,451,509,506,485,600
614,448,499,512,497,598
620,453,502,501,496,598
613,447,497,511,493,601
619,439,504,512,497,596
621,439,509,510,494,604
624,452,503,509,483,600
620,451,506,499,496,592
615,442,504,512,493,601
620,452,508,509,492,593
629,451,511,501,490,601
629,451,512,499,497,600
627,446,511,509,497,591
619,439,505,511,495,597
625,452,508,511,494,591
626,453,508,498,495,600
626,452,511,499,492,600
624,455,509,506,484,598
613,451,495,509,494,602
617,448,498,504,496,602
626,443,512,500,482,602
621,439,506,508,494,601
620,454,501,499,498,598
621,454,507,512,483,599
613,455,496,508,492,600
626,451,510,499,493,601
614,444,499,511,491,603
623,451,510,510,494,591
618,461,499,505,493,598
624,439,511,508,496,595
622,454,509,511,483,600
613,449,495,508,494,600
621,433,506,506,491,600
626,451,512,502,490,601
620,451,501,503,496,599
620,440,502,511,494,601
627,440,512,508,497,593
613,451,495,511,493,602
623,455,506,512,491,591
618,454,501,508,497,599
624,455,506,512,485,601
628,450,511,507,496,593
615,451,497,511,494,601
622,456,506,512,491,592
619,443,505,511,494,602
627,446,511,509,498,591
616,441,503,511,493,602
620,453,506,499,495,592
622,446,505,499,494,596
621,452,509,504,486,600
613,447,497,513,491,598
620,455,506,512,485,595
624,451,511,503,489,599
621,458,507,512,483,602
624,450,510,508,483,601
625,449,510,504,486,595
620,453,508,511,493,590
621,441,510,508,496,600
623,441,512,510,498,595
616,456,502,501,496,598
619,453,508,499,494,598
618,440,511,509,497,592
617,438,513,511,492,590
616,455,504,499,495,600
609,457,497,507,495,599
618,453,510,511,484,602
616,441,510,510,495,596
614,458,508,515,488,599
616,453,508,513,484,598
609,460,501,509,498,600
616,448,510,510,496,590
610,443,507,512,495,600
616,454,509,512,488,595
608,459,500,507,496,598
618,455,510,511,496,598
614,454,503,516,484,599
611,445,505,513,499,593
616,459,511,512,484,601
614,460,508,514,484,599
618,456,512,502,498,598
614,446,512,511,497,597
604,459,501,508,497,599
616,446,510,511,497,596
608,449,503,513,499,592
616,461,510,513,492,600
616,455,513,503,496,598
615,460,507,515,487,601
607,457,497,514,496,600
615,461,509,513,484,599
614,460,506,503,500,597
618,453,511,511,500,591
609,450,504,515,498,597
614,462,506,503,497,596
603,449,502,514,498,598
606,461,499,508,498,600
615,459,507,515,489,599
615,459,507,515,484,601
613,443,505,515,503,593
617,444,513,513,488,596
613,460,507,515,486,599
618,457,512,498,499,598
616,457,511,510,488,601
612,454,502,497,500,599
611,444,505,509,496,596
614,461,508,513,485,598
618,447,512,513,486,598
617,457,513,507,498,598
611,460,508,512,486,596
609,461,500,507,499,591
620,456,510,503,495,598
618,458,511,500,496,591
610,449,505,513,499,593
612,462,500,504,500,598
618,458,512,507,487,601
616,454,509,510,495,590
620,457,512,501,494,598
614,461,505,501,500,597
617,459,510,508,492,600
610,451,503,514,497,594
609,445,506,510,498,597
606,458,496,512,496,600
615,459,507,500,498,596
619,458,510,501,496,599
615,461,507,507,485,600
617,459,506,512,487,598
619,448,509,510,498,597
607,462,495,511,496,599
617,460,505,513,485,596
616,447,509,509,498,596
605,457,496,513,497,598
617,462,499,503,500,595
620,457,508,502,494,596
617,460,506,513,487,596
615,464,506,513,499,601
614,453,504,515,487,597
605,451,496,516,498,596
616,458,506,513,487,593
607,449,503,517,500,593
613,461,505,517,486,597
609,464,496,509,497,597
618,447,511,511,499,590
619,457,511,507,491,599
610,452,503,515,500,593
618,460,511,504,496,597
615,463,506,515,485,599
611,447,504,515,500,593
620,449,507,508,501,589
605,464,499,510,499,596
615,465,506,516,486,597
619,461,511,505,494,597
607,457,496,514,496,596
616,461,507,516,490,600
604,458,497,516,498,599
615,462,510,515,491,598
616,455,506,512,484,594
616,463,508,515,486,599
610,464,496,512,498,597
606,450,503,515,500,599
616,462,507,516,490,596
621,462,511,508,491,598
601,457,496,517,497,598
613,464,503,504,500,596
617,459,508,513,491,600
606,462,509,516,487,597
614,455,505,502,495,593
614,456,512,502,492,596
599,457,496,513,496,596
617,457,510,507,488,598
611,449,508,514,502,588
608,462,502,509,499,596
616,462,509,512,497,595
615,460,512,503,500,597
616,455,512,512,491,593
616,458,511,506,493,599
615,463,509,517,492,599
607,453,500,512,499,597
617,461,506,515,488,592
607,465,501,506,500,598
616,460,513,503,500,596
614,440,508,511,496,594
612,450,504,514,498,593
615,461,510,512,488,595
616,462,508,502,499,597
611,450,503,514,500,593
615,459,510,515,481,597
617,461,507,515,486,597
613,462,501,509,499,597
614,462,509,503,501,598
615,461,511,505,499,596
618,458,511,516,491,596
618,461,512,513,493,599
614,446,512,512,500,591
616,448,513,513,490,599
608,464,497,512,500,598
612,449,509,513,502,591
612,464,509,516,489,602
608,465,497,513,495,600
619,446,512,514,490,594
618,458,513,504,501,598
621,462,512,504,500,597
614,461,504,514,487,599
616,460,513,503,497,597
615,461,511,512,493,599
608,454,500,516,500,597
619,449,512,514,489,595
612,448,508,515,501,593
617,466,495,512,488,597
620,461,507,503,499,597
617,458,509,502,496,596
614,464,504,503,502,596
617,447,510,512,499,590
615,448,510,512,500,592
615,465,508,518,489,600
618,459,511,511,489,599
615,461,506,499,499,596
610,466,507,516,489,600
617,463,512,503,500,594
607,464,497,511,498,600
614,467,508,517,489,600
606,466,496,514,496,603
621,460,513,504,502,596
606,457,498,516,498,601
613,465,510,512,486,601
617,463,511,504,498,598
614,463,508,516,489,598
616,463,511,516,487,598
621,459,513,504,498,596
616,465,509,517,486,597
620,454,512,516,487,598
613,465,508,505,501,596
619,456,512,512,492,591
615,455,506,503,496,595
616,463,504,506,501,598
611,462,508,516,491,598
616,466,508,517,488,599
609,456,499,516,499,597
606,455,499,516,499,598
619,462,506,504,500,596
618,449,511,512,501,599
618,451,515,513,488,597
611,464,500,507,500,599
619,457,514,501,499,597
614,453,501,510,497,598
617,469,508,518,490,600
608,457,500,516,499,600
610,460,499,517,499,601
621,451,512,515,490,596
613,465,502,508,500,597
619,450,512,514,487,596
618,460,511,508,489,600
615,465,509,516,487,600
614,450,513,513,491,595
616,464,510,516,488,599
614,449,507,514,500,600
608,464,499,515,496,600
618,458,514,517,487,599
618,448,511,512,503,592
619,461,507,503,501,597
616,462,509,516,487,600
616,463,510,514,488,596
606,458,500,514,495,599
614,446,511,514,503,592
607,460,497,513,497,602
607,450,498,510,493,602
608,465,500,512,497,598
618,460,510,514,489,596
607,452,499,510,495,600
618,463,513,506,491,598
620,461,512,502,502,598
611,465,511,515,486,598
608,454,503,515,500,596
620,458,514,506,495,598
620,462,512,504,501,599
616,464,505,504,499,597
620,457,513,515,489,599
613,466,503,507,502,598
612,452,504,516,503,594
609,463,499,513,498,602
621,460,513,501,499,598
618,449,513,514,492,593
618,452,512,513,489,595
618,448,512,511,501,595
620,459,512,503,497,599
619,457,510,514,490,593
617,465,510,516,489,600
614,448,504,514,502,592
618,462,513,504,501,598
621,452,514,515,488,597
618,465,500,512,493,591
620,452,513,516,489,596
624,460,513,507,501,598
615,464,508,515,488,601
612,452,504,516,500,595
617,462,506,512,490,601
619,463,509,513,489,597
608,453,505,515,500,597
620,450,513,513,488,597
613,464,504,505,500,599
616,464,509,516,487,601
606,453,505,516,502,593
619,462,501,509,500,598
609,459,499,515,499,603
614,467,510,517,488,601
615,464,510,522,493,599
620,463,508,504,501,597
607,467,499,511,498,599
615,467,509,516,491,599
612,450,509,515,502,592
622,450,513,516,488,598
617,449,512,514,491,595
620,456,512,516,488,599
618,462,512,513,488,598
622,462,514,510,501,599
621,450,514,514,492,595
620,449,512,513,492,593
615,448,511,513,502,590
621,463,511,503,501,599
620,448,514,514,490,597
607,465,499,509,498,597
619,463,513,510,501,600
617,465,510,514,489,601
617,466,511,514,487,597
616,450,508,512,502,593
620,449,513,515,490,596
617,462,512,514,489,591
619,443,512,512,490,595
616,468,508,515,481,600
617,463,502,515,499,600
620,456,512,512,502,591
616,465,509,516,489,599
620,452,513,515,487,597
609,460,500,516,501,597
607,465,499,514,497,601
610,467,500,511,499,599
622,452,513,503,506,596
620,457,509,513,491,593
614,451,515,514,489,597
608,459,500,516,498,599
616,461,512,500,500,598
617,459,499,516,500,600
618,462,510,502,501,597
618,465,509,517,489,600
615,466,509,517,491,600
620,465,513,504,493,600
614,450,510,514,502,592
620,450,513,517,488,597
620,462,513,508,500,598
611,463,509,518,490,600
617,464,510,515,487,596
619,456,512,515,487,600
619,460,512,504,499,599
618,463,509,503,500,598
614,461,508,512,490,596
621,461,513,503,503,599
609,460,500,515,500,601
610,464,500,507,501,598
618,449,512,513,503,591
604,465,499,514,496,602
620,458,509,514,489,595
620,462,511,512,498,599
616,451,514,517,487,598
621,460,514,504,500,598
607,450,499,511,499,600
610,455,505,516,503,595
613,451,507,511,495,600
618,465,508,515,488,600
608,454,499,518,500,597
606,460,497,517,497,598
620,460,499,508,488,599
620,449,511,514,490,588
611,462,499,514,498,602
614,466,510,516,485,601
616,465,507,504,502,598
609,456,500,516,500,596
607,467,500,512,499,601
624,464,512,503,502,599
619,463,500,512,503,600
614,464,506,503,502,598
622,459,514,505,498,602
618,448,511,514,501,591
609,465,504,511,502,599
616,462,512,505,500,599
606,460,500,515,499,599
619,461,513,503,502,598
622,460,514,510,502,597
618,463,510,516,489,597
621,462,515,505,502,597
616,466,508,518,488,602
611,466,510,516,488,600
606,457,499,517,500,599
609,457,504,515,499,597
622,455,511,495,499,599
618,464,509,518,488,601
618,459,514,505,501,598
616,466,510,516,490,601
613,466,501,509,501,600
608,458,501,515,500,601
616,460,509,515,489,597
613,452,507,515,501,595
617,464,511,512,492,604
608,458,499,515,498,599
614,462,497,514,489,601
621,461,513,503,500,598
617,463,512,515,489,599
622,461,512,502,499,600
620,451,513,514,489,594
616,450,508,514,501,592
616,465,512,513,494,601
607,466,500,513,496,603
610,466,501,512,495,594
618,449,512,512,499,591
620,447,515,514,490,595
618,463,510,516,489,595
620,463,512,510,500,599
617,463,509,505,501,598
606,457,501,515,500,600
617,463,509,502,502,597
619,459,513,505,501,597
622,462,513,503,498,598
617,462,513,503,495,599
622,462,511,514,492,595
617,464,509,515,488,597
615,451,509,513,503,594
623,460,512,509,500,599
620,459,513,502,500,600
613,449,509,513,504,592
607,461,498,512,498,602
610,458,502,514,499,600
617,452,511,512,500,589
617,466,507,504,502,598
619,450,514,514,491,598
615,466,501,509,503,596
620,459,514,503,499,599
617,459,511,509,500,589
619,465,511,518,492,600
620,464,508,512,489,600
615,465,509,517,489,600
609,466,501,510,500,600
622,464,511,504,501,598
618,464,509,517,488,600
619,462,508,502,501,598
615,447,512,512,501,592
621,454,515,515,488,598
612,465,499,509,499,600
621,462,512,517,488,601
620,458,511,514,490,594
618,461,512,502,499,599
605,460,500,515,500,599
612,467,500,508,500,598
614,467,500,501,502,595
610,463,499,515,499,600
619,463,508,506,490,598
620,463,507,504,505,598
617,467,511,516,489,601
616,466,511,517,493,601
618,464,508,515,489,598
612,465,501,503,504,595
620,463,508,506,502,597
617,459,512,503,496,600
606,466,499,513,499,602
620,464,510,503,502,597
622,461,514,502,502,597
620,460,514,501,501,599
608,463,500,517,499,600
622,459,513,504,498,600
611,465,501,508,500,597
622,442,511,511,501,597
607,457,497,511,498,599
621,450,515,513,492,595
619,463,507,503,501,598
613,464,502,508,500,598
614,466,504,510,500,597
618,461,511,514,496,599
608,458,503,515,498,598
608,461,498,513,496,602
608,467,499,512,499,600
611,450,508,516,502,594
621,461,515,505,501,598
614,450,511,514,502,592
616,464,505,508,501,599
621,463,509,502,501,598
618,467,495,515,500,602
619,459,512,512,485,597
620,461,512,505,498,598
618,461,509,516,490,599
608,463,500,514,497,603
617,466,509,515,491,600
611,467,502,508,503,598
622,461,513,511,501,599
612,452,507,515,501,593
611,451,506,516,502,595
609,456,501,517,502,597
614,449,508,513,502,594
620,462,514,503,500,599
621,463,510,502,500,598
621,461,512,517,489,600
607,467,499,510,499,600
617,450,513,512,499,592
618,462,511,503,502,598
622,460,514,508,501,597
618,448,513,514,492,595
607,462,499,514,499,603
620,452,515,515,482,594
609,464,499,512,497,601
612,465,501,505,498,598
620,453,512,505,494,599
619,458,513,514,487,600
612,452,508,515,501,594
607,451,505,515,501,594
618,462,510,515,491,596
624,459,513,504,502,598
607,456,499,518,501,598
614,449,514,512,491,594
609,463,500,512,498,603
615,451,511,514,501,591
608,462,499,513,498,603
620,460,511,515,491,597
609,463,501,511,498,599
610,467,509,514,495,601
620,462,512,512,502,598
614,460,511,515,490,595
619,451,515,515,492,597
616,450,508,513,502,591
611,451,507,514,503,592
620,463,505,500,501,596
615,451,510,515,503,593
607,459,501,516,499,598
607,457,504,516,500,599
619,460,513,504,498,600
610,457,502,509,497,597
608,465,500,513,498,602
619,465,506,506,500,598
619,457,511,515,491,595
621,463,514,518,489,600
619,449,511,512,502,591
618,449,514,514,491,593
618,460,513,504,496,600
609,459,501,516,501,598
611,466,502,510,502,598
616,466,509,515,490,599
615,466,511,519,494,600
620,460,512,514,489,600
619,458,513,514,491,597
621,463,513,509,502,598
618,448,514,513,492,594
619,457,513,516,489,599
620,459,501,520,494,594
617,460,516,507,503,597
621,456,514,515,489,599
621,462,512,495,501,595
616,461,510,508,496,601
615,465,510,505,500,597
611,462,510,515,497,591
622,460,511,503,497,599
622,461,514,504,497,600
620,466,508,516,489,598
616,462,510,515,490,601
610,462,498,513,498,602
613,458,514,515,487,599
607,453,495,517,495,598
621,460,515,504,503,598
616,464,511,505,501,599
612,448,510,514,501,591
609,456,501,519,500,599
615,449,509,513,502,591
614,443,506,516,498,591
610,463,500,514,497,602
619,442,510,513,498,590
614,464,509,503,502,598
623,461,515,506,500,598
613,449,505,518,502,592
620,450,514,514,489,598
617,464,511,516,490,598
618,457,511,512,491,593
609,459,501,516,499,601
615,451,514,514,491,595
618,463,510,503,501,598
621,450,514,518,490,601
616,449,513,517,490,594
610,455,505,517,501,596
618,463,509,516,491,601
618,451,513,517,488,601
609,458,502,515,500,601
614,465,510,518,489,603
609,457,502,517,501,599
615,468,509,517,492,601
618,464,511,516,489,598
607,462,497,515,500,602
610,465,501,510,500,599
619,451,515,513,491,595
613,464,504,509,501,598
611,466,502,509,503,598
619,463,510,516,488,598
623,454,514,515,489,600
616,464,511,516,489,602
614,452,508,516,501,598
608,468,498,513,499,598
621,459,515,507,498,593
618,455,509,500,499,598
618,464,511,519,496,600
613,452,505,515,504,596
609,462,499,511,497,601
618,447,513,512,494,595
617,464,510,517,491,601
609,454,501,517,499,598
621,458,516,506,502,597
610,468,500,515,498,601
618,461,512,504,497,601
607,467,500,513,496,603
608,463,500,514,498,603
622,448,514,512,490,594
616,458,515,505,503,597
621,461,511,503,500,600
607,466,500,513,498,599
622,451,515,516,488,598
609,465,506,505,502,598
612,465,500,513,498,602
622,452,510,507,502,590
616,465,509,517,489,603
615,450,511,516,501,590
617,465,511,515,489,601
608,452,503,515,502,599
620,440,515,510,499,591
617,447,514,513,490,594
610,467,501,511,501,598
621,450,511,513,499,589
609,464,504,510,502,596
608,461,498,515,498,600
614,457,512,515,487,596
610,463,504,508,499,599
619,447,512,514,502,592
615,440,511,513,504,592
621,448,514,515,489,599
618,460,514,503,497,600
619,448,515,506,504,600
620,460,513,504,500,599
607,461,501,518,500,600
616,463,505,505,503,597
617,460,512,504,496,600
615,464,511,515,494,602
620,455,512,515,490,602
621,460,512,515,487,600
620,464,507,513,493,603
619,456,514,515,484,600
618,463,510,515,494,600
617,463,506,505,501,597
610,452,511,507,501,599
607,460,499,512,500,601
606,467,499,514,499,602
611,468,500,513,496,602
617,465,511,517,489,600
619,447,499,514,489,601
618,466,506,512,491,592
619,449,514,513,491,594
610,466,502,512,499,601
621,450,514,513,490,596
605,452,503,516,500,597
620,463,508,504,503,597
612,449,505,515,502,596
614,462,508,504,503,599
617,464,509,503,501,597
623,459,515,504,502,598
619,458,515,514,490,600
607,454,507,516,501,597
614,449,510,514,502,594
619,462,512,505,502,597
617,455,512,511,490,593
607,465,499,514,497,601
606,462,501,516,498,601
622,459,516,504,503,597
618,462,513,503,496,600
611,455,503,518,501,598
616,464,511,513,489,602
610,455,502,516,501,597
601,464,499,517,498,601
619,449,513,513,493,593
618,449,509,512,503,590
618,461,512,503,493,601
617,462,511,513,495,601
616,467,510,518,489,601
620,464,511,518,490,603
608,463,501,511,498,601
618,458,512,518,490,601
616,448,512,514,501,593
619,462,512,506,490,601
622,461,517,511,502,597
610,454,506,517,503,595
607,464,502,513,497,602
619,463,513,504,499,599
615,448,509,514,501,593
608,460,500,517,499,600
620,462,514,506,503,597
621,454,515,515,491,599
620,461,514,503,501,598
620,441,510,512,494,589
619,459,516,505,497,599
619,465,510,517,490,601
623,458,515,505,502,599
620,461,506,505,502,597
619,461,515,502,502,598
620,449,515,514,491,596
618,447,513,513,494,594
612,456,507,517,501,596
614,461,512,504,500,598
619,464,509,517,489,600
608,465,499,514,497,603
615,449,511,514,501,591
622,453,515,514,491,598
617,462,513,505,498,599
613,451,509,514,501,594
610,465,501,510,500,593
609,452,506,515,501,596
617,463,506,504,502,597
620,446,511,513,489,590
609,450,508,515,502,594
609,456,502,517,499,599
623,460,516,505,501,598
618,464,508,505,500,597
615,460,511,514,496,601
616,464,508,504,501,598
622,452,501,513,500,600
617,466,512,516,491,601
620,455,515,507,502,599
619,462,512,506,498,601
615,449,511,514,501,593
613,467,504,508,503,598
619,462,513,504,494,600
619,461,514,505,503,597
621,459,516,506,502,598
621,449,516,516,492,595
619,448,514,512,491,594
621,462,517,510,503,599
608,462,501,513,498,602
608,451,508,514,502,594
609,466,501,512,497,602
621,448,515,515,489,600
622,460,515,506,503,597
612,466,511,516,487,601
611,464,500,511,499,600
622,441,511,513,495,587
621,454,513,516,499,601
620,459,512,518,490,601
607,462,500,515,499,602
621,457,515,504,502,596
609,457,501,508,498,601
621,456,513,516,489,602
623,459,516,504,502,598
623,462,507,498,501,595
603,458,501,518,501,601
611,456,501,516,501,600
607,462,499,513,498,603
616,467,511,517,491,601
610,464,500,513,497,603
617,462,512,509,501,598
610,450,506,516,500,595
621,460,513,505,497,601
616,463,514,503,495,601
616,464,511,518,497,600
618,465,510,516,490,599
616,463,506,506,500,598
619,454,513,517,489,603
608,461,500,515,498,602
623,460,514,508,503,599
615,462,514,503,499,599
621,458,515,517,488,600
622,449,516,515,490,599
621,461,515,504,501,599
619,460,513,518,488,602
622,460,516,505,502,599
620,460,511,516,488,597
618,462,512,503,500,599
619,463,511,517,494,600
621,459,515,504,501,599
619,458,514,503,500,598
610,465,504,509,501,597
617,463,509,518,489,601
611,466,498,510,501,597
608,464,497,510,497,598
617,463,512,506,495,601
620,462,517,501,502,597
617,461,512,516,493,601
615,456,515,515,489,600
616,465,511,517,492,602
620,460,516,504,497,596
615,456,501,505,498,596
623,451,516,513,492,596
615,465,510,516,488,600
615,447,514,513,494,594
615,466,508,507,503,598
608,463,499,514,499,600
617,464,511,515,496,601
618,462,512,504,499,599
612,452,507,515,503,594
616,448,513,513,489,596
619,462,513,503,495,600
608,456,501,512,501,599
616,460,511,515,489,597
619,465,510,516,488,600
612,452,507,515,501,598
618,463,511,516,496,602
612,465,503,512,498,601
609,454,502,517,500,597
620,461,511,511,490,601
612,456,507,515,503,596
623,461,513,509,500,599
621,465,507,513,495,602
618,462,512,515,488,599
617,449,515,514,490,596
619,458,512,518,489,603
618,464,512,506,493,601
622,453,516,510,495,592
612,463,511,517,489,599
607,464,500,514,496,601
609,454,504,516,502,594
608,462,499,517,498,604
620,460,515,504,500,598
623,458,515,504,501,598
622,459,516,505,501,599
618,461,512,504,500,600
611,455,503,504,497,601
621,457,514,516,487,601
619,457,514,515,484,602
616,449,515,514,489,595
615,466,509,516,489,601
621,455,515,516,490,598
609,457,501,516,499,601
622,460,516,505,502,600
620,464,511,516,492,600
618,462,512,517,491,602
613,448,505,511,500,598
617,456,507,516,486,594
622,461,514,503,497,599
613,463,508,507,502,599
608,461,504,514,499,602
619,462,512,514,491,597
608,458,501,515,500,601
620,454,514,517,490,598
621,447,516,515,485,592
621,459,514,504,502,597
611,464,504,511,501,599
619,461,514,503,498,599
619,452,515,514,487,599
617,464,511,514,497,601
614,448,509,516,503,593
619,460,512,517,490,602
617,466,510,516,489,602
620,460,513,516,491,600
616,448,512,511,503,591
621,460,514,505,502,598
614,464,505,508,502,597
620,450,514,517,489,600
622,462,514,509,503,598
622,457,515,514,490,600
616,466,509,516,491,599
621,458,516,506,501,598
614,465,504,507,502,598
611,466,506,507,500,599
613,463,512,513,497,600
621,467,512,505,499,599
614,450,510,514,501,592
622,460,515,499,503,594
619,463,509,503,505,603
619,461,515,504,503,599
620,460,515,502,499,599
618,467,510,516,489,601
624,452,515,513,488,600
615,449,516,513,491,595
621,459,516,505,503,597
606,458,502,515,499,599
610,460,500,513,497,603
616,451,511,514,499,593
619,464,514,515,504,593
619,462,514,503,499,599
617,463,508,505,501,600
614,451,512,511,503,592
617,463,512,516,488,599
618,450,513,518,489,599
616,451,511,514,504,587
610,448,510,515,502,592
608,467,500,516,499,602
619,456,516,518,488,598
617,465,511,517,489,602
618,461,512,516,493,600
619,464,511,515,488,601
610,463,502,515,497,602
615,449,509,514,504,594
617,447,509,515,503,593
606,461,501,516,501,599
616,460,511,504,503,598
626,462,513,507,501,600
617,448,513,514,492,596
621,455,515,515,490,600
608,458,503,514,505,600
620,454,514,509,499,600
620,452,512,500,498,600
620,452,516,516,490,598
615,463,511,517,489,601
620,450,516,516,490,597
620,460,516,507,498,598
616,463,512,516,495,601
617,451,512,514,503,591
619,448,514,511,503,591
619,447,513,514,494,594
623,459,516,503,503,598
616,463,510,518,488,601
617,447,514,512,495,593
622,463,509,514,498,597
608,455,506,515,501,599
620,461,513,504,496,600
609,466,505,508,503,600
621,457,510,509,500,588
617,463,513,511,496,603
620,464,505,499,503,594
620,458,515,516,484,599
608,457,501,518,500,601
616,448,509,514,502,594
619,448,514,514,491,596
619,449,514,513,493,595
620,450,516,514,490,599
619,463,511,503,503,596
608,458,501,516,501,602
611,465,512,505,494,602
619,450,510,512,497,593
621,460,513,503,501,599
619,466,508,511,495,591
616,466,511,517,491,602
619,466,510,519,493,602
610,464,500,512,499,603
615,450,512,514,504,591
607,465,499,516,499,602
610,455,506,516,495,598
617,462,511,514,490,597
611,465,503,509,502,601
618,463,507,502,497,598
619,465,511,513,495,602
621,457,515,514,487,601
622,457,513,511,493,590
614,463,504,507,502,599
622,459,516,503,502,599
610,456,502,515,500,598
610,461,501,513,498,602
621,448,514,514,491,596
621,452,511,502,494,598
620,463,509,504,503,599
619,448,513,513,492,594
621,464,512,510,504,599
617,464,511,517,492,601
620,459,516,505,502,600
619,451,512,513,504,589
615,465,512,518,489,600
608,462,496,508,499,600
618,449,512,514,503,591
614,449,515,515,493,595
618,463,511,515,494,601
609,458,498,514,499,601
622,449,516,514,491,596
619,462,512,518,495,601
613,451,508,516,501,598
622,461,516,503,502,597
616,468,511,515,490,600
622,462,515,503,504,598
615,464,511,517,491,603
611,465,498,511,500,600
611,453,506,515,504,595
612,455,509,514,502,596
615,463,513,517,496,602
616,455,504,507,499,598
614,459,514,517,491,601
620,460,513,504,497,599
617,464,510,516,488,599
617,465,512,513,496,601
621,459,515,505,503,598
619,451,510,510,491,601
621,446,514,514,491,597
612,450,506,515,501,595
608,456,502,516,500,599
612,463,511,515,489,598
611,464,512,513,495,599
621,461,514,508,504,599
615,466,512,517,485,601
618,463,510,513,498,600
609,461,500,516,501,598
623,460,512,504,500,598
621,445,511,516,499,602
620,463,505,504,500,598
622,459,515,507,502,598
622,462,515,507,501,599
611,449,507,515,504,595
621,457,515,520,490,601
611,464,512,513,495,602
621,459,514,504,504,598
618,459,515,502,497,600
623,460,513,507,502,600
610,464,500,514,500,603
616,463,510,515,491,600
618,463,511,515,494,601
618,462,513,516,494,601
613,455,507,515,504,595
609,463,499,514,501,601
619,460,514,506,491,601
623,459,516,505,501,598
622,460,511,507,495,600
618,455,509,514,492,596
616,463,509,505,501,599
617,464,511,518,488,600
614,463,505,505,504,599
617,461,511,504,502,598
611,453,507,515,502,599
620,457,515,518,490,602
616,462,511,517,490,602
608,462,500,515,499,603
623,459,516,504,502,599
614,467,511,516,490,601
617,462,511,503,502,598
609,450,511,514,503,593
619,458,517,504,503,598
622,461,516,502,502,599
622,463,511,502,502,598
609,464,502,513,497,601
618,449,514,511,504,591
620,461,512,511,492,593
610,458,502,505,496,599
619,465,512,510,491,599
607,454,504,516,503,595
619,462,512,511,501,599
621,458,514,516,489,601
612,463,503,511,502,600
621,457,516,507,502,598
620,465,512,505,496,601
611,453,507,514,503,596
616,447,512,511,502,593
609,460,501,517,502,599
611,456,501,516,500,600
616,450,513,517,489,597
608,462,500,517,500,603
618,448,512,512,494,595
605,462,501,517,500,603
622,462,511,504,502,599
616,456,514,518,489,599
621,459,515,502,501,600
620,442,511,513,497,588
615,463,513,510,495,601
620,449,515,515,491,596
618,463,510,513,495,600
620,451,510,516,488,597
611,466,501,512,501,600
609,466,502,512,499,600
620,448,513,513,494,593
619,462,512,510,502,601
609,464,507,510,502,599
620,456,516,516,491,599
608,464,503,511,501,600
618,464,513,507,494,601
616,466,512,510,491,601
609,460,501,516,499,601
622,451,515,515,491,598
621,462,513,510,502,599
616,462,509,504,503,598
616,465,510,502,504,599
606,465,503,511,502,600
609,457,502,517,499,600
607,465,502,513,500,602
614,449,506,514,503,595
621,455,514,517,484,601
613,453,508,517,502,595
613,465,507,511,502,598
622,454,516,516,488,598
618,460,512,505,496,600
615,443,505,517,499,594
617,459,513,516,490,601
619,460,511,516,488,599
619,465,516,516,490,599
610,451,508,514,503,595
619,452,516,516,489,598
620,462,509,509,501,591
612,461,510,503,501,599
609,455,504,518,501,599
618,461,511,517,489,598
621,460,515,504,500,598
611,457,506,515,501,597
619,456,515,504,498,600
610,465,501,511,500,600
620,449,515,514,491,599
620,457,513,518,491,601
622,453,513,504,498,596
606,463,502,509,500,600
615,464,511,516,490,602
620,460,514,516,491,600
614,466,505,510,502,599
617,448,511,513,502,592
616,447,511,514,504,592
617,465,512,517,491,601
608,466,501,514,500,600
619,439,513,513,489,591
620,462,512,506,494,601
610,462,503,512,495,599
612,453,507,515,502,596
623,454,514,516,489,600
613,465,509,505,503,599
609,464,501,519,500,600
614,448,507,514,501,593
617,461,512,505,494,599
604,459,503,518,500,599
617,463,514,503,497,601
617,461,506,516,490,598
603,459,502,515,498,602
621,449,514,513,492,595
621,461,516,510,501,599
616,464,509,517,489,602
608,466,502,511,496,599
623,459,516,503,504,599
620,460,516,504,502,600
608,459,501,515,499,604
608,451,510,507,500,599
619,447,510,514,501,592
619,463,516,511,502,600
617,462,513,505,497,599
619,464,512,503,502,598
619,466,507,512,496,590
620,451,516,514,493,595
621,460,513,516,489,599
619,461,512,516,489,602
620,449,510,516,503,595
619,460,513,506,505,598
622,455,514,516,498,599
620,453,509,515,488,591
611,465,506,506,503,598
621,460,515,504,499,599
616,449,510,514,502,594
618,456,513,518,489,598
610,466,501,511,500,601
621,459,516,504,500,599
611,452,506,514,501,597
609,465,502,512,498,602
622,461,512,508,503,602
616,451,508,516,502,596
621,451,513,512,493,596
618,461,514,503,500,600
617,468,511,517,491,601
621,450,516,514,491,597
621,462,514,504,501,599
617,465,512,503,494,602
621,453,515,516,490,600
621,460,510,503,502,600
620,459,514,516,490,601
619,461,514,504,499,600
623,458,514,505,502,600
606,462,500,515,499,604
620,457,512,514,488,602
621,459,515,505,502,597
612,463,505,512,496,602
616,467,510,516,492,601
608,465,500,512,499,604
617,463,512,504,495,599
617,460,517,507,502,598
609,460,500,516,499,600
608,465,501,513,499,604
598,458,501,517,500,600
623,459,512,510,501,599
618,448,512,515,509,593
617,462,514,509,505,599
618,465,511,515,490,602
614,462,503,511,501,602
608,464,500,515,499,603
616,464,512,517,489,599
615,458,514,516,491,600
608,453,497,516,501,598
618,451,517,513,491,595
616,465,511,517,487,601
620,450,516,514,492,595
619,454,512,518,491,601
621,459,516,504,502,598
617,464,511,518,497,599
617,464,515,511,501,601
609,466,500,513,499,602
618,464,512,505,499,601
609,460,500,516,498,603
619,453,517,517,492,599
619,462,511,516,490,599
622,461,519,502,503,598
617,462,511,518,488,596
621,452,516,503,501,599
620,459,508,516,486,595
621,464,510,504,500,600
618,447,513,514,496,593
619,462,511,505,501,599
616,464,511,517,491,599
608,460,499,514,499,601
617,461,513,504,497,600
621,453,515,513,490,598
614,451,507,517,504,595
620,450,514,512,493,594
618,466,511,517,490,602
610,451,507,516,503,595
609,467,502,512,498,602
620,461,513,511,500,600
609,466,501,512,499,602
617,462,514,505,499,600
612,450,501,517,498,591
619,459,513,517,491,601
619,464,509,503,503,598
606,459,503,516,500,602
611,448,512,514,503,592
616,465,510,505,502,597
604,461,501,516,499,604
611,465,505,509,503,599
621,449,517,513,487,597
612,449,510,515,504,592
612,465,505,509,502,598
616,451,511,514,502,592
615,465,507,505,503,598
614,460,514,506,498,600
620,457,514,515,489,602
617,456,513,506,489,601
612,467,504,510,504,599
617,464,511,517,493,602
621,456,515,518,491,601
623,460,515,504,502,598
619,462,514,503,499,598
611,454,510,516,503,598
609,457,502,518,499,601
615,464,512,503,503,599
614,449,510,514,504,593
619,465,513,504,495,601
617,447,514,512,502,592
621,463,517,509,502,599
611,466,504,509,504,599
615,457,515,517,491,600
612,465,501,510,501,599
615,465,511,516,504,601
617,448,513,513,494,595
617,449,512,511,502,592
617,462,513,518,499,601
618,457,508,517,487,600
619,463,511,513,491,600
617,465,511,515,489,600
622,456,514,516,491,600
616,462,509,502,503,597
619,463,513,516,491,602
624,458,515,506,505,596
618,463,514,516,485,602
617,466,511,512,497,603
620,460,515,507,502,598
617,458,512,516,488,600
615,444,509,515,499,590
606,463,500,513,500,601
618,463,513,510,502,600
611,450,508,514,502,595
609,469,502,513,498,603
614,466,509,508,503,597
619,460,517,497,502,599
620,461,514,503,502,596
608,460,501,515,502,600
620,459,501,513,502,592
619,459,514,503,501,599
620,452,515,503,502,597
621,461,515,504,504,599
617,466,511,515,498,602
619,459,515,517,486,598
611,457,501,515,500,599
614,452,509,516,503,595
619,458,507,516,503,597
618,461,512,503,501,598
620,462,513,512,500,600
620,449,515,513,492,597
617,463,514,504,499,600
621,459,516,511,502,601
608,458,501,516,499,600
610,461,501,515,501,602
618,466,512,516,495,603
620,463,512,511,492,594
614,466,504,508,502,601
608,458,501,516,497,602
612,467,504,509,503,599
621,459,511,509,495,601
620,459,515,505,502,599
619,462,516,504,503,599
619,462,514,517,491,603
620,460,512,516,490,601
620,452,516,503,501,599
615,462,511,503,501,599
616,468,512,516,491,601
617,462,515,507,495,601
617,447,512,512,494,594
617,464,513,505,496,601
621,463,511,505,503,600
614,443,509,512,496,601
617,448,511,514,502,594
607,460,502,515,499,599
619,448,512,513,495,592
622,460,516,505,502,599
619,464,514,507,498,599
616,449,511,513,504,591
620,450,515,516,492,596
618,467,511,517,489,601
622,460,515,510,502,599
619,463,512,512,496,592
612,452,504,515,503,600
617,464,512,504,501,599
614,459,515,505,498,600
619,461,514,502,499,599
622,461,510,502,496,598
614,465,506,509,501,599
619,459,515,517,489,601
617,467,511,517,489,601
612,455,504,517,502,598
617,467,511,511,493,595
608,460,502,516,500,600
618,448,513,515,493,596
617,465,512,507,495,602
619,455,513,507,496,600
620,459,514,511,502,599
608,458,501,516,501,597
608,454,504,515,500,596
617,449,514,514,494,594
621,458,514,517,492,601
622,459,515,503,502,598
611,464,501,510,501,600
618,459,512,518,489,601
619,453,512,511,485,602
620,459,515,516,488,599
611,462,506,510,501,599
616,458,507,518,490,602
619,467,511,517,489,604
621,460,514,504,503,599
616,458,517,505,503,600
621,463,514,504,500,601
620,449,517,516,492,597
621,461,516,505,502,599
615,448,510,516,505,597
618,450,513,513,494,593
621,447,513,512,493,597
618,463,510,505,503,599
618,463,513,508,495,602
607,461,501,519,499,602
608,466,502,511,502,601
619,459,513,516,490,602
611,454,507,515,501,597
621,459,515,503,501,597
619,464,513,506,493,602
615,449,514,511,504,593
607,461,501,515,498,601
621,461,516,505,499,598
610,468,496,511,499,600
613,465,504,507,503,599
617,449,515,514,492,593
621,451,516,515,492,597
619,464,512,516,493,602
623,458,513,516,490,603
612,461,511,516,490,598
615,462,515,504,499,600
608,450,504,512,503,596
618,463,512,508,492,601
606,461,502,516,502,601
622,463,512,509,502,599
613,449,513,514,494,593
619,461,513,503,500,600
616,463,513,509,491,604
618,450,514,512,503,593
622,460,516,505,501,599
619,463,511,514,490,599
620,461,515,508,504,598
614,449,514,512,495,592
619,462,515,503,501,600
618,464,511,503,502,598
620,448,513,511,500,593
614,449,510,517,502,595
608,461,506,516,501,600
611,452,507,516,503,598
618,463,512,515,495,601
604,465,502,512,499,603
618,462,513,517,491,602
619,461,513,503,499,599
606,466,501,513,499,603
620,460,514,517,491,601
621,451,516,514,491,599
617,466,512,510,498,593
620,459,513,519,492,603
617,462,516,510,504,597
616,463,512,505,503,599
622,460,516,505,503,598
619,452,515,509,501,591
620,461,514,505,493,602
617,465,505,507,503,599
621,460,512,500,499,598
619,464,513,507,495,600
614,460,514,510,504,598
620,461,516,503,502,599
620,460,515,516,489,600
621,459,515,515,491,601
620,462,515,505,498,600
615,465,512,518,490,601
621,451,517,514,492,598
619,462,507,506,501,598
610,468,503,511,500,600
608,455,513,507,504,597
609,459,501,516,498,604
614,449,513,512,496,593
612,452,509,516,501,595
611,466,511,517,490,601
620,451,512,514,489,592
617,456,501,506,497,596
622,462,517,504,500,599
615,463,501,514,498,602
622,453,515,516,489,600
612,453,507,516,502,596
616,450,510,516,505,593
617,466,511,518,490,601
609,468,500,512,500,600
614,451,512,507,504,593
620,460,515,513,500,589
608,462,501,516,499,600
609,463,514,501,503,599
618,464,512,513,493,602
616,464,499,503,502,597
613,444,509,512,500,600
612,465,505,511,502,598
619,463,515,502,502,599
621,460,515,503,499,599
620,459,516,505,501,598
608,465,501,512,497,603
619,464,510,516,491,600
622,463,511,503,501,598
618,463,513,508,494,603
621,460,516,507,501,598
620,464,515,510,501,601
618,465,511,517,490,601
605,466,503,516,499,601
615,464,515,508,504,598
621,459,497,510,499,599
610,460,502,515,500,602
612,468,503,512,501,600
609,467,500,514,499,602
608,457,503,518,503,598
620,465,512,515,491,599
610,465,504,503,503,599
619,464,513,505,495,601
622,460,516,504,502,599
619,466,511,518,491,599
619,465,511,516,490,598
615,451,510,515,502,594
615,460,517,505,502,598
611,453,515,516,489,598
618,462,515,509,494,603
616,457,508,505,502,599
619,464,514,504,495,600
620,459,516,506,502,600
616,460,515,503,503,598
615,465,513,506,494,602
615,450,514,514,491,596
619,461,512,500,502,595
616,462,512,503,501,598
605,466,503,514,497,603
612,464,513,516,491,601
610,458,505,508,504,600
601,458,497,518,500,596
610,458,517,505,501,600
590,460,501,521,499,604
602,443,513,517,492,594
606,462,509,509,501,597
594,455,503,522,499,600
606,442,513,517,488,596
604,461,514,502,500,600
600,464,504,513,498,602
605,450,516,521,497,598
592,454,503,520,497,600
594,456,502,520,499,597
607,460,516,508,500,597
599,440,515,517,492,593
604,459,515,522,486,602
602,448,514,519,490,593
604,459,513,512,494,601
607,460,513,513,495,601
596,463,512,521,493,601
593,459,513,524,487,603
605,458,516,514,482,600
601,460,512,517,496,602
604,463,515,508,498,600
601,459,516,510,502,596
596,446,515,518,491,596
607,455,517,519,487,600
593,463,502,521,497,602
606,460,514,520,489,601
607,460,518,508,499,599
595,465,504,519,500,593
609,461,506,504,500,596
607,460,515,514,495,604
607,459,514,519,487,599
610,458,517,510,499,599
611,463,513,505,497,597
608,462,512,515,497,600
610,461,512,507,499,599
605,466,513,516,498,600
610,464,512,513,498,602
600,464,504,517,495,602
598,460,514,515,498,601
599,457,501,521,499,599
608,464,511,521,489,601
609,463,515,508,497,599
611,455,515,522,488,600
610,460,514,507,499,598
612,449,517,520,488,597
610,450,514,508,498,599
611,464,514,508,496,601
611,463,509,509,504,597
604,466,501,518,498,603
600,462,502,520,496,604
611,461,510,508,495,600
615,460,514,514,498,602
607,451,508,515,502,595
609,468,512,517,494,601
610,465,511,516,497,592
613,459,516,509,501,597
612,447,511,518,489,593
599,465,501,519,499,600
613,458,514,519,487,603
607,451,510,517,502,594
614,446,503,517,496,601
609,464,513,510,493,599
610,464,514,512,499,599
601,455,504,519,498,597
610,467,513,514,497,598
607,459,515,507,500,600
603,453,507,519,499,594
607,450,510,518,502,592
614,448,518,520,486,598
599,465,502,516,502,592
608,463,512,521,493,601
604,464,514,511,493,602
609,461,506,511,504,598
606,466,504,513,497,601
608,464,512,520,489,602
613,465,511,519,501,593
597,464,502,517,498,605
614,448,516,516,490,596
601,453,507,519,497,596
615,461,516,506,500,599
603,448,512,515,497,594
608,465,513,520,495,601
611,466,507,514,491,599
613,461,512,516,496,603
609,464,517,507,501,598
606,460,502,519,499,599
609,466,512,520,490,602
611,461,502,517,498,601
600,460,503,521,500,602
614,465,511,516,499,589
607,448,509,518,502,593
602,465,512,518,489,597
610,450,509,517,501,592
601,464,512,512,500,598
612,459,512,518,494,600
600,462,501,518,498,603
613,449,516,519,483,595
614,447,513,519,489,601
605,464,504,514,497,604
611,464,513,515,495,601
609,466,511,521,490,602
615,459,518,509,502,599
615,457,516,519,486,602
603,461,518,508,500,598
613,453,517,510,501,599
611,454,512,503,495,599
611,454,517,519,490,599
612,457,515,520,488,600
610,463,512,515,493,602
611,458,511,508,499,599
611,448,516,516,494,597
604,462,513,511,501,598
614,462,515,509,499,600
614,462,516,512,499,601
605,465,516,513,493,597
614,461,515,503,500,596
614,459,502,519,500,601
614,464,515,508,501,598
602,466,504,513,495,601
612,462,515,507,499,599
612,451,516,517,491,596
611,461,513,518,492,603
610,463,511,519,487,600
615,465,518,508,502,599
614,458,515,521,491,602
608,467,503,512,497,602
603,454,508,520,503,595
611,464,513,510,495,602
615,459,517,506,500,599
613,460,516,508,501,599
611,463,513,509,493,602
611,456,517,514,482,601
614,450,518,519,488,598
608,466,512,517,498,604
612,463,514,516,497,593
614,451,512,518,496,601
601,463,514,508,493,603
599,461,501,523,498,600
608,464,510,509,501,600
614,463,502,515,499,603
611,464,513,508,497,601
607,452,508,521,503,597
602,468,497,519,497,603
612,458,510,520,491,600
612,461,512,517,488,599
612,455,517,519,504,595
611,462,512,515,483,601
607,448,512,519,502,595
603,464,518,514,484,599
606,453,509,518,502,596
615,450,517,519,488,598
607,463,508,515,497,601
611,449,517,519,490,596
609,457,511,517,491,598
604,466,503,512,499,604
613,450,518,518,490,597
607,463,513,521,491,602
605,466,513,514,496,601
616,464,512,508,501,599
606,457,511,520,501,594
615,460,518,508,502,598
603,467,503,513,498,604
610,465,508,511,502,599
614,461,514,507,496,600
613,459,517,508,498,600
606,462,501,517,498,604
609,451,512,515,498,592
604,464,502,516,497,603
614,463,502,513,499,603
602,458,502,521,501,602
604,451,509,520,501,598
607,461,508,520,501,596
606,459,503,512,500,598
603,465,502,518,498,599
611,453,509,519,501,597
609,462,515,509,494,602
613,460,517,509,501,599
601,462,502,521,500,603
615,460,514,513,499,601
616,460,513,513,499,603
615,460,517,512,497,603
609,464,513,514,498,602
607,459,513,523,490,600
615,459,518,514,498,603
604,458,504,521,496,603
615,448,511,508,499,598
602,464,510,509,502,599
615,450,517,517,489,599
603,459,502,518,499,600
614,463,513,516,496,601
610,456,502,509,497,596
615,460,517,509,502,598
602,468,502,517,496,603
612,450,516,518,492,595
613,448,516,517,493,596
609,458,514,515,496,594
605,455,509,515,500,598
613,449,512,519,490,597
617,459,516,508,500,598
609,464,512,510,495,599
614,465,513,511,491,600
604,450,507,512,499,602
601,467,503,517,498,601
609,465,502,516,499,602
611,462,514,508,494,601
604,464,503,506,495,600
610,467,512,516,496,593
604,466,501,519,498,604
605,454,508,519,500,596
615,448,516,518,489,596
614,467,517,508,499,601
612,467,508,507,500,599
613,462,517,508,501,598
615,450,515,507,497,601
611,451,514,518,496,595
603,461,503,521,500,600
604,465,508,508,501,599
612,468,512,517,495,600
614,451,516,520,487,599
605,468,507,509,502,599
612,464,515,519,493,602
609,449,517,507,500,600
612,466,506,502,501,598
613,461,514,514,497,602
614,460,515,508,501,599
616,462,513,509,496,601
612,455,509,520,502,595
614,458,517,522,490,602
602,456,504,520,501,598
613,462,513,521,492,602
611,466,511,518,488,602
615,467,502,514,499,601
609,464,511,520,487,600
606,465,505,513,498,600
604,465,515,518,500,603
615,462,513,515,499,600
603,465,503,513,496,601
611,464,512,514,498,601
609,464,517,508,501,599
614,464,513,516,497,604
602,458,503,516,501,600
613,449,513,521,494,601
612,449,514,519,494,594
607,465,513,510,493,601
611,467,513,515,500,600
604,448,514,517,496,594
610,448,515,516,493,592
613,462,513,509,495,600
614,454,517,508,502,599
614,457,516,521,488,601
614,458,517,520,490,600
614,453,516,519,486,599
600,466,503,518,498,599
602,465,503,517,497,603
603,464,503,513,498,603
613,462,512,519,494,602
612,455,511,519,488,599
617,462,517,510,500,599
602,460,502,519,502,600
611,448,515,517,492,596
607,454,511,520,501,597
616,450,516,518,490,596
603,469,503,519,499,603
611,450,512,515,497,592
616,460,517,508,502,598
610,467,513,511,497,603
612,459,513,521,490,602
609,465,511,520,497,602
612,456,514,513,498,603
610,467,509,507,504,598
610,464,513,514,500,600
605,463,514,510,495,601
612,462,514,508,497,598
615,467,516,516,493,594
606,466,503,513,497,604
612,462,513,518,494,595
609,458,515,510,498,599
609,466,513,510,500,598
611,461,515,506,496,601
610,465,512,520,489,600
611,465,513,520,493,603
609,461,515,508,495,599
613,460,516,509,500,597
615,463,515,507,503,599
612,464,502,512,502,602
616,462,513,513,500,599
602,456,506,520,500,596
606,467,512,511,490,602
602,461,501,522,500,601
608,464,509,509,501,598
610,464,511,523,497,601
609,464,514,511,489,603
615,451,516,517,490,597
613,459,518,509,500,599
606,454,509,519,504,597
603,455,504,521,501,602
613,457,514,520,488,601
605,467,512,518,499,598
615,462,512,501,499,596
614,460,516,521,489,602
615,460,518,517,499,602
604,464,516,521,489,601
608,464,512,516,496,602
614,457,515,521,494,601
615,460,516,518,488,600
608,449,512,514,498,598
613,464,516,509,498,601
606,465,513,518,496,593
614,449,516,517,489,596
606,450,507,518,501,594
615,463,502,519,502,598
611,458,513,508,486,604
616,448,517,518,489,595
610,464,513,513,501,599
612,465,513,516,498,600
611,451,514,516,496,592
608,464,515,517,489,591
611,464,513,511,504,598
609,449,518,518,491,597
611,463,517,512,498,604
615,452,517,506,499,600
607,464,513,510,494,603
605,452,518,520,501,599
614,463,516,512,502,600
606,464,507,513,496,603
610,462,514,511,494,601
613,462,515,522,490,604
602,468,501,520,499,593
610,466,505,511,502,600
614,460,518,511,501,599
615,444,518,516,483,597
612,463,511,521,490,602
614,463,514,511,497,602
612,461,499,511,496,601
613,457,515,513,490,597
614,460,509,518,502,594
612,440,516,512,494,595
606,465,510,511,502,599
615,459,517,506,500,600
605,467,509,511,503,602
614,461,517,512,496,603
615,460,511,506,501,601
612,459,517,511,490,601
603,463,502,520,497,600
606,453,504,512,501,598
615,460,518,510,502,599
600,466,515,516,495,590
607,464,511,509,501,595
615,459,511,520,490,600
604,456,507,519,502,600
609,450,519,519,490,602
612,460,517,520,489,600
610,464,514,515,498,605
601,461,502,521,501,602
611,464,509,518,504,596
613,455,516,521,489,601
617,463,517,507,501,600
606,464,511,508,503,599
612,464,511,511,490,598
614,461,517,517,497,604
603,455,506,522,500,598
613,458,513,521,488,601
612,461,512,521,489,603
607,467,499,507,502,596
611,454,518,520,488,601
614,462,516,520,490,601
615,459,516,521,488,601
606,464,516,509,496,600
603,456,503,518,497,594
610,464,514,521,489,601
602,465,514,518,496,593
611,464,511,507,504,599
614,461,512,508,503,598
609,463,511,508,501,600
615,457,511,512,496,589
614,459,514,509,492,602
612,464,514,508,495,603
614,449,514,508,493,601
612,461,513,509,495,601
610,464,513,511,494,602
601,466,501,507,498,600
611,448,512,508,494,597
611,465,518,510,504,600
611,464,512,521,487,604
611,461,511,506,500,598
614,459,516,509,498,600
615,459,516,507,502,599
612,466,514,511,494,603
611,450,518,517,485,600
612,462,509,516,502,593
603,464,512,522,491,604
604,450,507,508,499,598
611,462,516,514,497,602
606,462,513,511,493,601
614,458,517,519,490,599
603,458,502,518,489,596
616,460,517,507,502,600
608,465,505,512,498,601
608,452,509,519,502,594
612,463,516,511,495,602
605,453,512,520,494,601
601,461,503,522,500,601
608,465,508,512,497,602
612,450,510,516,505,593
609,464,511,521,489,604
607,465,511,521,489,600
610,465,512,521,494,603
609,449,515,508,495,601
601,450,509,518,502,594
614,462,516,509,499,599
612,449,515,522,488,601
610,463,508,518,503,594
615,458,515,519,493,602
611,463,515,509,496,602
616,461,517,515,496,604
613,456,514,517,499,596
602,458,498,518,503,592
614,449,518,520,490,598
614,461,513,508,499,600
616,450,514,518,491,595
611,449,512,518,502,594
602,451,510,519,502,595
614,449,508,524,496,603
610,464,517,507,498,601
612,464,515,521,499,599
611,464,510,508,501,599
602,467,504,515,497,604
611,467,511,520,488,602
601,457,503,521,500,596
614,449,516,519,487,604
611,465,513,519,494,602
613,462,514,510,495,600
607,464,502,506,497,600
608,464,504,513,500,604
611,463,502,508,499,600
615,461,515,517,499,603
610,463,511,521,499,598
602,461,517,519,501,593
616,460,518,519,502,600
604,462,511,506,501,599
615,460,518,516,505,592
613,450,509,522,493,601
605,469,504,514,496,605
615,460,518,521,499,604
614,460,502,519,500,601
602,459,500,516,497,601
603,457,513,521,499,602
608,465,508,512,498,595
606,454,516,519,502,600
612,464,512,509,493,603
615,450,518,518,489,597
616,461,515,518,499,605
612,461,514,520,490,603
606,452,511,520,502,598
614,461,507,520,496,602
607,467,505,513,501,598
616,465,513,514,499,603
615,461,516,518,498,603
611,449,517,518,488,597
609,465,513,520,492,596
611,464,503,508,499,602
612,447,514,519,489,600
612,449,515,519,500,596
614,461,515,516,496,604
615,455,515,522,489,599
599,458,504,519,499,601
614,450,516,518,498,603
616,451,517,519,491,598
617,460,516,509,503,599
602,458,504,521,499,600
616,460,515,517,498,604
607,450,518,516,492,594
610,466,512,513,498,604
607,465,508,519,503,595
606,465,509,509,501,599
615,455,503,519,490,598
612,459,504,520,500,599
613,458,515,523,494,601
604,454,504,522,500,599
614,454,518,522,489,600
601,462,502,518,497,603
610,463,507,521,490,604
607,463,516,520,490,601
612,463,514,519,489,598
603,460,502,522,498,604
600,459,500,518,498,589
611,462,513,508,503,600
611,465,502,517,489,603
613,464,513,525,495,601
609,467,512,522,491,602
605,466,505,508,499,599
611,466,501,510,494,602
614,462,516,508,498,603
611,448,517,521,489,599
612,463,512,508,503,598
605,449,510,519,503,591
614,462,513,507,501,598
615,456,516,519,488,600
611,461,515,509,499,600
613,461,515,520,490,603
616,452,517,519,499,593
611,441,512,512,499,593
615,451,518,518,502,595
616,462,515,519,496,600
611,463,512,507,489,599
613,463,510,517,500,592
610,465,514,511,494,603
603,462,503,519,494,601
611,464,509,517,500,591
603,453,510,520,502,595
613,460,515,520,497,603
610,450,517,520,488,599
609,452,508,513,496,603
614,454,511,520,504,593
612,463,512,516,495,593
613,463,514,518,502,600
614,462,515,522,501,599
611,449,516,522,498,605
618,464,517,508,499,599
610,460,516,518,497,602
614,467,504,514,500,599
614,462,513,508,504,599
615,458,513,517,498,593
616,451,516,517,491,603
613,466,510,507,503,601
614,449,517,518,492,597
612,466,510,509,502,599
614,463,516,507,500,599
614,465,512,520,494,601
609,460,502,521,499,601
614,463,517,507,498,601
612,449,515,515,499,591
613,466,512,519,499,593
615,455,518,520,489,602
603,452,505,519,499,604
610,464,508,512,499,601
615,458,516,521,488,602
614,457,517,511,492,592
612,450,515,518,489,594
613,459,514,517,504,594
610,449,515,508,490,600
615,461,516,524,501,594
611,448,513,513,497,604
604,465,504,516,498,603
615,449,515,518,491,599
613,460,514,517,493,602
614,464,502,519,497,604
615,455,516,519,488,600
614,459,515,508,498,600
614,447,516,517,491,596
608,464,507,516,494,602
615,465,513,514,502,601
611,463,514,508,498,598
603,461,501,520,488,600
603,463,512,511,493,602
617,460,513,513,497,602
616,453,510,520,502,595
608,466,501,521,500,604
610,451,519,520,492,595
603,464,509,508,502,597
605,452,508,518,501,599
601,461,501,521,500,600
616,462,515,509,498,602
618,465,511,509,500,598
600,462,500,518,499,604
610,464,510,508,490,601
610,451,510,519,500,594
604,452,505,512,496,602
613,460,513,522,499,601
611,464,513,517,499,599
609,449,512,519,490,596
612,465,505,507,500,598
613,462,515,519,495,603
617,464,511,508,496,602
614,450,517,521,496,603
607,467,503,520,500,591
602,453,509,519,503,593
616,461,516,519,501,591
602,455,510,508,501,601
605,456,508,523,501,595
612,466,512,519,488,600
618,462,514,518,497,604
606,467,503,520,501,596
606,454,505,516,495,593
607,464,510,509,500,603
604,464,502,519,495,596
617,461,516,519,488,601
612,463,507,521,484,597
609,464,506,517,497,602
613,463,512,519,492,599
613,462,514,520,490,602
615,462,516,509,502,599
612,466,512,519,496,603
613,449,516,519,489,600
607,466,506,515,500,601
613,463,513,520,500,600
603,459,515,520,491,602
606,466,505,510,501,596
616,461,517,499,497,602
609,451,518,517,493,597
616,462,514,519,494,601
611,464,505,506,503,595
599,454,502,520,499,600
611,465,512,521,489,603
603,463,503,518,499,600
604,462,502,509,496,594
615,461,516,506,499,602
612,465,516,517,494,596
608,452,509,520,501,595
616,451,518,519,491,599
618,462,517,515,499,603
611,465,513,518,491,603
607,454,510,522,502,592
614,463,514,520,491,601
612,463,511,521,488,602
611,465,512,505,503,600
614,463,511,521,489,603
608,456,509,520,503,597
604,465,501,508,501,599
603,461,503,520,500,602
612,465,512,521,488,602
613,443,516,518,491,601
609,450,512,507,498,603
603,456,515,523,502,600
608,466,503,512,494,597
618,463,512,520,497,603
607,451,507,520,502,597
598,460,503,520,500,601
619,458,515,517,498,603
603,467,503,517,498,604
612,449,513,508,496,602
613,458,514,520,499,601
612,465,514,512,493,601
602,465,498,511,500,599
609,461,503,519,499,601
618,452,517,519,490,600
616,453,509,507,503,599
614,461,516,519,490,599
611,454,515,517,495,595
616,461,515,507,500,600
617,461,517,512,499,601
605,455,517,520,489,600
610,458,519,519,488,600
616,462,523,507,502,597
616,462,517,511,501,599
605,466,505,521,502,598
617,469,501,516,500,604
606,457,503,520,501,599
613,449,511,516,497,592
607,468,503,518,504,594
603,460,501,518,499,603
615,450,516,518,493,597
605,465,505,513,497,600
602,464,514,510,497,601
615,460,513,510,502,600
616,459,516,522,488,601
616,462,519,511,497,602
610,467,511,520,490,602
612,462,516,509,497,600
616,449,518,517,490,598
602,464,516,519,491,603
603,455,512,517,498,605
617,460,518,509,502,600
610,466,506,512,497,603
603,465,502,521,500,604
611,456,515,521,490,601
614,464,514,509,498,603
606,467,498,511,502,600
615,466,512,522,489,601
617,460,512,512,501,589
615,466,513,516,496,601
614,465,512,517,494,600
613,464,513,517,493,602
610,449,512,519,490,595
604,447,512,507,502,599
613,465,513,511,501,596
608,465,506,512,501,596
609,452,510,520,503,594
603,462,501,516,498,602
613,465,513,518,489,600
611,465,508,509,504,599
615,461,513,520,490,601
608,453,508,512,502,595
605,461,504,519,499,604
606,467,504,518,496,603
614,448,517,519,501,594
611,451,517,518,497,601
612,469,512,517,497,601
609,450,509,507,490,592
616,462,510,519,489,601
616,456,516,520,491,604
612,461,516,521,488,602
616,466,499,514,498,602
618,462,512,507,494,600
612,466,512,516,494,603
617,450,516,515,485,601
614,456,514,520,491,601
617,461,516,507,502,599
614,457,516,523,487,601
616,456,517,519,498,593
612,448,515,510,498,601
618,461,515,508,494,599
605,443,508,520,499,593
613,463,514,516,501,599
613,464,512,520,499,604
604,451,509,510,502,599
621,450,517,520,487,601
617,464,517,512,499,603
603,459,503,520,502,600
618,459,513,515,497,595
617,460,517,508,501,601
619,456,516,520,499,601
618,461,518,508,499,601
618,464,516,506,498,600
617,449,515,518,492,595
605,466,513,519,499,601
617,465,512,514,501,603
610,466,506,513,499,601
611,466,513,519,498,601
605,463,502,513,493,599
603,463,502,519,500,600
616,464,513,518,501,603
611,466,513,514,497,602
606,456,498,515,500,604
614,452,514,522,496,602
611,461,514,513,500,601
618,457,509,519,504,594
616,468,514,507,496,602
617,460,517,506,489,599
613,467,508,521,489,601
610,467,506,508,502,599
614,465,515,509,490,601
616,459,516,508,501,599
603,467,512,516,499,601
614,463,513,521,490,602
615,451,515,517,501,601
603,452,513,517,497,602
605,458,517,507,499,601
616,450,516,519,491,596
610,465,512,516,498,602
612,465,512,515,501,602
611,450,511,520,491,600
617,463,515,512,490,600
614,447,512,515,490,593
616,463,513,515,499,600
607,465,517,520,488,601
604,461,503,521,492,599
611,463,516,508,502,598
619,458,512,514,488,602
613,455,516,521,489,602
611,449,513,516,501,601
611,443,511,518,504,602
613,463,511,521,498,602
618,463,503,517,499,604
616,463,512,503,497,599
613,466,508,509,502,600
617,464,518,510,501,600
614,464,513,512,502,600
618,460,517,508,502,600
605,458,502,518,499,600
612,449,515,518,494,594
608,466,504,514,490,597
607,466,505,514,500,602
616,461,516,511,501,599
617,456,518,515,499,602
609,465,505,515,497,601
614,462,514,515,498,600
608,463,512,517,497,602
616,462,513,511,491,604
610,468,507,511,503,600
612,463,517,517,494,596
610,464,509,510,503,600
617,452,518,518,490,602
616,457,515,521,495,599
606,451,504,518,497,605
607,452,517,523,500,598
599,463,502,517,499,604
609,455,510,520,502,599
616,464,513,517,496,601
619,451,517,519,489,599
612,463,514,522,500,597
610,451,512,516,497,593
611,465,510,508,503,599
618,468,516,508,499,600
614,449,516,519,491,595
601,452,507,519,499,602
612,468,511,520,499,599
614,468,515,521,490,603
612,450,517,519,490,599
615,456,518,512,499,602
613,448,513,519,495,601
609,462,513,523,495,603
615,458,515,520,502,600
616,459,516,520,484,599
608,469,506,513,500,603
614,463,514,521,493,602
606,457,504,522,488,598
613,451,515,517,496,597
618,460,512,518,496,593
609,467,509,511,503,600
609,451,513,517,496,592
618,450,519,511,494,602
613,467,512,519,495,601
609,461,513,521,500,602
608,459,503,520,499,602
614,462,501,515,498,602
617,464,516,503,501,596
616,463,515,509,502,603
616,463,518,508,502,600
612,469,511,522,491,601
612,451,515,517,498,594
616,450,516,517,492,595
612,458,518,519,488,599
607,458,504,520,501,598
605,467,502,515,499,604
602,464,503,517,498,602
616,461,511,521,489,602
613,464,510,522,488,602
609,450,512,517,497,592
617,453,514,513,499,604
612,467,514,516,500,603
616,462,503,515,500,602
604,462,503,519,491,601
610,467,511,508,504,601
614,466,511,509,502,599
612,463,513,522,494,603
610,449,513,516,499,592
609,466,502,511,501,601
604,452,510,519,501,601
614,466,514,512,496,597
608,452,511,523,491,603
616,452,517,520,498,595
610,450,513,516,499,600
616,462,516,506,497,603
612,459,511,517,485,602
598,457,503,519,502,603
608,465,514,513,501,599
602,465,502,515,497,604
610,466,506,512,497,604
605,466,505,513,500,603
607,468,503,515,498,603
615,464,511,508,501,597
613,465,512,516,495,601
615,465,514,511,498,601
602,462,503,518,498,603
605,462,501,518,500,603
616,451,517,520,491,603
615,451,512,508,500,602
609,467,508,514,499,596
618,463,512,512,502,600
617,462,513,512,496,604
606,457,503,521,502,600
614,451,516,517,493,593
610,452,510,521,503,594
599,459,503,521,494,603
612,462,517,508,502,598
614,461,514,522,491,602
614,463,514,509,496,601
612,466,511,522,491,603
613,461,517,509,501,592
617,465,503,513,499,603
604,459,514,519,502,596
612,452,510,519,502,595
603,464,501,519,499,604
604,465,512,522,489,602
617,450,511,515,502,604
605,467,516,519,493,599
612,458,513,518,494,603
613,463,513,520,493,598
605,447,507,519,498,597
614,450,514,520,489,601
609,465,515,520,504,600
616,463,514,509,495,601
617,461,513,522,490,603
617,461,516,508,503,600
612,466,516,523,488,603
612,463,510,523,491,601
603,458,502,520,500,604
603,462,516,507,499,600
602,467,509,513,498,602
614,466,508,519,493,600
615,460,506,519,496,600
613,465,516,510,504,599
613,467,511,522,491,603
609,465,517,519,503,592
616,460,516,523,499,599
608,465,506,512,497,603
612,466,516,524,487,601
604,455,510,521,503,599
602,464,503,520,500,600
610,463,514,516,500,601
617,460,516,521,490,602
613,463,504,520,488,602
612,462,512,521,489,599
615,457,512,510,497,597
606,470,502,515,497,602
611,465,509,509,502,598
610,463,506,515,499,599
606,456,508,522,502,598
616,449,516,520,492,602
615,458,514,510,497,603
607,451,512,512,503,592
617,464,512,515,496,602
614,451,514,520,492,597
613,463,511,522,495,601
616,461,513,521,490,602
615,461,515,509,502,600
603,459,503,523,502,598
617,450,516,518,492,595
613,461,506,519,497,601
616,459,507,511,503,599
609,450,513,519,503,595
612,466,512,513,495,600
607,461,503,518,497,593
605,465,504,517,496,604
610,466,513,510,498,602
610,465,513,512,501,599
611,465,512,520,493,604
606,465,506,518,498,599
611,448,502,517,494,594
602,465,510,519,503,593
609,459,512,522,491,601
612,449,518,521,499,602
599,468,516,522,482,601
611,460,515,522,489,602
610,465,509,512,499,602
606,465,503,521,499,591
613,463,517,512,502,599
612,461,515,508,501,601
599,460,500,522,499,604
612,461,511,519,503,593
606,467,512,517,495,605
600,468,504,520,498,603
612,451,501,519,497,591
598,454,498,520,502,599
609,463,512,510,500,598
600,454,506,523,501,595
614,464,516,510,500,600
610,463,516,510,500,599
610,451,516,522,489,603
611,450,517,519,491,593
605,450,507,518,498,591
606,465,516,522,489,601
601,458,513,517,498,588
602,450,509,523,488,601
609,462,518,519,495,601
596,463,501,522,499,600
611,467,507,511,501,601
611,463,518,509,501,599
602,466,518,521,504,596
607,467,513,512,501,601
607,463,515,520,496,595
604,452,512,520,501,598
612,461,519,522,490,602
601,454,504,517,500,592
611,457,515,523,487,599
603,466,514,523,501,599
610,452,515,518,493,595
609,464,506,515,498,603
608,465,512,518,498,601
608,465,517,511,499,600
612,455,518,522,488,602
608,463,511,511,502,599
610,462,514,509,497,600
599,462,503,523,499,600
608,468,513,516,500,600
609,463,515,509,499,593
603,455,504,523,501,601
601,461,503,521,498,600
608,462,511,511,502,602
609,463,514,514,500,598
613,452,514,524,489,603
611,461,512,514,498,602
609,466,512,512,500,594
604,454,507,512,496,602
610,463,514,510,492,593
608,465,517,509,494,599
603,457,504,522,500,602
611,462,513,523,489,602
614,456,518,521,489,599
612,449,515,519,499,602
615,460,516,511,501,598
613,461,517,519,501,591
612,462,514,512,501,600
612,468,516,511,498,596
610,451,515,521,493,595
613,464,515,515,497,603
613,462,518,512,499,603
611,461,517,512,502,597
612,461,516,511,502,599
609,455,512,516,498,598
613,461,517,511,502,598
612,461,517,521,495,603
611,451,517,521,491,597
613,453,516,521,488,603
610,448,519,522,489,597
607,448,511,522,502,593
609,449,515,524,499,601
600,468,500,520,498,605
614,462,512,526,494,602
599,462,503,523,501,601
603,455,509,520,490,598
607,465,513,516,499,601
609,467,502,514,499,600
604,452,507,523,502,602
613,464,515,521,497,601
612,459,516,519,489,599
605,470,507,515,498,604
601,465,501,510,500,600
613,461,517,517,498,603
609,458,516,509,503,599
607,432,507,515,502,590
600,455,501,521,500,602
608,455,512,514,497,604
602,461,514,518,494,603
602,458,512,517,498,601
612,440,515,524,488,602
613,460,517,512,499,603
609,460,510,510,502,600
610,456,507,518,496,601
613,446,511,505,498,599
599,448,504,516,497,604
598,455,501,520,493,599
608,430,516,520,496,592
605,449,512,519,494,594
608,451,514,520,494,592
603,467,513,516,499,598
591,454,516,521,501,594
590,463,501,519,492,603
598,455,516,515,501,595
600,446,517,519,498,592
597,458,512,520,496,604
598,453,516,510,502,599
583,453,501,521,499,602
603,440,517,509,502,599
599,454,517,512,500,600
598,450,516,523,488,601
600,457,513,511,498,604
600,450,513,522,500,593
589,446,503,524,501,602
597,451,515,522,501,601
602,446,516,521,492,596
601,460,512,523,490,600
593,446,511,521,504,595
603,455,517,514,502,600
602,438,513,513,494,603
604,453,512,518,499,603
592,457,506,516,500,603
603,451,516,510,499,602
602,459,503,524,495,603
606,447,517,522,490,599
601,452,512,518,500,601
606,452,515,524,489,602
604,461,515,522,494,604
593,456,499,524,504,596
608,463,512,511,502,601
596,447,505,525,503,598
608,448,515,523,503,596
601,448,515,519,495,596
601,461,511,523,491,603
605,458,515,510,485,603
607,457,516,513,504,600
603,460,509,524,492,598
602,460,512,515,499,602
601,447,510,520,503,595
602,459,511,525,492,603
595,440,502,525,499,601
603,448,514,523,504,597
600,457,504,515,501,605
604,450,518,524,493,603
604,447,513,523,489,603
602,456,515,519,502,595
604,454,516,523,491,603
604,447,516,517,492,604
599,459,511,524,500,603
604,453,512,524,491,603
603,454,514,523,504,594
604,455,516,512,499,602
596,448,508,522,503,600
607,457,514,515,499,603
604,449,511,515,498,601
598,448,512,519,491,596
591,461,501,519,499,606
593,453,504,522,501,603
594,452,506,523,502,597
601,456,515,519,497,604
604,446,515,520,492,596
600,461,512,523,491,606
601,461,512,516,495,601
604,459,512,523,491,604
593,459,501,523,501,602
606,452,516,519,504,602
595,453,505,511,493,604
603,454,515,523,495,603
606,454,518,521,499,601
604,460,513,512,503,602
604,446,515,519,493,598
601,459,509,522,490,603
605,454,513,519,505,597
603,461,512,524,492,604
597,457,511,504,503,601
605,459,515,508,501,600
601,443,514,517,494,593
604,458,514,511,497,602
596,462,502,518,497,604
601,465,510,522,491,603
603,460,513,509,495,601
603,465,511,517,495,602
599,465,504,519,499,603
597,458,503,519,503,593
606,463,514,508,502,599
605,463,501,523,500,600
606,463,515,521,501,603
605,461,514,515,489,602
600,452,507,521,490,603
596,467,501,516,499,604
607,466,514,508,495,601
605,450,512,518,494,596
599,452,508,514,503,592
597,462,502,520,500,601
602,467,512,507,496,594
607,459,516,520,504,594
601,444,503,519,504,596
604,465,510,522,490,604
604,465,512,518,495,600
607,461,518,511,504,600
595,469,504,518,498,603
604,450,516,517,500,593
600,462,516,511,499,602
604,452,514,519,492,601
604,449,514,517,500,601
606,455,516,520,500,603
606,462,514,521,492,603
608,456,517,509,504,599
604,446,511,521,504,594
606,457,515,509,505,591
608,455,515,519,503,599
606,451,515,523,491,601
604,460,508,508,504,599
608,455,514,519,490,602
601,461,508,510,503,599
607,458,512,515,500,593
600,440,510,515,500,597
608,457,517,509,496,602
603,459,511,522,492,603
606,462,512,520,495,603
604,460,515,519,491,602
604,458,513,512,501,600
605,448,508,510,490,600
604,457,518,508,504,599
608,446,516,519,500,603
608,451,517,509,502,600
600,464,503,516,502,603
591,457,505,521,503,600
607,451,516,521,500,601
608,456,512,522,491,603
597,463,502,520,501,596
606,449,513,517,494,594
600,467,515,523,491,603
607,461,514,523,498,602
609,460,515,522,491,602
599,466,513,522,485,598
605,454,514,517,493,595
597,469,502,519,497,600
610,465,517,509,501,602
608,462,515,521,489,601
595,463,501,521,499,602
605,456,513,522,490,603
609,466,513,511,503,600
596,460,506,521,503,596
605,467,512,521,492,598
606,466,512,507,503,599
606,467,512,509,501,600
605,454,515,516,503,592
593,467,501,519,498,603
597,470,504,513,490,596
603,468,510,518,502,599
604,468,514,520,491,602
607,463,514,510,504,599
602,458,512,519,497,592
603,468,514,511,496,599
605,465,516,507,501,599
602,470,512,526,495,601
608,468,517,511,503,600
593,460,504,523,504,595
598,457,509,521,499,597
607,454,514,520,496,594
602,471,513,516,501,603
601,473,512,523,490,604
606,463,516,524,503,594
609,468,515,514,500,603
603,467,515,519,499,604
600,469,514,513,504,599
602,461,514,510,498,602
602,470,514,521,490,601
592,464,503,522,501,601
604,466,517,510,504,600
590,464,503,523,495,602
602,457,517,521,486,599
598,470,514,510,484,600
599,461,516,523,490,603
598,456,515,519,497,597
603,467,517,514,499,602
595,465,514,523,490,601
601,463,511,521,486,594
602,468,518,511,501,601
599,470,513,517,498,602
601,470,514,517,501,594
598,471,506,514,489,600
594,471,505,515,499,604
592,464,503,514,502,602
602,446,515,520,497,595
597,459,507,519,499,601
606,463,516,523,493,604
590,471,502,519,497,602
602,468,512,511,494,597
604,471,508,516,491,599
603,469,513,513,491,603
600,467,513,516,499,603
599,468,513,522,495,602
601,468,506,516,501,604
607,468,502,521,502,602
607,465,516,509,503,601
604,468,513,526,497,603
594,466,502,520,489,601
605,472,501,520,502,603
608,466,517,510,500,602
605,475,512,519,497,602
590,466,503,522,502,599
607,455,517,518,494,598
604,471,512,518,500,604
595,470,502,522,501,602
607,465,518,510,502,599
605,471,513,515,499,604
604,471,512,519,494,598
609,465,519,514,502,602
608,466,518,511,501,603
609,456,518,525,500,602
609,458,516,524,504,599
595,465,502,512,504,600
593,471,506,518,500,603
597,469,501,519,498,605
604,463,518,519,494,598
606,469,515,518,495,601
604,472,514,520,498,602
596,462,504,524,500,605
599,474,505,515,500,605
595,464,502,520,505,603
594,468,503,519,498,606
601,456,512,522,491,603
609,467,516,509,499,601
611,467,517,510,491,601
600,467,517,510,499,601
606,468,515,523,502,600
607,465,517,518,501,603
602,468,514,516,502,601
608,465,513,525,491,603
611,458,518,522,502,599
607,466,518,524,493,603
608,470,513,515,491,603
596,465,503,524,492,601
597,455,502,517,498,598
610,466,516,509,502,600
605,468,512,519,497,603
594,464,503,524,502,603
606,466,503,521,492,599
610,453,515,521,489,599
600,468,511,520,494,603
603,467,511,511,498,597
599,467,507,516,496,599
601,450,517,519,491,594
602,451,515,520,501,593
596,468,514,516,493,599
595,468,514,521,502,598
597,463,518,512,499,600
591,467,512,515,501,601
597,465,514,508,496,598
596,467,518,519,499,601
586,470,507,522,500,603
595,467,521,513,491,599
598,456,523,525,503,601
589,468,510,517,499,601
588,461,512,525,503,600
596,453,524,524,498,595
586,464,509,527,492,596
593,461,527,526,487,598
595,470,522,516,502,597
597,453,521,523,498,591
592,470,519,520,489,599
597,469,521,524,497,599
603,467,526,514,500,591
594,453,520,521,495,590
602,465,527,527,491,600
587,468,514,520,497,594
593,470,512,523,499,599
597,466,525,518,496,595
603,465,530,527,498,593
598,472,526,526,489,599
606,465,527,518,501,599
602,467,527,513,490,601
599,470,519,520,499,603
594,461,521,523,504,591
592,463,510,519,495,600
597,472,519,523,501,601
601,454,522,523,492,596
601,466,521,514,505,598
598,455,522,524,493,603
597,456,522,525,497,602
596,456,522,526,501,594
599,471,516,517,508,599
588,468,507,526,505,602
598,472,515,522,503,600
602,458,522,531,508,602
594,475,512,521,504,601
602,464,522,525,499,596
589,474,509,528,505,603
601,468,520,517,511,599
594,458,512,528,508,591
603,471,524,518,507,601
600,467,522,516,513,601
601,458,524,530,500,599
598,464,514,529,501,600
599,473,517,523,511,599
599,458,519,528,506,591
603,469,522,516,511,599
601,469,520,530,500,602
601,470,521,531,499,602
597,458,515,527,510,592
601,449,516,525,502,594
597,469,506,530,508,603
602,467,520,532,500,603
591,464,508,529,501,594
593,453,513,524,513,596
605,456,519,516,501,597
606,440,519,523,500,596
601,438,516,522,501,599
603,449,518,512,508,594
603,437,518,523,498,595
596,448,505,524,507,599
605,452,516,514,509,593
608,440,518,524,497,601
604,442,522,523,497,597
606,452,514,519,506,600
610,453,516,527,499,601
603,436,515,521,505,603
605,462,514,521,510,600
610,453,520,526,500,600
607,461,516,525,508,597
600,459,506,518,505,602
601,463,511,519,507,600
607,458,513,521,507,603
600,459,509,520,508,601
604,445,514,521,507,600
605,461,518,525,503,603
610,459,520,518,499,598
600,446,520,523,499,592
608,457,515,521,506,603
605,462,508,522,508,604
608,457,521,514,508,598
610,455,521,513,506,602
610,456,521,515,508,602
603,447,513,520,510,595
598,456,506,524,501,597
606,458,516,520,498,602
599,458,513,524,509,604
610,457,523,512,509,602
611,456,522,513,511,598
600,456,506,524,507,605
607,458,520,511,498,604
601,446,518,523,500,599
603,458,522,512,507,603
605,451,523,525,498,602
605,461,518,522,508,602
599,448,518,522,502,600
607,447,523,524,503,597
606,462,518,516,511,600
607,463,519,517,509,601
610,450,524,525,499,603
600,462,506,524,509,605
609,454,521,526,498,598
601,453,513,522,511,593
607,461,523,517,506,604
598,458,510,516,508,604
602,465,511,515,500,602
609,462,519,525,509,601
597,465,508,521,508,605
607,463,519,516,509,601
613,461,523,511,510,601
612,462,523,511,506,604
603,467,516,525,508,602
599,467,508,521,506,605
607,459,517,519,508,602
612,460,522,524,498,601
611,464,520,524,499,604
610,466,519,513,512,601
599,466,507,524,510,602
609,467,516,520,504,604
608,468,519,526,506,603
610,470,519,512,511,600
613,467,524,512,507,605
605,471,512,525,509,604
612,469,521,512,505,602
609,470,519,518,512,602
608,464,514,519,506,602
608,473,518,519,507,605
607,471,518,524,502,603
613,460,525,523,500,602
608,471,518,516,511,601
613,465,521,511,509,603
609,470,520,524,501,603
610,467,519,526,502,604
612,468,517,515,511,600
613,460,521,506,509,602
600,467,523,523,499,598
600,464,509,524,511,601
611,455,522,521,509,600
610,468,520,523,500,604
603,457,515,519,509,593
610,456,520,520,502,595
600,466,508,521,508,604
593,467,508,523,509,605
610,459,520,519,508,594
612,468,520,525,502,603
614,469,522,512,509,599
611,468,521,513,509,600
602,462,511,525,508,603
608,455,519,520,504,594
610,461,519,526,503,600
611,457,522,521,503,595
614,470,524,513,507,597
610,455,518,522,506,596
612,469,523,511,510,599
612,468,517,508,506,601
611,467,518,507,507,599
614,470,517,520,508,605
608,472,513,522,508,600
612,457,523,523,500,604
609,457,517,520,509,593
613,470,517,520,507,604
601,459,509,519,505,602
613,449,523,517,495,598
612,468,523,511,510,602
610,470,522,511,509,601
603,463,514,521,507,595
614,462,522,524,498,603
611,470,521,512,510,601
608,472,514,523,510,604
613,468,520,517,509,603
612,457,523,509,509,605
614,465,522,523,498,600
611,472,520,514,510,600
612,458,523,523,501,601
611,455,523,523,501,604
600,472,511,518,506,603
612,468,522,512,511,601
600,469,511,522,509,603
615,468,523,513,507,601
609,471,521,515,509,594
601,467,504,517,509,601
604,473,509,518,506,598
601,474,504,517,505,604
599,465,508,525,510,597
608,474,519,519,510,601
611,456,522,522,502,596
610,470,520,523,504,603
600,473,514,528,509,599
599,472,509,522,507,601
600,464,506,522,502,603
599,454,510,527,508,599
598,469,509,525,508,601
606,471,516,524,507,603
597,472,508,525,507,604
598,471,507,526,509,604
611,470,523,513,511,593
606,474,519,522,508,601
599,458,518,523,506,593
607,472,520,515,511,599
608,464,523,526,497,591
605,473,517,522,508,601
610,471,523,519,501,604
611,466,522,529,500,602
607,471,520,523,509,594
599,472,509,524,508,603
609,469,516,525,508,604
610,474,517,524,505,596
612,470,524,517,507,603
610,464,522,528,499,603
607,476,518,519,507,603
607,456,519,521,505,601
611,469,522,520,509,604
610,457,522,524,503,598
612,467,522,527,498,603
612,462,515,521,510,592
612,470,524,514,509,601
612,457,525,525,502,597
609,472,522,515,510,593
609,473,520,520,511,597
601,459,512,523,507,594
608,472,519,518,509,596
614,466,525,516,509,601
612,462,524,528,498,600
610,456,521,524,500,595
607,474,519,524,506,601
610,465,521,527,497,600
610,455,519,522,504,593
600,458,518,523,512,595
612,462,518,515,508,605
609,465,518,518,508,597
609,471,520,514,513,603
613,460,523,526,499,601
608,473,518,521,506,601
609,473,518,519,508,595
611,466,522,528,497,604
612,465,522,527,499,601
609,474,520,517,510,600
598,469,512,525,509,593
606,469,522,514,511,600
611,470,521,514,511,603
608,472,515,524,507,602
608,473,515,524,504,604
599,468,510,526,507,606
603,473,520,516,509,602
612,467,521,526,500,603
600,465,508,526,509,601
609,459,522,523,501,597
601,463,514,522,513,602
608,459,521,523,501,598
608,466,520,520,495,605
610,472,521,518,506,605
606,473,517,522,507,597
606,473,519,524,499,603
604,475,520,520,509,602
596,471,507,523,511,602
609,469,522,513,508,600
598,474,505,518,510,601
609,463,524,526,501,603
611,468,522,513,511,599
601,472,511,521,505,605
607,459,521,523,501,595
608,460,519,522,504,601
612,462,513,519,509,603
598,468,510,526,511,601
608,471,520,520,507,603
610,473,519,514,507,603
599,472,509,521,506,595
612,470,524,514,508,603
599,465,504,523,504,605
599,472,507,526,506,605
610,469,523,513,511,603
615,472,520,519,508,604
612,467,523,515,507,603
600,474,510,521,508,603
606,471,514,525,502,602
608,469,523,518,508,604
598,466,511,526,510,597
613,472,523,515,508,604
608,474,519,520,510,604
607,473,518,518,511,600
611,456,522,524,501,599
608,471,520,514,507,600
614,461,523,527,500,603
600,469,508,524,507,604
598,468,507,528,510,604
606,471,522,517,505,604
604,459,524,527,509,598
611,469,523,513,511,601
606,457,519,521,506,594
608,472,519,516,509,595
609,472,520,526,502,604
613,468,524,516,508,599
609,472,521,515,513,601
606,475,518,523,505,603
613,468,525,524,504,595
608,474,515,525,508,604
605,464,516,523,507,594
613,456,522,525,499,599
612,469,524,514,511,601
600,471,510,527,509,602
609,471,521,524,502,603
598,472,509,523,507,606
606,459,512,525,506,597
609,472,519,522,507,604
613,469,523,515,510,603
600,469,510,525,508,594
614,470,524,519,507,603
608,461,519,522,507,591
605,469,524,513,511,600
608,470,518,521,506,604
614,470,524,513,508,600
610,458,520,522,504,604
599,473,509,526,506,606
608,474,522,518,511,602
612,470,524,512,510,603
602,467,509,528,508,602
607,470,525,514,510,601
603,472,520,516,510,600
613,468,515,517,508,603
610,471,525,517,506,603
613,466,524,527,497,601
596,470,510,527,509,603
615,470,520,516,507,605
604,458,513,523,509,594
605,468,522,526,499,602
611,470,522,528,498,603
611,461,525,512,511,598
610,474,519,527,503,603
613,469,524,513,507,593
604,466,508,521,502,600
600,474,518,524,508,602
613,463,522,525,500,604
607,473,518,523,503,601
613,473,523,518,510,598
602,462,516,523,508,594
603,476,511,515,508,603
605,459,517,523,508,594
608,459,521,523,504,594
610,458,521,523,500,598
602,463,511,525,510,601
601,464,511,527,512,599
613,472,520,507,508,600
608,469,521,527,499,604
609,471,519,528,501,603
600,475,510,527,510,601
603,475,509,519,507,603
601,468,511,526,509,603
610,468,521,526,500,604
611,474,517,521,510,603
615,469,524,514,508,602
611,470,521,511,497,604
612,470,522,513,511,591
610,471,519,527,499,604
597,475,511,519,508,604
610,449,522,523,501,595
609,473,521,515,510,600
614,472,524,519,507,603
613,470,525,514,511,602
608,471,519,520,509,604
614,467,523,513,508,603
605,470,522,527,497,603
612,468,524,526,498,604
612,468,523,515,508,602
613,466,522,525,498,603
613,459,524,524,494,602
606,458,521,522,506,594
609,460,521,523,502,595
599,476,510,526,509,604
611,468,520,527,499,601
608,461,525,525,497,601
608,472,520,519,513,601
610,464,521,515,512,604
603,473,511,521,507,604
604,460,517,521,511,594
601,469,509,526,508,604
607,474,518,519,510,601
609,456,520,523,505,593
601,469,508,524,509,604
610,470,518,523,509,604
601,470,509,526,511,601
613,468,520,514,508,601
611,472,521,514,512,604
611,473,521,524,505,604
611,458,523,525,503,598
611,468,522,530,501,603
611,462,517,525,499,604
602,467,509,525,510,599
599,472,508,523,507,603
610,464,511,526,510,601
611,471,520,515,510,601
612,476,521,519,510,600
602,471,514,523,507,605
610,473,518,523,504,603
599,471,509,523,507,604
612,469,523,514,508,603
614,464,522,526,497,603
616,471,521,518,508,604
612,471,520,519,505,604
599,470,509,525,508,602
596,470,509,525,507,603
614,469,524,513,508,602
603,472,509,523,508,605
614,469,523,513,510,600
603,475,521,524,505,604
611,468,522,525,499,603
603,473,515,525,508,604
610,471,521,527,500,604
602,465,512,528,509,600
611,474,515,521,506,605
602,474,517,523,509,608
606,456,517,522,508,592
610,469,519,527,505,603
607,468,523,512,510,601
600,468,508,527,508,605
609,474,519,523,504,603
613,470,521,529,500,602
614,472,523,513,510,604
611,469,520,521,507,604
609,474,518,524,502,600
606,459,522,527,501,598
608,470,521,527,500,605
611,464,524,528,498,602
600,476,508,524,507,604
608,457,519,524,505,595
599,469,511,524,507,599
613,471,522,513,512,600
596,476,509,521,511,605
611,460,521,523,504,596
610,474,521,524,502,606
611,465,523,525,498,603
611,472,518,522,506,603
613,459,523,525,500,599
614,471,524,513,508,601
610,467,521,527,500,602
615,468,524,528,499,604
611,449,523,522,502,598
611,473,519,514,512,599
612,474,516,527,499,604
611,469,520,527,500,603
607,474,516,524,508,604
611,460,523,526,499,599
614,470,521,525,510,599
612,470,524,512,511,600
614,460,523,523,500,593
602,474,512,526,498,604
612,457,523,526,499,598
608,473,516,524,509,605
596,472,511,526,511,605
607,471,519,523,501,603
605,473,511,518,507,603
610,473,519,524,506,601
595,475,508,521,507,605
614,467,524,513,508,603
611,467,523,527,500,601
599,469,508,524,509,605
605,460,519,522,508,598
601,475,514,527,510,605
612,472,520,526,503,603
610,474,518,520,507,601
613,462,520,513,507,603
609,472,521,526,499,607
608,458,518,522,507,592
615,472,524,515,509,602
601,474,508,522,506,604
612,470,524,514,510,602
602,461,506,525,512,594
611,470,522,514,512,604
600,474,510,522,505,605
602,465,513,522,507,594
601,465,511,529,511,599
616,470,523,519,507,601
612,470,520,526,503,602
613,472,517,519,506,603
609,475,519,522,506,603
604,477,512,517,508,604
600,474,510,526,506,605
614,463,524,524,497,600
606,458,516,521,502,595
613,460,523,526,497,602
607,474,513,524,507,592
611,469,525,516,507,603
609,470,520,516,512,603
611,465,523,527,497,602
599,475,509,522,508,604
601,461,505,523,506,602
613,472,524,519,507,605
605,465,513,518,509,594
603,476,510,521,507,603
608,458,517,525,507,604
607,474,519,520,507,602
600,467,510,527,509,602
608,474,518,524,510,603
611,467,523,525,498,601
616,471,524,513,510,602
610,475,521,515,512,602
607,474,518,521,508,594
614,463,520,514,507,603
612,471,523,513,510,603
609,475,519,522,508,601
611,467,522,526,499,604
609,474,518,522,508,605
600,473,507,526,509,604
612,460,523,526,499,601
603,462,518,521,508,593
611,458,516,523,505,599
613,454,524,523,503,597
612,466,524,526,498,601
599,470,511,527,509,604
603,476,510,520,508,605
612,463,515,519,507,604
611,467,524,514,508,602
603,463,515,522,508,593
607,470,524,518,508,604
613,469,523,513,509,603
605,459,520,523,505,593
610,457,519,522,504,593
614,468,522,513,509,602
613,459,524,526,500,599
607,475,519,520,509,601
603,461,516,522,509,593
596,469,512,527,511,601
601,459,510,526,505,604
614,468,521,527,499,602
599,463,513,525,510,590
600,476,509,525,508,605
601,473,508,524,508,605
610,469,525,514,507,601
607,477,518,521,508,605
610,466,505,521,511,602
608,472,519,515,510,600
594,474,509,523,509,604
612,459,523,522,501,596
604,461,515,521,508,593
613,470,518,522,508,593
613,471,524,513,510,600
602,471,521,519,507,594
611,470,523,513,506,601
610,472,523,513,511,600
611,471,522,512,504,601
608,476,511,517,505,604
611,463,522,528,499,602
611,461,523,523,497,598
600,477,508,523,505,604
601,477,511,521,506,604
609,470,524,514,509,601
611,472,523,514,508,602
597,475,510,521,505,604
604,459,519,518,501,594
609,470,520,519,506,603
605,458,519,521,502,595
597,472,508,525,507,604
610,469,523,512,508,602
606,472,521,516,510,600
599,464,513,523,511,594
606,471,517,519,508,604
607,470,521,515,510,599
604,476,519,521,503,603
599,473,519,524,502,602
595,470,510,523,506,603
607,470,523,515,506,597
605,474,520,521,509,600
596,475,511,520,505,603
608,467,524,513,510,598
607,461,524,525,497,602
599,475,512,526,507,600
604,475,520,515,509,599
609,467,526,515,506,601
605,459,517,529,494,602
602,467,521,514,508,598
605,445,523,519,499,596
606,457,525,524,496,599
600,467,519,525,502,598
604,459,518,513,509,599
605,463,524,514,506,601
604,463,519,529,497,603
596,467,512,519,507,602
605,464,523,514,509,599
600,470,513,526,506,600
595,462,510,527,507,600
601,464,512,514,501,603
595,461,511,527,507,601
603,453,521,524,504,594
608,466,526,520,505,602
598,464,511,524,508,604
600,457,518,522,508,591
609,465,528,520,506,601
607,462,524,527,498,601
609,465,524,514,509,600
609,464,526,516,508,602
605,467,523,515,510,600
603,456,523,523,503,594
610,466,523,523,506,602
605,469,524,515,510,600
602,458,518,524,507,592
607,471,520,524,506,605
604,468,519,524,509,603
606,469,520,521,509,601
608,469,520,524,501,602
602,461,525,517,502,602
604,471,517,525,506,603
605,456,524,524,504,594
601,473,512,526,509,599
605,472,523,523,505,602
607,455,526,524,502,596
607,472,521,524,507,603
599,471,512,530,510,601
607,472,518,520,509,599
598,465,511,527,507,604
609,470,525,514,510,601
607,471,524,519,511,599
612,466,528,529,499,602
610,470,529,515,511,600
613,469,525,520,506,603
600,475,516,529,508,603
609,471,524,518,510,599
611,460,529,527,499,602
613,462,528,512,504,601
605,458,524,525,505,594
606,472,524,527,501,604
610,470,528,515,510,602
610,457,528,526,501,597
611,460,528,527,499,598
610,469,527,514,499,602
611,469,528,515,508,601
608,449,526,524,501,592
612,471,529,516,511,599
610,474,523,529,500,603
604,472,519,527,508,601
612,458,529,526,499,598
609,472,524,512,510,597
609,469,528,516,507,601
604,474,520,523,508,602
606,474,524,519,508,599
608,469,526,516,507,600
606,474,524,531,505,602
610,460,529,527,499,597
606,475,527,519,509,599
609,474,524,529,500,603
607,459,526,526,502,595
610,463,528,526,495,603
607,475,524,525,504,591
610,468,528,529,498,602
611,470,530,515,507,601
600,464,515,526,512,593
607,478,524,524,501,603
604,461,521,524,509,593
604,463,521,525,508,591
612,459,527,527,502,595
611,468,528,526,497,601
611,471,530,518,510,601
606,477,522,524,508,604
609,474,526,519,511,599
604,465,519,524,507,592
612,459,525,528,497,600
603,462,522,524,506,592
599,477,513,529,510,600
612,472,525,523,508,602
603,474,520,527,507,604
612,455,530,522,502,595
609,470,526,528,498,601
609,476,523,526,504,602
599,474,510,525,506,602
605,477,525,524,506,602
608,469,528,515,511,600
609,474,524,522,507,604
609,460,525,523,506,600
608,469,525,529,498,602
599,468,515,526,512,594
608,476,526,519,511,600
613,470,529,516,510,602
606,475,519,527,507,604
609,468,527,528,498,601
610,477,521,523,508,603
610,460,525,525,506,594
614,470,529,515,509,601
606,470,528,517,510,601
609,463,529,529,500,600
610,460,529,526,502,596
608,477,524,526,507,604
611,471,528,515,509,601
606,478,524,519,509,600
610,472,526,528,499,603
610,473,528,519,508,602
610,463,532,531,508,594
610,474,528,515,505,603
610,470,529,527,498,601
612,468,529,528,497,599
607,461,526,525,503,593
609,467,526,516,510,600
608,472,525,530,501,603
611,462,528,528,500,599
610,471,529,517,510,602
614,472,530,515,505,597
608,475,524,523,508,602
608,474,526,530,499,603
610,476,522,523,508,603
597,469,513,528,510,596
610,473,526,530,499,602
599,473,513,530,510,600
611,473,527,522,507,602
613,469,528,518,509,602
610,475,525,524,507,604
609,476,526,527,503,603
607,462,523,524,511,592
607,477,525,523,505,601
610,473,527,520,508,604
600,466,517,526,511,594
608,458,526,526,505,594
612,467,528,529,499,600
609,472,529,517,508,602
609,469,527,529,500,601
611,475,525,520,506,603
607,464,526,523,511,601
599,466,514,526,512,593
613,471,528,515,512,599
604,460,523,526,506,593
603,476,523,531,503,603
600,463,521,525,509,593
611,471,527,517,510,598
599,475,512,525,512,597
608,471,520,524,502,599
611,463,531,528,511,594
601,477,516,529,508,603
600,460,524,524,510,602
611,467,529,529,500,600
610,474,527,515,510,600
608,474,522,523,507,604
606,472,523,522,507,603
609,476,522,529,502,604
607,475,518,519,508,603
609,478,523,523,505,602
609,471,525,528,499,603
614,461,529,528,498,599
608,476,520,531,508,605
607,474,520,527,508,603
611,461,526,527,500,595
609,467,527,514,512,602
609,473,529,521,510,604
606,462,522,524,510,593
604,460,521,525,508,593
608,476,524,522,511,602
609,477,525,522,510,602
609,460,524,525,508,594
600,467,513,525,513,593
610,475,525,521,511,601
609,473,524,530,494,604
610,474,525,519,511,601
607,458,521,524,508,593
600,467,509,526,506,603
606,475,525,527,507,603
608,475,525,528,500,604
605,460,523,524,512,597
606,463,522,525,508,594
612,470,529,516,511,602
607,461,520,526,507,593
609,474,525,519,512,601
612,468,528,528,500,601
614,471,527,519,510,603
598,475,512,529,512,593
608,475,526,519,509,604
603,466,515,526,512,595
605,475,522,524,508,605
615,478,528,518,509,603
601,469,512,528,509,604
609,475,526,523,508,604
608,474,524,531,506,604
605,479,520,528,509,607
612,471,526,515,511,601
609,475,525,517,511,602
613,470,527,529,509,601
612,470,525,529,499,602
611,472,522,531,500,603
608,476,522,519,511,601
610,474,525,517,511,601
608,475,524,524,508,599
600,470,513,528,513,592
610,469,524,522,506,602
609,474,523,519,510,600
611,472,526,521,508,604
614,463,529,528,498,599
615,473,526,519,509,604
600,472,514,528,514,593
611,470,528,516,512,604
612,473,525,516,511,600
614,470,530,515,509,603
615,469,527,527,499,601
604,464,517,525,511,594
603,463,519,525,508,592
606,462,521,525,508,593
613,471,529,516,511,602
600,470,515,529,513,595
611,471,526,516,512,603
612,473,529,515,511,601
600,471,512,530,512,600
611,472,528,515,512,603
601,466,514,527,513,593
604,477,522,527,505,603
611,473,526,524,509,603
611,459,526,524,505,593
609,474,524,517,512,595
600,473,512,530,510,600
609,472,524,529,499,604
614,473,523,521,507,604
608,469,529,516,510,600
613,463,527,528,500,600
606,459,523,526,509,593
613,473,524,521,509,603
599,472,513,527,513,591
609,477,523,522,509,602
601,463,513,527,510,593
612,467,526,535,500,602
609,468,525,519,512,601
612,477,525,517,512,600
610,473,524,517,513,602
608,475,518,525,508,605
613,467,524,525,498,600
612,460,527,527,501,598
600,474,514,526,513,594
606,475,517,528,509,605
611,476,524,517,510,601
609,475,524,520,510,602
598,474,512,528,512,594
612,472,524,522,508,604
610,462,528,528,502,597
598,476,512,523,508,598
602,473,513,526,512,593
604,477,520,526,508,603
610,474,526,516,511,601
611,460,528,528,499,599
614,470,526,516,512,601
612,461,529,527,497,597
601,468,518,525,511,594
602,470,513,527,513,593
613,475,523,521,512,602
611,473,528,527,507,602
613,474,526,514,511,600
608,475,518,519,510,601
612,463,527,527,501,598
605,476,516,527,509,602
605,460,521,526,507,592
611,476,523,522,509,601
597,476,511,527,510,604
610,474,527,521,509,601
610,474,520,518,510,601
610,475,523,524,503,605
603,472,515,525,507,603
613,472,528,515,512,601
609,475,524,521,510,601
613,462,526,528,502,597
609,474,525,530,500,604
610,460,526,527,507,593
613,465,526,515,510,604
610,472,528,514,513,602
611,473,524,530,501,604
614,472,530,516,509,604
613,466,528,528,499,601
612,472,526,520,509,602
604,463,519,525,514,595
602,478,517,528,508,605
606,477,523,525,506,601
611,478,513,526,503,600
612,467,528,512,512,603
609,476,524,530,503,603
610,472,525,530,499,601
615,473,529,517,509,601
612,474,527,518,500,603
607,477,519,528,508,604
607,476,520,527,509,604
608,473,525,528,502,602
610,473,526,517,511,600
612,472,524,531,499,605
613,471,530,519,510,602
606,469,527,529,498,604
614,474,528,516,508,601
612,474,526,517,512,601
610,476,525,525,507,594
602,468,513,526,513,595
609,478,523,524,507,601
613,471,524,528,499,601
606,475,520,528,509,605
612,471,529,517,509,602
601,468,515,526,512,593
612,475,522,524,506,604
605,477,521,525,508,607
610,474,526,520,512,600
599,475,513,528,513,594
611,473,524,521,508,603
614,473,526,522,507,603
596,471,512,530,513,592
611,462,525,525,507,593
610,468,521,520,510,597
601,476,512,529,511,603
604,477,518,528,510,603
607,466,529,527,499,600
611,462,525,525,505,593
606,463,521,524,512,599
608,476,523,527,506,603
611,468,525,531,500,604
599,475,511,526,508,603
612,467,528,530,498,602
611,466,526,529,502,600
611,467,526,529,499,602
601,472,512,523,511,595
606,476,524,520,513,600
610,474,524,525,508,605
613,472,530,516,511,603
614,460,529,527,500,598
612,475,521,522,507,603
611,474,526,518,513,602
610,472,524,522,508,602
609,472,526,531,500,604
607,471,523,524,509,601
615,472,528,517,508,602
614,471,529,515,510,601
611,471,526,529,499,601
608,477,523,525,505,601
606,461,520,525,509,593
609,472,529,518,511,600
609,474,523,530,501,603
610,475,522,524,503,604
615,473,526,518,510,603
612,469,528,529,501,602
608,463,523,524,507,593
602,477,515,530,509,603
604,478,516,529,508,598
604,465,521,526,513,596
612,474,527,516,509,603
613,466,530,530,498,600
614,472,528,517,509,604
603,475,517,530,501,604
609,479,524,524,508,602
612,474,526,518,507,602
610,477,523,523,506,602
611,474,524,529,501,603
614,464,529,528,499,600
604,475,517,528,510,602
613,473,529,517,510,602
614,473,529,518,508,603
610,466,525,522,506,602
609,455,526,526,509,604
599,474,512,527,512,592
603,478,516,529,511,604
612,469,527,529,501,601
611,472,526,517,513,603
601,473,512,527,513,591
612,472,526,517,511,600
606,474,527,519,512,602
612,472,524,522,507,606
609,474,522,526,505,605
614,468,528,534,498,603
597,473,515,528,512,597
607,461,523,521,508,595
596,470,514,528,512,595
616,470,528,516,511,602
601,473,513,527,511,596
600,469,514,529,512,597
600,463,519,528,513,594
607,476,519,525,507,604
616,471,530,517,508,603
615,471,530,516,513,605
615,467,529,519,509,603
614,462,530,528,503,596
612,472,528,516,511,600
599,476,513,529,511,600
602,476,515,530,508,604
612,473,526,517,511,601
609,474,524,530,501,604
608,477,520,525,508,604
609,471,528,516,511,599
610,475,526,517,512,600
614,461,529,527,502,597
604,462,522,526,507,593
611,475,525,519,513,601
615,474,526,520,510,602
615,473,524,512,512,599
615,471,529,517,509,602
604,476,517,526,510,605
610,471,522,520,509,601
612,472,529,515,511,603
597,474,512,529,513,592
616,468,528,518,510,602
604,476,516,529,509,604
610,478,524,525,506,604
609,474,525,520,511,602
611,473,526,512,511,601
610,474,524,527,504,604
610,471,526,527,501,595
607,476,525,529,506,605
605,474,525,526,503,604
612,472,523,520,509,605
609,477,523,531,503,605
613,472,530,516,512,605
603,470,513,528,512,592
613,476,528,524,508,603
612,470,527,528,500,602
609,478,521,523,508,604
601,477,513,531,512,594
611,459,526,527,506,595
614,471,524,526,497,599
607,474,527,517,512,601
614,467,528,529,499,599
600,474,512,529,511,598
605,463,520,526,513,598
604,460,519,526,514,597
611,476,522,526,501,603
607,473,527,518,513,602
598,471,513,528,511,595
603,467,515,526,513,594
603,467,514,526,513,594
609,478,525,523,510,601
615,466,528,530,500,598
605,477,516,529,510,602
602,472,513,527,512,597
606,472,525,529,500,602
606,476,523,527,508,604
606,476,520,527,510,604
607,460,522,524,510,593
612,463,528,526,503,595
612,476,524,525,510,602
604,476,520,527,507,604
606,465,518,526,511,594
604,477,518,529,509,601
610,461,528,528,501,602
607,476,523,527,508,603
613,469,528,528,499,601
608,464,530,528,499,599
609,462,524,526,507,595
609,476,519,527,510,605
612,471,526,530,496,600
608,463,525,526,507,592
614,473,529,517,508,602
607,475,527,529,499,603
613,457,529,529,498,595
610,476,524,519,512,599
610,474,526,529,500,604
609,476,524,528,507,603
611,474,526,517,512,601
611,461,525,525,507,593
612,468,527,530,500,602
616,472,529,517,508,602
616,473,528,517,513,602
613,464,528,528,500,597
606,477,520,527,513,599
608,472,529,519,509,602
599,472,512,526,508,604
608,476,522,525,507,604
605,478,517,527,508,604
614,460,528,528,502,596
611,476,524,525,504,602
610,472,526,529,501,605
611,460,526,524,505,593
614,472,529,516,508,602
602,467,513,525,514,594
611,474,527,516,511,601
612,474,529,514,511,600
610,478,521,527,509,604
600,467,513,526,513,595
611,473,528,516,512,601
613,461,527,526,503,595
601,470,513,529,506,597
609,475,524,529,505,603
610,476,524,529,505,603
614,470,528,516,511,602
615,461,529,528,501,597
615,474,524,523,506,603
603,477,514,528,509,602
615,471,527,515,511,601
609,475,522,516,511,601
610,475,525,522,508,605
610,474,524,522,508,602
612,475,523,516,512,600
603,472,511,525,511,603
611,461,527,528,506,598
616,474,527,518,513,603
610,461,524,525,508,594
605,471,515,526,512,594
613,471,526,516,512,604
608,477,524,530,503,604
616,471,527,518,510,603
610,474,525,533,500,604
604,475,524,520,512,600
610,469,529,529,499,600
599,479,515,529,509,604
611,474,525,530,501,604
615,473,530,517,510,603
602,468,513,527,512,594
613,472,528,515,512,601
605,478,512,530,509,605
606,462,518,525,513,595
604,464,521,524,508,594
610,475,523,531,501,603
612,478,524,524,508,604
610,469,528,519,509,601
615,474,526,521,508,603
613,472,529,515,511,600
614,476,524,530,502,603
607,475,524,528,513,592
611,475,521,519,510,601
608,477,522,528,505,602
611,460,527,525,506,593
611,472,528,516,511,599
612,473,524,522,511,603
603,478,513,530,510,599
606,477,521,527,509,602
604,477,518,530,511,605
600,475,511,531,510,604
603,470,514,528,511,596
605,477,517,529,508,604
615,459,529,528,495,598
614,469,529,529,501,600
614,474,529,515,510,602
609,475,525,528,500,603
611,478,524,521,511,601
605,463,521,526,510,593
614,474,529,512,511,601
607,477,524,528,504,605
601,470,514,527,512,594
604,480,515,529,510,605
615,460,527,529,502,598
611,461,525,523,508,591
612,463,529,527,503,598
601,472,513,531,511,599
603,463,518,526,513,598
613,473,527,518,511,599
613,473,527,515,512,601
609,472,527,519,510,602
603,468,514,524,512,596
600,473,513,529,512,596
615,463,527,527,502,595
604,467,519,525,511,593
612,471,529,516,511,601
614,463,528,528,502,597
615,473,529,516,509,602
612,474,526,519,511,599
611,471,527,530,499,603
601,471,512,530,512,595
602,477,513,531,511,600
616,461,526,529,503,596
610,463,524,519,507,591
614,461,527,527,502,596
614,468,527,528,499,599
600,473,514,531,510,598
613,467,528,529,497,601
607,463,519,525,507,593
614,462,527,525,502,596
603,473,513,527,512,595
611,471,528,516,512,602
605,465,518,527,509,593
613,471,529,516,511,604
610,475,525,520,513,601
612,461,526,525,501,594
609,477,524,521,509,601
614,466,529,530,501,602
613,471,529,515,510,601
611,473,527,516,512,601
601,473,513,527,514,593
609,476,527,516,508,600
614,475,527,511,512,600
603,477,516,530,510,605
613,472,528,518,510,601
611,476,524,530,500,603
613,471,528,518,507,599
614,472,529,518,510,602
613,469,526,529,499,601
608,478,523,522,504,598
613,467,528,529,501,600
609,475,525,522,511,601
616,473,529,518,510,604
613,472,528,516,508,603
615,467,529,519,509,604
600,471,514,530,512,594
601,473,513,528,515,592
614,464,528,530,496,600
611,459,529,526,501,598
609,476,524,527,508,603
612,474,526,531,500,603
609,476,528,527,501,603
610,477,524,519,511,601
611,472,530,517,509,603
610,475,524,526,504,601
611,476,524,522,511,597
607,479,524,526,511,601
613,461,527,525,503,597
604,465,521,524,514,598
611,477,525,526,508,601
610,476,523,526,508,604
611,475,528,515,511,600
609,474,524,522,507,605
610,476,524,518,511,600
606,475,520,528,510,606
614,474,533,517,510,601
602,465,515,527,514,594
614,472,528,517,513,603
610,477,520,527,509,605
609,476,525,527,503,603
612,472,525,529,499,604
611,463,529,527,499,600
610,473,520,524,511,601
601,468,525,524,508,604
605,459,518,526,508,591
608,461,521,525,507,593
609,476,524,522,509,600
611,460,527,527,504,595
614,472,528,515,512,601
609,461,524,525,502,593
613,473,527,515,510,602
609,476,526,528,509,604
612,462,527,527,501,595
600,476,512,528,512,593
613,473,529,515,510,601
611,462,527,527,503,598
597,466,519,527,514,597
611,479,527,526,504,604
608,478,522,527,510,605
600,474,513,530,511,600
598,474,513,530,514,592
610,475,523,521,511,600
611,472,526,530,504,603
602,463,514,528,512,594
600,477,512,529,511,599
614,476,530,518,508,603
612,472,527,516,512,606
613,474,527,515,511,603
609,476,525,521,511,599
608,477,519,528,510,604
610,477,525,523,510,602
613,464,528,529,500,599
610,476,524,519,509,600
600,473,513,527,512,593
606,477,519,527,508,605
610,473,530,523,510,603
611,470,526,532,502,603
612,462,528,526,503,596
601,474,512,530,509,603
606,456,520,526,511,594
609,474,527,530,501,603
615,474,527,516,512,601
613,474,526,513,512,602
605,464,519,526,511,593
611,476,523,526,506,604
601,467,510,530,505,604
609,475,520,526,506,605
614,474,528,513,512,600
614,472,528,516,511,601
601,469,513,527,512,592
612,462,526,526,505,594
603,463,520,526,514,598
613,471,529,516,511,602
612,462,528,527,502,597
614,466,527,530,499,601
613,473,530,516,509,600
608,478,524,524,506,603
612,473,526,512,511,600
611,461,527,526,503,595
614,472,529,517,512,601
610,477,525,523,508,604
611,476,526,515,512,602
612,471,527,517,513,605
606,463,518,526,513,590
602,467,513,527,514,592
612,468,525,515,512,600
614,463,529,527,501,599
601,477,515,529,510,599
603,466,517,526,513,594
609,478,523,520,510,601
605,478,517,527,510,604
608,470,524,529,501,601
609,460,526,526,507,593
604,468,515,526,513,594
601,469,510,529,507,603
609,476,526,528,511,602
614,474,529,517,510,603
609,475,521,530,503,601
612,462,529,528,501,599
612,475,526,521,511,600
612,474,529,517,510,602
607,463,519,525,512,592
616,472,529,516,512,605
613,471,528,529,499,599
603,472,511,525,511,600
603,464,521,527,510,592
604,480,513,530,509,602
613,472,527,519,509,601
600,468,516,526,509,593
598,475,514,529,511,599
615,473,529,518,509,604
609,471,519,528,501,604
610,477,523,524,510,602
614,473,528,515,511,602
609,464,520,525,512,595
611,461,525,525,506,593
608,477,524,526,507,602
609,474,523,523,508,604
612,471,528,516,511,601
601,473,512,522,513,590
605,464,518,526,505,600
609,477,526,525,510,604
611,472,528,516,512,600
616,471,530,522,510,602
612,460,525,528,507,595
604,477,518,531,510,608
610,472,527,522,509,604
613,475,521,519,507,603
616,468,527,530,500,602
614,474,530,516,510,591
602,468,513,530,513,592
610,476,524,524,510,601
613,475,529,523,507,603
615,472,529,515,510,601
609,478,523,522,509,601
602,477,513,527,509,602
608,476,519,528,508,603
608,479,525,524,509,602
614,476,525,524,507,604
608,463,521,524,508,593
608,477,523,529,505,603
611,472,527,530,501,604
612,473,527,517,511,601
603,478,514,529,510,601
614,473,528,516,512,601
608,476,522,532,498,601
607,456,518,524,507,592
603,477,513,530,511,599
606,461,522,525,510,593
614,472,529,517,511,601
612,473,525,532,499,604
601,473,513,527,511,598
608,475,524,520,509,601
612,474,525,518,511,603
616,472,529,516,511,602
611,478,522,523,508,602
610,477,525,524,509,602
613,463,529,530,499,600
613,472,527,515,511,602
609,478,523,527,506,602
609,470,521,531,504,600
609,476,521,525,508,604
613,470,527,514,510,600
606,477,520,528,510,605
611,473,526,517,510,599
606,476,524,519,512,599
609,476,524,526,505,604
603,461,526,525,505,591
603,477,517,529,509,604
613,470,526,530,499,601
611,474,524,530,503,604
612,476,526,521,509,603
614,473,527,516,511,602
600,473,512,528,507,598
603,473,514,529,512,598
608,462,525,524,504,596
609,478,522,526,508,601
615,471,526,531,500,604
609,477,523,528,507,602
608,461,520,526,509,593
613,472,528,515,511,599
613,472,525,525,507,594
611,473,525,530,500,603
602,472,511,526,509,605
602,469,513,528,512,594
603,465,520,527,513,596
610,476,524,526,507,603
606,466,519,528,512,594
610,475,525,521,507,604
604,465,514,528,513,593
601,473,529,520,508,603
612,472,527,518,508,602
611,476,524,522,509,603
607,478,519,528,508,604
611,479,524,526,506,603
606,464,520,524,507,593
611,470,527,531,501,602
610,474,528,517,507,602
608,480,521,525,504,606
613,471,526,532,501,602
615,466,527,529,498,601
609,476,522,525,508,604
607,476,525,531,500,602
612,463,528,528,499,600
613,468,527,530,499,601
599,477,512,530,510,599
610,477,524,521,510,602
616,475,520,523,508,604
602,475,512,529,514,594
615,463,527,527,502,598
613,473,528,516,512,603
611,477,527,518,511,600
601,468,517,527,516,596
613,475,527,518,510,602
612,460,527,529,499,601
611,474,524,530,500,603
608,477,525,530,504,604
611,476,525,530,501,604
600,478,512,530,510,600
606,467,519,525,513,597
606,465,521,526,510,592
608,463,524,526,510,594
602,467,515,527,513,594
609,464,524,526,510,592
600,479,512,529,511,598
609,480,522,523,509,602
612,465,529,528,501,599
611,462,526,527,504,599
613,472,527,516,513,604
608,477,516,528,509,605
610,475,524,531,499,600
609,473,525,529,499,603
608,462,525,526,503,593
610,475,524,530,500,602
604,465,519,525,509,592
609,479,523,521,509,601
608,477,523,528,503,604
614,472,528,517,510,602
612,472,528,530,500,603
610,479,524,524,506,602
609,476,524,528,501,604
613,462,528,529,497,595
600,477,513,525,509,599
610,477,524,529,500,605
601,476,513,530,516,594
611,477,526,517,512,601
608,479,523,525,505,606
611,462,527,527,504,596
608,477,521,525,509,604
613,471,529,517,511,600
609,478,519,527,508,604
611,479,524,532,505,602
609,478,522,524,504,603
605,466,520,524,511,593
608,463,522,526,507,592
615,464,529,529,500,599
611,461,527,525,506,594
601,479,512,529,511,602
612,479,514,530,511,600
612,472,528,516,512,601
601,469,516,525,512,594
612,464,528,527,506,596
611,473,526,522,507,604
611,461,524,525,504,593
600,479,514,530,512,601
614,476,528,518,509,604
609,478,524,530,501,607
611,476,524,521,509,603
610,478,525,522,510,600
599,475,513,530,510,599
613,477,521,513,510,598
613,475,524,523,507,604
615,470,527,530,500,601
602,472,513,527,512,595
612,474,528,517,512,604
611,464,527,528,503,597
607,465,524,524,510,594
612,474,525,517,512,601
604,461,516,525,508,593
614,474,529,519,510,601
604,477,523,529,503,603
612,470,526,529,498,604
613,469,527,530,500,603
610,478,523,523,509,601
614,473,529,516,511,603
608,465,522,525,508,594
612,462,523,524,504,595
615,464,528,529,500,601
610,471,523,520,512,602
612,474,526,517,512,600
608,479,519,525,510,605
614,462,528,521,503,594
610,476,522,514,512,602
606,466,520,525,510,591
596,475,514,529,512,594
614,466,528,528,501,599
611,474,525,512,513,604
608,476,522,524,509,605
614,464,529,528,503,597
610,477,523,531,506,603
609,476,522,527,507,604
611,476,529,523,508,603
599,474,513,527,512,594
613,469,528,528,513,592
609,466,523,524,509,594
615,468,525,524,510,603
613,463,528,523,509,594
611,473,526,531,499,601
608,474,524,529,505,603
609,479,525,520,511,600
610,475,523,526,508,605
612,462,527,530,501,598
613,457,528,529,502,597
608,479,522,527,505,602
612,475,524,530,499,604
609,481,519,521,508,600
611,463,527,526,502,599
615,473,533,516,511,602
615,472,528,515,512,600
605,467,517,527,513,595
612,472,526,530,499,602
612,475,524,522,509,604
609,477,524,531,502,604
596,480,512,529,511,600
601,471,511,530,509,604
613,472,528,528,500,602
613,474,528,517,510,600
602,472,514,527,513,592
608,480,516,529,509,604
610,476,522,525,508,605
615,475,528,516,511,602
604,480,517,531,510,600
601,475,513,530,511,599
602,478,515,530,508,604
610,478,524,530,507,601
609,478,520,528,510,604
605,479,519,529,508,604
601,468,513,527,513,596
615,463,528,528,500,597
607,465,523,527,505,596
611,479,523,523,508,601
609,474,527,519,511,601
615,477,526,521,501,604
604,478,518,531,512,598
611,473,521,526,505,603
603,465,517,527,511,593
603,470,511,527,512,589
614,472,529,516,510,602
600,470,513,527,512,594
616,477,527,521,510,601
601,477,512,529,514,594
614,477,522,524,508,604
601,480,514,529,510,603
612,475,525,518,511,599
610,480,521,528,508,603
610,476,523,529,501,603
612,464,525,527,503,594
611,476,524,521,512,602
603,473,514,528,511,592
613,474,526,530,499,602
604,469,517,527,511,595
610,477,526,519,512,602
612,463,528,528,506,596
608,470,527,532,500,600
615,469,527,528,502,600
605,479,524,528,504,604
604,466,520,528,514,597
607,463,526,527,504,592
604,467,519,526,513,598
610,476,526,529,501,603
602,465,517,526,513,592
613,473,528,517,510,601
614,465,528,530,500,597
611,457,529,526,504,597
612,467,529,529,500,600
611,461,527,528,503,598
593,474,514,532,512,593
615,474,531,518,508,603
598,480,513,531,512,600
609,473,523,528,503,603
600,471,515,527,511,594
603,480,514,532,511,603
615,472,524,516,510,601
606,477,526,530,501,604
612,475,528,520,508,604
608,477,522,525,509,607
608,465,518,525,513,596
602,468,517,523,509,594
612,474,527,519,509,603
603,479,515,530,510,599
601,480,515,530,509,601
612,463,529,527,503,596
600,477,512,530,512,593
611,475,524,528,500,603
599,473,513,527,512,593
609,476,526,520,509,601
612,474,527,530,499,602
599,474,514,527,512,596
613,472,529,517,510,601
613,458,529,525,495,598
613,476,525,522,509,603
602,471,515,526,506,600
615,467,530,512,512,602
614,476,527,523,510,603
609,471,529,530,499,601
612,475,527,515,513,602
608,479,523,529,506,602
604,480,517,530,508,604
614,469,527,530,498,602
607,477,524,526,506,604
600,467,514,526,512,593
604,480,518,529,508,603
601,478,513,530,511,600
613,468,526,516,510,601
606,477,518,526,508,604
611,477,525,518,509,601
614,463,529,528,504,597
612,474,527,515,511,601
612,463,529,525,501,596
608,480,518,528,508,605
611,474,529,516,511,600
600,476,512,529,512,593
609,480,526,522,510,599
611,479,524,529,500,604
615,463,527,527,503,595
601,474,514,526,512,595
610,480,526,527,506,603
612,477,528,517,512,602
610,475,526,529,499,603
606,477,522,524,506,602
606,463,525,525,507,593
603,478,518,527,508,603
614,473,530,528,500,600
609,477,525,523,508,605
611,461,527,526,504,595
610,479,523,526,503,603
