=~=~=~=~=~=~=~=~=~=~=~= PuTTY log 2023.11.02 23:35:49 =~=~=~=~=~=~=~=~=~=~=~=
529,484,657,628,538,563
515,489,659,624,538,569
513,480,648,627,541,566
524,488,664,620,536,568
520,489,659,624,537,563
521,492,659,620,537,566
515,489,645,627,543,558
509,503,648,627,542,559
518,482,659,622,533,568
513,508,657,619,537,567
513,504,661,615,541,566
516,513,649,618,541,563
506,507,648,614,545,559
509,523,662,608,544,569
507,516,659,614,542,561
511,532,664,601,545,569
503,527,658,611,545,571
510,533,661,608,543,567
512,518,665,616,533,569
502,534,651,614,547,568
503,519,665,617,532,572
508,532,661,620,532,568
512,521,663,619,532,571
509,534,655,617,543,565
504,521,665,617,535,570
514,536,665,608,543,573
511,545,650,623,547,570
516,533,650,621,544,560
516,542,660,616,543,571
507,545,652,624,545,563
507,548,644,618,544,561
516,540,662,616,539,571
506,545,656,624,547,561
505,548,661,626,545,561
516,552,666,612,549,571
513,535,657,624,541,569
510,538,662,628,539,570
521,536,662,630,535,570
519,548,664,616,542,569
513,540,661,627,540,566
518,543,665,619,545,573
526,541,662,624,542,574
525,544,660,629,540,570
526,537,660,628,539,569
526,546,660,626,539,566
527,533,652,632,539,568
524,544,652,633,546,563
524,532,660,628,543,576
514,545,660,630,545,566
524,550,665,622,547,570
527,549,656,633,541,572
523,547,653,635,543,568
522,534,661,630,539,570
527,534,665,635,547,573
515,549,648,636,544,565
515,546,659,634,547,563
524,549,666,623,544,571
522,535,663,634,542,563
528,548,654,637,536,574
525,548,652,638,546,568
527,545,665,631,535,575
513,545,658,634,548,575
531,549,660,636,544,574
520,546,660,629,548,576
524,553,651,626,544,572
527,554,666,625,546,576
513,560,651,636,547,567
524,558,666,624,547,577
529,554,666,631,542,577
526,550,660,641,538,578
511,559,652,636,548,570
525,554,666,624,545,579
517,560,650,637,548,569
525,555,668,627,547,581
524,556,652,638,549,579
521,548,649,641,546,572
524,558,656,635,542,581
527,544,665,638,533,580
527,560,661,636,542,579
515,560,660,627,545,577
526,544,666,638,532,582
526,558,666,621,541,582
514,561,656,638,546,570
530,557,664,631,543,581
523,561,652,633,541,577
524,561,662,628,546,579
529,547,653,638,533,583
524,557,666,625,546,581
527,543,650,640,546,582
530,546,660,636,535,582
531,545,663,640,533,581
526,558,660,638,539,578
519,561,649,639,547,572
534,546,663,638,532,583
530,544,666,636,539,571
534,555,659,636,537,581
534,554,666,640,534,584
529,558,662,634,544,579
523,560,649,639,545,583
533,555,657,636,539,579
537,542,662,641,548,572
525,545,661,639,534,579
535,534,665,637,534,581
527,542,655,636,543,572
535,528,664,638,534,582
536,545,663,626,546,580
544,533,657,636,538,579
540,529,653,632,543,577
538,529,660,633,535,579
539,512,660,639,529,576
538,519,659,638,528,575
541,522,663,638,539,572
543,513,646,633,537,578
537,514,647,637,529,581
543,509,661,627,540,579
532,512,646,640,539,581
544,509,659,642,526,577
544,507,662,627,539,581
539,510,661,628,540,579
530,512,648,639,540,571
535,507,659,643,527,580
534,509,663,628,541,579
531,508,657,641,540,570
544,499,663,644,529,580
544,496,649,637,538,571
542,507,660,633,542,575
532,506,650,646,539,574
546,500,664,632,540,582
540,499,660,640,537,582
533,499,647,647,540,572
541,482,658,634,542,581
532,499,647,651,541,570
543,482,663,647,532,578
546,492,662,636,542,580
538,486,661,651,539,573
542,494,659,650,532,580
544,496,652,650,543,569
533,489,643,652,542,570
543,496,660,650,539,578
535,496,653,653,539,577
543,480,663,653,538,580
547,489,664,643,541,582
543,489,661,659,541,572
541,489,657,657,535,572
537,477,652,657,538,573
543,484,660,659,530,581
534,487,649,659,544,570
541,492,658,662,534,581
546,491,665,660,531,581
531,491,650,647,540,577
544,474,663,663,529,580
542,486,661,661,530,582
542,489,663,662,526,582
541,488,661,653,540,582
543,487,654,648,541,581
544,479,660,662,532,581
531,484,648,659,543,570
536,484,653,657,535,578
540,485,659,659,543,571
531,483,664,661,539,574
535,486,661,653,539,582
541,470,659,657,541,574
537,488,657,663,529,579
532,488,658,660,531,577
543,484,664,647,543,579
541,488,656,660,532,577
542,471,662,660,536,578
541,472,659,653,540,575
545,485,663,650,541,579
532,481,661,657,538,578
540,488,657,662,534,577
545,485,662,648,543,577
543,478,663,659,534,578
540,476,652,660,530,575
531,475,648,662,542,577
533,466,646,658,539,569
537,461,649,658,545,569
534,472,651,660,540,577
535,451,654,656,547,572
541,460,661,660,540,574
547,452,651,661,544,569
544,457,659,650,543,577
533,457,655,656,538,576
539,443,654,656,542,566
530,451,650,658,540,565
540,433,662,658,532,575
537,447,658,661,535,572
538,444,654,650,539,573
537,446,657,656,531,572
542,429,662,656,531,576
537,444,659,658,527,572
532,422,648,649,540,565
536,439,660,653,534,572
539,423,660,640,540,576
536,435,662,645,536,573
526,441,648,652,538,574
531,441,654,646,535,574
535,430,662,636,527,576
531,444,658,614,531,573
523,443,658,590,536,577
535,438,662,581,534,577
524,443,651,589,535,573
533,440,659,571,539,577
532,444,658,584,527,576
536,425,660,582,539,577
527,444,659,591,536,572
530,444,652,588,536,577
525,431,660,597,531,575
538,429,662,603,532,575
534,443,659,602,535,575
536,437,662,598,537,579
534,438,659,612,529,577
532,426,662,608,529,576
534,431,662,609,540,567
531,439,658,604,526,577
528,425,653,607,524,577
537,425,664,608,526,577
524,435,651,608,528,571
534,427,664,611,520,576
534,435,659,604,529,572
535,419,659,608,523,574
537,431,660,612,519,575
535,430,661,600,530,570
535,425,661,612,517,573
536,426,662,614,517,574
530,416,655,609,526,561
522,428,649,613,528,564
534,426,657,613,516,574
537,422,665,602,529,571
536,421,664,611,527,567
528,409,658,611,528,567
536,408,663,613,522,572
537,416,664,603,526,576
525,422,651,608,528,564
535,413,665,613,518,572
538,420,661,604,526,570
535,426,660,611,524,571
531,423,657,605,528,570
524,421,647,607,532,560
538,413,665,614,527,565
525,418,649,613,531,563
539,419,660,614,518,571
535,406,662,615,528,564
529,423,659,607,528,575
529,420,659,615,517,573
533,419,662,608,528,570
537,407,664,607,522,574
523,411,665,607,517,571
538,400,662,599,521,570
536,414,665,590,529,572
537,409,665,595,526,571
536,406,665,584,528,570
526,415,660,593,519,571
532,397,658,605,530,561
537,409,664,592,531,571
531,399,657,605,517,571
532,411,661,596,527,566
525,414,651,604,528,567
529,409,666,592,529,572
536,404,664,602,519,571
535,407,662,610,518,571
534,404,664,604,533,560
535,396,663,606,523,569
527,412,656,603,529,568
523,412,649,608,531,564
522,406,648,608,530,562
532,410,658,604,527,569
531,397,665,607,524,569
534,411,659,609,528,564
537,396,662,604,525,567
533,415,660,605,527,566
536,405,662,597,526,572
538,410,662,609,517,571
534,410,663,599,526,571
536,411,666,600,525,572
538,409,666,606,519,570
528,413,660,599,528,570
526,412,644,602,526,561
532,402,657,606,518,571
538,398,659,604,527,561
537,399,664,608,523,565
537,397,663,598,531,562
535,408,666,596,527,573
533,411,659,607,526,572
529,413,656,607,526,569
535,412,660,608,517,569
532,399,655,606,531,562
539,409,665,596,529,570
532,413,659,611,521,569
536,412,661,601,529,564
527,404,648,604,531,563
534,398,658,610,529,565
536,409,665,598,529,572
535,412,660,596,529,573
538,402,664,605,520,568
537,413,662,599,526,574
536,400,658,608,525,565
537,401,663,609,527,567
526,414,649,609,532,563
539,407,666,609,528,565
526,407,647,612,526,559
535,406,655,606,519,571
539,405,661,611,527,575
532,422,656,604,525,574
539,417,664,609,528,573
541,412,663,612,518,573
527,418,648,610,528,562
535,421,659,608,526,572
532,422,655,608,527,572
537,422,659,609,525,570
538,419,661,614,515,572
529,418,648,612,531,571
527,424,647,613,528,564
531,412,651,613,530,566
539,417,660,610,531,563
539,421,660,616,520,570
541,421,659,606,527,572
531,415,649,612,532,565
529,422,650,600,526,569
537,423,660,616,519,571
543,420,663,610,524,571
542,407,662,609,526,569
541,417,665,611,531,572
538,408,658,610,528,565
531,420,652,613,528,564
530,417,648,613,531,560
541,417,667,600,531,572
533,422,660,606,527,569
533,407,655,611,532,562
543,402,662,610,527,566
541,402,661,613,527,566
540,401,659,607,525,573
541,400,661,610,525,568
530,418,666,604,527,573
540,414,662,616,530,563
531,409,649,614,529,574
541,407,663,615,521,571
536,407,651,612,529,562
532,404,650,612,530,562
533,416,651,615,527,565
541,399,662,611,525,574
528,406,649,615,529,561
543,408,664,601,527,571
534,414,658,613,525,568
538,410,663,602,530,568
535,400,657,609,530,563
534,414,656,608,525,568
537,412,659,599,527,560
531,403,653,610,529,561
537,412,659,614,516,568
540,409,662,604,525,572
540,397,663,609,523,568
539,398,657,608,528,562
536,412,660,610,523,566
527,405,651,609,527,562
537,409,663,610,525,568
541,407,666,613,528,571
536,413,659,608,524,569
533,397,653,611,530,560
541,401,665,613,520,571
534,395,651,609,530,564
543,395,664,609,520,572
540,394,661,609,529,565
528,408,649,608,520,570
529,400,652,613,529,562
543,395,664,611,526,566
539,395,660,610,527,565
541,406,665,601,526,568
531,412,650,615,528,566
535,409,659,609,526,571
540,408,663,616,517,571
534,411,657,612,526,569
541,405,663,599,524,572
543,408,666,600,530,572
536,409,660,608,531,572
542,400,663,612,517,572
540,408,664,610,529,572
529,404,650,616,527,572
543,409,661,607,527,567
537,412,659,614,527,567
540,398,655,611,526,566
538,411,659,612,531,570
536,410,662,615,520,570
533,412,656,609,525,568
528,408,650,613,533,561
542,409,660,609,529,562
534,402,652,612,530,562
531,404,648,612,529,567
537,414,660,608,526,567
542,399,664,610,521,572
536,413,659,611,528,569
530,413,646,611,529,562
529,406,665,613,517,571
540,415,662,615,518,569
541,412,664,606,527,563
531,414,652,615,528,565
539,414,661,604,528,572
543,410,665,600,528,571
541,408,666,602,528,571
532,401,649,609,526,561
540,412,663,602,528,569
535,399,650,609,531,562
540,415,660,615,518,572
539,416,660,614,519,569
529,415,648,608,529,568
536,413,657,611,528,568
529,412,649,614,531,574
542,409,663,610,526,565
534,405,652,614,530,561
538,413,660,611,530,559
541,414,663,603,529,566
537,416,660,615,528,564
542,414,663,601,529,570
543,408,664,613,520,573
539,419,658,617,522,569
534,408,651,602,527,571
541,414,665,611,524,569
541,410,663,609,513,571
541,408,664,614,523,572
537,402,655,612,529,563
536,419,660,612,529,566
540,416,661,616,516,567
532,416,649,614,527,560
532,408,651,615,530,561
536,417,660,617,527,566
537,414,664,603,529,572
541,403,661,612,526,568
531,409,649,611,527,572
530,419,649,613,530,561
535,420,657,609,528,570
540,405,660,611,532,565
537,409,655,610,523,569
541,419,662,600,531,572
543,418,661,614,532,569
535,412,651,610,528,566
536,424,657,608,527,573
538,425,659,607,518,571
535,424,656,610,522,570
538,425,657,607,527,569
542,423,662,603,527,563
541,422,662,601,529,570
542,408,663,611,524,569
537,426,662,605,517,567
534,414,652,609,517,572
544,417,663,612,531,560
543,410,662,608,528,565
540,416,657,613,517,570
541,422,664,598,526,570
542,423,664,604,527,573
531,422,649,611,519,572
542,409,663,596,529,571
541,414,662,603,528,569
540,423,658,608,524,569
541,425,655,597,525,573
544,421,664,595,526,571
544,424,664,597,527,573
542,403,660,602,520,561
532,416,645,602,527,561
531,430,648,602,530,570
541,413,660,597,532,561
531,424,649,595,532,563
531,425,648,595,530,561
540,417,661,591,524,567
539,417,658,590,527,562
538,426,657,588,527,568
529,437,650,587,523,566
533,436,651,590,528,562
541,430,662,587,531,562
537,421,655,587,530,568
543,419,660,587,517,570
533,438,654,589,527,567
540,437,657,584,527,565
533,414,665,583,519,570
541,422,658,581,517,560
540,432,661,586,514,571
541,422,662,577,525,566
538,436,657,577,523,569
536,422,654,575,525,569
542,430,660,574,520,571
543,435,658,562,531,569
530,432,643,570,527,570
535,434,656,557,525,568
533,434,654,555,526,569
541,429,655,560,520,570
540,432,651,561,520,572
536,437,647,559,533,570
540,437,646,550,526,569
528,437,633,559,530,563
536,437,645,561,531,562
536,440,644,555,523,570
537,439,646,555,527,569
540,435,646,551,530,569
539,433,648,563,517,572
542,432,649,547,532,571
531,426,634,561,531,561
538,435,646,558,526,562
540,422,649,564,525,569
540,429,649,552,532,571
540,418,640,555,524,568
535,436,647,564,519,569
540,420,635,564,532,572
528,433,635,565,528,560
537,433,645,563,523,570
541,426,649,553,529,572
540,428,648,554,528,574
528,433,638,566,526,564
538,431,647,556,531,569
525,429,634,568,530,563
538,417,648,563,524,570
536,433,645,567,520,569
527,433,628,568,529,565
528,423,634,566,532,561
533,432,644,564,531,572
536,412,646,563,531,565
538,413,649,564,526,569
531,430,642,553,520,573
538,429,651,560,525,570
533,432,649,571,525,561
539,410,653,566,523,570
525,433,641,569,529,565
528,420,640,566,527,562
529,430,648,566,533,563
537,432,650,564,528,568
535,429,656,559,530,570
528,433,642,574,531,561
535,432,653,573,528,563
525,429,641,572,535,561
537,432,651,567,529,568
535,416,652,570,530,568
537,431,654,573,530,567
527,427,643,573,533,561
538,428,645,570,521,569
539,421,658,574,519,572
523,435,645,574,529,568
533,430,660,562,534,575
523,438,648,574,530,565
525,416,659,568,524,569
530,426,660,578,521,571
529,426,660,577,523,562
526,428,657,579,523,571
519,433,657,567,532,571
523,435,662,567,530,573
525,436,646,579,536,560
523,436,659,572,522,572
512,439,646,582,521,572
522,431,658,573,535,568
526,430,660,582,522,570
521,436,657,578,532,564
523,437,658,575,532,567
512,437,647,584,534,563
524,427,656,574,534,569
521,423,656,578,523,566
522,438,657,583,527,567
513,442,649,583,533,572
523,438,658,582,523,569
523,434,660,583,521,570
522,437,658,582,525,568
517,434,647,580,535,569
524,433,658,576,532,572
517,427,654,580,535,562
518,438,658,587,528,569
524,422,662,581,522,569
519,422,655,580,534,564
524,423,660,579,532,566
525,424,661,580,529,567
512,440,648,584,521,565
521,438,658,572,524,568
524,435,664,571,533,572
524,436,661,572,535,569
523,439,661,571,534,571
512,444,651,585,532,562
520,440,660,579,528,570
526,436,661,571,533,570
516,436,647,581,523,560
520,443,657,579,526,567
514,446,655,581,531,567
524,437,662,583,521,570
525,423,663,582,522,570
513,436,648,582,533,559
509,436,648,581,536,561
521,446,659,583,525,567
520,444,660,577,533,561
514,441,648,581,534,561
522,446,658,582,529,568
525,428,662,582,529,569
523,441,660,578,534,570
518,429,655,582,533,562
525,429,663,580,522,571
518,430,655,585,530,568
522,438,659,579,532,569
520,444,648,584,533,561
525,420,661,581,529,566
525,433,649,587,521,571
513,441,647,584,521,560
524,437,663,571,535,570
515,446,648,585,533,561
528,423,664,581,527,571
526,440,663,586,528,566
519,433,651,582,535,570
526,428,664,582,527,572
525,436,665,583,522,571
526,441,664,571,534,572
517,446,655,582,529,568
520,444,658,579,530,570
525,441,661,584,523,567
521,442,665,571,532,571
522,437,659,578,530,565
523,443,660,575,531,568
518,432,656,579,521,563
525,436,664,581,522,569
522,444,661,574,529,567
522,448,658,575,532,568
516,446,662,574,535,569
523,433,661,580,527,568
520,437,658,579,532,570
522,448,664,570,536,569
519,452,659,585,524,566
521,445,649,582,537,561
518,435,664,585,526,571
521,447,664,569,536,568
521,448,659,580,534,566
522,441,660,577,533,560
520,441,662,588,526,569
513,438,649,588,539,561
524,435,665,576,539,571
524,434,664,575,538,572
521,432,662,577,535,573
519,426,651,584,538,561
524,431,666,577,536,572
513,421,656,585,541,565
518,435,660,587,529,570
521,436,661,580,535,569
525,432,663,573,539,569
523,437,660,584,534,567
511,432,648,588,529,563
521,441,659,589,530,569
516,418,654,583,536,570
512,442,649,588,538,561
524,425,663,585,528,573
519,437,659,582,534,570
526,418,664,586,528,572
522,424,658,585,535,565
523,433,661,587,526,571
524,436,662,573,544,569
520,435,659,581,535,572
521,438,656,581,535,572
518,441,654,585,536,569
515,428,651,585,540,570
526,436,662,586,527,572
512,437,645,588,534,563
518,439,651,584,535,570
520,430,654,583,542,563
516,428,650,585,536,562
517,427,653,585,541,563
523,440,656,579,537,570
524,437,659,583,535,569
522,439,658,583,533,571
527,432,661,585,530,571
515,438,649,587,536,566
512,437,646,587,539,562
525,438,656,582,534,574
527,433,658,587,526,574
528,433,660,573,539,573
528,415,648,582,542,567
520,435,650,585,536,571
523,437,652,581,537,571
515,437,643,588,537,563
525,436,654,588,533,571
524,436,653,588,525,570
510,434,643,588,537,566
531,419,658,573,534,565
524,432,654,582,533,571
527,419,653,585,537,568
527,437,654,587,533,564
519,438,651,589,535,568
526,430,657,576,531,570
529,431,660,581,525,573
531,417,661,581,532,574
517,424,652,588,539,563
531,433,661,578,525,570
527,438,656,586,531,571
529,429,662,589,524,574
528,420,658,588,534,567
516,440,645,590,536,571
528,441,655,593,529,570
521,424,646,589,538,571
531,422,657,586,534,568
531,433,661,591,523,573
522,440,655,591,525,568
525,442,650,585,535,570
533,425,659,588,531,572
526,429,651,589,537,565
531,426,655,588,537,567
530,428,651,591,535,568
524,438,645,593,539,567
532,446,657,595,529,574
532,428,660,596,529,575
529,434,647,596,536,579
536,434,661,598,525,576
535,436,656,591,534,572
539,430,655,600,531,577
536,438,663,587,542,578
540,424,660,601,534,573
532,423,651,602,537,570
535,437,658,603,532,574
537,427,660,609,524,577
539,425,649,610,533,573
542,417,662,608,520,579
544,420,664,598,531,579
530,421,646,608,532,575
544,407,661,610,513,578
545,419,662,594,530,578
542,418,660,609,515,578
544,405,658,602,524,573
540,408,656,602,527,572
546,415,662,593,528,578
548,422,650,605,527,572
545,415,663,591,526,580
544,418,660,594,527,580
533,411,647,604,529,570
542,420,660,600,521,577
535,405,654,602,526,573
542,419,657,602,522,578
547,404,663,606,519,581
533,418,648,606,523,571
538,407,647,604,525,571
538,399,660,604,520,576
542,414,659,610,518,578
543,418,657,603,522,579
538,415,658,605,521,578
545,411,663,594,524,580
542,402,649,599,525,575
536,417,659,609,515,580
546,412,661,606,510,581
547,402,662,603,511,572
541,392,655,601,524,574
542,417,658,602,517,580
533,405,649,604,521,570
545,406,665,606,509,576
548,412,664,591,516,577
547,402,662,606,510,573
544,415,660,596,519,579
546,413,664,591,521,581
529,412,649,606,520,570
535,415,646,601,522,566
537,415,651,602,522,577
539,418,652,603,517,575
543,411,663,608,510,580
545,410,661,609,511,579
547,409,664,593,520,574
535,412,651,608,519,571
545,397,659,608,511,575
537,411,651,607,519,577
548,406,664,593,516,579
544,395,657,604,517,574
534,414,649,609,516,569
536,414,650,608,515,574
545,397,658,602,512,571
548,409,666,594,514,580
547,408,662,599,517,569
545,411,660,602,514,577
537,408,646,606,516,571
539,399,652,605,515,569
536,413,651,608,513,572
546,400,659,603,512,575
544,415,659,607,510,580
546,411,664,595,509,572
545,413,660,598,514,577
550,403,664,607,505,575
539,399,654,605,517,570
548,401,664,603,508,575
536,406,648,605,518,569
541,400,654,605,520,569
544,410,662,606,505,577
548,408,664,608,506,577
538,403,652,603,518,571
545,414,657,600,514,575
548,412,665,593,519,579
546,398,662,602,514,576
547,409,663,604,504,570
545,417,658,606,505,578
544,416,658,598,510,569
535,417,651,604,512,577
548,414,662,590,514,574
544,412,659,598,504,577
534,417,650,604,509,573
547,413,662,591,512,575
546,405,664,602,501,568
537,418,659,603,503,577
545,399,659,600,506,565
538,415,647,604,511,571
538,420,660,599,508,576
548,415,662,592,513,576
548,403,661,602,505,568
545,421,654,602,500,575
548,415,665,591,504,577
542,420,659,597,511,575
537,422,650,604,506,575
531,411,651,602,513,567
545,417,658,603,501,578
548,414,661,591,513,576
550,415,663,591,513,577
546,418,664,594,510,578
545,406,662,602,507,568
545,401,661,601,508,568
544,418,658,597,511,579
545,415,662,600,508,568
543,421,658,603,506,577
543,420,658,601,511,578
536,411,648,603,514,579
534,416,648,603,513,568
540,400,654,601,513,570
547,407,662,601,512,569
538,422,660,597,509,577
541,406,655,600,515,569
549,407,662,601,506,577
548,420,664,592,512,575
540,423,656,601,511,580
539,423,660,601,508,577
540,415,646,601,515,567
548,418,663,591,513,580
548,418,660,591,515,579
547,426,660,603,506,574
537,413,652,600,517,569
548,413,663,605,504,578
542,421,659,603,503,578
546,421,659,595,513,576
546,421,661,608,503,578
542,411,654,599,512,570
539,423,651,601,512,579
538,426,658,600,509,577
548,421,665,588,516,579
546,418,657,597,512,577
545,405,658,603,502,576
548,422,662,590,513,578
546,423,660,593,504,576
546,407,659,598,512,575
546,404,659,592,510,568
545,416,659,594,514,575
543,424,659,603,508,581
545,421,661,605,503,578
544,419,662,592,515,579
538,415,650,600,517,565
537,424,652,599,511,581
536,421,647,602,517,568
545,424,659,595,513,577
543,409,653,598,515,577
543,406,655,598,515,572
546,409,659,598,515,570
551,420,664,603,505,574
546,424,659,592,514,578
537,409,656,599,512,573
544,424,658,596,512,577
530,419,648,601,517,567
546,407,658,597,514,573
544,425,658,597,513,576
547,421,662,589,518,575
544,426,658,601,509,575
537,425,648,603,515,573
543,424,659,596,513,576
550,422,665,588,519,578
549,421,662,590,518,576
550,417,662,602,505,574
546,426,660,594,516,576
543,410,657,597,505,570
536,420,649,601,516,571
551,423,664,588,515,581
543,425,660,592,516,580
547,427,659,593,510,581
545,428,659,588,513,584
549,426,662,602,503,579
553,427,662,593,514,576
551,427,662,590,516,584
550,429,662,590,516,582
549,415,659,597,513,578
545,431,658,600,511,584
555,418,661,598,508,576
550,431,657,603,509,583
553,418,662,599,512,573
550,432,659,594,514,581
550,430,660,603,505,584
548,434,658,601,510,583
540,431,647,602,514,577
550,433,658,596,512,584
537,430,646,601,518,574
549,436,660,595,513,585
549,438,658,601,507,577
548,437,662,588,517,585
552,439,661,601,506,582
554,437,664,599,511,579
550,454,657,593,518,584
546,439,651,593,525,576
540,456,645,603,523,576
555,457,662,601,513,586
554,458,661,600,512,584
554,467,657,592,521,587
551,472,653,597,514,583
551,472,658,600,511,586
555,461,660,585,525,586
540,464,645,601,524,576
547,458,653,596,528,575
540,463,646,597,525,574
549,457,652,595,527,578
543,469,642,595,525,575
551,473,656,596,518,582
545,471,655,595,522,585
546,474,656,594,522,585
548,471,659,601,513,584
547,475,656,600,516,582
553,461,659,599,518,583
540,472,647,600,526,574
547,478,656,596,521,582
549,487,656,597,518,581
544,481,661,601,512,585
552,483,656,592,522,587
552,480,662,588,523,584
549,488,658,593,524,580
540,480,646,602,524,575
549,470,658,598,521,580
550,485,657,592,517,580
552,483,659,588,523,581
553,483,648,599,514,582
550,487,657,595,525,580
554,481,661,601,514,582
549,485,658,595,519,580
548,470,651,598,527,576
550,487,658,603,517,580
547,487,653,599,520,578
551,486,660,588,526,582
544,485,655,602,517,579
552,476,658,600,513,582
550,483,658,601,514,580
552,468,660,600,518,579
551,483,657,596,519,578
551,480,658,592,522,582
548,478,662,589,524,583
551,484,656,592,522,580
552,473,661,601,515,581
551,483,657,601,514,581
550,469,655,598,517,573
543,489,646,602,523,575
547,472,652,599,527,574
543,492,651,601,522,575
540,488,645,603,527,571
552,492,660,593,523,582
542,489,647,601,526,572
554,487,661,599,514,582
546,499,657,600,518,580
552,487,663,599,516,583
548,500,655,597,523,581
538,501,647,603,523,581
553,488,662,600,515,581
544,503,657,596,517,576
539,498,663,589,525,583
551,490,661,600,517,582
540,502,662,589,526,579
540,495,650,600,529,572
546,494,657,596,526,579
549,490,659,598,521,577
548,505,662,590,525,579
545,508,657,600,516,579
543,501,660,602,513,582
551,505,663,602,513,583
547,507,659,602,513,581
546,509,658,602,519,580
546,511,658,601,517,580
551,507,659,589,526,580
546,510,656,600,520,580
550,505,661,587,526,582
541,504,646,600,527,572
552,494,661,600,516,583
541,511,652,598,524,580
551,506,661,587,528,580
549,509,656,594,523,580
547,508,653,597,523,580
553,498,664,589,524,583
550,502,660,589,527,581
549,505,657,602,526,573
549,503,658,594,522,580
550,499,658,603,514,580
549,504,656,600,519,580
547,487,655,596,522,575
541,501,651,600,522,578
547,496,658,594,524,586
542,498,645,604,524,573
548,495,660,589,527,580
535,487,645,598,524,579
538,496,645,602,526,576
538,495,645,598,523,577
553,492,663,590,525,583
549,495,654,604,515,580
551,490,660,588,525,582
538,497,644,597,524,576
542,493,648,601,518,577
544,496,658,593,522,581
552,479,660,598,521,577
547,494,652,596,523,580
546,485,662,598,512,582
542,489,649,598,525,575
545,497,652,592,522,579
552,482,658,589,520,581
549,497,653,591,514,581
548,496,652,586,521,580
545,499,651,589,519,579
539,494,640,590,525,572
550,480,657,586,521,579
545,495,657,587,527,572
551,479,656,587,518,580
547,494,651,583,522,580
550,492,656,590,523,576
539,482,646,586,527,571
541,491,639,589,526,571
547,494,654,583,523,581
548,493,651,583,521,580
550,493,654,580,525,582
541,494,654,583,527,579
549,481,655,588,519,579
535,484,650,588,526,571
536,496,642,593,523,575
549,494,662,582,522,579
550,474,652,591,521,580
546,482,650,589,527,568
547,495,655,587,523,580
552,487,659,592,515,582
545,481,651,590,524,575
549,496,654,592,518,579
550,490,658,597,514,582
541,497,649,593,523,578
552,491,660,580,526,583
552,491,660,580,526,583
549,492,658,595,512,582
548,498,650,589,518,578
551,494,659,583,527,579
551,483,657,587,523,583
539,500,647,594,523,575
539,502,647,595,525,573
548,499,657,598,514,580
545,503,657,590,523,577
551,496,659,594,514,580
549,497,659,596,514,581
543,505,654,590,522,578
549,502,661,581,525,581
550,502,662,582,527,581
548,502,658,581,526,578
539,491,651,593,529,574
544,490,659,594,520,578
537,505,651,596,522,573
544,503,658,584,524,580
532,501,646,597,526,566
543,510,660,590,523,580
542,502,659,597,519,576
542,511,657,597,525,569
539,508,663,588,521,574
543,509,658,591,520,575
544,497,662,589,524,579
532,503,647,593,524,568
532,512,651,595,529,567
541,509,658,601,515,575
541,508,659,590,528,575
545,507,663,585,526,577
533,501,648,596,529,568
534,513,646,600,528,568
541,512,663,592,525,575
538,495,658,591,526,572
542,504,665,587,527,576
529,509,651,597,524,573
527,501,649,601,526,568
539,500,664,588,528,578
538,502,661,588,524,575
527,495,649,598,528,568
540,496,663,587,524,579
529,487,655,597,525,570
536,483,662,596,525,574
530,489,648,598,528,566
540,493,662,590,525,579
537,494,661,592,523,575
532,481,657,596,526,569
527,487,648,600,527,569
537,489,662,591,524,577
533,475,658,597,524,572
540,470,665,595,512,574
536,484,660,603,517,576
528,491,652,600,525,572
531,477,654,595,526,569
539,488,656,596,524,573
526,479,651,598,529,569
540,480,662,587,527,580
537,488,660,601,515,577
540,483,663,600,515,580
536,477,655,594,524,570
540,490,663,589,527,575
539,489,662,595,521,577
539,488,661,600,515,577
542,485,662,592,522,580
532,480,649,596,528,569
540,486,659,591,513,580
537,472,658,595,525,574
542,483,665,587,524,582
545,472,664,598,517,578
531,484,647,598,527,568
540,470,655,594,523,573
535,467,656,594,529,572
528,480,655,599,522,575
542,475,661,589,525,576
532,470,649,600,523,571
542,470,662,586,525,579
541,469,663,601,514,577
546,467,661,589,523,580
545,462,664,598,514,579
539,466,651,591,521,579
543,458,663,588,525,578
544,453,664,586,527,577
543,454,659,595,523,575
544,444,664,602,514,580
541,443,666,584,524,580
532,437,645,598,525,568
547,434,666,586,523,578
545,428,664,586,525,575
533,430,650,596,520,564
535,421,648,595,523,564
544,423,661,595,511,575
536,426,655,591,516,568
548,419,664,583,521,572
543,421,658,587,521,574
544,420,660,593,509,574
548,422,667,577,521,573
544,424,660,583,514,569
534,424,656,588,518,568
541,408,656,584,517,567
546,420,661,575,520,571
540,407,654,585,520,567
534,419,648,588,520,561
535,411,649,585,519,562
546,410,665,586,510,571
542,422,661,589,509,572
549,404,663,584,512,571
534,413,649,586,522,562
544,406,662,588,508,570
544,417,665,579,517,574
542,418,659,583,514,572
542,411,667,588,507,568
547,411,665,587,518,563
545,402,660,583,517,570
536,419,651,589,519,566
545,404,660,582,516,563
532,414,650,586,519,564
542,404,659,585,520,567
545,404,664,587,507,564
545,415,664,576,522,572
545,418,664,575,520,573
545,407,663,585,512,572
547,414,663,587,508,569
547,413,665,577,519,573
543,420,661,589,511,573
543,414,658,584,514,571
542,418,664,583,515,571
544,420,660,584,514,571
548,415,665,575,518,574
536,421,650,588,517,565
542,423,658,585,516,571
546,403,663,586,511,563
545,402,662,587,515,571
534,422,651,588,517,567
535,422,652,589,519,573
548,419,663,585,517,574
538,422,656,584,516,573
545,419,663,579,521,573
542,421,662,592,512,573
543,421,661,592,512,571
543,419,661,583,518,570
545,420,664,577,522,572
545,423,661,591,515,571
535,422,648,590,517,569
539,423,656,589,516,571
543,419,665,583,518,575
542,408,666,588,511,568
538,408,655,588,523,568
535,417,650,587,523,564
544,420,666,580,518,575
545,419,666,577,519,576
545,422,663,577,522,573
543,422,663,579,522,572
546,423,661,579,522,571
547,412,664,587,516,572
547,409,665,590,510,569
544,424,660,590,511,574
535,417,644,584,524,564
541,427,660,582,520,572
547,411,665,587,512,574
541,428,660,582,519,575
541,411,656,588,518,568
544,423,665,578,522,575
546,422,663,581,521,575
541,427,660,592,512,572
544,425,658,576,523,573
547,423,662,575,521,576
546,413,664,579,516,571
547,425,660,580,524,572
545,421,664,591,510,570
547,411,662,585,518,572
533,432,648,592,520,563
548,422,669,590,507,571
547,406,661,584,512,564
544,430,663,583,512,571
545,423,665,577,518,572
541,420,655,586,510,571
543,428,660,579,515,572
546,413,664,586,514,569
545,421,661,585,502,572
540,416,655,588,517,566
545,427,664,576,518,572
533,424,649,590,514,563
547,426,664,582,514,572
545,414,663,589,510,565
545,420,658,580,512,572
543,428,659,591,505,571
533,423,648,588,519,561
536,432,649,590,516,563
544,431,658,584,515,568
534,425,647,591,514,561
544,433,660,593,510,572
546,431,659,582,518,568
533,428,646,591,518,559
540,432,655,587,513,567
546,429,660,591,507,571
535,427,646,591,518,562
543,430,658,581,516,568
548,424,661,590,506,569
534,429,644,585,518,561
539,433,653,587,514,567
541,433,658,590,511,571
549,427,659,580,519,569
546,415,661,587,509,563
550,419,664,587,510,566
547,416,665,588,509,563
553,418,663,591,508,565
535,429,646,590,519,560
543,432,657,585,515,568
547,415,659,585,520,572
543,418,655,586,517,566
548,427,662,589,507,568
539,433,649,588,516,565
548,419,660,587,509,564
548,417,661,588,508,565
543,428,662,577,520,569
545,430,660,591,508,570
539,433,650,588,517,565
541,414,652,585,520,562
550,430,662,576,522,571
546,429,664,576,514,571
549,429,662,577,519,569
547,426,663,592,509,567
545,433,657,581,518,568
547,432,658,579,519,569
540,435,654,586,516,568
544,420,654,586,518,566
540,416,658,586,515,565
539,437,653,587,516,567
544,437,656,586,513,568
544,438,655,590,509,571
534,432,643,587,520,560
545,427,657,578,519,568
548,427,656,581,517,570
545,431,657,588,507,570
544,432,656,584,515,570
549,432,658,579,515,571
539,423,648,588,519,561
547,430,661,578,520,572
544,418,655,586,518,565
544,431,656,592,509,570
539,425,652,586,522,561
542,434,655,587,512,570
547,432,662,577,517,570
540,434,656,584,510,572
543,436,660,581,517,571
546,419,657,586,516,568
537,438,650,589,515,564
547,421,658,587,513,566
545,434,658,577,520,569
532,436,649,588,517,566
545,434,657,591,507,570
546,435,658,580,519,570
539,412,647,587,517,563
543,429,653,583,518,568
541,424,652,587,516,562
538,421,657,585,519,567
538,426,646,588,522,560
547,434,662,577,519,572
539,438,646,582,516,567
536,438,646,590,520,563
547,432,662,576,518,569
546,433,646,578,521,570
547,427,659,591,508,567
540,437,652,587,515,564
535,432,645,588,521,560
535,423,651,587,523,565
546,436,660,591,508,571
550,430,661,576,517,567
545,426,658,594,508,571
546,431,661,580,513,569
539,433,660,581,518,570
549,421,659,588,519,562
536,432,646,589,514,564
540,436,654,586,521,567
545,429,661,592,508,567
547,436,657,585,518,575
537,437,644,592,517,567
549,431,659,579,519,572
548,434,662,579,513,573
540,426,650,588,520,561
546,435,657,580,521,570
547,422,656,589,518,566
549,434,660,578,518,571
544,430,659,593,508,569
551,429,659,590,509,568
534,440,652,588,517,566
543,435,656,593,511,571
541,438,653,590,514,570
535,428,646,591,516,560
546,438,655,585,519,568
543,422,652,585,521,564
541,433,660,579,518,571
537,440,649,591,517,567
545,435,658,593,512,573
548,433,660,578,521,572
540,437,652,588,518,569
547,432,660,593,509,565
536,439,647,591,517,565
546,435,658,581,517,572
537,440,649,590,517,566
548,431,662,577,522,571
547,437,657,584,519,570
548,434,662,578,517,573
545,435,659,579,520,571
543,438,656,592,509,573
549,429,658,592,509,567
542,427,646,584,522,563
542,437,654,587,518,572
546,435,656,583,511,571
535,430,645,588,518,562
540,439,653,589,518,568
536,438,647,590,519,562
549,416,657,588,517,568
539,440,648,591,518,567
545,421,655,588,516,568
539,438,656,589,515,569
543,439,654,590,515,569
547,434,660,577,521,573
536,432,646,589,522,561
540,438,655,584,516,570
546,436,653,585,516,570
548,424,660,591,511,567
539,431,644,590,521,562
546,437,654,586,517,568
550,435,660,578,519,572
545,437,654,584,516,568
547,430,657,579,517,571
547,428,659,591,509,568
537,436,644,591,522,563
547,421,653,591,515,570
544,440,654,589,515,570
546,438,655,583,518,568
547,435,655,579,520,570
544,438,653,585,517,572
547,430,658,591,510,568
543,439,654,587,518,569
547,431,658,592,519,569
537,440,646,591,519,567
542,424,651,588,516,567
547,437,657,582,521,571
537,440,646,590,519,566
547,439,657,578,519,570
536,429,645,591,521,562
541,429,638,583,520,563
548,436,656,583,516,573
537,442,643,593,521,563
547,422,656,592,509,572
541,431,643,588,523,562
549,430,657,591,509,569
546,436,657,579,521,571
547,424,651,588,518,567
548,422,656,588,516,571
544,440,654,591,511,573
551,436,659,578,518,574
549,422,656,586,513,569
548,425,658,591,514,572
545,426,657,581,523,570
548,438,654,583,518,571
547,437,657,578,521,571
541,425,650,588,523,564
547,436,655,585,514,571
535,436,642,592,519,562
551,425,659,590,511,566
547,435,657,595,510,570
538,438,652,587,517,570
538,442,646,589,520,565
538,443,645,592,519,563
547,441,659,591,522,572
545,444,653,593,510,573
548,441,651,587,509,569
546,443,653,590,512,571
536,445,644,592,520,565
548,444,652,578,518,571
551,438,659,592,510,570
550,440,657,583,523,571
549,439,657,576,523,572
549,434,657,579,520,568
550,435,657,590,511,567
549,440,655,582,519,572
537,438,640,590,520,565
539,438,642,588,522,561
544,435,658,591,509,567
537,439,643,591,523,562
546,445,654,589,515,569
549,443,656,583,518,575
546,444,653,587,525,570
544,445,653,595,515,572
537,446,643,593,520,565
547,444,649,579,520,574
545,444,653,586,520,571
548,440,657,579,522,572
540,429,644,588,525,564
543,436,643,590,523,564
549,436,659,592,512,575
537,445,643,592,521,566
534,441,643,591,523,565
546,436,653,590,507,574
550,436,659,593,512,567
539,431,651,587,525,566
538,434,644,589,524,565
549,445,652,588,510,570
550,441,656,596,510,573
548,430,657,589,516,571
546,445,655,585,519,571
548,436,658,591,511,569
541,444,658,581,522,564
534,440,642,593,523,564
550,444,654,581,522,569
541,436,644,590,522,563
547,429,653,588,522,566
540,448,645,591,520,568
537,444,642,593,521,564
539,447,643,592,522,566
550,437,658,591,512,571
547,433,649,587,522,565
550,446,658,585,519,575
548,431,655,588,518,569
546,449,651,591,516,572
548,443,649,585,521,570
552,438,658,579,522,575
548,447,653,589,513,572
550,448,656,592,512,569
550,450,655,577,525,573
539,441,657,589,515,573
538,454,641,592,522,563
548,455,654,592,512,572
544,438,647,583,525,563
550,456,656,578,523,573
552,456,656,579,525,573
546,461,652,588,514,572
544,462,648,590,520,572
549,459,652,581,523,570
546,459,653,593,513,572
548,460,653,581,522,572
547,462,651,583,519,576
544,462,647,589,518,569
555,447,655,580,522,575
540,463,641,592,520,565
548,462,652,593,511,575
549,457,653,593,512,573
553,456,658,577,522,570
551,460,656,580,521,574
553,462,652,585,519,573
551,457,656,577,523,572
542,461,649,588,520,569
548,461,654,586,519,571
543,451,649,588,518,568
538,448,646,586,524,563
537,459,640,591,523,566
540,462,644,591,521,569
551,450,655,589,516,571
548,457,655,592,511,572
545,463,650,588,515,571
552,453,657,593,509,568
552,456,657,579,520,576
547,447,652,587,518,570
550,449,659,579,511,572
550,455,657,593,512,570
553,442,655,583,512,571
549,459,653,590,517,572
540,457,644,592,519,563
540,459,655,588,522,571
550,447,655,583,515,568
547,461,654,593,513,570
545,446,653,587,519,570
552,459,656,577,524,573
551,447,656,590,518,573
539,462,643,591,520,568
543,462,649,588,520,569
548,461,651,592,512,573
539,456,641,593,522,564
552,459,654,579,523,572
547,462,653,586,520,576
551,450,653,590,516,571
551,453,655,592,511,571
539,458,637,593,523,565
548,461,647,590,520,573
551,457,656,582,523,578
553,449,656,595,514,581
537,461,642,600,525,575
551,457,656,586,524,584
551,454,654,590,527,582
553,445,657,597,518,583
542,445,648,595,526,577
549,456,643,601,527,575
552,457,654,590,529,581
549,457,652,593,523,581
551,448,654,589,528,584
550,458,652,597,521,581
550,452,655,603,515,584
552,451,657,586,528,585
551,440,651,597,522,581
547,439,648,598,529,577
540,454,642,603,526,576
549,455,652,597,525,586
552,451,652,601,515,583
551,451,655,603,516,585
554,440,654,597,519,582
546,446,642,597,528,574
553,451,656,586,526,585
547,457,650,601,518,583
544,443,643,600,528,575
555,452,655,587,528,584
547,451,654,604,512,584
554,448,657,599,516,586
543,438,638,600,527,573
548,442,641,597,526,576
551,447,653,596,515,584
553,440,656,599,517,583
548,451,651,601,514,582
540,453,639,600,526,575
552,441,652,595,524,580
554,447,656,600,515,585
551,453,654,601,515,581
547,445,655,599,513,585
551,457,652,592,523,581
541,456,643,598,526,577
552,452,655,599,514,585
550,458,650,594,523,583
548,459,649,597,523,584
553,451,656,598,514,585
555,446,655,596,515,586
550,461,649,600,520,581
550,444,647,595,525,580
545,451,641,593,524,576
552,460,652,587,527,580
553,457,656,585,529,586
554,454,655,599,516,588
553,451,655,599,515,587
550,463,650,592,521,584
543,463,646,597,525,581
552,454,653,589,524,585
543,462,641,598,526,579
555,446,657,596,514,588
554,459,654,581,529,585
554,437,654,590,518,586
547,446,647,595,529,581
549,461,649,596,524,584
558,458,658,587,525,588
552,449,655,591,524,590
547,460,646,599,524,586
542,453,640,599,526,578
555,441,653,596,523,585
554,454,654,588,527,586
556,442,655,596,518,587
551,454,654,592,526,583
554,450,654,601,515,588
546,448,653,602,516,588
555,438,654,586,527,588
543,451,644,599,526,580
551,447,653,598,515,589
542,445,641,600,525,589
552,439,651,594,518,586
544,433,641,595,521,578
552,441,653,592,518,587
555,439,650,585,520,587
547,443,652,596,515,586
537,443,642,600,519,577
553,440,654,599,507,587
553,442,652,591,514,588
555,432,659,595,507,580
545,445,641,596,516,577
553,429,651,592,512,581
550,433,648,590,513,578
549,446,651,594,505,584
550,446,652,595,505,584
555,439,658,580,506,585
550,429,653,585,510,581
555,434,658,592,501,579
554,438,657,577,512,583
551,442,654,592,501,584
555,433,659,592,500,579
553,442,655,578,512,580
555,441,655,575,510,582
544,445,652,587,510,583
543,434,644,590,505,575
551,440,655,588,508,572
544,440,653,585,510,581
549,436,660,576,512,581
545,427,652,583,508,577
537,433,652,587,510,581
543,430,655,590,501,581
542,413,656,585,509,570
538,415,647,581,513,571
540,409,657,585,511,571
540,411,662,589,499,573
536,416,653,583,511,580
541,420,661,581,512,580
538,420,660,575,516,580
529,421,657,578,514,577
531,413,647,582,515,568
532,405,655,587,509,569
529,420,652,585,511,579
524,419,644,589,514,570
531,419,654,588,511,580
521,419,645,584,513,568
528,407,647,589,514,569
523,420,647,592,513,572
532,418,656,589,507,580
536,413,662,579,516,578
538,404,660,586,508,570
536,420,656,588,511,578
536,416,660,577,514,578
529,420,650,590,512,574
536,420,657,585,511,579
535,417,658,580,515,578
534,418,662,577,515,577
533,418,660,581,515,579
537,417,662,579,512,581
536,416,660,589,502,576
538,408,661,593,503,580
536,421,659,580,516,577
533,408,652,589,513,571
540,419,659,592,503,580
527,411,644,591,516,569
540,410,659,588,505,573
529,422,652,583,518,573
539,417,661,580,514,582
542,407,659,589,509,571
528,422,645,591,515,567
533,425,652,587,513,578
541,421,661,577,516,578
525,418,647,589,516,572
535,422,660,580,516,578
541,421,661,578,517,580
541,421,661,591,504,577
528,419,644,590,517,570
535,425,650,588,511,582
543,415,657,587,509,572
538,425,658,588,511,580
539,427,655,587,510,580
538,424,659,594,504,578
543,420,662,590,504,576
540,431,658,592,506,581
541,429,656,585,511,579
537,413,657,590,511,570
544,432,658,582,516,579
538,414,652,588,515,574
544,425,664,577,515,581
542,431,658,584,515,579
537,432,658,585,512,582
546,427,661,577,514,579
541,430,658,595,505,581
544,416,661,592,501,572
543,422,657,583,513,581
537,430,653,591,513,577
543,424,659,594,503,579
545,415,660,589,507,575
534,431,651,591,513,577
539,417,655,589,513,574
542,428,656,587,504,579
542,416,654,589,507,568
540,434,657,589,510,579
534,432,656,586,511,570
532,430,645,594,515,571
534,428,644,591,516,571
534,428,648,591,510,580
547,431,660,579,516,580
536,420,653,589,517,571
546,432,661,580,517,581
545,427,661,594,505,578
544,424,660,593,504,578
543,426,660,593,504,579
546,427,660,589,506,577
541,433,657,587,513,581
538,435,651,591,512,579
536,438,649,592,512,577
543,439,657,587,512,579
536,437,650,591,512,574
541,435,656,592,508,581
540,423,651,589,517,573
535,432,645,592,516,570
545,420,656,588,509,571
546,432,662,577,514,581
543,438,655,587,513,578
542,433,653,575,518,576
545,433,661,580,515,582
534,436,654,593,508,581
542,422,655,588,513,574
546,437,658,577,517,578
531,434,642,590,515,570
544,439,656,580,515,579
543,442,654,587,509,582
544,439,658,578,512,579
543,427,659,591,508,574
546,424,657,589,516,581
542,427,651,588,518,572
548,428,659,590,506,572
544,441,655,584,514,578
546,437,659,577,516,580
540,438,657,577,516,580
547,435,659,577,517,579
542,427,652,585,514,576
544,426,657,587,511,570
544,443,654,587,517,579
540,436,643,587,512,578
546,426,656,586,511,570
545,440,657,583,514,581
546,439,656,590,506,577
531,443,647,591,513,576
541,443,655,587,510,580
546,438,660,577,515,581
542,442,656,591,508,582
544,443,654,586,513,577
534,433,645,589,516,569
540,445,651,587,513,577
545,440,655,592,504,580
534,444,643,590,514,575
549,438,659,578,515,581
535,436,644,590,517,568
543,441,656,592,506,580
536,430,645,588,518,568
544,433,655,583,514,577
548,434,659,571,515,579
544,442,655,587,515,578
537,440,654,586,514,576
543,426,652,582,515,574
535,442,644,592,515,570
550,433,654,591,503,575
548,435,658,576,512,580
541,427,652,584,515,574
546,438,659,576,517,580
537,443,642,584,514,575
548,435,656,578,517,580
544,439,653,584,512,582
534,427,649,589,519,571
536,435,642,590,517,571
533,437,642,591,517,569
546,438,655,577,522,580
544,440,653,583,514,579
544,439,654,590,506,581
543,439,655,583,514,580
546,433,655,591,505,578
549,429,651,583,510,571
541,442,651,586,514,577
543,441,652,585,512,576
544,439,654,584,513,582
546,439,658,578,518,582
542,442,654,590,506,580
544,436,653,588,512,582
537,428,648,589,517,572
546,435,657,590,506,580
545,440,653,592,507,582
550,439,659,577,516,583
544,440,651,588,511,581
535,432,642,590,517,572
548,435,657,579,514,583
549,432,659,578,515,581
535,438,644,590,514,577
547,434,656,580,517,579
544,435,657,591,506,580
548,433,655,579,517,583
548,433,657,575,517,581
548,431,656,579,520,579
542,434,654,592,507,580
544,436,652,592,505,582
534,439,641,577,518,571
548,439,653,581,516,577
545,441,652,583,516,581
541,440,652,585,515,578
543,435,659,579,516,583
544,438,655,585,514,582
545,427,656,586,501,577
543,439,653,590,512,579
536,441,642,590,514,573
546,440,654,582,515,581
543,440,653,582,515,579
535,440,647,587,514,576
536,435,644,578,515,570
539,429,643,581,518,572
546,425,655,578,509,571
534,444,645,574,511,582
545,421,652,574,515,577
541,438,653,578,512,582
546,433,656,563,520,579
547,434,652,560,518,579
539,417,649,572,516,577
536,433,643,574,516,573
542,431,652,571,515,579
547,416,655,568,513,578
536,419,646,569,519,571
544,428,656,559,517,582
547,433,655,558,520,579
538,421,644,564,520,570
543,432,655,567,509,582
541,421,649,562,516,571
542,438,648,557,516,580
541,426,649,564,516,579
545,425,659,560,507,574
547,425,657,563,509,574
549,437,657,557,518,582
548,437,659,567,505,576
548,423,656,568,510,575
542,445,655,571,513,579
546,439,657,556,521,580
533,441,643,569,518,571
548,441,657,555,517,580
547,440,658,557,520,581
548,431,658,568,510,574
542,431,651,566,517,574
539,433,651,567,513,577
534,444,639,571,518,574
546,444,657,558,519,581
542,448,654,562,518,578
546,446,655,560,518,579
530,452,643,573,519,571
546,443,654,568,510,573
547,451,654,566,516,582
545,446,655,574,508,579
541,451,652,580,512,579
546,446,651,571,509,581
544,448,656,562,520,580
543,443,651,574,508,581
542,450,655,575,509,580
543,449,656,562,519,579
544,448,656,577,505,575
541,453,652,572,515,579
538,452,650,571,516,579
532,454,642,575,518,573
542,453,656,572,510,580
541,452,653,569,515,578
533,452,642,576,518,572
532,448,639,575,518,572
545,452,656,569,515,583
537,451,653,575,515,579
540,455,648,577,513,578
542,455,655,565,520,578
535,448,642,574,521,571
545,450,658,564,517,580
541,455,660,567,516,582
540,444,651,573,515,574
546,442,655,573,511,572
544,453,657,563,520,581
541,442,652,573,517,576
543,445,657,576,508,575
542,452,658,579,507,579
534,451,643,573,521,571
541,444,654,575,512,579
533,451,642,577,518,572
546,452,658,559,516,579
524,455,644,577,518,572
542,452,654,565,514,577
528,456,640,578,519,571
544,447,656,576,510,575
544,449,655,577,507,577
541,444,657,575,513,580
530,451,640,575,521,570
542,452,654,566,517,577
540,463,654,576,512,581
544,455,655,578,507,579
531,454,644,573,521,570
542,458,657,571,516,580
546,458,660,566,517,581
537,458,656,570,517,581
531,451,644,578,520,571
540,462,655,569,517,578
539,463,652,575,511,580
536,460,653,569,516,577
533,453,642,578,518,571
532,457,644,578,520,571
540,457,655,578,510,579
535,452,644,576,520,572
538,447,650,574,517,573
530,455,642,575,520,571
526,463,645,577,516,576
542,446,657,575,510,572
541,457,656,577,506,580
535,463,651,573,516,581
541,455,658,577,504,575
535,468,653,574,510,580
527,454,649,574,520,571
538,464,655,569,517,582
531,456,649,577,516,574
531,467,652,573,517,582
525,462,645,577,520,571
525,472,649,580,517,579
535,466,655,585,511,580
533,470,659,570,522,579
535,469,659,576,518,582
533,460,658,582,514,580
535,459,658,578,513,579
525,473,650,577,518,574
527,456,655,581,520,575
529,468,656,586,511,580
534,457,660,584,513,580
529,459,661,585,512,581
523,462,647,582,522,570
528,470,653,583,518,578
531,466,659,586,510,580
528,473,655,583,519,578
529,470,657,588,510,580
521,464,647,584,524,571
529,470,655,580,519,580
530,463,657,573,515,579
531,455,660,572,524,582
529,467,655,578,518,582
516,472,650,585,521,575
529,470,657,589,511,582
533,465,664,574,522,582
522,464,646,582,524,567
531,468,660,589,512,578
528,471,656,575,520,578
527,457,652,583,522,575
529,472,656,585,518,579
537,458,656,580,512,582
522,463,648,583,523,572
533,471,656,588,517,580
523,473,644,582,521,571
521,473,647,587,522,570
523,472,646,587,521,573
534,469,655,582,520,582
533,474,656,585,516,579
534,467,659,581,511,581
539,466,661,573,521,582
534,465,661,588,512,579
533,471,655,583,516,577
538,468,662,572,525,581
524,468,645,587,523,572
536,474,657,582,511,584
527,465,645,585,523,571
529,469,646,586,524,573
540,468,659,567,525,580
539,457,653,583,518,578
524,474,645,587,525,572
542,456,659,585,515,580
541,463,657,587,512,582
538,469,658,577,524,579
541,463,658,586,511,581
545,455,660,585,514,583
533,455,647,586,526,571
543,448,659,585,514,578
544,451,659,588,512,578
542,460,654,582,516,580
538,454,662,580,522,584
542,456,657,581,521,579
536,444,647,586,527,573
540,455,656,592,517,579
540,450,658,580,521,574
533,455,645,590,524,573
543,451,656,585,518,577
548,434,659,587,515,582
540,446,652,588,520,580
544,431,656,587,525,576
540,445,649,589,523,575
549,436,659,582,514,583
543,443,657,586,521,580
542,441,654,587,520,579
550,432,661,589,513,582
550,424,661,589,514,582
548,421,657,584,521,577
550,434,659,577,527,580
545,431,656,588,517,579
541,435,658,591,514,578
548,419,655,586,521,576
547,433,656,590,513,582
549,431,658,592,513,580
549,431,658,581,522,584
552,427,660,577,524,581
553,417,659,583,509,577
548,425,656,584,518,579
551,429,660,577,528,581
552,423,661,590,512,583
547,418,651,586,523,576
542,425,645,588,526,572
547,431,656,593,513,577
547,433,656,587,517,577
550,430,655,589,517,579
539,424,646,588,525,571
549,431,656,577,524,576
551,427,659,574,522,582
547,432,655,585,518,582
554,427,661,579,525,582
546,415,653,586,527,575
552,427,658,576,525,582
547,432,657,589,518,580
553,426,657,578,525,583
544,433,646,592,524,572
544,419,650,585,526,572
548,431,657,583,520,579
551,416,656,586,520,577
548,434,653,588,519,577
539,436,645,590,524,571
539,428,643,592,526,573
548,427,662,579,525,583
534,434,644,592,524,573
552,423,660,592,513,582
548,429,656,594,514,581
554,422,659,592,513,582
550,428,656,581,523,579
550,424,657,593,513,581
543,415,649,590,527,571
553,415,660,592,514,581
545,413,653,588,526,574
548,431,656,592,517,579
552,424,658,582,524,578
552,424,660,575,522,584
550,429,654,588,520,576
554,418,660,591,513,581
552,423,657,594,512,580
550,424,658,593,512,580
551,413,656,592,520,577
550,423,658,594,512,580
549,430,656,592,510,581
550,427,658,594,511,579
541,422,644,591,524,571
550,431,656,596,516,577
542,430,649,591,522,577
554,423,658,593,511,579
555,427,660,579,524,583
550,428,656,583,520,579
550,429,656,588,518,578
545,428,653,589,520,582
553,425,660,578,525,582
541,431,642,588,523,574
552,425,661,583,522,581
551,412,654,591,523,575
550,423,660,582,523,582
554,422,659,594,513,579
548,415,651,591,525,575
553,406,656,590,515,573
547,430,656,595,518,578
553,412,659,590,520,578
552,411,657,591,519,578
539,422,646,594,523,571
541,427,647,592,523,574
553,422,660,580,526,580
552,425,656,587,522,583
552,424,659,580,527,580
553,412,659,593,515,579
552,412,660,593,511,570
552,411,659,592,517,579
551,428,652,590,522,580
548,428,654,592,515,578
548,429,656,596,516,578
547,425,656,589,521,581
549,421,662,593,514,581
551,423,658,590,513,579
554,421,661,581,519,577
552,422,658,582,526,580
552,420,659,593,512,578
540,429,648,594,522,570
549,424,659,594,512,581
551,427,660,587,521,581
547,414,654,590,523,572
548,408,651,592,520,570
541,421,647,593,525,569
546,429,652,593,524,577
543,430,650,594,522,575
551,416,658,591,521,576
551,429,657,585,524,576
540,425,646,592,528,569
551,417,660,592,518,578
545,435,652,590,521,577
545,433,652,591,516,578
548,435,657,588,522,576
540,432,644,594,523,570
552,434,659,581,523,578
554,433,660,595,512,578
549,435,663,582,522,581
547,442,656,592,517,576
550,438,657,582,520,580
549,442,657,585,521,576
551,428,656,594,513,579
548,443,658,594,520,572
548,428,653,580,521,580
552,439,660,577,526,579
553,437,659,591,512,579
544,446,654,587,518,577
541,450,649,583,523,571
548,452,656,588,517,577
552,433,660,584,518,578
549,438,653,583,523,571
555,448,660,580,520,582
550,449,659,588,511,580
550,448,661,585,511,579
546,440,654,579,525,569
552,437,657,574,521,576
553,453,656,572,522,582
543,445,647,576,525,570
553,446,661,576,512,575
555,437,662,574,513,581
549,454,656,566,521,574
551,454,657,567,520,578
552,452,656,564,520,578
549,439,662,568,515,580
552,453,658,558,525,577
540,453,645,569,524,572
542,443,646,566,526,569
544,441,650,566,526,571
550,450,659,566,518,578
554,440,661,563,517,573
552,446,658,561,512,580
542,443,657,551,518,578
547,443,653,555,508,580
556,441,663,537,519,580
555,436,664,555,507,576
548,447,657,554,515,573
545,442,660,547,516,583
549,446,657,555,514,577
542,442,646,558,521,570
542,446,647,561,518,572
547,445,656,557,515,578
550,446,656,553,515,577
546,445,656,556,515,577
548,432,662,559,506,573
552,428,661,558,504,579
553,425,659,557,507,575
551,438,660,552,513,582
541,443,649,558,513,576
551,435,662,546,514,583
545,438,656,560,504,581
549,435,664,538,507,581
546,421,657,557,512,571
550,420,659,551,507,570
548,420,653,558,513,576
541,434,646,560,511,580
539,436,646,561,511,577
548,420,660,556,509,571
549,437,658,558,507,580
537,435,644,561,515,570
543,438,652,561,512,575
550,426,660,553,512,579
546,415,653,559,513,575
552,425,661,561,503,577
544,432,653,561,513,576
544,434,653,557,510,583
536,427,646,558,515,570
550,415,661,555,508,572
537,419,646,553,516,571
548,421,663,555,503,576
552,426,664,541,515,581
548,430,660,559,502,581
545,433,658,556,505,581
548,434,658,548,511,581
546,433,655,549,511,583
551,422,663,552,503,576
551,422,661,550,510,572
549,421,658,549,514,574
546,418,651,552,512,571
545,422,659,549,511,569
545,438,658,545,511,583
552,438,656,546,511,581
549,444,659,550,509,581
550,440,663,546,513,582
556,440,661,543,514,582
551,445,660,548,515,577
546,432,652,555,515,571
554,444,661,547,515,583
552,450,658,556,510,581
549,451,658,558,511,581
549,436,658,555,512,575
549,452,657,553,515,577
552,449,656,560,506,580
553,435,663,555,511,571
549,448,657,551,513,581
550,447,662,550,512,580
553,444,664,560,504,576
540,442,647,556,518,568
539,448,648,558,518,565
540,454,649,559,514,569
552,452,661,543,518,578
539,452,647,552,517,569
542,446,655,552,516,574
540,448,649,554,518,568
545,462,659,556,505,578
545,450,650,547,513,572
549,449,662,555,507,573
547,461,662,541,515,578
537,465,649,553,512,574
547,458,663,542,515,579
535,451,646,552,516,567
547,454,661,554,501,574
549,446,662,550,510,571
544,463,657,538,516,573
546,447,663,550,507,571
532,457,647,548,518,568
549,458,664,536,518,577
542,464,658,543,510,576
546,453,661,534,517,577
542,461,659,539,516,574
541,462,663,537,519,576
544,461,663,536,518,577
532,465,658,547,510,577
533,453,654,546,516,570
540,459,663,546,507,570
529,468,662,548,514,578
537,460,663,552,507,574
540,467,663,539,521,577
523,470,649,554,519,566
531,473,660,554,513,573
536,471,661,548,519,574
538,459,665,552,509,572
535,470,663,541,517,576
533,476,658,547,515,577
526,477,653,554,517,569
531,462,660,550,515,572
534,481,660,554,514,573
541,473,663,539,517,577
534,473,665,538,519,576
537,475,667,539,517,577
532,480,657,544,510,577
535,482,660,542,514,572
536,479,662,536,518,574
529,474,650,543,520,566
533,481,657,537,513,573
540,472,665,545,509,571
526,472,653,542,520,567
538,480,664,534,519,575
533,485,661,546,513,570
539,480,664,533,518,577
529,468,656,543,519,568
539,475,665,549,508,572
540,477,666,539,520,577
535,461,656,547,518,571
537,478,665,541,520,575
538,481,664,545,517,578
534,485,660,548,516,573
531,474,657,547,518,569
522,491,655,551,516,572
532,491,659,555,513,573
524,491,659,547,515,573
532,491,664,540,517,575
536,486,664,551,509,571
532,496,662,542,519,573
534,499,662,543,519,576
525,507,653,552,518,570
531,507,663,559,511,576
534,511,661,556,511,576
532,510,657,547,518,576
535,507,664,559,507,575
522,510,651,556,523,566
522,515,652,558,521,566
522,514,649,559,522,565
532,510,662,562,509,575
520,516,651,560,523,566
537,511,661,554,519,577
535,510,665,550,522,577
535,506,662,559,510,573
526,506,653,564,514,570
534,509,665,551,521,577
527,517,649,564,520,567
536,508,664,565,509,575
524,512,647,565,521,565
519,509,651,565,521,565
533,513,665,555,521,576
532,513,650,566,519,566
528,499,656,563,523,570
534,512,662,558,520,573
531,511,656,564,518,572
524,515,649,566,523,566
538,499,665,567,511,572
536,509,666,554,520,578
527,511,654,568,519,573
538,506,666,555,517,576
536,503,664,571,508,573
538,508,661,562,520,577
532,494,657,568,520,571
529,512,651,570,523,566
534,512,664,562,522,575
536,508,661,559,523,575
536,497,659,569,517,573
534,511,664,575,515,573
525,508,650,574,523,565
537,506,664,573,510,572
535,510,659,569,510,576
533,515,664,561,523,575
528,515,649,572,520,567
537,516,661,561,518,576
530,519,648,574,515,569
537,511,659,571,516,569
536,524,666,561,520,577
530,534,662,563,519,574
523,527,658,570,519,572
531,520,666,574,511,571
535,524,662,576,509,575
526,533,664,562,521,572
523,524,662,570,517,573
531,526,660,571,514,574
537,529,663,569,520,578
536,531,662,569,519,574
538,528,657,568,521,576
529,530,650,575,522,566
533,519,665,575,512,572
537,536,655,572,519,572
533,536,660,569,518,573
524,540,651,574,520,563
529,539,660,572,519,573
525,541,649,577,523,566
526,541,650,575,522,564
533,539,651,578,520,569
528,528,666,574,515,573
537,537,659,571,520,573
535,539,666,563,519,577
533,535,661,561,524,577
525,543,651,574,524,561
524,542,650,573,524,567
534,536,659,572,514,574
534,541,661,571,517,573
532,545,665,563,522,577
531,543,665,564,524,575
530,537,664,565,520,575
523,542,652,574,524,565
536,540,666,562,522,573
538,538,660,575,515,574
532,528,665,579,511,571
531,544,650,576,522,567
534,540,660,569,519,578
535,527,665,577,512,578
533,542,651,577,521,569
525,530,654,571,520,571
537,528,664,576,510,573
538,529,663,577,511,576
536,534,662,564,522,577
536,535,661,576,517,574
538,538,662,569,518,579
534,535,660,562,523,576
534,540,667,564,521,579
538,539,665,564,518,575
535,536,661,573,516,575
537,538,663,563,522,579
534,543,662,556,524,574
530,541,650,575,523,567
540,541,664,562,521,577
540,536,659,569,520,576
539,537,667,568,520,577
542,530,660,577,513,575
538,537,659,573,518,574
531,531,662,571,521,575
542,533,667,563,516,579
544,534,654,576,523,572
543,526,660,576,513,576
531,533,647,576,523,568
532,533,642,576,524,567
537,512,648,575,525,569
545,523,657,572,520,575
544,522,665,564,524,579
532,521,648,578,526,568
545,517,665,565,523,577
539,511,664,570,523,574
550,504,667,569,521,577
535,510,652,582,523,572
550,489,665,579,517,576
550,488,664,581,514,577
536,500,649,583,523,566
541,483,656,578,525,567
531,484,649,579,526,568
546,485,662,575,521,577
549,480,663,585,512,576
546,478,660,579,522,577
542,462,655,580,522,571
543,472,659,575,524,575
546,467,661,584,519,574
547,467,665,573,526,577
546,470,660,586,514,576
545,469,658,579,522,575
549,467,666,573,525,577
545,472,662,581,520,576
534,472,649,585,523,567
549,461,664,572,525,578
538,453,649,580,522,567
542,466,652,584,521,573
548,461,663,576,524,574
549,456,662,582,516,576
545,454,660,578,522,574
541,459,651,590,521,572
539,455,650,583,527,567
541,448,651,585,527,567
548,454,661,575,525,574
548,440,662,583,518,573
547,454,659,587,518,573
549,446,664,584,512,575
542,456,652,581,520,571
549,448,668,586,513,578
547,438,660,580,514,577
549,440,662,581,520,572
549,441,664,584,518,575
547,457,659,580,520,574
544,454,663,574,524,575
545,459,660,582,519,575
549,441,666,583,515,575
551,454,666,574,521,579
544,457,647,588,524,568
544,436,658,582,521,573
547,455,662,579,521,578
553,451,661,568,524,579
547,447,665,586,510,575
546,439,660,582,521,574
540,455,661,583,523,574
549,441,664,586,515,578
540,457,652,583,522,572
547,455,662,577,522,578
551,455,664,573,524,577
546,457,660,584,518,574
549,458,663,577,525,575
540,451,649,585,525,566
539,450,651,582,527,568
538,460,652,587,523,570
549,459,661,575,524,574
549,457,665,571,527,577
537,463,651,586,523,568
548,454,662,586,513,577
546,446,659,582,523,574
536,459,647,586,526,567
533,464,651,587,523,568
538,460,648,582,518,577
547,464,658,581,522,573
547,457,662,579,523,580
540,457,664,575,525,578
541,445,656,581,523,572
545,462,660,587,514,576
539,465,649,587,524,568
550,453,664,586,513,578
540,466,660,587,519,574
552,463,662,578,523,579
541,466,653,586,525,571
547,461,660,578,520,576
542,453,656,581,526,568
548,449,662,583,518,576
544,464,659,582,519,573
550,455,664,576,527,576
551,451,664,583,515,577
539,466,654,586,523,570
535,459,650,584,526,565
548,463,666,578,521,579
543,465,656,581,522,576
537,465,653,586,523,572
547,460,665,573,524,576
535,458,648,586,527,566
546,461,664,575,524,579
543,465,654,586,524,571
534,453,654,584,525,567
547,461,665,573,525,578
549,455,666,568,521,576
542,466,660,586,515,575
544,461,664,587,513,579
546,459,662,587,512,576
547,455,665,584,512,577
539,466,653,588,522,571
545,464,662,577,524,575
545,462,666,575,524,578
545,448,664,584,521,572
538,450,657,581,525,571
540,461,661,586,513,575
537,460,661,589,514,576
540,465,657,580,519,574
543,459,664,574,526,577
544,453,663,585,514,577
536,451,655,582,526,572
533,465,650,586,526,568
543,460,664,574,526,579
542,465,659,585,518,574
546,459,666,578,523,576
537,462,657,583,522,571
542,456,664,587,513,577
536,447,650,581,528,569
543,453,663,576,526,575
532,451,649,585,526,567
546,449,665,572,525,577
536,447,649,584,527,567
548,451,666,574,521,577
542,454,661,582,514,574
540,439,659,583,521,572
546,447,664,585,512,577
532,455,647,589,525,564
543,456,659,578,518,578
545,456,655,582,521,574
540,439,654,583,522,570
542,435,658,584,521,570
548,447,666,575,524,579
548,439,662,585,518,576
546,429,663,579,514,575
541,453,661,589,518,575
550,448,666,574,524,578
536,444,662,587,518,576
541,435,663,583,522,574
543,444,666,573,527,578
549,443,668,573,524,578
543,445,661,582,524,574
537,440,649,586,526,568
538,447,660,582,523,571
548,442,659,580,525,576
536,447,648,588,524,567
545,446,659,584,520,575
540,445,661,588,515,575
536,444,649,588,521,568
544,437,649,587,528,566
547,440,661,589,508,573
546,440,662,574,525,576
544,426,649,588,525,566
546,439,659,582,519,574
549,422,659,585,520,574
548,437,659,579,521,575
539,420,658,581,522,572
550,429,664,574,528,576
547,434,663,573,524,577
537,427,649,584,527,565
545,412,657,582,524,571
538,430,648,587,524,570
548,430,659,581,522,574
543,429,656,584,525,568
537,427,648,586,527,568
550,422,652,585,528,567
550,428,664,588,514,578
541,419,648,585,527,569
545,428,664,575,524,575
546,428,661,578,514,577
544,434,658,581,521,573
550,420,656,578,521,573
548,435,649,586,524,569
554,429,666,575,524,577
549,416,663,585,521,573
548,425,665,586,515,578
549,429,666,573,522,578
548,433,663,584,511,579
542,434,661,586,515,578
551,436,664,574,527,576
551,434,648,587,528,568
548,434,663,576,528,574
538,441,651,586,525,570
552,429,659,581,515,577
547,436,663,585,515,577
549,441,665,573,526,577
548,442,660,588,515,575
536,443,649,587,526,565
548,430,665,585,517,576
549,442,664,574,526,575
539,444,650,585,529,566
551,434,663,585,521,574
542,440,657,581,523,572
539,447,650,584,527,565
537,451,647,590,524,569
539,461,649,586,526,566
542,458,662,588,513,576
547,466,659,585,518,573
550,468,660,579,523,574
548,467,660,576,527,575
537,463,649,587,527,566
535,461,649,588,524,568
537,468,649,588,524,567
532,468,649,588,527,563
547,458,659,583,521,570
546,474,659,586,519,574
543,464,659,582,521,571
530,482,650,589,516,573
547,478,660,589,514,575
539,479,648,587,526,566
539,483,659,587,515,575
541,482,661,580,521,573
547,472,657,584,524,570
551,483,663,574,527,576
536,473,659,581,523,574
550,491,663,576,522,576
548,483,664,590,512,576
546,490,665,588,512,574
546,494,659,583,517,573
537,487,647,588,524,566
546,478,660,588,521,573
530,493,647,587,523,568
544,495,659,587,521,574
547,492,662,588,513,577
536,495,647,586,525,566
538,504,658,582,518,573
548,497,663,574,525,574
540,494,649,587,527,567
549,504,650,587,524,569
546,504,660,585,519,573
549,498,663,574,525,576
545,499,662,575,527,574
537,506,649,587,522,568
539,498,647,586,528,566
547,489,661,585,523,570
549,504,664,575,526,574
548,506,659,584,521,572
544,511,659,584,518,574
538,499,648,584,525,577
536,512,664,584,523,577
547,511,662,578,527,574
548,497,658,582,522,575
549,495,662,585,520,574
539,511,656,587,517,569
541,502,650,575,524,576
549,505,662,590,513,575
543,503,651,586,526,567
548,509,662,576,526,577
546,502,665,587,513,577
547,511,661,584,517,574
551,499,664,587,516,576
544,513,659,582,522,575
540,515,647,584,520,573
540,504,653,585,526,567
550,516,659,583,521,574
545,516,659,582,523,573
540,512,655,584,528,567
551,503,661,587,513,577
550,504,658,584,520,574
548,518,662,577,524,574
539,514,655,584,523,571
545,521,661,573,526,571
542,516,663,575,522,577
537,520,650,583,530,568
540,523,651,584,527,569
550,519,656,587,520,575
548,519,663,576,522,575
538,513,658,584,522,571
551,519,663,579,523,578
546,524,662,579,525,575
547,522,658,581,524,574
545,508,655,584,524,569
547,518,654,587,523,574
548,519,659,584,522,574
547,524,661,578,524,575
544,525,648,589,525,567
549,518,662,581,523,578
545,506,659,584,521,571
548,521,665,574,525,578
539,520,651,580,530,569
551,516,658,592,521,574
537,522,657,585,525,570
542,519,659,582,521,572
552,512,660,588,515,571
547,523,663,574,527,578
550,515,656,581,519,578
538,519,654,583,528,569
546,523,662,575,527,576
549,518,653,588,521,573
548,514,649,584,525,570
537,524,649,585,526,567
549,507,659,585,524,571
544,520,648,588,525,567
548,513,665,586,512,573
549,514,659,585,521,575
552,516,655,583,522,575
552,506,663,585,516,575
550,515,659,580,523,579
549,516,659,579,521,576
543,508,651,584,527,570
547,519,659,580,522,575
545,520,658,580,525,573
553,503,663,590,515,577
551,512,662,588,517,580
540,515,653,587,524,569
547,518,664,574,526,577
553,506,665,584,520,575
545,518,648,587,524,570
550,505,662,583,518,575
538,516,648,572,525,576
550,505,662,584,517,576
548,510,658,581,522,572
545,505,657,582,523,571
552,513,655,583,521,576
547,520,664,574,526,580
537,514,661,585,519,578
549,518,666,576,524,579
547,517,647,589,524,570
538,519,652,576,528,578
549,519,661,576,526,579
540,510,647,587,527,569
545,520,646,584,526,570
547,519,648,590,524,572
542,517,648,589,525,568
547,520,663,572,527,577
545,518,645,587,526,570
550,515,654,575,512,579
539,521,655,579,524,569
549,501,660,584,523,575
553,517,654,583,523,578
544,520,658,577,523,577
551,513,658,583,519,576
547,519,659,579,525,577
548,513,657,585,517,576
551,513,663,580,524,580
541,506,650,585,527,570
546,519,661,574,525,580
541,518,649,586,527,569
549,511,655,582,518,579
548,518,662,575,525,577
550,517,651,588,519,572
549,518,649,592,524,570
551,504,663,585,516,578
551,517,657,582,524,578
545,519,648,588,524,568
535,516,650,585,526,569
550,508,662,587,509,576
548,519,663,569,526,576
550,510,665,587,514,581
550,513,659,581,521,579
550,503,663,583,519,577
550,513,652,586,524,568
546,518,663,588,515,578
547,505,655,582,524,570
547,515,664,573,524,579
538,512,653,580,524,572
545,504,657,580,525,573
541,512,658,582,526,575
550,512,659,586,515,577
551,512,663,574,526,578
541,518,648,585,526,569
539,510,648,585,527,569
547,511,660,582,515,577
548,502,660,582,523,576
545,518,661,575,526,578
552,505,664,585,518,578
541,517,649,583,523,570
543,504,655,583,526,573
552,512,663,587,514,580
537,520,649,585,526,569
549,514,664,574,526,582
538,514,653,584,527,572
539,514,652,584,524,573
539,509,649,589,527,571
543,516,647,589,525,573
542,519,649,585,525,571
539,514,654,583,524,573
539,518,655,585,527,572
552,504,660,584,521,577
547,515,659,586,519,579
552,507,644,586,526,583
548,512,663,575,526,580
548,521,660,577,527,579
539,510,647,585,525,569
551,513,660,580,523,580
552,505,663,585,517,579
550,502,665,574,525,582
547,518,659,576,527,580
538,514,654,583,525,571
548,515,660,584,517,576
553,514,651,586,523,575
549,514,663,575,524,582
551,511,663,574,526,578
548,507,660,588,514,579
550,513,664,577,524,583
546,505,654,584,528,574
547,516,663,576,527,578
549,516,659,583,522,580
546,516,648,588,525,573
539,517,650,586,528,572
544,514,663,576,524,580
539,515,649,583,528,570
540,508,649,587,527,570
549,498,659,583,523,575
545,510,661,585,520,577
550,500,663,574,525,580
540,493,646,586,527,571
552,496,663,576,525,583
552,489,664,572,519,583
547,500,659,579,524,577
550,498,663,577,524,583
549,502,659,584,522,577
547,502,658,580,523,580
542,505,654,583,523,580
549,499,662,588,514,581
538,504,647,586,526,572
539,507,660,585,518,576
543,503,656,584,522,578
544,510,659,589,517,580
547,502,663,584,526,581
544,509,660,588,514,578
547,501,662,588,513,579
531,508,648,588,523,571
546,507,666,576,525,582
544,509,660,575,522,579
542,511,661,580,525,578
532,509,647,591,523,569
543,505,664,582,523,584
545,500,662,586,519,579
546,495,661,585,518,577
540,489,655,580,520,572
545,506,661,579,526,579
542,495,658,587,518,576
545,508,663,579,525,580
545,495,663,587,519,579
539,501,650,587,527,572
546,504,661,589,507,578
532,508,647,590,525,572
543,507,660,591,513,580
544,509,660,582,523,581
543,509,658,580,525,578
540,491,655,582,522,575
532,507,648,589,528,571
544,504,662,591,515,582
546,507,664,577,524,581
545,505,661,589,510,579
538,509,662,592,514,582
544,511,658,578,524,575
545,502,664,590,514,580
539,503,649,588,527,571
541,511,658,585,522,580
549,510,664,577,526,580
545,510,663,580,525,577
546,498,664,586,515,582
544,510,657,586,522,577
536,514,647,587,524,571
548,498,663,587,518,582
534,512,654,587,526,575
550,507,659,572,524,582
535,506,646,585,528,568
547,507,662,578,526,579
541,496,652,586,524,573
546,499,665,577,525,580
542,507,662,581,524,581
537,505,649,590,524,573
548,494,664,587,518,578
548,496,662,591,515,582
542,510,659,584,521,579
539,510,655,587,523,579
549,507,664,576,525,582
536,498,658,591,529,578
543,499,664,592,516,582
549,496,662,589,513,582
545,510,659,591,515,578
547,506,661,577,528,579
549,499,659,577,525,583
547,494,660,585,521,580
543,495,659,585,528,575
551,505,665,578,527,581
547,508,661,580,526,579
535,512,650,588,526,569
544,508,666,589,515,581
536,502,650,588,528,572
536,510,648,589,528,571
542,510,659,588,519,578
535,509,649,592,526,568
548,494,662,588,520,579
531,508,648,589,526,572
549,511,648,586,527,572
550,506,661,578,524,579
545,505,662,576,526,580
543,493,660,585,525,571
547,509,658,590,518,579
548,506,665,577,525,579
546,500,654,579,527,578
550,498,661,577,523,582
547,495,659,588,523,575
537,505,643,589,527,571
538,499,654,592,516,581
536,503,648,590,528,569
536,508,648,591,526,571
547,511,659,593,517,579
541,508,658,581,527,578
547,498,663,587,517,582
549,498,659,589,514,582
548,498,663,588,520,580
550,495,662,587,517,580
529,505,647,590,527,571
537,509,647,590,526,572
547,509,663,577,523,579
537,515,643,583,528,571
550,511,664,576,530,581
540,502,651,587,528,571
546,514,649,592,521,571
546,502,654,583,524,573
544,516,661,576,527,581
546,507,660,587,515,580
534,513,653,587,526,574
542,502,658,589,524,574
538,508,650,588,527,570
538,518,648,590,523,578
543,504,664,589,517,581
547,515,659,587,519,578
541,506,655,589,525,574
545,518,664,577,526,582
538,523,645,590,528,571
534,514,653,586,524,576
544,519,659,584,525,578
547,508,663,590,514,578
536,522,661,589,528,568
542,519,647,590,524,573
537,507,654,588,527,573
550,514,658,583,523,580
544,518,648,589,526,573
549,506,663,589,516,582
530,517,650,588,527,572
548,514,660,588,519,579
535,522,648,589,526,571
547,517,664,578,526,581
537,513,657,586,524,574
542,507,652,587,525,573
547,520,664,577,526,582
547,518,658,585,523,578
546,505,660,585,521,577
546,504,659,584,521,575
550,518,655,578,524,578
541,513,655,586,523,576
548,515,650,590,526,573
541,505,654,584,529,578
537,500,652,584,523,573
542,507,660,587,514,581
547,495,657,583,523,575
550,498,664,587,515,581
546,503,656,588,520,578
544,499,648,589,519,578
550,487,663,588,515,581
540,486,648,588,526,571
554,481,664,575,527,581
549,475,660,590,515,581
545,466,648,585,528,571
543,462,648,588,528,570
548,461,663,575,528,581
539,457,647,588,527,572
553,453,664,577,527,581
548,456,659,584,523,578
548,453,658,586,529,571
542,440,648,587,528,572
552,441,662,589,515,580
555,441,663,570,528,574
556,435,650,586,529,571
545,446,650,589,526,576
539,445,648,588,527,572
553,437,662,574,529,580
549,436,663,576,528,580
554,436,665,572,526,581
554,421,662,585,520,577
554,436,661,577,524,580
544,433,649,587,523,569
553,427,657,574,528,578
556,432,664,573,526,582
553,434,666,572,526,579
545,423,648,586,527,569
546,435,660,586,515,578
544,430,648,585,520,575
544,435,650,584,522,571
552,432,662,584,513,579
550,414,654,575,524,575
555,429,666,581,528,567
556,434,663,569,526,581
552,436,660,574,528,577
549,432,663,568,527,580
553,434,660,575,522,579
544,440,651,585,526,573
552,436,659,584,513,577
553,433,665,571,527,579
552,440,658,581,522,578
555,429,664,581,514,581
543,429,649,581,521,576
555,424,662,581,519,577
544,437,652,583,525,574
557,418,663,576,522,574
558,430,664,569,526,575
544,427,648,582,524,573
544,427,648,585,525,571
551,432,660,581,518,578
555,428,662,576,524,581
556,424,662,583,515,580
546,418,654,581,527,570
556,427,664,586,524,574
557,426,665,569,526,578
556,419,664,582,521,570
545,416,651,576,523,569
543,425,649,580,528,566
556,427,661,578,523,576
549,432,660,582,518,576
555,431,664,577,521,579
556,431,663,574,524,577
552,434,660,576,513,577
556,423,664,583,515,578
542,428,648,581,526,568
556,432,663,570,527,578
555,431,664,571,525,577
551,438,660,581,524,569
550,418,663,580,518,575
548,436,658,571,518,576
552,436,661,584,517,577
547,417,654,581,525,568
543,434,648,582,527,567
555,430,663,584,514,579
554,434,659,586,507,578
556,435,662,570,527,577
553,431,658,577,522,575
553,438,660,583,521,574
552,436,662,572,525,576
543,431,648,582,530,568
555,419,661,580,519,575
550,424,656,584,527,569
543,432,649,582,526,569
551,442,657,579,522,576
541,442,648,584,527,567
548,430,662,571,528,577
553,441,665,569,528,577
551,444,660,580,521,575
554,439,662,584,512,577
543,442,644,583,528,569
551,446,661,574,525,575
551,446,660,578,523,577
550,446,662,585,515,577
553,443,664,570,527,577
553,444,660,574,526,576
542,439,649,583,529,570
553,445,661,576,525,576
543,446,650,583,527,569
552,442,662,585,517,577
551,432,648,580,529,569
553,445,664,570,526,579
557,435,665,579,521,577
551,449,662,576,524,581
553,451,662,579,514,580
554,449,663,581,515,578
549,449,655,578,526,572
554,462,666,567,526,579
553,464,662,580,515,579
552,454,659,578,519,578
553,465,665,580,518,578
551,477,648,580,528,569
551,484,661,575,523,579
545,463,654,579,529,571
542,482,663,571,523,579
552,481,657,574,521,580
541,478,649,581,528,569
536,486,649,584,526,570
549,477,658,570,527,576
546,478,662,576,524,577
539,484,648,583,527,568
546,486,659,574,521,574
549,484,660,574,528,575
549,469,662,580,522,575
540,475,651,581,530,568
544,486,655,580,527,569
546,485,658,579,524,577
550,482,664,571,526,577
543,476,652,585,525,569
537,490,650,584,524,571
548,489,661,578,514,575
537,484,650,583,528,569
549,487,662,585,514,578
543,473,658,580,523,572
544,485,660,582,519,575
546,486,665,573,523,577
548,472,661,582,523,575
537,483,649,585,528,567
548,486,663,571,528,578
545,473,659,582,522,573
546,489,663,575,525,575
536,476,655,580,531,570
544,489,658,586,519,575
548,485,664,573,529,577
535,480,652,580,529,568
542,479,663,587,515,578
547,483,665,579,526,581
541,487,660,582,524,575
543,489,662,582,515,578
544,489,660,587,519,577
541,487,661,582,521,578
546,464,662,582,515,575
537,487,653,584,523,573
541,489,659,582,517,576
541,486,657,570,527,576
547,483,664,571,529,578
536,488,655,586,525,574
542,484,662,579,524,579
547,476,666,571,523,570
545,489,661,586,517,577
530,469,655,583,526,574
541,463,655,582,525,573
543,483,661,579,523,577
545,477,666,573,527,579
544,486,659,583,522,575
547,473,665,584,515,580
545,481,664,575,525,580
542,468,656,581,522,572
535,486,663,576,527,580
536,471,659,581,524,574
536,486,652,588,527,569
548,485,666,585,527,569
535,486,649,585,526,569
550,486,664,576,523,579
548,470,664,582,521,578
539,486,661,587,521,574
549,473,665,586,516,580
539,478,649,585,529,568
542,469,659,581,523,577
550,472,664,573,529,578
551,476,660,579,523,576
538,474,651,587,526,573
551,464,664,583,515,580
546,470,658,580,524,577
541,469,656,581,527,581
550,466,663,586,514,579
548,463,663,572,527,580
552,460,666,573,525,582
545,452,654,583,529,571
549,461,661,586,518,578
549,460,658,582,520,576
555,456,667,572,526,580
553,444,664,583,518,579
548,454,664,571,528,577
553,443,663,583,528,580
551,451,664,571,528,579
548,458,661,585,522,578
536,456,650,584,528,570
550,450,664,584,515,580
546,436,663,581,521,577
554,448,666,577,525,581
554,449,661,572,530,578
550,449,659,585,519,577
551,438,658,579,529,574
547,451,658,579,526,571
550,448,660,581,523,577
553,445,665,570,528,581
539,436,656,582,529,567
552,448,660,584,522,578
554,442,666,572,522,577
548,435,661,573,520,577
549,444,660,576,525,577
544,430,652,580,528,571
553,427,656,581,530,571
540,439,652,584,527,572
535,432,649,571,527,573
549,415,654,579,527,575
542,436,652,582,526,571
554,429,663,571,528,579
541,433,651,583,529,571
549,432,662,577,523,576
552,428,662,569,526,579
550,413,659,580,524,573
554,429,662,572,528,577
542,428,649,583,528,571
552,431,663,572,529,577
550,433,660,575,526,577
544,433,649,584,527,571
550,430,662,576,526,577
540,416,658,578,525,573
550,413,660,579,522,576
555,421,666,583,516,579
551,413,656,581,527,574
554,426,664,570,529,581
542,425,646,583,527,569
544,423,648,583,528,570
549,427,659,578,524,578
556,424,666,571,526,581
547,416,655,580,526,572
554,415,663,581,518,581
553,422,662,584,516,580
543,421,650,581,528,577
554,427,665,570,519,579
551,428,660,576,526,577
556,422,665,568,527,580
539,418,649,581,530,571
541,421,648,580,518,579
551,428,661,579,523,577
551,426,662,572,529,578
549,431,659,578,524,578
556,423,664,585,515,581
552,426,665,565,527,583
552,425,655,574,525,579
553,427,662,581,516,579
545,424,650,581,530,569
546,437,653,582,524,573
553,435,661,575,523,576
547,430,657,575,521,578
555,431,663,584,516,580
554,431,664,568,531,579
547,428,662,581,516,579
554,436,660,581,521,578
551,437,659,581,520,579
550,434,661,576,530,581
556,433,665,570,527,582
558,423,662,576,519,580
543,431,649,581,530,569
551,420,660,580,524,575
551,437,656,581,521,576
546,423,650,582,527,573
544,440,650,582,526,574
553,435,664,584,515,581
552,438,662,573,523,578
553,438,666,569,527,578
553,439,662,576,526,579
551,440,660,578,523,576
551,442,658,581,523,574
557,435,667,575,526,581
553,442,655,578,521,578
555,425,661,581,522,580
547,440,662,572,525,575
553,436,649,579,529,571
557,428,665,576,518,580
550,444,661,576,526,579
554,432,660,581,525,575
539,451,651,583,527,570
553,454,660,577,524,578
556,444,664,583,517,582
554,440,665,578,519,579
545,447,651,577,530,572
555,452,665,568,530,579
555,453,664,581,515,581
542,460,647,580,529,570
554,455,663,580,516,580
554,458,666,566,526,579
556,456,668,581,515,582
548,451,656,575,527,573
546,456,652,578,531,567
555,462,664,568,530,579
551,466,660,573,524,581
552,450,664,577,522,579
553,466,657,579,516,576
555,459,666,580,517,581
551,466,661,582,516,579
551,467,663,573,525,582
550,466,659,576,525,569
543,469,651,580,525,572
544,459,649,580,530,570
551,450,661,578,521,572
535,460,650,579,527,567
553,451,663,579,518,574
553,470,663,578,528,575
543,460,649,580,529,578
547,454,660,577,527,575
555,466,663,569,526,581
550,454,659,578,528,573
551,455,661,573,525,574
543,471,653,581,525,574
550,467,649,581,529,568
552,467,662,569,527,579
531,471,649,582,528,571
552,469,662,572,525,582
551,467,666,568,526,581
538,473,649,583,528,574
545,458,657,579,530,572
547,455,663,578,522,577
551,455,662,579,522,577
546,471,660,578,522,576
545,466,655,577,522,579
550,464,664,583,529,579
544,457,656,580,529,570
552,466,666,570,525,580
550,467,665,571,528,580
540,467,660,583,516,578
537,461,645,582,524,571
549,468,664,583,520,580
541,470,656,580,523,576
547,453,661,579,528,579
548,460,664,571,526,582
549,464,663,569,529,579
550,462,665,567,528,580
544,464,662,576,523,579
547,468,659,580,520,577
535,461,649,583,529,569
537,459,646,583,521,574
546,464,661,570,526,576
544,466,660,583,522,577
533,468,651,583,527,579
549,464,661,574,529,577
538,447,652,578,527,573
535,466,648,583,527,575
547,475,660,583,517,579
549,470,650,582,525,572
547,469,661,581,515,578
545,456,660,577,524,575
537,459,655,580,530,571
541,460,651,579,529,567
540,472,655,581,527,575
551,465,663,569,528,579
549,465,666,570,528,579
545,472,663,580,518,577
547,462,664,584,515,578
547,465,664,570,529,579
548,471,661,574,527,577
532,468,651,584,527,571
543,472,660,580,524,578
550,454,663,581,520,575
547,463,664,583,515,580
537,465,648,586,527,570
551,455,664,582,520,579
551,467,665,570,527,581
542,466,656,580,525,578
546,471,661,581,519,577
545,456,658,581,529,572
540,473,656,581,524,578
538,474,654,584,525,577
551,448,660,580,521,579
539,462,649,580,530,571
537,471,650,585,527,571
541,457,654,582,527,572
552,470,664,573,525,577
549,468,666,570,529,579
548,470,664,571,528,581
542,459,655,580,529,572
550,468,663,571,529,578
547,467,663,569,528,578
549,466,664,570,524,576
548,457,660,579,525,576
549,466,665,569,528,580
550,471,662,580,516,581
547,476,660,584,519,576
545,455,658,577,516,582
545,473,660,578,525,579
539,462,661,570,528,580
547,473,658,580,522,576
539,472,652,584,526,573
538,473,649,582,526,575
549,463,665,582,516,581
549,454,663,580,524,577
544,472,653,580,523,575
546,471,659,584,521,577
547,468,662,582,521,580
544,455,655,582,531,572
537,473,653,582,526,576
547,474,661,575,525,577
545,474,649,583,528,570
547,473,660,573,527,578
546,474,659,577,525,577
538,466,647,578,530,570
538,472,648,585,525,572
539,470,646,581,527,571
548,468,659,572,521,582
537,471,646,583,520,580
549,460,661,583,515,581
549,467,663,569,527,572
540,458,647,580,525,571
549,458,659,579,521,576
549,467,660,570,525,582
539,457,657,578,527,570
550,465,666,572,527,580
548,455,660,580,525,576
539,461,650,580,531,572
533,470,650,583,528,570
545,474,660,576,523,578
547,469,659,584,517,580
547,458,662,579,524,571
545,474,659,580,521,577
550,459,664,579,521,581
537,467,649,581,529,570
541,465,649,580,529,571
546,475,660,579,524,574
548,471,659,576,525,581
537,470,647,584,526,577
539,459,655,579,528,572
551,469,662,569,527,570
540,460,653,579,526,571
551,459,657,582,529,570
543,462,654,580,529,572
548,474,660,574,527,580
543,460,653,581,527,573
554,472,662,569,530,577
551,470,659,571,524,581
542,467,646,580,529,571
552,473,659,575,525,580
552,473,658,576,526,577
553,470,664,571,526,584
552,465,661,583,517,582
553,468,660,570,529,579
543,460,642,582,524,571
546,459,653,582,529,571
550,468,658,587,518,579
554,469,659,574,525,582
545,473,658,579,523,578
549,472,655,583,520,578
553,467,659,573,528,576
540,469,647,585,526,572
553,463,662,571,530,579
550,467,655,580,529,579
549,454,656,581,526,576
550,467,658,581,528,574
556,462,661,582,521,578
549,457,662,585,516,580
551,451,658,576,527,573
553,459,661,585,517,580
555,463,656,571,530,580
555,461,648,584,519,581
554,449,660,581,524,579
550,451,655,579,525,576
545,454,664,584,528,572
553,458,659,586,518,580
556,453,660,586,521,579
551,446,655,581,529,574
553,459,659,587,519,580
552,461,656,582,520,578
554,456,661,573,529,581
552,437,655,582,525,577
544,461,647,587,526,572
556,452,664,572,527,581
557,457,657,588,517,579
549,442,659,583,522,576
543,450,645,586,525,566
554,452,660,574,529,579
553,450,659,588,517,580
555,439,657,584,525,579
555,446,659,587,516,581
545,445,648,584,529,570
553,454,657,579,527,578
552,438,654,582,529,574
556,450,659,575,531,578
555,448,660,576,529,577
556,437,658,586,525,577
560,453,663,572,526,580
549,450,655,569,529,580
543,453,650,584,526,575
551,438,655,582,530,571
543,446,656,583,524,579
542,444,645,585,529,569
555,443,660,582,515,581
554,440,661,587,518,581
545,439,647,583,530,576
545,449,647,587,526,574
556,446,660,576,527,581
553,448,655,581,525,576
556,443,660,573,529,581
557,444,661,573,527,574
543,439,646,586,529,569
555,433,662,586,518,581
553,439,659,576,528,578
547,437,647,586,526,577
551,444,657,589,521,577
554,441,655,579,526,572
556,436,662,572,530,580
557,434,662,573,527,580
557,433,661,573,529,579
558,434,661,572,524,577
556,425,658,582,521,576
550,440,654,582,526,579
547,436,662,576,528,579
552,435,657,576,523,577
549,426,649,584,531,571
545,429,645,586,529,570
556,418,659,585,527,574
556,434,660,574,529,579
554,431,656,587,517,578
549,426,648,582,531,584
555,431,660,578,524,579
557,418,662,584,521,580
543,434,647,587,528,571
553,424,656,580,526,578
558,427,660,588,515,582
545,428,647,584,529,570
543,434,646,586,530,570
553,439,658,589,520,578
550,423,651,583,528,575
544,426,649,582,529,570
558,428,663,573,526,581
552,421,656,582,526,581
558,429,662,585,516,582
554,426,654,581,524,578
544,438,649,584,530,571
548,433,654,582,527,571
552,432,654,582,530,575
556,444,661,574,530,577
549,434,651,586,516,578
548,448,651,584,526,573
555,446,653,572,528,578
545,448,645,586,527,572
551,441,652,580,525,579
557,448,657,585,517,579
555,450,657,588,516,580
552,451,657,586,517,578
557,435,660,581,515,578
561,446,661,574,526,581
556,440,655,587,511,580
550,455,652,573,530,580
541,451,645,585,528,571
549,448,645,582,528,575
555,451,653,587,516,578
551,439,651,582,531,573
545,454,652,585,526,575
548,455,647,585,525,574
554,451,656,581,526,580
560,443,660,585,518,582
561,451,661,567,527,580
555,438,659,582,523,581
558,451,659,578,527,579
552,447,661,587,515,581
554,454,655,584,522,578
557,448,661,588,515,580
555,454,660,573,530,579
554,452,657,586,516,581
555,439,655,582,522,577
555,452,657,579,523,577
557,439,660,586,519,579
556,453,659,572,527,579
554,438,659,580,521,577
547,456,649,584,522,578
544,457,660,579,526,581
555,451,660,585,516,580
549,456,656,581,524,577
544,451,647,583,529,569
559,450,663,572,529,581
556,451,659,586,517,580
542,455,651,584,525,568
556,455,661,584,518,580
551,435,651,580,528,573
558,449,660,583,516,580
556,439,657,580,523,577
556,449,653,582,520,578
556,443,662,582,520,580
557,452,664,570,525,581
558,457,653,580,527,581
556,453,659,581,513,578
559,452,660,585,516,579
548,458,651,584,526,577
558,455,661,578,527,581
552,443,656,581,525,574
558,457,658,579,526,577
549,459,651,582,521,577
561,454,661,572,528,579
557,458,656,573,525,583
555,458,658,587,517,577
556,457,659,572,528,579
558,447,661,581,520,578
554,447,656,581,525,575
557,455,653,576,525,578
547,456,649,580,532,571
554,469,657,580,524,577
549,457,652,585,520,576
558,460,663,567,529,581
549,458,654,581,529,571
558,471,663,568,528,581
557,474,653,577,529,579
554,473,659,577,525,580
560,470,663,569,529,580
550,475,654,580,523,576
556,476,653,579,519,578
560,465,663,564,527,581
545,471,647,580,528,570
559,472,665,567,527,580
544,470,647,582,525,571
551,476,654,577,526,577
555,458,655,577,522,573
558,467,661,580,516,582
548,473,647,579,529,569
559,461,663,579,517,580
553,467,662,580,518,581
558,470,661,583,520,578
558,472,661,571,522,582
561,460,661,580,521,578
559,474,659,568,529,579
550,460,656,578,528,577
557,472,663,568,533,580
548,478,649,575,526,575
559,473,662,569,528,581
557,472,660,570,529,579
558,472,663,566,529,577
558,475,665,575,526,581
556,472,663,571,527,582
557,475,666,575,525,580
545,478,650,581,525,576
556,478,661,575,526,577
553,480,658,581,520,575
557,473,652,580,516,578
547,470,648,580,529,570
554,480,659,586,521,578
544,479,649,583,516,578
552,467,658,580,527,577
556,470,662,584,517,581
544,475,647,587,528,571
551,477,660,586,516,579
556,471,660,584,515,582
557,468,664,583,518,580
559,461,662,585,529,574
552,479,657,580,526,581
543,473,649,577,530,569
554,478,658,576,524,579
550,463,657,581,525,577
546,475,647,584,526,572
542,471,653,581,529,570
556,479,663,571,528,582
556,479,662,572,525,582
551,484,658,580,523,577
556,468,659,582,523,577
545,477,647,582,529,570
544,482,648,584,526,573
547,486,652,582,525,576
553,482,666,575,525,582
552,485,659,585,519,578
556,481,663,571,526,582
555,480,664,581,522,579
552,486,660,576,525,582
554,480,662,578,526,577
555,477,662,580,526,580
556,472,662,581,521,580
551,488,658,579,524,577
558,478,662,584,515,581
550,481,647,580,527,571
556,489,663,572,525,581
536,492,647,584,528,582
551,494,658,575,527,579
554,482,658,584,520,581
557,493,668,573,525,582
554,493,664,569,529,580
555,487,661,580,526,575
549,497,660,585,517,577
544,496,653,584,525,576
551,498,658,580,523,576
554,491,661,588,524,577
553,494,663,573,527,582
551,496,659,578,525,579
555,482,664,582,517,580
552,494,658,581,525,580
553,483,663,583,517,580
551,497,659,582,521,578
542,492,646,585,530,571
554,492,664,573,527,582
540,488,647,582,529,571
544,491,645,585,523,572
551,480,658,580,522,578
555,483,663,582,529,573
546,485,660,577,524,580
550,480,663,583,519,580
553,483,663,581,519,580
541,501,654,581,528,575
551,498,659,575,526,577
553,496,665,578,525,582
554,493,663,572,528,580
554,496,660,573,529,580
553,498,659,570,528,570
554,496,660,573,527,578
554,497,661,585,516,579
540,495,647,585,527,573
553,496,659,583,516,579
539,491,648,582,529,570
552,488,659,581,517,581
543,497,650,584,526,576
552,490,662,583,515,581
551,491,661,585,514,582
545,485,663,586,517,572
554,479,660,582,521,580
549,487,654,583,525,577
554,489,663,573,526,580
553,487,661,583,519,580
552,493,659,577,527,577
551,492,658,576,524,579
555,488,661,575,527,578
551,492,659,578,524,578
548,482,651,583,529,567
552,484,655,578,523,578
554,483,659,583,515,581
541,493,649,586,527,575
536,493,646,585,527,569
552,491,658,580,526,577
544,478,650,584,529,571
554,487,663,571,528,582
555,471,662,581,522,577
542,484,647,585,530,569
554,472,663,584,518,580
557,485,664,573,525,581
550,472,655,583,524,579
548,490,657,584,520,578
549,478,652,583,528,572
556,488,665,577,525,580
555,487,665,574,526,583
550,491,656,582,525,577
553,492,660,578,523,579
550,493,658,580,522,578
543,491,646,586,529,570
555,486,663,586,515,581
549,480,655,580,532,575
557,490,663,572,528,580
544,493,647,570,525,580
558,492,663,572,526,582
556,481,663,582,521,580
554,496,659,579,523,577
553,498,654,578,519,579
557,483,662,584,519,579
556,495,661,575,525,584
555,482,661,574,529,578
545,487,648,582,527,581
551,494,657,575,528,579
545,494,644,578,527,570
549,495,660,574,530,578
554,490,661,582,515,583
550,498,659,577,525,579
542,495,648,584,528,571
553,481,655,580,525,575
553,492,657,571,524,580
556,494,662,571,529,581
552,480,658,579,525,575
542,502,655,581,527,575
552,495,658,578,525,575
558,493,662,572,529,582
555,489,664,581,516,581
548,499,651,582,524,578
554,483,663,580,528,569
549,499,657,584,522,580
550,491,658,575,526,579
552,498,657,584,517,579
547,483,658,580,526,576
553,496,661,573,527,579
551,485,655,579,528,574
555,496,661,582,516,582
543,502,652,584,528,573
551,493,662,579,518,578
552,496,654,575,522,578
553,508,659,574,525,578
545,493,652,577,529,571
542,501,647,581,529,570
553,501,658,575,513,582
556,500,662,566,527,581
554,499,662,568,527,577
556,499,664,564,529,582
547,502,655,574,527,575
552,499,660,567,524,577
551,500,658,576,524,572
545,498,653,577,525,577
552,479,664,576,519,580
547,493,656,576,526,575
544,487,647,576,529,570
552,488,660,574,520,579
546,473,655,573,527,574
555,475,665,576,518,580
556,470,659,581,517,579
544,484,648,577,526,573
543,478,651,579,528,574
557,471,662,564,529,582
546,472,658,574,528,570
553,468,659,564,528,574
554,454,663,577,519,579
551,469,659,574,519,578
548,451,656,573,531,574
552,461,660,581,516,580
553,465,658,577,523,578
557,451,661,578,517,580
547,459,654,576,526,575
556,444,662,575,519,579
557,449,662,565,531,580
550,447,664,568,525,581
552,446,659,573,526,579
555,436,663,578,516,580
550,428,653,575,529,571
553,440,660,577,519,579
544,440,655,578,525,575
555,436,660,568,527,576
554,437,658,578,518,577
551,420,657,574,528,574
547,425,653,574,531,580
555,424,665,574,523,579
544,431,648,574,530,571
553,440,659,575,528,573
556,434,658,579,513,580
551,441,658,572,529,577
557,433,662,578,516,580
555,438,662,567,524,578
550,428,656,573,529,578
553,438,663,566,526,581
546,431,653,573,531,569
558,437,664,571,517,578
546,437,647,577,524,570
545,437,653,577,527,575
556,431,664,565,523,577
549,443,653,576,527,575
545,444,649,575,517,578
551,430,658,573,528,573
553,430,658,573,528,574
552,445,659,572,521,577
554,440,663,578,530,572
556,440,662,578,518,578
552,437,661,579,517,580
554,451,660,574,522,577
553,438,659,579,521,580
547,446,649,576,527,572
544,445,653,577,527,573
556,442,658,570,526,581
555,441,665,569,527,583
558,433,665,576,518,579
556,431,665,575,520,580
556,438,658,579,517,580
557,443,660,565,530,578
557,425,664,570,514,579
558,440,663,564,530,580
556,442,662,563,532,580
559,429,661,574,519,579
556,446,655,578,518,578
557,442,662,578,515,580
555,431,661,565,517,578
560,433,665,577,520,582
558,435,664,577,519,581
551,433,656,575,528,573
555,447,657,571,526,578
545,439,648,575,530,571
547,438,644,572,531,570
555,449,655,564,527,578
555,437,660,578,517,580
555,446,659,568,526,578
556,442,664,563,528,580
555,445,661,578,519,579
554,441,655,574,521,579
550,434,653,572,531,573
547,449,650,577,523,572
546,449,651,578,528,573
557,440,662,576,517,580
556,445,662,574,530,567
559,446,663,564,526,581
550,446,657,573,527,579
554,444,659,569,524,577
558,448,659,569,529,577
547,440,648,574,531,571
557,443,664,577,519,580
555,452,660,578,519,578
551,438,654,574,531,572
556,446,662,578,517,582
554,434,658,574,526,575
544,448,647,576,530,567
555,451,658,571,526,582
556,449,654,572,527,580
558,438,663,572,518,581
557,449,662,577,515,581
557,448,662,563,529,581
549,440,652,573,529,570
555,447,660,571,518,577
561,449,660,566,529,581
559,444,663,576,527,581
554,449,658,577,517,580
551,454,657,571,524,577
552,452,659,574,526,580
556,436,657,573,527,575
557,451,660,570,527,577
555,429,661,573,525,577
556,445,662,577,516,580
549,454,653,578,527,577
557,451,660,566,531,578
558,440,661,572,523,577
555,451,664,567,527,582
544,451,648,576,529,574
554,449,667,563,527,583
554,454,660,571,525,578
560,450,660,566,526,582
549,446,652,574,528,572
549,455,651,575,526,578
557,437,658,574,526,575
547,448,644,575,529,573
556,451,660,572,522,578
556,451,654,572,530,574
558,452,661,563,529,579
558,450,664,561,528,577
556,455,659,569,526,579
560,451,665,561,528,579
560,442,663,574,518,580
559,454,661,558,530,578
547,460,652,577,526,574
559,452,662,576,517,581
559,441,660,572,524,579
559,454,661,576,517,579
556,456,660,566,530,578
557,453,662,577,518,581
548,443,645,575,527,570
546,445,645,572,531,569
557,455,661,576,515,580
548,450,653,570,526,572
560,444,662,571,519,581
556,444,658,571,528,577
558,443,663,574,516,580
546,457,648,575,531,572
548,458,653,574,528,575
552,443,655,574,527,574
553,443,662,574,521,579
553,457,655,572,527,577
558,443,664,575,517,581
555,458,660,566,527,578
560,453,657,563,525,581
554,447,653,572,526,580
558,453,659,565,523,578
551,449,649,575,530,572
559,453,662,563,530,580
554,443,656,571,529,573
548,458,661,566,530,578
555,460,662,568,527,577
557,455,663,563,527,583
558,456,661,570,529,571
555,459,658,572,520,576
559,457,660,566,527,581
546,457,648,576,529,571
554,445,655,572,530,573
557,444,661,572,524,578
556,457,658,574,519,580
556,458,660,570,525,578
548,457,647,571,526,582
559,456,664,557,526,581
546,450,648,576,518,579
553,460,657,573,527,579
559,445,662,575,520,580
546,456,647,575,531,571
562,454,665,561,529,581
547,457,648,576,531,570
551,459,654,574,527,579
562,455,662,565,528,578
556,462,658,572,523,577
545,453,648,574,526,578
557,459,660,564,528,571
556,461,658,577,524,571
555,461,659,577,521,579
554,460,655,572,527,579
557,458,658,577,518,578
559,455,661,563,530,580
557,443,659,572,523,579
556,459,663,568,525,580
558,455,663,569,513,581
548,457,647,575,525,582
545,460,648,576,531,571
547,453,647,575,531,570
557,456,647,575,530,569
558,454,661,576,517,582
558,442,659,570,525,580
545,461,647,576,530,572
558,454,663,576,518,580
547,452,647,573,531,571
555,446,654,571,534,573
559,445,662,575,516,578
557,457,657,574,525,577
555,445,654,572,527,573
555,457,659,570,527,579
556,455,660,576,518,581
553,443,658,570,526,574
561,458,663,562,532,579
547,462,647,576,530,571
559,456,665,562,530,582
559,443,664,574,521,581
560,445,661,574,524,571
558,455,663,563,530,581
555,459,656,572,527,579
550,454,652,576,522,577
554,460,659,578,523,579
558,461,658,573,524,579
555,461,658,569,524,578
553,458,658,572,526,577
555,461,658,571,524,577
555,448,654,573,529,574
558,446,664,574,516,579
555,459,659,574,522,578
555,460,658,571,526,578
559,442,661,567,519,571
560,447,667,573,519,582
548,464,652,578,528,573
559,446,662,573,519,579
547,458,647,570,532,568
546,462,648,578,528,573
557,459,660,576,530,571
556,455,662,576,519,582
562,446,660,573,522,568
558,445,659,572,522,570
561,447,659,575,517,579
551,449,649,571,520,579
556,446,658,570,524,581
558,458,659,559,527,579
558,445,656,569,524,577
559,458,660,562,522,579
560,458,662,556,531,580
557,457,657,570,519,579
546,455,645,567,531,571
557,462,657,571,518,580
559,460,659,562,525,581
559,457,660,557,529,582
548,455,645,568,530,568
558,458,659,558,530,578
559,458,662,564,526,579
558,452,658,573,517,582
554,447,661,571,518,582
550,463,657,566,525,578
557,460,655,563,527,578
563,451,658,559,526,583
547,462,646,573,528,573
555,448,654,567,528,576
555,461,657,574,518,580
556,463,655,564,527,577
556,450,652,567,527,575
555,461,657,566,522,579
557,458,659,569,513,581
552,464,652,570,522,578
548,465,649,573,527,574
558,461,656,560,530,578
556,464,654,565,527,581
553,461,658,561,527,583
558,453,655,568,527,578
560,461,661,559,528,581
560,463,653,562,529,580
552,449,654,569,525,581
560,448,657,569,522,579
556,463,655,568,523,577
558,449,658,569,524,579
546,458,643,572,530,572
557,459,655,567,527,577
558,462,659,562,530,579
560,443,659,568,521,579
561,460,659,563,528,582
557,457,656,568,527,579
559,455,661,572,517,582
558,466,654,566,526,578
556,462,657,576,526,580
555,449,661,571,520,578
555,463,656,575,518,580
546,461,644,573,530,572
554,465,654,567,525,576
558,455,657,575,519,581
556,464,657,574,519,580
555,463,654,571,522,578
556,466,655,571,526,577
558,449,657,571,525,577
551,451,659,562,529,580
548,457,644,572,531,571
559,450,659,572,520,580
554,468,656,572,526,577
557,452,661,573,518,580
558,462,660,560,531,580
560,456,659,575,517,581
553,467,656,572,524,577
553,462,660,562,527,581
559,461,661,562,529,582
559,455,660,573,515,581
546,463,644,573,529,571
552,463,659,567,525,575
559,462,660,561,528,572
559,461,657,561,532,571
547,466,647,573,530,581
558,460,660,574,517,582
556,464,656,567,524,579
554,449,658,571,524,577
554,467,656,577,522,575
559,451,660,574,519,571
551,452,652,572,529,573
561,462,660,562,529,581
557,459,661,573,517,581
547,467,648,574,527,574
558,461,662,562,526,582
558,455,660,573,519,581
548,460,645,573,525,574
552,469,643,575,529,582
555,467,655,575,520,580
555,459,656,567,528,579
553,466,656,572,523,578
560,462,659,561,529,580
554,467,657,577,514,580
546,455,644,572,531,569
558,451,657,579,516,582
553,466,655,574,518,575
558,460,660,556,525,580
550,466,657,568,527,577
548,467,646,575,529,571
558,453,659,573,518,581
549,452,651,573,534,574
549,453,649,572,529,572
554,461,652,572,522,579
545,465,643,576,529,571
545,461,645,573,532,571
559,463,659,566,530,580
558,456,660,576,518,582
553,454,652,565,528,571
555,467,654,573,524,577
555,452,659,558,532,580
558,464,659,567,528,580
543,466,649,575,528,573
559,452,657,572,522,578
559,455,659,560,530,580
556,463,653,560,531,578
549,452,653,573,536,574
560,462,661,562,529,579
557,466,655,567,532,575
555,462,654,569,526,579
559,450,659,573,519,580
547,462,646,575,530,570
556,449,657,573,527,577
545,453,641,576,527,570
551,463,657,576,519,581
556,465,660,565,527,584
547,463,644,575,529,571
555,465,657,564,528,578
559,464,663,563,528,581
545,463,643,576,527,581
551,455,652,572,528,573
555,455,660,577,519,580
546,467,658,576,515,581
555,471,658,579,517,580
551,458,653,574,526,576
553,477,655,574,520,577
548,468,648,575,522,579
552,473,657,580,517,578
556,465,659,577,511,576
554,472,661,565,529,581
549,463,655,573,523,570
555,464,657,576,520,579
553,477,661,565,530,581
540,479,644,582,528,570
554,467,661,561,530,580
551,476,658,573,526,578
541,480,648,581,527,572
542,469,649,578,530,572
552,475,657,581,518,579
552,478,656,573,528,578
556,466,660,578,516,578
549,477,658,572,528,577
546,480,656,577,523,574
553,474,662,567,528,580
554,477,656,566,528,580
544,467,646,579,530,571
555,467,662,578,519,579
551,480,656,577,524,578
552,478,660,575,525,578
543,470,648,578,530,570
556,464,659,579,524,578
546,481,657,583,521,579
550,465,657,578,525,576
544,470,647,582,525,578
555,475,660,583,516,580
552,481,655,579,528,577
553,477,660,583,516,578
545,482,643,579,527,573
550,482,657,583,522,579
552,478,656,584,529,571
544,473,649,589,527,571
556,467,664,576,529,580
556,464,662,580,530,581
550,463,657,587,523,576
552,461,658,587,525,577
549,458,658,595,513,577
547,452,646,594,524,566
547,453,647,588,527,574
556,451,660,593,517,574
556,451,660,586,523,573
558,443,661,593,514,575
560,435,661,596,513,575
556,447,660,586,521,572
549,446,653,593,521,568
554,443,656,588,521,572
555,440,664,585,519,577
559,439,664,581,522,576
556,444,659,586,513,575
557,439,663,579,522,574
545,436,648,587,518,562
552,442,654,581,512,563
547,430,649,579,514,565
556,424,658,575,511,562
555,442,659,572,510,571
561,427,662,574,495,559
554,424,656,562,501,556
556,437,659,555,481,566
555,431,663,531,479,564
555,428,662,523,474,560
556,425,666,513,469,561
558,426,663,511,468,561
543,417,649,518,472,555
552,420,664,517,459,561
549,412,666,502,474,559
536,426,648,515,470,557
547,419,664,513,458,556
545,429,661,507,457,558
548,428,663,507,466,556
549,423,664,512,464,546
548,422,665,510,453,556
549,432,661,508,448,553
548,416,666,510,458,546
556,421,666,500,458,554
553,419,668,511,460,545
556,429,668,500,461,552
543,428,646,514,462,548
547,421,656,510,463,551
554,428,666,502,461,553
548,417,659,510,464,548
551,416,661,512,457,546
552,431,663,507,454,556
541,432,652,516,463,552
548,414,654,515,461,544
544,433,653,519,463,554
550,430,661,513,462,552
547,431,657,517,462,556
553,420,664,522,454,553
554,408,663,520,461,545
549,423,662,526,456,552
556,415,666,525,454,552
550,424,662,518,466,554
550,424,662,523,465,553
556,420,665,532,456,552
551,427,661,524,465,555
553,420,667,523,470,553
541,423,650,534,472,551
551,423,664,537,461,555
542,425,651,541,472,554
551,412,661,536,468,547
547,428,658,537,470,555
550,428,665,527,476,552
539,432,647,548,475,555
548,422,665,546,462,553
548,423,666,547,466,548
538,421,652,546,478,546
545,413,661,545,474,545
546,427,667,538,475,553
546,417,662,549,472,545
547,418,664,547,474,544
550,429,667,540,478,551
536,435,653,554,476,557
547,427,664,552,465,553
540,422,655,550,476,543
539,437,662,549,474,555
539,436,663,556,467,553
531,436,651,554,478,549
543,434,664,556,468,553
532,437,652,555,480,547
530,429,650,555,479,548
541,438,666,542,480,553
533,442,656,557,471,551
543,428,666,554,470,546
538,428,660,554,475,543
531,441,651,556,480,548
537,448,662,559,467,552
535,439,659,552,479,543
539,441,664,556,477,553
535,457,664,547,478,552
535,455,662,558,468,553
533,465,659,556,475,556
536,453,664,558,468,547
524,461,649,557,478,552
536,461,663,556,465,551
532,467,661,553,476,553
537,460,666,547,479,550
539,462,664,540,480,549
535,467,660,553,475,551
534,452,664,555,468,552
523,465,647,559,480,549
535,462,663,560,468,553
529,463,664,551,475,554
536,460,665,546,475,549
526,455,654,558,481,544
529,465,660,556,476,554
528,455,653,558,481,545
536,465,662,553,477,553
523,465,648,563,480,554
524,454,651,561,483,545
527,464,660,557,478,555
532,465,663,553,481,553
522,464,649,563,481,553
527,452,656,561,478,543
522,468,651,564,483,551
532,465,660,557,479,556
527,454,652,562,483,545
531,467,661,561,474,555
526,455,651,562,482,545
527,456,652,563,484,547
522,465,650,565,481,551
536,465,662,556,480,553
530,466,663,559,476,555
536,462,665,550,484,552
520,469,651,564,479,556
531,460,664,567,469,554
538,455,665,552,481,552
530,468,659,561,478,547
534,461,659,563,472,555
530,454,658,561,479,545
523,459,650,562,484,546
533,472,660,564,475,554
526,473,650,565,481,554
537,459,665,565,471,550
534,473,660,559,479,553
535,473,661,561,473,555
537,458,665,563,472,549
539,472,662,549,482,554
532,459,658,562,481,547
534,472,663,566,472,557
538,469,663,566,469,554
539,457,664,564,474,551
537,474,657,558,482,554
536,471,662,557,483,553
539,469,664,553,480,555
530,475,660,564,476,556
540,464,666,566,466,550
526,474,657,562,478,557
539,470,667,556,481,555
538,457,661,562,479,546
532,473,653,565,480,557
538,468,665,559,478,557
528,464,650,566,483,551
532,454,657,563,481,547
534,456,657,562,484,549
541,465,666,553,482,557
539,467,660,557,480,560
539,471,660,556,481,554
535,451,648,564,484,549
542,465,664,567,470,557
543,465,666,555,480,555
539,454,659,561,482,547
543,457,663,568,471,557
534,456,658,562,484,548
538,473,656,566,479,558
531,469,655,567,480,559
534,460,655,563,484,550
543,453,663,562,481,549
541,452,664,563,477,552
537,454,659,561,482,549
540,468,661,566,473,559
538,468,662,561,480,559
540,467,661,566,472,560
541,470,661,559,483,558
527,457,652,563,485,554
538,451,661,561,479,549
543,462,663,552,484,556
542,449,662,563,472,549
541,466,665,560,481,560
543,454,666,563,473,556
540,462,663,568,471,557
536,467,660,562,481,562
533,454,652,562,480,550
539,463,663,555,479,559
541,457,664,565,471,557
545,462,663,554,479,559
543,449,667,564,470,551
527,455,651,564,485,551
538,466,661,562,478,558
544,462,667,553,482,558
539,466,661,563,477,558
544,451,665,563,472,553
545,463,665,555,484,559
542,459,665,565,471,554
531,461,651,563,483,560
540,459,663,562,468,560
536,454,656,563,485,550
543,450,663,562,478,550
544,458,665,560,471,554
547,464,659,554,486,557
539,464,660,559,480,557
543,466,662,558,481,558
546,451,666,562,477,552
533,461,650,566,483,557
534,462,649,565,484,557
542,464,662,557,483,558
533,466,651,564,485,559
537,466,656,563,476,561
530,467,650,565,483,560
539,466,658,559,479,562
543,470,661,562,478,560
545,465,664,553,485,558
543,459,662,564,472,561
542,469,661,566,475,557
547,464,651,559,479,560
536,467,654,565,483,561
546,462,666,552,483,558
547,466,666,557,482,556
534,467,655,564,482,561
545,463,662,557,486,558
544,449,663,562,478,553
535,464,652,565,483,558
542,465,660,560,477,562
543,445,660,559,482,550
542,458,656,564,479,561
534,455,650,566,484,558
548,451,665,566,475,558
544,460,662,564,474,560
535,455,649,566,483,557
539,446,658,559,486,551
546,454,663,561,481,559
548,454,663,556,485,559
546,453,663,555,484,557
540,453,656,563,481,562
549,449,664,553,485,558
534,450,649,566,486,559
543,438,657,560,489,551
536,453,654,565,482,562
533,452,651,567,484,559
546,435,661,557,483,551
547,450,663,553,487,559
547,452,663,557,484,559
536,453,650,567,483,560
550,448,663,553,487,555
548,445,664,566,474,558
550,444,664,552,486,558
547,447,661,567,474,561
548,447,664,553,487,558
549,444,665,553,488,558
536,436,656,563,484,549
547,433,660,561,483,550
554,435,666,558,477,554
539,451,650,567,488,559
547,437,659,561,484,552
539,449,651,566,475,556
550,435,663,562,479,554
547,449,660,559,485,564
539,443,651,564,489,554
545,444,666,555,487,559
550,447,664,551,486,559
550,449,658,564,482,553
549,449,663,555,487,558
550,450,662,568,473,561
552,446,665,555,486,561
549,448,662,556,487,560
545,454,660,564,479,562
550,448,665,554,484,560
550,446,664,567,474,561
548,434,660,563,482,561
541,452,649,568,484,560
549,435,662,562,487,552
550,433,660,564,480,551
550,436,660,563,480,553
549,451,661,566,477,563
549,448,668,557,484,562
547,452,659,562,482,562
544,450,662,566,475,562
540,451,653,567,484,564
550,433,659,563,486,552
552,446,665,552,489,559
550,440,663,564,474,559
547,448,661,568,474,563
546,450,660,561,483,561
542,450,659,568,478,564
553,435,666,567,478,555
546,453,661,564,480,562
541,452,651,567,485,563
550,447,662,567,475,562
550,436,665,563,473,556
539,446,651,567,487,558
541,439,649,564,488,555
545,450,658,563,482,563
548,435,658,563,486,552
552,443,661,564,475,563
540,450,650,568,486,562
552,447,664,553,487,560
542,451,653,564,485,562
547,447,666,553,486,560
550,447,664,556,484,562
547,454,660,563,477,564
554,437,665,564,478,555
550,452,663,565,475,561
553,438,665,563,476,556
554,438,662,562,481,553
549,455,660,561,480,562
551,446,661,565,477,564
541,446,647,562,488,553
546,453,657,562,484,563
550,450,661,564,472,563
552,449,666,550,490,561
538,444,651,563,489,555
553,451,664,550,485,561
543,444,651,562,487,555
553,450,667,551,485,561
549,451,657,561,483,564
547,439,658,561,487,552
544,454,661,560,484,562
538,448,649,565,487,560
553,437,663,561,482,553
544,455,655,565,482,565
553,444,662,564,475,558
547,439,659,563,481,554
543,444,652,563,487,554
548,449,657,563,475,554
546,440,654,562,488,553
553,443,664,565,474,558
538,452,649,565,488,559
551,445,666,564,476,558
547,462,657,563,483,564
541,461,649,568,485,566
538,459,650,567,474,557
554,459,667,557,487,562
545,452,658,562,490,555
541,468,653,566,486,565
554,466,656,567,484,563
544,471,652,567,484,564
550,469,664,555,482,559
554,459,665,565,477,555
550,469,664,555,489,561
549,475,662,559,486,559
549,476,664,556,487,560
540,472,650,569,486,558
548,477,662,571,469,562
547,463,662,564,483,555
547,474,662,569,475,562
537,479,652,570,488,562
550,473,666,558,486,562
545,475,666,558,487,561
550,474,665,567,483,562
550,472,664,571,474,562
545,463,657,568,484,554
545,480,660,573,482,562
537,483,651,572,485,561
550,478,661,563,483,562
545,479,662,560,486,560
542,478,662,562,488,561
550,470,667,572,473,560
552,475,666,559,488,561
550,476,662,557,487,561
547,463,663,568,482,554
551,477,663,563,486,564
548,480,660,567,482,565
550,475,665,559,488,560
550,464,665,565,480,555
550,469,665,572,478,557
550,472,664,572,475,560
546,482,653,571,475,563
548,481,659,570,484,563
546,485,656,568,484,566
551,479,662,566,486,563
543,470,656,568,489,553
547,483,661,565,484,564
546,464,657,562,482,553
552,467,666,571,478,559
551,479,656,558,485,559
548,461,665,559,488,561
553,476,662,566,487,561
554,472,664,558,486,561
549,472,659,566,485,562
553,464,667,572,478,560
542,472,650,573,485,564
554,453,662,571,483,554
550,469,660,568,486,563
548,451,660,567,485,553
550,467,660,570,479,564
552,462,658,568,485,566
554,450,660,576,471,560
550,465,659,569,484,563
549,460,657,572,483,565
556,446,664,572,479,558
555,453,665,561,488,561
548,459,657,570,485,563
550,454,664,562,489,561
552,439,660,570,484,556
556,437,664,571,480,556
556,441,648,572,476,562
546,452,660,572,481,565
543,450,650,575,489,563
554,432,665,570,481,554
553,444,663,568,483,564
558,441,662,568,484,563
551,444,659,565,487,562
551,441,664,562,484,564
546,443,649,575,489,559
537,439,648,575,487,559
544,433,652,573,492,557
553,444,662,577,478,564
553,429,659,571,486,554
555,440,662,576,476,563
555,429,661,571,487,554
553,446,660,575,482,566
554,445,659,571,486,560
550,444,657,573,484,566
555,441,663,563,490,560
556,442,665,562,490,560
554,429,663,574,485,554
544,440,649,576,491,556
546,434,649,574,490,558
552,443,661,571,485,566
555,444,662,569,482,565
554,443,662,571,486,562
548,437,652,576,482,567
559,432,665,577,477,562
552,441,660,575,485,564
557,442,665,569,486,563
547,433,650,573,490,555
550,445,659,573,484,564
553,444,664,568,486,565
547,443,657,575,485,566
552,447,660,579,483,568
548,445,653,577,488,564
556,440,663,566,491,560
551,447,662,568,486,564
556,432,666,576,475,558
555,439,657,577,475,565
556,439,665,576,475,562
553,430,657,572,488,555
554,445,660,569,487,564
553,446,659,572,486,565
559,436,664,575,477,561
554,440,662,568,486,564
545,434,650,575,488,559
557,433,666,562,488,561
553,440,660,580,482,564
545,426,649,575,488,560
553,426,666,578,476,558
545,426,650,577,488,560
554,433,659,575,482,564
552,431,661,575,483,565
552,425,666,565,489,563
550,418,652,573,490,555
558,409,664,569,482,556
546,432,653,577,486,564
545,430,648,575,489,564
558,427,664,566,490,561
559,432,661,566,477,562
545,433,649,577,489,561
556,429,662,563,490,562
553,428,666,563,488,563
554,431,663,567,486,564
557,422,664,575,477,560
555,433,660,570,487,562
548,420,655,572,488,555
556,430,659,568,485,564
558,421,666,574,474,560
559,425,664,576,478,563
560,417,668,573,478,559
546,432,651,575,487,563
555,412,659,571,489,554
557,421,659,568,487,566
550,429,662,577,480,565
559,426,665,564,489,563
552,432,655,561,486,565
551,427,664,577,476,563
558,421,662,572,478,563
560,427,665,561,490,562
558,427,665,573,477,564
561,430,661,566,486,564
556,431,660,573,478,562
550,418,655,572,491,555
553,432,661,567,487,563
560,425,664,576,478,562
552,421,653,571,491,556
555,434,659,572,484,563
551,420,655,572,494,556
556,430,662,577,478,566
556,431,660,572,487,561
555,419,661,572,485,555
557,431,661,577,478,566
546,434,651,577,486,565
556,431,661,577,479,565
551,431,664,576,479,563
558,427,667,561,490,563
558,430,666,563,487,563
547,423,652,572,490,556
555,429,663,564,490,561
547,434,649,575,484,565
551,433,659,571,492,557
555,433,661,564,487,566
541,434,649,573,489,559
555,433,661,563,489,564
545,434,650,575,489,563
553,431,662,563,490,562
556,430,662,574,479,565
554,417,659,568,487,553
556,428,661,561,492,562
557,429,666,562,488,564
555,428,665,564,486,565
553,416,661,569,485,554
543,429,649,572,492,560
544,430,647,571,490,561
557,429,660,563,488,564
552,416,659,569,485,554
544,418,651,566,484,556
555,425,665,572,477,562
545,426,650,571,491,557
544,431,649,574,490,564
546,425,651,570,491,556
556,417,664,570,482,555
555,415,663,567,483,556
554,434,656,566,483,561
556,430,660,569,478,562
556,424,665,569,490,564
547,426,649,570,491,560
554,432,660,568,484,564
553,433,658,574,479,566
552,430,666,558,489,563
555,429,664,557,492,562
551,432,659,569,485,566
552,433,657,568,483,566
551,423,656,568,492,556
552,436,662,570,486,563
555,432,662,563,491,561
558,431,665,565,484,553
554,436,656,570,478,565
557,432,663,559,490,561
555,435,660,563,487,564
557,422,665,570,487,558
557,435,665,557,489,561
550,424,659,567,486,554
557,434,664,557,490,563
543,433,648,572,489,560
555,437,664,560,492,562
557,422,660,566,485,555
553,438,663,563,487,562
545,442,650,569,490,565
552,442,656,567,486,566
557,439,666,555,492,562
553,444,660,566,489,562
546,443,662,572,480,564
553,442,661,560,487,561
545,440,649,569,492,559
553,444,662,566,489,562
548,448,664,569,492,565
552,452,660,572,483,565
548,455,656,572,487,564
557,442,665,569,478,560
552,456,659,568,484,564
554,439,663,567,482,555
556,454,663,556,491,558
551,454,662,560,490,561
542,459,653,569,487,566
552,458,660,569,484,565
558,445,663,570,480,559
544,462,653,572,487,563
549,460,655,570,486,565
550,462,660,573,478,565
553,451,661,561,491,561
544,465,648,572,487,560
551,459,662,574,474,561
553,459,660,572,484,564
553,452,664,572,477,563
548,464,650,569,489,564
547,444,659,570,484,554
550,459,659,567,486,564
544,454,656,574,479,559
543,464,652,573,487,562
555,445,665,570,484,557
556,458,665,557,491,561
555,458,660,564,489,564
546,459,649,574,489,560
552,460,663,559,489,561
551,461,661,565,487,562
554,459,661,575,480,565
556,456,664,559,487,562
551,460,661,566,487,561
548,465,661,564,488,562
550,454,659,569,488,553
546,465,650,571,490,556
553,470,664,573,478,561
551,472,664,566,478,558
553,475,664,572,479,557
550,484,659,572,477,564
546,472,656,571,485,554
551,485,661,565,491,561
542,476,651,573,494,556
549,483,661,573,478,565
550,470,663,571,480,557
548,487,664,568,486,564
542,468,649,570,486,553
552,485,663,564,490,561
546,484,664,561,488,562
537,486,651,573,487,563
537,489,649,574,488,562
543,486,660,573,482,563
551,483,666,567,485,563
550,483,659,566,488,564
550,486,662,566,490,562
550,470,661,570,487,552
549,470,659,571,488,553
550,471,664,572,482,557
552,486,660,578,477,562
539,479,650,572,490,556
552,483,664,563,491,560
543,489,656,570,486,566
551,474,662,571,482,555
550,485,663,563,488,563
539,480,650,574,490,558
552,472,664,575,481,557
547,486,660,570,486,565
551,469,660,570,486,554
551,484,667,562,489,563
553,483,665,564,489,562
541,479,652,573,482,566
552,477,666,559,485,562
552,478,663,575,478,561
552,477,665,576,477,560
550,484,662,564,492,562
537,475,654,573,491,553
552,484,662,563,487,562
549,483,661,568,488,561
547,484,662,570,485,563
553,483,664,569,488,564
551,478,664,563,491,562
553,469,664,575,482,557
550,466,659,570,490,554
548,483,660,572,482,565
552,481,664,561,491,561
547,468,660,568,486,564
550,477,659,570,483,560
551,483,659,573,484,563
552,478,666,564,490,563
549,481,661,567,488,564
547,480,663,569,488,565
552,468,665,573,478,559
542,472,648,574,492,560
546,477,662,568,489,562
549,475,661,577,478,564
549,482,660,573,489,563
538,480,656,574,487,564
542,470,650,574,491,557
541,478,650,577,487,565
551,471,662,575,477,564
548,476,659,577,477,564
551,452,663,568,480,555
550,468,663,569,489,562
540,469,651,574,492,558
534,467,648,575,492,559
541,474,653,575,488,565
550,467,663,576,476,561
541,476,649,576,487,567
540,466,650,571,486,563
539,463,651,573,490,556
544,470,662,575,483,565
540,466,648,574,489,560
539,470,647,573,491,564
547,454,662,572,488,552
543,452,659,572,482,554
552,467,652,574,488,564
542,470,648,577,491,564
555,467,665,565,488,564
557,466,665,563,491,562
537,471,650,573,489,567
554,465,665,563,492,561
543,470,652,575,488,568
553,462,663,578,477,561
553,470,661,564,488,565
553,463,663,577,479,561
553,467,663,562,489,563
554,465,660,572,489,563
551,463,664,574,479,560
547,466,664,562,488,563
554,456,664,575,481,556
548,457,657,572,491,555
542,462,644,576,486,557
558,462,666,563,490,563
545,451,649,573,491,557
551,461,660,576,479,564
546,452,650,577,491,557
550,443,658,565,492,562
554,454,663,569,487,565
555,442,663,574,480,558
543,450,650,577,490,564
557,447,665,561,493,563
555,432,660,574,484,555
555,447,659,569,487,566
557,431,664,575,484,558
553,443,659,575,484,565
556,439,665,564,489,561
552,447,658,572,488,564
543,430,644,576,487,559
549,431,652,573,491,552
559,432,661,577,478,563
548,438,661,572,488,563
542,437,651,578,489,565
556,433,663,564,489,563
558,426,658,568,485,564
546,430,649,575,490,559
554,432,661,579,479,565
545,433,658,572,488,566
557,420,663,574,487,568
553,432,660,576,486,565
551,430,660,577,485,566
555,423,662,563,491,563
546,417,649,574,492,557
554,432,658,574,484,566
557,414,667,574,482,561
557,425,664,563,491,562
554,429,660,570,486,565
553,427,658,572,489,567
554,425,660,577,481,562
546,416,649,576,492,559
555,425,660,575,481,567
560,420,665,562,490,563
552,427,662,573,486,564
545,427,649,576,488,563
557,412,660,575,482,556
545,421,649,577,491,562
555,420,665,562,491,562
554,415,660,566,483,566
558,415,662,568,490,563
555,423,660,570,491,563
547,425,650,577,490,564
554,420,665,561,492,562
549,412,656,574,493,555
551,410,657,573,485,555
554,426,662,561,486,563
557,411,664,558,488,562
554,422,660,575,481,566
558,413,664,575,479,561
555,423,660,570,489,566
553,425,660,568,489,565
557,422,662,562,493,563
558,427,660,569,488,564
555,423,660,559,490,566
559,412,667,574,480,557
559,423,666,563,493,564
545,424,647,573,491,559
551,413,652,572,488,554
554,434,660,567,483,565
557,430,663,559,491,563
561,420,664,570,482,559
539,435,648,573,490,564
556,436,661,559,492,562
544,440,657,569,486,567
552,441,660,576,483,566
558,428,662,568,487,553
554,445,659,562,491,563
544,442,650,568,490,558
555,447,660,564,486,566
554,442,655,565,489,560
553,446,664,564,487,565
555,451,664,564,492,563
558,435,661,563,484,555
555,436,660,567,491,556
555,454,655,566,479,564
545,456,649,572,491,563
544,458,649,573,491,562
557,457,662,558,493,560
553,466,656,569,481,565
542,468,649,572,490,564
553,473,659,566,489,561
543,465,650,569,492,556
555,470,664,558,487,559
555,473,665,560,491,561
544,477,652,570,488,565
541,476,648,567,490,563
546,463,657,566,492,554
553,471,663,573,479,562
539,475,647,571,491,559
550,476,664,559,489,563
540,473,651,571,490,563
540,479,652,572,487,562
552,457,663,565,486,553
544,478,659,563,488,561
548,464,664,569,486,555
540,484,651,570,487,566
548,480,660,571,482,564
539,469,650,569,492,554
546,464,662,568,487,554
551,477,669,559,490,563
547,458,663,564,481,555
550,478,666,559,489,563
541,466,659,572,484,565
541,480,656,568,485,565
544,478,664,561,490,560
547,479,664,558,490,560
545,479,663,563,491,562
546,480,663,563,492,562
544,480,666,561,492,562
545,484,665,562,491,561
540,486,664,575,478,563
532,491,650,571,492,557
530,496,647,570,491,560
543,492,663,569,478,562
527,494,648,565,491,556
533,486,654,564,489,553
527,492,650,564,491,555
540,499,665,554,488,565
529,504,654,566,487,564
527,489,644,566,487,558
535,501,660,567,482,564
540,501,660,550,491,560
538,496,666,566,480,562
528,505,648,566,491,561
525,506,649,567,491,559
537,509,662,550,493,557
535,512,662,559,488,563
526,514,649,566,491,558
532,512,649,568,490,561
539,510,665,556,492,562
521,513,655,564,493,553
531,511,655,566,486,563
523,516,650,568,494,556
527,507,657,566,492,551
529,504,652,568,495,553
528,502,664,568,486,554
523,503,657,568,492,554
526,512,648,570,494,561
529,521,662,561,494,561
529,518,661,568,489,561
529,519,659,569,490,565
533,519,657,568,491,565
519,526,651,570,494,556
527,510,658,569,493,553
530,517,651,574,494,562
521,528,648,574,495,558
530,510,660,572,484,555
530,520,652,572,493,563
525,524,663,567,497,559
524,521,648,577,496,560
532,506,664,574,488,553
532,505,663,575,490,553
527,507,656,571,497,552
520,518,652,574,498,552
533,515,662,576,491,561
523,509,655,576,500,553
530,519,662,568,500,558
536,505,666,576,487,556
537,511,666,566,496,561
534,518,667,565,499,560
536,515,662,574,496,564
529,519,651,579,497,561
538,509,665,561,494,561
536,501,664,579,491,554
531,515,650,581,496,561
534,501,659,575,496,552
539,500,666,580,489,556
532,502,661,574,496,562
529,492,651,579,499,555
524,494,650,581,500,557
536,498,663,572,498,560
539,489,666,578,488,557
535,497,663,580,487,563
539,495,665,567,499,561
536,500,663,582,487,564
535,501,660,578,489,563
537,485,663,576,492,553
538,500,661,577,493,564
533,500,660,578,496,565
536,499,663,576,495,565
526,495,651,581,498,563
535,496,662,582,488,563
536,497,663,571,497,561
539,491,666,568,495,561
529,494,650,582,498,562
540,494,664,572,498,561
538,496,664,572,499,561
532,502,655,582,495,564
540,494,664,582,486,564
539,501,663,576,493,563
541,500,652,583,498,565
539,500,659,575,493,564
540,499,661,582,490,565
544,486,667,579,482,559
530,500,649,580,496,564
542,492,665,570,498,560
531,495,651,583,498,561
528,499,649,584,498,564
544,479,665,579,491,555
543,492,667,569,497,564
543,480,663,577,492,555
545,491,665,569,488,554
544,491,666,581,487,560
542,483,665,579,492,555
538,500,660,579,486,565
541,497,662,584,488,566
531,498,649,581,498,565
529,497,651,583,497,564
541,479,662,578,495,553
536,498,658,578,495,566
533,499,657,578,494,567
535,486,651,579,499,558
544,494,668,570,496,564
547,488,666,581,487,562
540,492,666,569,497,565
543,487,666,579,486,562
537,481,657,577,498,554
539,497,660,575,495,567
542,492,665,581,484,565
542,494,665,569,501,563
531,495,651,581,498,562
534,490,650,578,499,558
548,493,667,567,497,563
532,494,651,581,497,566
536,489,657,576,495,566
534,491,649,580,492,564
540,492,657,574,491,561
545,482,667,579,487,560
542,491,660,581,487,565
545,492,664,572,497,563
536,485,650,582,496,561
542,486,659,578,492,566
542,471,659,577,497,556
546,484,663,569,497,565
547,467,666,577,489,557
536,481,653,582,495,566
541,479,663,573,494,567
535,467,651,577,498,559
548,464,660,575,492,555
549,468,665,580,485,564
549,468,663,571,498,563
550,468,665,566,499,564
547,452,663,577,492,557
547,448,662,578,493,554
546,459,665,567,494,564
544,462,660,578,485,565
546,444,663,576,492,555
552,445,665,566,497,564
543,451,664,581,485,565
540,441,650,577,498,557
552,446,666,565,495,565
550,431,660,577,491,555
547,445,661,571,496,564
549,441,663,572,495,566
545,432,656,578,490,566
544,425,656,576,499,556
550,428,668,581,484,564
549,420,661,576,494,555
551,431,663,569,494,565
549,422,663,580,485,565
549,433,662,575,493,566
553,419,657,574,498,560
554,428,662,567,499,563
552,426,667,565,497,565
554,415,666,576,486,561
548,416,650,576,496,555
543,411,657,576,493,556
547,429,661,575,488,566
543,419,650,576,498,564
549,403,657,575,494,555
550,419,665,566,497,564
552,418,662,564,491,565
540,420,651,575,497,564
556,422,666,564,498,563
545,426,660,582,489,567
549,423,663,576,482,567
547,413,652,575,498,557
543,421,650,576,497,561
553,429,662,572,494,566
554,424,666,562,500,564
552,429,663,575,491,567
554,424,663,576,488,566
552,411,658,572,501,565
553,424,668,563,494,565
552,425,662,574,486,566
552,426,660,569,496,565
544,417,651,573,500,560
552,415,667,569,494,566
552,408,666,574,490,558
552,425,661,572,490,567
552,424,664,571,493,568
555,417,666,562,499,563
548,404,665,572,492,555
549,422,661,572,495,567
547,418,663,567,496,563
551,419,670,564,496,565
550,423,662,579,489,567
552,421,662,571,494,567
549,422,660,572,490,568
542,423,650,578,497,563
552,422,666,568,496,564
547,407,657,573,501,557
552,422,663,565,499,564
547,411,654,573,500,556
549,407,657,571,499,555
553,420,662,566,499,562
547,421,663,567,498,564
556,405,664,573,492,558
550,408,665,578,484,566
553,422,662,578,485,566
553,428,657,575,492,567
552,421,663,568,500,564
555,424,663,565,498,565
553,408,665,574,494,557
554,417,664,577,486,564
553,424,660,571,494,566
546,404,654,574,495,554
547,411,646,575,495,554
555,422,662,564,497,564
551,426,660,569,495,566
557,409,666,575,488,560
553,408,662,572,490,558
549,424,661,572,494,566
555,415,664,562,499,563
547,424,654,577,493,567
538,425,652,577,496,567
549,426,662,577,489,568
552,422,662,575,486,567
551,422,664,567,494,568
553,423,662,575,488,567
549,423,661,571,496,568
554,419,670,577,485,566
555,409,661,574,485,558
554,421,664,576,484,567
549,412,659,573,498,557
556,419,663,559,494,565
550,408,666,575,491,560
545,425,654,575,494,566
558,420,668,561,496,564
548,424,656,575,494,567
553,401,661,572,497,557
544,424,651,577,496,565
550,413,655,572,494,558
558,411,662,574,487,563
556,424,664,561,499,564
556,417,668,572,486,560
546,427,650,576,496,564
553,431,664,576,485,568
558,423,665,571,488,556
557,421,665,572,486,563
551,437,662,564,496,566
555,422,664,558,500,562
545,438,655,571,496,567
555,436,663,571,487,564
550,434,666,557,499,563
550,427,659,566,493,554
549,442,656,568,493,568
545,437,662,571,486,566
558,428,666,567,486,560
553,442,662,568,487,566
545,440,650,568,498,564
545,445,654,567,496,564
544,446,653,567,495,566
554,441,664,555,497,562
546,436,649,561,500,558
552,430,662,561,496,556
555,440,667,549,497,561
545,440,650,562,491,565
555,437,666,561,486,559
540,448,651,559,497,561
553,444,662,546,496,562
555,452,659,551,493,566
552,457,662,552,492,566
553,445,663,555,492,564
543,467,651,557,494,562
541,462,661,552,481,561
550,468,660,556,489,565
549,470,661,563,490,567
540,463,650,560,498,559
551,467,664,549,497,562
554,466,667,549,497,563
549,459,662,551,495,565
552,466,663,554,498,563
550,471,661,559,495,563
541,466,650,563,497,560
554,459,653,562,499,557
549,470,662,562,490,564
553,465,666,566,487,564
542,468,651,563,498,559
549,456,659,562,496,553
550,456,657,560,495,554
543,472,657,564,494,566
554,461,664,553,497,563
548,474,661,566,485,567
545,460,658,562,498,557
553,467,666,552,499,563
550,470,664,557,497,564
547,476,661,567,487,566
548,475,663,560,495,567
551,463,664,565,491,555
545,475,666,568,486,559
546,470,664,564,496,565
540,491,653,567,494,567
546,492,662,569,491,564
539,484,652,568,500,559
550,488,666,568,485,559
542,494,664,558,498,559
550,487,668,569,484,561
547,496,664,557,500,563
552,491,666,556,499,562
547,497,651,570,497,564
546,494,665,558,492,565
539,492,650,567,499,563
546,483,658,567,491,554
539,484,663,567,489,565
550,489,660,558,498,559
538,496,652,571,494,563
546,500,662,570,487,567
542,499,658,568,494,567
544,501,659,565,493,566
543,486,657,565,502,556
542,485,656,565,501,557
539,501,653,571,495,565
547,500,662,567,495,564
549,497,668,562,493,565
537,490,650,572,493,560
553,495,667,558,497,564
545,501,660,567,494,565
542,493,655,567,499,555
550,484,664,568,492,556
550,484,664,571,487,559
552,494,666,560,496,562
538,494,649,571,496,561
538,495,649,572,497,567
538,497,652,573,495,564
541,491,651,571,499,560
552,489,664,559,496,565
537,499,653,570,497,567
547,498,658,572,491,566
552,483,664,568,492,558
548,497,659,570,492,566
550,488,661,562,499,564
546,486,665,572,486,561
538,490,668,557,496,565
549,493,667,567,496,563
547,483,655,571,496,555
551,475,666,570,494,558
545,474,660,569,500,555
547,492,662,567,495,566
549,485,664,573,499,564
551,471,661,571,492,555
548,468,658,569,497,556
551,470,664,571,491,557
552,477,663,574,487,565
551,482,668,552,497,563
548,481,665,560,499,564
549,475,658,565,494,561
544,485,656,573,496,569
546,468,665,572,491,554
548,479,666,567,494,564
541,467,667,571,487,559
545,481,658,572,493,566
549,476,663,573,493,564
552,472,667,575,487,563
549,463,665,569,493,556
552,471,666,573,489,563
542,466,648,567,499,558
550,475,662,568,494,566
549,458,652,571,498,555
544,471,656,572,496,565
552,466,665,561,498,564
543,468,655,574,496,566
545,455,648,573,500,560
545,454,652,573,500,559
549,448,660,570,496,553
556,459,659,573,492,566
543,457,650,575,498,564
551,457,663,567,497,565
553,439,658,566,493,556
553,447,662,574,486,565
555,444,663,574,487,566
552,440,665,566,497,567
544,435,668,562,499,565
540,438,661,573,491,568
557,430,667,562,499,564
557,426,668,561,500,564
545,431,653,573,496,565
555,423,662,565,495,567
553,426,662,565,497,566
547,403,657,569,496,553
545,428,655,573,496,566
549,426,656,572,496,568
560,421,662,563,497,567
556,423,664,565,497,564
557,427,651,575,497,567
558,427,657,571,497,568
546,429,650,573,497,570
548,425,667,561,498,565
560,411,664,570,492,557
553,428,661,570,492,566
556,430,662,570,492,567
554,428,662,572,489,565
558,421,666,561,501,564
555,428,662,573,494,568
554,427,663,573,490,567
558,419,665,573,487,564
558,422,665,561,500,564
551,412,660,571,498,555
554,426,664,565,497,565
554,423,661,565,498,565
555,421,664,575,486,563
553,426,662,568,486,568
548,412,657,569,497,555
546,418,651,570,500,560
556,424,664,562,498,564
547,418,651,572,498,562
550,424,659,570,495,569
551,412,665,572,489,561
558,422,665,561,500,565
555,421,665,563,497,568
552,412,657,571,499,558
561,410,667,573,490,562
557,422,666,560,502,563
553,426,661,574,488,569
554,410,660,569,500,558
556,420,666,561,501,566
558,426,661,576,484,568
549,427,655,573,496,570
556,426,664,566,495,567
544,424,650,575,498,562
559,421,667,562,496,565
559,423,663,562,500,564
559,405,665,566,493,569
557,424,665,564,497,563
551,416,657,572,501,559
556,432,663,576,488,569
557,424,665,565,499,563
546,428,651,574,497,567
554,426,661,567,501,565
559,428,665,562,499,563
560,423,666,561,498,564
551,428,659,571,494,567
543,427,651,575,498,566
550,428,660,570,495,569
552,422,662,569,499,565
557,415,664,571,493,559
560,417,665,573,490,561
553,430,650,575,497,566
560,429,662,572,496,566
555,429,663,565,500,566
550,418,652,573,499,560
549,429,661,567,498,566
552,416,663,574,493,558
558,415,665,572,491,558
542,418,662,567,498,561
548,433,655,575,498,569
552,431,662,577,489,567
546,431,651,575,497,568
556,431,665,563,503,564
559,421,663,563,496,566
548,434,651,575,498,567
553,431,661,572,488,567
554,414,655,571,496,558
545,430,650,576,499,563
558,416,662,574,491,560
560,417,664,572,492,558
556,431,663,565,499,565
555,432,662,576,487,567
552,423,666,564,495,567
561,428,667,563,497,565
558,434,661,574,490,567
548,428,650,574,499,564
553,437,653,565,496,565
558,432,651,572,501,557
560,431,650,574,496,563
564,435,669,561,497,566
555,438,660,571,490,566
560,435,657,568,495,557
560,424,664,567,491,557
545,439,648,573,500,564
553,424,662,568,493,557
557,438,663,562,498,566
555,437,663,573,490,567
553,416,660,567,496,558
553,425,655,567,501,557
550,437,662,569,483,563
545,428,651,564,502,555
560,436,665,552,499,565
560,435,667,550,501,565
544,442,651,563,495,567
556,439,662,558,494,567
556,435,666,558,497,566
546,425,655,560,502,557
561,440,660,561,495,571
555,440,668,551,497,564
558,435,663,565,485,566
548,431,664,566,487,563
561,424,665,562,491,558
545,427,655,561,499,557
557,436,662,554,499,564
554,440,662,560,495,567
547,442,653,562,496,569
556,438,665,557,496,567
559,437,662,558,495,568
546,437,665,553,497,566
554,439,664,551,499,564
552,437,661,566,488,570
548,445,651,563,497,568
560,430,664,562,491,558
550,454,660,558,495,563
551,440,655,557,494,557
557,461,665,552,499,564
554,469,659,560,495,565
546,459,650,564,500,559
558,468,661,557,496,567
558,464,665,552,499,564
555,474,661,561,492,567
553,466,665,552,498,565
554,465,662,554,494,566
553,472,660,560,495,565
544,472,659,562,494,568
552,471,655,562,498,558
554,468,664,563,487,564
556,478,665,551,499,565
558,469,666,547,495,565
552,463,661,564,494,556
554,464,653,565,495,567
552,480,662,560,495,566
549,476,663,558,499,565
555,481,666,553,499,566
553,480,666,567,485,564
555,476,665,564,490,561
542,493,650,568,498,567
541,497,647,566,497,562
549,491,655,569,487,563
548,496,661,562,496,567
552,491,667,556,496,565
549,495,663,571,487,566
541,495,661,575,488,567
538,492,650,574,497,564
547,492,651,573,500,557
537,494,649,575,497,565
536,493,650,575,498,566
541,483,666,576,489,561
547,490,665,566,501,562
541,484,652,576,502,560
534,494,652,579,500,566
546,492,662,570,499,564
542,497,652,579,500,565
544,497,661,578,496,566
545,498,662,575,496,565
534,502,650,580,500,563
544,500,661,576,497,566
538,500,650,581,499,566
551,498,666,573,496,565
543,500,661,584,495,567
544,500,661,575,499,566
547,502,656,581,498,567
549,496,665,569,499,565
543,495,662,580,493,565
540,503,657,580,500,568
547,497,665,570,503,562
550,492,667,570,494,565
538,487,649,579,501,556
536,503,655,581,497,566
536,501,652,583,500,566
546,485,662,583,489,566
537,496,651,580,502,559
549,498,670,574,494,567
540,502,656,579,498,568
543,504,658,577,500,569
547,488,660,579,496,556
543,489,656,579,504,557
553,489,666,581,489,561
547,502,659,583,492,563
546,503,661,578,493,567
549,500,663,582,488,566
543,493,651,578,502,558
552,498,665,583,490,565
549,499,653,580,499,565
539,497,648,582,502,560
552,502,658,579,498,557
541,492,654,579,503,555
551,488,661,579,494,559
549,500,662,582,490,567
556,485,667,580,491,559
550,500,663,572,498,565
543,486,649,581,500,565
555,492,662,568,503,564
556,477,665,568,503,563
544,486,653,580,500,568
556,475,665,568,505,563
550,473,659,572,495,568
544,468,655,578,500,568
556,463,663,566,501,564
555,458,666,568,501,565
556,459,661,574,499,566
547,456,650,576,495,555
547,464,652,579,499,570
552,462,660,579,496,567
554,459,660,576,495,568
560,445,665,577,493,561
556,454,663,566,503,565
555,451,649,579,503,564
553,453,659,572,497,568
558,445,665,568,500,565
559,443,664,565,502,566
560,444,665,563,502,566
550,430,655,576,492,566
560,440,664,567,501,568
560,441,664,565,501,566
553,438,650,575,505,560
556,438,664,578,490,567
557,430,656,574,504,559
548,435,649,576,504,561
558,432,664,577,501,568
556,422,659,575,493,571
563,432,664,562,503,567
558,438,656,572,501,559
563,425,664,575,491,563
559,431,666,564,504,565
549,436,650,575,500,568
557,431,661,577,489,568
555,434,649,576,502,560
561,421,664,564,499,568
551,427,649,575,504,562
559,426,665,566,498,564
549,427,647,578,502,566
559,415,659,574,497,572
552,422,651,573,503,562
559,431,660,577,492,569
555,414,664,577,490,567
558,432,660,578,492,566
552,417,655,574,502,559
560,433,651,580,498,569
548,426,648,575,503,562
557,431,662,579,489,569
560,423,663,576,494,562
561,423,661,573,495,558
556,444,650,573,500,565
553,430,649,574,506,557
548,435,649,576,501,561
560,443,660,567,497,562
560,448,660,568,499,563
557,454,655,572,498,555
561,444,664,564,499,564
559,453,659,566,496,550
557,456,657,576,490,560
560,446,663,572,491,551
548,465,649,577,501,562
555,462,657,574,490,561
551,459,647,572,504,552
558,469,659,574,492,561
549,458,648,572,503,554
556,472,659,574,494,561
559,468,661,571,489,560
555,475,660,567,498,561
560,467,658,570,500,548
557,458,662,568,498,559
556,476,656,568,497,557
546,470,645,572,499,555
547,471,641,572,497,551
551,460,651,569,500,550
555,468,663,570,493,555
552,481,651,572,498,559
547,473,650,571,501,557
546,478,648,572,500,555
548,478,653,570,498,560
560,475,650,571,501,556
545,469,646,570,502,554
556,481,659,566,499,558
553,470,652,568,501,550
559,482,660,571,487,560
557,470,661,567,494,551
546,486,646,571,500,555
561,485,661,558,501,557
558,484,656,569,490,560
552,495,659,568,488,560
561,498,658,552,503,557
561,497,663,551,502,558
562,489,662,564,491,554
559,502,657,556,488,559
559,485,660,558,493,550
560,503,650,565,497,562
548,500,654,558,498,550
558,499,661,563,485,563
552,500,662,556,490,555
562,487,660,562,493,561
560,498,660,561,486,560
548,507,647,557,502,559
553,506,659,560,489,563
559,505,663,543,502,558
559,507,661,544,502,559
546,512,654,554,501,554
560,509,663,545,496,563
558,508,647,558,498,561
