=~=~=~=~=~=~=~=~=~=~=~= PuTTY log 2023.11.03 01:17:41 =~=~=~=~=~=~=~=~=~=~=~=
539,624,628,425,440,542
530,621,613,438,438,546
535,606,630,439,430,543
536,618,624,426,429,546
539,620,617,431,435,546
540,618,623,429,441,542
527,616,620,433,442,540
540,616,622,426,443,544
538,620,622,436,442,540
538,613,625,438,423,539
538,621,629,425,441,545
535,623,612,437,440,547
537,607,628,436,437,536
538,623,627,425,435,546
541,618,624,435,428,543
540,616,630,429,431,543
542,616,619,433,436,545
538,616,623,433,429,547
536,606,630,437,438,536
539,618,625,434,430,539
540,608,625,439,430,540
538,604,628,438,436,534
538,619,631,424,443,542
542,616,626,434,441,544
536,623,625,426,435,548
539,611,628,429,443,542
541,616,623,432,432,547
537,623,626,428,433,546
535,608,629,434,442,535
536,607,625,438,431,539
542,606,627,439,434,536
537,623,627,424,437,545
537,622,626,430,431,544
541,621,616,437,438,546
532,622,613,438,439,547
538,618,620,435,439,544
537,622,629,425,439,543
529,614,624,435,442,538
537,618,626,428,441,543
536,622,616,437,438,545
536,621,628,424,435,546
536,621,625,425,442,543
537,617,627,429,440,543
536,620,626,429,432,546
534,623,627,430,432,538
539,616,628,427,441,542
538,615,624,429,442,539
530,610,627,431,442,536
534,621,628,421,439,543
526,614,623,431,439,540
539,618,620,432,439,544
536,614,624,432,428,544
533,605,630,431,439,543
525,612,627,431,441,534
528,620,628,427,436,534
535,620,627,422,432,546
535,623,629,419,436,544
539,618,615,433,437,546
539,619,623,434,429,543
540,607,628,434,431,538
533,621,611,434,436,546
532,622,630,422,435,545
537,618,629,421,442,542
534,620,626,427,429,545
537,616,627,437,427,543
527,616,624,435,435,546
528,622,615,433,437,546
529,624,611,428,437,543
540,622,633,422,441,542
537,621,630,418,439,543
537,609,626,435,428,540
526,621,629,432,441,545
525,614,625,425,438,536
530,608,630,432,436,533
532,607,631,432,435,535
540,618,625,430,438,544
534,622,630,420,437,544
525,618,619,428,442,541
538,610,627,432,428,542
536,606,631,432,434,542
530,623,613,429,433,546
538,610,622,426,436,541
521,615,623,430,441,537
538,620,626,434,437,536
526,613,621,429,440,540
528,613,623,428,442,540
537,618,630,421,441,542
528,611,627,431,441,537
534,620,629,422,440,543
531,621,614,434,437,545
527,613,625,429,442,537
537,620,630,420,438,542
537,620,617,433,437,547
534,619,627,423,431,546
539,617,622,430,438,544
540,612,626,435,426,541
539,617,625,427,428,545
539,618,624,428,440,539
538,619,631,421,442,541
529,619,620,431,439,539
536,619,615,433,436,544
531,606,627,432,442,533
535,619,624,428,440,544
535,617,621,426,430,546
540,606,627,434,433,538
537,621,629,421,441,543
537,606,626,429,439,542
538,618,630,431,439,546
539,617,625,427,440,540
527,614,620,431,443,539
527,609,625,431,441,534
528,611,625,429,440,537
523,606,627,431,439,543
538,616,627,427,442,542
534,621,628,422,440,543
532,599,626,431,438,534
528,622,611,432,439,546
536,621,627,419,438,544
533,602,626,432,443,535
539,617,615,432,439,543
537,618,628,419,441,541
537,617,622,426,441,543
534,623,626,423,435,544
534,621,615,429,441,538
536,622,628,421,438,543
537,605,624,436,430,539
540,610,623,430,429,543
539,605,625,435,431,539
534,621,628,421,440,543
538,614,622,434,428,543
525,620,616,431,440,542
538,618,623,424,429,545
540,605,625,434,432,539
534,621,626,420,438,544
537,617,623,433,428,543
540,615,625,428,439,543
535,619,621,427,429,545
532,619,626,422,439,542
539,620,624,420,442,540
525,615,624,426,428,546
535,620,614,431,435,546
535,619,622,430,429,545
540,606,628,433,441,538
524,622,612,431,442,537
538,607,625,436,431,539
528,613,623,431,440,536
535,603,625,433,436,535
539,617,623,430,428,545
534,618,619,431,441,542
529,605,627,434,428,545
537,620,626,425,442,542
538,618,624,432,429,543
526,616,623,430,441,543
535,623,612,438,438,545
536,618,627,424,441,541
535,608,628,433,438,534
537,622,615,435,436,543
532,620,612,436,437,545
536,617,624,432,430,545
534,616,623,433,428,542
534,607,627,436,438,536
536,621,629,422,442,542
535,619,619,434,439,542
535,621,622,431,428,545
526,621,616,434,440,542
535,624,627,423,437,543
541,608,624,437,430,539
536,624,628,422,439,542
539,619,620,433,439,542
534,621,628,422,441,540
529,625,611,434,438,541
523,625,612,435,440,541
533,609,629,434,439,535
535,624,627,421,437,544
535,625,628,427,442,539
537,626,627,423,437,544
539,620,620,434,428,540
540,613,623,437,429,540
530,608,628,435,437,534
541,622,616,436,437,544
535,626,626,422,435,544
540,616,623,431,428,541
539,614,623,436,430,540
537,623,625,424,436,541
540,622,629,436,443,540
533,622,610,435,438,544
537,625,624,425,435,545
536,625,625,425,435,544
538,607,628,436,434,534
540,620,621,432,440,543
530,616,622,431,441,535
539,615,622,432,436,542
527,622,621,432,440,537
539,619,628,424,442,540
541,601,626,435,431,538
530,623,608,437,433,543
539,619,628,424,443,542
530,621,620,432,442,537
539,620,627,424,444,539
534,625,625,427,434,544
543,620,617,435,437,544
538,618,623,433,429,543
539,620,625,429,442,540
535,624,613,436,439,543
528,622,617,432,442,541
527,615,621,433,441,537
538,609,628,434,437,534
538,623,619,429,429,544
532,621,609,436,439,545
536,623,611,436,438,543
536,611,622,434,440,532
528,625,608,433,439,541
538,624,623,423,441,542
537,610,624,435,437,533
534,620,619,430,429,544
534,622,623,424,440,542
535,613,615,432,430,542
520,628,615,433,441,539
537,617,617,433,429,542
540,620,614,432,440,542
539,610,616,438,427,535
539,615,617,436,429,539
528,618,620,433,442,536
530,613,621,432,441,534
527,625,609,433,442,541
532,613,623,429,436,533
533,609,622,437,432,538
526,620,616,436,441,538
540,620,623,429,439,539
539,615,617,431,441,543
534,625,623,423,438,543
539,624,626,425,441,541
537,625,611,438,436,546
537,623,625,428,441,541
534,618,612,440,438,544
540,609,623,438,431,536
538,622,627,425,442,542
540,623,618,433,429,538
528,611,622,431,441,536
537,610,626,432,436,535
539,610,626,437,434,536
531,627,612,437,439,545
534,612,627,435,438,535
538,624,627,434,443,542
528,624,620,432,442,539
540,624,616,436,438,545
540,621,619,438,432,539
537,621,627,424,443,541
539,619,621,433,440,543
530,625,620,434,441,541
540,609,626,440,433,539
540,622,627,425,432,537
526,620,622,432,444,540
534,610,629,435,438,535
538,608,628,438,434,539
528,628,615,435,442,544
529,622,622,433,443,538
528,626,615,435,439,543
525,625,620,433,441,543
539,615,625,437,429,544
536,625,626,421,428,547
532,627,614,437,438,545
535,612,629,436,438,536
541,610,628,438,430,539
536,620,620,436,438,545
535,623,616,439,441,545
541,621,629,430,441,543
538,627,626,429,430,546
537,624,629,423,442,541
537,612,625,438,432,539
536,623,622,429,432,546
538,610,629,439,435,536
540,615,626,436,445,536
540,611,626,440,430,540
538,623,631,428,442,541
531,612,628,435,439,535
535,627,630,424,438,545
540,616,626,439,429,543
539,623,631,426,443,541
533,622,630,426,443,541
534,625,614,438,438,545
540,605,624,438,432,537
536,622,624,429,431,543
539,613,626,436,429,542
538,623,628,421,444,539
532,626,614,440,440,546
535,626,629,426,439,544
536,625,625,428,437,547
536,625,629,426,439,545
536,625,614,439,439,546
536,623,630,425,442,541
540,624,629,425,441,542
538,626,629,424,441,543
538,623,625,434,440,546
537,621,625,434,430,545
531,628,616,439,440,545
535,625,614,438,438,545
529,626,615,437,439,543
534,602,625,437,435,532
529,620,624,430,444,537
539,620,624,433,440,544
543,623,620,437,439,545
540,620,626,434,440,544
537,629,626,430,435,546
536,622,626,432,429,546
542,611,627,440,432,539
528,624,621,434,442,543
528,620,625,435,444,538
528,627,613,437,439,547
529,624,617,435,441,542
535,626,628,423,431,547
535,625,629,425,440,542
537,627,615,435,439,545
528,626,620,433,442,542
538,624,614,440,437,546
534,610,629,439,435,536
539,621,624,432,430,546
534,610,629,437,442,536
540,621,622,439,430,542
531,628,615,438,437,543
540,621,629,427,443,541
536,623,631,426,442,542
540,610,628,439,435,535
539,603,626,438,433,533
536,619,625,430,439,543
540,621,631,431,443,542
540,609,626,441,432,539
538,611,631,434,431,537
538,620,626,434,429,543
529,620,622,434,441,541
538,620,625,434,444,537
540,610,626,435,441,534
540,611,627,440,429,539
539,623,617,440,440,546
530,627,629,426,438,546
527,624,615,440,438,546
529,627,614,437,441,547
539,604,626,440,433,543
537,622,627,427,440,540
534,625,611,439,439,546
528,626,614,437,441,546
532,608,628,433,440,536
533,627,613,440,439,544
528,626,612,438,437,542
539,608,629,439,435,537
532,615,628,425,442,544
528,614,630,435,441,536
528,621,621,435,444,541
537,622,628,432,444,543
539,622,627,440,439,547
536,627,628,426,436,546
528,623,622,435,441,542
530,630,615,436,439,546
536,627,628,428,438,544
538,621,625,431,434,546
537,627,629,426,440,543
527,621,622,436,441,541
539,615,625,433,431,546
534,625,615,436,436,545
540,620,625,434,443,544
539,622,631,427,442,542
538,626,627,426,436,545
541,610,628,438,433,539
541,628,631,426,443,541
528,625,614,437,441,546
538,623,617,439,439,546
539,623,630,436,443,535
536,625,614,440,437,547
539,609,629,440,431,541
534,604,628,437,439,533
539,621,632,428,444,542
539,619,625,436,439,541
534,614,630,434,442,535
531,611,630,437,439,534
542,619,623,432,442,542
540,619,626,435,429,543
538,610,629,436,441,533
529,622,620,435,441,541
542,623,633,428,442,543
536,623,631,427,442,541
542,615,625,439,430,540
542,619,626,436,431,541
531,613,629,437,440,535
533,627,614,439,439,545
539,607,630,439,437,537
540,621,629,427,442,542
540,623,619,439,440,545
528,624,616,436,441,544
532,622,631,426,442,542
536,622,629,431,442,542
539,624,625,433,443,537
534,627,614,439,439,548
532,627,614,435,442,542
539,625,614,438,440,547
544,617,623,441,430,541
538,625,628,428,439,543
543,618,618,440,439,545
541,615,624,441,430,543
539,623,628,439,430,547
524,622,617,436,442,541
539,624,628,427,441,543
533,627,612,441,438,546
543,621,621,435,441,544
530,625,611,436,442,545
537,609,627,437,441,536
536,619,621,433,444,542
541,619,623,436,429,545
535,612,626,440,435,536
543,621,619,436,440,544
531,619,621,434,444,537
539,627,623,427,433,542
537,622,611,441,439,546
537,626,624,429,436,546
539,624,614,439,437,546
531,616,622,436,431,546
537,625,612,440,438,547
540,625,612,439,437,547
541,615,623,441,429,543
541,609,623,438,433,540
536,626,625,426,438,545
540,622,627,426,443,543
541,622,614,439,439,545
540,625,611,439,439,547
537,625,624,431,425,545
537,609,626,437,444,535
530,617,624,434,443,537
540,626,625,427,433,545
532,615,622,431,444,533
540,616,623,423,439,541
543,621,620,436,442,543
541,617,611,439,440,547
540,608,627,438,434,538
537,626,626,426,440,543
541,614,615,438,439,544
531,622,617,436,445,541
536,624,611,440,440,548
542,620,626,433,443,544
541,624,626,428,443,543
529,626,616,436,441,542
542,622,627,426,443,541
533,608,628,439,437,535
537,614,628,434,440,543
543,611,623,438,432,542
541,622,622,433,432,546
538,624,627,425,441,543
540,622,622,435,430,546
532,613,620,435,444,537
530,624,612,435,442,542
539,609,626,438,439,536
538,626,624,426,436,545
538,624,624,427,434,543
542,614,622,439,431,537
531,619,619,439,443,545
537,623,612,441,439,547
542,619,623,439,428,542
535,609,627,438,440,536
538,624,611,442,439,548
534,625,609,439,440,546
529,624,619,431,441,543
541,621,619,438,439,545
537,609,613,439,439,548
529,626,613,436,441,546
542,622,621,436,440,543
541,608,625,440,435,536
540,623,627,428,443,543
543,624,616,426,443,541
539,624,614,439,440,546
544,614,624,436,429,543
534,625,627,431,443,546
533,626,628,428,441,542
540,610,628,437,441,537
529,626,610,433,442,541
544,619,620,436,442,543
532,626,610,439,438,544
529,625,627,438,439,536
540,622,630,428,445,542
530,624,621,435,441,543
542,602,627,438,437,535
535,619,629,437,435,545
544,611,624,439,430,541
540,623,628,426,443,543
533,625,611,438,440,546
537,621,621,433,432,545
542,619,623,429,442,543
541,627,625,430,435,548
538,624,622,429,433,544
532,626,625,428,438,547
542,615,625,440,430,543
543,602,627,435,440,539
538,625,613,440,439,547
542,619,624,432,435,547
540,623,623,430,431,547
543,612,629,427,441,542
544,622,629,426,442,544
543,622,624,434,439,540
540,624,614,438,439,548
542,621,625,427,443,540
538,626,625,429,435,545
539,626,625,429,435,546
535,612,627,435,442,535
531,626,613,440,439,544
542,623,615,435,441,546
532,617,622,434,442,537
540,608,626,438,438,536
542,622,614,439,438,545
529,618,628,435,441,546
542,625,629,427,440,542
541,624,628,426,442,544
545,616,624,437,431,541
531,611,627,438,442,536
538,616,624,440,430,537
532,625,620,437,443,541
538,621,626,433,442,544
530,624,613,435,440,544
544,615,624,436,431,543
544,612,622,429,439,542
535,609,625,440,433,539
538,622,622,434,438,546
539,628,624,429,435,547
533,618,613,432,438,544
546,621,617,438,441,545
542,621,624,432,433,548
538,608,624,441,431,541
529,620,619,434,443,542
531,625,612,438,442,544
542,623,629,427,442,541
542,622,613,440,439,546
544,622,611,441,439,547
540,623,614,440,437,547
538,607,627,437,437,536
541,615,624,428,439,540
538,615,623,442,430,544
537,623,612,441,440,546
542,621,627,426,443,543
533,627,612,437,442,547
540,624,622,431,435,548
532,626,611,439,440,546
542,622,614,438,435,540
536,622,611,439,442,549
531,626,611,438,439,545
530,616,620,435,444,537
539,608,625,439,437,535
534,625,627,426,441,542
540,626,616,437,444,541
531,616,621,437,445,539
544,609,626,440,433,537
538,608,626,439,439,536
537,616,621,436,430,544
538,616,623,435,443,537
538,605,623,438,445,535
541,627,623,428,436,546
542,617,621,441,423,542
537,624,610,439,438,547
537,609,624,440,431,537
534,619,606,439,436,545
542,622,613,440,438,545
540,624,625,427,438,545
540,618,611,438,443,537
539,621,625,426,443,542
543,619,614,438,441,545
533,622,608,439,440,546
536,624,609,440,436,549
543,615,619,435,428,543
528,621,612,435,442,544
542,621,621,435,441,543
534,617,621,435,443,539
543,621,612,439,439,547
540,623,620,428,436,545
539,610,622,438,437,535
536,611,624,436,440,535
531,623,614,435,442,541
543,622,615,438,440,544
543,620,616,430,430,542
541,621,624,425,445,544
544,620,615,436,445,544
540,622,618,430,438,546
528,619,615,435,442,538
537,609,621,436,440,536
542,624,618,423,443,539
532,619,605,436,437,544
544,612,616,427,439,542
536,618,601,439,438,546
537,625,605,438,440,547
533,616,617,436,442,537
542,620,618,434,443,541
531,625,604,437,442,543
533,625,601,440,440,545
539,606,617,438,443,546
532,614,615,437,442,538
543,624,618,427,441,545
545,621,606,440,438,546
542,618,615,433,443,545
538,627,618,427,439,544
539,620,613,436,431,547
539,624,613,429,432,542
542,616,614,436,432,545
540,620,606,439,439,548
535,611,615,434,444,538
538,622,614,434,432,546
540,622,611,432,432,548
545,608,616,441,433,539
532,619,604,434,435,544
544,620,608,438,442,544
535,615,611,431,444,536
539,627,617,426,438,544
541,606,617,438,437,536
542,620,619,427,442,548
542,622,602,437,439,544
544,620,619,433,443,543
532,625,603,440,436,548
542,623,619,424,439,545
536,611,619,438,430,546
531,614,614,437,442,537
532,624,605,437,440,547
530,622,606,438,443,544
531,623,608,436,444,542
531,624,613,431,426,545
532,624,617,426,442,543
544,610,616,440,433,538
535,626,601,441,440,547
532,625,603,438,442,545
543,617,607,438,441,545
545,616,613,439,432,542
542,620,607,441,441,545
542,622,602,440,439,546
526,623,609,435,444,540
542,608,618,440,438,536
534,616,615,437,444,537
535,614,614,435,443,537
543,622,602,438,440,544
535,623,616,430,435,546
531,617,607,438,440,546
538,611,618,438,442,535
538,625,602,441,437,547
538,624,601,442,438,547
540,622,619,427,440,545
543,609,615,441,432,539
542,621,620,428,445,543
542,617,610,438,431,543
545,613,612,439,431,545
542,609,608,436,443,543
535,627,601,437,440,545
545,620,611,433,443,543
541,625,616,432,431,547
545,621,616,427,444,543
533,614,604,435,438,539
542,625,614,428,437,547
546,621,616,431,443,544
532,608,617,442,432,542
542,606,616,438,439,546
540,625,616,422,438,544
542,621,608,438,442,543
527,616,614,436,443,538
541,610,614,436,437,534
541,621,618,426,441,545
543,615,614,443,429,543
538,620,617,428,441,547
539,626,613,432,436,546
542,607,616,441,438,536
542,616,618,437,440,543
532,624,602,435,441,544
540,625,615,428,443,543
534,609,615,438,445,537
531,616,611,436,444,538
541,610,614,439,439,538
526,620,608,436,442,542
540,624,612,430,431,546
539,623,599,439,441,546
532,619,607,438,445,538
534,626,601,439,441,546
540,625,600,440,440,548
544,619,616,435,443,541
544,617,611,439,430,545
541,609,614,440,437,535
536,624,614,428,439,546
542,620,612,425,445,540
535,609,615,439,437,535
539,615,611,438,431,543
539,607,615,440,438,537
541,605,615,441,435,536
541,611,611,441,433,544
536,623,612,429,436,546
543,616,610,439,432,544
543,610,615,441,435,540
544,619,611,433,443,545
542,626,610,431,431,548
543,611,610,441,435,537
541,619,616,429,444,543
531,626,601,437,441,548
542,621,606,438,443,544
541,618,610,438,431,545
544,616,611,440,432,544
538,626,615,428,440,543
528,620,610,436,443,540
545,621,605,441,440,546
539,627,614,428,440,546
539,620,608,443,443,546
536,608,615,439,442,536
540,620,615,440,437,537
534,623,610,433,443,542
539,623,609,434,432,545
533,612,614,438,444,537
538,607,612,439,437,537
532,620,600,437,443,541
535,603,609,437,442,535
536,628,609,428,437,545
536,625,596,441,442,543
541,612,610,439,440,535
533,618,597,441,439,546
528,629,597,437,437,546
542,612,609,441,430,539
538,621,610,434,444,543
539,619,609,438,431,543
539,624,605,437,441,545
530,627,597,439,441,544
538,616,607,438,429,543
539,619,605,434,430,538
538,625,596,442,438,546
540,626,613,433,441,543
532,626,596,440,440,546
539,624,614,427,439,543
539,624,599,441,440,547
529,628,599,437,442,545
537,627,605,432,436,546
531,615,612,437,441,538
535,626,609,430,438,546
537,625,612,427,438,545
540,617,612,439,430,544
540,624,610,434,429,546
537,627,611,428,438,545
539,617,608,442,431,543
544,621,606,434,441,541
542,623,611,429,440,545
537,605,613,438,441,546
539,622,605,438,441,545
541,621,605,438,439,545
538,624,613,429,443,546
535,609,613,438,441,535
530,627,609,426,437,546
540,627,614,429,442,544
538,628,610,427,437,546
540,620,608,436,431,545
538,623,598,439,438,546
539,624,610,430,433,547
532,625,597,441,438,546
542,622,601,439,439,547
542,619,609,439,428,545
539,625,615,435,443,545
540,625,601,441,437,548
537,625,609,429,436,544
539,609,614,428,439,543
535,612,611,439,441,538
541,618,609,439,430,540
538,611,611,441,438,547
542,613,610,440,431,541
542,623,605,438,440,544
527,625,606,433,437,541
544,621,612,434,443,544
544,626,610,435,443,544
537,623,601,441,439,546
536,625,600,441,439,547
530,622,609,436,444,547
544,611,613,440,432,537
545,622,612,432,441,543
540,624,616,428,443,543
530,628,606,438,441,542
541,620,615,427,442,545
540,609,616,441,438,537
534,628,602,434,437,549
530,621,606,437,442,541
541,624,616,429,442,544
544,622,615,431,444,544
546,612,611,441,432,540
543,622,607,438,440,546
531,626,601,438,441,545
543,623,604,439,440,545
541,611,614,440,442,536
540,625,604,439,441,547
531,626,603,439,440,547
531,622,608,437,442,544
540,623,605,441,440,546
543,610,615,437,441,536
531,621,614,430,434,547
531,625,613,432,436,548
545,609,615,442,434,541
533,619,612,437,444,544
536,625,615,429,436,547
543,621,615,437,427,546
540,624,614,433,432,548
540,618,612,436,432,547
542,624,617,427,441,545
530,622,605,438,443,545
541,620,602,442,439,537
542,625,619,426,443,543
542,628,604,440,437,548
541,621,618,428,445,544
545,618,619,442,444,545
545,622,609,439,443,545
540,625,617,428,443,545
533,625,602,442,440,545
545,620,606,439,445,537
532,624,606,437,441,545
545,614,614,436,443,537
542,617,614,441,429,543
543,613,614,441,434,540
545,615,610,439,441,545
539,619,611,432,436,546
539,625,614,442,431,543
544,616,615,438,430,541
542,611,617,436,436,536
540,624,603,440,439,547
533,624,603,439,442,547
533,616,615,436,443,540
540,623,620,429,443,545
531,619,605,438,441,544
535,625,603,442,439,548
543,621,615,435,444,543
539,619,612,443,426,542
539,610,617,441,436,537
540,625,602,440,438,547
531,624,613,439,431,546
541,623,619,429,440,543
531,624,617,427,437,547
543,622,615,435,430,545
545,611,619,442,435,537
540,622,609,440,439,546
535,621,614,438,443,544
545,618,613,438,442,545
540,608,618,440,439,536
540,622,619,427,441,546
533,609,613,435,440,535
546,609,618,441,433,539
547,609,614,442,433,542
544,622,619,430,443,543
543,617,616,443,431,542
533,627,605,439,441,545
543,617,617,441,431,543
544,609,619,443,435,540
533,626,607,436,443,544
544,624,620,438,442,535
541,621,604,442,439,548
543,622,621,429,441,543
536,607,620,440,439,537
531,622,604,427,436,545
540,620,610,439,442,547
545,617,615,439,432,542
542,623,615,434,431,540
541,607,618,439,440,537
534,626,604,440,440,544
541,623,604,438,434,537
542,623,605,442,438,548
533,618,614,439,442,538
534,608,620,441,440,540
536,627,607,442,441,546
537,612,619,439,445,537
538,619,603,440,440,547
542,624,622,439,440,538
541,620,613,436,444,538
540,624,618,440,440,547
537,614,620,440,445,537
545,619,619,429,444,544
538,607,619,435,441,545
540,624,605,443,435,548
533,627,605,438,441,545
544,621,613,439,442,545
539,621,614,429,434,540
542,621,618,428,437,545
540,608,622,441,435,539
542,621,609,439,440,536
532,621,609,439,443,544
542,609,619,437,436,537
543,610,615,442,434,541
538,623,618,424,435,547
542,624,613,434,431,546
537,624,603,442,440,548
539,624,615,436,431,546
544,621,617,435,443,544
531,627,608,439,440,545
545,622,608,442,440,546
544,622,611,437,439,547
545,621,613,439,440,545
543,608,620,443,437,537
540,624,606,435,431,548
535,609,619,439,442,536
541,609,618,437,439,535
539,625,611,427,437,544
533,615,617,437,444,538
529,622,604,431,438,545
543,607,617,441,434,539
539,627,618,431,437,546
537,611,619,439,442,536
538,610,620,440,439,537
540,626,604,439,441,544
545,619,613,438,441,547
543,621,613,438,441,545
542,614,615,443,430,544
537,624,618,430,441,545
540,622,619,429,446,543
540,614,613,444,431,544
540,622,608,443,441,546
529,616,612,437,444,540
530,619,613,437,446,538
542,620,607,440,441,543
539,622,614,433,435,548
529,621,608,439,443,541
542,610,618,443,434,539
529,610,616,440,441,536
527,618,608,437,442,541
538,620,613,437,431,545
540,618,618,429,442,545
532,628,603,441,441,547
546,610,616,442,432,541
540,624,618,427,440,544
536,621,607,439,438,547
543,623,619,428,442,544
534,620,614,436,444,541
542,614,614,429,437,543
541,621,619,430,440,542
543,615,610,436,437,546
544,614,614,441,426,540
537,607,619,437,444,537
541,625,618,429,440,544
537,622,619,428,444,544
537,619,612,438,431,548
547,622,609,438,441,547
543,609,617,441,437,538
544,624,620,428,444,546
533,616,615,438,444,537
542,623,619,427,431,539
533,611,619,439,440,537
547,620,617,433,444,547
540,625,616,427,441,543
532,616,615,438,442,539
532,626,603,440,440,547
544,601,617,438,429,540
535,610,619,440,442,537
532,613,618,428,440,548
541,623,604,444,438,548
544,621,620,433,441,546
533,619,605,439,441,546
533,625,614,438,432,545
533,614,616,436,443,535
531,627,607,439,443,545
541,621,619,441,432,548
540,607,619,441,439,537
533,627,605,439,442,544
540,607,619,439,441,536
541,621,611,441,440,547
539,621,617,435,444,542
532,617,621,441,441,550
537,603,620,440,439,537
532,623,611,437,442,542
543,609,620,440,443,546
545,612,616,442,432,542
531,623,614,436,444,542
537,609,625,438,440,536
544,622,618,431,444,547
545,621,613,432,442,542
546,613,617,442,431,540
540,624,607,442,438,547
535,627,606,438,441,542
536,626,606,438,441,545
540,625,617,433,444,538
544,616,617,442,430,543
543,612,619,440,434,540
543,620,615,433,443,543
536,614,618,437,444,538
546,616,608,441,440,546
531,611,619,438,444,538
545,610,618,441,436,541
543,610,619,441,435,540
537,610,620,439,437,548
545,623,622,432,442,545
543,612,618,441,435,541
542,626,621,427,442,544
531,627,606,439,440,545
541,625,606,442,439,548
542,626,610,442,441,546
540,609,620,429,441,542
539,627,618,429,437,546
541,623,621,427,443,544
535,624,605,441,440,547
545,613,612,432,440,541
542,603,621,435,434,537
536,613,620,440,434,547
540,616,609,440,441,547
539,609,620,438,442,537
542,622,617,435,432,548
541,607,620,440,437,536
534,621,605,440,442,541
545,602,619,442,433,540
544,608,626,435,445,545
545,594,617,435,441,543
541,593,608,440,439,548
533,581,614,436,446,540
534,576,611,437,443,543
542,577,615,435,445,536
539,561,617,440,432,541
542,571,605,440,440,549
535,573,606,434,443,541
531,567,616,436,444,539
546,559,617,439,432,540
542,557,620,441,435,539
533,577,608,438,444,546
544,560,614,442,432,543
540,577,622,426,441,545
545,574,617,434,429,545
543,577,621,430,446,544
531,577,609,438,439,540
542,580,619,442,437,545
545,582,610,440,438,536
542,577,616,439,430,543
535,587,601,442,440,548
545,572,618,441,433,541
536,586,621,428,442,544
539,591,618,430,436,545
538,577,619,438,446,537
541,587,616,436,433,548
536,592,604,440,442,547
542,578,617,443,433,542
540,595,617,431,433,548
543,585,616,437,431,546
540,592,619,430,437,546
541,592,622,428,444,544
542,591,622,427,445,545
542,585,618,440,430,544
540,592,606,441,439,546
535,593,606,439,433,544
543,584,615,442,429,543
541,593,607,440,440,548
543,592,622,428,443,544
543,579,621,441,436,540
543,581,619,444,435,542
536,595,606,442,440,548
548,588,619,435,432,543
541,600,619,428,436,547
540,596,620,429,441,546
545,595,611,439,440,547
532,596,611,439,442,544
540,597,607,442,440,548
534,598,607,438,442,546
545,595,615,439,443,546
530,598,608,439,442,544
532,596,616,437,444,540
539,584,623,442,437,538
544,597,621,427,443,545
545,594,613,437,442,545
526,594,611,438,443,542
540,599,620,433,433,548
545,595,610,441,441,547
536,602,605,440,443,549
538,600,606,443,439,549
542,597,620,438,435,548
543,584,616,442,432,540
542,598,619,429,445,545
544,591,615,439,430,545
543,595,613,436,430,546
541,601,617,429,438,546
538,586,618,438,443,538
546,598,611,438,441,547
543,583,618,437,444,547
540,598,616,434,444,547
538,602,603,442,441,548
530,600,611,437,443,538
531,602,610,437,446,548
539,604,604,441,440,548
533,596,617,436,445,537
536,604,616,436,437,547
531,600,608,439,440,544
546,587,616,441,434,541
542,599,614,437,433,546
542,600,620,431,442,545
536,606,616,430,437,548
545,590,609,441,438,536
544,599,615,436,444,544
542,605,616,431,438,546
542,602,605,441,442,546
543,598,613,443,429,544
541,606,615,432,432,547
545,590,613,444,433,543
543,603,606,442,440,547
533,607,605,438,443,543
540,607,611,433,436,546
545,601,606,441,439,547
542,589,616,442,435,538
535,606,602,441,442,544
533,600,612,437,444,541
544,600,616,436,431,548
546,601,619,437,444,544
532,591,618,439,440,546
547,602,609,441,441,547
543,590,615,441,437,537
539,589,618,440,439,537
546,589,614,443,431,542
539,604,603,441,440,547
534,605,604,440,442,544
540,591,617,439,442,537
542,587,617,441,435,538
535,605,601,441,438,547
539,603,603,436,437,548
536,605,602,431,446,543
542,600,608,442,439,548
534,605,601,442,440,549
545,601,618,434,444,544
542,597,614,435,433,547
545,599,614,436,444,546
535,595,616,434,444,538
533,594,620,438,445,536
543,601,618,428,444,544
537,604,617,428,442,545
539,588,617,440,441,536
533,609,603,438,444,542
543,602,619,430,444,544
540,604,616,430,438,546
541,602,602,437,436,548
543,600,615,435,445,544
542,605,615,430,438,547
543,605,615,430,437,547
533,606,604,439,442,546
543,606,615,432,438,546
531,599,610,438,444,543
541,604,612,434,433,548
544,602,618,432,445,545
539,592,613,435,446,536
542,602,614,435,432,547
547,599,610,439,442,547
536,605,602,440,441,547
543,605,615,433,434,548
543,598,613,441,432,545
532,606,603,439,443,545
537,607,601,441,439,548
541,604,603,447,439,547
536,593,614,443,442,548
545,603,618,428,443,545
543,597,611,443,435,539
533,595,603,441,441,546
544,598,609,439,442,546
547,595,608,437,431,541
541,606,611,431,439,539
532,600,610,438,445,540
545,601,615,438,440,545
541,605,611,434,432,549
546,600,612,430,431,541
533,603,604,438,433,547
536,595,611,440,444,537
540,606,609,432,435,547
533,605,599,442,441,549
542,599,598,438,437,548
546,602,601,443,437,546
531,604,602,440,443,546
531,601,604,439,444,544
543,600,610,434,431,546
530,593,612,438,445,540
535,606,597,439,441,547
533,605,598,441,441,548
533,599,595,441,439,544
541,606,599,442,440,550
537,607,598,442,442,545
545,601,611,431,446,544
534,598,609,440,446,539
537,607,598,441,442,548
542,602,609,437,433,545
539,603,594,443,439,547
545,589,610,442,432,541
542,604,597,442,439,547
542,602,609,438,433,546
544,601,609,433,444,544
545,600,608,436,443,544
545,601,604,439,442,545
532,605,598,440,441,544
544,601,608,436,444,544
537,604,609,435,432,547
543,602,614,431,445,546
533,596,609,438,445,538
541,605,612,430,438,547
544,600,612,433,444,544
533,595,607,438,444,539
534,597,609,439,444,535
544,600,610,437,442,544
546,603,613,431,444,544
533,595,609,439,444,537
543,602,603,443,440,547
543,602,613,427,445,545
534,606,596,440,441,546
546,589,612,444,435,540
544,600,598,439,440,549
543,601,614,430,444,544
537,604,613,430,443,544
544,599,614,425,439,545
532,600,603,438,443,546
541,606,600,438,435,547
539,592,613,439,446,538
546,601,612,437,445,545
541,603,603,441,440,548
540,602,614,430,438,545
543,589,614,442,439,538
546,602,610,436,445,545
545,600,608,438,431,546
542,601,603,443,441,547
539,603,609,432,440,548
543,587,612,442,438,538
537,595,611,439,444,536
546,600,606,439,442,545
541,605,613,430,441,547
546,590,612,442,435,543
541,600,608,438,432,546
538,591,613,441,448,538
545,600,607,433,444,544
547,603,611,434,444,544
547,599,607,439,444,546
542,604,603,439,441,546
533,599,610,439,443,548
544,591,610,441,445,537
541,606,612,431,439,545
543,601,604,439,442,545
543,603,610,436,439,547
531,606,597,440,440,548
536,603,599,435,438,549
534,606,599,440,444,546
544,601,614,430,444,544
532,604,609,433,440,542
544,602,603,438,442,546
544,604,604,439,444,543
543,600,608,440,433,545
544,604,600,442,439,546
541,605,600,444,440,548
544,590,611,444,435,540
545,597,614,429,444,545
539,594,613,440,445,537
545,600,612,436,444,546
543,590,613,436,440,537
545,601,609,437,444,546
544,602,605,432,433,544
536,608,598,442,440,550
536,604,599,441,440,548
537,607,599,442,440,548
542,602,613,430,444,544
539,605,598,443,441,548
541,605,603,438,440,547
534,601,606,440,439,547
537,591,613,440,430,536
545,593,611,444,431,541
542,606,614,430,444,544
540,593,613,441,445,536
541,589,612,442,437,538
546,597,609,444,432,544
544,589,611,442,434,542
533,607,599,440,441,545
545,603,609,435,440,548
545,601,609,433,444,544
541,601,608,432,437,534
543,604,613,432,444,544
532,606,597,439,444,543
540,604,599,445,439,547
533,607,599,440,442,544
543,603,602,442,441,548
540,601,612,439,442,544
543,603,613,429,442,543
541,589,612,441,441,541
545,589,613,442,436,538
537,609,598,441,441,546
546,604,614,430,443,543
536,607,598,437,435,548
545,606,601,443,440,547
546,604,604,439,443,545
530,608,598,439,441,547
542,606,612,429,442,545
543,590,614,439,443,544
543,597,608,438,432,548
545,604,600,442,440,546
545,602,611,436,445,545
531,592,608,437,444,541
534,598,608,437,445,541
533,604,605,438,445,543
544,593,612,441,441,536
544,601,606,433,443,545
532,608,597,440,443,546
540,605,600,444,439,548
542,602,614,431,444,545
540,590,613,441,432,537
536,604,596,441,439,547
532,609,598,442,441,549
541,608,612,429,438,547
541,589,615,441,439,536
532,606,603,437,444,544
531,605,603,440,441,544
544,604,605,433,434,545
539,590,617,442,440,535
542,605,611,431,437,541
543,604,611,429,443,545
546,594,611,443,438,544
541,607,612,428,441,546
543,607,608,435,445,539
531,606,599,439,443,546
543,606,614,430,442,545
540,592,612,442,440,537
544,594,608,440,432,543
537,594,612,441,444,538
537,595,611,438,444,536
543,598,608,438,428,545
542,606,611,432,435,547
544,603,608,438,431,546
540,604,607,435,432,547
542,606,613,429,440,545
543,607,606,441,435,541
533,599,608,437,444,540
546,595,607,439,432,543
541,603,608,436,433,547
544,590,611,443,435,537
548,603,601,441,439,547
541,591,613,439,444,537
544,601,606,434,444,547
546,599,606,440,433,539
548,592,609,444,433,542
545,593,609,442,431,543
543,604,597,444,441,547
533,606,598,441,443,547
546,593,609,440,435,540
533,599,604,438,443,543
544,605,600,441,440,547
533,598,610,438,431,547
542,601,607,435,434,544
531,604,604,438,446,539
534,597,606,440,440,535
546,592,608,440,432,541
533,607,599,438,446,537
544,590,609,444,431,542
547,601,606,438,445,546
539,594,614,441,432,548
542,604,608,436,432,547
543,605,612,428,443,544
546,604,601,443,439,547
540,606,597,445,440,548
544,588,612,442,438,540
534,608,597,442,440,549
536,605,608,436,433,546
540,604,598,443,441,548
543,602,607,434,444,543
541,608,610,433,435,548
531,608,598,440,443,545
544,601,610,436,442,544
546,597,608,443,432,544
545,590,611,444,435,538
546,601,608,435,442,543
540,597,607,442,431,544
532,607,603,439,444,544
546,608,602,440,440,546
544,592,614,442,436,538
546,600,608,438,444,543
542,606,610,428,443,545
547,601,611,434,443,544
544,605,603,442,440,548
537,592,614,440,445,537
542,605,609,435,434,547
534,606,597,442,442,545
541,605,611,429,441,545
547,603,611,435,445,544
540,597,607,440,432,548
535,595,610,439,444,539
545,602,604,441,442,547
541,604,607,436,433,547
539,607,596,443,441,547
540,604,610,429,437,547
545,599,609,436,446,546
545,589,610,444,434,542
536,607,598,442,439,548
537,607,598,443,439,547
542,603,608,433,435,548
540,604,596,444,436,548
546,601,611,434,444,544
543,601,608,439,431,546
539,602,613,430,444,546
533,603,603,440,443,544
533,598,605,438,446,549
545,601,607,439,443,546
538,606,613,431,442,545
541,599,612,427,436,546
533,599,602,438,444,543
536,604,612,428,441,545
536,609,599,439,442,543
545,602,609,438,432,547
541,592,613,440,440,537
533,595,610,438,445,537
534,601,604,438,443,541
541,606,609,430,437,546
540,590,610,444,434,537
543,590,612,443,435,538
546,599,603,437,431,545
545,591,610,444,434,542
535,606,598,434,443,544
543,604,609,432,432,547
538,604,598,441,443,548
540,606,596,443,440,546
547,593,608,445,431,544
545,588,611,443,437,534
539,605,610,427,436,548
541,593,614,439,440,537
546,589,608,446,428,538
548,601,612,432,445,542
547,601,601,443,440,546
543,589,612,441,440,537
545,601,608,439,431,547
539,605,598,443,432,547
542,603,609,433,434,548
543,607,611,429,441,546
534,604,597,441,441,536
537,593,611,440,444,536
548,602,599,441,439,547
536,595,609,440,445,536
546,602,604,443,440,546
542,601,607,439,433,549
546,600,609,434,440,538
536,594,607,438,445,537
545,602,614,430,444,543
541,604,608,433,435,546
538,603,600,445,440,547
545,600,608,434,444,544
546,599,613,435,444,543
545,601,609,436,444,544
540,604,612,429,440,544
531,599,608,438,443,537
540,601,601,442,441,546
542,605,612,429,441,546
540,587,608,441,440,544
544,600,610,434,444,545
537,604,598,441,441,549
544,601,612,430,445,544
544,600,613,432,444,548
544,588,610,445,433,543
544,600,612,433,445,541
544,598,614,436,443,545
542,604,614,428,445,545
541,603,609,434,432,547
546,596,609,441,430,543
545,597,615,436,446,543
535,604,609,433,445,543
540,604,612,430,438,546
542,604,613,425,444,541
536,606,599,440,442,542
533,594,608,439,444,537
537,592,613,440,442,538
533,604,599,444,437,547
548,600,606,439,442,546
537,590,610,440,440,537
543,600,609,441,429,546
548,602,608,440,442,545
542,603,613,432,443,544
543,591,610,431,441,547
548,599,609,436,442,545
547,596,609,440,432,545
547,594,609,442,429,543
532,598,606,434,440,540
533,604,606,439,444,544
542,606,609,433,437,547
545,587,606,443,430,539
535,593,611,444,444,537
543,599,607,440,433,546
540,605,611,433,435,547
537,598,595,443,439,548
536,596,611,439,444,536
543,600,607,438,430,547
540,588,612,442,439,537
543,605,610,429,440,546
541,595,607,439,432,548
535,597,609,440,444,538
543,586,612,442,435,540
533,604,598,440,436,545
532,604,601,440,443,543
540,603,611,430,439,545
541,602,597,445,440,546
545,587,612,443,438,538
535,607,596,441,442,544
547,602,602,442,441,547
541,605,610,432,435,546
543,599,609,439,432,548
543,601,604,436,444,545
546,599,608,436,444,544
540,585,612,441,437,538
541,589,613,442,440,537
536,593,612,439,441,537
537,598,598,442,441,542
530,595,609,438,444,547
545,591,610,442,436,537
546,601,609,435,443,545
546,601,613,431,439,541
538,593,611,439,444,537
538,590,612,436,447,536
541,604,610,433,434,545
538,592,612,441,446,535
541,603,608,433,436,546
533,605,599,439,442,544
535,599,607,439,445,539
543,605,611,429,437,547
535,599,605,440,443,539
546,600,609,443,443,545
539,588,613,442,442,538
533,598,607,439,445,546
543,587,611,440,436,538
543,602,614,431,432,548
545,589,611,445,433,540
536,592,607,442,444,539
542,604,613,430,441,545
534,605,598,442,442,546
528,594,608,440,445,538
545,592,608,439,443,546
542,602,609,436,432,547
541,605,611,432,441,546
546,599,609,433,444,544
534,605,597,441,441,541
545,595,607,441,432,545
548,600,601,442,442,545
543,591,614,443,442,537
546,601,609,434,443,545
536,591,612,439,443,536
537,591,613,442,444,536
543,600,611,433,445,545
547,591,609,444,432,541
539,603,598,442,441,547
545,588,608,445,431,541
539,589,610,440,441,533
540,603,599,436,437,548
541,594,608,445,430,546
534,591,613,444,445,544
545,590,610,443,431,536
533,606,597,441,442,545
534,603,598,440,443,546
541,606,610,433,439,547
538,588,611,442,440,537
544,603,614,430,443,545
535,605,600,439,440,547
545,587,612,444,435,542
546,589,611,443,438,540
538,602,601,442,441,547
547,599,614,436,444,544
545,600,615,437,444,544
540,604,596,443,441,547
540,600,609,437,442,544
536,601,603,438,442,543
540,590,612,438,445,535
542,605,596,443,439,548
542,599,612,426,435,546
532,603,604,439,446,543
542,605,609,431,439,546
545,595,608,442,432,537
544,601,608,436,432,547
538,589,614,441,442,536
548,600,610,434,442,544
545,601,610,438,443,544
545,594,608,444,433,543
542,600,602,441,441,548
534,604,600,440,442,547
544,602,612,430,442,545
542,603,613,432,438,541
547,602,611,430,443,540
542,599,607,435,432,545
539,590,610,440,441,533
537,590,611,441,445,536
536,604,595,442,441,546
546,595,598,443,442,547
542,588,611,443,442,536
545,604,596,441,437,547
543,602,605,435,432,546
544,601,606,439,431,547
541,603,605,435,433,547
537,588,609,443,443,536
542,587,610,443,435,537
546,584,606,438,444,540
543,605,608,428,439,548
542,603,608,430,437,545
538,606,591,441,440,548
545,586,609,444,440,543
546,598,602,439,443,545
537,594,607,438,445,536
535,605,599,438,443,544
538,594,608,440,446,538
545,590,608,444,430,540
538,591,607,440,441,537
540,604,606,434,435,547
544,603,606,432,437,546
548,601,600,441,442,546
545,595,606,441,432,544
541,603,594,445,439,549
545,599,610,431,443,543
547,602,601,440,439,545
542,604,609,426,437,546
532,596,605,438,444,537
534,598,602,439,445,538
533,608,595,441,443,545
546,588,607,442,434,540
537,589,610,442,439,535
546,598,604,437,444,545
544,597,605,439,432,546
543,589,608,441,436,538
548,599,606,440,431,546
544,588,607,444,437,537
533,608,594,436,443,546
543,590,610,444,429,536
537,594,608,438,444,538
535,604,595,442,443,547
543,603,611,431,442,546
534,594,607,440,444,539
538,604,595,444,439,548
546,591,606,443,432,543
546,594,606,441,432,545
545,579,610,444,436,536
534,601,600,439,443,544
529,605,595,442,441,547
535,598,604,439,444,538
533,604,597,439,446,546
542,603,594,444,442,547
538,595,606,439,431,546
541,603,606,433,437,545
546,588,609,442,434,540
544,595,605,438,432,547
539,606,594,442,442,548
545,589,609,443,435,540
544,589,609,444,437,536
540,591,609,443,441,537
543,599,609,432,445,544
538,605,589,439,443,544
544,593,603,438,431,548
546,602,611,431,446,545
543,602,609,430,444,544
535,597,603,440,444,538
544,588,607,444,436,541
539,592,609,441,442,536
546,594,604,444,431,543
545,595,603,444,431,543
547,601,597,442,440,546
543,603,601,442,439,548
545,594,604,442,432,542
541,600,596,443,439,546
542,603,609,432,441,544
546,596,608,431,444,544
543,603,610,431,444,544
546,603,607,433,444,546
547,600,606,437,442,543
543,604,605,434,437,546
534,597,604,440,445,538
547,590,608,443,432,539
547,593,608,442,432,544
544,601,610,431,444,543
534,599,599,438,445,541
543,602,610,431,446,543
529,606,594,442,434,537
544,590,607,434,435,548
536,594,607,441,444,538
547,599,606,439,443,545
543,589,609,443,439,538
542,606,603,426,441,543
543,602,610,430,444,544
535,606,593,444,441,549
547,589,609,443,434,540
535,597,604,439,445,541
538,605,608,431,440,546
544,595,604,439,433,542
533,606,602,433,442,543
547,600,604,438,433,545
532,599,599,439,444,541
549,601,607,437,444,544
543,605,605,425,443,546
542,604,607,431,437,547
543,603,597,442,440,547
542,603,607,445,433,543
537,607,593,443,440,548
533,602,602,439,444,540
533,602,600,438,444,548
545,606,610,430,442,546
534,606,593,440,444,548
545,605,596,442,439,547
535,592,606,441,442,534
536,607,595,438,436,548
538,590,611,441,442,536
542,604,607,434,436,546
546,591,607,444,432,543
538,591,609,443,437,537
537,593,605,441,446,538
536,592,609,441,443,536
533,599,604,438,445,541
542,602,606,436,434,547
538,595,607,435,445,536
546,586,607,444,431,543
545,583,608,444,433,541
545,586,611,442,440,538
539,604,609,430,440,547
544,602,606,436,432,548
541,608,594,443,442,548
546,594,604,444,432,542
542,605,608,432,441,546
533,607,601,440,445,544
544,601,606,435,433,548
543,603,610,432,444,543
546,602,609,433,445,543
534,600,605,438,445,538
535,606,600,441,443,544
538,590,609,441,443,538
539,603,605,438,432,547
543,606,608,433,438,546
544,605,606,433,436,548
546,600,605,440,432,547
535,599,604,445,440,548
536,599,609,441,444,537
529,598,603,438,444,539
536,607,595,442,440,547
546,603,601,439,437,548
534,609,601,441,445,543
536,594,609,441,445,537
547,598,605,444,433,545
543,605,609,429,444,544
539,610,592,442,442,547
544,605,606,434,434,548
548,604,610,432,446,545
548,591,609,444,436,543
538,606,594,446,440,548
542,608,607,432,439,546
533,606,603,440,444,542
547,600,607,438,445,544
547,603,603,441,442,545
544,604,606,435,433,547
540,603,601,441,445,548
545,604,605,432,429,548
545,598,602,435,433,547
541,608,608,430,440,547
539,588,607,442,444,537
548,605,600,441,442,546
544,604,597,444,441,548
544,602,605,440,432,547
549,597,602,439,443,547
545,596,606,446,432,543
547,600,605,439,433,542
536,606,595,445,443,548
536,601,606,440,444,539
545,591,608,444,434,541
546,605,610,434,443,543
547,600,604,442,432,545
544,604,610,431,446,543
542,609,606,433,438,546
545,592,610,442,439,537
548,601,605,437,443,544
543,591,610,442,442,537
548,602,606,435,444,544
536,608,594,441,442,544
546,603,604,435,434,546
548,603,605,437,445,545
548,591,609,444,434,539
542,606,607,429,444,546
545,604,593,443,438,545
547,591,608,444,436,540
545,591,606,444,433,541
547,602,606,437,444,544
546,593,608,443,435,540
545,597,604,440,434,547
544,606,604,434,437,548
542,595,609,442,435,538
543,596,605,436,432,546
535,609,593,442,443,548
534,597,605,440,445,538
541,602,609,431,445,544
535,603,600,435,439,548
534,601,606,439,445,540
536,605,595,443,440,549
534,607,594,441,447,545
541,606,593,446,441,550
542,608,607,431,438,547
541,602,603,439,433,549
535,600,606,439,446,542
548,603,599,439,440,547
546,604,605,434,446,542
542,606,607,433,439,546
537,589,610,443,440,536
542,606,596,445,440,548
545,589,608,445,436,542
534,607,601,440,444,542
542,608,606,431,440,546
544,590,610,442,439,538
534,602,600,441,445,540
539,604,597,445,441,547
547,591,606,444,433,541
546,601,603,432,444,545
542,605,604,432,435,546
545,592,606,444,432,542
539,594,609,441,443,536
546,603,608,436,446,545
545,598,607,441,432,544
546,602,600,440,441,545
547,598,605,443,430,544
545,604,608,433,445,543
547,602,602,440,440,545
546,604,600,444,441,547
540,591,609,444,438,537
542,605,606,433,440,546
546,601,602,442,438,546
543,607,610,431,442,545
548,599,606,442,433,544
537,595,608,441,444,538
536,608,595,443,440,548
546,593,606,443,431,543
536,603,603,441,446,541
540,609,595,442,441,542
540,607,593,444,440,548
541,606,595,444,440,548
547,604,599,443,441,546
538,607,593,442,443,547
546,602,610,432,445,544
535,607,597,442,444,545
544,603,594,444,441,548
546,601,600,442,438,542
541,592,610,444,441,538
534,599,605,439,446,538
544,591,609,438,439,536
533,608,593,442,443,545
532,600,601,440,446,540
545,603,610,434,445,545
544,606,604,434,436,547
536,605,590,443,437,546
547,603,599,443,442,546
535,594,608,444,441,537
547,592,607,443,432,547
545,601,612,438,444,545
548,596,604,440,443,544
534,604,601,438,446,541
547,603,608,437,446,544
535,608,596,442,444,546
547,602,600,442,442,546
546,603,605,434,444,545
544,607,609,431,441,546
544,604,610,431,446,545
545,593,609,443,440,539
546,604,596,445,440,547
534,606,595,443,442,547
536,607,595,444,439,545
543,600,605,438,434,547
548,591,608,444,432,542
542,605,610,430,443,544
542,592,609,440,440,535
533,610,596,437,440,547
544,590,609,443,437,537
533,608,601,439,444,539
544,606,609,432,445,544
544,591,610,444,439,538
541,593,609,443,442,535
534,607,595,440,443,544
533,604,604,440,445,538
537,594,605,442,442,534
542,603,601,441,441,547
536,607,595,441,443,546
538,608,605,435,436,549
547,589,607,444,435,540
542,607,610,431,445,545
544,599,606,441,428,546
545,604,605,440,444,546
547,592,606,446,434,542
543,604,605,441,443,549
540,601,594,438,437,548
544,601,605,433,439,547
537,601,605,439,446,545
546,596,605,443,432,546
546,591,609,443,438,538
543,591,606,444,433,542
542,584,611,443,441,537
535,608,592,441,442,542
547,603,602,441,441,545
536,605,594,443,441,549
543,607,609,430,441,544
533,606,600,442,443,542
544,591,609,444,436,538
546,600,605,443,432,544
533,607,603,439,445,545
541,601,595,441,438,549
535,608,598,441,444,545
546,595,606,442,433,547
543,598,603,438,434,547
543,606,612,430,442,545
540,594,610,439,446,537
539,592,611,441,443,537
535,602,603,440,447,540
534,604,596,440,444,544
546,599,605,440,432,546
534,597,605,442,444,537
541,609,609,433,439,547
532,607,596,444,442,548
543,603,610,431,444,546
547,592,611,444,439,538
548,592,608,444,436,539
544,607,603,439,434,547
544,601,609,433,444,546
540,591,610,442,441,535
543,606,595,439,436,549
544,600,595,444,439,548
546,598,606,441,432,544
539,608,595,443,442,549
542,603,600,442,442,546
547,604,601,441,442,548
546,601,608,435,445,543
542,605,606,433,439,548
543,607,609,431,442,545
542,608,608,430,439,546
550,604,600,442,443,546
545,592,609,444,438,539
546,604,604,436,445,548
543,605,594,444,440,548
537,602,595,443,442,547
548,601,604,440,433,547
546,592,608,443,434,542
540,594,611,441,442,538
534,606,600,441,447,542
544,606,607,437,433,546
541,606,594,442,443,548
541,606,607,433,437,547
540,607,607,434,439,547
543,609,608,432,439,548
539,608,594,444,442,549
544,608,609,433,441,546
549,602,600,443,441,548
543,606,608,429,443,547
545,607,597,443,442,545
547,591,608,445,433,543
549,603,600,442,443,547
546,600,606,434,428,545
537,599,605,439,445,539
549,603,604,442,443,547
537,605,594,444,443,545
547,585,606,445,432,541
537,598,608,441,445,538
547,593,607,444,435,539
544,605,606,437,429,548
544,603,610,432,445,544
539,606,610,431,444,545
548,598,608,446,432,544
548,598,606,443,434,546
543,604,605,436,444,545
535,606,601,439,445,541
536,606,597,441,442,546
531,597,606,439,446,538
537,608,595,443,442,549
539,606,594,445,441,549
547,606,597,444,442,547
544,590,610,445,440,537
544,607,595,444,440,550
542,608,606,435,437,548
549,590,608,444,435,539
544,592,609,443,440,536
545,603,600,443,443,546
543,591,610,443,442,537
549,591,606,444,434,543
537,597,608,441,445,540
539,603,605,439,434,548
536,595,603,439,446,540
547,604,610,432,446,544
550,603,612,433,444,542
543,597,605,443,431,543
534,607,595,442,443,544
537,608,596,441,442,546
540,592,610,443,444,536
542,591,608,443,442,535
548,595,607,436,444,544
535,604,600,440,446,545
543,599,608,435,434,548
546,606,610,431,444,545
542,607,595,444,442,548
543,601,603,439,432,547
544,604,595,440,437,537
541,593,605,438,444,534
549,602,602,440,443,546
544,590,609,443,438,538
539,596,609,442,445,538
543,605,597,438,441,544
541,611,595,443,441,548
545,604,610,432,445,544
543,603,599,442,441,547
537,608,597,443,442,547
550,604,603,444,443,546
536,596,609,441,446,537
535,602,604,438,446,540
542,606,607,431,442,546
540,605,611,437,444,544
548,601,604,441,431,545
535,610,595,443,443,547
546,603,612,433,445,544
542,600,592,443,441,548
544,605,611,433,447,542
545,607,609,431,443,545
547,605,610,433,446,545
537,603,605,439,446,540
542,608,607,431,439,548
544,608,611,430,443,544
544,607,606,431,443,545
547,598,607,445,432,543
545,600,598,445,441,548
540,590,608,444,439,536
547,603,610,437,445,544
545,606,610,430,442,545
547,599,606,440,432,548
550,604,597,444,442,547
547,600,605,440,432,547
547,604,610,433,443,545
543,607,599,444,442,549
548,603,604,438,444,545
535,608,596,442,443,547
545,591,609,444,437,539
542,607,606,433,438,548
536,608,598,441,446,543
534,602,600,439,444,542
543,593,610,439,434,538
547,603,606,438,444,545
543,590,609,444,439,537
550,604,598,444,440,548
549,602,601,441,443,548
545,601,609,435,446,544
548,590,607,445,432,542
547,604,600,438,444,544
542,591,610,443,442,538
545,606,606,433,443,548
535,600,605,440,445,540
545,604,608,432,441,541
547,591,609,446,435,539
548,602,611,434,445,544
540,591,610,443,440,537
547,592,607,443,431,545
534,609,603,440,447,542
542,608,591,444,441,548
549,604,602,442,443,544
546,598,605,441,432,545
548,604,606,437,446,545
538,608,594,443,443,548
547,603,611,433,445,543
546,592,609,446,436,540
545,604,612,436,444,545
546,593,606,445,434,541
544,603,597,444,441,546
549,602,606,439,444,547
539,607,593,444,443,547
536,606,594,444,443,550
548,603,611,438,445,543
544,603,606,439,431,546
545,592,608,445,434,541
546,597,605,445,433,547
536,603,601,440,445,540
545,589,608,445,434,542
545,605,597,444,442,547
541,591,611,443,440,538
543,605,606,438,434,547
547,594,607,443,432,542
543,599,595,442,443,547
544,601,593,440,438,548
543,601,604,436,430,546
533,602,599,441,444,542
546,599,605,439,432,542
538,608,594,444,442,549
546,603,608,434,445,544
544,607,608,436,436,549
542,610,594,443,441,547
540,608,607,437,437,546
547,600,606,441,433,545
536,609,593,444,441,547
538,596,608,441,446,537
547,597,610,434,446,545
540,606,593,444,441,549
537,598,603,439,446,538
539,595,608,441,445,536
535,599,605,440,445,539
541,607,608,433,437,546
550,598,606,445,432,543
547,603,607,435,447,545
534,605,599,435,445,542
550,597,608,439,435,546
548,603,599,441,444,547
547,593,608,446,433,542
540,593,607,441,448,537
536,599,608,440,446,538
540,595,608,442,445,537
539,592,609,441,446,538
548,586,609,445,434,541
546,606,611,432,445,544
536,602,606,439,446,538
548,591,609,446,435,540
540,609,594,443,441,548
537,597,607,441,446,539
534,602,605,440,445,539
534,603,602,440,445,541
535,604,604,440,445,538
549,592,606,445,433,544
543,607,609,432,438,547
535,605,601,442,442,545
547,605,598,444,442,547
538,597,608,442,443,536
550,606,596,442,442,548
543,600,604,440,431,546
544,592,611,444,440,540
548,603,607,439,433,548
544,605,606,437,434,549
548,604,601,441,444,545
535,608,594,442,443,549
545,606,610,428,445,546
544,603,601,442,443,547
546,601,605,440,433,547
542,590,610,444,444,537
544,606,607,435,432,545
539,592,610,441,444,538
549,591,608,444,436,542
548,603,611,433,445,544
542,607,606,435,437,551
545,603,612,438,447,546
539,595,609,440,447,538
541,594,609,441,444,537
543,605,609,431,447,548
537,591,603,441,444,547
547,606,599,445,442,546
548,586,606,445,433,543
546,604,607,439,432,547
546,605,611,432,445,543
545,603,604,440,444,544
535,602,605,440,445,539
546,603,604,440,434,546
534,609,596,441,443,543
538,598,607,440,445,538
549,602,605,442,432,544
547,599,603,439,432,543
546,604,611,431,446,545
543,608,606,438,435,547
547,592,608,443,438,543
546,602,605,441,433,546
536,607,604,441,445,545
543,606,593,444,440,547
545,604,611,431,445,543
534,600,600,441,446,541
537,600,606,440,445,538
537,598,607,439,444,539
546,609,605,442,432,544
544,592,612,441,442,537
544,606,591,444,441,551
539,608,594,443,442,548
539,595,607,440,445,537
547,602,606,439,433,548
547,607,608,428,444,542
546,603,605,437,445,546
543,608,605,432,440,548
543,607,606,437,434,547
546,604,604,439,444,546
545,604,610,431,445,543
542,610,607,435,438,546
544,601,605,441,435,546
545,604,595,445,440,548
546,598,597,443,438,544
535,609,595,444,442,548
536,610,595,443,444,546
547,600,606,443,432,546
545,607,606,437,434,547
548,602,600,443,441,548
546,604,610,431,447,543
541,595,610,443,442,536
534,601,607,440,449,539
537,604,605,440,445,540
546,605,611,433,447,543
545,606,607,431,445,544
545,595,608,442,432,545
545,606,611,432,445,545
545,593,610,443,442,537
545,605,610,430,444,544
544,608,609,441,432,549
544,601,606,438,433,548
549,602,604,438,444,546
533,609,595,440,444,545
542,603,607,434,446,542
547,603,602,442,441,546
549,602,604,440,433,546
543,602,606,441,433,545
544,602,610,428,437,546
547,594,608,445,432,544
549,591,609,444,434,542
547,608,597,443,442,547
535,604,601,440,445,544
545,608,610,433,445,544
536,605,603,441,445,541
535,600,598,440,444,545
544,606,609,430,442,545
548,604,601,444,442,547
547,601,605,444,431,546
547,603,607,438,449,544
548,604,601,442,441,546
546,593,607,444,437,542
545,607,601,443,441,547
549,603,606,443,444,548
543,589,610,443,440,538
542,593,607,437,443,535
545,608,598,443,441,549
546,605,611,429,446,544
543,590,610,443,439,539
539,609,596,443,443,545
535,604,602,440,444,543
540,604,606,437,435,545
544,604,604,441,442,547
545,600,605,439,431,545
542,607,608,435,437,548
547,605,602,441,442,546
544,609,608,434,437,547
548,594,607,446,434,542
547,604,605,435,445,546
544,607,612,432,446,544
550,608,606,436,443,545
548,598,607,444,432,544
550,602,606,448,441,543
542,608,594,445,439,547
548,605,598,442,441,549
533,609,597,443,444,544
547,602,608,441,434,547
547,608,607,437,434,547
540,595,610,441,444,538
535,601,606,440,445,539
542,592,610,444,437,536
548,593,607,444,435,542
547,600,605,443,434,545
542,607,595,445,442,546
543,593,612,442,444,537
532,596,608,440,447,540
546,604,610,431,446,545
543,609,611,431,443,545
549,596,609,444,435,541
539,609,596,442,442,549
543,602,605,441,431,546
547,592,612,441,431,545
547,604,601,443,439,547
542,609,607,435,433,547
542,608,610,433,440,547
545,592,613,443,441,536
550,593,610,444,437,540
550,607,606,443,443,546
543,593,611,443,439,537
549,610,601,441,442,547
543,607,608,436,435,546
545,610,612,431,446,543
548,596,608,444,431,543
543,607,606,438,433,548
535,599,607,439,446,539
545,609,608,431,438,547
547,605,612,435,446,546
543,606,603,441,444,546
535,611,597,439,445,545
545,611,608,424,442,544
545,607,609,436,434,548
535,602,609,439,446,539
548,605,608,437,433,546
549,608,600,443,441,548
544,607,602,442,442,547
545,602,608,439,432,547
544,610,595,443,440,548
548,606,609,437,433,546
539,600,611,441,442,538
534,605,606,439,446,540
537,602,610,439,445,538
541,611,597,442,441,547
547,606,610,441,434,544
550,607,610,437,444,546
549,606,611,435,446,544
548,595,611,444,434,544
542,600,613,440,443,537
536,610,600,438,443,544
544,613,613,430,441,546
546,608,616,429,445,546
544,595,615,441,440,537
547,596,611,444,433,543
546,609,611,438,433,548
547,598,610,441,435,540
544,607,604,441,442,548
547,610,612,437,433,547
540,601,614,440,445,537
547,601,613,443,432,542
534,610,605,440,445,544
538,612,599,441,443,547
534,608,609,438,444,543
540,598,615,439,445,536
549,597,615,442,433,542
539,603,615,437,446,536
547,614,615,430,442,547
544,611,612,433,433,548
534,607,610,438,444,542
535,609,610,439,441,542
547,612,604,446,440,548
545,614,616,429,440,547
547,606,608,435,432,544
545,612,618,430,443,544
540,615,601,443,442,548
547,609,618,436,444,544
535,600,617,439,445,536
531,606,612,438,444,538
548,610,619,431,446,545
546,608,615,441,432,545
535,610,611,438,447,542
543,599,617,440,441,537
547,613,619,427,446,544
534,609,608,438,445,540
547,599,616,443,435,540
543,616,617,429,442,544
548,598,615,443,433,543
538,614,600,440,443,550
548,608,612,438,432,545
548,600,613,444,434,543
548,611,609,438,442,546
542,616,616,432,435,549
546,609,613,435,434,549
546,615,603,444,440,548
544,612,613,434,429,548
538,616,605,441,444,547
548,605,615,443,431,547
543,614,603,442,441,549
536,617,603,441,440,548
545,611,608,444,441,547
543,617,614,432,437,547
550,612,611,437,446,545
545,611,617,429,444,546
539,615,602,440,441,548
547,607,613,439,431,547
547,609,612,438,443,544
536,612,610,439,445,545
547,598,617,442,440,538
545,607,611,437,432,548
538,603,614,439,444,537
534,611,609,438,445,542
547,604,612,440,433,545
544,611,613,441,432,548
542,599,616,443,437,539
548,612,610,439,442,545
539,597,616,440,447,537
539,600,617,442,446,538
547,601,613,444,433,540
540,599,617,440,445,537
534,614,609,438,445,543
534,611,609,436,445,540
548,611,611,437,444,546
547,611,612,435,445,545
549,611,611,442,443,546
536,617,602,442,441,547
541,599,615,442,440,535
545,615,618,430,442,542
548,611,608,436,438,547
548,604,609,440,443,545
547,612,620,429,446,543
549,605,607,442,442,546
544,599,616,441,443,537
546,612,607,441,441,546
544,614,617,429,443,544
547,614,613,439,433,548
550,611,616,433,447,544
547,603,611,444,433,542
546,608,614,440,433,546
546,612,613,437,431,546
546,611,606,441,441,546
541,612,613,439,435,547
543,593,617,437,438,538
550,608,608,439,442,545
536,610,613,438,445,542
543,613,615,433,434,549
535,611,611,438,447,541
549,610,607,443,441,547
543,612,614,440,443,545
537,606,614,435,445,537
547,607,612,436,430,544
547,601,614,444,433,541
547,611,619,431,445,546
542,616,615,434,434,546
538,615,608,440,444,544
543,614,604,445,440,549
544,607,610,440,433,545
535,615,609,439,445,541
537,614,603,440,444,545
535,606,614,438,446,539
538,616,600,442,443,546
544,612,613,435,433,547
546,600,615,444,435,541
545,611,614,436,433,547
546,608,612,443,431,547
548,601,616,443,439,537
547,612,619,432,440,542
545,614,613,436,434,547
542,617,601,442,441,548
536,606,615,440,446,538
549,611,612,444,442,546
545,609,612,442,432,545
546,607,619,431,445,544
548,607,612,446,432,545
528,615,604,443,443,548
535,610,607,441,442,542
541,618,603,442,440,550
537,613,602,444,440,547
549,611,605,444,442,547
545,610,623,431,447,545
543,600,617,444,443,536
547,612,619,432,444,543
542,601,618,441,448,537
542,616,615,432,439,547
540,616,601,443,442,548
538,613,617,431,440,547
540,615,603,444,442,548
546,610,612,440,434,545
549,611,615,431,446,544
548,610,610,442,443,546
547,599,615,446,438,539
543,615,601,445,441,549
546,598,617,443,440,537
541,600,615,441,444,538
542,600,618,443,442,537
548,598,615,445,437,543
537,614,614,435,437,547
534,611,609,440,446,543
545,598,616,442,442,538
545,610,614,430,440,547
539,616,602,445,441,547
544,616,617,431,441,544
551,609,612,434,445,546
535,611,609,439,445,542
541,616,600,441,444,547
547,606,611,442,431,544
542,612,617,431,447,544
540,602,616,441,441,537
547,601,617,442,439,538
536,610,612,440,445,539
550,598,615,443,436,539
549,601,614,444,433,542
544,614,602,442,443,549
549,611,619,436,444,545
547,609,611,441,426,543
550,611,615,437,445,544
539,606,616,439,446,538
536,612,607,438,446,541
549,610,610,441,444,546
544,615,601,443,443,547
545,614,613,439,434,547
548,613,612,443,442,545
541,604,614,440,446,537
539,605,615,442,445,538
548,617,607,443,441,547
549,605,617,435,445,542
539,616,601,444,441,549
545,599,618,444,440,538
547,611,618,437,445,545
550,601,613,440,435,538
543,602,613,437,442,533
541,616,602,439,442,545
543,615,616,433,439,547
547,597,613,444,434,542
551,606,614,445,433,546
534,614,609,440,446,543
552,613,608,446,441,547
542,601,618,441,448,538
548,611,613,437,445,543
545,616,618,431,442,547
550,599,616,443,434,544
545,612,618,430,445,545
549,607,613,441,432,546
547,601,615,446,435,541
547,613,618,429,446,542
547,598,615,444,438,541
542,599,618,442,444,538
545,600,616,444,438,538
535,609,611,441,444,539
547,610,611,432,439,546
547,615,615,431,443,546
545,596,618,444,440,538
547,609,612,443,433,545
550,601,616,443,436,539
542,607,614,440,431,545
548,612,614,428,445,542
548,612,618,431,441,544
546,609,612,437,432,548
538,604,615,441,445,537
548,608,611,441,433,547
547,611,612,441,435,545
549,610,615,437,446,544
544,615,601,445,442,547
546,611,606,442,443,548
546,612,619,431,446,545
538,604,614,439,445,538
550,602,615,444,435,542
542,603,616,438,448,535
546,598,617,441,440,536
549,612,616,435,446,543
537,612,605,435,444,539
547,605,612,443,434,546
541,615,601,443,442,548
534,614,609,440,445,542
544,615,614,436,435,547
547,610,611,442,442,548
545,615,617,433,438,547
549,609,612,443,444,547
550,602,615,442,433,541
542,616,612,440,446,538
545,614,619,430,445,545
539,616,603,440,445,545
535,612,609,439,446,542
547,609,602,445,438,544
545,599,616,444,439,537
548,610,612,437,445,546
549,599,616,444,438,539
547,612,618,431,446,545
543,598,614,446,435,539
536,615,602,441,444,545
547,611,619,431,445,544
539,616,601,442,444,547
544,615,617,431,444,544
543,615,601,445,440,548
549,611,607,434,440,546
547,612,604,442,444,546
541,604,615,440,447,537
535,611,612,439,446,540
535,612,604,442,444,545
546,618,617,431,439,547
543,610,612,443,436,544
547,611,611,438,444,546
544,615,616,436,434,545
543,616,601,444,441,549
532,608,612,441,448,535
541,616,602,444,444,548
547,608,603,444,443,549
545,600,617,443,439,539
548,594,612,444,438,540
547,605,615,431,446,546
543,616,616,429,442,546
548,612,613,438,434,546
545,607,613,442,433,547
546,609,613,444,434,544
549,613,609,439,444,545
543,618,616,426,437,546
549,612,610,440,443,545
543,616,615,430,440,545
547,601,613,445,433,541
548,611,612,435,445,544
547,611,605,444,442,548
549,615,601,441,439,548
544,601,618,442,444,535
548,611,617,436,445,545
546,614,617,432,444,546
535,611,606,442,445,544
550,600,612,445,434,543
546,607,612,441,435,545
541,617,598,445,441,549
547,604,609,447,430,542
548,607,613,441,433,547
547,606,611,447,433,544
550,599,614,444,434,543
544,614,613,430,439,547
546,611,613,438,435,550
536,611,611,440,445,540
548,598,614,444,437,541
540,599,615,444,442,535
544,613,603,444,441,547
546,608,612,440,434,544
538,604,617,441,443,537
546,610,613,434,432,547
545,599,616,443,438,537
541,617,603,444,444,547
549,605,610,441,443,546
544,617,615,432,439,545
548,608,612,445,434,543
537,600,615,442,441,537
544,616,612,434,439,547
548,598,617,444,440,538
543,615,600,446,442,548
548,599,616,449,439,539
545,615,616,430,442,546
544,613,606,444,441,545
537,619,603,441,442,550
545,618,614,427,439,547
542,603,617,441,443,538
535,617,602,441,444,547
548,612,605,442,445,545
545,616,614,433,438,548
534,612,607,440,446,547
547,613,609,443,442,546
548,600,614,444,436,542
551,613,608,443,443,547
548,609,613,443,434,547
545,611,613,441,434,546
546,614,603,446,442,548
548,612,614,432,445,543
549,605,612,442,442,542
541,601,618,442,439,540
544,615,613,436,447,543
546,606,613,444,433,545
543,615,615,433,440,546
546,616,617,432,440,547
535,617,601,442,443,548
537,616,602,443,445,550
541,601,618,441,444,538
544,615,615,433,440,546
547,612,613,435,447,545
540,616,601,443,442,549
536,608,615,440,446,535
539,603,615,439,446,538
545,614,614,436,436,548
548,598,616,446,437,540
542,612,612,441,434,548
545,613,610,434,433,546
531,619,608,440,444,544
535,612,604,439,447,543
545,600,618,444,443,536
538,610,610,441,448,540
550,603,614,444,436,542
548,601,613,445,435,542
547,599,616,444,440,538
544,611,615,439,444,545
540,616,603,444,442,548
548,611,616,435,446,544
546,603,617,431,441,546
547,615,612,439,434,547
547,616,605,443,442,547
538,615,601,442,445,546
543,616,614,430,437,544
544,600,617,442,443,537
534,611,610,439,446,539
536,616,603,446,434,541
541,602,615,441,447,538
545,615,614,435,440,547
538,616,602,442,443,547
535,609,614,440,447,536
547,611,616,437,447,546
544,610,611,438,435,548
538,616,602,438,445,547
540,597,616,442,447,538
546,609,613,434,432,547
548,613,613,437,435,547
549,612,609,440,445,546
546,614,618,431,445,543
544,603,614,443,440,537
541,603,615,441,446,538
549,602,612,446,434,544
546,612,604,440,447,540
545,617,607,439,433,545
544,614,618,432,445,543
550,604,613,444,434,544
536,602,613,440,447,540
544,613,617,433,445,544
545,614,613,437,436,549
547,601,616,445,441,537
546,613,616,434,446,543
546,612,618,428,444,546
538,601,612,441,447,539
545,606,611,444,433,547
535,610,608,437,447,542
538,607,615,441,445,538
543,598,617,442,445,539
547,600,616,444,438,542
546,616,618,431,446,544
545,615,615,431,446,546
543,617,616,432,440,548
546,613,604,446,442,549
545,598,618,444,439,537
540,601,617,444,445,538
546,613,612,437,434,547
546,598,618,444,440,537
538,611,613,439,446,540
547,614,619,431,446,545
551,612,613,445,432,547
541,613,617,431,444,547
542,615,616,430,440,547
540,615,612,436,434,547
535,618,603,441,445,544
541,601,617,442,441,536
545,614,605,443,442,547
541,611,612,440,433,546
541,602,615,442,444,538
541,617,616,431,441,547
539,616,616,433,439,548
546,617,617,435,445,544
542,600,618,443,440,536
542,616,602,440,443,544
545,614,613,431,440,542
539,605,614,440,445,542
540,618,601,445,440,549
547,598,598,443,440,544
546,609,611,439,433,547
541,611,612,436,435,547
533,606,613,441,446,539
546,615,603,443,443,549
542,599,619,441,442,536
549,612,612,441,443,546
535,611,611,441,446,540
548,609,617,438,446,543
544,616,615,431,441,546
538,600,612,439,445,539
535,618,603,439,444,544
537,603,617,440,449,536
550,611,609,441,443,546
551,613,605,442,443,547
537,616,600,442,443,548
546,609,613,437,434,547
548,613,607,443,441,547
543,599,617,442,444,537
548,606,614,440,433,547
548,600,616,443,437,539
548,610,611,440,445,545
542,600,618,443,444,537
548,603,619,434,445,544
546,610,612,437,435,544
545,617,614,427,441,547
547,593,616,444,442,537
545,611,600,442,439,545
549,606,617,432,446,545
550,611,612,439,444,546
543,599,617,444,441,537
548,612,606,444,443,547
536,609,609,440,448,541
544,615,615,430,442,547
536,614,608,439,446,542
545,601,616,444,443,537
548,597,615,442,436,542
547,609,602,440,439,549
536,611,611,440,449,541
542,609,599,444,443,550
544,617,615,431,442,545
548,611,613,439,433,546
550,599,616,444,435,541
549,611,613,439,445,545
542,614,602,440,439,549
547,616,615,431,443,545
551,611,606,443,441,547
547,612,613,439,434,548
545,612,619,433,445,545
544,603,618,443,442,538
536,616,603,440,445,544
549,598,615,443,437,543
548,611,601,444,439,545
548,607,614,441,435,544
539,606,612,442,442,536
536,609,611,441,447,540
546,611,613,439,435,546
543,599,619,442,441,537
550,598,616,444,436,543
542,609,617,433,448,543
549,612,619,432,447,546
548,611,610,441,444,547
547,610,613,444,433,544
547,612,613,442,433,547
546,616,603,444,445,548
536,608,611,442,445,540
545,611,612,439,435,549
546,601,616,445,438,542
543,614,604,445,443,547
544,616,617,431,441,547
549,599,611,445,433,540
549,603,617,445,440,539
549,611,606,445,444,547
547,612,618,433,448,545
538,616,603,443,444,549
547,600,618,443,440,537
547,607,615,431,444,544
535,618,603,443,447,547
548,612,618,433,450,544
537,609,614,440,443,540
548,615,617,430,443,546
545,612,612,437,435,547
545,598,616,446,437,541
543,615,603,445,443,549
549,610,614,441,447,545
547,608,613,439,434,544
540,615,603,445,444,550
546,616,602,444,445,548
547,615,617,431,443,547
548,612,608,442,444,545
534,610,609,439,446,542
548,600,618,446,441,539
543,601,615,445,436,543
540,615,602,445,443,549
537,609,613,438,447,539
549,613,608,436,445,543
543,610,621,434,448,545
547,600,614,445,435,540
544,616,617,437,441,548
542,615,601,445,444,548
545,615,603,445,441,547
548,613,610,441,443,547
539,607,613,442,447,540
546,612,615,437,431,548
550,608,612,441,434,546
537,617,603,444,446,546
535,609,611,441,441,539
551,609,614,440,444,546
548,612,619,432,447,544
551,613,608,441,443,547
543,616,603,447,443,551
547,610,611,445,443,546
542,605,619,440,446,537
540,599,619,444,443,539
539,617,604,442,447,547
546,614,616,436,438,548
536,616,604,443,446,545
548,598,618,443,443,538
546,610,615,439,436,548
545,614,615,433,441,547
549,612,614,438,447,546
550,610,612,437,446,545
548,614,620,426,447,544
548,602,615,445,434,544
545,617,618,430,440,547
544,616,599,445,442,549
544,600,619,444,440,538
548,606,607,445,443,549
547,615,598,446,442,549
545,591,615,443,435,538
550,600,617,444,438,544
536,614,604,447,443,549
540,610,614,441,447,539
545,616,617,432,443,546
548,605,615,440,433,547
548,609,620,432,447,549
540,603,620,442,441,535
538,617,605,441,444,547
548,612,619,435,447,544
547,617,604,443,446,546
542,606,616,440,435,548
549,612,616,436,448,546
541,599,620,445,445,538
545,613,612,439,437,549
552,609,615,439,447,547
543,601,620,438,440,538
538,600,618,443,446,538
548,613,603,444,444,548
548,614,603,446,445,548
550,599,615,446,439,542
548,599,619,445,438,537
548,616,620,432,441,546
553,605,613,444,435,543
549,600,618,445,443,537
551,601,616,446,436,541
544,602,617,441,445,540
545,616,616,434,441,549
549,614,607,445,443,546
540,614,603,445,445,548
551,611,613,444,448,548
540,598,619,445,443,537
551,606,615,445,434,543
547,597,619,443,443,535
550,605,619,428,443,544
549,613,619,433,447,546
538,609,612,441,448,543
545,617,603,444,444,548
551,599,619,441,442,547
545,608,614,432,438,545
550,599,615,442,437,541
548,610,613,442,433,547
549,613,613,439,433,547
541,617,605,437,445,547
540,611,622,439,447,546
542,616,603,444,442,548
542,605,615,442,448,537
548,608,619,443,448,538
550,612,614,438,435,548
551,601,616,442,438,541
552,599,614,445,440,538
547,616,617,432,444,547
547,600,616,446,437,542
552,614,610,440,446,541
541,606,611,441,446,541
547,615,618,432,445,545
548,598,619,442,445,537
550,609,613,440,435,546
550,607,614,443,434,546
547,614,622,433,446,545
552,592,616,444,438,537
538,604,611,442,447,542
540,612,619,433,448,545
547,613,616,439,434,549
549,609,619,433,447,546
549,608,615,441,449,539
553,598,617,446,442,538
550,612,613,441,446,547
546,615,617,433,444,547
553,617,601,445,443,548
544,610,615,444,434,546
548,611,613,436,435,548
547,613,605,444,442,548
539,606,614,441,446,542
539,612,612,441,436,548
554,611,609,443,446,545
538,612,603,447,446,538
545,599,620,443,448,540
539,601,619,443,446,537
540,618,599,440,446,545
552,602,620,442,448,537
545,615,618,433,444,548
541,611,620,434,446,546
547,615,615,440,436,548
552,608,617,443,445,538
541,614,603,443,443,550
551,615,605,444,442,545
545,614,613,442,436,547
552,609,613,443,450,539
537,610,611,442,446,543
553,614,604,445,444,549
537,613,609,444,447,543
547,615,615,437,435,548
551,608,615,439,435,538
543,617,604,433,442,549
549,611,609,441,447,543
552,600,619,444,440,539
541,614,603,445,442,548
548,611,609,444,446,545
547,609,613,446,434,544
549,618,604,445,445,546
543,604,616,443,448,537
550,617,617,442,447,540
543,604,618,442,447,538
543,602,617,442,447,539
541,606,614,442,447,538
550,600,617,447,438,541
540,606,615,441,450,538
547,609,614,443,433,546
543,617,616,434,445,547
541,617,603,446,446,548
543,618,614,437,437,549
551,600,612,445,437,544
551,602,609,444,445,548
553,603,616,446,435,543
547,610,602,445,445,550
543,618,604,443,444,547
548,616,615,438,439,547
542,600,618,446,443,540
549,614,605,444,446,545
550,594,617,445,440,538
544,612,603,446,443,549
548,615,605,441,439,547
552,613,621,434,447,544
545,616,602,446,445,548
551,599,615,446,439,540
539,613,613,442,450,541
543,611,618,444,441,547
549,619,603,445,445,546
546,615,602,447,443,549
544,597,617,440,441,538
541,618,619,432,443,546
549,607,614,440,436,549
545,617,618,433,442,547
547,600,618,443,448,539
550,607,614,444,434,543
548,615,604,448,442,549
550,613,607,445,443,548
549,616,615,438,436,548
550,614,615,437,447,544
549,609,617,443,446,537
552,604,614,446,435,545
543,600,618,444,446,537
549,613,613,439,435,547
548,620,619,432,445,547
539,617,605,444,447,545
547,616,615,438,437,549
543,616,616,435,437,549
542,620,607,443,446,546
548,597,620,445,444,540
551,614,616,442,447,547
540,605,615,442,448,538
546,608,614,441,449,541
550,615,617,440,448,545
552,612,620,432,448,544
552,599,615,445,435,543
541,618,617,434,442,546
552,606,610,445,431,543
553,609,614,441,449,540
553,616,618,433,446,545
550,611,620,433,445,546
552,612,613,448,435,543
548,601,618,445,443,538
548,600,614,445,435,546
552,600,616,442,434,543
552,612,619,438,448,545
548,618,604,446,446,549
548,609,602,447,443,550
549,604,610,439,442,547
540,618,620,445,444,549
542,618,618,433,444,547
547,606,619,437,448,546
538,608,610,442,447,544
546,596,620,444,446,538
551,601,613,440,443,535
550,614,605,447,445,549
548,617,617,431,444,548
548,592,617,441,439,539
550,613,615,441,435,547
549,616,616,446,439,544
542,616,609,441,446,545
550,616,604,442,446,547
548,615,619,433,446,545
539,616,603,444,444,546
551,607,614,445,436,546
551,602,614,446,435,542
543,617,603,443,444,550
540,610,615,440,448,540
546,615,616,434,441,547
543,604,616,447,447,537
544,618,618,434,443,549
540,616,601,445,444,548
541,602,619,435,449,546
547,613,603,445,439,548
537,612,607,442,446,542
544,604,614,434,440,548
532,609,607,441,448,537
548,616,614,443,448,538
548,613,609,442,445,547
542,618,614,432,446,547
543,600,617,446,444,540
543,616,612,433,441,548
547,613,614,435,448,544
546,616,611,436,439,548
547,616,613,432,445,547
537,606,598,444,444,546
545,612,610,440,437,548
543,618,600,446,444,549
550,613,614,446,443,539
546,617,614,432,447,546
540,618,598,446,447,547
547,609,609,437,435,547
548,608,612,444,436,547
548,614,604,437,449,540
541,616,615,432,446,545
547,599,615,445,444,538
549,611,606,445,447,548
546,610,610,446,435,547
543,616,613,433,443,547
537,616,599,445,446,547
546,617,613,433,439,547
547,603,612,446,445,545
536,616,610,442,450,540
550,612,611,441,445,546
545,602,612,435,442,548
541,602,615,443,448,538
545,617,607,438,438,548
545,601,613,446,442,539
546,615,603,447,444,549
534,615,600,441,446,546
548,616,609,448,436,548
549,612,612,440,448,545
538,616,601,443,445,547
546,618,605,444,447,540
535,617,601,445,445,545
546,613,614,439,451,545
547,617,614,441,447,539
547,615,611,437,437,549
537,618,599,444,444,547
545,605,598,445,444,549
545,607,601,445,440,547
544,617,600,443,444,546
546,615,601,448,444,548
547,614,609,439,435,548
541,600,615,443,448,538
547,607,601,445,444,547
549,613,605,442,445,548
549,614,606,443,444,546
547,609,611,445,434,546
544,608,608,441,436,544
544,599,614,443,447,537
550,601,612,448,435,543
542,618,601,446,443,550
538,616,599,444,445,550
545,618,616,444,435,546
541,616,600,445,445,551
540,599,616,446,444,538
546,613,602,444,445,549
541,620,600,446,445,549
536,614,605,442,449,545
536,613,615,443,443,540
547,611,614,440,437,548
548,607,617,439,448,546
550,603,613,447,431,543
548,614,618,437,447,545
549,613,610,440,448,547
542,618,601,445,445,550
540,617,615,434,443,549
545,601,616,443,445,538
542,618,602,446,446,549
549,601,616,445,441,537
545,615,618,432,446,546
536,616,602,445,443,548
547,616,603,444,444,549
537,604,615,444,449,540
544,612,611,440,446,545
549,601,614,446,439,541
544,614,614,439,435,550
535,616,612,447,435,548
537,607,614,441,448,538
539,617,603,445,445,548
534,610,614,446,438,543
550,602,615,444,440,539
536,617,611,440,448,545
539,619,615,433,440,548
540,604,616,445,444,537
551,612,606,444,444,546
547,613,612,440,436,548
542,616,601,445,444,550
538,620,602,444,444,550
535,615,609,441,446,544
546,616,617,431,446,544
547,616,620,431,449,546
541,598,614,441,448,542
544,616,604,446,444,550
538,611,615,443,449,540
549,612,608,444,445,548
544,618,613,435,437,544
548,612,614,441,436,547
541,617,604,445,444,545
537,614,611,440,448,542
547,617,603,445,444,550
544,622,618,432,444,547
545,616,618,444,443,549
544,612,615,445,436,544
544,620,618,431,445,547
549,616,607,447,442,548
550,614,618,445,445,548
549,616,618,436,447,544
541,606,614,441,435,546
538,618,603,443,445,551
545,617,617,432,447,545
544,618,604,444,444,550
548,602,619,444,437,540
550,615,614,439,440,546
540,618,615,436,440,548
548,603,614,447,437,542
538,620,616,429,450,543
531,613,612,442,449,541
546,618,611,431,446,544
546,618,615,434,441,548
546,603,617,443,441,538
548,612,605,431,445,546
549,608,616,441,435,548
545,618,619,431,446,545
547,602,617,444,440,540
547,615,619,439,448,544
547,613,613,441,437,548
543,618,603,445,444,548
545,618,613,438,448,546
536,617,611,440,447,545
547,603,619,444,441,540
545,618,617,432,446,547
549,615,616,446,443,549
544,607,618,443,445,538
547,605,605,442,446,547
540,620,604,444,448,549
537,614,614,441,448,541
538,613,614,446,437,542
549,613,609,442,450,543
544,603,614,442,449,540
537,616,616,445,444,548
550,615,610,441,447,547
549,605,617,445,437,544
546,620,615,437,438,550
549,602,619,445,439,541
535,612,613,441,449,541
549,596,617,445,438,539
535,618,611,440,449,542
547,609,602,444,446,549
547,619,600,446,444,547
547,621,617,427,446,544
547,618,619,430,448,546
538,608,614,445,444,551
549,605,619,441,441,540
547,603,619,447,436,543
549,613,605,445,445,547
539,615,611,441,448,541
547,614,607,439,436,549
545,604,609,445,444,548
547,615,614,440,436,549
546,613,613,438,438,548
547,616,617,432,444,547
545,619,615,434,441,548
545,604,617,443,444,537
544,618,605,446,444,550
549,614,615,438,448,547
537,619,615,440,448,540
548,617,618,446,443,548
546,621,616,442,434,545
550,612,602,444,447,549
545,621,617,433,445,548
547,610,602,448,442,548
549,617,606,438,447,545
547,598,618,443,446,547
538,620,602,445,446,550
549,611,611,437,440,550
546,618,618,435,440,548
549,615,619,431,448,545
539,606,611,441,449,541
548,615,603,443,440,540
544,620,620,432,450,545
539,606,616,442,448,539
538,622,604,441,451,541
550,609,613,433,442,547
539,608,617,445,441,537
545,617,619,433,445,547
540,611,615,443,449,539
538,620,615,445,436,543
546,604,619,442,446,539
548,617,616,442,449,539
547,617,604,445,439,541
537,616,602,440,448,539
547,616,608,444,445,550
550,616,614,440,442,551
539,621,615,440,445,546
541,606,612,445,444,547
540,609,616,441,448,537
550,607,616,446,434,543
546,617,616,441,446,539
545,619,615,437,442,542
546,620,615,437,434,548
548,616,607,446,442,548
543,619,603,442,443,548
541,615,603,441,437,548
548,616,616,441,444,536
545,617,605,446,435,535
540,619,616,438,443,537
542,618,621,446,437,547
533,619,602,443,443,542
540,604,619,443,440,535
544,616,619,444,435,536
544,617,620,434,443,543
544,603,620,444,437,535
546,603,612,442,435,536
539,604,619,441,442,536
545,606,616,445,432,540
542,614,604,433,437,545
538,618,603,443,438,545
542,617,620,432,442,541
540,620,616,433,437,543
542,618,621,431,444,541
532,622,603,442,439,543
530,620,604,443,441,543
542,604,616,438,431,543
536,614,600,443,441,546
541,620,614,435,430,543
539,619,619,443,440,534
547,617,620,446,435,533
545,615,615,435,443,541
546,605,619,437,433,544
535,621,618,443,435,534
531,619,603,443,443,535
545,617,618,442,440,542
536,620,602,444,438,544
534,613,617,445,440,544
545,615,615,437,440,539
544,615,616,434,440,539
539,617,615,437,432,543
538,605,603,445,441,545
546,614,618,438,444,542
538,605,620,445,438,535
542,602,619,445,436,535
531,619,604,435,437,544
547,617,609,443,440,545
539,623,615,435,436,535
533,622,617,447,438,545
539,621,616,432,440,543
545,604,615,446,432,539
541,616,603,439,436,546
541,619,617,435,445,541
532,612,614,442,442,543
535,621,616,440,445,536
544,602,617,446,443,536
533,618,606,441,443,539
541,602,619,443,440,536
541,614,617,432,442,545
545,604,618,434,445,547
542,615,614,446,434,542
534,611,617,438,445,539
545,605,615,446,432,541
536,611,617,442,443,537
543,614,616,446,438,538
537,622,601,447,442,547
545,616,620,446,441,547
533,619,604,444,444,546
539,608,616,444,446,535
543,621,604,448,442,547
537,621,604,446,441,547
545,612,612,446,433,543
544,618,616,447,444,550
548,618,619,437,447,545
536,610,614,440,445,536
541,620,617,442,447,538
539,620,602,443,444,546
544,618,616,443,435,547
535,619,603,445,442,539
540,619,602,444,443,546
543,621,617,432,444,546
533,620,608,436,446,542
542,604,618,445,445,539
546,618,618,432,448,547
547,614,612,445,442,547
547,604,616,433,445,547
547,605,615,444,448,544
546,617,619,443,443,546
546,612,611,436,439,547
546,619,617,433,447,545
543,621,614,440,448,539
535,614,613,437,448,546
546,603,616,443,440,537
539,620,612,444,445,545
548,615,613,445,433,544
533,616,610,441,446,544
544,620,615,448,433,539
548,603,613,442,446,545
536,621,603,444,445,546
549,616,613,441,447,546
547,615,619,445,445,548
545,616,614,434,439,548
548,616,615,440,447,543
544,619,613,440,435,549
546,615,612,431,434,544
540,608,617,446,444,549
541,620,616,443,447,537
536,617,607,444,445,550
545,614,612,435,436,548
545,603,620,446,440,537
545,622,612,437,437,549
543,617,615,441,447,542
548,604,615,446,431,540
540,619,602,435,448,545
538,608,612,446,435,542
547,615,619,442,450,537
539,619,612,439,436,549
547,611,612,444,449,540
545,618,618,444,447,545
544,619,601,433,441,545
535,616,614,448,446,540
536,607,616,446,444,549
543,619,604,447,443,550
540,604,615,442,446,543
548,618,608,441,450,539
535,614,610,436,440,548
549,616,614,446,444,548
543,620,617,446,447,545
545,617,607,447,441,537
548,615,620,437,452,545
547,611,604,441,435,547
549,611,613,444,447,539
547,617,611,443,446,547
538,619,617,437,443,549
539,607,619,444,446,537
535,615,610,443,447,545
541,620,619,446,443,537
548,616,609,434,443,548
541,619,600,443,443,544
546,618,606,440,446,547
550,614,609,443,444,546
536,614,611,443,447,544
538,620,613,438,437,547
542,620,601,445,445,548
536,620,604,443,440,546
548,605,615,449,435,541
536,614,611,445,443,547
547,607,615,444,441,537
547,617,619,431,445,545
546,615,613,443,436,549
539,619,602,443,447,544
544,620,614,448,434,547
547,610,613,444,446,536
547,616,615,448,445,545
547,618,603,433,445,543
535,609,618,442,445,538
544,617,613,434,440,546
535,608,603,444,445,546
539,607,619,443,443,537
547,615,619,433,448,546
547,614,616,432,444,546
544,626,616,434,439,547
548,620,605,443,439,548
548,610,614,443,446,547
537,621,604,444,445,547
545,619,617,434,446,546
536,620,599,445,440,544
534,618,612,441,448,543
547,603,618,447,446,547
550,616,614,443,435,545
536,620,603,442,446,544
544,619,619,443,448,537
548,615,611,444,447,544
544,620,615,443,443,540
536,620,602,445,445,551
544,620,618,443,443,549
540,606,617,445,436,546
544,604,619,434,443,547
543,617,605,447,444,548
543,621,617,433,441,547
543,605,619,445,445,537
530,620,604,444,447,546
546,603,618,445,445,539
547,618,605,446,449,545
547,605,615,434,449,545
543,621,616,441,434,545
549,615,619,441,443,545
541,619,602,440,443,547
549,616,606,444,444,548
541,620,601,447,445,548
546,615,608,444,447,546
547,608,614,433,438,540
546,606,617,444,445,537
545,621,618,433,441,545
548,617,611,441,446,545
546,622,609,441,446,543
549,617,620,434,448,543
549,616,620,443,443,540
550,605,618,446,443,546
542,621,616,437,443,548
546,614,614,437,446,545
541,621,604,442,447,546
546,605,617,448,448,544
542,618,603,445,447,540
538,617,608,441,442,548
550,624,614,440,435,547
539,607,618,442,445,538
538,609,617,437,448,543
545,616,613,440,438,548
545,613,619,432,445,547
544,620,599,446,444,546
540,620,603,442,446,546
543,618,618,436,448,542
538,606,618,447,444,536
548,618,607,448,445,549
536,615,613,443,436,547
540,619,609,442,448,541
543,605,618,445,447,537
548,617,605,433,449,546
548,606,618,444,448,542
547,616,618,436,443,547
541,621,602,439,446,543
547,615,621,435,450,545
548,613,615,441,445,546
536,621,603,439,446,546
547,617,609,441,433,547
547,615,617,435,443,549
545,621,619,434,443,546
537,618,618,436,447,544
543,604,619,448,440,546
535,621,611,444,441,547
544,621,616,437,435,544
548,616,614,433,443,548
546,620,602,448,443,549
545,617,621,436,449,544
535,621,604,447,445,546
544,622,615,433,442,548
548,617,614,439,449,538
543,622,613,439,437,547
545,618,605,444,447,537
537,610,618,444,449,539
545,618,603,444,446,536
542,607,617,445,446,537
548,615,619,440,447,547
543,606,617,442,449,539
546,604,618,442,448,544
548,603,618,447,446,547
536,606,617,443,448,542
546,616,605,447,444,549
547,609,612,444,449,545
549,619,613,441,436,548
547,620,618,429,450,543
547,604,619,433,446,544
548,609,604,443,447,546
547,618,606,446,444,548
538,623,604,444,445,549
542,621,617,434,448,539
543,605,618,445,442,548
548,619,619,433,447,544
545,619,619,434,449,544
550,616,615,432,447,546
543,614,616,435,440,549
544,620,620,433,449,541
535,612,616,438,448,545
535,615,612,441,437,541
536,616,611,436,445,548
544,618,603,445,448,545
548,605,615,433,448,546
536,614,608,442,447,544
546,608,611,444,435,546
538,618,617,434,443,547
540,610,616,443,449,538
536,620,610,445,446,547
537,603,620,445,444,539
545,618,610,441,448,544
538,613,618,438,440,548
547,622,619,445,440,538
549,614,615,439,449,539
545,618,619,441,445,550
544,619,619,448,443,546
548,605,615,449,447,546
548,606,614,447,447,537
540,616,612,437,440,547
545,610,614,446,449,538
547,610,614,443,446,545
552,606,615,448,441,548
546,620,617,436,443,548
537,620,604,443,448,545
547,610,611,445,434,546
544,619,618,433,445,547
547,602,617,447,437,548
536,612,613,441,445,536
547,615,614,441,447,545
538,620,602,446,448,545
549,617,613,435,449,545
546,615,613,442,436,547
546,618,604,446,445,548
547,608,613,441,437,547
546,619,618,432,445,544
547,616,614,439,436,547
547,604,619,447,442,538
544,604,617,446,443,537
547,604,616,448,441,540
551,615,612,443,446,546
539,621,613,447,437,542
539,621,604,444,437,547
544,620,617,433,444,545
547,604,618,448,449,543
545,618,606,447,449,546
547,606,620,433,450,543
544,618,604,446,447,535
543,621,615,434,444,532
536,609,615,443,450,538
540,622,615,434,441,548
547,613,613,434,444,548
535,620,611,443,450,545
538,614,613,442,449,546
541,603,610,433,439,544
548,617,608,446,448,539
537,617,610,442,447,542
547,620,616,434,440,547
551,605,612,442,434,546
542,620,604,447,446,548
547,618,614,440,436,542
540,620,607,442,447,543
541,606,617,444,445,545
547,616,614,439,437,542
548,617,616,438,449,544
547,620,616,434,442,547
545,619,603,447,446,549
551,616,620,433,444,538
543,618,603,446,444,549
545,616,609,442,448,539
549,616,621,435,449,545
544,619,602,447,450,545
545,617,603,442,441,548
550,605,614,448,438,544
547,617,612,442,447,546
548,616,610,443,445,545
551,615,616,439,448,540
547,619,615,441,437,547
546,618,615,438,437,547
550,616,618,436,450,545
542,604,618,446,445,538
550,612,613,445,435,546
548,617,600,443,444,550
550,609,614,444,436,544
548,622,603,447,446,549
535,617,610,444,448,543
548,609,617,445,447,537
548,610,613,442,438,549
535,620,609,443,448,543
543,620,603,446,446,544
552,615,614,440,448,547
549,611,613,443,447,545
548,616,615,441,448,545
549,618,614,438,440,548
548,616,599,440,447,543
548,593,618,442,439,542
546,614,605,445,447,545
546,617,618,434,452,545
550,613,614,436,449,543
549,615,616,442,449,546
546,621,604,446,444,550
538,619,602,443,446,544
546,602,616,447,446,545
538,604,615,440,437,547
535,611,613,444,441,539
546,619,613,439,449,544
539,619,609,443,450,543
549,616,610,443,448,546
546,618,617,434,444,547
544,613,612,446,452,539
548,617,614,438,436,549
543,618,618,435,446,545
545,614,611,444,446,548
551,616,611,448,444,547
547,610,612,444,447,545
547,613,613,438,448,547
536,622,614,443,442,544
549,611,605,445,445,549
547,618,619,435,449,543
536,613,615,442,447,539
545,615,615,437,437,549
542,608,615,446,434,548
548,616,607,447,451,545
540,614,619,436,449,546
547,616,606,447,445,548
538,616,609,442,445,539
545,619,617,437,445,547
550,605,614,449,438,542
550,604,615,448,442,539
549,605,615,448,438,542
536,621,605,438,444,548
547,614,611,441,437,549
541,618,601,448,444,539
546,601,616,442,449,544
542,620,603,448,445,548
537,619,603,444,448,546
537,614,605,444,449,547
548,604,616,448,438,544
546,603,617,446,445,547
551,612,603,447,445,550
546,604,608,446,447,548
547,618,615,438,444,548
546,607,606,445,448,546
545,620,617,435,444,548
550,604,617,449,437,543
550,611,614,444,446,547
548,613,616,441,448,545
548,608,613,445,437,547
543,602,609,438,445,545
544,606,619,444,444,548
545,619,615,439,443,548
530,619,610,444,447,547
549,614,610,445,447,538
549,614,612,439,450,544
538,621,604,445,445,549
546,616,614,439,446,542
546,605,616,442,432,544
536,615,608,444,448,545
549,613,613,440,437,543
544,620,617,435,445,546
533,612,614,445,450,540
543,616,610,443,449,543
544,620,619,433,447,545
549,617,605,447,445,549
538,610,614,443,448,541
537,617,618,446,444,537
551,616,615,437,450,546
538,610,603,446,447,550
550,614,613,443,435,545
547,614,613,442,447,546
545,604,616,446,446,547
536,605,617,443,450,549
546,613,613,443,448,540
534,604,610,445,448,547
536,617,603,443,447,548
547,604,615,448,450,539
544,603,618,447,436,543
545,618,612,443,451,539
542,616,601,447,449,544
550,612,619,438,450,547
544,620,616,441,449,539
545,618,619,435,447,548
548,608,619,434,449,548
537,611,612,442,448,546
546,617,606,444,449,548
545,615,614,448,436,547
549,615,618,442,449,546
546,617,617,434,445,548
541,618,603,446,437,546
539,618,609,443,450,544
543,618,616,437,443,547
546,603,605,444,446,547
536,614,613,445,435,545
535,617,608,443,450,541
535,611,605,442,448,544
535,617,611,443,447,544
548,613,614,446,448,545
547,615,617,435,448,550
549,603,614,448,450,547
539,617,611,443,451,548
549,615,619,434,450,545
542,615,612,442,437,548
537,614,607,444,436,545
536,616,608,446,450,547
546,614,613,445,435,546
549,606,612,445,446,547
547,617,614,437,441,549
542,602,616,444,451,537
550,613,615,437,449,546
542,603,603,443,446,548
544,602,619,447,438,535
547,614,619,435,444,546
547,613,610,442,437,541
544,618,618,435,448,547
539,602,618,447,444,538
548,607,615,444,451,539
545,617,618,446,444,538
545,620,617,435,444,548
539,608,604,433,447,546
545,619,618,435,448,544
547,619,616,434,443,547
543,618,616,433,445,548
538,619,605,445,444,550
539,617,603,445,448,545
537,620,605,443,446,547
549,603,615,448,449,548
535,616,620,449,442,539
548,614,613,441,436,549
547,615,617,445,449,537
552,615,607,446,444,550
535,620,604,445,449,546
546,616,604,447,439,547
545,624,617,435,446,548
544,620,617,435,444,546
540,619,601,435,448,546
546,603,617,448,445,538
547,619,613,439,442,546
550,614,610,445,448,544
547,613,618,448,443,550
541,606,619,444,443,538
537,613,608,444,451,542
547,604,615,449,438,539
544,620,613,437,452,549
540,605,618,445,448,546
549,604,613,443,451,544
546,619,618,434,452,545
541,619,601,447,445,549
537,621,604,445,448,539
547,604,619,447,446,538
544,619,613,451,437,546
545,614,618,436,440,545
537,619,613,444,448,544
536,619,615,443,449,538
546,615,606,445,446,545
548,613,613,445,448,547
545,620,616,434,446,550
542,603,618,445,447,548
545,617,603,448,438,544
538,619,613,442,449,544
537,619,615,434,443,543
537,612,610,442,449,548
543,619,613,428,447,543
548,615,605,450,448,549
536,615,611,443,450,547
544,601,618,445,447,540
537,601,616,447,444,539
549,609,614,445,438,548
547,612,611,436,447,547
547,609,599,449,443,548
547,617,605,448,445,548
544,618,618,434,448,545
548,612,614,441,448,546
546,617,618,434,448,548
549,614,612,450,436,545
545,616,619,446,442,536
546,618,616,438,439,546
549,601,614,440,440,547
535,615,614,440,447,545
548,613,615,437,447,543
542,613,615,447,435,541
544,616,603,447,444,545
538,616,607,445,444,541
549,602,611,449,431,537
547,616,615,438,448,535
547,613,617,448,444,547
534,615,610,445,446,547
545,615,619,444,445,546
549,604,615,447,436,547
549,606,615,448,435,540
547,613,609,444,435,542
547,610,612,444,435,544
537,616,615,440,435,547
536,610,620,443,447,536
544,615,619,434,447,544
535,612,602,447,445,547
549,612,613,442,447,543
537,618,617,447,447,536
545,618,616,436,441,535
539,605,616,443,447,537
537,618,603,445,446,541
537,617,613,444,434,543
541,619,604,447,444,547
538,612,614,444,445,548
544,602,618,448,443,537
546,611,613,445,434,543
535,612,618,444,446,546
546,616,606,444,446,546
547,619,617,435,444,548
537,617,605,442,448,543
547,614,615,441,448,545
539,618,605,447,445,546
544,617,614,438,442,547
540,617,602,447,446,537
539,620,604,446,447,543
547,601,606,444,448,537
542,602,620,447,443,537
547,614,619,446,446,547
537,620,604,447,446,549
542,618,609,449,438,546
529,617,610,446,448,541
538,619,616,449,445,548
544,620,617,435,440,546
545,621,616,437,442,547
535,609,616,444,449,540
545,617,618,444,448,540
543,617,616,435,443,547
548,614,619,443,450,546
548,614,617,451,434,546
546,615,609,446,443,547
544,618,617,434,449,543
542,602,620,446,443,537
541,602,615,446,439,536
545,614,619,438,448,544
543,618,619,444,447,538
543,617,620,444,447,538
548,614,615,434,446,547
536,614,608,438,449,535
534,617,601,447,440,543
546,620,620,435,444,543
542,603,622,445,443,539
544,618,620,437,445,547
545,614,611,446,446,547
548,615,608,447,443,549
539,616,622,433,454,545
548,602,621,446,441,541
533,618,610,444,448,539
542,603,616,443,450,543
537,617,616,443,448,546
546,604,623,450,440,543
548,612,609,441,436,551
545,617,623,434,450,546
544,615,621,435,443,543
543,618,606,449,444,549
536,613,608,446,448,542
541,605,621,446,451,539
539,608,620,445,448,547
536,623,614,444,448,549
545,617,619,446,444,547
534,614,614,445,449,540
534,616,618,443,449,550
547,618,610,447,446,549
546,602,622,446,436,549
546,616,624,446,450,541
550,611,617,449,438,547
543,620,622,433,448,550
545,621,620,439,438,549
548,611,617,440,446,538
544,608,620,443,452,540
550,615,618,444,446,546
545,619,607,449,448,550
543,602,621,447,447,539
549,617,610,443,441,544
535,619,614,446,449,543
541,612,621,445,451,540
537,611,615,445,450,541
541,619,605,448,438,545
547,618,623,435,448,547
551,616,613,446,446,549
544,619,619,438,441,550
548,613,615,445,445,548
546,617,618,451,440,541
551,615,611,445,446,550
530,619,608,446,447,548
538,614,614,443,448,544
536,615,619,445,448,545
546,616,612,447,437,545
548,601,621,448,437,546
548,618,606,434,439,544
537,615,614,441,450,546
536,616,614,444,450,547
536,614,615,443,448,543
546,618,624,435,449,546
547,604,620,444,450,539
544,617,623,433,449,546
549,604,621,446,439,542
547,604,618,443,450,545
544,618,621,449,445,538
548,615,614,437,440,543
547,609,619,448,436,545
543,618,624,436,444,548
547,615,613,448,445,550
545,620,622,434,445,546
549,620,601,445,446,552
548,605,620,448,436,546
550,613,606,449,445,550
545,616,623,440,447,547
547,603,620,446,443,539
541,616,609,447,446,547
537,612,615,444,449,546
540,618,606,448,446,551
544,614,617,434,443,542
540,607,622,445,452,539
545,616,611,449,447,550
546,613,615,438,448,546
546,602,605,448,445,540
547,607,620,438,449,547
547,614,613,446,444,550
536,609,620,435,445,548
535,615,614,444,447,545
543,602,619,448,443,549
548,601,622,447,439,545
547,618,621,444,447,539
547,616,606,445,445,548
535,621,608,446,445,548
538,607,619,447,440,542
541,619,623,434,444,548
542,617,609,446,448,543
532,614,613,443,450,543
542,614,610,441,431,546
538,620,604,449,444,550
539,620,603,446,446,552
545,600,618,448,440,548
543,616,620,435,450,546
546,614,619,445,443,548
541,619,616,431,435,550
545,609,619,448,445,537
544,617,609,443,451,547
546,611,607,446,432,542
542,603,615,439,444,549
545,607,621,445,450,546
545,618,616,437,449,546
543,619,602,438,445,540
544,601,615,451,451,541
546,611,610,447,438,546
539,606,613,449,435,545
536,609,615,445,450,540
533,616,606,444,449,544
542,615,610,443,450,547
548,604,615,448,439,544
547,615,607,442,443,549
546,620,595,448,445,551
534,608,613,445,450,541
534,611,613,448,448,552
545,601,617,446,446,539
546,614,615,437,437,543
539,605,617,446,446,538
546,606,611,445,448,546
544,614,611,439,442,538
548,604,612,444,437,544
546,615,609,437,445,549
544,618,616,436,451,546
537,619,602,445,447,548
542,616,613,449,437,544
537,619,601,447,446,549
543,605,617,445,444,539
546,617,610,446,448,549
545,605,613,449,440,543
547,605,612,449,436,542
535,608,614,449,451,539
536,608,615,446,436,548
545,604,616,448,439,539
540,615,615,434,448,546
548,615,605,448,450,545
543,618,616,436,449,546
539,608,615,444,452,539
545,615,614,439,444,550
541,609,601,443,445,550
534,616,603,437,443,540
543,617,613,437,442,550
547,602,612,450,440,546
543,618,614,450,450,540
547,605,611,436,442,550
546,614,605,447,447,549
545,614,609,445,450,547
534,610,609,437,439,543
545,614,607,445,449,551
532,614,608,446,448,549
544,615,609,449,437,550
543,617,614,438,451,546
544,612,609,446,450,537
546,610,604,445,435,548
542,617,614,438,442,548
535,619,593,448,446,550
544,618,615,448,449,542
545,619,601,449,445,552
540,620,608,444,436,548
540,603,610,448,440,535
542,616,610,435,448,539
542,618,615,436,449,543
542,621,614,439,444,550
546,604,613,450,449,544
546,605,612,441,430,548
546,615,609,446,448,549
539,618,594,436,448,545
544,612,603,438,438,543
541,617,615,434,438,549
544,612,607,446,437,548
540,622,612,428,445,549
546,605,610,452,448,540
535,619,601,437,450,544
537,618,609,443,440,545
547,616,606,447,448,550
542,618,615,430,450,546
545,620,598,447,448,550
545,615,604,447,446,548
533,612,606,446,450,543
536,603,612,448,438,545
548,616,612,437,448,547
545,613,612,438,451,545
541,609,614,445,450,539
538,617,610,443,438,549
547,614,608,441,445,548
545,614,608,449,447,552
547,613,605,448,435,547
535,620,599,446,447,546
548,618,599,447,445,548
543,603,615,449,443,539
546,606,610,443,439,545
542,621,617,436,445,547
543,611,609,446,446,550
546,614,606,448,445,550
545,604,614,450,443,541
538,620,600,449,448,547
539,613,616,437,445,551
546,616,614,440,433,545
538,614,612,445,448,545
546,616,604,440,441,549
546,613,612,446,450,546
536,622,602,447,448,549
536,622,608,444,437,547
543,619,609,438,441,543
544,620,607,442,450,546
549,608,612,440,448,545
534,615,603,446,447,548
542,618,601,449,447,550
541,602,614,446,439,548
539,618,599,448,443,541
548,609,610,446,445,548
541,617,601,437,449,546
542,603,614,450,438,543
534,621,606,443,441,542
532,616,604,444,449,545
545,614,610,446,436,547
548,605,612,449,448,544
533,611,612,432,448,539
545,610,610,448,437,548
545,611,611,448,437,548
542,618,615,447,448,549
546,602,613,449,443,539
542,617,602,447,444,546
543,618,604,448,444,550
532,616,605,444,443,547
547,615,614,437,448,545
542,619,612,437,448,540
544,620,615,438,448,548
543,616,602,447,445,548
548,603,612,450,445,539
529,609,610,447,450,541
541,606,615,449,449,540
544,617,600,445,448,548
544,619,611,442,439,550
545,613,609,450,445,547
534,622,600,447,445,550
544,617,612,447,443,548
535,611,611,447,449,539
543,617,616,435,448,547
537,609,612,439,448,533
545,614,614,444,448,548
539,606,613,445,451,538
548,622,600,449,445,547
548,616,603,449,447,549
536,615,605,450,444,551
533,618,603,446,447,546
541,619,613,439,453,546
541,620,615,436,450,547
537,605,614,452,444,550
545,617,616,438,450,546
540,596,616,448,448,550
537,620,599,450,447,547
541,619,611,441,444,546
546,616,612,441,446,548
543,611,608,437,441,549
540,607,614,446,442,540
550,616,606,449,450,540
548,610,609,449,446,547
540,606,614,446,449,540
549,611,611,446,438,544
542,620,611,442,439,550
542,619,615,436,442,540
546,604,613,451,436,548
535,621,613,439,441,549
545,623,615,436,449,547
547,612,610,449,437,545
544,619,611,439,445,548
543,620,613,438,447,547
544,615,615,438,450,547
535,618,605,444,444,548
542,620,615,435,445,548
536,614,610,444,437,547
546,615,607,448,445,550
545,615,610,446,447,548
548,614,612,440,448,544
535,615,606,444,443,549
545,615,613,449,448,546
544,621,612,445,448,548
548,616,610,446,448,548
535,621,601,446,438,546
541,603,615,446,444,539
542,617,603,447,449,547
548,606,606,444,436,541
541,620,603,451,446,549
540,620,599,448,450,541
542,618,598,448,447,551
546,616,607,445,448,548
540,605,614,448,444,545
543,611,610,446,449,546
544,619,616,436,447,548
545,611,611,449,437,544
546,608,612,449,437,546
536,619,600,451,446,549
542,622,611,440,441,547
539,611,609,446,446,539
544,616,606,447,450,545
544,620,612,439,443,549
544,618,608,440,447,547
543,615,608,443,448,547
543,604,615,450,448,551
535,620,600,447,437,548
545,607,611,438,450,545
535,602,608,444,446,540
533,620,602,446,449,535
533,621,603,445,450,550
535,618,607,445,448,545
546,617,604,449,448,548
543,620,613,438,449,547
534,620,612,450,439,542
541,605,613,446,436,548
537,620,600,449,438,546
548,605,613,451,438,543
536,618,601,450,446,548
537,609,613,447,447,548
548,615,603,450,446,548
546,615,611,444,447,547
547,612,611,448,436,544
546,603,611,449,450,540
547,615,606,448,446,549
542,619,601,445,448,545
537,615,611,443,450,541
546,612,611,449,437,545
547,606,614,449,437,544
547,616,610,444,441,546
536,621,601,446,445,549
539,620,611,446,450,540
535,622,601,448,449,548
548,605,614,447,450,541
543,621,612,442,439,549
535,623,602,446,445,548
539,619,600,450,445,550
547,612,611,448,437,547
542,618,601,449,443,547
540,622,599,449,446,550
546,615,617,441,448,542
537,618,600,449,445,551
544,616,596,451,439,546
547,604,613,448,445,540
545,618,615,435,448,547
548,617,614,442,449,547
545,619,614,439,444,548
545,619,616,447,440,544
537,621,599,445,447,547
545,615,606,448,452,539
545,618,615,435,447,547
534,614,607,450,451,544
546,609,612,435,438,548
533,617,607,445,446,539
543,603,614,452,443,539
542,622,614,437,446,546
534,622,606,444,443,547
548,611,611,446,437,545
542,620,612,438,444,549
539,614,614,444,450,540
538,625,600,448,447,540
542,620,613,436,450,546
546,616,610,447,444,546
548,618,606,448,447,549
548,606,614,449,438,543
536,621,602,449,447,548
540,619,600,449,443,550
532,617,605,446,446,549
546,614,612,446,451,548
545,618,606,448,446,547
543,616,612,441,440,550
544,604,614,450,450,545
539,622,596,450,448,550
543,620,615,438,446,547
545,610,609,438,450,545
543,618,616,436,439,545
540,620,600,449,444,540
547,608,612,449,437,545
536,605,615,449,448,543
546,612,611,451,437,547
535,617,606,442,449,545
534,621,599,448,435,547
538,608,613,446,446,539
534,614,610,446,438,544
533,622,610,444,436,539
543,619,602,447,446,549
546,612,604,444,431,543
532,606,614,449,444,538
544,615,613,442,446,547
550,617,603,447,438,549
545,615,612,435,446,546
533,618,602,446,448,547
536,610,613,444,450,541
549,608,610,448,439,546
547,600,611,440,448,547
535,616,609,444,449,538
547,610,611,449,446,549
535,613,610,445,450,545
536,614,608,445,448,547
548,605,611,450,445,545
534,621,601,444,448,544
548,609,612,449,446,539
538,609,614,448,448,541
546,616,618,437,450,548
539,606,611,440,440,549
546,619,610,430,449,544
534,617,607,445,438,539
539,605,613,445,451,544
547,616,610,446,438,549
546,617,616,436,443,538
549,596,611,449,438,546
545,618,611,443,449,540
543,610,609,435,440,544
533,619,610,440,440,550
533,617,606,445,450,541
534,612,611,447,449,540
540,608,613,445,448,539
535,611,610,447,449,549
542,620,614,442,448,548
547,615,614,445,451,538
539,619,599,449,445,549
548,607,614,446,450,538
545,614,611,444,446,551
537,608,616,447,447,548
537,623,607,444,449,548
540,623,612,439,442,549
546,615,611,453,436,547
540,621,600,449,437,540
547,617,608,445,447,549
547,618,601,450,452,545
549,614,610,441,450,547
534,610,610,444,452,540
534,619,598,438,450,542
550,620,604,448,441,540
547,616,604,449,450,545
544,603,616,448,447,540
546,618,615,431,451,547
540,611,610,447,436,548
543,619,614,437,440,542
543,602,615,447,449,541
542,603,615,446,442,552
544,602,615,451,444,539
542,618,600,446,448,547
541,621,615,435,446,550
543,617,611,442,438,549
534,607,613,446,449,538
547,606,613,450,438,551
541,618,601,450,442,550
536,620,601,447,441,539
546,613,612,445,452,550
537,608,611,445,449,539
541,620,601,448,448,549
535,611,611,446,450,540
535,614,609,445,444,540
546,620,596,450,447,550
541,619,611,444,439,549
547,614,604,448,447,549
546,617,609,448,442,548
552,607,610,451,439,545
547,605,617,447,444,539
535,609,602,448,447,549
545,619,601,448,445,549
543,617,609,437,439,548
534,612,606,445,450,543
550,619,602,450,446,550
539,617,600,449,447,541
542,607,615,448,436,541
546,602,614,451,441,539
534,620,609,444,450,545
534,616,606,446,451,538
536,616,606,445,450,541
528,616,611,445,450,541
549,614,604,447,445,549
547,613,615,442,452,548
545,615,609,445,448,547
547,602,607,451,432,543
541,605,614,450,444,546
535,621,600,448,450,549
536,618,602,448,448,548
548,616,613,442,439,549
544,623,612,440,445,547
538,608,614,447,449,539
535,616,606,445,442,550
549,617,603,451,446,549
547,609,613,450,444,540
545,615,601,449,445,551
549,604,608,445,437,550
545,604,613,448,451,544
544,620,612,436,447,540
543,610,612,437,447,548
543,620,611,438,443,550
535,617,604,449,448,545
534,620,603,446,450,540
548,617,607,445,436,546
541,603,609,452,441,543
536,605,610,449,442,543
547,615,602,447,446,544
535,620,594,448,449,546
541,605,610,448,445,541
544,618,598,450,450,541
548,606,611,448,448,548
534,616,603,446,449,545
546,619,599,452,445,549
547,602,609,450,449,548
544,621,609,438,446,550
543,617,610,436,445,547
535,611,603,436,447,548
545,616,598,450,443,550
536,615,602,448,449,542
538,615,605,448,450,546
536,620,594,449,447,549
545,616,614,436,451,546
547,604,605,447,450,548
546,618,612,439,444,550
545,602,611,446,447,547
540,617,593,450,447,548
537,601,606,447,450,540
545,617,608,440,443,549
543,604,611,449,442,548
546,619,598,451,445,540
537,618,596,448,449,548
546,603,608,450,445,538
546,614,599,449,446,548
535,619,596,447,445,543
543,618,610,435,446,547
538,606,606,449,448,538
533,611,601,445,448,550
535,619,598,449,446,551
542,618,607,439,445,548
539,613,604,447,437,549
545,614,596,449,446,549
548,615,612,439,449,546
546,600,606,446,436,547
541,617,607,440,443,549
547,599,609,450,440,547
542,604,611,450,448,539
543,616,598,450,446,550
542,616,608,436,443,549
537,618,594,449,447,547
528,617,597,447,451,548
542,617,609,441,444,549
535,604,609,450,451,537
546,601,606,451,440,542
548,612,606,450,431,547
537,616,603,446,449,543
538,603,609,446,451,541
537,619,597,448,445,535
543,619,596,451,448,551
545,616,597,451,445,539
549,611,606,448,437,546
538,604,611,448,446,547
537,617,595,447,449,549
536,618,594,447,451,547
546,620,609,435,445,550
541,618,595,449,446,548
545,612,605,448,438,548
543,617,608,437,444,550
544,603,607,439,441,549
548,608,606,448,437,548
541,603,608,447,447,539
544,619,610,436,446,545
548,613,611,438,449,544
546,606,608,436,452,546
543,618,594,450,446,550
543,618,608,438,443,548
547,613,605,445,437,550
536,619,602,446,448,545
547,614,611,438,451,547
544,617,595,450,445,549
545,612,605,444,439,546
535,612,599,445,451,542
539,619,595,448,447,551
549,612,609,442,452,546
549,615,602,446,447,544
537,615,601,445,452,543
540,619,594,449,447,548
547,610,608,442,450,547
551,614,599,450,447,543
548,612,601,443,451,546
546,614,600,449,445,541
538,616,602,446,449,542
540,616,595,449,440,550
542,606,609,447,452,547
547,604,607,450,439,545
537,616,600,447,448,547
547,615,597,451,446,550
547,611,603,446,447,540
546,602,610,449,446,540
544,617,610,435,448,548
541,618,596,446,448,550
547,602,609,451,443,540
549,593,607,451,435,549
551,613,606,444,449,548
543,601,611,448,453,540
547,604,604,451,439,543
542,616,594,451,446,549
550,612,604,445,448,550
544,599,609,449,444,540
547,604,608,449,448,554
548,615,604,446,445,548
549,611,607,440,450,547
541,615,601,445,449,547
536,611,607,447,451,548
545,617,597,450,447,549
537,603,607,440,444,542
537,618,608,438,444,548
528,616,601,446,449,545
548,617,600,448,444,547
547,614,612,447,448,548
543,620,595,448,446,551
546,614,609,438,450,547
536,614,602,448,444,548
536,620,595,447,449,544
546,618,596,451,446,550
546,614,610,438,450,535
547,615,605,446,449,547
545,609,608,437,443,549
542,616,611,437,447,548
543,619,595,443,448,551
541,623,598,447,450,547
549,612,606,446,439,548
547,610,605,446,436,550
548,612,603,447,447,548
544,611,605,444,449,543
548,602,607,449,438,539
548,610,606,447,437,546
545,615,611,437,449,548
539,619,595,446,446,548
546,613,606,452,436,548
543,617,610,437,446,548
533,613,606,444,449,546
546,617,594,451,447,551
540,615,596,450,444,551
536,607,606,448,451,540
543,612,607,444,437,551
545,618,610,437,449,546
542,604,610,449,447,538
545,614,610,450,446,549
544,618,596,450,447,550
544,612,605,444,436,550
546,616,612,439,450,547
541,619,589,450,445,551
549,613,606,445,448,549
551,615,597,450,448,549
549,610,608,443,449,546
548,614,602,448,446,549
549,612,607,444,438,549
547,617,611,435,445,547
537,619,609,438,441,549
539,610,605,445,438,548
534,613,596,446,450,542
544,598,610,449,443,541
545,601,609,449,445,540
546,624,610,437,445,549
551,602,607,448,438,544
530,619,597,447,447,548
546,611,606,445,438,549
546,615,610,438,451,540
549,616,610,442,451,547
545,616,606,443,438,549
546,616,598,449,448,549
546,601,611,449,446,540
542,616,596,449,441,551
544,617,608,440,442,549
541,618,608,438,443,548
549,615,602,447,447,548
541,608,608,447,441,550
535,615,601,449,448,547
539,608,606,450,439,542
542,617,609,437,446,546
537,612,603,447,453,547
544,614,606,444,436,548
543,615,608,444,439,550
535,620,602,447,448,546
547,617,610,437,446,548
543,615,594,449,446,550
547,617,611,436,448,547
550,612,606,442,448,548
548,600,608,449,438,546
540,618,596,448,449,547
547,611,605,449,438,546
547,614,595,449,446,552
533,614,600,445,450,545
538,615,606,445,438,549
549,601,610,450,441,540
547,601,604,448,443,541
544,616,605,440,440,540
529,609,607,444,451,542
546,601,607,450,442,546
536,611,598,439,451,538
544,618,609,438,446,550
536,610,607,446,452,541
550,613,610,436,450,548
539,599,609,450,444,536
539,617,595,448,446,549
543,617,607,440,443,548
543,619,608,438,446,547
546,613,613,438,449,546
551,614,604,449,447,548
549,609,606,450,436,547
546,618,609,437,444,550
551,613,604,443,449,547
542,616,597,450,446,546
547,618,596,447,448,550
539,617,595,449,450,550
537,616,601,448,448,548
547,616,600,452,445,550
549,613,612,441,452,547
551,611,604,446,447,550
548,601,609,451,438,545
537,615,597,446,449,545
545,613,604,446,437,551
545,613,601,448,446,539
545,601,611,450,441,542
539,619,609,447,445,540
549,603,608,444,447,550
550,611,601,447,446,550
540,610,597,442,441,550
545,615,597,449,446,549
540,617,594,450,445,548
543,614,596,449,444,549
545,613,610,437,450,547
535,602,610,448,447,539
540,602,610,447,449,540
534,613,600,445,450,546
543,616,606,440,442,544
546,606,611,430,443,547
538,619,595,446,446,551
537,610,604,447,449,541
539,609,610,445,449,539
550,613,604,441,450,544
548,603,608,450,437,546
536,609,592,446,442,543
547,614,602,447,449,549
548,599,606,449,437,546
545,616,596,455,446,550
548,612,608,442,452,549
542,614,595,452,440,549
538,612,602,445,448,543
550,607,605,451,439,547
544,615,596,448,446,550
547,611,611,445,450,547
535,620,595,448,448,550
541,606,608,448,439,548
539,615,594,447,449,549
542,616,595,452,445,552
540,603,610,447,446,539
547,602,612,447,444,540
540,604,611,448,446,539
544,617,597,449,449,550
550,612,605,445,436,550
536,617,599,446,450,550
548,603,607,452,438,543
550,614,599,449,446,550
538,618,596,447,447,548
547,600,611,450,445,539
547,611,612,443,450,545
547,614,600,443,440,549
551,613,600,446,447,549
543,615,605,443,441,550
541,595,610,447,450,540
549,612,614,443,449,546
541,606,607,448,450,541
548,609,606,447,437,549
545,608,606,447,436,549
548,613,608,443,451,548
537,612,606,447,452,542
538,616,596,448,447,550
549,604,601,444,439,542
545,615,604,444,439,550
550,603,601,446,447,547
545,613,609,434,446,543
550,606,605,453,437,547
538,616,595,449,447,552
539,617,595,450,445,549
548,613,603,448,451,548
536,611,606,445,450,542
539,617,596,450,445,549
548,604,611,432,444,549
550,605,605,451,439,546
549,603,610,450,440,542
546,616,607,442,439,549
538,617,610,435,446,547
535,617,596,448,447,549
543,617,609,436,446,548
543,608,595,449,445,552
548,605,606,447,447,546
535,620,600,439,451,541
529,611,607,445,450,544
545,615,606,441,439,550
548,611,606,443,448,548
548,610,611,440,451,547
542,603,612,446,449,538
534,610,601,447,447,545
544,616,607,438,441,549
544,613,608,443,438,551
550,611,605,444,450,546
547,598,610,448,444,540
546,615,602,438,443,549
544,616,608,441,441,548
548,609,607,441,451,546
537,619,596,439,450,541
550,615,598,448,444,551
546,612,608,445,438,549
535,617,596,447,449,548
537,601,605,445,452,544
547,612,606,442,451,545
534,617,599,446,448,546
547,605,604,448,439,545
540,616,599,449,445,550
545,613,608,439,441,550
545,618,609,437,442,549
546,614,605,442,441,549
545,600,611,450,445,541
545,613,604,439,438,543
539,612,608,443,441,549
549,611,610,439,449,547
547,615,593,450,444,550
549,612,604,447,447,548
536,612,605,447,450,543
545,617,608,438,443,549
549,610,607,442,449,547
548,613,614,441,452,548
547,612,603,446,448,547
548,609,612,438,451,547
547,612,609,446,449,547
549,602,608,450,438,543
541,600,609,448,450,538
548,612,612,449,439,546
537,610,606,448,451,541
549,599,608,450,437,542
543,614,597,450,448,550
546,612,597,449,447,549
546,610,605,444,448,547
535,620,597,447,448,546
544,613,607,442,437,552
547,617,612,433,447,548
547,613,611,437,447,549
547,612,605,443,451,548
546,611,604,445,439,548
541,605,610,446,448,540
544,613,612,437,451,548
545,617,596,448,447,551
546,615,608,441,441,550
545,614,608,437,445,542
539,607,607,448,451,541
546,615,610,436,448,549
537,606,607,445,451,538
549,599,606,448,438,547
542,617,611,438,446,549
543,616,611,436,449,549
535,616,598,446,449,547
544,617,605,438,431,549
540,603,607,446,451,539
539,612,606,445,450,542
539,601,612,445,450,540
550,605,607,449,438,546
548,611,599,451,444,550
544,608,606,445,436,546
547,613,608,444,436,551
543,610,612,443,452,548
545,617,609,442,447,550
546,605,604,446,437,546
549,613,607,441,450,547
538,612,605,445,451,544
548,615,596,448,447,548
544,614,609,438,441,551
547,611,605,443,438,549
546,616,596,452,444,552
540,614,609,436,450,547
551,612,604,443,449,548
541,600,610,450,439,540
543,600,612,448,444,539
546,619,608,439,441,550
547,610,612,442,450,547
545,613,596,450,444,551
548,600,611,449,444,541
545,603,609,448,443,543
544,615,595,450,445,552
549,610,596,448,440,545
544,613,597,452,446,550
537,616,596,448,448,550
538,608,596,447,448,548
546,615,608,437,445,550
546,616,595,450,445,550
544,602,612,447,447,539
540,600,607,446,450,539
551,613,599,439,448,550
549,611,606,443,453,546
546,615,605,442,438,549
540,594,608,448,450,540
546,598,609,449,445,539
541,600,609,446,451,540
535,615,595,445,446,549
540,603,609,450,450,539
535,613,601,447,448,545
539,605,609,447,450,541
541,616,596,449,446,550
537,604,606,445,452,544
548,589,605,446,444,540
545,613,598,449,448,550
544,612,603,444,438,549
548,600,609,450,436,546
550,609,609,442,449,546
547,612,606,449,432,545
540,618,608,437,445,550
544,617,611,438,446,548
547,613,596,450,447,549
545,616,597,449,448,548
547,599,607,449,440,542
548,608,606,449,440,545
533,603,609,446,450,541
542,609,607,447,438,551
544,612,600,450,447,550
540,602,608,446,449,540
548,613,604,443,446,547
550,612,606,445,448,550
546,600,605,450,438,546
544,612,611,444,447,547
547,615,596,448,445,550
547,611,602,446,447,547
543,602,609,446,446,539
545,613,611,437,449,547
545,616,612,436,451,548
539,616,594,449,451,550
550,609,609,442,449,547
549,613,601,448,446,550
547,616,607,435,450,546
545,607,605,448,438,549
537,615,599,447,449,546
539,609,606,448,450,540
548,613,605,447,448,549
547,614,611,435,450,546
538,618,602,441,446,550
546,613,609,450,444,541
540,602,610,446,448,540
544,614,589,452,446,550
547,613,599,448,447,549
536,614,602,439,450,539
544,613,613,444,450,547
549,615,600,449,446,549
537,604,603,441,451,541
543,614,610,436,449,547
548,612,604,448,448,549
547,611,606,444,437,550
545,614,606,442,439,548
551,614,595,446,447,547
548,614,611,437,452,548
533,601,610,445,452,542
545,615,611,437,448,548
542,616,596,450,441,550
545,614,611,438,450,547
546,599,609,450,448,537
547,609,600,443,437,549
548,613,611,436,451,548
547,612,605,447,449,548
549,611,593,451,439,545
550,610,602,447,448,547
538,612,602,446,448,547
544,606,608,437,443,550
548,601,609,451,443,542
549,611,605,444,450,549
539,604,610,445,447,539
549,602,608,449,438,545
547,613,607,444,446,539
546,613,609,439,451,546
541,616,593,449,448,552
545,616,606,435,447,547
549,613,607,443,449,548
548,609,602,444,448,546
543,600,610,450,442,541
544,601,611,449,443,539
548,608,606,439,445,550
546,616,608,436,446,548
548,609,605,443,448,546
546,614,596,450,445,551
547,601,608,453,441,542
551,612,604,448,448,549
548,608,607,444,448,547
536,607,604,447,452,541
547,599,608,449,444,542
551,614,599,449,447,548
547,612,612,437,451,547
549,600,606,452,438,545
536,601,601,446,450,545
535,612,603,446,449,544
547,611,606,447,438,550
536,616,596,446,447,548
549,612,613,443,449,547
541,601,610,449,450,539
540,615,609,438,452,543
551,599,607,450,439,546
551,609,606,440,449,546
539,617,596,446,450,548
548,612,612,441,451,546
541,601,608,446,450,539
548,613,611,438,450,547
542,602,611,446,451,541
539,616,595,450,448,549
537,599,603,445,451,544
548,612,611,441,451,547
546,613,599,450,447,549
551,611,607,438,450,547
550,610,606,445,437,550
547,615,607,445,437,549
551,602,607,450,437,544
540,604,607,447,449,546
547,611,606,445,439,550
546,613,606,444,438,549
547,615,607,444,438,551
538,608,606,446,452,542
544,614,594,449,445,551
545,611,609,437,450,547
537,610,602,445,450,545
542,614,598,449,447,549
550,609,606,447,436,546
550,611,598,448,446,550
550,607,606,446,440,549
539,606,604,447,452,539
535,615,598,446,448,547
536,618,597,448,450,547
547,608,605,446,438,542
546,602,600,445,433,547
548,609,611,437,448,547
550,610,601,446,446,549
548,615,612,437,449,547
550,611,605,444,449,548
535,603,600,445,445,539
544,603,609,446,453,539
539,604,607,447,452,541
547,615,610,436,450,548
551,601,609,449,438,546
545,613,608,441,443,550
548,609,607,442,431,548
545,614,609,437,449,548
538,603,607,446,451,536
548,601,608,450,438,543
546,598,609,450,443,541
541,611,598,450,445,548
547,601,606,437,434,549
545,613,605,438,449,547
544,616,607,444,440,552
541,616,595,450,441,547
539,608,609,446,450,541
549,614,608,438,450,547
543,610,605,446,447,548
541,617,606,438,447,552
544,615,595,443,446,550
550,611,608,443,451,547
550,609,604,452,439,545
537,616,600,446,450,546
547,610,606,445,432,550
544,615,608,436,446,548
536,616,600,447,450,547
544,615,612,441,445,549
549,604,594,448,446,549
537,613,603,444,451,543
542,601,606,450,438,546
539,619,595,448,447,551
550,610,598,447,446,548
538,608,606,444,449,542
545,616,607,443,443,551
547,605,610,430,447,547
548,606,604,446,439,547
546,616,611,439,443,549
545,598,608,451,439,544
549,600,606,450,438,544
538,615,608,436,446,548
548,600,609,449,439,544
554,605,605,452,438,546
537,596,605,442,446,545
540,601,610,438,436,548
539,611,606,446,437,551
547,610,607,446,438,544
546,613,611,438,450,543
537,611,600,446,450,545
546,617,609,436,447,550
544,614,607,440,445,549
544,597,611,449,445,540
548,608,607,443,448,548
542,592,599,444,445,549
552,598,609,449,440,543
548,597,606,452,439,546
549,611,601,450,446,551
536,612,601,443,451,544
544,613,611,429,445,547
551,602,606,446,448,549
544,597,610,447,448,540
542,615,595,449,446,549
541,617,596,451,446,550
539,606,609,440,450,538
549,613,609,443,449,547
549,611,597,450,444,551
540,615,595,447,449,548
547,612,611,437,447,547
545,609,607,446,440,551
538,615,600,446,451,545
548,609,613,445,451,547
544,616,608,441,445,549
547,617,608,435,443,550
545,614,610,437,449,548
549,608,603,446,446,549
544,612,595,450,446,549
544,614,598,448,446,551
544,617,610,436,445,550
549,599,610,449,442,543
545,598,608,449,445,539
549,599,609,450,445,541
548,611,610,438,452,547
542,599,610,450,450,539
545,611,600,449,447,551
539,617,593,440,448,542
537,602,601,446,450,542
539,595,602,445,445,539
537,607,607,446,449,541
547,611,598,450,446,548
548,601,609,438,450,547
543,615,596,448,447,550
548,612,598,450,445,549
535,607,605,444,449,544
541,616,595,449,445,550
547,606,606,450,436,547
544,599,609,448,449,540
535,609,602,446,453,543
549,600,611,450,440,540
546,614,611,438,450,546
545,613,610,435,450,546
549,602,606,449,440,540
548,599,608,449,440,543
548,609,609,439,448,548
544,598,609,449,446,539
542,614,596,442,441,552
546,613,609,433,450,541
545,615,609,436,445,547
547,616,609,438,447,547
535,615,596,448,448,546
548,610,603,444,438,550
544,613,605,439,443,549
546,609,605,446,438,549
547,599,609,448,443,540
544,615,608,436,450,545
548,598,610,451,446,541
546,615,596,449,447,551
547,615,599,449,445,550
545,615,595,449,445,551
547,612,594,451,448,549
538,616,598,447,448,548
548,600,605,450,438,545
547,599,611,447,445,539
547,614,606,443,438,549
545,612,607,442,439,549
547,614,607,452,445,550
543,615,607,438,442,550
543,597,610,449,446,538
546,611,607,444,437,550
544,615,610,436,448,549
546,606,612,430,444,545
549,610,602,447,445,548
549,613,611,448,444,541
537,605,605,447,451,540
548,611,608,438,449,540
547,612,611,439,450,547
548,614,611,439,449,546
545,615,595,442,447,550
545,613,598,450,445,550
546,601,610,450,438,545
549,611,599,449,448,548
548,608,604,445,438,548
539,612,606,445,451,541
543,598,612,447,447,539
535,614,603,447,454,545
536,616,603,439,449,545
549,615,602,448,446,550
540,619,595,448,448,549
547,613,605,440,440,550
545,615,608,440,442,549
547,613,611,439,445,548
550,611,610,442,448,549
546,600,611,448,445,539
536,613,601,444,450,544
537,607,597,441,448,546
545,614,611,438,452,548
534,614,603,444,448,543
541,614,594,451,440,550
540,604,611,446,450,539
535,607,605,446,449,541
545,613,609,438,443,549
539,615,595,448,446,552
550,614,592,448,446,551
536,614,595,451,445,547
547,611,610,443,450,546
550,601,601,444,442,539
547,599,605,451,437,549
536,609,604,445,451,540
549,613,597,449,448,551
549,607,612,443,451,547
545,612,597,450,447,550
536,608,606,446,451,541
547,597,610,449,446,541
541,601,606,446,446,539
549,612,599,451,446,539
543,615,595,451,446,551
546,600,610,450,442,542
545,611,610,438,449,545
548,601,606,451,441,542
542,613,596,450,449,549
540,621,601,447,449,546
545,609,606,441,439,549
542,613,595,449,445,550
541,602,611,446,450,541
539,615,605,441,441,549
546,599,611,449,447,541
548,613,606,444,451,547
543,613,596,444,441,552
548,604,608,450,441,547
536,616,595,448,449,548
545,615,609,440,443,550
547,613,611,436,448,548
540,614,596,449,446,552
538,615,594,448,447,548
543,615,607,444,438,551
537,610,602,447,452,542
550,614,601,449,446,550
539,608,607,447,451,540
548,612,612,437,450,542
540,603,607,447,447,538
542,605,608,447,451,539
546,614,609,437,446,549
550,601,608,451,438,545
539,604,608,447,452,541
545,599,611,449,446,540
547,604,605,451,437,549
543,599,609,451,440,544
539,616,596,447,446,550
546,615,596,450,446,549
538,607,607,440,450,540
549,609,600,449,447,550
547,614,609,438,444,547
539,613,595,450,446,550
548,609,605,444,437,550
547,612,603,448,447,550
546,596,611,450,445,541
548,606,606,445,437,548
548,602,602,451,447,549
547,614,595,450,446,551
539,604,607,446,449,540
550,600,609,449,444,539
530,611,598,445,448,549
546,612,612,439,451,547
547,608,606,448,436,550
538,598,609,449,448,539
537,611,601,448,450,544
540,616,595,452,445,550
545,596,611,448,448,540
543,615,609,436,445,548
542,603,610,445,445,539
549,602,609,443,450,547
544,615,607,436,446,550
550,600,605,446,449,548
547,606,609,437,447,547
549,606,606,442,451,548
541,611,611,437,450,548
545,598,610,451,446,536
544,601,609,448,444,540
545,621,608,436,443,549
541,592,610,448,450,540
544,596,609,448,446,539
542,614,595,448,448,549
539,602,607,444,449,541
544,611,608,428,438,550
539,615,595,447,446,552
548,608,609,444,449,546
544,614,611,437,446,548
543,614,595,449,448,548
550,609,600,446,448,548
547,608,592,451,440,546
550,600,605,449,438,547
552,598,608,451,439,543
544,615,592,450,446,548
548,602,604,446,437,547
550,610,600,450,448,550
546,609,600,450,447,550
549,602,605,450,433,543
550,606,610,439,450,548
538,603,602,440,443,546
545,614,611,437,447,547
545,615,610,437,448,547
540,603,610,445,447,539
548,606,606,444,437,549
543,606,606,445,447,548
536,601,607,446,450,549
546,610,610,437,450,547
537,597,611,447,447,539
536,599,597,444,446,544
552,609,602,445,447,549
550,608,601,447,449,548
536,611,603,447,451,541
547,597,608,452,444,541
539,603,607,448,449,540
543,596,610,447,446,539
547,607,604,448,438,550
537,609,601,448,451,543
549,598,608,451,438,544
540,602,610,450,448,538
541,618,597,449,447,548
536,613,605,445,448,546
540,617,595,449,447,549
543,598,609,446,452,539
538,602,609,448,447,539
539,614,596,447,449,548
543,602,590,450,441,548
549,609,599,451,448,550
548,604,605,448,436,547
551,596,608,447,439,543
548,595,610,448,447,540
546,611,609,437,449,547
537,609,601,446,451,543
537,604,607,446,452,540
546,609,597,450,447,551
539,611,607,441,442,549
546,614,607,441,440,550
548,607,611,444,449,546
539,602,607,449,447,541
546,609,609,438,452,545
546,597,612,448,449,538
547,597,610,450,441,543
546,596,607,444,445,539
548,606,609,437,450,547
547,603,606,446,436,548
541,596,609,450,448,548
547,596,606,451,438,544
543,613,609,440,444,549
544,609,608,440,444,549
541,602,610,448,448,539
536,610,603,445,449,542
548,608,605,445,437,551
544,614,610,437,444,548
535,607,602,445,450,543
541,604,594,449,447,550
537,613,597,441,440,549
538,610,600,446,449,545
543,601,607,448,437,547
547,608,606,444,436,551
545,614,595,451,446,550
538,609,607,446,438,550
545,614,608,439,442,551
548,605,614,438,451,547
536,608,601,447,450,545
539,598,606,447,448,539
550,605,607,445,450,548
539,605,609,435,440,542
550,594,607,448,440,545
545,613,610,439,444,549
550,607,600,447,448,549
547,607,610,435,445,550
545,612,606,440,443,548
544,610,605,440,442,551
548,607,606,439,444,541
546,606,599,449,445,549
545,612,611,439,444,549
537,605,604,447,451,542
543,613,609,438,445,551
539,620,604,446,449,545
549,593,610,451,440,544
548,614,604,451,438,547
539,601,610,440,440,540
537,601,601,446,450,545
548,602,609,436,449,547
546,611,610,438,447,548
545,593,610,448,448,540
540,600,611,446,446,539
538,604,605,448,451,541
546,613,611,435,449,546
552,608,603,447,452,546
537,608,606,449,449,546
540,611,597,450,445,547
535,609,608,446,448,548
547,599,612,451,445,548
550,605,613,443,448,547
551,589,608,451,440,545
537,601,607,445,450,547
538,604,596,442,442,548
536,605,604,447,452,542
550,605,595,451,440,545
536,604,606,446,451,542
547,598,601,450,440,545
550,609,597,448,447,545
547,610,612,438,449,546
540,612,606,439,446,548
541,611,595,449,448,553
541,596,599,440,452,539
537,613,595,450,446,550
540,599,607,443,447,549
541,604,593,449,447,551
550,608,599,450,447,549
540,611,610,438,451,545
537,606,599,448,449,548
546,614,607,439,441,552
548,607,610,439,450,545
551,607,601,449,448,548
547,603,603,446,436,550
546,608,611,438,450,549
543,595,610,446,450,541
549,607,603,446,447,549
541,595,611,448,448,540
551,609,600,447,448,549
537,602,597,448,449,548
549,611,600,450,445,549
549,596,611,449,442,541
538,600,610,444,451,539
550,597,608,452,440,544
541,608,611,437,449,549
552,611,606,436,448,546
543,597,610,451,444,539
542,596,611,450,443,539
549,608,607,440,437,549
549,591,610,449,443,541
552,607,609,443,450,546
544,612,595,448,446,550
547,612,610,436,445,549
537,606,607,446,451,543
545,609,609,438,443,550
535,606,604,446,449,544
547,593,611,448,443,540
545,611,605,435,447,548
541,610,593,448,448,551
541,601,604,440,450,535
545,607,602,442,438,545
547,603,609,432,439,551
544,612,596,450,449,549
548,604,599,446,432,545
549,606,605,447,454,549
550,601,606,449,436,548
539,603,603,445,451,543
538,610,598,446,449,547
548,609,598,452,440,551
545,587,610,444,449,537
546,610,597,450,444,549
548,611,608,443,440,550
548,610,609,440,444,549
545,611,610,437,446,549
549,588,607,452,440,540
537,599,601,440,445,545
548,609,605,444,435,549
535,607,602,447,446,540
550,608,599,448,452,547
550,592,611,449,442,540
552,595,606,450,442,542
538,610,594,448,449,548
540,611,611,438,446,548
548,605,606,446,437,549
550,594,604,439,444,543
550,612,611,436,450,546
544,597,612,450,444,540
542,594,611,450,448,540
550,604,600,449,445,547
544,596,611,449,446,539
541,608,612,437,450,547
545,610,608,439,445,549
548,591,609,451,442,542
549,600,606,447,437,549
542,607,596,446,445,549
544,592,611,449,449,539
536,592,610,447,446,539
546,606,609,438,445,549
543,605,595,450,447,552
552,602,601,448,447,550
542,594,611,447,447,539
549,589,606,450,440,545
546,608,608,438,446,547
549,600,608,445,450,546
546,606,596,449,446,551
546,601,604,447,448,550
547,596,612,449,445,540
545,605,609,437,449,547
540,605,597,445,451,549
547,588,610,449,442,541
536,597,602,447,450,546
539,592,607,447,450,541
544,606,607,440,447,548
550,600,603,448,437,548
542,607,594,449,448,550
547,599,605,447,437,551
548,602,606,448,438,550
548,603,606,445,440,549
550,599,605,451,437,544
548,604,609,438,446,548
544,601,608,449,446,549
546,588,610,450,448,540
540,598,606,443,451,544
543,595,606,452,438,546
540,594,607,445,452,540
549,602,609,438,443,549
541,607,589,443,446,544
542,608,594,442,448,549
541,605,596,449,443,551
549,601,602,452,448,548
539,606,597,446,448,549
545,590,610,449,448,538
548,588,612,450,443,542
541,597,607,447,450,540
549,606,607,451,438,545
547,600,604,444,437,549
544,591,611,451,445,541
550,603,606,445,450,548
546,582,606,451,444,539
544,607,596,451,447,551
537,595,600,447,451,541
540,609,596,441,449,547
550,603,600,450,445,550
549,602,613,441,449,547
546,604,609,438,451,546
551,600,607,446,450,548
548,601,609,441,450,547
539,598,595,448,449,548
537,600,609,440,444,540
542,592,609,446,451,540
544,607,594,451,447,551
550,603,607,445,438,550
544,587,604,450,447,549
547,601,598,449,448,547
549,600,604,448,448,549
547,591,612,447,448,540
539,599,606,446,451,542
550,599,606,445,449,547
547,606,609,430,443,549
548,605,604,448,451,543
548,588,610,451,446,540
542,604,594,449,447,551
548,601,612,438,453,547
548,595,611,439,448,548
539,608,596,452,450,550
551,592,614,438,446,547
548,600,609,444,448,548
551,597,606,448,438,548
540,606,595,450,447,552
550,601,603,448,445,547
543,606,594,449,446,552
550,601,606,446,448,548
551,600,601,447,447,549
543,605,605,438,448,546
547,590,611,448,448,542
536,609,596,447,447,552
544,605,600,450,449,550
545,603,606,440,442,549
549,599,608,446,437,549
545,607,609,439,443,551
537,605,597,446,451,548
543,602,605,444,438,550
540,596,608,444,452,540
545,606,610,435,447,546
547,601,607,445,435,552
550,602,598,449,447,550
543,593,611,449,448,541
540,606,595,451,445,550
542,597,608,448,454,540
548,592,609,449,441,544
551,604,604,447,440,549
550,600,602,443,443,542
549,591,608,449,438,543
549,592,604,450,442,537
547,607,611,437,449,547
539,602,605,444,450,544
545,606,610,438,449,547
546,605,610,437,447,549
538,602,602,447,451,546
548,603,611,441,451,547
540,608,596,450,447,549
546,589,611,450,444,542
549,599,606,450,436,548
549,600,609,446,449,546
544,592,611,446,453,540
543,595,609,453,438,547
549,606,598,450,445,551
550,604,603,449,451,549
548,589,608,451,441,543
542,593,609,450,439,545
552,599,606,448,437,547
549,593,607,451,439,544
539,604,600,445,451,546
547,604,606,443,437,550
544,608,593,450,447,553
547,609,609,445,438,551
540,596,609,448,450,538
541,606,608,442,442,550
544,595,604,451,439,545
549,599,612,437,448,546
552,591,608,450,443,542
537,604,605,446,450,544
552,604,607,447,448,548
533,600,608,446,450,541
537,608,596,448,446,550
539,603,598,440,451,541
546,605,601,451,447,550
550,591,611,450,444,541
544,594,611,447,452,540
546,608,611,437,447,547
546,604,603,443,438,549
545,607,608,439,444,551
546,604,608,443,449,548
544,609,595,451,447,550
550,604,606,447,439,549
539,603,603,445,451,546
546,604,596,449,446,549
550,600,601,446,438,550
548,604,607,442,454,546
551,605,600,450,446,548
545,606,594,450,448,551
533,608,596,449,450,548
548,592,610,450,443,543
551,602,602,447,447,551
550,609,611,439,452,545
550,598,604,450,437,549
550,593,606,448,441,543
549,594,606,451,439,544
538,603,603,445,449,544
551,594,611,452,440,545
548,609,610,437,451,547
539,611,596,448,446,550
544,606,596,451,445,549
546,608,606,440,443,550
544,609,594,451,447,550
551,592,607,445,433,544
549,605,602,447,447,549
548,600,614,439,450,548
551,607,612,435,449,546
545,609,595,449,447,552
544,586,611,447,447,539
551,604,602,447,449,548
537,611,595,447,448,548
546,612,609,437,446,548
552,595,607,451,439,547
550,606,606,442,449,550
538,594,608,445,450,541
551,603,603,447,448,550
531,601,609,446,450,541
538,608,604,438,451,544
545,597,608,449,437,544
548,613,609,436,444,549
547,608,612,437,448,547
549,606,605,445,449,550
548,608,612,437,450,543
548,610,607,438,441,550
545,596,611,449,448,538
550,596,611,448,442,541
549,611,607,440,445,551
552,604,606,441,450,547
540,599,608,445,451,548
542,611,597,449,446,550
551,605,607,444,449,545
549,607,600,447,446,548
547,595,611,448,445,540
548,608,611,438,448,547
550,593,610,447,446,541
548,610,609,447,448,548
545,611,612,434,446,549
537,601,603,446,448,547
540,603,605,446,450,540
547,608,606,445,440,550
553,607,610,440,450,548
551,608,606,442,439,549
547,611,608,440,444,551
552,609,604,449,447,549
552,598,612,445,449,547
540,606,605,445,451,543
539,609,603,445,451,545
548,610,612,436,450,546
550,609,608,436,433,551
548,605,609,447,435,551
543,600,610,444,447,540
548,611,607,437,442,543
542,599,612,445,453,540
533,610,606,445,450,543
548,613,612,437,449,549
541,607,605,446,450,543
539,609,604,444,448,548
548,614,612,434,446,548
548,612,612,435,448,548
553,611,595,449,448,551
540,615,599,448,451,546
550,612,613,435,451,547
550,602,613,429,446,547
550,611,611,438,449,548
552,602,598,449,446,551
550,589,610,448,442,542
539,608,601,447,450,545
551,606,602,439,438,545
540,605,607,446,449,542
538,611,607,443,450,544
538,598,613,448,448,539
552,595,612,449,439,543
539,612,603,445,449,545
540,616,600,444,448,547
554,607,606,448,438,547
551,612,609,439,450,548
536,615,599,445,449,548
552,601,600,448,447,549
550,615,596,448,443,551
547,610,608,439,440,546
553,590,608,449,437,543
551,608,608,441,449,547
550,601,610,442,433,547
548,614,612,437,449,547
541,603,610,444,453,540
551,612,599,448,447,547
537,603,601,447,448,548
542,610,607,446,439,548
549,614,608,440,439,550
548,598,612,447,442,540
548,616,611,435,448,549
551,607,608,452,436,548
548,599,612,448,449,540
554,611,612,437,453,546
546,616,599,451,447,551
549,612,601,438,442,550
549,610,610,440,451,548
553,604,610,447,436,546
551,607,607,445,440,549
551,609,607,440,443,544
549,598,612,447,443,544
541,619,599,448,448,548
549,604,604,444,432,544
549,611,609,444,438,550
550,607,607,451,437,548
539,617,597,447,447,549
544,613,599,447,445,551
547,599,614,446,440,542
549,606,608,451,438,548
545,619,614,435,448,549
538,617,604,445,448,546
545,601,614,444,446,542
539,615,596,447,446,551
539,620,600,446,448,549
547,613,600,448,446,551
551,612,609,439,451,546
539,615,602,443,447,546
539,606,611,445,451,542
546,614,600,449,446,551
539,608,611,443,450,541
550,612,608,443,450,549
549,609,609,448,439,546
537,620,602,445,449,547
551,603,610,450,438,545
545,617,614,434,447,547
547,617,613,433,450,547
549,613,606,443,447,547
551,614,612,444,447,548
552,613,611,442,450,548
542,606,614,444,454,540
545,618,599,446,446,551
547,619,615,438,445,551
540,618,597,448,447,547
551,614,607,440,450,548
546,617,600,450,447,551
549,617,605,445,448,549
551,607,611,450,436,545
545,616,609,439,443,550
550,614,608,439,449,547
545,616,614,436,450,547
549,610,602,440,438,543
550,616,608,447,447,548
538,613,609,443,451,541
541,613,610,445,438,548
537,601,610,445,449,540
540,619,599,446,447,550
544,618,613,438,443,550
549,615,614,436,449,547
550,615,606,445,448,549
543,605,614,449,447,541
550,611,609,443,437,548
540,617,593,447,441,546
547,616,600,449,446,552
542,620,597,441,448,550
546,618,615,435,447,547
546,620,613,435,445,550
545,618,610,442,440,551
538,615,611,447,454,540
547,616,602,450,447,551
536,617,598,447,448,550
547,603,614,441,445,541
529,618,602,445,447,547
546,600,615,449,445,541
539,618,599,447,448,550
542,618,599,448,448,552
545,604,614,448,443,542
549,601,613,448,437,545
544,604,615,448,444,541
551,616,608,433,450,542
548,620,614,436,448,548
536,618,605,445,452,546
546,618,600,448,445,551
540,620,600,448,449,549
539,620,604,445,449,547
547,616,599,448,445,551
545,620,611,439,441,550
538,618,599,447,442,546
549,614,612,440,451,549
548,612,609,446,437,547
549,612,608,440,449,547
550,614,607,449,445,550
548,614,616,435,445,546
544,616,611,436,442,549
546,619,613,437,445,548
536,609,608,444,451,541
537,613,610,443,454,540
549,603,614,446,446,540
542,605,612,443,450,542
549,600,615,446,448,539
548,607,611,446,436,547
551,602,614,447,444,541
551,604,612,449,440,545
541,619,602,447,449,549
542,618,599,444,449,550
549,613,610,442,439,549
550,615,610,444,449,549
538,621,606,449,448,548
541,607,610,442,449,542
549,616,609,440,439,549
537,617,606,443,450,545
551,612,615,434,451,547
547,615,612,438,441,550
548,616,611,442,440,551
542,621,599,449,448,548
549,612,609,445,455,548
537,605,612,446,449,540
549,617,612,437,444,551
537,617,600,446,449,548
550,617,604,442,448,549
546,609,608,436,439,550
539,609,611,447,452,542
542,617,597,448,449,551
532,620,600,448,447,547
538,612,608,443,451,540
547,607,607,437,434,548
542,618,601,445,447,549
540,619,598,449,447,548
550,610,611,448,437,547
550,603,611,450,438,544
546,605,616,446,446,539
550,614,614,436,450,547
550,614,616,437,450,547
547,616,601,449,445,552
542,599,615,448,441,542
546,617,614,436,447,549
548,618,613,437,443,549
550,590,607,447,433,541
549,615,616,434,451,547
547,618,616,433,447,548
548,613,608,446,438,549
538,617,605,444,451,545
549,603,608,441,442,539
552,617,614,436,451,548
541,610,597,448,448,554
547,616,615,433,448,549
551,617,612,435,449,547
553,603,612,448,439,547
547,616,616,436,449,548
552,614,609,444,448,548
543,603,612,446,449,541
542,618,599,448,445,550
540,608,606,446,451,544
545,602,614,448,447,540
540,619,596,451,446,552
541,620,599,448,448,548
549,613,608,443,441,553
544,604,615,446,452,540
545,621,612,437,444,551
544,608,612,445,438,550
550,613,614,443,448,548
540,608,613,447,450,541
546,616,612,435,446,551
536,619,598,448,447,549
550,603,597,435,444,550
551,616,616,435,449,547
537,604,614,447,453,541
551,602,613,450,444,542
547,602,613,451,444,541
552,614,606,447,448,550
548,618,614,436,447,549
548,599,612,448,445,542
547,612,610,443,439,550
549,615,615,437,449,548
550,615,603,437,438,545
545,616,598,448,446,552
547,605,615,448,443,541
551,618,598,450,448,552
