=~=~=~=~=~=~=~=~=~=~=~= PuTTY log 2023.11.02 23:52:27 =~=~=~=~=~=~=~=~=~=~=~=
517,600,663,397,411,569
509,596,656,403,423,568
522,583,658,407,411,569
518,588,660,399,417,575
519,576,663,407,412,565
511,590,648,406,422,571
512,580,647,407,422,571
517,580,654,399,411,572
507,583,663,403,414,572
517,583,651,407,421,575
519,570,657,408,412,569
508,584,648,406,423,574
506,572,661,406,420,562
516,587,660,395,415,575
512,568,662,406,420,564
518,566,660,409,412,570
519,575,656,407,421,572
519,560,660,410,415,569
516,572,647,407,421,575
515,570,660,399,415,574
520,569,656,403,421,573
510,570,643,408,417,574
510,570,660,399,417,575
513,573,661,406,422,563
516,573,648,407,422,576
513,573,660,397,417,574
519,569,656,404,422,573
517,569,658,404,412,574
512,574,647,409,420,575
513,573,649,408,421,574
517,566,661,404,422,573
513,562,663,406,416,567
509,570,657,405,424,565
514,556,663,407,418,564
513,578,647,408,422,576
501,576,652,406,423,570
514,577,648,407,420,577
512,563,662,406,422,562
505,574,655,396,421,568
517,572,659,404,412,575
515,577,658,397,419,574
515,582,662,397,424,572
518,577,657,406,423,574
519,572,660,406,412,575
513,579,648,408,420,574
516,566,662,410,416,568
517,580,650,409,421,576
517,584,661,400,417,576
513,582,648,412,420,575
509,580,657,403,412,576
513,568,663,408,415,566
512,587,662,396,421,571
514,586,651,409,418,574
513,585,663,395,422,571
511,585,665,398,423,572
508,579,661,405,411,575
501,573,663,408,419,564
496,589,655,407,420,570
508,591,648,408,420,572
504,590,649,408,424,569
502,583,658,408,423,562
501,591,649,406,420,570
512,586,654,405,417,571
512,585,658,407,417,571
509,589,665,396,420,568
510,585,660,407,413,574
510,584,655,406,418,568
499,577,660,409,420,561
510,587,647,404,418,569
508,578,658,409,410,570
500,580,662,402,419,558
498,578,661,407,416,561
509,577,659,412,407,570
505,590,649,414,417,572
497,575,661,410,411,565
509,590,652,410,417,571
498,581,662,406,418,563
502,589,647,410,417,572
499,587,665,398,420,568
506,575,659,412,407,568
492,594,655,408,421,566
503,590,660,402,413,573
503,590,664,399,419,567
504,588,666,405,419,570
504,588,666,405,417,569
503,588,664,399,419,568
499,592,648,412,415,573
501,589,651,411,415,572
501,588,651,413,414,573
492,591,656,407,420,564
503,583,659,416,407,570
497,594,662,409,420,560
499,576,662,413,413,562
503,585,660,416,406,570
504,584,660,417,407,570
502,584,661,405,417,569
497,578,663,413,416,560
497,586,658,402,400,569
499,579,659,411,403,567
481,588,653,409,418,562
489,594,649,411,416,564
497,587,660,406,409,567
487,583,659,409,417,558
499,589,652,414,413,566
496,591,663,402,417,566
500,579,662,416,407,563
498,592,650,415,414,571
499,588,665,402,419,566
498,590,649,416,414,571
498,588,662,404,420,565
489,592,649,411,418,565
499,582,659,402,414,565
498,591,662,401,421,568
489,591,647,413,420,570
504,578,658,411,406,572
501,593,661,402,417,571
494,591,655,404,418,569
495,593,650,411,423,569
500,577,662,415,416,565
496,584,661,412,421,564
502,592,660,393,418,572
509,570,655,413,405,569
505,588,659,407,413,576
495,589,657,409,423,567
506,577,662,417,412,568
505,577,662,413,414,569
502,587,656,411,411,577
496,582,659,410,420,565
503,594,658,397,417,572
498,585,656,411,423,568
507,583,657,405,415,575
502,593,649,413,420,575
503,576,662,413,421,568
508,587,658,403,417,577
508,595,662,404,420,575
510,577,659,416,412,574
501,584,661,413,422,568
509,592,663,403,425,575
507,594,664,404,424,576
511,591,660,410,424,575
513,589,660,414,422,574
509,592,659,406,417,577
511,593,650,418,420,578
510,593,647,415,419,578
514,582,658,415,410,575
505,591,655,411,423,570
513,595,647,417,418,579
518,581,661,417,411,575
515,592,663,401,423,575
517,592,656,410,420,580
511,589,648,410,415,582
520,591,657,411,409,580
519,594,648,415,419,580
522,592,658,411,417,579
523,591,659,408,421,580
521,595,661,403,415,578
522,583,660,414,408,574
518,597,658,401,414,573
516,601,647,411,418,577
508,593,652,410,422,574
521,597,659,402,414,579
518,598,647,414,418,580
515,586,663,407,416,571
513,598,650,411,421,574
520,599,646,406,417,581
523,596,663,409,422,576
525,595,658,408,422,579
525,594,658,408,422,579
519,601,647,416,420,578
523,592,652,410,407,576
521,599,660,402,419,579
525,598,662,403,423,576
522,583,660,416,418,570
523,598,648,416,419,582
524,598,647,415,419,580
514,589,658,415,424,569
518,599,645,412,422,582
519,592,657,409,427,577
524,580,657,416,414,574
525,594,647,416,420,579
522,589,660,408,424,576
523,583,655,418,413,578
513,588,657,401,422,578
516,572,659,411,422,570
523,570,656,419,412,578
514,576,656,413,410,580
520,567,658,416,415,572
519,566,658,415,413,575
523,575,656,414,411,580
523,580,647,414,420,582
510,582,651,407,424,576
519,582,646,413,421,578
511,576,655,403,426,573
520,570,657,414,413,576
522,589,659,400,420,580
519,584,645,414,422,582
521,587,656,393,424,576
509,589,649,404,426,572
511,585,654,407,428,572
513,588,646,409,424,577
511,576,659,408,427,572
514,585,646,414,422,582
520,586,661,400,422,578
517,585,660,399,424,579
516,586,659,399,428,578
522,583,655,405,415,580
521,568,656,413,415,577
510,577,655,409,429,571
519,581,660,402,428,576
520,582,652,405,417,582
521,573,654,405,428,579
515,584,644,411,424,582
518,578,652,406,425,577
514,576,659,400,423,579
504,567,660,409,423,569
516,579,660,399,428,576
515,582,658,395,425,577
509,568,658,409,430,570
514,577,655,399,419,580
506,567,654,405,426,570
510,573,642,408,428,580
520,566,652,402,414,583
507,572,644,406,425,577
505,570,648,404,428,571
510,557,656,407,423,574
517,557,654,409,416,577
515,570,640,406,424,582
516,571,657,391,428,579
514,573,641,403,425,580
519,571,651,403,423,580
511,574,655,393,425,579
502,570,648,400,425,572
519,573,652,393,419,581
517,570,652,396,417,580
520,572,652,401,423,580
507,577,649,400,426,576
509,569,655,398,428,572
509,570,651,402,426,574
520,564,657,396,426,580
517,577,661,390,425,578
510,567,656,401,428,571
512,566,658,399,424,572
519,566,651,396,423,581
509,575,643,403,424,582
508,571,652,399,426,573
516,573,657,391,420,579
514,559,654,404,420,572
508,571,658,392,419,581
503,575,652,400,427,574
519,554,654,401,413,579
498,568,649,399,427,569
504,560,658,400,429,572
498,562,654,397,426,569
510,558,651,399,423,580
502,551,646,393,422,571
499,566,647,395,425,572
509,564,661,384,427,574
501,565,646,396,421,580
508,551,658,396,413,572
498,567,645,394,420,577
507,564,658,391,423,572
503,565,663,384,424,569
493,564,653,392,420,566
498,569,661,381,417,563
502,567,662,386,419,566
502,563,663,392,417,567
496,568,659,386,411,569
500,554,659,397,405,564
499,567,650,397,410,567
496,551,661,396,406,559
484,564,655,393,417,557
495,564,658,393,411,561
496,551,659,397,402,561
497,563,660,392,412,562
494,552,663,395,411,553
489,558,643,396,410,562
493,550,659,396,405,556
483,568,648,397,406,564
481,558,662,394,412,554
491,570,661,382,407,562
487,566,643,399,403,560
490,569,660,387,404,559
493,554,657,397,406,553
484,561,662,397,408,551
483,562,659,395,414,554
492,570,661,384,411,562
491,567,646,399,410,563
495,561,659,394,402,564
487,559,658,396,412,552
492,568,661,387,408,564
496,556,663,397,416,566
498,565,659,396,414,564
488,570,648,396,414,563
498,564,660,397,413,566
494,568,662,386,413,565
493,570,667,387,414,567
499,566,665,388,419,565
488,555,659,390,412,560
496,569,664,387,418,563
487,566,653,399,419,562
500,554,660,402,406,565
499,567,659,395,407,569
500,560,659,400,405,566
499,568,650,400,414,572
492,570,650,400,414,571
495,558,663,400,421,558
497,569,652,402,415,569
488,570,653,395,420,565
489,570,655,394,419,563
501,564,659,395,416,568
499,566,663,392,418,566
503,556,657,400,406,568
494,565,643,399,412,565
496,572,659,386,418,566
503,557,660,402,407,566
492,572,658,399,417,570
494,572,647,401,415,568
502,558,659,403,406,567
500,570,660,398,421,569
497,572,649,402,415,572
502,565,660,397,408,571
497,574,648,400,416,572
499,575,665,391,421,568
501,572,658,394,409,571
505,561,659,399,407,568
498,571,660,396,417,569
501,580,661,384,413,570
500,579,656,399,417,562
504,572,660,402,408,569
501,583,661,392,415,569
502,582,661,390,414,570
503,579,663,397,421,567
491,582,657,401,407,570
495,575,664,401,417,559
497,588,660,391,411,572
504,584,656,397,419,569
502,572,664,402,414,563
503,589,652,402,416,572
504,588,661,390,421,569
500,589,651,402,416,573
498,597,649,401,418,573
501,596,661,383,410,571
500,598,650,399,417,570
499,593,664,392,420,568
508,582,660,404,410,567
490,583,664,399,417,563
508,591,657,399,418,571
508,578,661,402,416,562
501,590,660,398,420,567
504,589,661,396,421,559
500,596,649,402,418,571
498,592,651,404,419,572
495,581,654,398,423,565
505,585,649,403,414,574
495,573,660,397,423,562
495,567,655,399,423,564
510,576,659,397,422,569
507,555,661,403,411,565
509,570,658,400,419,571
506,571,660,396,412,572
502,574,646,403,419,573
505,566,648,402,419,572
503,567,663,389,421,569
491,570,649,401,420,569
497,552,663,400,425,562
503,566,649,406,418,573
504,558,647,396,413,573
507,561,665,392,423,568
508,548,662,404,411,566
502,561,653,404,418,573
507,556,661,398,411,570
504,561,663,390,417,570
505,561,662,393,417,571
505,556,665,392,423,568
501,562,648,401,419,572
494,557,656,391,419,569
509,558,655,404,420,572
497,549,661,400,427,561
509,554,657,399,418,572
505,555,660,397,411,573
507,543,664,403,414,565
508,545,661,402,411,567
505,552,658,391,413,572
508,550,661,397,420,571
509,543,651,400,420,571
507,551,660,401,410,573
507,548,662,395,420,571
511,551,654,400,420,572
507,547,655,402,419,572
510,535,662,401,410,568
508,546,664,393,422,569
504,550,664,388,419,571
508,549,649,401,417,573
508,549,649,401,418,572
508,548,664,387,422,569
498,548,648,397,422,568
511,526,656,401,406,566
503,548,662,389,421,569
503,548,652,400,418,572
508,542,659,399,410,573
497,548,648,401,420,572
505,544,650,402,418,574
503,534,665,402,419,562
506,546,666,390,422,571
505,548,662,389,418,572
498,546,656,398,421,568
500,550,650,399,419,572
502,537,656,392,419,558
505,554,659,382,419,568
502,549,663,390,421,570
510,545,660,400,408,573
501,551,664,389,423,570
510,543,658,398,410,570
503,538,664,399,419,561
501,545,662,398,418,563
505,540,663,398,415,565
511,538,661,402,411,568
508,554,662,392,416,575
507,554,660,389,412,575
504,553,649,402,418,573
511,550,660,397,419,574
511,540,662,401,409,571
502,534,657,397,415,562
508,552,660,395,409,576
513,550,662,393,424,573
511,554,663,388,424,570
500,553,649,399,421,573
512,540,661,399,410,574
511,542,663,398,420,565
511,547,659,398,410,575
498,553,656,397,425,567
502,556,650,400,422,574
505,542,662,398,419,566
512,547,661,394,411,576
499,550,656,398,423,566
512,551,660,394,411,575
509,550,663,391,423,574
502,554,648,398,421,573
500,550,655,391,425,566
511,547,652,401,419,575
509,547,663,389,421,576
508,529,662,403,413,569
511,540,649,402,422,577
501,539,664,389,423,573
511,522,665,400,412,574
511,516,666,400,416,569
513,524,657,396,424,574
511,525,664,386,423,575
512,507,662,399,424,566
505,523,650,398,423,577
515,512,663,394,425,577
507,515,663,386,423,574
503,512,649,399,423,574
499,509,665,389,424,574
510,511,659,396,413,578
508,512,662,390,419,576
511,487,663,400,426,568
509,506,656,398,422,576
501,500,650,399,424,574
507,493,658,397,426,566
509,491,664,397,427,567
514,499,664,391,426,575
513,496,662,402,416,571
505,506,657,401,420,577
502,507,649,401,426,569
511,505,660,400,413,575
508,506,657,398,413,576
506,494,656,396,427,568
506,507,658,397,423,577
510,507,659,397,423,576
510,507,661,402,423,576
512,499,661,402,416,571
510,510,657,398,415,579
502,499,654,399,426,572
507,510,656,400,426,577
513,508,655,399,424,578
507,509,660,403,416,573
513,511,647,403,423,578
514,508,662,402,417,571
510,514,664,389,425,576
509,512,659,398,412,578
500,514,656,393,423,574
500,506,663,404,418,571
511,516,661,393,420,577
508,521,661,390,428,572
509,509,662,403,418,569
499,522,659,399,430,567
507,530,661,390,423,573
500,535,656,398,427,569
503,538,649,403,424,576
508,540,661,394,422,576
507,543,663,392,420,575
510,540,660,402,428,566
511,530,664,404,415,571
503,543,648,401,423,574
507,538,665,402,421,565
504,548,663,403,425,566
505,567,649,404,423,577
507,569,664,389,422,573
511,571,659,396,415,575
500,567,664,401,424,565
499,573,656,400,427,569
512,577,665,395,425,573
511,571,655,402,424,576
514,568,662,405,415,573
511,581,666,393,428,573
503,581,648,402,425,573
514,574,660,405,413,574
510,585,662,397,415,574
503,577,665,402,427,566
510,589,664,393,427,573
512,587,664,393,426,573
511,592,650,405,423,577
507,578,665,402,424,566
497,579,662,405,419,568
510,590,655,400,428,570
509,582,665,405,421,568
516,594,659,398,417,576
514,597,649,408,423,577
514,592,656,391,426,573
512,596,652,404,424,574
505,594,661,401,424,567
502,606,650,402,427,576
509,604,663,390,425,574
514,602,664,398,428,573
513,603,659,396,427,567
512,591,663,405,421,568
501,602,665,404,423,577
503,604,658,402,426,573
509,600,660,393,413,576
505,610,649,406,424,575
508,595,667,404,426,567
503,615,653,403,423,574
507,601,660,408,415,571
503,609,663,403,428,566
514,607,659,408,418,572
516,617,656,400,426,573
509,605,663,408,422,568
511,620,645,406,423,578
509,612,659,396,425,563
511,623,665,393,423,574
511,626,666,392,419,575
505,630,651,401,426,572
515,627,667,393,423,576
513,619,649,400,418,577
516,624,654,404,423,576
504,630,652,399,424,575
515,613,659,406,417,574
519,629,668,393,427,574
513,627,661,394,424,571
503,630,660,403,414,576
514,612,664,407,420,572
515,627,660,393,417,577
512,632,662,395,419,576
518,626,667,398,428,575
509,632,661,394,420,576
504,625,657,402,428,568
512,617,665,405,423,568
519,627,656,406,423,578
512,624,660,404,414,577
514,622,664,394,427,575
514,635,666,392,426,575
513,632,665,394,429,573
509,623,665,407,423,567
521,631,654,407,425,578
517,627,665,388,422,576
518,617,665,407,420,572
513,633,648,405,425,578
518,633,656,407,426,580
513,633,667,404,427,568
518,631,658,407,424,579
517,633,662,394,425,576
507,624,660,404,428,568
510,624,643,403,420,576
510,621,664,403,424,567
517,633,664,395,427,575
515,632,649,406,425,578
520,627,660,399,427,577
517,624,667,399,428,574
515,627,661,393,425,577
512,622,649,406,425,577
516,610,663,396,428,574
521,606,656,396,425,574
520,601,655,406,425,577
517,587,662,408,416,573
513,592,653,410,420,578
507,576,662,397,423,568
509,586,652,408,425,578
513,580,664,397,429,574
516,569,649,403,428,573
516,571,655,407,425,578
512,573,662,397,426,576
515,572,649,409,424,577
513,544,659,406,415,567
510,562,657,397,424,574
508,566,648,406,425,577
512,561,653,408,426,577
504,565,666,406,417,578
506,558,660,404,429,568
509,551,666,405,426,569
509,566,661,396,425,575
510,566,648,406,428,579
511,565,666,399,429,575
510,568,663,397,426,574
512,567,662,403,429,575
505,567,650,406,429,573
502,555,659,406,416,578
516,560,658,406,427,577
502,558,660,406,418,573
511,557,652,410,423,578
506,555,655,407,424,578
509,541,664,409,419,571
509,543,655,404,424,576
513,553,660,403,427,576
511,557,651,407,428,576
503,560,650,405,427,573
502,558,649,405,426,576
509,552,661,410,418,574
505,559,649,408,425,577
513,561,657,403,428,570
508,558,665,396,427,575
510,557,662,399,419,576
511,546,663,407,419,568
510,544,666,408,421,566
511,561,660,407,416,575
499,558,666,398,429,573
510,560,664,394,426,574
510,554,667,396,426,572
497,556,659,403,427,566
506,560,662,396,418,573
503,559,664,396,418,571
507,556,656,400,426,568
503,560,661,405,415,570
493,556,659,403,426,562
501,564,658,405,425,569
499,563,650,407,419,570
501,563,663,396,420,567
499,547,665,406,415,559
501,564,647,409,417,569
500,555,663,403,422,564
490,557,660,404,424,558
492,556,664,403,419,556
492,556,663,405,420,555
497,565,665,396,422,563
497,567,650,409,416,565
500,568,663,408,408,558
497,570,653,408,415,565
492,571,652,405,417,558
500,570,652,407,414,564
499,563,665,412,414,553
500,572,650,408,413,562
495,560,661,401,414,549
495,572,658,401,408,561
496,572,666,395,419,559
499,560,668,393,413,560
488,576,649,407,418,559
498,570,663,401,405,561
487,578,655,404,416,554
497,559,664,407,406,553
486,576,665,409,410,550
496,567,652,409,413,561
491,577,663,398,410,557
478,570,657,403,416,552
493,559,665,407,408,552
493,572,665,409,407,551
493,580,664,395,414,557
494,576,649,406,414,560
499,579,663,396,410,557
493,579,665,395,414,558
494,562,665,406,411,548
488,556,659,405,412,546
497,552,664,410,406,553
488,567,660,405,417,550
493,572,649,408,413,562
495,570,666,391,411,557
489,570,656,404,418,553
485,556,665,408,407,554
497,576,651,410,413,561
488,574,661,408,407,555
496,576,665,395,418,558
490,578,664,397,415,558
490,564,664,406,416,551
497,578,666,395,418,559
498,563,662,410,405,558
497,572,659,405,416,563
488,577,654,403,420,556
494,577,652,406,418,560
488,577,649,409,416,561
504,575,656,408,416,563
498,573,661,400,411,563
504,573,666,401,420,560
504,571,656,410,419,564
501,572,655,406,404,560
501,564,663,410,412,553
490,568,664,406,418,553
504,574,660,407,418,564
493,578,649,408,415,564
501,553,666,410,414,556
503,576,664,401,423,561
500,573,667,407,417,555
506,577,651,411,418,564
502,576,659,405,410,565
492,581,655,408,421,561
505,565,652,412,417,566
504,573,661,407,410,565
504,577,662,401,409,567
496,576,662,403,412,567
493,568,667,403,422,563
504,573,659,406,420,560
500,556,664,411,418,556
495,567,665,407,420,554
507,578,661,408,415,565
502,563,664,412,413,557
503,577,666,401,421,560
507,573,663,407,420,563
506,574,664,408,414,565
492,571,658,406,423,557
501,565,663,399,422,561
499,580,666,397,420,564
496,577,666,401,425,563
495,580,663,413,411,561
496,576,668,400,423,562
494,576,662,413,410,563
505,565,656,401,417,560
503,578,668,401,425,561
499,578,650,412,420,568
495,568,665,408,422,555
494,581,652,411,418,567
488,580,649,410,420,563
502,576,659,411,420,563
495,582,651,411,421,563
504,571,661,404,411,566
501,571,661,409,412,566
505,578,667,402,422,566
500,579,663,399,423,563
494,575,659,405,424,559
499,565,664,407,419,556
508,576,659,407,419,564
498,563,667,409,419,555
503,577,654,404,415,568
503,573,661,404,410,565
499,566,665,412,420,556
491,572,655,408,421,561
503,573,663,413,406,562
507,575,661,407,423,560
497,574,663,406,422,557
508,576,660,404,412,567
503,579,662,410,410,565
498,580,651,411,420,565
505,574,650,411,420,567
506,570,660,410,413,567
495,570,661,405,424,555
501,581,659,397,421,565
496,580,658,405,423,562
496,581,652,408,421,563
506,565,664,398,420,566
506,578,658,408,422,565
508,568,667,396,424,564
506,572,660,411,410,565
510,574,660,408,419,568
508,574,654,412,421,567
506,577,662,398,417,568
509,564,663,411,409,566
505,575,666,398,422,563
510,572,660,405,410,567
498,581,651,407,423,566
503,580,652,407,424,565
504,577,664,402,415,569
493,573,661,402,421,562
496,571,660,404,424,560
505,564,660,405,412,568
503,580,665,404,420,569
498,564,666,404,419,557
491,576,660,404,424,561
501,574,660,401,424,567
502,571,659,404,413,568
503,576,659,405,422,570
489,573,659,406,424,562
495,581,667,403,422,569
492,580,658,404,424,566
499,577,665,402,425,568
500,570,662,402,412,570
499,575,652,398,425,567
498,569,661,403,424,567
483,585,653,405,425,565
496,565,665,410,414,564
494,565,665,408,422,572
487,583,662,406,413,563
492,580,659,400,424,566
489,581,652,411,419,571
489,566,659,411,413,562
483,576,666,397,424,568
483,582,663,412,421,572
483,578,661,407,414,571
494,579,654,411,422,569
492,582,649,416,423,569
484,571,664,413,422,560
494,580,650,413,424,571
483,582,651,412,428,569
496,571,657,412,427,569
499,580,654,416,425,569
496,570,662,415,416,571
497,581,653,420,426,572
488,578,661,417,416,571
486,579,659,411,430,569
483,581,660,415,429,564
490,561,664,417,430,564
499,580,665,412,431,569
487,580,657,417,430,565
494,582,662,412,426,574
495,582,667,408,433,570
491,560,655,418,433,570
499,579,660,407,430,574
494,585,649,422,431,576
486,578,658,417,430,572
495,568,664,420,432,571
503,574,660,421,423,580
501,579,661,416,427,582
501,579,656,423,438,575
492,584,661,417,437,582
497,568,665,426,428,579
500,584,663,415,434,586
499,570,663,413,440,583
502,567,651,422,432,587
501,583,660,418,445,584
499,586,663,427,443,578
508,576,651,420,446,585
497,574,660,431,448,585
504,584,650,433,449,587
507,582,662,431,452,590
501,570,666,435,459,579
508,577,657,427,461,589
500,578,666,431,464,586
511,581,656,441,468,590
510,580,663,437,474,589
507,568,661,441,472,593
505,584,657,453,482,595
503,567,666,454,483,582
504,583,660,446,483,594
507,575,658,457,477,591
506,580,667,450,492,590
506,580,661,456,486,593
496,576,663,441,492,591
501,577,661,450,477,590
502,572,662,448,484,584
509,581,652,444,481,593
506,584,649,440,478,596
509,579,665,427,477,591
509,578,660,435,473,593
503,569,647,431,477,588
502,573,663,430,471,582
510,583,654,430,469,598
498,587,655,425,470,592
510,580,668,416,470,595
513,584,658,426,467,595
512,578,662,418,457,598
511,584,665,414,468,595
513,570,664,425,457,591
514,569,663,426,457,592
512,579,663,412,462,596
513,581,664,421,458,597
511,585,667,411,468,592
511,587,651,421,465,594
508,588,666,412,470,595
502,589,664,422,470,587
515,579,649,413,467,595
509,575,665,422,465,587
515,585,662,424,465,595
510,583,664,417,460,594
512,572,664,427,457,588
503,584,653,430,463,596
511,590,667,419,467,592
507,588,664,432,456,596
510,593,664,432,462,593
501,589,650,429,466,583
499,597,657,424,468,583
500,600,667,430,467,580
508,599,665,421,463,590
511,597,669,422,467,589
511,597,663,426,468,589
501,595,660,430,469,585
505,601,664,429,469,581
508,578,665,429,460,582
507,589,665,427,469,590
507,604,651,425,467,593
510,602,665,423,459,593
512,599,663,416,461,594
518,590,663,421,458,592
513,582,668,422,462,587
511,590,666,422,467,585
518,598,657,422,468,595
519,583,652,412,463,594
521,582,665,421,458,584
518,597,663,411,461,591
522,593,665,410,464,585
526,593,659,412,457,587
517,596,666,413,452,585
527,592,665,408,451,580
529,591,662,401,451,579
532,589,661,395,439,581
532,590,657,403,442,578
529,580,667,407,437,570
532,592,664,392,438,576
534,593,659,395,441,573
524,587,663,388,440,570
531,595,665,391,429,572
528,584,667,400,423,570
534,591,661,396,423,569
523,596,660,387,432,568
533,583,653,402,422,565
535,589,663,391,433,565
534,593,658,399,429,567
528,597,647,389,430,565
525,600,652,402,432,566
535,582,664,397,424,566
533,591,659,396,425,566
526,587,665,403,432,558
525,593,665,406,424,561
536,597,669,400,434,564
522,598,654,401,433,562
534,584,665,408,424,563
531,600,668,392,434,564
528,582,665,407,423,560
528,598,667,394,437,564
530,594,665,403,434,564
531,588,666,406,433,556
529,599,668,395,427,564
521,599,664,403,434,563
535,592,659,403,433,566
525,591,668,408,432,557
529,590,663,406,425,569
526,599,651,409,433,567
519,600,652,407,423,567
526,589,660,401,426,565
516,592,663,408,425,560
524,595,663,399,423,561
525,596,653,401,428,566
528,587,655,406,434,563
524,596,666,403,434,564
523,598,664,403,423,563
515,600,652,410,432,562
523,597,666,401,425,564
524,593,664,402,423,563
513,596,659,410,427,556
521,598,665,397,431,560
526,587,665,411,420,558
511,596,665,413,423,554
517,584,668,410,427,559
517,601,665,400,427,559
521,585,664,413,421,554
519,597,654,404,424,559
511,603,654,412,430,560
507,601,659,414,423,550
520,591,658,410,432,549
509,602,669,413,423,549
515,602,669,402,431,556
518,592,664,412,419,557
518,598,663,410,431,557
514,601,664,401,430,554
513,605,653,415,427,560
518,596,664,413,419,558
514,606,667,414,429,546
513,602,663,406,426,557
515,605,668,412,422,557
516,608,652,416,430,557
518,602,663,417,423,554
520,591,666,416,426,548
507,592,667,414,430,548
516,608,666,402,434,557
506,603,663,414,434,550
517,603,668,406,433,554
515,605,668,404,432,556
517,591,665,417,434,548
518,601,663,406,426,558
514,604,662,409,425,555
509,597,661,413,433,548
518,597,662,418,431,558
508,604,653,414,431,557
516,587,664,416,423,553
513,599,666,415,434,548
509,598,652,417,430,558
510,597,654,418,432,557
516,591,669,406,434,554
514,591,667,403,431,556
514,586,659,415,433,558
498,579,663,415,436,547
510,573,664,416,435,557
516,583,657,417,435,556
502,578,661,417,423,557
505,576,663,413,437,547
509,567,668,414,428,549
513,579,664,408,427,557
515,576,665,416,433,556
503,576,663,413,424,559
514,581,668,419,434,556
508,567,667,420,426,558
516,586,657,414,436,550
504,585,652,418,433,555
504,585,653,416,425,557
509,583,652,419,434,557
511,586,669,421,425,551
512,582,662,418,436,554
515,575,664,409,420,558
516,575,659,415,434,556
511,580,668,405,433,555
507,579,666,418,436,554
515,571,667,420,427,549
511,586,653,416,424,555
516,572,667,415,436,545
505,589,660,417,433,545
514,587,652,419,434,557
506,589,653,407,436,554
510,573,667,405,426,555
517,574,663,406,437,553
512,587,664,406,439,553
516,571,664,419,427,549
512,585,656,418,436,556
512,589,665,408,431,555
516,578,666,417,439,547
516,583,670,410,440,556
517,584,668,414,440,553
514,578,653,420,434,557
515,584,653,410,436,556
515,570,666,418,436,545
513,587,666,411,432,556
506,587,654,417,437,556
506,578,664,422,430,559
519,580,666,413,439,554
517,577,663,418,435,556
516,583,669,409,432,558
510,574,666,418,436,545
516,582,666,420,436,558
514,584,652,421,436,555
517,570,663,415,441,546
512,583,664,422,427,557
519,580,665,415,427,557
511,583,652,409,435,556
508,583,669,408,439,553
517,570,661,414,430,547
504,580,657,418,438,551
515,582,663,407,438,550
515,570,666,422,426,552
514,580,668,410,438,554
508,568,668,418,437,547
512,566,667,420,431,545
514,577,654,420,436,560
515,566,663,408,438,554
505,563,663,417,437,546
512,551,668,417,437,547
509,563,652,419,435,547
518,556,670,413,437,554
507,560,653,420,435,557
514,561,667,416,428,556
515,547,668,421,436,546
507,552,665,419,440,545
505,565,657,413,438,554
517,561,665,413,439,554
512,563,654,418,439,546
519,560,658,421,436,556
515,550,665,416,422,555
519,560,660,419,436,556
517,553,668,423,432,549
516,566,654,420,436,555
515,551,664,421,426,552
515,560,662,418,436,555
514,564,670,408,438,555
505,566,654,421,438,555
517,559,664,419,439,557
518,553,663,406,425,553
515,563,668,410,441,555
515,537,667,422,435,546
512,543,666,420,432,552
503,556,668,410,440,553
517,553,662,418,438,556
505,548,664,417,436,560
516,545,658,410,435,559
518,543,658,419,433,551
516,542,673,414,439,554
511,542,654,421,435,558
511,545,668,402,436,555
515,540,655,419,438,553
518,542,670,416,441,547
504,535,667,422,429,553
514,547,669,411,440,556
519,545,668,409,440,554
509,548,669,408,439,553
517,544,662,418,436,558
516,538,662,421,429,557
519,535,664,422,427,555
515,534,666,408,437,558
508,529,663,415,428,558
504,527,658,419,440,553
513,527,652,409,437,555
516,513,662,419,438,554
512,527,667,408,440,555
505,525,658,418,428,554
518,516,668,418,441,555
513,518,668,419,441,548
507,518,653,420,440,549
514,517,670,407,442,554
517,517,669,409,440,556
504,520,652,417,441,554
512,516,669,407,438,546
512,516,666,409,438,556
513,501,666,420,436,547
507,513,658,422,436,559
505,505,652,420,437,558
509,512,654,422,435,559
515,513,661,411,436,557
510,498,660,412,432,551
509,515,653,420,438,558
517,498,667,419,438,547
511,505,657,417,443,552
520,513,652,421,436,555
515,513,664,416,442,547
517,513,655,414,433,549
516,514,663,422,441,556
518,521,667,413,436,556
505,522,659,423,427,557
516,519,667,421,437,560
507,528,666,410,438,556
519,526,665,421,435,558
520,539,665,418,436,560
514,545,670,407,437,557
516,531,665,424,428,555
513,547,668,408,428,558
511,549,669,409,436,558
512,553,667,421,435,561
516,560,651,419,437,554
518,551,662,420,436,556
506,556,651,419,426,555
516,557,665,414,438,556
516,550,666,411,434,558
512,565,652,419,440,549
516,563,667,419,431,557
517,549,665,409,436,558
513,570,670,418,439,548
515,564,668,419,440,557
515,568,664,421,425,557
507,572,654,418,430,558
506,553,665,425,429,551
517,559,663,418,439,557
518,566,663,417,439,546
500,568,658,421,437,554
505,566,670,412,437,555
507,555,666,421,425,551
504,570,655,418,436,552
514,553,668,418,430,547
506,561,664,418,437,546
503,567,663,416,438,548
506,559,668,418,436,545
516,555,666,415,422,547
512,563,661,415,423,551
503,561,667,419,433,546
514,569,668,420,432,546
513,565,663,418,439,547
508,571,662,416,429,543
516,555,666,423,427,548
517,565,672,415,439,554
512,570,666,407,435,554
511,573,665,411,437,558
505,569,652,419,425,554
512,568,669,419,436,546
503,559,668,420,433,546
516,569,656,425,433,558
511,556,668,422,440,547
514,564,664,415,438,555
511,566,660,421,436,556
517,563,664,422,425,555
504,567,662,417,435,552
515,567,655,420,439,554
515,556,668,423,431,549
516,568,661,423,429,553
514,570,665,412,427,556
513,562,665,415,439,554
517,566,663,417,437,554
515,566,662,417,428,550
507,561,662,418,427,557
508,567,666,415,440,553
515,571,654,423,435,558
505,561,666,416,440,556
508,560,667,418,440,547
511,556,665,427,433,546
519,568,663,416,438,552
516,566,669,413,441,552
500,561,665,421,439,543
512,572,652,423,435,559
516,565,667,416,427,546
516,566,663,419,436,557
510,575,652,423,436,558
503,568,659,418,439,552
515,566,663,418,426,558
512,571,652,421,436,557
517,558,668,423,430,553
517,548,664,427,427,552
503,569,659,418,434,547
504,572,663,419,427,557
517,569,670,414,433,544
516,570,662,415,438,556
507,567,654,415,435,555
503,572,659,419,440,552
516,566,666,423,436,557
513,571,654,422,429,556
514,557,665,426,428,552
518,568,663,416,438,557
518,572,664,419,428,557
511,569,667,413,441,557
512,574,651,423,433,549
503,566,669,411,439,555
504,568,659,420,439,549
507,573,654,421,437,559
505,573,654,419,425,552
514,567,666,409,434,554
514,570,652,423,438,558
516,555,664,423,428,551
515,555,654,421,440,557
510,568,669,411,442,556
518,568,666,415,441,556
517,570,660,423,439,550
508,555,668,423,436,549
517,569,662,420,438,555
514,558,666,421,443,547
513,573,652,424,435,558
517,571,664,413,432,561
507,564,666,415,441,548
511,551,664,422,436,547
513,564,668,412,442,555
514,568,664,417,444,548
518,566,662,418,439,558
515,570,665,423,438,560
505,560,667,422,438,555
513,575,668,421,439,549
515,572,665,409,442,558
517,560,664,423,428,557
518,570,658,422,440,559
506,575,654,421,438,558
518,569,656,405,439,556
513,573,667,411,437,559
509,577,657,419,438,559
517,556,667,422,432,554
515,570,666,415,432,560
518,568,661,424,438,561
508,574,652,425,438,558
506,567,661,423,443,551
514,569,653,425,443,557
507,568,660,420,439,548
520,573,658,423,438,560
513,573,666,410,441,561
502,568,663,419,433,554
507,561,662,421,438,559
518,574,654,422,440,558
513,555,668,423,437,551
511,560,667,416,433,560
517,565,662,423,428,559
513,573,666,411,438,559
511,561,667,422,440,549
517,566,663,422,429,558
505,576,659,422,442,561
515,575,666,414,434,560
517,571,668,424,435,561
506,561,666,424,440,550
507,571,659,419,442,554
517,556,666,425,434,555
519,572,662,420,430,560
508,567,663,420,443,551
516,558,667,423,443,554
514,562,657,421,441,560
515,575,666,413,438,561
520,552,667,423,431,558
519,570,662,422,430,559
519,564,663,423,429,558
517,577,667,413,436,560
517,574,664,409,436,560
520,565,652,414,440,554
520,574,667,417,430,560
511,560,652,425,436,563
507,574,654,420,441,560
514,574,652,426,439,564
517,558,667,424,434,554
520,571,663,419,436,562
510,576,659,422,445,558
518,576,665,422,443,552
519,574,665,411,437,560
521,568,665,420,434,561
519,576,666,411,440,560
516,574,666,412,437,556
523,568,663,421,442,551
508,569,667,413,440,560
521,570,667,418,442,562
520,571,653,412,442,560
516,574,662,416,434,563
519,571,664,419,429,549
518,573,668,414,442,558
517,574,664,413,436,561
513,561,666,422,435,559
522,570,663,412,441,559
521,570,653,426,438,562
511,565,665,420,442,551
523,571,668,411,435,561
516,574,668,412,442,560
523,572,662,418,443,563
524,565,664,423,430,561
520,571,668,418,431,562
519,576,667,409,431,562
517,577,653,424,439,561
519,576,662,417,430,560
510,571,664,421,434,558
519,561,667,424,436,559
519,576,667,412,443,559
518,563,667,425,439,554
519,575,666,428,432,556
521,576,651,426,435,558
517,578,651,417,434,561
512,577,667,423,437,554
523,572,660,423,439,551
511,577,669,412,445,559
512,565,662,418,435,562
510,574,659,421,443,553
521,575,668,412,442,561
524,573,655,418,441,559
524,565,663,423,430,562
523,575,665,425,433,558
522,559,667,426,430,563
523,559,662,420,431,563
511,573,661,421,443,557
524,560,665,425,433,552
526,570,663,420,440,561
524,571,660,413,443,560
521,560,666,425,431,562
524,572,657,424,440,563
517,571,664,417,443,560
512,569,662,421,446,556
510,569,662,421,445,562
522,573,669,415,443,557
511,566,657,419,444,562
516,577,652,418,436,565
520,572,664,420,433,563
519,563,665,422,442,553
520,573,666,411,437,561
524,561,667,415,429,563
523,561,664,426,435,557
516,562,665,422,444,553
516,575,651,426,441,564
520,574,656,423,443,555
524,569,662,415,446,562
521,558,666,426,440,557
514,578,653,424,442,564
509,576,656,423,443,562
522,575,655,428,445,564
523,574,654,423,443,563
523,562,668,428,439,558
525,572,657,416,440,563
526,572,662,421,445,564
512,572,660,421,443,559
519,562,667,426,440,557
518,577,658,426,444,565
524,562,669,425,439,557
515,568,666,422,447,560
523,571,662,425,433,564
522,562,668,427,440,565
524,560,668,425,441,559
523,575,668,423,442,555
513,571,667,423,448,554
513,575,666,426,443,564
527,574,661,424,434,565
524,575,663,420,433,561
519,578,665,412,442,555
524,574,657,425,442,556
521,577,654,425,441,557
523,572,663,418,437,563
519,565,664,427,433,562
524,568,665,419,445,562
525,571,668,412,443,564
517,574,652,426,443,565
520,574,651,425,444,560
525,571,669,426,445,566
514,569,662,422,447,565
514,575,659,414,441,566
513,570,662,427,438,557
525,573,668,414,448,565
526,560,666,428,435,562
526,566,669,412,444,563
512,576,655,425,447,560
521,575,666,428,436,561
520,573,654,428,443,566
514,577,654,425,445,562
513,566,662,423,447,558
523,571,670,417,447,564
525,572,659,423,444,560
522,572,667,416,442,564
516,578,654,427,443,566
527,572,668,418,447,560
525,573,657,427,446,566
513,560,662,425,448,555
519,576,668,414,446,564
520,575,654,427,443,566
521,575,658,413,438,563
516,578,652,425,445,565
522,574,670,418,447,564
521,575,657,429,441,567
526,569,656,422,440,567
521,574,671,427,444,567
523,561,669,428,440,556
514,563,652,414,447,563
514,575,653,426,444,567
521,576,666,415,444,565
524,571,665,422,445,563
515,577,652,427,444,567
515,566,670,418,440,556
512,570,657,425,444,567
526,568,668,424,433,566
520,577,667,412,444,562
524,568,670,412,445,563
515,579,654,425,445,566
526,561,655,429,438,562
521,575,669,416,448,564
513,575,652,424,447,564
524,573,664,422,435,567
514,572,653,424,446,566
524,560,668,418,436,565
523,562,668,429,437,566
517,577,670,424,444,566
525,569,665,428,436,562
523,577,665,417,440,563
515,570,665,423,447,556
524,569,663,423,435,565
524,577,654,425,443,567
517,578,654,426,444,568
526,575,670,425,444,567
516,571,664,423,448,558
527,568,668,424,447,563
526,573,664,423,434,563
522,579,654,425,443,567
520,576,661,424,448,563
524,575,664,419,436,567
527,562,667,420,435,560
523,573,667,415,447,568
515,571,666,422,448,558
518,573,652,426,444,566
523,579,655,427,442,565
522,579,669,412,445,564
531,575,656,425,442,556
521,577,667,425,444,567
514,578,665,425,444,565
524,563,668,427,432,556
521,579,668,414,445,565
527,574,659,428,433,564
528,577,669,423,446,563
528,577,662,421,443,566
521,582,665,412,439,566
525,576,665,419,448,559
514,582,653,422,442,564
522,581,659,413,435,562
514,583,659,421,448,560
528,569,660,422,442,566
526,578,655,413,436,564
514,576,661,414,448,558
514,577,662,412,435,566
527,569,663,413,430,566
524,581,661,419,434,566
524,581,667,418,429,561
525,579,669,423,445,566
519,570,663,418,447,565
515,580,657,411,441,564
526,579,662,414,440,566
528,571,663,412,440,566
525,579,658,418,438,566
525,578,657,422,447,561
525,578,657,425,443,567
528,575,662,421,433,566
522,567,669,422,443,567
525,581,666,428,435,564
525,584,665,414,440,564
530,571,658,423,442,567
528,578,661,422,444,567
528,576,665,422,446,562
520,581,665,420,438,569
518,572,664,420,447,556
525,564,667,424,448,556
521,570,667,421,448,556
526,567,662,425,435,560
530,577,661,422,446,566
517,579,659,420,442,563
530,577,657,425,438,559
519,571,660,416,446,553
529,566,664,422,444,565
528,580,669,413,446,564
529,563,665,426,433,565
530,575,660,426,435,562
528,575,662,424,446,566
531,572,655,426,444,567
518,576,658,423,448,566
516,576,653,424,445,569
525,576,667,424,442,564
527,569,662,429,434,566
526,572,654,427,443,567
516,567,662,414,448,565
527,571,669,418,446,563
527,566,665,423,433,565
523,573,665,421,447,559
526,557,665,422,447,557
524,570,661,419,436,568
514,552,656,426,443,569
529,570,658,418,439,568
519,573,651,416,447,565
526,565,664,414,441,568
525,570,663,419,439,557
527,566,666,420,446,566
526,563,664,423,443,568
519,565,664,421,435,569
521,549,669,425,440,560
518,546,666,422,447,563
522,540,668,426,442,557
525,547,663,423,447,565
521,528,670,415,435,567
514,533,663,424,443,556
525,533,663,413,441,569
516,515,668,423,442,558
520,526,652,424,444,569
524,505,662,418,444,569
527,514,663,424,449,566
515,506,654,421,442,568
525,502,667,424,435,565
527,499,667,422,445,568
523,509,659,418,435,557
518,491,660,425,438,562
523,503,670,416,447,561
521,507,664,418,447,567
527,491,669,423,442,559
524,509,665,421,447,563
526,505,668,417,447,565
516,509,653,419,447,564
524,506,665,428,435,565
524,507,664,423,450,565
521,511,661,424,433,566
520,510,659,424,447,564
522,511,660,416,440,569
527,506,668,414,448,566
523,508,651,423,446,567
525,507,665,427,436,563
513,505,653,413,446,568
515,517,665,420,445,567
524,514,664,422,448,558
529,517,664,421,447,567
523,526,666,416,435,567
528,522,658,422,442,568
527,512,665,425,436,563
527,520,657,424,444,567
527,528,669,413,448,563
517,527,663,418,447,557
528,531,650,426,443,567
524,532,653,424,444,565
523,536,668,423,444,566
523,537,665,414,443,566
523,537,653,425,447,564
520,542,652,425,445,565
515,542,666,415,443,565
527,543,654,424,444,567
525,540,657,422,448,561
525,547,664,423,447,564
528,541,662,423,435,563
529,546,660,422,447,567
529,546,662,421,445,567
516,551,660,423,448,561
527,539,666,424,442,558
528,529,665,428,439,560
529,549,670,421,437,563
530,536,664,417,444,565
529,550,660,419,447,566
519,555,650,426,449,565
523,556,664,424,446,566
526,554,664,412,446,567
516,556,651,423,447,561
525,554,667,413,436,567
521,557,650,429,448,570
518,555,651,415,450,566
522,538,667,427,442,560
514,550,660,424,450,560
525,554,666,413,452,566
525,553,663,423,438,570
514,545,663,425,447,566
513,550,661,420,438,571
526,547,662,429,444,571
518,543,665,426,451,558
524,554,661,415,451,566
514,556,665,416,446,567
522,553,661,418,438,563
523,556,666,413,448,568
521,557,664,414,446,568
527,553,663,421,450,568
524,556,662,414,448,559
526,546,662,429,435,567
526,543,665,428,441,564
516,547,660,423,448,559
521,555,665,417,448,568
516,553,659,423,450,562
513,555,655,424,449,564
517,547,663,426,447,568
525,557,667,415,447,567
525,557,653,421,438,571
516,552,661,423,452,559
514,556,658,424,447,564
522,558,665,423,446,570
519,559,649,428,446,571
512,556,656,424,443,570
525,556,660,422,447,567
525,554,660,422,447,566
525,556,650,429,447,562
525,555,661,420,437,569
522,560,663,426,445,556
515,552,646,424,444,564
524,556,663,416,445,562
524,560,667,416,447,566
514,560,650,425,448,564
522,558,662,427,442,559
521,562,660,420,439,570
516,549,664,427,432,567
525,559,664,419,445,565
518,558,660,425,438,567
523,559,658,425,443,566
524,553,661,430,443,555
517,561,663,415,444,563
518,558,663,426,437,558
509,564,651,423,441,554
511,565,666,414,445,559
515,565,662,417,442,562
519,555,662,428,441,561
515,563,663,420,430,561
520,550,664,431,443,558
507,565,658,423,444,557
514,563,665,416,444,559
506,564,658,425,443,554
515,549,664,427,441,561
517,565,667,416,442,559
515,547,666,429,438,561
518,562,658,429,439,559
505,558,663,424,431,560
515,548,666,429,436,552
514,566,660,426,441,552
515,550,651,428,439,562
509,568,650,430,440,561
513,551,666,428,437,553
519,561,658,429,445,558
514,566,651,432,434,556
520,562,661,429,440,564
518,566,664,422,435,563
521,563,668,425,428,561
520,565,667,419,446,560
524,563,660,424,440,562
522,561,665,422,447,560
526,562,659,426,446,560
516,549,665,428,443,552
520,567,665,417,446,563
511,566,661,426,434,561
514,569,652,427,445,561
519,567,650,424,447,561
512,562,657,428,447,557
518,568,665,430,435,560
519,546,666,429,446,553
525,557,663,425,447,561
512,563,659,426,445,561
526,563,661,428,446,561
522,551,666,433,444,560
523,569,661,422,441,563
522,566,666,417,448,559
520,567,663,416,445,561
524,565,667,425,445,563
524,550,664,424,437,559
526,551,664,428,447,553
524,570,666,419,446,559
525,563,665,421,443,558
514,569,653,427,447,560
522,566,651,431,442,563
525,565,657,421,444,561
524,568,662,423,442,561
516,562,663,425,441,553
525,552,662,431,435,556
518,566,663,424,435,563
514,574,653,427,447,560
521,572,667,421,444,563
524,557,664,431,434,559
526,555,666,430,443,563
528,569,666,418,448,559
522,575,665,427,443,561
525,572,669,419,447,558
528,569,664,427,446,555
519,562,666,428,444,550
520,576,651,427,443,550
527,571,668,431,435,556
524,578,667,418,431,554
530,573,659,427,439,556
530,577,669,421,446,550
527,571,655,426,433,552
530,559,665,431,430,545
530,574,664,431,427,545
525,587,668,417,438,542
526,588,670,418,437,541
528,582,664,429,427,543
529,581,664,432,425,538
528,583,662,427,431,530
530,592,660,429,433,540
526,587,663,422,430,531
528,593,657,431,434,540
518,586,666,428,433,538
526,592,656,433,433,540
519,586,664,425,439,531
523,593,653,431,438,538
523,592,667,417,436,538
522,569,669,430,435,536
528,589,669,421,440,537
525,592,664,421,432,540
526,587,667,423,433,539
516,590,659,429,432,537
521,593,670,418,436,536
526,589,657,431,437,536
522,593,663,422,432,538
526,589,669,420,439,534
515,585,663,427,434,535
513,590,656,430,436,534
522,573,669,430,438,528
516,577,666,427,435,524
528,583,667,426,436,532
525,570,664,433,431,532
519,584,654,432,431,531
519,587,655,431,431,530
527,579,661,428,432,528
522,586,668,432,429,529
526,581,665,429,429,530
523,569,666,432,433,522
522,581,668,422,429,529
524,580,667,427,432,526
522,580,654,433,431,528
517,579,654,431,431,531
525,570,660,432,427,527
512,571,660,431,430,522
525,556,663,435,428,529
511,567,664,430,431,524
519,569,654,432,429,527
515,558,666,433,429,518
525,559,662,431,432,526
524,554,668,437,421,525
512,554,668,430,429,526
512,553,662,433,431,529
513,554,663,430,434,519
515,555,652,433,429,528
512,547,661,432,431,529
516,547,649,435,430,529
523,540,660,432,430,529
522,538,659,421,429,525
514,538,654,435,433,527
525,526,664,433,433,525
521,527,664,433,422,530
515,517,668,433,434,525
513,522,666,433,434,527
525,528,666,431,435,528
522,517,665,436,435,529
523,529,658,435,425,529
524,519,669,423,434,521
520,533,667,424,430,530
519,531,653,436,430,521
526,528,664,432,434,530
510,529,663,432,437,526
521,531,667,427,434,536
516,522,668,436,425,529
512,527,665,431,425,530
519,523,667,426,437,529
525,534,663,430,423,534
524,540,660,428,426,535
519,529,667,432,430,529
517,535,668,429,424,537
524,542,664,428,424,538
511,551,655,428,433,535
523,544,664,422,434,525
520,550,670,418,432,535
519,552,672,417,439,535
522,550,665,425,435,540
524,540,665,430,433,534
509,551,664,424,438,532
509,549,669,427,436,539
511,554,654,429,435,538
517,555,656,433,433,541
511,557,659,425,434,541
515,554,654,430,435,541
515,551,656,431,435,543
517,557,666,417,435,538
519,542,666,429,429,535
521,542,666,430,431,539
522,554,655,430,435,541
521,543,664,429,426,539
516,556,668,429,435,540
506,553,660,428,438,530
512,549,667,430,441,539
522,553,659,420,425,540
520,553,657,426,441,539
516,550,667,425,438,536
513,557,668,419,439,537
520,554,656,432,438,533
514,556,666,420,434,537
518,544,665,432,429,533
518,554,663,430,434,535
514,554,670,423,441,536
509,547,665,432,440,525
513,558,670,433,436,524
510,561,666,421,442,531
515,545,664,427,437,536
512,559,665,426,435,534
503,556,659,431,432,534
510,559,668,420,441,532
513,543,668,435,433,524
514,555,669,424,443,523
512,561,653,434,437,531
515,557,664,426,441,529
505,558,663,430,442,526
518,558,656,436,442,533
512,558,665,426,433,534
509,564,652,434,439,535
508,554,668,431,438,524
519,549,664,433,428,533
516,558,658,433,437,533
513,561,653,435,441,536
511,560,665,428,440,535
507,552,665,431,442,525
514,560,653,434,436,538
513,562,669,422,436,534
512,563,653,435,440,537
504,554,654,432,442,534
516,546,662,433,440,528
506,563,669,422,439,532
514,562,668,429,442,535
510,546,669,434,431,526
514,559,670,422,441,534
513,560,664,422,437,536
515,553,664,428,440,535
516,548,664,427,429,538
515,547,667,426,438,538
501,550,654,431,440,534
508,540,664,427,434,539
507,540,663,421,442,536
517,522,666,435,439,537
516,529,663,428,440,537
512,531,668,421,437,531
511,528,665,422,438,537
517,520,664,426,441,537
518,518,656,434,441,536
503,516,660,433,442,542
517,518,655,436,439,538
507,509,660,428,444,533
504,521,660,430,444,533
516,520,657,433,440,538
514,520,669,421,444,536
515,525,667,422,440,537
505,515,665,430,430,530
508,527,651,431,442,535
519,513,664,434,432,540
516,526,660,431,439,538
516,525,659,433,439,538
500,527,664,433,444,528
512,532,667,420,440,537
512,530,667,426,442,540
508,534,653,431,442,538
518,521,666,434,432,539
512,537,670,422,441,537
516,523,666,434,439,539
517,530,659,434,425,535
504,539,663,431,441,532
511,540,662,431,441,539
519,532,665,433,444,538
513,529,668,434,433,535
513,542,653,429,441,539
516,547,669,436,429,536
514,563,667,421,438,540
518,558,658,432,437,539
516,547,665,435,431,538
516,564,665,423,439,540
513,565,670,420,440,538
502,575,652,432,439,539
517,569,667,432,441,533
521,573,659,434,437,540
518,574,664,423,438,537
518,576,659,432,436,541
514,580,669,420,440,537
514,579,671,420,441,539
515,567,667,434,428,539
516,576,664,431,431,532
507,583,660,429,438,533
512,571,672,435,434,532
516,583,654,433,435,541
514,585,670,419,430,540
516,568,666,433,434,536
514,574,668,434,436,532
507,576,668,429,438,537
508,576,668,430,440,540
513,583,657,434,438,541
516,583,664,430,441,531
517,588,665,427,427,541
514,585,670,423,441,537
511,583,663,427,436,536
518,578,661,430,428,543
517,586,662,431,436,541
507,587,664,428,439,533
518,584,664,428,427,540
511,579,669,431,428,529
512,578,669,433,436,530
509,595,655,430,436,535
515,597,655,433,434,532
506,590,664,432,439,529
516,593,663,426,428,541
513,586,660,423,429,540
511,597,666,427,428,543
509,598,655,434,433,544
512,598,670,421,433,539
516,594,659,433,433,538
510,599,665,421,435,537
515,595,655,434,431,540
512,577,670,434,429,529
511,600,655,433,433,542
512,600,652,433,431,537
511,600,651,432,431,539
503,593,664,428,437,530
513,599,657,431,431,539
512,597,664,425,422,532
513,595,666,428,431,536
512,604,669,419,431,536
514,593,663,431,421,531
506,588,666,429,435,527
509,603,669,418,433,534
515,599,656,430,428,532
505,587,669,430,431,536
511,597,670,419,436,531
502,584,670,430,430,535
513,593,660,430,431,535
509,584,669,433,428,528
504,600,659,431,431,532
510,592,666,425,420,534
500,597,661,429,432,532
501,596,655,430,431,527
512,591,667,424,425,538
514,591,659,432,429,529
501,597,655,431,431,534
513,581,665,436,420,537
512,591,658,432,432,536
501,593,664,429,433,537
511,591,670,422,433,534
499,596,659,430,433,539
514,573,666,434,422,533
507,582,668,430,435,526
503,585,667,428,433,528
511,595,665,423,427,535
502,598,654,430,432,536
505,586,668,431,431,527
514,593,657,434,429,538
513,594,666,428,424,529
512,593,654,433,429,539
511,593,655,433,428,529
510,590,670,421,432,535
510,590,655,435,430,540
503,580,665,429,434,530
511,589,665,425,423,536
516,590,665,424,433,537
514,588,667,425,434,535
514,590,665,428,422,539
509,589,668,433,423,537
499,592,653,432,432,540
502,591,665,432,433,529
510,593,668,420,432,536
509,577,671,432,429,530
511,592,653,434,429,540
512,592,668,421,427,533
512,584,664,429,422,535
518,590,664,425,432,538
505,589,664,431,433,538
501,594,658,428,434,536
509,592,653,433,431,539
514,595,669,419,434,539
514,591,655,435,433,542
505,594,656,430,434,540
512,591,654,435,431,540
515,589,663,427,434,532
514,577,664,434,426,529
515,590,658,433,431,541
514,583,665,435,424,538
508,593,655,430,433,542
514,578,664,429,428,530
509,594,668,420,431,539
519,589,664,431,433,539
515,592,658,430,432,542
516,585,664,431,423,539
512,577,671,431,433,531
512,578,668,433,431,534
509,579,667,434,429,530
516,588,666,429,435,539
515,592,659,437,432,532
503,589,664,432,436,533
505,591,664,430,436,531
511,595,666,423,430,541
508,601,654,431,435,540
513,591,664,421,420,541
511,580,667,431,435,532
507,592,658,432,435,538
513,576,670,427,429,532
515,587,669,433,424,542
517,592,670,423,435,542
517,593,668,423,436,539
518,591,661,433,435,542
519,580,666,434,423,538
507,592,651,437,438,538
515,591,663,423,436,536
509,596,652,438,435,542
518,589,660,431,424,540
516,591,671,422,437,539
514,594,670,421,436,538
518,578,664,434,423,540
513,594,666,427,427,543
513,592,667,425,430,541
518,576,668,432,430,535
508,594,654,433,437,542
505,587,662,429,425,534
504,596,664,429,437,534
517,589,659,433,434,541
516,591,665,428,426,542
514,577,670,431,434,531
514,593,667,421,432,540
507,585,665,427,436,539
513,593,652,432,434,542
516,596,666,421,435,539
515,591,663,425,427,543
503,589,660,428,437,534
513,595,654,435,433,536
512,594,652,436,434,543
510,595,652,433,434,541
516,590,669,429,437,539
515,598,667,423,430,542
516,593,670,422,439,539
517,591,664,427,436,539
514,596,652,435,433,542
517,592,670,423,439,532
516,589,664,435,424,539
516,587,667,421,436,540
512,581,668,421,430,543
519,579,666,434,426,541
500,592,654,429,436,537
510,583,661,429,439,536
515,570,666,434,434,533
505,577,659,429,436,540
515,578,670,425,438,541
517,561,665,434,428,537
509,569,655,433,436,539
517,557,669,421,440,542
514,542,663,419,432,537
513,542,665,423,432,542
516,532,663,430,427,544
506,519,664,429,439,534
516,518,663,430,427,538
514,521,670,422,438,539
510,526,654,435,437,540
508,517,659,428,440,535
516,519,664,426,423,541
502,520,652,431,437,543
518,516,670,424,441,539
513,504,663,427,441,531
516,507,668,431,440,531
517,515,666,426,439,539
511,517,653,431,437,541
517,502,668,430,434,532
516,503,668,430,434,531
504,516,652,431,439,541
515,516,652,431,437,531
515,513,663,424,440,539
512,504,663,426,442,534
513,503,664,425,441,534
521,515,661,428,439,541
514,518,668,417,442,538
518,516,663,423,442,539
514,523,667,418,438,542
517,519,668,422,443,540
505,528,652,426,441,540
514,525,669,417,438,539
515,525,646,431,437,545
515,528,666,417,436,542
515,525,662,424,432,543
518,516,666,430,432,541
519,525,667,428,432,537
519,525,663,428,432,538
516,525,663,428,431,541
517,534,666,421,434,543
505,527,661,425,441,536
517,518,664,429,430,537
518,529,670,418,443,540
511,521,669,431,436,533
506,537,654,428,443,537
515,531,663,418,442,535
516,528,665,428,441,541
517,532,664,427,431,543
517,523,658,431,424,535
520,530,659,428,440,543
516,530,664,426,432,544
507,532,664,427,444,536
510,537,652,430,441,546
516,532,668,423,443,542
519,519,662,430,430,541
506,532,658,427,442,539
517,520,665,425,443,534
513,520,666,431,437,535
518,520,668,429,432,536
516,537,665,419,437,540
516,530,662,422,433,543
517,532,661,428,442,543
511,513,667,427,442,533
508,535,655,431,440,544
518,520,663,432,430,538
514,531,655,427,439,544
518,530,662,427,442,544
517,535,663,423,435,544
514,533,653,431,439,544
518,530,665,422,443,539
507,531,659,426,442,540
516,527,669,419,443,541
508,534,655,427,442,541
519,529,666,425,442,542
506,527,661,428,448,537
517,527,659,422,435,541
503,521,657,428,439,544
519,502,662,427,441,531
506,524,653,428,443,539
518,519,664,425,431,545
519,513,659,426,430,544
518,512,664,423,442,541
520,504,669,429,438,535
517,497,671,429,441,536
508,501,653,427,443,542
515,511,659,428,441,545
516,509,659,428,430,542
518,491,664,428,449,535
517,503,667,417,442,543
521,493,668,427,441,534
519,508,664,421,438,546
519,505,668,420,444,541
515,492,663,426,444,536
519,501,669,418,444,543
519,484,665,431,440,535
514,507,663,427,432,541
520,493,670,426,442,535
518,503,666,430,432,539
515,504,666,418,435,545
510,492,662,427,443,535
520,502,669,416,442,541
515,506,664,431,428,544
517,503,668,417,442,543
513,509,656,430,438,545
511,515,652,431,439,548
520,511,664,418,440,541
518,511,669,420,443,542
518,515,662,429,440,545
514,518,669,420,443,542
515,518,663,427,432,547
510,526,669,419,442,543
513,518,664,424,432,545
516,519,664,421,444,543
515,527,657,433,439,547
507,534,654,431,442,544
518,534,667,421,443,544
512,519,669,430,439,537
513,522,668,431,438,535
513,535,666,425,436,546
514,524,666,434,435,541
517,535,667,424,445,543
518,532,662,429,432,546
512,535,670,426,445,544
516,539,668,420,445,543
513,542,666,424,432,545
518,535,665,431,431,547
510,532,668,432,437,538
504,546,661,430,446,540
507,527,663,423,440,537
512,552,654,432,442,546
507,554,654,433,437,544
511,554,662,425,435,548
516,552,662,428,431,548
518,554,665,428,429,546
514,565,669,418,444,546
520,561,669,431,442,539
515,581,670,419,443,545
502,589,654,432,442,548
515,594,668,421,439,547
518,597,670,423,445,544
515,594,672,421,444,544
514,603,666,420,435,548
515,600,661,430,441,546
512,610,649,430,442,546
501,602,665,427,445,542
513,608,669,418,443,547
504,614,654,429,442,546
509,609,665,426,432,550
507,613,659,428,443,541
516,607,666,425,443,545
515,615,665,422,437,548
516,613,655,429,434,549
510,605,670,428,441,539
508,614,658,427,440,546
519,611,660,430,438,549
516,604,665,428,438,549
518,611,665,427,440,547
519,608,664,427,429,537
506,604,666,427,438,538
512,615,665,420,432,550
514,604,667,430,437,537
515,600,666,432,432,540
516,601,667,432,430,540
513,612,657,430,435,549
514,615,669,419,442,545
516,613,663,428,427,547
502,613,663,428,441,540
515,616,666,425,428,549
513,617,669,419,438,543
512,619,653,432,436,545
516,611,664,433,425,547
509,604,669,430,434,538
504,613,654,423,436,546
515,617,657,430,433,547
512,618,663,421,432,545
503,622,650,429,436,544
506,622,655,430,436,543
504,618,659,431,439,540
518,607,666,433,428,539
508,605,668,430,434,537
504,617,663,429,440,538
508,623,667,417,438,543
514,619,658,431,433,547
501,620,659,428,438,539
508,622,654,433,436,546
510,601,667,431,437,537
514,618,672,426,434,542
502,618,663,427,438,539
509,609,669,432,435,535
511,623,664,423,430,545
511,622,667,423,441,542
504,624,654,429,436,546
512,619,664,431,427,546
504,622,652,432,437,547
512,618,667,423,439,544
512,620,668,422,440,543
500,624,655,432,437,548
509,609,664,433,428,539
507,621,653,432,438,545
514,623,669,421,438,545
514,620,669,422,439,546
514,604,669,434,433,540
509,621,650,433,433,545
503,621,659,432,443,541
516,611,666,437,430,542
507,615,665,429,442,539
509,613,665,424,443,536
504,615,660,431,444,543
511,621,669,421,442,545
508,619,662,427,444,541
515,607,669,434,435,539
510,607,668,430,447,539
515,612,650,432,441,548
515,603,669,432,437,537
509,612,665,428,443,540
509,611,665,430,444,539
507,617,654,428,432,547
519,615,665,428,444,547
510,616,658,429,443,539
520,606,664,435,431,546
523,608,664,432,432,547
514,619,652,435,441,551
521,615,670,422,445,547
515,601,669,433,438,540
514,604,667,432,439,539
521,602,666,436,436,542
518,600,667,434,437,540
518,611,662,434,436,550
514,618,655,435,439,551
512,604,667,435,435,543
520,615,655,435,441,550
521,611,662,432,443,549
522,606,664,436,430,547
509,614,662,430,444,540
517,601,667,436,441,541
516,612,665,419,431,550
518,616,671,426,444,547
515,617,659,427,431,548
519,609,664,437,432,546
521,603,666,437,433,542
513,620,654,436,440,551
517,615,666,427,436,550
509,619,667,421,438,548
521,607,664,435,432,545
505,614,658,431,444,543
517,613,654,436,439,549
521,611,664,429,429,547
523,613,660,434,441,547
510,611,662,431,444,539
514,617,663,424,435,547
514,619,668,420,442,546
515,615,663,429,433,550
509,616,661,430,442,541
509,607,667,432,441,539
521,617,663,430,441,547
522,616,656,429,444,547
519,618,656,434,439,549
520,605,661,434,430,543
519,603,666,435,436,541
520,618,664,425,435,551
516,618,669,423,444,546
522,616,658,431,440,550
519,618,667,420,443,545
518,604,661,438,432,544
512,604,664,435,437,546
509,614,662,433,435,543
506,616,656,425,441,545
509,610,662,433,444,539
517,601,668,433,441,538
514,621,651,435,442,548
517,616,655,436,438,552
521,610,664,435,441,550
505,613,659,433,444,539
520,620,651,436,439,550
517,606,662,432,443,539
510,620,652,435,444,545
519,608,662,437,435,542
520,620,663,421,446,546
519,624,657,422,437,549
519,623,656,423,438,548
511,612,656,434,440,538
518,616,650,431,433,549
517,621,652,427,434,549
513,608,653,435,440,539
512,621,650,429,444,541
520,619,649,428,431,550
508,609,655,433,442,537
518,624,639,432,439,550
517,617,652,424,439,547
513,605,654,432,441,537
507,616,647,430,443,545
523,611,644,429,435,541
521,619,651,431,431,548
521,617,649,430,430,546
519,601,655,426,433,541
522,620,649,436,431,547
523,622,656,425,442,545
514,616,653,432,444,538
522,619,644,426,430,544
522,615,648,425,430,546
510,629,641,427,441,540
521,610,645,432,428,542
524,618,641,428,429,546
517,622,637,428,431,546
521,623,637,426,430,546
513,621,635,426,442,538
514,626,625,430,438,547
515,629,625,428,440,543
522,618,636,428,428,547
513,614,638,428,437,536
522,610,634,429,431,539
515,630,624,427,440,547
526,624,638,424,442,546
517,611,642,430,439,537
524,622,640,426,443,546
514,624,632,426,440,545
519,612,643,427,440,537
511,622,636,427,441,540
526,612,641,431,430,545
523,621,640,422,441,543
524,607,645,432,431,543
527,620,640,428,435,547
519,622,646,424,441,545
512,619,643,428,444,538
519,608,650,431,440,537
521,623,651,420,442,545
524,623,645,427,431,547
519,610,650,433,435,540
522,624,635,434,438,549
526,613,645,425,435,547
520,623,651,422,439,543
512,616,649,432,439,536
518,622,640,435,434,547
510,624,643,434,437,544
522,623,642,433,436,544
519,610,652,434,434,536
510,619,648,430,439,536
522,612,653,437,424,541
517,626,653,424,436,542
524,614,637,435,429,545
523,612,650,432,425,542
521,622,654,430,435,543
522,624,643,436,432,543
510,627,646,435,432,541
513,624,641,436,432,544
520,610,656,436,427,537
514,623,642,437,431,544
519,614,653,433,423,541
511,614,654,432,436,532
517,609,658,432,429,531
517,611,657,435,423,534
517,617,652,433,421,540
518,609,659,436,425,533
515,622,658,430,422,540
519,617,648,426,419,535
520,621,652,435,431,535
515,626,643,437,427,538
521,626,657,431,429,534
521,620,651,433,428,535
507,627,645,434,429,533
517,613,657,439,417,532
507,615,657,435,432,524
511,628,646,430,422,535
520,619,657,439,418,531
513,630,645,436,428,535
518,621,660,428,429,532
515,610,661,437,428,523
515,624,648,438,427,533
517,609,656,434,431,529
513,627,659,424,425,534
518,624,657,431,419,535
520,614,659,437,420,532
513,611,660,437,427,526
516,629,660,423,424,536
511,614,662,436,430,527
519,621,655,436,419,537
516,620,658,428,432,535
508,626,652,435,432,531
519,622,658,431,433,535
511,621,648,431,426,538
520,615,657,433,420,537
512,616,658,436,432,529
520,611,658,440,422,536
514,628,661,422,430,539
517,627,648,431,423,541
517,626,645,437,429,541
520,624,653,431,434,537
509,631,648,435,432,540
515,628,657,418,431,535
520,624,652,437,431,539
515,627,648,438,430,542
508,612,659,433,434,532
516,626,657,427,429,542
522,623,657,429,436,539
519,624,661,426,436,538
516,627,660,422,436,540
508,616,655,434,437,531
516,612,659,436,429,534
518,620,655,421,437,539
513,611,659,436,428,533
521,621,652,433,433,541
518,624,655,433,425,542
522,622,654,431,433,539
523,622,655,437,424,541
518,628,658,426,430,542
517,620,656,438,424,540
521,611,661,435,428,533
522,619,657,436,423,542
513,628,646,434,435,540
520,628,661,422,435,540
524,628,660,422,435,538
512,628,648,430,437,539
522,623,657,428,427,539
514,627,645,431,436,539
526,620,657,427,425,540
521,628,659,423,429,541
519,626,646,431,434,543
514,623,659,428,434,533
526,616,657,433,425,537
525,613,660,433,430,536
514,622,654,427,442,534
516,626,648,428,435,540
526,609,661,429,430,535
525,628,645,433,433,543
530,615,655,428,436,542
528,620,657,425,428,541
518,630,653,426,434,539
517,627,648,421,438,540
511,627,654,425,437,538
530,622,657,425,427,543
522,627,645,429,436,545
526,624,647,429,433,543
530,624,655,422,437,541
527,627,645,428,433,545
526,610,650,429,429,531
527,624,657,415,438,542
530,614,652,427,428,539
532,625,646,426,434,543
532,621,653,424,437,543
532,624,646,424,438,544
526,628,651,417,438,543
525,613,651,429,433,536
528,626,647,419,431,546
529,626,646,430,429,539
530,626,650,416,438,541
527,629,652,416,435,544
526,610,648,425,437,536
527,622,637,425,429,544
527,629,627,429,436,547
522,625,627,426,438,542
521,626,621,427,437,545
531,616,625,424,430,540
527,618,625,423,436,536
528,611,618,430,427,544
533,625,615,419,438,545
531,624,587,431,434,547
523,623,594,425,441,540
533,622,580,425,417,545
530,627,568,414,436,548
531,622,558,423,426,550
529,627,557,414,434,548
534,621,545,422,436,548
525,628,533,424,435,550
527,626,531,425,434,549
520,622,541,415,440,537
518,628,532,424,436,552
531,617,540,421,425,550
522,623,528,420,440,543
531,625,529,413,435,548
530,625,514,413,431,550
533,627,511,412,434,549
523,626,492,425,433,552
526,608,502,422,437,545
523,625,484,427,436,550
536,621,488,413,439,549
530,610,497,422,439,543
530,625,495,423,425,550
521,626,495,426,436,551
522,623,495,426,434,551
525,621,506,425,437,550
534,621,512,414,441,548
537,609,511,423,437,540
534,618,503,415,439,547
533,606,509,423,440,541
531,622,506,426,427,545
533,622,508,418,432,548
536,614,504,425,434,540
535,622,505,426,430,543
531,625,512,414,439,548
535,622,502,418,439,547
531,610,515,426,435,540
534,623,512,426,433,540
529,625,517,416,436,549
535,621,515,421,439,548
531,625,516,415,433,549
533,622,519,418,441,545
536,620,510,419,442,547
529,610,523,428,435,540
523,612,520,423,442,540
530,619,521,424,428,550
524,622,518,424,439,544
533,612,514,423,432,551
521,606,518,423,436,540
532,618,529,417,438,547
524,610,526,430,437,548
534,619,522,427,436,550
529,621,528,422,432,552
530,621,528,427,429,551
528,621,533,419,437,548
520,621,520,429,438,549
531,614,533,426,440,547
532,602,532,434,431,544
530,614,536,417,440,549
528,612,526,432,436,549
521,606,524,431,438,548
531,597,526,430,440,547
527,605,520,432,435,551
524,590,532,433,436,539
531,601,526,427,440,546
522,593,524,431,440,539
529,599,518,434,438,547
523,594,529,430,440,539
523,588,529,433,438,539
519,601,522,430,441,541
528,590,529,435,437,539
525,589,532,434,440,538
522,605,517,433,438,550
518,606,520,432,440,547
525,589,536,433,431,538
519,602,527,433,442,544
530,598,528,433,439,548
520,600,536,423,441,546
529,593,532,433,427,547
529,593,531,430,430,549
523,597,524,438,436,549
529,588,524,437,435,548
527,587,531,436,430,547
529,582,539,436,433,539
524,591,534,430,431,547
517,588,533,433,443,540
524,593,536,425,435,547
528,590,531,435,437,548
517,595,531,430,439,542
526,592,540,423,438,547
523,577,539,437,429,541
530,592,542,426,441,543
523,590,545,426,440,545
517,581,542,434,442,538
512,583,543,433,440,538
525,590,545,423,440,545
528,592,533,438,436,548
526,588,547,426,442,545
525,589,542,434,439,546
527,589,539,434,438,546
522,588,543,433,438,546
519,575,557,436,435,547
515,595,558,434,439,542
522,592,554,436,435,545
510,593,557,433,438,542
513,584,570,425,436,536
526,587,575,432,437,543
514,581,576,433,438,536
514,590,563,435,433,539
524,577,577,434,422,540
523,577,589,437,433,535
522,588,591,422,438,541
512,585,588,433,441,535
516,589,582,435,438,544
525,586,587,437,435,546
525,571,594,436,427,538
513,583,586,432,436,538
513,576,593,434,441,535
527,582,594,429,438,543
523,581,590,435,427,543
527,574,594,436,426,541
522,569,598,436,432,533
523,586,596,424,439,541
525,585,587,437,436,543
527,582,591,433,439,542
521,587,594,426,429,542
508,587,581,433,438,542
512,579,594,434,440,534
513,583,590,434,442,535
521,588,593,426,434,544
514,588,583,436,436,540
523,588,596,419,442,537
527,581,590,430,438,544
518,571,596,436,437,534
525,573,592,439,428,541
526,583,581,436,435,544
527,572,591,439,428,541
523,583,598,426,439,542
514,588,581,434,439,544
516,579,594,435,441,535
522,591,581,439,434,543
522,584,592,435,427,546
515,588,595,429,433,545
525,581,593,434,430,547
514,590,591,436,443,540
517,586,596,433,441,540
512,574,600,436,439,535
523,584,599,425,440,543
525,574,596,438,430,541
525,584,599,426,441,541
515,576,597,435,440,535
526,583,589,435,439,544
520,588,581,440,438,548
527,582,598,431,441,543
521,585,593,427,434,546
524,587,586,432,433,547
525,584,590,437,437,544
519,588,583,439,437,544
525,571,595,439,428,543
524,572,598,439,431,535
526,577,595,436,430,545
523,582,596,432,431,546
525,577,596,435,430,546
527,578,596,440,430,541
524,587,588,439,437,546
523,590,601,435,442,541
521,586,597,432,433,545
514,580,598,436,443,538
527,582,599,433,442,544
517,587,598,431,433,546
512,578,602,436,440,536
522,571,602,439,433,536
523,583,596,436,432,548
524,569,603,439,434,540
522,571,601,441,433,539
512,578,598,435,441,538
520,587,589,440,439,547
525,570,603,442,430,540
526,570,603,438,431,540
521,584,609,432,442,542
525,583,611,428,441,544
521,588,591,440,438,545
525,584,613,432,442,544
523,573,613,438,433,540
521,571,615,442,438,537
514,584,604,436,444,542
512,573,617,440,436,537
520,585,617,427,441,544
519,588,618,428,443,543
524,583,610,439,435,546
519,585,617,427,440,546
515,588,603,438,441,545
513,585,610,431,442,540
520,571,617,438,437,537
511,585,610,438,444,543
525,572,615,440,431,545
525,580,610,444,425,541
526,588,620,439,443,542
515,588,619,428,441,541
513,581,611,435,441,541
522,586,620,429,442,544
522,585,615,434,434,548
521,573,617,440,434,538
526,580,616,435,431,546
517,577,620,438,441,537
522,584,618,432,443,544
517,572,622,438,441,545
523,585,622,437,445,539
527,581,618,438,446,538
523,586,625,427,442,544
523,579,622,427,447,543
523,577,625,428,443,542
525,582,614,442,438,546
526,578,620,441,431,543
523,583,619,433,433,547
524,580,621,428,445,540
508,585,610,438,441,543
515,583,613,439,441,544
520,583,628,426,441,545
524,577,624,437,432,547
516,581,616,438,443,546
515,583,613,434,443,542
522,572,627,427,444,543
516,571,631,440,442,536
516,582,619,439,441,547
514,578,627,437,442,540
518,579,621,440,443,548
513,574,630,438,444,538
517,582,620,440,439,548
527,569,635,443,432,541
517,572,622,435,436,547
523,579,638,427,442,545
524,565,634,442,432,540
514,581,623,437,443,544
514,579,629,437,445,545
518,565,638,438,445,535
526,562,636,436,427,543
525,568,636,436,444,545
519,574,636,429,439,546
511,573,627,431,447,535
512,576,628,439,443,543
523,575,637,437,433,549
515,571,626,442,440,543
524,556,637,441,436,540
525,564,636,442,429,545
525,554,636,440,433,544
515,552,642,439,442,535
519,564,642,426,439,545
520,561,630,438,441,547
522,563,632,442,440,547
519,564,645,429,442,544
520,560,642,431,437,547
521,560,630,440,439,548
526,555,640,433,444,545
512,551,637,435,446,539
522,553,635,440,441,548
512,552,642,436,443,540
521,557,646,426,441,544
521,557,645,429,436,547
517,543,646,437,447,537
524,548,645,432,445,543
526,540,641,434,433,541
522,547,635,440,441,546
513,548,636,436,442,549
514,541,644,431,435,547
524,537,643,434,433,547
520,527,649,437,438,536
514,541,635,436,445,542
512,530,648,436,443,535
512,540,637,437,444,542
523,539,645,432,448,543
515,538,646,436,446,535
520,546,645,431,436,544
515,538,643,437,444,538
512,544,639,430,447,539
512,551,634,431,445,542
518,535,648,438,442,535
519,548,633,439,442,546
523,548,632,440,442,546
525,546,632,439,440,547
525,543,638,440,443,544
521,550,645,430,442,544
521,548,647,429,442,545
525,546,649,427,445,544
523,528,649,439,435,544
512,546,633,441,440,548
524,551,648,426,443,545
526,543,648,434,445,546
525,542,645,434,445,545
522,540,647,429,440,541
517,532,646,438,441,537
523,547,647,427,446,543
522,548,649,427,443,545
515,545,642,437,444,542
515,540,638,438,445,543
525,546,634,442,442,549
522,548,648,428,441,548
516,544,646,428,440,544
515,550,635,437,445,544
517,535,646,435,446,538
526,536,645,440,434,546
521,529,649,443,440,537
526,542,645,435,443,545
525,542,641,432,439,549
521,544,647,426,440,546
520,532,649,438,445,547
525,544,645,437,444,546
528,548,635,433,440,546
526,542,644,437,433,544
512,546,644,438,448,541
521,551,644,426,438,544
525,550,636,441,442,548
522,536,650,440,438,539
524,547,649,427,444,545
514,549,640,436,446,538
524,547,648,432,444,545
520,547,636,439,442,548
512,543,641,435,446,537
526,549,638,439,441,547
524,541,643,441,430,545
514,553,639,436,442,542
522,556,635,439,439,548
521,557,649,425,443,543
522,553,642,434,440,545
520,555,645,429,442,543
508,556,642,432,441,539
511,561,640,434,441,539
518,561,648,424,435,544
507,558,642,430,442,538
518,561,651,424,440,543
513,548,646,432,438,533
516,562,647,422,442,541
512,562,633,432,438,542
515,545,649,435,426,537
517,560,647,427,441,541
517,547,649,433,435,534
522,564,647,426,439,542
520,561,637,435,436,545
522,553,646,437,428,541
513,570,636,433,438,545
514,569,634,434,435,545
524,567,644,434,435,545
521,564,647,429,428,545
516,555,649,435,440,538
511,573,633,430,438,543
520,567,647,419,426,547
521,567,642,433,441,542
524,569,645,435,441,543
520,562,652,427,441,544
523,567,642,432,440,547
522,572,650,422,440,544
510,567,644,431,442,539
522,557,650,438,435,539
522,568,640,436,435,547
514,561,649,433,439,535
524,567,646,427,440,545
509,569,641,433,442,541
522,570,648,429,431,549
515,565,646,433,429,546
511,562,648,432,442,538
511,565,636,434,440,546
523,564,644,432,442,545
525,565,640,436,439,547
519,571,649,426,437,545
520,568,638,438,437,547
525,555,646,438,427,544
514,556,650,434,442,538
517,569,649,426,440,545
515,555,650,433,440,537
511,567,639,433,442,542
521,563,652,426,444,544
519,547,649,437,433,538
524,558,651,428,444,545
521,560,652,426,440,545
512,550,648,435,444,548
518,545,648,436,440,537
509,553,642,434,443,540
524,554,640,439,440,548
523,552,637,441,439,547
518,539,650,436,440,537
523,538,648,438,433,541
524,552,652,423,442,546
519,547,645,434,430,550
524,544,650,431,443,545
521,546,646,432,433,550
522,545,649,425,439,546
518,542,634,439,441,548
513,535,646,434,443,539
514,539,634,436,441,546
519,534,645,438,432,547
508,530,649,438,443,538
515,529,649,434,441,537
523,539,636,438,438,548
515,535,647,435,445,540
525,536,651,430,444,546
517,541,634,441,433,548
520,527,651,436,440,539
512,529,648,428,439,540
511,542,637,435,444,543
516,544,635,437,440,548
523,523,651,438,436,537
524,541,651,427,446,544
522,544,647,428,440,545
520,525,649,440,438,538
524,540,648,428,442,547
520,538,652,424,443,545
515,530,645,434,431,549
520,532,650,424,442,547
519,517,651,438,437,539
522,530,647,431,432,550
512,534,646,436,445,542
518,534,635,440,440,548
515,526,649,431,445,537
517,522,649,434,442,538
525,527,648,439,435,540
519,532,642,431,437,548
521,520,651,438,440,536
520,521,652,438,443,538
519,535,634,440,441,548
523,534,646,434,434,548
527,527,646,434,433,545
523,531,652,428,447,545
524,531,651,435,432,548
519,524,650,437,439,537
523,527,647,437,432,547
520,536,649,424,442,546
522,538,650,429,438,546
524,522,647,440,433,540
526,535,648,435,444,546
526,530,644,436,443,549
522,527,652,429,443,546
525,529,650,439,444,547
513,526,642,435,443,540
512,533,637,439,438,541
526,526,648,434,443,545
514,530,644,436,444,541
523,525,648,435,431,545
520,512,645,435,433,544
515,533,636,440,440,547
514,518,649,429,440,538
521,531,639,438,441,545
515,532,652,426,445,546
514,535,645,432,444,540
514,537,637,438,445,545
522,533,647,437,431,547
512,527,650,436,444,538
520,533,651,429,444,544
512,530,648,436,445,538
513,527,650,437,446,538
524,533,654,430,444,544
521,541,638,439,441,550
515,542,636,439,442,547
508,547,641,435,441,544
522,527,653,439,437,538
523,542,648,429,438,547
515,547,637,439,441,548
519,537,652,438,443,537
526,543,648,431,443,546
518,550,653,427,445,545
522,552,654,427,440,547
523,551,648,432,431,546
526,543,650,435,430,546
524,551,652,430,446,543
514,550,652,434,446,539
514,548,649,432,446,539
519,555,637,437,440,547
514,557,637,435,442,544
523,548,633,437,436,546
522,559,650,429,435,548
516,560,641,436,440,548
512,558,647,433,445,539
523,540,654,436,438,541
527,544,651,437,431,545
523,547,636,435,436,546
522,557,635,438,441,548
513,555,644,433,446,542
523,559,652,426,439,548
523,542,653,437,436,540
513,549,652,436,443,537
515,559,652,425,439,547
522,556,650,430,447,549
519,558,649,427,438,548
521,541,651,439,437,537
515,560,640,436,444,545
522,545,655,439,438,537
523,558,651,431,446,551
523,559,653,426,442,548
523,553,656,430,445,546
527,544,651,439,433,543
512,555,648,436,444,540
516,559,637,438,443,547
513,563,641,434,446,548
525,556,655,428,448,544
526,556,651,433,433,549
526,543,651,436,435,545
525,555,649,437,431,547
526,557,655,424,447,547
526,556,650,431,435,549
519,561,638,441,440,546
520,560,638,439,440,551
516,549,653,437,448,538
524,557,653,427,443,545
516,561,639,438,446,547
508,556,646,436,446,542
524,546,653,439,435,543
522,548,654,438,441,537
526,551,649,440,432,549
525,556,652,431,447,548
516,562,634,436,443,542
526,556,653,435,447,546
525,558,651,428,440,546
520,562,637,440,443,550
515,562,639,437,443,544
524,558,656,426,442,549
522,561,653,427,445,545
528,558,642,438,441,549
523,550,650,425,440,546
524,556,650,434,434,548
516,552,650,435,448,541
530,547,650,441,434,545
515,560,644,434,445,544
508,557,648,435,444,543
525,564,652,425,441,547
525,562,633,433,443,547
528,545,652,438,435,545
525,563,654,426,443,546
518,546,652,439,442,537
520,561,637,437,443,551
516,557,649,436,447,540
524,553,649,436,435,545
527,557,641,439,442,549
526,559,642,439,441,549
515,562,642,435,443,546
526,554,648,434,435,546
528,552,649,440,433,546
527,558,639,438,442,548
525,560,653,427,444,545
529,554,647,435,433,549
529,550,648,436,433,546
524,544,654,439,437,542
519,551,651,429,438,539
525,546,652,440,434,543
522,549,653,435,444,539
525,546,653,442,436,540
526,560,654,426,445,546
525,563,652,427,443,547
526,560,655,426,445,546
526,560,640,439,442,548
517,550,648,434,446,540
515,562,641,436,446,544
518,563,636,439,441,551
521,561,637,439,442,551
528,554,649,435,434,547
517,552,652,435,448,540
526,560,634,432,442,545
517,547,655,438,443,539
510,561,639,436,443,546
529,556,645,436,433,548
515,562,646,435,446,543
517,562,640,435,445,548
522,548,651,437,446,539
527,558,650,431,444,545
519,555,647,434,445,535
527,562,652,420,434,549
526,559,640,439,445,547
528,556,649,431,441,546
527,561,656,423,446,547
529,558,646,435,444,545
526,558,650,434,431,550
512,556,652,433,445,538
517,566,654,424,439,544
526,568,656,422,444,547
523,572,649,427,432,549
515,564,642,430,439,536
520,569,654,432,444,537
516,584,640,433,441,548
520,567,656,432,441,538
528,583,645,424,432,542
529,590,646,425,441,542
526,583,650,435,429,545
515,593,647,422,443,534
518,584,654,430,439,536
521,607,640,430,439,548
523,592,651,431,431,541
523,606,651,425,430,548
524,609,658,423,443,544
517,616,642,429,439,551
515,604,655,431,443,537
524,602,649,426,443,540
523,604,655,429,436,538
526,615,652,418,444,541
518,619,640,431,437,547
529,613,647,432,441,547
520,609,641,425,436,545
526,603,653,432,430,546
511,618,650,427,444,540
515,607,656,432,440,538
526,611,652,430,429,546
526,616,650,429,439,548
525,606,648,425,432,540
520,620,655,421,439,546
522,620,655,418,437,547
515,621,643,429,441,546
521,618,651,424,429,548
528,615,649,430,439,547
514,603,648,427,441,537
527,605,655,435,431,542
508,621,643,430,442,546
515,608,656,429,439,538
521,618,652,427,431,549
527,617,653,428,443,545
526,607,645,433,441,548
516,619,641,430,440,547
523,611,652,429,429,549
524,615,650,431,442,547
526,616,650,430,441,546
524,600,656,431,439,540
513,607,654,429,444,539
520,620,654,426,435,548
524,617,655,425,433,549
524,613,652,425,436,548
523,620,657,422,441,546
527,616,647,435,441,544
524,618,643,435,440,551
514,620,648,431,443,545
526,613,652,429,434,550
526,615,652,427,442,547
513,614,649,432,443,542
513,620,641,436,442,546
527,612,653,432,433,549
525,614,649,431,442,548
526,601,654,435,433,542
516,606,649,432,439,536
525,613,654,431,431,550
524,619,659,421,445,546
528,614,655,431,444,549
518,619,641,433,436,546
514,612,650,429,446,542
522,618,641,435,442,547
516,611,654,431,444,540
516,611,651,432,443,541
516,608,655,428,446,541
527,614,650,427,447,549
526,616,649,434,441,549
518,617,653,429,433,549
528,607,654,433,432,547
523,617,656,421,444,548
516,614,649,431,446,545
526,616,658,422,445,546
523,615,657,419,445,547
528,599,656,438,430,540
525,616,654,429,436,552
517,617,636,425,445,544
519,602,654,430,447,540
516,612,649,431,445,545
516,607,643,433,443,549
527,602,657,430,446,547
525,601,658,427,439,550
528,595,650,431,441,548
524,596,659,421,446,548
522,579,654,437,435,545
515,585,653,432,448,542
525,565,655,436,438,542
529,564,654,439,432,545
523,580,658,418,442,548
521,574,644,438,441,549
514,575,645,435,448,545
512,559,655,435,444,540
508,562,651,432,445,539
513,568,649,433,446,543
522,566,657,425,445,544
515,569,656,423,443,547
516,553,654,437,437,539
520,567,657,425,447,542
521,553,655,438,435,539
515,557,651,433,432,543
520,548,656,436,441,535
519,547,653,436,433,540
510,553,649,432,445,536
518,551,653,427,439,543
507,547,648,433,443,538
509,541,650,434,443,536
519,542,654,421,442,539
512,528,655,438,440,531
518,531,653,425,438,539
517,527,653,432,434,540
511,531,656,426,437,539
517,529,659,428,441,531
521,531,645,440,440,540
514,521,656,437,438,529
507,531,649,438,442,534
520,529,648,435,443,536
519,516,651,441,430,534
518,517,655,439,435,530
510,526,649,433,444,531
513,526,644,437,441,537
516,513,652,440,434,536
518,526,655,439,441,528
507,526,639,439,435,538
510,518,650,437,444,529
516,524,651,427,434,535
513,502,638,435,440,528
509,525,638,437,443,532
518,519,645,444,429,535
519,524,635,442,437,538
518,525,650,428,443,536
517,526,648,430,439,536
518,527,648,429,441,537
523,522,650,430,444,537
510,529,635,438,442,537
520,530,646,432,435,539
517,511,645,435,445,529
523,525,637,441,440,540
523,505,644,440,443,528
521,523,646,437,442,536
521,512,648,441,431,536
515,511,642,438,444,531
518,528,632,441,437,540
521,527,650,429,444,536
512,528,633,438,443,537
513,521,644,438,443,527
520,512,642,444,431,537
514,523,640,438,445,530
519,527,646,432,438,539
524,513,640,443,424,533
515,525,632,439,442,535
523,518,643,438,431,537
523,511,634,442,437,539
519,507,646,439,441,529
524,505,643,438,440,525
515,518,632,438,442,540
523,507,647,442,440,530
523,510,647,427,442,536
518,503,644,438,444,529
519,521,644,432,437,539
510,504,644,430,442,535
521,512,637,438,425,536
518,520,633,443,439,541
517,520,645,430,436,541
512,512,643,436,447,531
512,511,635,437,443,539
519,519,649,429,444,539
521,517,641,435,442,538
521,525,647,431,441,538
519,518,646,429,439,539
522,517,645,444,429,539
522,526,644,434,444,539
520,526,644,434,431,541
520,533,647,431,445,541
515,521,650,440,441,531
519,539,649,423,446,534
515,521,652,439,442,532
523,537,646,441,430,539
520,536,652,429,446,539
523,543,647,443,430,540
519,549,654,431,444,541
523,536,651,442,434,538
511,551,643,437,441,538
519,558,648,432,434,533
519,546,654,441,441,543
521,559,650,435,441,541
518,562,640,439,439,545
518,550,654,439,436,532
520,567,642,442,438,544
518,554,656,431,435,535
520,569,655,428,438,542
523,566,651,433,443,542
520,565,651,429,438,537
519,571,652,433,435,544
524,572,643,440,442,543
515,576,637,443,442,542
511,569,654,437,443,534
524,566,654,441,432,541
524,578,651,437,442,544
519,578,659,431,444,541
519,585,655,429,442,541
522,582,652,433,433,545
511,577,655,437,445,536
521,574,657,437,437,535
513,579,654,436,445,535
523,580,651,441,428,543
525,585,653,442,431,543
522,577,655,441,439,537
520,595,652,423,440,544
526,579,653,440,433,542
523,583,652,437,433,541
527,590,645,442,443,545
525,590,652,435,441,544
525,581,652,442,432,543
514,583,653,437,445,534
523,569,649,440,434,538
525,579,654,441,433,539
512,595,641,440,443,544
527,588,652,440,445,544
525,591,645,439,441,546
515,584,654,435,447,535
524,576,656,442,438,540
524,579,654,443,432,541
524,585,653,438,433,545
519,592,655,427,443,544
524,579,650,434,439,532
512,596,641,438,443,541
526,583,651,444,433,546
521,591,651,431,445,545
519,594,641,443,442,548
519,592,654,430,443,544
524,589,658,433,446,544
522,592,653,436,435,547
523,579,655,441,436,541
519,591,641,442,444,548
528,581,653,443,432,544
523,577,655,441,436,540
519,594,641,442,441,547
517,580,655,439,444,535
514,582,656,439,444,536
523,590,656,433,447,543
523,596,656,428,443,544
523,590,652,435,434,548
512,584,653,436,442,538
522,593,655,428,446,545
522,589,656,436,447,543
523,581,653,431,441,543
519,594,658,428,444,543
523,590,653,433,447,545
517,586,653,441,446,534
522,579,656,443,439,537
507,594,643,437,446,544
523,589,653,433,437,547
522,591,650,431,446,543
526,576,655,441,443,545
516,594,648,438,433,544
520,593,657,430,438,547
530,591,648,439,444,545
520,594,655,427,446,544
525,590,654,435,447,541
512,584,653,439,447,537
513,582,655,436,447,536
520,590,641,440,442,547
518,581,650,439,447,536
522,592,641,443,444,546
524,591,656,429,446,543
523,578,657,444,434,538
520,594,654,430,441,545
525,592,655,430,443,546
524,591,654,434,447,543
516,592,640,440,445,545
511,595,641,440,443,545
522,577,657,444,440,537
525,588,655,430,448,545
521,589,651,437,434,548
518,583,654,439,443,536
513,585,650,436,448,537
526,576,653,443,432,542
527,590,647,441,444,547
527,588,653,438,433,545
525,576,653,442,436,542
524,594,652,432,438,545
513,583,652,437,446,537
519,593,640,441,442,546
518,587,650,439,445,546
521,591,643,444,441,547
517,596,635,434,443,540
527,584,652,439,434,545
524,591,652,429,439,547
516,583,654,439,448,536
525,579,655,437,429,541
524,587,652,435,436,546
520,582,656,440,446,537
528,578,650,442,436,539
526,590,659,427,446,544
525,587,652,444,433,546
522,594,652,429,442,547
512,591,647,439,447,540
523,592,658,431,441,543
529,578,654,443,436,542
519,592,635,441,439,542
521,592,657,422,441,545
526,590,653,436,435,547
512,591,648,436,447,541
524,592,657,431,444,545
522,590,651,432,438,546
514,590,646,437,447,542
518,595,642,440,446,548
524,589,645,441,444,547
515,585,653,437,447,536
525,591,657,429,447,544
520,596,656,429,439,546
529,584,652,442,435,546
513,587,654,436,449,538
515,585,654,438,449,536
526,588,652,435,450,544
529,592,644,443,438,549
525,587,653,440,440,547
516,596,644,440,444,546
528,587,655,434,449,545
522,579,657,440,444,538
520,579,653,443,435,544
523,589,650,439,443,546
530,589,645,438,442,547
525,590,657,430,447,543
518,581,655,440,450,537
520,593,641,442,444,544
527,579,656,440,439,542
515,584,651,438,445,539
515,585,647,439,443,534
520,584,656,441,448,537
523,594,654,429,445,545
528,573,653,443,436,544
524,589,651,434,435,547
520,578,657,438,442,537
512,593,643,438,444,546
522,591,639,443,443,548
518,594,641,436,445,545
528,587,648,438,448,546
516,590,640,443,444,546
521,589,656,428,446,544
524,586,656,427,445,546
518,570,656,441,447,537
515,572,649,432,443,542
521,567,658,440,441,538
525,579,658,429,448,545
528,574,652,435,434,548
514,575,646,437,446,542
522,564,655,437,443,538
526,572,647,441,443,548
519,574,634,433,445,543
527,566,652,438,445,546
528,553,652,440,434,544
518,565,641,442,445,551
525,556,645,441,443,547
524,553,656,430,447,544
521,536,655,440,439,538
523,547,644,441,443,547
524,548,652,432,436,547
515,537,653,436,449,537
521,543,642,441,442,549
525,538,650,439,443,546
525,532,653,437,434,545
517,539,642,441,448,546
512,531,650,440,447,539
519,522,658,440,446,536
526,536,651,441,434,547
526,530,659,433,445,545
521,535,647,441,442,547
523,533,657,429,446,543
524,518,657,439,442,537
523,530,655,435,436,548
528,531,643,443,443,546
521,527,657,427,445,545
529,524,646,438,444,543
528,515,655,433,436,546
521,505,651,438,447,540
517,518,644,437,446,546
514,507,641,442,448,546
522,495,651,438,448,536
526,496,658,440,448,537
527,508,654,436,448,546
527,503,651,442,437,542
529,503,658,443,443,538
515,502,648,439,449,544
518,513,658,429,450,545
528,509,661,429,448,543
529,502,658,423,443,546
523,513,646,444,443,549
523,508,650,436,432,544
524,514,644,442,441,549
524,517,659,429,445,546
522,516,659,429,447,545
529,512,644,433,445,542
522,515,653,430,442,546
526,513,644,443,444,548
528,510,659,430,449,543
527,498,657,440,448,536
520,505,659,441,441,541
523,511,654,432,443,547
528,505,654,435,448,545
526,505,659,430,450,545
516,511,642,443,445,549
521,504,648,440,436,545
528,485,657,439,444,541
527,500,657,430,435,544
524,503,654,441,441,541
529,505,657,428,448,545
515,512,642,439,447,543
511,508,644,442,445,548
515,505,640,440,438,548
528,507,658,428,448,544
527,497,659,420,442,545
515,507,643,436,448,543
525,511,654,436,439,548
522,513,654,430,441,545
527,489,656,430,438,537
524,497,657,438,447,538
520,513,656,428,440,545
525,504,656,439,439,538
524,511,653,440,435,543
527,508,656,441,438,542
526,499,657,438,447,536
524,514,659,425,445,544
525,501,653,434,449,546
525,511,654,430,441,548
513,516,647,438,449,540
527,511,659,426,446,546
523,516,660,427,448,546
524,503,657,439,443,535
522,514,658,425,447,546
527,515,644,441,444,547
519,509,650,438,448,548
520,514,658,434,447,545
523,516,655,427,441,547
526,493,655,430,442,536
516,513,649,435,448,542
525,513,644,440,445,547
527,503,654,436,448,537
518,519,640,437,445,546
527,514,651,437,433,546
526,518,658,427,445,546
527,511,658,427,445,544
517,518,646,436,444,544
527,503,655,436,446,537
515,512,651,438,448,540
525,515,643,439,442,550
519,514,659,425,446,546
525,504,652,434,440,552
520,514,652,431,437,549
516,516,642,437,445,545
519,500,654,440,448,535
514,517,640,439,446,546
527,511,657,440,434,542
527,501,658,437,444,539
521,517,657,425,442,547
528,512,651,439,435,549
522,517,649,437,443,547
524,522,652,432,438,548
517,523,649,434,445,541
516,524,651,434,448,543
525,524,658,425,445,545
525,525,656,425,442,547
524,525,657,425,447,544
523,525,643,440,441,549
517,521,643,438,445,548
528,527,652,427,435,548
520,531,641,437,444,549
527,519,656,439,434,539
521,518,659,439,441,539
528,532,653,432,445,549
529,538,646,439,441,549
523,541,655,425,445,548
529,540,651,434,443,550
523,547,657,426,440,549
528,533,645,432,443,547
526,548,643,438,439,550
530,541,653,430,434,547
527,543,651,433,432,548
524,557,654,423,437,549
524,559,643,434,439,547
515,555,655,421,445,545
518,562,647,430,443,544
527,555,651,428,430,551
526,569,652,417,438,549
521,572,641,428,441,551
524,558,654,431,432,541
530,570,638,431,439,551
532,555,655,432,430,546
533,571,656,423,442,547
526,576,655,418,442,547
518,561,657,428,438,542
528,561,655,434,436,541
527,574,652,420,435,551
532,567,655,431,432,546
525,582,653,419,440,550
515,582,644,427,443,545
528,570,656,429,437,541
527,585,655,421,445,545
518,582,646,427,445,544
515,579,653,428,444,540
527,591,638,433,441,549
530,580,651,431,431,549
516,592,641,423,437,548
518,594,642,429,442,547
521,579,655,430,442,539
527,588,652,427,434,551
518,587,647,430,441,545
531,580,653,432,433,546
527,590,652,426,432,549
526,587,652,427,433,551
527,592,656,420,445,548
526,596,655,419,438,548
520,584,655,432,444,540
517,597,640,432,442,549
526,587,656,415,438,548
521,584,656,432,441,538
520,584,653,430,445,538
518,596,645,429,444,543
518,596,647,429,443,545
530,597,659,415,436,547
528,594,645,432,443,549
530,598,644,435,441,550
518,596,647,429,448,543
517,594,647,432,447,544
520,602,640,433,445,550
522,595,658,423,447,549
531,595,649,433,443,550
525,600,655,423,447,549
529,598,658,422,448,548
528,594,657,424,447,547
528,595,654,427,436,552
528,598,654,422,441,550
530,583,652,436,434,547
527,598,641,435,444,552
527,600,656,417,449,545
529,580,647,438,428,543
527,597,641,434,443,550
513,595,645,431,446,549
525,585,655,433,445,540
525,594,651,431,444,550
528,599,658,422,447,549
530,586,654,437,435,547
531,597,652,429,445,541
530,597,657,423,447,551
524,601,642,432,442,550
532,588,653,433,436,547
528,596,658,424,447,549
522,601,640,433,444,551
521,598,652,431,448,544
529,601,655,422,449,549
524,603,642,434,444,551
530,602,646,435,444,551
530,591,649,432,436,551
533,599,644,436,446,551
520,591,653,430,447,541
532,602,643,436,445,548
525,601,641,434,443,551
528,603,656,420,443,549
520,594,646,431,446,547
521,590,653,432,448,542
532,600,645,434,444,551
523,602,644,435,444,553
530,601,643,436,444,553
532,600,657,425,448,548
518,590,650,432,447,545
526,604,641,431,444,552
531,596,652,431,434,550
525,595,654,436,435,548
521,604,644,430,446,550
527,605,640,435,446,552
531,588,658,434,439,543
530,607,651,422,434,547
528,607,658,423,447,548
530,601,651,432,446,550
532,591,651,436,435,548
530,605,657,422,445,550
526,600,648,432,446,547
529,603,651,429,435,552
530,594,650,432,434,551
531,600,653,432,434,548
521,606,643,435,444,550
524,600,652,429,434,550
531,595,652,435,435,549
532,592,655,435,435,548
531,590,657,434,441,542
517,602,647,432,448,545
529,604,653,429,435,551
528,588,656,439,441,542
527,607,657,423,447,548
524,594,656,434,446,542
532,603,646,439,442,550
532,600,657,424,447,549
523,602,643,433,444,551
532,588,656,436,438,546
530,601,643,434,447,552
527,592,659,433,448,541
522,605,642,434,444,550
527,605,655,423,440,551
528,603,652,429,440,552
533,601,647,435,445,552
528,605,655,424,445,549
527,604,651,428,438,551
521,594,652,434,444,548
530,603,657,418,444,550
528,601,657,425,441,545
528,605,653,427,440,552
519,595,653,433,450,541
530,601,658,430,447,550
519,604,647,424,448,547
523,599,641,434,446,550
531,588,656,438,436,545
520,604,640,436,445,541
525,592,656,434,444,541
524,607,642,432,445,550
524,608,636,428,447,546
518,601,647,436,448,547
523,608,642,434,445,550
531,587,655,437,438,545
531,601,652,432,446,549
527,606,643,437,446,552
529,588,657,436,437,547
530,601,655,427,447,550
527,602,646,436,446,549
535,601,651,432,445,552
517,602,649,433,447,543
525,604,645,437,443,551
524,607,641,436,445,548
524,606,643,434,446,553
529,606,658,423,445,547
529,601,652,442,434,549
522,593,656,435,445,540
524,607,640,435,443,550
520,610,642,433,443,549
524,611,642,433,440,551
526,609,658,423,443,546
521,610,657,418,443,542
514,607,652,424,439,537
520,596,658,427,431,535
523,614,659,417,437,542
516,615,655,414,429,540
510,619,643,424,430,542
519,601,656,427,424,532
517,606,656,427,420,537
505,620,649,422,432,535
513,621,653,426,421,538
515,605,658,424,429,534
512,605,660,428,429,527
508,609,657,425,432,527
516,624,644,429,428,537
513,607,660,426,428,526
503,620,652,423,433,530
511,613,658,419,428,526
512,625,643,427,429,536
513,624,661,416,432,536
515,601,657,429,427,527
519,613,657,429,421,533
520,617,655,429,419,536
516,623,643,431,429,539
506,623,653,424,432,529
519,621,653,426,429,536
514,618,656,420,424,537
511,611,659,426,432,527
512,629,653,417,428,539
510,610,654,428,436,529
521,622,648,427,432,538
519,623,660,417,435,537
516,625,659,419,434,537
512,610,659,432,428,528
518,621,656,425,433,537
517,625,655,421,427,540
516,625,656,429,423,541
517,622,660,419,437,539
516,622,652,428,426,542
511,624,644,430,434,540
510,609,657,431,437,533
519,611,654,429,435,541
512,611,644,434,434,540
511,606,648,429,436,540
520,589,657,433,427,536
520,593,654,429,427,541
521,578,658,434,427,535
519,583,655,424,439,538
516,580,661,427,433,532
515,590,656,418,426,544
521,588,654,433,424,543
511,575,652,431,438,532
512,590,645,434,436,539
516,592,655,419,431,540
520,589,659,421,438,541
518,589,655,424,431,542
517,587,660,421,439,539
518,572,659,435,433,532
518,584,660,424,434,540
513,584,644,435,437,542
509,583,649,433,435,543
521,581,647,436,430,544
521,570,653,432,440,536
516,577,644,437,437,540
512,568,639,436,431,542
511,565,653,434,441,533
513,570,643,438,436,542
522,560,658,430,438,541
524,558,652,438,436,542
518,553,655,432,426,540
520,537,655,440,432,537
512,542,656,435,439,531
523,531,656,439,426,535
511,534,655,427,436,531
525,522,658,440,430,532
516,535,643,433,431,541
524,519,653,439,430,527
521,529,655,432,432,538
513,521,651,437,440,527
524,528,658,426,438,534
525,517,652,438,437,534
523,507,653,435,439,527
523,519,659,426,440,531
521,519,657,436,428,535
525,503,658,438,440,528
525,502,655,435,439,524
527,504,661,438,435,525
525,512,657,426,434,534
525,499,659,439,436,523
526,510,651,430,434,534
525,504,659,429,441,532
517,508,648,439,437,534
514,512,646,438,439,534
526,499,658,433,436,532
528,504,660,426,440,533
523,488,659,438,440,522
522,500,657,430,441,532
520,499,661,424,441,533
524,501,655,433,428,536
524,495,658,435,431,530
525,497,659,429,440,535
523,485,658,434,439,525
521,493,655,429,431,538
521,500,652,433,440,536
526,500,649,431,439,539
527,486,660,436,436,525
522,503,650,433,428,533
517,502,649,436,438,538
526,498,662,423,442,533
513,503,644,438,439,539
524,488,661,435,438,524
523,497,651,437,424,532
524,497,658,430,440,536
521,505,654,433,439,539
527,502,659,427,444,537
511,505,646,434,436,540
522,504,659,430,428,536
526,500,662,417,444,533
523,491,660,434,438,528
514,505,653,429,432,540
518,491,652,430,442,533
513,498,644,431,440,536
527,501,662,422,442,534
522,489,655,434,442,530
518,493,650,423,438,541
525,497,660,434,436,528
520,506,653,432,441,537
512,508,649,437,439,540
524,500,660,436,437,530
520,502,660,427,443,535
515,502,646,435,440,535
514,497,651,432,442,534
515,504,662,422,445,535
523,505,658,437,429,535
523,507,655,435,429,537
511,508,646,437,438,538
523,509,647,437,436,539
510,507,657,431,440,536
524,504,659,425,438,537
528,499,662,430,436,529
520,506,650,429,434,539
525,503,656,424,444,535
521,507,654,439,428,537
514,508,645,438,440,540
522,505,660,423,443,537
524,504,660,423,440,536
526,492,661,436,440,529
512,511,645,437,434,539
521,510,656,434,431,537
524,493,656,434,445,529
524,502,661,424,446,537
520,508,652,437,439,541
514,507,655,437,429,536
522,508,656,430,433,541
524,505,661,438,433,534
526,503,659,425,443,537
521,504,657,425,439,538
525,505,661,425,443,538
520,496,660,438,438,531
515,513,647,439,442,541
524,497,660,436,440,530
518,501,655,436,445,532
515,511,647,435,444,539
523,516,659,430,444,538
524,513,654,441,431,539
519,526,645,437,441,541
522,527,660,427,442,540
520,517,661,438,441,531
514,525,654,437,443,531
522,523,656,438,429,539
515,528,658,439,442,531
522,532,658,420,434,541
521,535,660,431,444,540
516,538,656,430,435,542
516,529,657,437,440,531
517,537,660,425,444,538
509,541,646,438,443,539
521,539,645,439,439,541
528,524,659,441,438,534
526,539,656,435,444,539
519,535,657,436,431,543
523,542,661,425,443,541
514,533,657,435,446,534
528,536,656,435,443,541
528,538,651,428,443,539
526,536,657,429,442,540
524,536,647,438,441,544
515,541,647,436,445,537
518,540,646,439,439,541
521,526,656,440,431,539
525,527,658,441,433,533
510,537,645,440,432,541
527,528,656,443,429,539
524,537,660,439,437,537
523,525,659,440,436,534
524,535,656,435,434,544
522,539,645,444,441,544
527,535,661,432,445,540
526,534,656,439,431,541
524,540,659,426,441,542
516,535,645,438,443,540
528,536,654,440,437,535
519,533,659,440,441,532
516,537,655,435,444,535
515,546,653,435,444,542
515,551,648,441,443,543
517,538,659,439,440,533
518,554,643,439,441,545
526,546,656,443,432,540
527,560,663,428,444,540
517,564,646,438,442,540
517,568,645,435,443,541
516,556,653,437,444,534
516,571,661,426,432,542
523,576,656,426,435,543
527,576,647,438,439,543
526,576,655,436,432,541
520,571,659,436,442,532
528,583,652,437,442,542
528,587,647,438,438,534
527,587,662,436,441,539
528,582,656,438,429,536
524,590,652,441,439,539
519,591,650,438,445,531
514,596,649,439,440,536
527,590,656,435,442,535
527,587,656,439,429,536
524,598,658,432,435,536
527,593,655,435,441,536
523,599,657,429,436,539
518,584,660,439,445,530
515,591,647,437,440,528
527,591,654,441,439,542
516,597,643,440,444,528
527,595,661,429,445,537
523,597,643,444,439,540
523,581,660,441,437,532
526,591,653,441,429,533
523,582,661,442,440,529
528,587,648,441,440,534
523,597,658,434,437,542
526,583,658,442,436,532
520,583,659,441,442,529
526,602,644,440,445,536
515,588,660,438,444,529
516,591,656,439,446,531
527,593,655,439,431,533
523,597,645,443,442,541
524,598,659,429,443,539
529,575,655,442,429,534
520,598,644,439,443,541
516,600,644,438,444,536
518,588,658,439,446,532
525,598,659,430,442,540
521,586,657,444,434,536
531,593,651,440,441,540
524,598,657,435,438,542
515,586,657,440,444,531
517,590,647,435,437,543
528,592,655,442,432,545
527,587,657,441,433,540
526,581,659,439,446,535
530,591,657,433,445,539
526,596,660,433,446,538
527,597,660,430,446,539
529,587,655,442,432,540
519,601,646,441,444,541
528,595,653,439,445,535
518,585,659,440,447,531
522,594,656,436,435,542
526,595,645,441,442,543
518,600,645,440,444,541
528,589,654,443,434,540
529,593,645,441,442,543
524,593,660,428,444,541
529,588,661,430,447,541
524,571,658,442,440,534
529,585,653,438,444,541
517,580,655,438,448,533
527,582,657,435,438,544
525,587,658,432,438,541
526,584,656,430,441,543
527,567,655,441,438,540
524,582,647,443,441,545
529,580,644,444,442,542
524,557,659,441,444,533
516,569,651,443,435,534
526,568,653,436,445,539
518,566,657,438,445,534
528,561,654,438,445,533
524,564,654,432,438,543
528,558,660,434,445,539
524,561,658,443,436,538
520,543,659,441,444,534
525,537,659,444,441,544
516,552,645,440,446,541
530,550,655,441,443,540
516,544,652,437,444,543
520,531,658,443,438,533
524,545,645,443,442,542
529,542,651,441,444,540
525,543,660,430,447,539
524,529,660,440,439,531
516,540,648,430,447,539
524,542,647,443,443,541
522,544,649,441,442,541
523,528,661,441,442,531
517,540,658,440,447,531
519,553,644,438,446,540
514,555,642,440,447,541
525,539,659,442,437,533
524,558,660,430,444,539
529,552,649,441,441,540
527,544,648,439,443,540
524,556,645,440,441,541
529,547,653,441,442,542
528,543,657,442,440,539
527,553,656,443,433,540
528,556,663,429,449,539
515,554,651,437,447,530
529,553,653,437,434,540
527,556,647,444,441,542
516,557,653,439,448,536
528,560,656,435,446,540
524,561,660,430,443,541
525,549,656,429,432,543
523,544,661,440,441,532
519,560,643,441,445,542
529,556,651,441,443,541
523,545,656,430,442,541
522,561,644,442,443,544
518,558,658,435,443,546
521,547,659,440,445,537
529,546,644,440,437,539
527,544,656,442,435,535
527,551,655,436,430,544
527,554,659,433,448,540
525,561,656,431,440,543
531,543,661,441,442,536
517,555,647,446,443,542
515,553,656,431,444,534
516,555,654,439,445,534
517,550,655,437,449,534
527,554,661,445,433,542
528,558,649,439,444,545
510,555,652,440,448,536
522,549,655,438,435,545
526,541,658,441,441,536
530,555,659,434,446,543
529,544,656,432,448,531
529,559,644,444,445,544
516,562,645,442,446,535
520,545,660,436,446,540
530,547,650,442,443,543
516,555,653,438,446,537
528,542,660,442,441,534
529,556,660,432,447,541
525,547,661,445,439,536
531,551,658,440,433,542
528,557,656,443,446,540
526,549,660,442,443,534
522,557,660,441,445,534
522,563,645,445,444,546
525,549,660,444,439,536
528,550,658,447,435,541
528,562,659,436,447,541
524,568,657,431,442,544
516,560,656,439,448,537
516,561,651,440,443,532
523,552,659,444,438,534
528,554,660,443,440,538
519,568,661,430,447,541
512,565,653,439,446,538
526,566,656,443,441,536
524,569,644,444,447,547
523,570,660,429,444,538
529,566,651,439,446,546
523,572,643,444,443,546
529,558,656,441,435,543
531,561,654,436,436,540
531,570,649,439,442,546
530,561,646,443,439,542
530,568,652,445,443,544
521,572,645,444,445,544
533,568,655,440,445,543
526,561,659,432,446,541
517,564,657,439,449,535
526,571,660,429,446,543
524,572,660,433,441,546
522,572,643,446,443,545
526,573,654,431,443,545
526,566,654,442,447,544
523,572,660,429,445,544
517,572,645,445,448,540
516,573,642,440,447,548
522,572,644,446,442,548
522,569,657,440,433,545
528,573,658,432,441,545
517,558,651,433,445,541
530,570,659,435,448,540
518,572,647,441,447,544
517,573,644,441,444,543
517,569,650,440,449,536
528,569,661,434,446,543
522,558,659,443,444,534
531,559,657,444,435,542
522,574,645,442,445,545
525,570,661,428,447,542
531,557,655,443,434,542
526,557,660,443,437,539
526,571,660,431,448,541
518,574,644,441,439,545
520,574,643,444,441,545
518,576,645,439,446,544
518,561,661,440,449,536
531,565,647,444,436,539
530,571,656,438,446,545
516,572,652,440,443,541
524,572,656,439,435,546
530,572,659,438,450,544
531,571,655,442,444,547
525,572,654,438,435,547
531,575,650,441,444,545
529,567,650,444,430,542
528,571,659,432,446,543
530,579,643,444,443,546
528,572,653,433,448,541
523,562,656,447,435,541
519,576,647,443,445,545
524,561,661,443,444,536
529,566,656,442,434,543
531,562,658,444,437,541
526,578,656,433,444,544
525,574,658,435,437,548
524,561,660,446,442,537
519,579,646,439,446,543
526,553,659,446,438,539
522,563,659,436,446,534
530,575,643,438,444,543
516,572,655,438,448,539
523,577,660,432,444,546
532,562,657,443,438,540
528,575,661,434,450,542
528,564,658,437,448,542
531,565,657,445,435,543
532,575,648,446,444,546
520,563,661,444,442,536
524,554,660,438,445,536
528,560,660,445,441,537
527,560,658,435,450,544
518,578,646,441,447,545
520,562,655,444,440,532
530,577,648,444,443,549
528,573,657,438,447,545
528,574,662,443,435,546
517,570,655,441,448,535
512,566,659,441,444,538
525,578,646,445,443,549
515,585,651,433,443,539
517,587,660,431,443,544
528,574,654,436,442,544
531,584,654,441,435,546
525,589,659,429,445,544
521,570,660,440,442,535
512,591,646,439,445,547
514,590,655,438,446,538
523,576,660,441,446,540
524,591,655,431,438,541
522,597,644,443,438,542
526,582,655,442,432,538
526,590,649,434,431,536
517,592,646,443,442,535
529,590,648,443,440,533
523,592,661,429,443,532
516,578,659,441,436,525
530,590,648,443,438,536
528,582,655,445,429,532
528,589,646,447,436,534
526,591,646,445,435,534
527,589,654,437,437,532
524,590,658,430,439,530
524,595,659,431,438,530
520,593,646,442,438,529
525,592,655,434,434,531
516,591,652,441,439,524
532,589,648,443,436,532
527,585,657,444,427,531
519,581,657,445,438,521
521,576,659,444,433,522
514,593,651,434,437,528
523,593,656,433,435,531
528,569,657,448,431,526
533,590,652,443,440,531
523,577,659,444,438,523
526,595,656,435,433,533
518,587,655,442,442,524
526,576,660,443,437,523
525,595,660,427,431,533
529,578,658,447,427,530
524,582,657,443,439,523
523,585,659,443,438,525
523,593,646,444,438,535
516,585,656,441,440,525
527,592,660,433,441,531
517,590,650,441,442,529
527,590,654,439,437,532
523,594,655,436,434,534
528,591,652,447,437,533
524,595,651,431,436,532
523,595,656,434,439,534
529,589,657,440,440,534
521,580,660,445,440,527
528,591,652,445,439,532
525,592,662,432,443,534
525,580,652,444,429,537
530,576,658,445,433,531
529,585,658,439,444,536
527,584,661,433,444,534
527,581,653,440,435,538
527,582,657,436,438,538
529,578,647,446,438,537
527,573,654,442,431,538
516,575,656,447,431,533
525,574,662,435,444,536
527,572,661,437,447,531
523,571,658,438,446,535
529,567,658,437,446,534
529,570,653,447,444,537
529,567,650,445,443,538
520,555,660,444,444,529
517,567,648,445,444,534
526,568,659,435,441,538
518,558,657,443,446,529
522,561,657,442,444,527
521,565,646,446,442,535
519,563,658,435,439,537
517,564,643,440,444,535
520,563,645,445,443,536
530,556,649,446,442,536
527,558,656,440,433,537
527,551,644,441,439,535
531,553,654,447,432,534
525,555,656,438,431,533
518,550,655,442,445,529
517,551,650,442,444,525
530,553,656,442,432,533
522,555,659,431,442,531
521,555,658,441,441,530
525,555,657,428,439,528
531,545,655,444,431,527
516,542,654,443,444,523
530,543,660,434,445,528
530,538,660,438,441,528
523,522,654,442,437,517
525,545,656,446,442,529
529,544,659,433,443,528
525,543,659,434,442,528
516,538,651,442,444,524
532,539,654,443,441,530
530,538,655,444,432,527
521,536,660,442,444,520
529,541,659,435,444,525
530,546,642,447,439,533
530,542,655,439,442,527
527,531,660,446,439,519
531,543,650,443,438,530
532,531,659,446,430,525
520,539,647,443,439,531
523,537,658,441,441,520
529,540,658,441,442,529
528,539,647,442,434,531
532,540,655,442,442,532
531,544,646,447,440,530
533,545,644,438,439,527
529,544,656,442,433,532
525,549,658,428,433,530
535,546,655,444,439,530
520,550,647,443,441,527
525,534,656,449,434,522
528,547,660,434,444,527
532,538,656,441,434,524
532,543,656,448,428,531
531,545,658,440,443,528
530,550,656,442,433,531
532,545,650,443,440,530
528,550,661,427,439,529
531,546,652,443,441,529
532,548,660,435,443,528
530,551,658,430,439,531
522,552,644,446,441,531
522,552,642,446,439,530
529,547,661,435,444,528
534,547,650,446,440,530
513,548,660,439,440,521
527,543,659,435,439,530
531,546,654,440,443,531
530,539,654,445,432,531
524,542,643,447,439,533
527,526,658,452,436,525
520,540,658,444,439,523
533,539,657,449,432,527
530,550,660,438,444,529
524,553,658,439,436,534
524,557,645,448,441,534
519,557,661,435,440,534
521,539,653,444,445,524
521,557,651,446,440,533
520,559,646,444,442,531
526,560,654,441,431,533
523,564,645,445,440,536
521,564,644,446,442,534
523,548,661,447,436,525
528,547,658,447,435,527
517,561,651,443,446,528
523,571,645,445,441,535
527,551,659,446,436,527
530,553,658,450,436,531
528,553,660,445,439,526
529,565,656,445,432,535
528,562,655,447,430,535
528,572,660,434,440,533
527,553,662,448,439,526
522,553,655,444,441,525
518,567,653,444,446,527
529,562,658,445,433,533
518,568,653,443,444,528
518,574,652,443,444,532
525,575,646,447,445,536
530,571,648,447,443,536
529,571,655,440,433,538
517,571,652,442,446,531
525,572,655,434,439,535
525,565,660,448,434,533
526,581,660,435,446,535
517,585,646,443,444,537
525,581,654,435,440,536
527,590,662,435,446,536
530,587,659,446,438,528
522,585,641,443,444,539
529,592,660,435,445,535
528,592,647,444,443,539
531,590,655,445,441,538
518,592,653,441,446,530
529,595,659,436,447,538
529,574,654,448,434,532
533,595,659,440,446,535
525,599,657,435,439,539
529,586,660,447,435,533
527,602,660,433,446,535
531,581,655,448,433,537
531,597,655,441,443,537
530,591,655,444,443,536
531,599,662,432,446,537
528,601,651,439,429,538
526,590,656,446,432,535
524,589,660,442,443,529
527,607,660,434,441,538
520,600,658,443,447,530
529,605,646,447,440,541
519,598,655,441,448,533
532,601,663,432,445,536
528,604,648,446,444,541
520,602,650,442,445,533
520,602,650,445,442,541
531,600,660,437,447,537
521,602,650,443,445,535
524,591,663,444,441,531
527,605,658,433,440,540
529,589,660,445,440,533
531,587,657,449,438,535
528,604,661,432,442,539
530,576,655,444,436,529
529,585,660,447,437,534
532,597,650,446,443,532
531,597,661,440,447,538
520,604,648,441,447,538
531,593,656,440,433,540
530,587,659,448,437,533
532,586,659,444,439,535
529,590,661,428,444,538
529,599,659,444,442,531
520,600,646,446,442,532
520,583,654,441,449,531
532,583,656,447,436,538
532,598,660,442,446,542
533,584,659,446,447,544
529,593,661,439,445,539
526,591,647,447,443,538
524,587,644,446,445,540
532,582,646,448,444,542
533,576,651,442,445,542
527,576,655,440,436,541
527,565,661,435,447,539
526,566,645,448,445,542
528,564,647,445,444,543
526,553,655,442,446,542
518,560,651,442,446,538
528,555,662,432,448,539
525,542,661,445,447,531
528,553,644,445,443,543
527,554,643,447,443,541
525,542,659,444,446,542
526,558,662,434,443,539
533,546,656,446,436,538
531,550,656,443,436,538
527,558,660,432,444,540
527,553,662,433,448,539
521,549,658,441,445,540
513,561,643,443,447,539
532,548,657,440,438,535
531,556,656,441,447,540
520,551,656,441,447,533
527,562,646,445,444,543
526,561,660,431,448,539
531,556,656,437,447,537
533,551,657,443,435,541
519,554,644,430,446,539
524,548,658,443,437,535
518,547,659,441,443,533
522,550,660,441,444,531
527,564,658,430,445,539
522,563,659,440,434,540
526,563,658,429,445,540
526,563,660,429,446,540
526,564,660,431,443,542
514,560,655,435,450,539
525,552,660,444,444,534
518,561,650,438,446,533
528,565,657,431,440,543
527,559,655,438,435,542
521,562,659,429,447,539
528,563,665,440,444,543
524,551,659,445,443,534
527,539,654,442,441,536
527,564,658,432,441,543
528,558,655,434,431,544
523,563,644,443,444,544
531,562,651,443,443,543
519,561,647,443,444,543
532,551,653,443,436,542
527,562,659,429,448,540
519,562,649,437,448,538
532,558,655,448,437,533
529,561,660,428,449,540
526,558,654,437,448,541
525,550,659,441,447,534
527,565,657,429,444,543
527,562,644,444,445,544
530,566,656,432,446,540
525,567,657,424,438,544
525,565,658,428,448,543
520,566,647,439,446,541
529,565,658,430,443,535
523,549,658,443,443,533
529,563,656,437,437,544
529,561,655,439,446,541
532,556,655,442,437,542
529,566,656,430,448,542
528,563,650,430,441,540
517,562,648,440,447,537
531,566,642,443,447,542
530,540,651,443,432,538
519,559,646,435,449,534
525,564,657,430,444,542
525,564,659,423,437,544
526,549,660,436,444,534
520,564,659,431,446,543
516,565,642,440,446,539
518,560,656,439,450,536
524,549,645,432,449,540
530,562,656,435,449,543
531,561,656,438,438,545
520,567,646,443,447,544
521,564,655,437,441,544
531,561,656,438,448,544
528,564,652,443,445,535
515,565,650,439,448,538
528,565,657,439,447,543
522,552,659,439,442,534
524,571,660,426,443,535
527,568,646,439,433,532
525,567,660,426,448,541
529,557,657,437,432,537
522,573,657,423,439,544
519,560,658,437,444,532
524,570,644,438,442,546
525,568,654,435,433,545
516,568,650,436,444,538
513,571,653,434,445,539
515,566,640,436,441,540
524,573,649,437,444,545
524,572,656,433,447,542
515,572,650,437,447,537
523,575,657,429,439,545
528,570,653,438,443,544
524,577,655,429,437,545
529,575,654,426,444,543
530,573,660,429,449,540
516,573,653,438,446,535
521,566,651,438,447,540
526,560,659,442,437,541
520,578,644,429,444,546
523,580,644,441,440,537
524,579,656,431,441,543
526,576,660,430,448,544
519,578,643,442,444,546
524,575,643,444,445,547
531,570,655,436,445,543
528,572,660,432,449,542
528,572,644,443,444,544
514,575,645,441,448,540
516,575,647,442,447,543
528,560,659,442,440,536
532,568,650,444,445,545
531,556,657,440,434,543
517,576,646,437,446,542
526,573,655,431,443,543
523,572,643,444,444,547
526,574,655,433,441,543
528,573,647,445,443,547
531,560,658,442,437,543
519,573,661,433,449,542
528,574,660,430,447,541
517,567,655,439,446,535
521,579,645,441,446,545
529,579,656,431,440,545
531,574,649,441,444,544
532,573,652,441,446,547
520,579,642,442,448,546
530,555,657,443,437,539
521,580,646,438,445,543
530,577,646,444,446,543
529,572,654,441,438,545
526,575,648,439,447,546
532,574,651,437,438,545
519,572,658,441,449,533
531,573,651,441,444,547
529,578,659,430,442,547
527,563,659,443,441,535
519,575,654,437,449,538
528,579,660,427,448,542
523,577,651,442,443,545
532,579,644,443,444,545
529,577,656,436,445,544
530,579,660,427,449,542
529,578,658,440,435,548
529,581,662,429,450,544
527,585,659,433,441,546
527,585,647,444,444,546
527,580,656,439,449,534
531,575,656,441,436,544
521,589,649,436,448,542
526,580,660,439,445,536
530,586,654,433,438,547
520,593,644,437,448,544
519,590,652,438,449,539
532,593,643,442,444,545
528,595,657,430,445,546
524,582,659,439,446,535
523,583,659,439,445,536
530,592,657,433,439,548
532,599,650,439,445,547
519,596,645,439,447,542
526,598,657,433,441,545
523,588,659,440,447,537
528,585,659,445,439,540
527,601,659,429,446,546
532,592,656,442,436,545
530,595,661,441,446,536
520,587,660,440,446,537
529,593,658,437,447,542
513,590,657,440,447,534
525,586,656,442,437,544
524,583,660,442,450,538
519,594,649,434,444,544
520,598,645,442,446,544
528,599,658,430,444,547
530,600,646,442,445,548
530,585,659,442,441,538
532,584,659,444,435,543
532,593,652,445,439,545
532,596,648,444,445,548
528,599,659,432,443,548
522,601,651,441,450,541
530,595,655,435,449,547
525,581,658,443,440,543
517,600,653,441,450,544
533,588,652,437,447,546
519,583,640,435,449,549
528,597,659,429,450,543
519,599,647,441,449,547
528,601,658,436,444,548
530,598,657,431,441,548
525,601,659,429,443,546
530,596,655,434,438,547
531,589,655,439,450,546
526,597,647,445,445,548
525,586,662,442,441,540
517,602,643,442,446,546
524,603,660,429,446,546
522,602,661,429,447,543
512,599,654,438,447,540
522,596,656,437,435,547
518,589,660,440,444,536
518,596,658,436,445,544
519,585,662,439,443,536
516,590,659,438,446,536
521,598,660,438,443,544
521,593,656,443,431,542
518,602,658,430,446,545
521,601,647,441,442,544
507,600,647,437,446,540
512,603,646,440,441,543
524,599,654,439,441,542
515,601,647,444,435,544
519,599,658,427,440,540
513,593,646,441,443,539
524,593,654,438,440,539
509,587,656,439,443,537
504,585,654,440,442,532
523,572,660,443,430,532
522,578,651,441,444,531
508,578,654,442,440,529
509,583,647,441,441,534
519,579,658,431,438,533
520,573,663,439,441,532
521,569,652,443,441,524
523,569,648,445,439,533
513,562,660,432,439,530
519,567,651,440,428,531
522,567,650,447,437,533
514,572,645,449,437,534
513,570,646,448,438,534
514,552,661,447,440,521
508,562,648,438,442,520
512,552,660,445,439,523
518,545,660,448,435,522
514,546,656,450,433,519
517,562,649,454,437,533
517,559,660,438,440,532
523,560,647,449,439,533
519,558,662,439,443,527
511,560,652,446,431,528
521,561,659,441,433,532
510,555,655,446,443,522
512,563,646,449,440,532
521,559,647,451,436,529
516,545,662,448,439,534
523,556,654,447,439,531
521,556,656,446,441,531
523,543,646,451,439,534
517,557,646,450,438,534
519,561,647,452,440,534
512,557,646,451,440,531
511,545,660,448,441,523
512,559,660,439,436,530
511,551,664,448,426,528
512,542,659,448,438,519
521,545,657,448,440,525
519,556,662,439,437,525
509,558,647,448,437,526
523,555,658,440,439,527
517,541,660,452,431,520
503,551,654,446,439,523
520,555,653,448,439,523
524,543,659,450,428,523
523,542,658,448,425,527
521,545,661,450,428,523
521,540,660,451,430,521
524,551,658,446,428,527
525,540,658,451,427,526
525,556,658,437,439,527
521,555,657,433,435,528
521,561,656,442,432,532
511,550,655,446,442,521
525,555,659,445,440,530
519,559,648,451,436,532
523,557,652,451,436,531
522,544,661,452,432,526
520,560,662,437,437,532
520,557,664,439,441,529
511,557,652,446,441,527
520,544,661,450,434,525
525,557,650,451,436,533
516,559,663,437,443,531
522,551,660,438,442,530
517,562,661,440,437,534
525,552,658,447,429,534
522,558,655,449,430,531
523,544,661,452,435,528
524,546,658,453,432,528
512,561,650,445,443,528
522,556,664,438,443,529
520,561,657,440,436,533
523,547,660,449,432,529
512,550,660,447,445,531
527,557,656,448,438,534
519,553,655,451,432,530
524,558,653,438,440,533
515,545,661,449,436,525
519,552,661,448,440,525
512,555,659,448,443,524
521,550,662,442,441,525
524,558,661,438,445,532
524,559,652,447,442,523
514,564,646,449,444,536
521,564,660,439,436,534
522,548,660,450,435,525
524,557,654,448,440,537
518,560,662,447,439,526
520,549,657,447,432,534
513,560,648,447,443,534
524,553,656,449,430,535
523,549,662,435,444,533
515,554,654,445,445,531
523,553,659,445,432,536
525,558,662,451,444,533
526,562,654,449,441,537
518,552,663,447,437,524
524,566,664,438,443,535
524,552,662,449,437,527
524,569,665,439,446,534
513,564,659,447,443,528
528,573,651,447,440,538
517,575,646,443,435,539
524,576,661,439,441,537
525,565,662,447,436,528
522,580,652,442,427,536
524,582,658,443,432,536
525,574,661,448,439,527
523,585,663,438,441,534
525,585,658,446,430,537
523,593,657,440,430,538
522,586,656,447,429,536
518,585,663,447,438,529
519,599,660,435,436,536
514,589,654,442,443,531
524,601,653,446,439,532
525,600,659,439,438,531
520,607,661,436,438,540
514,599,654,438,438,534
513,613,648,444,439,539
522,597,659,444,442,539
520,614,648,446,439,540
520,618,663,433,440,538
525,606,659,440,444,531
525,601,659,430,441,538
523,618,657,429,437,530
517,608,661,442,444,530
521,625,647,442,439,541
520,624,646,443,437,541
525,623,649,442,438,541
518,627,656,429,440,537
524,629,664,429,442,537
514,623,658,431,438,531
528,626,656,438,439,541
525,617,661,440,434,533
522,635,661,430,443,536
521,631,649,428,443,537
517,637,646,440,444,538
527,631,663,442,433,533
527,629,658,432,441,539
527,632,658,436,444,531
526,630,656,437,429,540
522,621,658,440,441,539
528,632,658,436,440,541
526,631,656,434,442,540
527,632,660,433,444,539
528,633,661,431,442,540
526,632,656,434,441,540
527,621,654,438,439,543
526,634,657,433,441,540
523,637,657,438,432,538
515,632,656,433,446,535
516,632,655,434,444,534
515,621,658,438,443,531
524,638,658,432,436,537
526,630,657,438,432,543
523,637,658,431,437,541
527,638,649,441,441,543
527,633,659,433,435,544
527,620,662,438,444,532
524,632,663,442,442,541
531,630,658,435,443,540
526,629,663,431,443,540
528,626,658,438,444,540
524,630,659,433,436,543
520,619,660,432,438,543
522,630,645,446,438,544
513,632,644,443,442,545
522,615,661,442,438,529
528,616,656,446,435,537
516,621,654,439,443,534
528,622,655,437,431,542
517,619,658,439,433,535
514,627,654,441,442,541
526,626,652,440,440,543
527,625,655,440,434,542
527,627,644,444,444,542
524,632,658,430,440,543
520,630,642,444,442,545
526,627,657,435,444,540
527,621,656,431,440,542
518,629,640,443,442,544
530,616,652,444,430,544
520,629,638,441,441,540
523,614,655,445,440,533
528,629,644,442,444,542
526,628,648,439,432,542
515,634,640,444,443,542
529,627,645,444,441,543
518,633,635,440,441,544
523,633,647,436,436,544
526,631,639,444,442,544
520,624,646,440,444,533
516,637,637,440,444,537
524,630,648,430,446,538
519,634,631,442,442,535
513,624,643,437,445,534
527,616,647,442,442,541
520,618,646,440,442,534
523,634,647,428,445,541
525,628,641,431,443,541
527,620,641,440,431,542
527,622,639,444,432,541
522,631,627,443,439,534
525,615,641,443,434,537
527,616,637,441,432,542
525,627,644,431,443,542
525,617,638,432,426,544
519,615,641,443,439,534
523,629,624,442,441,544
527,628,638,437,433,540
529,612,634,443,432,543
520,626,633,438,433,546
526,631,633,427,441,543
523,630,634,434,433,543
529,622,627,443,432,542
525,615,628,442,444,539
524,632,624,432,436,543
527,613,622,443,433,538
526,624,620,440,431,540
527,621,619,439,433,541
524,630,624,443,441,547
525,632,615,436,434,545
527,623,608,444,441,545
526,630,624,431,440,538
527,631,618,433,437,546
527,630,607,442,441,546
517,632,603,440,443,543
524,626,621,434,444,543
522,630,617,442,442,546
528,627,611,434,446,542
518,634,606,438,445,541
529,617,610,444,433,540
530,614,613,444,435,541
518,631,594,439,443,551
526,626,598,440,439,548
515,630,597,432,445,538
526,620,612,429,443,543
527,610,610,442,436,546
532,622,606,437,444,543
524,627,607,430,443,545
516,619,601,435,445,536
532,608,599,442,432,542
532,618,589,441,440,547
528,621,591,433,446,538
530,601,590,436,437,542
532,614,581,434,444,545
524,617,572,439,440,548
530,611,582,428,448,543
526,613,580,426,441,547
523,598,578,438,442,548
524,585,573,424,441,547
520,599,571,432,449,537
534,594,557,438,442,548
520,596,565,431,448,539
531,584,571,426,441,538
521,596,555,437,443,543
526,592,558,439,443,547
530,593,554,438,443,547
529,592,554,438,441,548
522,579,568,436,440,537
528,592,566,436,447,536
529,574,564,434,443,537
524,580,564,436,449,536
524,579,559,426,449,544
527,590,544,436,443,547
531,583,553,438,435,545
519,585,553,437,448,538
527,575,556,437,445,537
531,583,547,437,436,546
520,589,538,435,448,545
531,587,550,425,447,548
522,587,531,430,446,543
527,569,544,436,436,547
526,589,546,420,442,543
524,575,551,441,446,537
533,586,552,426,447,544
517,589,538,437,446,550
525,577,546,439,449,541
527,592,551,427,443,545
519,594,545,434,448,546
531,594,547,422,444,543
524,594,540,436,447,546
519,596,541,436,448,546
525,584,557,440,447,537
528,600,561,440,436,546
533,594,558,443,435,546
517,596,556,437,450,537
531,596,567,431,448,542
534,598,560,441,444,545
528,601,569,430,449,543
528,584,567,444,436,543
529,597,573,433,449,542
522,587,574,439,448,545
522,586,581,440,445,537
534,596,571,443,445,541
527,597,581,445,446,547
528,598,598,434,439,546
526,577,609,443,444,535
517,587,606,442,446,541
530,578,613,445,444,545
522,565,629,440,447,535
521,577,617,445,448,544
531,553,638,448,435,542
515,557,638,443,448,534
528,534,643,448,436,538
521,549,631,444,443,546
526,539,633,439,446,544
515,542,642,444,452,537
529,528,645,444,435,541
528,542,644,447,438,536
516,546,641,443,451,536
527,546,649,438,438,541
518,545,639,445,446,540
523,544,639,447,445,544
529,541,642,445,446,541
524,547,652,433,446,541
526,542,655,436,448,539
525,521,654,440,438,532
515,542,641,442,449,539
527,534,655,437,449,540
526,521,650,446,442,535
526,534,648,445,437,539
517,529,653,443,450,533
516,540,639,446,446,541
527,525,655,445,441,534
527,536,644,440,437,537
528,536,649,444,446,543
518,540,640,445,447,540
525,541,651,438,439,543
530,536,642,446,446,545
522,529,639,446,445,544
521,522,654,447,443,532
526,530,650,439,450,540
514,540,646,444,449,536
529,533,652,439,448,540
518,535,639,447,447,543
532,534,644,447,446,540
524,541,653,440,443,542
528,534,651,441,435,543
517,541,641,445,450,539
526,522,656,445,446,535
527,535,651,439,448,540
523,526,650,443,449,538
529,535,647,444,447,542
528,531,646,447,431,539
521,526,654,448,449,532
526,524,653,448,444,535
526,532,656,436,448,541
530,538,650,445,449,542
515,539,648,442,445,544
525,527,654,447,443,534
516,542,646,442,449,536
530,537,650,451,437,542
531,531,641,443,447,543
517,552,639,447,449,544
524,546,653,433,447,540
523,549,654,429,441,543
528,546,655,447,445,545
529,546,645,436,452,541
523,550,653,437,445,544
525,547,649,439,442,545
529,537,651,440,432,542
530,539,651,448,437,540
520,540,653,445,452,534
517,554,639,447,448,542
524,539,656,447,447,534
524,540,655,443,446,533
524,557,655,434,448,542
523,556,637,446,446,546
531,551,648,445,448,542
529,555,651,440,441,544
517,542,654,447,448,532
529,545,651,449,437,541
510,554,648,443,448,539
518,550,651,444,449,533
517,555,650,445,452,535
527,553,651,443,437,544
519,567,638,447,448,543
528,570,641,446,447,545
523,570,633,448,447,548
524,571,641,447,445,546
529,574,639,450,447,544
528,573,641,450,444,545
523,577,640,447,446,546
523,560,656,447,445,534
521,576,657,435,450,541
528,571,650,440,437,544
530,565,654,447,439,537
532,580,652,444,448,545
530,589,656,447,447,538
531,582,651,442,435,543
524,576,656,448,444,534
528,594,643,446,447,544
521,590,654,435,446,544
532,598,641,446,447,545
529,595,653,437,449,540
517,607,644,444,448,542
530,602,650,444,436,544
529,604,653,439,441,543
523,612,635,448,445,548
531,611,642,444,448,536
520,608,650,442,448,537
524,616,654,437,444,543
526,617,651,438,443,545
517,621,647,443,448,538
525,619,652,447,451,533
528,615,650,444,435,545
530,610,651,445,435,541
522,624,641,444,446,542
519,620,641,445,446,545
524,606,655,446,447,540
518,624,649,446,447,540
527,606,653,446,439,538
527,623,655,433,447,542
521,625,637,446,446,545
520,625,638,447,444,543
530,615,655,428,446,542
531,605,652,448,439,539
528,623,654,435,450,541
522,610,654,447,444,534
530,621,646,444,447,546
528,617,656,436,451,541
530,622,640,449,445,544
519,626,635,443,447,542
522,620,645,442,436,545
527,622,635,449,444,546
518,623,635,445,447,542
528,607,648,448,444,535
528,608,646,448,440,539
529,620,638,446,447,544
525,625,644,436,442,545
527,607,644,448,444,536
524,608,644,446,449,533
527,625,642,435,445,545
529,619,636,445,437,545
532,616,642,442,445,543
527,622,627,448,446,546
527,604,636,448,439,531
529,619,634,448,446,546
517,620,638,443,451,542
531,605,642,448,435,540
519,617,635,444,450,538
518,615,642,444,451,538
527,622,639,440,438,545
519,616,633,445,449,537
530,618,633,446,445,544
517,617,642,443,449,537
528,606,645,448,447,536
528,617,638,443,438,544
522,610,644,448,446,534
525,624,641,435,443,545
531,616,639,446,447,545
527,624,642,435,444,546
528,606,641,449,443,536
531,619,638,445,448,544
528,620,637,442,438,539
534,618,630,447,448,545
530,621,636,444,446,546
526,618,644,434,447,544
531,618,644,439,450,542
531,618,630,447,445,547
529,608,642,450,444,537
526,625,644,436,444,545
527,623,628,445,443,546
528,621,645,433,450,544
523,624,627,447,447,546
529,619,638,445,432,546
529,612,624,446,445,545
527,619,622,450,440,543
530,611,638,444,448,537
527,619,645,434,448,542
527,623,628,445,438,546
519,605,637,444,451,536
522,619,626,450,445,548
528,602,639,450,442,535
527,619,643,436,448,544
530,607,640,450,437,543
527,599,644,446,448,536
526,614,644,433,449,543
519,616,632,446,449,542
531,601,642,447,439,540
520,618,627,446,449,540
532,600,639,448,441,539
522,619,627,446,447,546
533,613,649,442,449,544
524,617,624,447,446,544
521,616,630,448,447,543
530,603,641,449,438,540
525,601,642,449,446,546
531,609,639,451,436,544
518,614,636,445,452,545
529,616,642,438,439,543
519,610,640,444,450,536
530,615,640,441,438,547
522,615,635,445,450,541
519,614,634,444,449,540
531,607,639,449,438,543
520,606,633,445,450,540
519,618,629,447,446,545
532,617,643,438,448,544
531,613,644,437,438,543
528,610,638,440,442,547
520,610,638,446,450,543
526,599,642,447,449,535
516,613,626,446,449,545
528,614,639,429,438,545
532,596,634,445,452,537
533,609,640,436,454,543
521,617,628,445,448,540
521,599,639,447,444,536
530,612,634,440,438,547
526,606,632,444,438,546
520,605,636,446,450,537
531,605,635,448,451,544
529,615,637,436,444,545
531,590,637,450,441,540
528,606,620,447,447,547
530,612,641,439,450,544
518,608,631,444,453,541
531,597,638,448,439,539
527,606,632,436,441,544
518,609,631,448,450,539
519,614,628,446,450,541
527,615,641,434,449,543
531,609,644,440,451,543
532,601,641,448,443,540
530,606,642,434,451,543
520,606,635,443,452,536
521,616,631,443,449,544
522,601,639,446,453,536
533,596,638,448,438,543
533,610,629,443,447,548
525,598,639,449,437,540
520,609,632,445,450,542
522,599,641,444,448,535
531,606,635,450,436,546
533,612,634,446,452,537
533,611,637,444,448,546
532,615,621,438,449,547
530,600,638,449,440,542
531,599,635,449,437,546
521,606,638,444,451,540
526,616,624,446,446,549
528,617,641,435,447,546
528,615,628,448,446,548
527,615,626,449,447,548
520,617,628,446,451,539
524,614,627,449,446,549
528,611,634,444,448,546
521,609,638,444,441,537
528,614,640,435,448,544
527,598,642,448,440,543
533,611,641,439,450,546
523,618,625,446,448,543
528,599,642,445,446,537
531,612,640,438,440,548
528,604,648,434,451,546
531,615,643,433,446,547
534,610,639,443,447,546
523,602,646,443,449,547
530,613,631,447,446,548
533,601,645,447,441,542
530,614,646,434,448,544
524,610,638,443,448,540
532,612,633,446,446,550
532,602,642,440,439,543
527,615,632,444,446,550
532,616,649,433,451,546
520,611,643,441,450,540
527,600,647,443,445,537
522,613,641,442,449,542
533,613,636,444,438,547
528,617,648,431,446,547
523,617,635,445,448,550
520,606,649,441,450,536
531,596,651,446,442,541
530,613,647,438,442,548
525,608,647,440,439,547
514,609,646,440,451,539
520,617,644,443,450,541
533,597,648,448,439,543
521,614,637,444,448,538
524,602,649,442,450,538
525,612,632,443,447,550
521,593,652,444,446,548
535,599,649,443,450,548
524,604,636,446,448,549
520,594,648,443,451,538
532,595,652,438,450,546
524,586,647,435,448,535
523,586,644,440,449,537
529,596,647,427,445,543
531,588,647,437,451,545
530,588,654,434,450,545
530,583,648,444,436,547
527,591,645,425,448,542
530,591,651,435,442,548
526,573,649,445,439,543
527,588,651,425,450,545
525,585,638,445,446,548
530,581,647,440,449,546
531,579,652,432,452,547
530,578,653,438,451,545
527,568,653,445,441,538
532,576,645,442,447,549
533,575,643,444,447,547
530,575,646,439,440,549
529,578,651,433,443,545
528,565,653,444,448,536
530,567,648,438,441,549
528,574,638,445,440,545
533,562,644,445,438,544
533,566,647,444,438,545
531,564,648,436,440,546
517,568,644,441,452,542
522,570,636,445,449,549
530,563,648,442,450,546
513,558,650,442,452,538
529,549,654,445,444,538
528,548,650,445,443,548
526,561,641,445,449,548
522,556,649,440,452,537
524,558,636,446,448,547
529,544,648,445,440,546
528,558,652,432,449,537
527,558,638,446,447,548
527,537,653,445,448,537
529,553,650,437,444,548
529,550,638,444,448,549
526,538,652,443,450,537
521,555,637,442,452,549
521,540,651,446,441,545
526,537,652,445,447,540
531,538,651,444,441,541
533,551,642,445,446,548
527,556,651,431,445,548
528,554,650,431,452,544
528,552,648,440,441,547
529,555,649,435,448,546
530,558,653,430,449,545
527,553,647,439,447,535
530,554,635,446,441,546
531,555,652,425,454,543
532,551,638,443,448,547
529,558,651,431,439,548
529,543,644,441,435,545
521,558,638,441,450,547
524,561,637,441,448,546
531,557,653,433,453,545
533,543,651,444,442,541
524,545,654,443,451,535
528,556,653,433,455,544
532,555,651,437,451,544
519,555,648,441,454,537
532,558,654,440,448,545
520,558,643,445,451,539
525,553,648,441,439,546
536,559,642,441,448,548
529,543,653,445,442,537
532,556,651,435,451,543
532,550,649,446,440,545
530,559,637,445,452,546
531,545,652,446,441,542
525,545,652,446,445,546
532,556,650,443,449,544
527,562,650,425,452,539
523,561,638,443,452,548
531,563,650,432,453,545
522,563,652,431,449,545
524,564,636,444,449,544
526,550,654,445,448,536
529,562,655,433,452,544
534,560,641,443,448,546
529,564,656,431,451,543
519,559,647,441,452,537
514,559,650,437,451,545
532,552,651,431,451,545
534,550,649,446,439,544
527,564,649,434,445,545
519,558,650,442,454,535
531,560,655,433,450,542
519,564,642,442,453,542
529,561,654,433,450,543
533,549,650,445,439,541
532,561,653,432,453,541
538,560,641,445,450,545
529,563,649,446,447,538
531,560,653,440,453,540
530,547,655,448,443,537
530,563,651,436,447,545
534,559,648,440,449,544
528,559,649,444,452,544
522,553,655,443,454,535
523,562,645,444,453,542
524,544,652,444,451,536
534,551,651,443,440,544
536,561,645,442,449,544
537,562,648,443,449,545
532,560,653,432,453,542
532,549,650,439,447,535
528,550,648,445,442,531
523,565,639,444,451,543
530,564,653,433,455,545
529,564,650,435,444,545
522,558,646,439,451,537
533,556,648,448,445,537
531,565,650,432,447,535
531,566,650,435,444,548
535,563,642,443,447,547
524,564,638,444,450,546
528,560,650,441,450,544
531,568,653,435,445,545
533,549,654,446,448,537
532,564,640,445,452,547
521,567,639,443,454,544
534,560,649,442,439,545
534,558,649,446,438,544
528,567,638,447,448,548
522,565,645,440,453,541
526,552,649,445,450,532
530,563,650,437,441,546
524,565,640,442,449,546
530,562,648,441,440,546
532,562,651,443,446,536
531,568,646,442,454,543
530,564,651,437,440,546
529,565,652,434,445,547
530,567,642,445,449,548
524,566,656,432,449,545
534,556,651,433,436,546
532,563,657,434,454,544
531,569,656,436,448,546
522,565,649,441,455,541
529,553,657,444,443,536
534,569,645,437,443,546
527,574,655,432,447,541
522,564,652,442,449,532
527,579,656,432,447,538
528,580,653,436,439,541
528,580,656,445,446,529
525,568,654,446,435,533
533,581,653,442,444,535
527,581,645,447,441,534
532,581,647,445,444,533
530,571,655,447,436,525
529,586,656,440,445,531
525,591,656,432,440,534
526,592,655,434,435,531
521,579,656,433,441,529
517,592,649,445,443,529
526,594,646,447,437,531
529,594,658,433,444,529
531,589,654,448,439,531
527,579,657,449,434,524
527,596,642,447,439,533
518,597,655,436,438,533
530,591,649,445,439,530
520,585,655,441,446,521
532,586,651,445,431,530
531,581,653,450,429,526
524,592,647,449,441,532
518,590,651,444,443,530
531,592,654,442,441,532
522,579,657,446,440,526
524,595,643,448,442,535
517,595,641,447,443,535
522,578,656,449,436,527
526,576,657,446,441,525
526,579,657,448,443,525
525,577,659,446,443,525
529,585,651,448,448,536
532,579,654,448,435,532
530,575,656,449,438,528
528,588,640,451,436,532
525,588,656,444,448,530
528,590,640,448,444,539
521,584,654,446,447,528
528,590,658,438,449,534
520,582,653,446,449,530
526,592,637,451,444,539
526,588,642,451,443,536
530,577,654,451,436,532
531,586,653,443,446,535
527,575,657,449,444,531
524,574,656,449,446,531
528,592,643,442,440,537
528,586,649,443,439,539
530,590,657,436,448,538
528,584,653,447,446,540
518,588,647,446,449,533
529,588,654,440,436,540
529,573,658,444,436,533
523,577,652,448,442,525
530,572,653,451,438,533
526,587,641,449,445,542
522,591,642,451,445,538
528,587,652,442,440,541
514,586,650,447,449,532
529,588,644,449,445,542
529,588,654,440,441,540
521,585,654,445,448,530
529,591,652,438,447,540
521,591,649,444,449,533
528,590,646,442,445,539
534,579,654,453,436,538
534,587,652,446,447,539
528,588,639,451,445,541
521,581,654,448,448,530
528,586,642,449,447,539
527,579,656,446,451,531
532,587,651,446,447,539
534,587,645,448,444,540
523,583,653,445,449,531
523,589,642,447,449,538
531,576,655,451,439,533
530,591,657,438,449,539
534,587,644,450,446,540
527,590,642,447,446,542
520,583,650,445,450,531
532,588,657,446,449,538
535,579,648,447,436,536
536,582,654,447,436,542
529,588,644,449,446,535
530,586,643,449,446,540
534,580,657,434,444,537
532,593,655,438,442,541
530,580,646,450,446,541
525,589,641,449,446,542
532,574,653,452,437,536
529,590,653,438,445,539
520,588,641,450,447,542
531,573,657,449,445,531
527,574,657,447,444,542
532,568,657,448,441,535
528,582,643,447,445,536
533,577,652,445,437,540
531,568,654,452,441,535
531,583,655,438,436,541
533,578,654,444,450,543
526,580,640,450,441,536
525,562,656,449,448,531
532,572,654,440,449,537
533,560,648,445,437,541
524,562,653,444,451,530
528,566,650,448,449,540
531,556,652,451,437,538
522,567,645,445,450,536
534,559,650,447,438,540
527,566,640,452,445,541
530,563,655,435,449,540
529,564,655,439,446,539
533,558,649,445,447,540
529,560,648,439,442,535
536,558,644,450,449,541
528,546,655,447,447,531
525,547,655,449,451,532
529,557,655,437,448,538
535,547,648,442,450,540
519,557,644,449,451,537
534,552,656,442,451,537
521,559,639,445,447,537
534,546,653,452,440,537
528,560,653,439,447,538
519,551,639,449,448,538
522,561,639,451,448,540
531,556,657,437,449,533
524,546,655,442,444,530
527,562,641,452,446,540
532,559,657,441,451,536
520,553,643,446,451,531
528,560,640,450,447,542
522,559,642,451,448,539
529,558,656,439,451,538
522,553,651,449,452,529
532,560,640,451,447,542
521,560,647,446,450,534
530,560,656,436,452,533
530,556,643,450,442,539
532,558,642,451,446,541
522,559,643,451,447,541
532,552,653,447,438,540
532,554,651,444,438,540
529,558,646,444,441,542
532,555,655,441,451,533
529,560,655,440,445,540
535,554,648,449,448,540
533,543,654,451,440,534
527,557,641,448,446,542
530,552,652,445,439,540
534,542,654,452,438,536
532,551,656,439,451,536
533,551,647,451,452,540
531,549,652,443,442,541
523,554,643,449,448,538
531,548,649,446,438,539
532,549,649,449,449,537
529,553,655,440,449,538
531,537,655,452,444,535
524,544,654,446,450,530
528,553,640,449,448,539
532,552,639,451,448,542
530,537,655,450,443,532
532,554,641,449,446,542
522,552,647,445,452,536
526,553,641,450,448,542
523,546,655,447,448,529
524,545,654,450,447,530
536,542,655,451,438,536
523,557,655,450,448,542
531,563,654,441,444,540
526,564,654,438,450,537
536,563,646,449,448,542
535,558,654,450,451,536
529,553,658,451,444,531
526,569,644,452,446,541
534,564,646,453,447,541
535,561,655,450,432,539
530,572,653,444,439,541
521,565,647,449,451,535
528,568,646,451,447,541
529,572,643,452,447,538
522,569,649,447,451,535
535,549,650,453,434,533
530,557,657,450,446,530
532,571,652,436,452,532
534,571,660,447,451,536
521,574,649,450,450,534
527,578,656,444,446,542
532,580,659,443,451,535
534,578,655,444,451,536
529,572,659,451,442,530
521,581,652,448,451,530
531,589,659,434,452,535
528,593,659,440,448,538
536,582,651,446,438,533
523,594,647,450,450,535
530,593,661,440,449,535
530,592,656,449,438,538
528,596,645,451,444,528
528,596,660,446,442,538
520,597,653,449,450,531
533,592,655,448,447,536
526,599,644,455,444,537
521,594,656,447,448,527
528,583,663,453,440,530
519,597,653,439,444,530
530,599,658,447,435,533
531,586,659,454,435,532
526,600,651,455,444,538
530,600,661,440,448,532
525,592,658,452,433,523
519,599,654,450,448,529
526,602,646,449,439,539
528,599,659,445,439,536
529,589,659,447,448,535
533,597,660,454,446,535
526,602,659,444,442,539
525,597,657,448,447,536
532,597,658,449,446,536
526,586,662,451,445,528
531,593,661,446,449,534
531,588,660,454,436,534
531,585,659,456,436,532
522,603,646,451,447,536
534,594,658,446,447,536
531,587,664,456,440,533
531,586,659,455,437,533
533,597,662,448,448,534
532,595,660,446,448,536
531,596,654,455,445,538
523,589,663,451,449,529
520,603,650,452,447,536
528,601,660,444,442,539
520,590,658,452,446,528
531,592,663,437,444,537
527,600,646,454,446,538
532,594,661,452,435,539
520,597,651,449,448,535
532,599,658,450,436,539
522,594,661,451,448,529
532,600,664,441,449,537
526,602,646,454,447,540
521,604,657,448,441,539
527,601,661,443,446,537
534,588,658,451,436,537
527,600,648,455,440,539
526,603,648,455,447,540
531,599,660,442,443,538
534,585,659,454,439,536
534,597,657,449,446,539
524,589,662,451,452,529
523,598,652,449,449,536
535,590,658,450,437,538
523,593,658,452,450,530
527,587,662,445,441,532
531,577,662,453,443,528
531,591,654,441,440,539
529,585,662,453,445,531
533,597,657,446,449,538
537,587,659,455,437,538
522,600,656,450,449,529
536,598,651,454,446,539
529,601,660,440,449,536
535,598,662,442,450,538
523,604,648,451,450,537
524,602,652,447,450,536
526,584,659,445,447,531
533,589,656,451,438,538
530,596,655,448,442,537
533,598,646,455,447,542
537,585,657,453,439,538
531,598,647,454,448,541
522,591,659,448,453,531
528,600,661,439,449,537
522,597,657,449,451,531
537,595,659,454,438,541
