=~=~=~=~=~=~=~=~=~=~=~= PuTTY log 2023.11.03 01:23:24 =~=~=~=~=~=~=~=~=~=~=~=
613,537,663,601,499,594
607,531,661,599,500,586
613,537,647,589,508,592
616,535,653,601,503,597
618,540,651,602,503,595
613,523,661,601,496,595
614,525,661,603,505,593
611,538,657,596,502,597
603,542,662,589,504,599
605,544,647,600,507,589
603,544,648,599,498,589
602,539,656,599,495,598
614,539,655,598,502,598
601,539,660,597,502,588
601,545,649,600,507,587
613,538,656,596,505,591
609,541,662,589,488,597
613,545,662,590,504,596
616,538,654,600,507,586
616,535,658,599,500,597
610,543,648,601,505,589
614,537,660,595,499,597
609,543,661,590,507,596
605,543,645,601,507,586
602,538,654,598,509,586
611,540,649,603,504,586
604,543,646,599,506,589
615,539,658,599,507,598
615,532,659,589,504,596
615,528,658,603,503,594
608,529,662,599,510,594
616,538,662,594,503,598
611,528,662,602,493,593
611,548,647,600,510,591
602,544,649,600,503,586
612,537,660,590,495,596
615,538,655,600,502,595
614,540,663,589,509,596
611,546,660,592,505,593
611,545,658,590,511,595
616,541,651,601,499,593
603,544,647,601,503,586
614,538,661,595,508,595
603,534,659,599,509,592
612,541,660,590,514,590
612,525,661,602,494,594
616,539,663,595,509,591
615,533,656,605,506,596
602,543,655,600,508,587
615,533,656,599,511,594
608,543,648,602,509,589
602,538,655,598,507,589
613,536,659,588,509,592
616,536,657,599,508,597
616,539,652,600,499,585
615,537,656,601,508,594
613,540,650,603,510,593
617,527,657,603,498,597
605,543,653,599,512,590
617,533,658,599,501,597
612,542,661,590,511,595
611,539,647,601,515,594
616,532,658,601,511,594
615,536,663,593,507,592
615,534,657,598,507,594
611,543,657,590,517,596
608,529,659,599,504,591
615,535,656,597,505,595
614,540,646,603,511,590
615,522,657,603,503,595
611,526,661,603,503,598
603,530,659,598,510,588
615,525,660,602,509,598
602,536,657,597,499,586
605,540,651,599,512,594
616,537,658,596,511,594
613,541,663,589,512,597
606,534,660,598,508,588
619,537,651,600,509,596
617,538,655,603,511,598
613,537,662,589,511,594
603,539,660,589,510,596
606,540,647,602,512,593
617,524,657,602,499,598
608,527,660,599,509,597
615,540,663,589,512,596
616,541,658,597,505,595
617,538,651,602,511,598
610,517,662,600,500,597
615,534,656,606,507,595
607,542,660,589,516,597
616,524,662,601,501,594
597,533,656,598,508,596
613,537,662,591,510,596
616,526,658,603,512,594
614,539,656,595,512,592
603,532,658,598,509,587
609,530,660,601,511,596
614,541,660,590,513,596
617,528,655,598,497,599
608,539,645,601,512,590
619,536,647,600,508,596
619,525,659,602,496,598
616,539,663,590,507,596
616,530,658,595,512,595
616,537,661,595,511,598
616,530,647,603,513,593
606,535,654,600,506,585
611,522,662,602,500,596
602,534,652,600,513,592
610,523,660,600,501,590
614,537,646,602,507,597
604,531,656,600,505,587
614,537,660,589,512,592
605,541,653,598,511,596
618,529,657,601,505,597
616,522,657,604,511,595
612,522,658,604,500,595
603,538,652,599,509,586
612,533,657,593,512,597
614,522,660,604,499,592
604,537,655,599,508,587
609,536,648,603,511,597
612,538,658,603,501,594
621,523,656,601,511,595
600,529,655,599,509,589
604,529,654,599,504,597
616,533,662,591,514,600
614,534,657,603,502,597
614,532,649,591,514,598
615,539,661,591,513,597
605,537,646,602,519,588
612,535,660,590,511,594
611,535,644,602,512,595
603,527,659,592,499,599
614,519,657,604,507,596
617,530,653,602,500,596
605,527,657,602,506,588
617,533,658,604,502,598
618,527,656,602,508,596
614,537,656,595,513,595
607,519,660,603,497,595
613,537,644,604,517,587
617,530,642,589,514,598
614,536,661,587,513,596
609,522,660,602,511,596
612,535,645,604,504,593
612,539,656,587,514,592
618,524,657,603,512,585
617,530,655,602,506,597
603,538,652,599,511,587
604,540,646,601,512,587
615,537,652,605,514,587
612,539,658,591,514,595
608,540,646,602,509,589
617,524,656,606,496,594
618,524,661,602,505,594
614,523,660,604,500,597
617,524,659,604,506,594
608,526,660,602,502,591
609,538,662,591,512,598
615,530,661,591,514,592
615,536,660,593,509,597
614,533,656,592,513,598
613,539,661,591,511,594
612,540,658,592,514,587
608,541,645,603,513,596
605,537,650,601,513,590
614,540,660,589,513,595
613,540,658,597,503,597
615,537,660,589,515,599
607,539,646,601,513,586
612,537,646,603,511,597
601,534,655,596,516,589
612,523,659,603,496,594
614,538,659,600,509,598
614,537,661,603,509,595
616,534,658,597,509,597
616,528,661,603,502,595
617,534,651,603,509,595
605,540,646,602,518,588
604,539,648,601,512,588
616,536,647,603,508,585
617,535,656,599,511,597
618,533,654,602,511,597
616,534,657,597,509,595
612,536,662,593,512,587
603,533,651,601,512,589
618,534,647,604,512,585
610,537,661,593,510,594
612,538,659,603,512,588
609,539,646,603,509,587
616,539,663,592,510,594
616,534,658,598,505,595
616,520,661,603,494,596
614,537,661,593,505,595
607,541,658,594,514,595
613,540,659,593,512,594
614,532,657,604,502,595
610,540,644,605,512,590
611,540,661,592,512,595
616,528,658,605,503,596
612,519,662,606,496,593
616,531,655,597,502,593
618,528,657,598,499,596
606,522,659,602,496,593
615,527,656,596,495,589
617,529,648,601,492,596
604,530,645,597,498,593
612,530,645,601,497,592
615,523,656,596,490,594
612,513,659,599,482,595
614,529,654,589,494,594
606,523,655,596,489,587
616,530,643,601,492,592
607,519,657,595,482,595
610,516,659,592,480,593
606,528,653,594,487,592
609,517,658,596,483,590
617,527,645,596,487,596
608,522,655,596,483,589
615,508,654,596,485,585
613,531,657,584,494,592
610,517,658,596,481,597
614,531,642,597,492,591
606,526,652,591,492,598
615,529,658,586,487,595
607,520,656,593,486,588
618,515,656,597,482,597
615,532,657,581,491,598
617,531,653,585,496,594
619,518,654,598,478,598
613,531,656,583,494,588
608,528,650,591,489,587
618,521,654,591,491,594
614,532,658,581,496,593
616,529,654,591,494,595
612,521,658,594,487,598
615,535,656,584,494,593
616,531,658,585,493,597
615,533,659,585,498,595
612,531,644,597,495,591
617,536,660,584,491,596
620,527,650,596,495,587
614,541,655,585,499,586
607,542,649,596,497,586
617,542,660,585,498,595
617,541,659,585,501,589
617,538,654,591,495,597
623,542,660,586,496,595
610,547,645,593,501,587
619,544,646,600,497,595
620,530,658,600,488,597
617,543,660,585,496,596
621,541,652,598,497,586
610,535,659,597,491,591
619,539,657,590,496,596
613,530,660,599,489,593
622,541,656,595,495,596
616,530,659,603,489,596
621,537,645,603,495,594
609,532,659,600,492,588
622,533,656,599,489,596
620,545,648,601,500,596
612,548,645,601,497,590
607,546,646,602,498,587
620,541,658,597,494,592
606,531,661,601,487,590
615,546,660,589,498,594
606,544,651,598,499,585
618,523,660,599,496,594
619,538,659,596,495,597
607,548,645,601,503,596
624,539,650,602,497,597
623,539,652,602,496,597
622,538,652,598,498,598
618,544,662,589,486,595
620,525,659,604,483,595
620,528,657,605,484,596
617,541,646,603,497,597
618,528,658,606,485,599
615,526,660,601,494,597
607,538,646,605,497,592
622,535,656,602,492,595
614,526,661,602,488,589
617,544,659,592,495,593
621,540,653,601,492,599
623,533,656,605,488,599
621,539,647,600,498,589
622,543,658,594,496,594
622,530,658,606,496,597
619,536,662,606,493,597
608,538,651,598,497,595
612,531,659,601,485,594
617,542,660,588,495,597
618,543,658,597,494,595
614,545,645,605,494,592
620,541,656,596,491,596
618,539,656,599,494,597
615,529,660,604,483,593
614,526,661,601,481,593
619,523,662,606,493,592
609,541,646,602,493,589
623,540,647,605,495,597
620,537,658,597,492,588
623,537,655,600,487,599
624,538,655,597,490,596
620,535,658,599,491,598
610,543,661,591,493,594
616,528,660,604,483,594
619,538,657,597,489,600
617,542,662,590,491,597
613,546,644,605,494,595
616,545,661,586,487,597
619,543,646,605,494,595
617,548,659,592,494,596
622,531,660,606,484,598
622,536,650,606,487,598
620,532,662,604,485,595
620,544,663,592,498,597
619,545,649,607,494,595
617,547,648,606,492,598
620,535,658,604,492,597
607,545,653,600,491,599
622,533,658,608,491,598
620,551,657,600,495,596
618,547,658,596,498,595
609,550,647,603,499,592
620,548,664,591,492,596
617,534,662,606,484,595
620,546,659,597,500,595
611,541,659,603,488,589
617,545,655,605,490,600
619,548,665,593,499,598
616,545,664,594,497,593
617,549,664,593,492,598
623,547,655,605,497,599
622,533,661,607,484,597
617,547,659,598,498,588
619,551,659,597,498,596
611,536,660,604,492,588
611,551,648,605,497,592
615,550,647,602,501,591
616,548,662,593,496,592
621,543,657,602,491,598
619,533,664,607,488,597
619,550,660,598,502,593
613,537,662,605,497,592
620,547,659,598,499,594
617,550,659,595,501,597
621,535,661,607,488,597
618,545,662,593,499,597
623,547,662,598,497,600
624,534,657,605,489,595
614,551,648,604,505,591
621,540,658,604,492,598
620,548,649,606,501,599
619,546,664,593,499,597
620,547,663,593,500,596
620,546,652,606,501,598
616,550,648,607,500,596
619,542,658,605,496,599
620,531,664,608,489,597
609,546,654,602,494,589
621,533,662,608,492,598
620,547,647,607,500,597
613,548,665,594,499,596
606,544,655,602,498,587
608,545,653,604,497,588
609,544,658,605,497,588
617,532,663,606,488,597
619,532,658,604,493,597
619,546,664,594,502,598
614,549,647,607,493,600
617,549,661,594,503,595
608,549,650,604,502,588
621,538,659,605,496,596
615,550,661,596,506,596
618,543,657,602,499,598
620,547,660,599,499,595
620,542,658,603,501,597
621,531,662,608,489,597
622,545,654,603,500,598
616,523,658,606,489,591
617,546,662,593,503,594
617,532,661,606,490,595
609,544,654,603,498,587
615,535,663,607,492,591
621,533,661,608,494,599
618,548,648,608,501,593
612,550,647,606,509,591
617,549,661,594,503,596
615,535,663,606,493,592
614,550,648,608,503,594
620,534,659,605,498,599
610,549,649,604,505,588
614,551,647,608,508,592
618,548,663,594,505,596
611,543,660,602,496,587
613,536,662,604,494,592
621,537,658,610,497,598
621,531,657,609,485,596
609,544,656,601,501,589
618,546,658,599,507,597
615,546,664,595,502,596
616,549,662,595,506,595
617,547,646,607,505,596
616,548,662,595,501,595
615,533,661,608,494,593
616,541,658,593,502,595
622,531,658,609,497,599
607,541,660,602,504,590
620,528,659,605,496,599
612,548,648,606,505,592
618,529,661,607,493,599
619,544,649,607,501,595
615,546,660,595,508,591
615,544,649,606,506,596
617,528,662,600,503,599
622,539,656,601,504,599
607,543,646,604,505,589
616,543,662,591,504,597
604,536,652,604,501,587
619,533,657,604,497,598
617,537,654,606,502,598
616,535,663,596,504,597
605,539,653,605,509,587
604,522,652,601,502,588
612,530,646,606,498,593
613,526,645,607,495,594
609,531,661,593,510,597
609,529,661,592,504,598
611,531,660,595,505,597
611,530,660,596,503,600
614,530,649,601,502,601
611,530,658,596,502,601
604,534,657,598,502,598
610,534,658,598,504,598
604,536,647,603,506,593
610,527,654,596,501,600
609,538,659,590,508,600
614,523,662,606,491,601
603,539,647,602,508,592
604,529,660,604,499,597
615,538,663,590,504,600
602,540,652,603,509,591
615,537,648,606,509,601
611,542,662,591,510,598
615,540,660,595,507,601
605,544,648,604,511,592
608,542,647,603,509,594
604,532,657,600,495,593
613,539,662,593,508,599
605,537,657,602,506,592
617,538,663,595,507,602
617,527,659,606,497,602
615,541,659,593,512,599
601,538,652,601,503,592
609,540,647,605,509,595
611,522,659,602,500,593
615,539,660,594,510,600
609,542,645,598,514,588
610,525,660,602,502,596
617,539,662,590,509,601
618,541,658,596,511,598
620,528,657,610,500,601
612,523,661,606,497,595
614,538,644,606,509,595
614,541,646,605,512,596
608,536,654,599,506,593
618,535,661,594,505,602
620,524,647,590,508,600
620,533,657,601,505,601
620,534,655,594,508,600
612,539,647,602,501,594
618,539,661,592,507,602
621,533,653,598,504,601
619,535,660,590,507,600
620,533,663,593,509,602
621,534,663,589,506,602
625,531,656,602,504,604
620,535,661,593,508,602
622,534,649,604,508,597
615,538,646,606,512,602
623,536,657,595,507,603
620,534,655,602,505,601
622,535,655,603,507,600
619,524,660,603,503,595
627,528,656,607,503,603
623,540,662,592,505,600
621,539,658,594,506,590
626,534,657,600,501,599
614,530,658,602,507,593
623,541,660,596,513,602
624,536,649,605,507,603
620,537,658,593,510,600
614,524,661,606,500,600
619,539,660,591,508,599
616,536,657,598,509,600
603,537,651,602,515,595
616,526,664,594,502,603
609,521,662,604,500,600
613,527,656,608,503,602
618,530,655,602,510,603
615,521,659,605,504,602
617,513,654,606,499,604
615,525,660,593,503,604
613,537,645,605,512,594
616,533,662,594,508,605
602,526,659,601,505,597
606,529,655,600,504,595
615,520,659,604,498,604
616,525,660,597,508,604
612,537,661,591,510,602
615,541,660,589,515,604
612,521,659,604,501,602
620,535,657,599,512,603
601,541,650,601,512,597
613,540,644,602,518,590
608,534,651,600,512,596
620,523,659,607,502,603
615,538,659,591,513,606
614,523,661,601,503,599
613,530,661,600,504,600
608,535,652,599,510,593
612,531,653,600,514,598
621,532,656,598,505,603
608,535,652,600,513,599
622,529,656,602,514,600
613,529,659,602,511,596
623,533,656,597,515,601
622,537,660,596,514,602
624,523,658,607,510,601
624,536,659,598,516,602
622,536,656,595,513,601
618,540,645,606,519,593
615,525,660,603,506,599
624,527,657,606,510,604
620,540,661,592,520,604
614,532,657,600,507,594
621,538,644,606,522,594
621,541,660,595,518,604
620,544,657,602,505,603
621,541,659,598,509,602
624,535,655,591,517,604
621,538,656,601,516,600
623,534,656,600,511,603
627,535,653,601,516,600
612,538,651,600,506,596
622,524,659,592,517,603
622,537,660,593,513,604
614,542,643,604,524,594
620,516,657,603,505,600
621,542,657,594,522,600
625,535,650,605,515,596
622,538,661,593,515,604
623,536,648,605,516,595
622,523,662,605,508,601
622,540,645,604,520,592
621,538,661,591,520,603
624,527,659,597,515,601
625,528,655,602,515,603
621,542,655,590,524,599
624,535,657,599,516,600
622,536,660,598,516,600
616,540,644,604,519,593
621,539,656,598,519,602
609,526,661,602,510,598
623,525,656,606,510,605
619,524,659,604,511,603
623,535,657,599,517,601
620,539,657,592,523,601
625,535,662,595,521,604
612,536,651,600,516,599
622,525,659,604,512,603
624,524,656,604,518,600
618,524,662,603,510,600
619,541,660,592,521,604
622,529,654,608,515,600
622,523,657,604,510,603
622,523,662,606,510,603
624,524,654,602,516,602
611,534,652,600,514,599
624,538,651,604,520,599
621,525,659,604,515,602
611,542,649,601,524,599
619,538,645,605,521,593
624,519,659,607,511,604
626,535,653,600,517,603
625,536,652,604,520,596
615,525,661,603,516,604
625,526,657,607,517,598
622,524,658,604,512,602
609,540,652,601,519,600
617,527,660,603,507,599
623,534,661,596,520,603
609,539,649,601,518,600
625,535,652,601,520,600
613,534,649,600,517,599
615,526,662,607,511,601
619,518,657,605,511,602
624,536,657,602,518,599
614,537,652,598,518,603
622,540,660,605,521,601
623,541,645,605,521,593
625,538,657,600,522,601
620,543,659,592,523,605
622,543,645,598,524,591
605,539,652,600,518,601
608,537,652,602,519,601
620,538,656,597,522,603
620,541,659,593,525,602
621,531,646,604,524,599
614,527,659,607,514,604
616,525,661,605,515,604
618,542,643,607,521,594
607,537,650,601,519,599
619,541,650,599,519,596
616,543,657,595,520,603
614,527,660,606,514,604
609,545,642,605,523,597
613,538,657,598,525,603
602,544,653,602,517,603
602,532,658,602,514,605
614,526,651,603,512,598
603,539,653,606,517,601
613,539,649,605,521,597
614,540,659,599,517,604
612,529,658,606,513,603
600,544,647,604,523,598
602,534,657,601,516,603
604,534,662,605,509,603
610,526,659,606,507,604
604,529,661,606,512,602
614,541,654,601,518,600
597,541,655,604,513,601
605,532,661,605,511,601
611,544,646,605,521,602
604,540,658,597,517,604
610,545,659,593,519,603
604,546,648,604,522,596
611,541,647,606,519,595
612,545,653,595,520,605
616,537,653,604,516,602
614,542,662,595,517,602
615,541,646,606,518,597
604,546,649,603,521,598
604,546,645,604,525,595
613,543,662,593,520,607
609,546,646,603,523,597
603,545,653,601,516,601
614,527,657,607,509,604
609,546,646,602,512,594
609,545,662,590,522,606
603,538,656,597,519,601
613,542,645,609,520,597
616,539,652,606,520,600
607,533,659,605,514,600
609,538,658,608,514,603
610,544,662,594,521,606
601,531,660,606,508,602
612,552,661,592,524,605
604,537,658,603,515,605
614,546,658,593,519,604
612,548,660,593,524,604
616,541,657,600,516,603
608,535,660,604,515,604
616,542,658,600,518,605
604,534,659,606,513,602
606,546,646,606,520,595
615,544,661,595,520,607
608,543,645,605,525,596
605,548,652,604,516,600
616,539,656,607,517,604
616,528,658,609,511,604
609,535,662,606,515,604
616,540,657,600,517,603
616,541,656,601,522,601
618,530,656,610,512,603
613,529,663,605,513,606
614,527,659,603,513,601
610,528,661,608,509,602
607,541,654,603,517,600
611,544,647,603,519,595
622,529,658,609,515,603
615,541,661,596,524,604
616,544,657,594,524,604
613,529,660,607,513,605
615,527,660,609,512,604
605,538,655,604,516,602
620,539,646,609,520,595
606,538,653,605,520,600
620,541,647,607,522,595
617,538,647,607,521,595
618,528,657,602,512,602
620,539,655,603,513,598
614,528,662,609,512,605
608,538,655,604,515,606
618,540,648,608,522,595
617,538,656,602,524,601
601,534,659,606,515,604
609,544,646,604,523,594
609,543,650,604,518,597
621,533,658,611,514,602
606,534,655,604,519,601
611,529,660,602,507,602
613,544,647,606,523,595
608,531,658,603,512,603
617,540,660,595,509,606
607,537,652,604,523,600
614,544,660,596,524,605
617,538,655,597,519,605
616,541,660,593,525,604
610,543,647,606,524,595
617,541,647,602,514,595
618,541,647,602,525,591
615,542,661,594,522,605
615,546,659,589,528,600
620,536,652,603,518,596
615,542,645,608,527,593
605,542,650,602,520,597
606,536,656,605,510,595
615,538,658,599,521,602
619,539,643,604,522,595
609,533,654,600,518,602
605,541,646,605,523,594
617,539,658,597,521,602
617,538,657,597,526,604
611,540,660,593,521,605
616,532,656,604,519,603
618,540,640,602,523,595
621,533,653,605,514,603
612,541,644,601,525,593
611,524,663,607,510,603
620,535,652,607,518,597
612,523,659,606,513,605
618,528,657,608,517,603
616,537,658,596,526,605
618,523,660,608,510,603
609,540,645,606,516,595
618,525,659,610,514,602
612,540,645,605,522,594
613,538,645,606,525,595
616,537,660,594,522,605
618,521,659,607,512,604
619,536,662,600,519,603
608,541,647,605,525,600
618,522,657,609,508,604
618,533,656,604,520,600
617,527,654,608,509,604
616,534,660,594,523,606
613,527,661,606,511,601
621,536,658,602,523,600
609,523,660,608,512,604
614,540,658,593,526,605
611,539,647,606,522,595
617,539,645,607,522,594
607,541,649,602,519,597
620,531,657,609,520,601
615,540,645,606,523,602
617,535,660,594,519,602
617,538,664,593,525,606
615,538,661,592,520,607
614,537,661,593,520,603
618,534,656,604,521,603
609,536,656,602,517,600
609,536,656,602,516,602
611,525,660,603,509,598
617,540,655,589,528,605
611,540,648,604,524,595
621,535,648,607,522,594
616,541,658,597,528,602
610,532,658,602,520,604
618,531,657,606,517,601
609,541,647,604,529,599
619,533,657,606,521,603
617,540,660,595,523,603
621,534,660,602,520,601
617,541,659,594,526,604
620,535,648,607,526,595
619,525,659,607,511,605
607,538,651,604,526,598
614,533,644,607,521,595
616,539,657,592,516,603
611,541,646,604,524,594
618,540,657,589,527,605
619,539,657,598,529,603
611,528,661,604,513,603
618,540,662,589,526,605
619,540,646,607,524,595
621,538,649,607,515,595
619,527,660,610,512,601
622,526,659,607,527,604
617,541,659,595,525,604
616,525,661,606,512,605
614,540,661,593,527,606
618,516,654,608,513,602
617,539,657,597,525,603
611,529,661,606,516,605
615,542,662,594,525,605
618,536,662,601,523,605
617,535,645,608,521,593
615,534,660,608,513,604
617,526,659,607,515,603
609,543,645,606,525,594
620,532,658,608,521,603
616,528,659,607,516,605
611,530,660,605,517,604
624,536,652,606,523,599
618,538,661,596,520,602
612,523,658,605,513,604
620,535,659,599,523,605
617,543,660,595,525,605
609,542,646,604,530,597
615,539,660,594,524,604
618,540,645,603,527,593
612,546,646,604,529,597
617,543,660,591,525,606
617,542,658,595,527,604
622,538,647,607,522,603
617,542,645,608,530,595
620,535,657,601,526,593
612,530,661,606,514,602
607,543,648,605,520,598
616,542,660,595,524,604
618,525,661,608,516,603
619,541,662,591,523,605
619,541,663,594,517,605
617,541,647,609,524,593
622,540,653,606,526,599
619,537,659,604,514,599
619,518,660,608,513,594
618,536,657,601,523,604
614,525,662,608,515,604
611,535,658,602,519,603
616,541,645,606,528,594
609,542,646,606,523,593
620,536,656,607,520,599
612,541,644,609,519,593
618,542,661,590,519,605
621,539,655,604,513,599
620,528,659,609,507,604
609,526,664,603,508,602
619,540,663,598,505,600
619,541,659,606,513,599
619,543,659,601,513,602
621,539,657,601,511,604
613,531,663,606,507,599
617,545,647,609,514,593
607,544,657,605,515,601
614,550,661,595,517,603
620,537,662,599,516,601
620,541,658,604,513,601
612,537,662,604,510,597
622,545,653,607,519,594
611,551,649,606,520,597
622,546,657,601,514,599
619,550,660,597,521,602
599,546,656,604,517,599
617,550,647,608,521,592
618,550,664,592,516,604
623,548,660,602,520,599
610,542,648,605,524,593
621,544,658,601,512,600
622,547,662,599,514,601
619,542,655,599,522,600
617,545,663,590,520,604
608,554,649,605,523,596
606,551,652,603,522,598
615,552,661,594,524,603
610,553,662,592,523,603
613,553,648,605,519,591
620,536,659,595,523,601
610,540,660,605,517,598
619,551,664,596,523,603
603,550,653,605,521,596
620,547,661,602,524,601
618,550,663,597,519,603
608,551,653,605,526,596
618,554,659,597,523,601
622,549,658,601,519,600
607,542,661,605,519,601
617,554,647,610,525,593
620,549,657,604,519,600
620,552,658,604,525,600
616,554,657,597,519,602
609,551,650,600,523,598
620,549,657,601,522,602
616,552,658,600,523,599
619,545,656,604,524,600
615,551,662,597,525,602
601,540,663,606,525,599
619,544,653,602,521,596
612,539,664,607,513,601
619,552,657,602,519,600
617,554,647,607,526,594
606,553,656,603,522,599
614,558,660,593,528,602
607,557,648,603,523,594
611,557,661,596,524,601
616,553,659,601,523,602
622,546,658,609,520,602
616,559,661,594,522,600
615,558,660,604,521,593
618,554,658,600,525,597
615,538,662,606,515,596
619,550,647,603,522,599
603,551,658,602,517,595
615,545,657,598,524,595
603,555,652,603,524,588
615,559,662,592,528,596
621,552,655,603,518,593
614,553,651,605,510,601
619,550,654,606,521,594
617,554,660,592,528,599
616,539,661,608,511,599
607,553,652,603,523,593
607,554,657,596,524,592
616,556,660,596,527,598
616,557,664,593,525,599
610,558,646,607,524,589
617,543,657,605,517,596
611,554,650,607,523,593
603,552,658,602,514,597
603,556,652,603,524,593
616,556,655,603,521,596
620,556,653,607,524,596
611,562,646,600,516,589
606,552,655,603,521,597
613,558,660,593,528,600
604,554,652,600,527,591
607,551,658,601,521,593
612,557,662,594,526,601
611,561,660,592,529,597
603,558,652,601,524,592
618,555,651,605,525,589
605,561,653,601,525,594
613,559,661,592,529,600
618,535,658,605,513,596
620,557,648,603,528,590
621,559,649,605,527,593
612,542,657,604,511,596
604,557,651,601,530,595
618,555,657,597,523,596
611,543,659,604,516,600
615,559,659,590,528,599
618,554,656,599,519,597
614,555,656,599,524,596
609,546,660,602,515,601
608,555,651,602,517,595
615,561,645,604,529,588
618,553,656,601,524,596
613,554,661,589,520,600
616,547,655,601,518,596
618,551,658,602,518,597
620,553,654,600,524,595
604,559,651,602,520,594
605,549,654,605,523,591
612,555,646,606,516,586
613,550,655,601,519,595
614,558,657,591,527,598
604,559,652,600,524,594
611,547,656,604,520,596
606,558,651,602,522,591
607,558,646,602,529,591
612,557,658,591,525,599
608,559,648,600,529,590
617,549,655,607,517,595
604,552,652,599,521,597
606,555,664,592,525,596
609,547,659,601,517,600
612,558,657,593,526,597
614,555,660,591,523,600
619,541,657,604,517,597
617,551,654,599,522,598
608,558,646,603,528,589
617,545,646,607,527,590
620,553,654,598,521,595
615,551,656,601,526,600
619,548,650,595,524,597
609,548,646,596,523,591
610,556,645,604,529,590
614,555,660,590,525,600
613,538,659,602,517,600
612,557,645,603,529,589
616,551,651,602,523,593
613,553,660,590,525,601
617,548,656,597,524,598
618,548,657,597,513,599
611,537,658,605,517,598
615,552,650,606,527,592
604,542,657,601,518,599
615,550,661,598,522,599
612,537,662,603,515,602
607,553,645,602,527,591
617,549,655,598,523,595
618,545,654,601,520,595
620,551,655,599,526,595
616,545,656,602,519,598
617,550,650,593,525,596
603,551,652,599,521,595
617,543,655,604,519,596
604,548,653,599,523,590
613,552,656,592,529,600
618,550,656,598,526,595
616,549,656,595,520,600
618,552,642,602,529,593
613,552,646,603,527,601
608,552,643,601,527,589
616,549,655,600,524,598
606,542,660,602,523,595
612,551,659,604,524,595
613,551,645,604,527,588
614,552,662,591,527,601
614,549,659,597,523,598
605,550,643,603,528,590
615,530,652,607,518,597
611,551,659,595,525,600
613,551,658,592,534,600
612,553,659,591,526,596
617,549,646,606,527,590
613,542,656,597,530,597
604,552,646,605,528,592
614,547,653,601,524,599
609,539,658,603,517,599
614,550,661,590,529,601
598,545,651,600,524,595
614,550,658,593,533,597
614,545,656,598,524,597
606,539,656,598,525,597
602,539,650,599,528,595
603,538,656,598,526,591
613,532,650,604,522,594
598,528,651,601,521,595
612,529,655,599,525,599
609,530,664,591,521,602
611,522,661,593,521,601
599,532,642,603,524,588
605,526,654,598,515,599
598,518,658,604,513,598
600,531,649,598,525,593
609,518,657,603,514,596
612,519,657,605,514,598
612,520,655,604,515,596
607,520,659,601,513,599
601,540,649,598,525,594
611,531,640,604,515,591
605,529,644,601,523,590
613,531,647,602,523,589
602,535,651,600,523,595
600,531,649,599,520,594
602,524,660,598,518,600
599,532,653,598,518,595
612,522,655,602,516,598
613,531,654,595,518,598
613,520,658,602,514,598
612,537,657,589,529,601
612,520,657,601,518,596
603,536,644,598,527,590
614,533,650,600,520,592
612,532,656,598,521,600
611,536,654,588,519,601
607,523,653,602,509,596
605,523,657,598,514,600
602,526,655,598,520,601
610,537,657,587,532,595
603,529,657,596,516,598
605,538,643,599,526,591
604,520,659,598,515,600
614,525,654,597,515,597
612,534,660,588,523,599
614,530,652,598,523,596
611,533,652,592,525,596
613,529,652,603,520,597
613,536,649,595,525,594
614,533,652,594,524,596
603,532,652,598,524,598
603,536,653,595,530,591
610,538,642,597,526,589
609,538,657,584,524,601
614,538,658,584,529,591
609,534,654,590,528,596
603,540,654,588,530,600
611,533,652,591,527,598
609,535,641,598,527,590
612,533,651,592,525,598
613,534,654,592,523,600
610,536,655,584,528,601
599,530,648,594,526,591
611,535,643,600,529,592
609,522,655,598,519,600
611,538,643,599,525,591
610,521,655,598,516,600
605,537,641,596,526,590
610,539,654,587,532,599
601,529,652,595,530,592
610,539,654,587,530,600
612,535,642,599,528,590
614,530,656,597,518,600
606,539,638,590,533,587
600,527,650,593,520,597
608,521,656,597,517,601
613,530,652,591,522,603
604,534,639,596,530,591
614,529,652,590,523,598
614,525,654,598,515,598
611,534,654,583,529,601
613,531,652,589,530,598
601,530,644,596,523,594
605,518,655,596,518,600
612,524,656,587,522,598
609,531,648,579,530,600
611,530,641,597,531,586
616,521,651,596,522,595
609,533,645,595,529,593
616,515,645,593,523,596
608,515,651,598,516,601
613,523,651,595,517,593
612,523,657,585,527,603
612,523,652,596,524,596
609,516,656,595,514,599
616,519,653,598,522,597
603,527,653,596,521,600
614,526,647,596,525,594
608,533,639,598,528,592
609,516,655,597,518,596
610,514,656,597,515,602
601,521,654,593,520,599
608,532,652,585,529,601
611,534,652,583,530,601
610,515,655,596,517,601
607,520,655,595,519,600
614,528,651,585,523,589
611,532,653,586,520,596
612,532,656,585,528,603
607,531,638,596,531,586
608,532,640,595,529,592
612,533,640,595,531,590
611,527,654,588,522,599
610,530,646,592,527,598
606,520,654,594,515,600
608,532,655,582,527,600
613,518,651,597,519,599
608,531,641,591,520,590
608,530,652,591,527,598
608,528,649,593,527,598
605,535,640,598,528,591
610,531,653,591,523,597
601,533,639,594,531,592
599,527,651,594,521,599
609,535,638,597,524,590
606,536,639,596,534,589
597,533,649,594,526,597
611,528,651,598,525,597
609,532,655,586,523,601
614,531,644,600,524,591
606,536,653,586,528,601
609,530,651,593,529,597
613,532,651,594,521,593
602,522,655,596,512,602
610,533,655,582,528,602
613,529,648,595,523,597
599,525,650,595,525,597
607,534,640,598,530,590
606,522,655,596,514,599
611,533,640,598,525,591
607,520,656,596,513,600
599,533,645,595,524,594
611,535,653,588,530,597
614,535,641,599,527,591
613,535,655,584,522,601
607,532,649,596,522,597
608,536,656,587,530,599
614,528,650,598,521,599
601,534,647,596,524,597
602,521,647,596,520,595
612,532,649,600,527,593
609,531,653,595,516,600
605,534,642,601,525,590
610,530,650,600,528,597
605,529,653,602,521,598
606,532,649,601,524,596
608,521,658,602,517,601
613,532,652,596,524,598
608,535,659,589,522,602
598,535,649,599,526,595
608,532,652,595,522,599
609,529,656,588,521,601
606,535,656,592,528,600
604,538,642,602,530,591
598,530,649,599,522,599
601,538,645,598,524,594
608,536,644,604,529,587
607,536,655,590,527,600
600,524,657,598,513,601
607,538,657,589,529,601
613,524,650,594,520,599
610,526,653,602,523,598
603,536,642,601,526,591
607,538,656,591,518,597
607,537,640,601,529,590
612,526,652,594,514,599
610,535,657,589,527,603
608,537,657,590,526,600
603,524,657,599,513,603
605,537,654,591,528,599
613,524,652,595,521,595
604,537,642,600,527,592
612,533,658,588,524,603
604,534,657,595,523,601
598,534,648,598,523,597
605,531,657,587,526,602
603,533,649,598,520,597
600,521,657,600,518,601
611,531,654,594,525,600
609,521,655,604,519,600
605,525,657,599,518,601
600,537,642,601,529,591
604,537,644,600,526,595
611,529,649,599,527,596
605,523,652,606,520,596
612,529,653,597,523,598
604,537,654,589,531,602
606,536,641,601,529,591
602,528,653,597,522,600
605,536,641,602,530,591
612,535,642,602,525,591
611,529,652,599,528,598
612,532,655,594,526,602
611,525,652,601,524,598
603,538,641,598,528,593
611,522,652,592,520,598
607,535,640,602,531,587
612,532,652,599,515,600
598,533,652,597,529,598
608,533,657,589,524,603
612,523,650,603,525,599
612,533,654,596,529,599
612,529,652,598,526,598
610,520,655,604,516,598
607,536,642,602,529,593
608,520,653,589,531,593
609,532,650,599,525,595
612,531,658,597,529,600
610,529,652,599,527,598
611,533,642,601,530,591
607,532,658,597,527,600
613,527,653,600,526,594
608,535,659,586,527,601
612,531,652,606,520,600
608,536,658,585,529,602
601,529,650,598,521,599
600,538,641,602,528,592
601,521,657,603,517,602
611,523,652,601,524,598
607,536,656,587,526,602
612,534,646,600,526,594
610,532,657,588,525,602
612,524,646,603,522,594
605,528,640,602,524,592
612,522,653,600,529,598
605,533,654,593,526,602
602,536,641,598,534,595
605,518,658,600,515,602
600,527,653,598,524,600
602,532,648,600,532,591
608,518,657,599,506,600
607,538,652,592,529,599
610,534,651,596,529,599
601,538,643,600,527,595
612,520,654,603,522,599
600,537,642,600,532,593
607,525,651,588,529,602
612,524,658,589,524,602
611,533,646,599,522,596
606,539,657,590,532,601
608,527,656,601,519,603
609,521,656,603,518,602
604,535,642,604,530,592
612,531,654,595,524,600
609,521,655,602,518,599
610,532,655,597,525,599
609,528,651,599,523,599
607,519,658,602,520,604
609,521,655,603,518,602
611,534,657,588,530,603
609,536,643,602,530,593
600,538,646,598,535,593
611,528,655,589,527,601
607,536,654,592,530,601
607,535,641,601,531,593
610,520,656,601,516,602
606,521,658,601,519,601
612,521,655,603,520,601
615,529,652,600,521,599
606,521,653,603,517,601
610,532,655,589,516,604
600,519,659,599,516,603
611,533,645,602,527,592
600,532,649,598,527,597
601,535,645,598,526,595
602,526,653,596,521,600
599,538,642,601,534,591
610,533,658,583,519,604
603,527,654,598,521,602
600,531,650,597,529,596
611,535,657,586,526,603
605,533,658,587,525,601
602,540,638,597,534,595
613,530,653,597,529,598
609,534,656,588,528,602
607,524,658,599,522,601
605,537,642,597,533,592
602,521,658,599,518,602
612,533,653,591,528,599
604,530,655,596,520,601
608,522,658,597,518,604
612,534,653,592,525,604
609,539,658,586,534,603
600,530,653,596,521,599
613,531,652,592,517,601
615,529,654,599,526,598
607,540,656,584,533,602
606,539,655,588,535,603
607,538,655,585,529,602
611,534,654,594,526,601
605,514,657,596,520,602
610,538,655,590,527,601
612,532,653,601,521,599
611,528,645,597,525,599
611,525,653,601,521,599
612,523,656,600,522,601
601,540,647,596,529,596
600,526,645,594,524,597
609,534,652,597,526,600
601,523,659,602,516,603
602,541,642,598,528,592
609,540,657,587,529,602
602,527,656,593,521,601
610,536,653,593,524,600
611,538,663,589,530,604
607,527,658,598,521,602
602,540,646,596,531,595
606,540,642,597,526,592
610,538,658,587,532,599
608,539,642,602,530,592
613,537,655,592,528,601
613,536,659,593,525,600
599,523,656,598,518,602
613,535,649,600,524,597
602,540,641,596,529,593
610,538,657,588,529,602
604,526,657,600,517,603
608,540,656,590,529,601
610,526,655,603,518,599
612,540,657,588,525,602
613,535,647,602,524,594
606,539,654,587,527,601
601,530,652,593,511,591
613,524,653,604,521,600
606,537,642,601,528,591
610,525,654,595,523,599
612,524,656,601,516,600
607,536,654,582,518,600
609,537,658,588,528,603
609,537,657,589,528,603
610,537,656,588,525,602
601,538,649,592,515,595
611,530,653,598,518,598
612,532,653,595,521,600
598,530,652,599,517,598
606,530,652,590,520,600
599,537,648,598,526,595
610,514,650,601,512,602
593,538,644,600,525,593
609,530,651,605,521,598
601,534,653,599,522,598
605,535,644,602,527,592
610,521,652,603,519,600
601,536,658,589,526,602
608,533,652,597,519,599
600,526,655,601,514,602
603,516,655,601,508,600
607,535,653,598,524,598
601,538,655,591,524,600
606,520,657,604,512,601
596,528,653,594,509,593
609,533,650,599,515,600
601,526,659,602,513,601
614,523,653,605,512,600
605,535,645,604,519,594
597,535,649,598,516,597
603,537,652,596,517,601
607,534,651,602,514,595
607,535,653,597,515,598
600,537,643,602,512,591
606,536,655,592,517,602
608,531,652,600,515,600
607,527,654,600,515,596
603,531,643,603,518,591
607,515,655,605,507,600
606,526,654,595,516,598
603,529,659,593,515,603
607,514,655,606,509,600
606,527,642,603,516,592
605,530,657,591,516,600
604,528,643,608,514,589
607,512,656,604,504,600
604,527,657,593,513,603
603,525,657,591,516,600
608,520,654,599,516,601
603,525,652,596,519,597
596,521,653,601,512,590
602,509,651,599,516,597
599,525,642,602,515,592
604,521,646,605,514,594
606,515,652,600,511,600
598,526,643,604,519,591
609,519,648,594,514,597
603,525,656,594,520,600
606,523,654,596,517,599
604,517,651,601,513,599
601,523,655,591,516,599
592,519,649,602,512,592
592,520,650,600,512,596
608,520,657,599,513,601
608,522,645,606,514,591
607,521,644,603,518,594
603,523,641,603,519,591
594,522,651,601,519,595
605,521,659,592,514,602
597,518,654,599,510,592
603,519,654,598,518,599
605,507,657,602,506,596
604,520,653,599,516,598
604,507,653,601,512,600
603,507,655,600,511,592
608,519,647,604,519,593
595,513,654,601,510,594
608,515,656,592,505,602
594,513,656,600,513,600
601,521,656,589,522,602
603,520,644,605,522,592
601,519,658,591,519,603
603,517,660,595,508,596
605,505,657,606,508,599
603,516,644,606,517,592
592,504,649,601,518,598
605,513,646,603,517,595
591,510,640,603,520,590
602,511,658,590,524,601
595,516,644,603,519,592
597,500,657,604,510,597
595,514,657,592,522,602
591,499,647,600,517,598
593,498,643,601,526,588
599,506,655,606,511,604
599,508,659,591,520,604
601,511,656,590,525,601
602,512,645,605,517,592
595,515,656,593,522,600
591,516,658,590,525,603
595,511,655,607,516,598
599,511,655,592,524,601
589,517,642,603,525,588
593,501,657,603,510,598
594,503,651,601,519,598
596,514,657,586,517,600
600,520,643,603,517,597
591,496,647,596,519,597
598,516,654,595,522,600
600,512,644,599,514,592
600,511,656,606,511,601
600,511,655,585,524,603
602,506,656,605,508,602
600,512,657,591,521,602
602,500,659,604,512,603
601,514,645,603,520,593
601,511,656,591,527,604
592,517,655,590,522,602
590,509,644,603,514,589
602,513,650,603,521,597
599,515,644,605,523,594
597,517,657,593,522,603
599,518,656,591,526,598
591,517,648,602,521,598
602,516,657,595,525,591
590,508,647,599,524,596
600,504,654,595,518,601
597,503,653,600,519,601
595,514,653,601,521,600
600,514,653,597,523,603
592,521,656,593,521,603
596,523,653,591,524,602
589,516,651,602,519,599
590,520,651,600,521,599
597,524,657,590,526,603
600,521,655,594,527,601
594,521,636,604,515,592
597,521,656,592,526,601
595,520,641,604,523,593
599,514,652,601,519,600
601,519,648,602,526,594
588,517,650,602,526,593
596,519,651,597,521,599
596,525,656,591,521,602
596,521,660,590,522,605
597,517,658,591,527,603
598,506,656,603,512,604
600,511,655,608,513,601
599,505,655,604,511,602
587,503,643,601,527,593
588,510,644,603,522,594
593,508,645,603,521,593
598,494,657,604,508,602
585,507,643,603,521,593
597,490,657,600,516,601
585,496,642,602,522,595
594,481,648,598,515,599
599,503,648,600,521,598
589,506,654,595,521,601
600,504,658,591,520,604
587,489,647,602,518,597
585,502,641,603,522,589
594,507,654,608,515,599
588,497,649,598,525,595
592,506,653,598,517,599
593,503,654,593,527,600
594,491,652,600,512,597
585,506,643,604,525,592
600,502,658,590,520,602
590,508,649,603,522,595
588,512,643,599,523,590
598,495,656,604,509,598
594,491,652,601,515,599
586,496,647,600,523,598
586,500,646,600,524,595
589,498,647,601,518,597
596,511,655,604,513,600
595,512,646,603,520,594
594,511,652,602,518,598
597,495,654,602,512,602
599,511,659,595,514,600
597,508,656,604,512,602
602,509,659,599,516,604
596,514,656,592,524,603
597,515,644,605,519,593
600,510,654,597,519,604
599,512,654,591,518,604
596,512,642,605,522,593
598,514,652,598,522,594
598,511,656,592,518,601
598,512,649,601,517,596
599,511,656,589,520,602
598,509,657,604,511,603
599,501,659,603,508,599
601,501,656,602,510,595
601,514,647,602,519,598
596,521,656,592,522,602
600,503,658,603,508,597
587,512,649,601,517,597
594,503,649,599,516,596
602,512,653,602,516,599
592,510,658,604,508,601
599,517,658,591,519,598
598,502,657,602,511,597
589,512,652,599,520,600
601,512,658,605,508,601
596,521,657,591,525,603
600,514,656,599,519,599
597,514,651,599,517,598
596,506,655,602,517,601
590,511,645,602,521,597
591,501,650,600,526,595
600,511,656,607,511,601
590,521,650,599,522,597
602,517,651,602,518,598
599,517,650,602,518,598
596,522,657,591,524,604
586,519,649,604,513,599
600,509,658,599,509,600
592,521,643,602,523,592
597,524,656,593,527,603
598,518,655,599,522,604
597,518,645,605,521,593
601,508,657,603,516,604
602,517,648,604,522,598
599,516,653,599,521,599
596,520,658,591,528,603
587,518,653,602,518,600
590,520,649,606,524,593
599,508,657,602,514,601
598,515,644,605,521,592
599,520,657,592,522,603
593,522,642,606,528,591
596,519,652,597,521,599
598,521,659,593,523,604
600,509,659,605,504,597
596,516,652,593,524,603
598,521,659,593,522,604
596,524,654,594,527,601
601,522,654,595,528,602
592,508,647,601,522,597
599,509,655,600,517,601
596,525,655,591,529,602
595,523,654,594,526,600
599,511,653,590,522,604
596,521,659,590,524,604
600,508,657,604,513,601
593,511,646,602,527,597
602,520,645,606,526,593
601,522,653,596,526,600
589,517,650,601,524,598
595,521,653,596,527,600
591,503,647,601,516,593
600,518,652,598,521,599
600,517,652,601,521,601
602,513,651,602,523,599
601,510,656,603,515,604
600,511,655,604,519,603
599,517,652,599,526,601
599,518,651,604,523,598
599,522,650,600,525,601
601,521,648,601,524,601
587,521,645,605,528,590
589,517,649,604,521,602
598,515,650,608,519,600
596,526,655,590,529,604
589,513,653,600,518,602
590,513,654,598,509,598
599,507,651,602,520,601
589,512,639,599,523,593
588,518,648,598,522,599
599,513,653,603,523,599
602,515,652,601,523,600
597,522,651,596,518,598
588,524,643,602,529,593
585,521,646,602,526,597
593,526,641,604,525,592
586,512,647,602,522,596
597,510,657,601,529,594
600,510,657,603,518,605
599,513,654,596,521,601
594,511,654,602,516,599
600,521,653,600,518,601
595,516,655,593,521,603
595,524,654,595,527,601
596,522,658,594,523,605
591,509,657,605,514,603
586,521,653,603,520,596
595,523,642,607,523,591
598,521,649,606,524,596
596,522,659,597,515,598
600,523,653,598,522,600
589,526,645,602,524,597
597,510,652,601,517,601
595,527,657,590,531,603
592,525,655,593,527,603
596,523,653,598,525,601
598,522,649,605,524,595
591,511,651,602,521,599
597,526,658,593,524,604
589,516,657,604,520,604
597,525,652,596,528,601
595,526,657,593,528,603
592,527,641,605,526,591
601,522,648,603,525,598
600,524,645,605,524,594
593,523,642,606,526,594
591,514,656,603,520,603
599,509,655,604,515,604
599,521,653,599,527,602
598,525,654,595,518,601
595,524,640,605,526,592
591,523,657,593,526,602
587,518,648,605,521,598
590,508,647,601,523,597
600,522,650,589,526,601
589,522,645,604,528,595
603,518,655,603,524,600
595,503,652,603,519,601
591,521,643,604,524,593
591,502,646,602,517,597
593,503,656,604,517,604
601,509,657,605,512,603
600,511,656,595,520,603
587,523,644,605,527,592
598,519,653,601,526,600
593,523,641,605,524,593
592,514,653,605,516,601
594,521,653,608,518,599
586,522,643,606,525,594
601,518,646,606,523,594
595,513,653,610,516,599
599,517,654,601,521,599
596,521,643,604,523,591
597,520,642,605,523,594
591,520,657,594,525,601
589,516,645,602,523,599
604,517,643,606,522,596
590,508,643,600,521,594
594,518,656,593,519,604
588,519,650,603,522,597
588,512,641,604,521,593
600,511,656,608,511,601
603,515,646,607,519,595
604,511,657,608,514,602
593,521,645,604,520,593
597,518,643,607,523,592
599,505,656,605,511,596
596,518,658,593,524,603
603,512,652,602,511,603
601,503,657,604,515,604
602,504,658,604,511,599
588,516,647,603,523,596
597,520,654,598,522,602
597,518,658,594,522,604
599,517,653,599,522,599
598,518,646,607,516,590
604,512,657,605,510,602
595,502,652,604,523,595
599,519,643,607,526,595
592,515,654,600,523,597
591,521,655,594,525,601
603,507,657,604,512,604
587,509,644,603,528,595
599,516,652,601,521,599
598,517,655,598,523,602
598,519,655,594,527,598
595,503,652,603,524,600
586,516,650,602,526,598
600,517,659,593,524,605
588,519,649,603,522,597
596,507,657,607,511,601
599,500,655,605,514,602
592,507,643,606,527,595
597,513,658,594,523,604
592,512,655,594,526,602
598,515,658,590,523,603
600,510,655,593,520,602
593,497,655,607,514,601
602,511,653,598,518,602
596,504,655,608,514,599
597,505,649,604,515,600
595,510,652,604,521,601
592,510,643,607,523,592
601,507,652,599,520,603
599,494,656,603,513,604
597,510,654,607,517,599
597,511,653,597,523,600
596,510,652,602,521,597
589,510,641,606,526,594
592,513,644,606,527,593
601,505,658,594,524,605
600,509,653,608,515,599
594,508,657,592,521,603
591,508,642,607,523,592
597,499,654,604,518,603
589,512,641,605,525,595
596,510,653,600,524,600
592,507,647,603,525,598
595,511,645,606,522,596
597,495,655,600,514,601
602,489,652,604,511,601
601,507,658,593,524,604
604,512,653,596,517,601
601,506,659,592,520,606
591,503,638,597,525,597
599,504,655,606,509,602
598,511,653,598,523,599
593,512,639,605,519,588
596,512,650,600,521,601
589,510,635,602,523,592
593,494,649,602,521,601
592,512,642,604,524,593
598,513,654,594,521,600
601,506,651,591,521,606
599,498,658,606,513,604
602,505,656,604,514,603
601,508,658,596,512,603
599,508,655,600,517,600
588,509,641,603,523,594
597,511,652,603,518,600
602,510,655,593,524,604
593,513,641,606,524,592
590,506,644,602,521,595
598,513,652,594,524,602
590,504,643,604,524,597
589,512,641,606,521,595
601,503,656,607,513,601
601,508,655,593,521,603
594,513,642,606,523,593
594,506,656,604,512,602
599,510,655,602,518,600
600,498,656,603,511,599
589,511,641,606,528,591
590,502,646,604,522,595
599,509,654,606,517,600
598,495,652,603,517,602
600,507,653,603,526,602
589,514,643,604,524,592
591,512,641,604,524,594
594,512,655,593,526,603
596,497,653,601,521,600
597,512,649,602,519,596
597,505,654,606,512,604
602,507,655,599,520,597
600,505,655,606,505,598
593,512,648,601,522,599
600,507,652,599,519,601
599,503,649,599,524,601
590,510,639,605,525,600
604,506,656,592,524,602
598,510,654,598,522,603
595,510,647,604,522,597
602,506,656,590,523,604
602,496,657,605,513,604
597,510,652,600,525,599
600,507,650,600,519,600
602,504,658,598,519,601
595,506,654,597,527,601
602,504,652,602,520,600
602,504,657,592,522,604
602,493,654,600,512,598
588,507,639,604,523,596
595,490,651,601,520,601
589,508,648,606,525,597
603,505,657,594,521,605
604,494,655,604,512,599
593,498,642,603,527,596
588,504,642,603,525,593
590,511,640,606,523,592
595,493,646,602,518,597
595,495,652,601,518,602
602,505,656,591,521,605
597,509,651,599,523,600
600,501,654,590,521,603
600,505,656,591,525,606
595,510,650,597,512,596
598,501,646,605,509,602
593,497,648,600,522,598
598,506,652,606,516,602
599,486,651,604,515,603
587,506,643,605,528,594
602,503,654,608,512,602
595,509,658,592,525,605
591,512,639,604,524,595
603,503,655,607,512,603
602,510,657,591,522,604
588,516,647,602,526,598
591,515,655,594,525,603
601,515,643,607,528,596
593,515,640,605,523,594
594,503,650,601,530,599
597,505,650,601,513,597
599,518,655,594,525,603
600,511,656,591,529,606
599,518,641,607,526,592
599,516,653,599,526,605
593,515,658,593,522,604
600,502,655,606,518,602
589,518,641,606,525,595
604,514,652,602,519,596
595,519,639,606,527,594
600,518,639,607,527,602
591,522,641,604,531,594
597,506,650,602,522,600
602,506,655,605,516,603
590,510,637,604,528,595
603,516,646,606,527,598
587,512,652,604,520,602
599,506,658,605,516,605
590,522,641,603,529,596
597,518,653,594,527,601
596,520,641,606,530,594
586,523,642,602,528,595
591,507,647,602,522,595
603,505,656,604,520,605
591,500,644,601,524,599
599,519,641,607,528,592
595,520,643,605,526,595
591,517,648,600,526,600
600,518,647,598,524,602
597,518,656,592,528,605
599,505,654,603,518,602
600,505,653,602,520,601
593,521,642,603,527,593
599,506,655,600,520,603
599,504,656,604,511,594
598,519,654,598,525,601
600,518,644,607,527,596
596,523,653,594,528,601
589,516,652,602,523,601
598,519,641,606,528,593
602,521,653,599,523,601
597,522,655,592,529,605
604,519,649,603,524,597
601,516,645,604,522,598
594,524,641,605,530,593
594,517,643,606,526,595
596,503,654,603,522,599
599,519,639,605,529,593
602,507,657,606,518,604
602,518,652,598,523,601
599,521,656,594,529,605
591,513,651,603,515,599
596,507,650,595,528,603
591,524,641,602,529,595
601,507,655,606,514,602
587,519,647,602,523,599
598,520,657,594,529,592
599,515,657,598,525,604
603,508,655,607,516,604
603,512,652,604,522,601
600,520,656,593,529,603
588,523,644,601,534,597
600,521,653,595,527,601
592,521,641,603,531,595
600,517,650,602,527,602
600,522,655,595,527,604
598,506,650,600,522,601
598,522,654,593,533,604
588,516,652,594,513,602
602,514,649,596,523,601
599,511,655,605,521,603
604,512,649,602,523,600
592,508,648,601,524,600
596,515,646,601,524,597
600,515,652,599,526,600
601,518,652,596,528,602
600,516,656,592,525,604
598,502,654,601,507,599
601,512,645,602,515,603
602,516,641,605,524,595
596,517,640,606,526,593
593,519,640,603,526,595
605,516,638,605,523,594
595,502,650,602,515,602
601,500,657,604,509,598
601,511,656,591,526,605
590,505,645,598,529,597
602,507,653,589,520,603
589,509,642,603,526,594
589,510,641,604,527,594
591,516,641,604,523,596
597,513,653,607,511,604
599,500,649,601,518,600
602,506,654,605,506,602
606,510,657,596,518,603
600,515,652,591,523,604
596,515,641,602,524,593
595,499,648,603,514,602
594,515,639,604,520,594
594,512,654,605,514,602
591,506,643,601,525,597
595,515,642,603,522,594
593,515,643,602,523,595
606,517,658,592,521,606
599,513,653,599,512,597
586,509,641,603,522,594
604,507,654,608,503,600
596,506,649,601,528,592
606,511,656,595,522,606
605,511,655,606,514,604
602,512,654,592,522,598
603,498,656,602,514,603
595,503,648,601,522,599
603,495,653,603,512,604
600,514,656,590,521,603
600,511,652,595,526,601
604,499,651,596,508,604
601,505,655,593,527,603
604,503,653,603,510,604
599,507,652,599,517,601
592,507,639,603,514,592
595,505,643,604,518,595
603,500,653,608,509,604
601,503,649,605,515,596
604,493,654,606,509,603
601,504,652,595,520,601
599,504,651,602,516,600
598,506,645,604,523,596
604,499,656,593,521,605
604,499,655,592,517,605
593,504,636,603,525,595
600,500,653,593,511,601
591,500,640,604,523,594
596,489,654,605,508,601
599,494,650,599,506,598
600,502,653,590,519,603
596,488,652,600,515,602
598,487,655,601,511,598
594,503,638,603,521,594
599,503,648,603,517,595
601,505,652,596,519,602
600,501,654,593,523,602
601,488,656,601,513,604
599,504,651,603,520,600
602,500,656,592,521,606
601,500,657,591,515,604
602,499,651,607,505,603
602,498,654,591,514,604
603,503,649,599,517,599
600,503,650,602,514,601
591,500,639,603,524,592
601,500,653,593,515,599
600,504,649,604,511,604
591,494,640,603,521,597
602,488,657,604,508,600
593,508,644,606,519,595
599,491,650,599,514,599
592,504,638,603,519,593
605,506,652,595,522,604
595,497,645,600,525,599
600,500,654,591,529,605
604,509,654,589,523,603
600,507,653,594,521,603
603,507,653,607,520,600
602,513,642,605,526,593
597,515,640,604,525,593
602,489,651,601,511,598
602,507,651,586,527,604
598,515,656,592,526,605
599,511,644,604,519,602
601,513,655,591,523,605
602,511,657,591,528,601
598,513,657,593,527,606
594,513,641,601,525,594
603,499,654,605,516,600
592,515,639,602,524,594
603,509,655,593,521,603
593,515,639,605,528,593
601,509,654,592,524,605
597,514,652,597,526,602
603,516,647,593,525,603
599,512,657,590,523,604
595,511,654,591,524,603
604,510,653,592,528,605
593,499,646,600,523,597
600,509,654,595,522,604
598,512,654,592,525,603
600,512,651,603,514,602
601,496,654,602,516,604
600,513,654,593,528,599
594,513,639,602,523,595
599,509,654,592,525,606
598,516,656,603,524,591
603,510,656,590,527,604
593,513,641,603,529,592
601,511,654,604,516,603
597,509,656,592,525,605
600,514,652,593,527,604
602,510,652,608,512,601
598,514,653,592,521,603
604,509,652,606,512,603
595,497,652,605,514,601
598,509,652,605,523,601
601,510,651,607,513,602
599,513,655,593,526,604
603,508,653,593,528,604
600,510,654,594,523,602
600,510,656,592,523,603
600,513,654,592,523,603
599,515,654,592,526,605
602,497,654,604,507,598
598,512,655,591,526,604
600,514,654,592,527,602
600,515,636,606,529,593
589,510,640,603,527,595
600,512,650,596,523,600
593,510,641,605,521,594
589,510,638,605,524,592
589,512,638,605,526,594
594,515,638,602,527,592
600,508,640,600,528,595
603,498,655,604,511,599
603,500,652,603,513,602
597,501,645,598,523,597
602,505,654,604,515,602
589,500,649,601,521,600
602,497,651,602,523,601
591,505,645,599,523,598
601,498,652,603,521,602
602,507,642,602,526,598
598,513,652,593,527,601
600,514,655,592,522,603
601,515,639,606,526,592
600,511,652,605,516,601
601,512,640,606,526,593
603,505,655,606,504,602
603,503,656,602,515,604
603,515,651,595,525,601
601,502,653,607,510,603
601,514,651,599,522,600
589,511,640,605,529,595
591,504,638,605,528,593
600,512,651,597,523,598
589,517,647,604,524,598
591,520,641,602,529,604
602,514,643,605,523,595
601,500,655,605,506,596
598,513,649,602,525,597
589,507,641,603,531,594
591,518,645,602,521,597
586,518,640,605,530,592
589,514,646,601,523,598
600,513,647,598,521,598
599,500,653,602,517,602
602,509,654,603,513,604
602,512,652,601,521,601
603,510,654,592,526,606
604,507,655,602,511,602
598,518,637,604,525,595
602,508,656,606,513,603
600,515,650,602,521,600
595,511,644,606,522,595
601,492,655,604,508,597
597,501,652,601,521,604
599,520,643,601,523,597
602,507,656,606,514,603
597,519,657,592,526,600
602,499,658,606,511,601
598,503,651,605,524,594
601,510,655,607,516,603
602,516,651,602,523,600
593,507,648,603,525,600
594,520,649,604,519,599
604,516,653,599,522,608
602,507,654,606,511,600
590,510,642,602,530,591
590,522,642,604,526,595
600,506,653,603,520,602
592,513,652,604,519,600
592,509,648,602,522,597
591,509,647,602,525,599
601,522,641,606,522,593
592,512,653,602,516,602
601,522,652,595,525,602
591,524,642,604,524,594
600,519,658,599,521,599
590,523,640,606,525,594
598,523,652,590,523,605
597,523,656,592,524,605
600,522,643,602,526,601
595,521,642,601,518,594
599,521,656,606,525,595
601,516,646,604,525,595
593,511,647,602,520,596
593,513,655,603,516,602
599,517,643,606,527,593
598,524,654,596,525,603
589,523,648,593,525,600
599,525,653,590,528,597
602,512,655,604,513,603
599,521,654,597,520,603
591,517,645,604,520,598
591,513,653,604,512,602
592,513,653,594,527,602
603,515,654,602,518,600
600,519,655,593,521,603
591,513,655,603,516,603
596,502,652,597,511,593
598,507,655,605,512,603
598,522,653,592,528,601
604,507,657,608,512,599
602,507,655,601,521,598
599,514,648,597,520,600
589,528,655,603,518,601
598,525,654,596,521,601
589,524,646,602,522,599
602,520,652,599,526,590
596,510,650,604,524,599
590,521,647,603,520,598
598,506,657,605,521,596
595,522,642,607,519,592
598,521,650,595,519,599
589,520,651,602,511,599
604,510,655,605,512,605
600,523,652,591,520,604
603,519,653,600,515,599
602,523,647,607,522,594
600,516,647,604,518,602
604,513,648,602,519,595
598,526,642,608,525,590
602,519,652,603,516,600
603,518,657,597,521,600
601,526,653,599,510,597
596,509,655,594,524,592
598,516,650,604,517,599
592,524,654,596,525,602
591,511,648,602,524,596
602,521,645,610,519,592
600,523,642,606,522,592
591,516,641,608,524,592
587,525,642,604,525,595
593,515,644,600,522,595
597,524,650,595,521,603
605,519,652,604,518,598
606,520,645,608,523,591
593,520,648,603,524,598
602,517,652,604,517,597
605,508,659,608,508,598
590,512,652,605,517,596
591,510,652,610,511,601
596,523,654,605,516,601
593,526,653,606,510,591
592,513,656,608,509,598
591,516,659,607,508,597
597,525,652,605,517,597
597,527,653,603,515,597
598,525,654,600,518,600
597,514,656,606,500,602
597,530,652,605,514,598
601,527,653,601,516,600
602,520,647,607,519,596
600,524,655,601,521,599
602,530,660,595,520,602
596,515,659,607,511,598
592,529,645,605,522,596
595,514,657,609,510,599
592,518,655,607,511,596
602,521,652,598,525,601
594,519,658,605,511,595
604,523,648,606,519,595
593,524,654,604,516,600
602,524,653,608,512,593
600,524,653,603,522,597
601,528,653,598,523,600
604,528,648,607,518,593
600,529,658,611,512,597
604,522,652,611,522,598
597,515,655,610,510,600
602,534,656,597,522,600
602,535,642,606,523,591
601,526,652,608,516,593
601,526,652,605,519,598
602,527,653,607,510,597
598,535,653,599,527,599
603,532,647,602,522,596
593,533,642,607,527,593
600,536,643,610,526,591
602,518,655,608,512,601
597,521,653,609,518,599
595,524,657,607,513,600
596,521,657,606,514,602
590,523,654,604,517,600
600,535,656,595,530,601
602,536,654,598,527,600
593,531,651,605,523,599
601,518,657,609,515,601
603,531,659,597,518,603
591,527,653,603,516,591
598,532,659,596,525,603
603,520,654,612,518,598
602,531,654,599,525,600
593,536,642,609,528,591
602,527,653,603,523,598
602,532,637,610,513,600
592,527,655,605,522,600
594,534,645,607,521,592
600,531,655,596,522,602
589,529,651,604,520,600
598,536,654,600,525,596
596,535,653,601,525,599
598,534,656,595,521,602
600,519,656,604,512,599
591,542,646,604,528,596
591,537,642,608,524,604
598,516,655,610,515,604
606,525,649,604,520,597
603,533,648,608,525,594
604,531,657,608,516,603
592,535,646,601,525,597
599,530,654,604,525,598
604,525,654,606,523,598
603,529,651,606,524,592
597,519,658,608,512,601
599,535,656,596,527,600
601,517,656,610,514,600
601,529,654,603,523,601
600,535,645,608,524,594
604,531,654,604,523,598
592,527,654,605,519,599
598,538,656,596,529,601
602,534,644,609,527,596
599,532,654,604,525,598
593,536,641,607,529,593
602,515,655,610,516,600
590,533,650,605,521,598
592,537,645,608,527,595
599,518,657,609,515,603
602,530,660,602,522,601
599,534,656,598,529,601
600,521,653,605,513,602
589,522,653,604,520,598
587,532,647,606,527,595
600,532,659,595,520,603
602,532,649,607,526,596
594,536,643,606,531,590
590,529,648,605,528,598
597,533,641,604,526,593
601,529,648,607,528,594
591,527,653,605,520,600
598,535,642,608,525,591
601,534,642,610,525,593
602,528,654,599,526,601
602,529,653,604,527,600
603,530,659,602,523,604
594,510,650,606,517,596
603,532,644,609,528,593
597,530,648,610,524,590
593,524,651,603,517,603
600,531,654,603,528,596
604,531,648,608,523,596
590,534,657,595,529,602
592,528,642,607,530,592
601,540,643,605,532,592
599,532,644,605,520,593
588,521,655,606,516,603
595,518,656,610,514,600
601,517,655,611,518,601
600,519,656,611,514,600
603,532,645,609,528,594
593,525,653,606,513,601
600,520,655,609,517,598
596,537,656,594,529,602
599,536,652,594,530,596
600,536,656,596,528,601
592,536,641,609,527,591
601,530,655,601,521,601
595,518,659,608,516,604
597,533,641,608,525,592
597,535,653,609,517,599
595,525,656,603,515,603
600,525,651,603,521,599
600,519,654,605,508,603
590,537,643,606,530,595
599,538,656,598,531,602
606,533,647,608,526,593
604,539,652,592,532,600
609,521,654,610,511,598
607,534,658,599,522,597
606,518,647,610,512,596
602,532,642,609,530,590
598,534,656,596,528,600
600,540,655,594,531,602
603,530,654,605,526,596
600,516,658,608,512,600
606,526,656,606,521,599
599,531,660,595,523,601
601,515,658,607,517,600
590,526,652,606,517,601
596,533,655,599,525,598
589,539,655,596,525,602
589,531,656,597,520,602
589,526,654,610,513,599
580,540,650,607,520,601
587,533,655,605,516,600
596,539,657,596,523,601
597,527,655,611,515,598
600,539,644,608,510,598
599,523,658,608,515,599
600,528,655,600,518,600
599,535,645,610,523,592
596,519,656,608,512,601
602,534,651,604,524,595
593,538,642,608,526,592
588,538,643,606,523,592
595,536,657,596,527,603
599,536,636,605,526,590
594,535,640,609,523,592
595,535,655,597,525,599
603,532,646,607,523,597
600,530,654,602,521,599
598,533,654,600,524,600
597,529,654,607,515,599
588,525,657,607,510,595
594,527,654,596,518,602
590,531,654,612,516,595
593,535,658,596,523,601
582,542,646,606,521,599
586,531,653,606,520,595
585,534,643,605,520,594
594,539,653,600,526,599
593,540,655,611,514,601
587,534,650,608,518,597
587,532,654,605,515,597
598,521,656,612,516,599
597,535,658,598,523,601
595,523,654,610,516,601
599,531,654,606,522,597
588,524,658,608,513,602
587,529,652,606,519,597
599,526,654,608,522,598
599,521,654,612,513,600
598,530,650,603,524,595
596,532,653,601,528,597
600,524,655,609,515,598
596,519,657,609,514,601
595,535,656,595,528,601
600,519,653,612,514,598
595,522,658,607,514,603
585,539,648,603,527,593
588,540,656,597,523,601
586,528,655,605,515,598
590,535,640,611,520,591
590,541,656,598,522,599
587,523,656,609,511,599
581,541,649,606,518,595
584,534,653,606,515,600
587,525,655,607,512,602
584,534,653,607,519,600
594,523,658,615,513,600
593,532,638,611,519,592
597,540,656,595,525,601
597,525,652,611,511,601
593,539,642,608,527,592
591,523,656,610,513,600
596,538,656,599,525,600
591,539,642,608,525,592
597,521,655,611,515,602
596,536,654,603,525,602
595,535,654,600,523,600
595,536,659,597,524,604
597,518,656,608,515,601
594,538,653,596,525,600
600,526,651,607,520,598
601,529,653,609,515,598
595,536,642,610,524,591
595,540,641,608,528,592
597,524,657,610,512,601
585,530,643,604,521,594
596,521,656,610,513,599
596,539,637,606,524,592
596,534,652,603,525,599
595,539,656,597,529,599
599,533,652,609,518,597
600,534,652,603,523,598
588,542,645,608,527,591
585,524,656,607,514,600
589,541,645,607,525,595
598,538,659,598,527,603
596,541,656,597,529,593
596,539,655,598,529,601
594,540,655,597,525,601
593,540,643,608,524,592
599,535,659,597,523,602
588,542,642,607,528,594
591,523,657,608,514,603
599,535,658,599,524,598
594,542,655,596,526,601
598,522,654,609,522,599
586,532,650,606,520,597
596,526,653,611,521,600
592,525,655,609,513,602
601,526,652,608,522,600
587,542,647,607,527,596
599,535,655,599,526,603
595,539,656,594,524,603
600,535,647,609,523,595
596,540,655,598,527,600
596,538,659,597,523,603
601,538,643,611,526,593
600,524,654,611,515,600
598,534,653,605,527,599
598,537,641,609,527,593
598,536,646,611,522,592
600,529,654,607,522,599
586,532,649,607,523,593
595,539,656,595,524,603
600,523,653,608,522,593
588,535,652,606,520,599
598,524,656,612,514,601
599,535,643,611,525,592
599,532,652,607,523,599
598,529,655,607,516,602
588,528,656,607,518,601
600,535,644,611,522,597
590,524,658,606,512,602
600,538,642,609,528,591
589,521,658,609,514,601
598,537,658,601,524,602
599,526,654,609,527,601
594,536,652,602,526,600
601,534,653,605,525,598
596,538,658,595,526,603
602,532,648,609,516,596
594,542,657,597,529,603
599,523,657,610,514,601
593,534,642,609,526,591
601,534,654,609,523,598
603,533,653,605,521,602
599,519,656,609,516,602
599,537,655,598,529,596
600,520,654,611,520,598
600,534,657,592,527,599
601,532,644,610,525,593
599,533,653,604,527,600
601,525,653,604,518,598
602,532,653,601,526,598
595,537,658,596,523,602
590,539,643,607,527,593
585,531,648,606,525,595
590,529,657,608,515,602
594,522,656,612,514,601
595,534,647,607,522,596
591,539,651,603,526,600
585,535,643,609,522,591
591,537,652,599,527,599
596,527,654,612,515,600
596,535,654,603,522,600
595,538,656,598,516,602
592,527,657,610,515,602
589,534,655,606,521,599
597,537,656,602,522,603
600,541,644,612,525,592
593,533,652,604,522,598
598,534,658,601,521,602
596,536,655,598,526,601
598,520,655,611,516,600
597,522,655,604,520,596
598,538,657,597,525,602
594,538,655,598,527,602
597,521,656,611,514,600
585,539,646,608,524,596
592,527,654,609,515,599
597,537,646,612,521,595
590,541,643,609,519,592
596,531,646,607,517,598
593,532,657,597,518,603
593,536,656,593,520,602
600,540,654,605,519,600
598,538,651,604,522,597
585,538,649,607,528,596
590,532,658,609,517,602
593,527,655,610,515,601
598,527,653,606,521,599
598,533,652,607,521,600
598,532,653,606,525,600
589,543,643,607,531,593
599,534,646,610,525,593
596,539,657,599,525,602
596,538,659,596,528,604
597,523,655,610,516,601
590,541,640,608,529,595
588,539,641,611,525,592
595,542,657,597,528,602
593,538,652,603,521,600
590,544,657,613,515,600
593,540,656,602,521,603
591,544,651,599,524,599
589,546,645,608,526,593
586,544,643,611,527,591
596,541,650,608,519,597
585,546,645,607,527,601
591,547,655,599,526,598
594,544,654,598,526,600
597,541,659,598,519,598
597,541,653,603,521,600
595,539,652,605,527,597
585,543,650,607,518,599
585,539,654,607,524,595
596,530,654,613,515,600
586,546,644,607,529,591
593,547,654,599,530,600
591,546,641,605,528,588
590,529,657,603,526,591
595,534,651,610,521,597
595,546,659,597,526,601
596,535,653,608,521,599
593,545,654,596,522,603
595,541,653,605,523,602
585,545,647,606,524,595
583,547,655,600,519,600
587,526,657,611,509,598
587,541,652,601,516,599
594,532,655,613,514,597
590,548,644,610,524,591
583,542,648,607,521,595
596,541,655,607,524,599
594,534,655,614,516,600
595,543,650,608,521,597
596,536,655,609,517,600
595,543,650,604,514,597
596,542,653,606,524,599
594,539,655,603,527,599
596,548,654,602,526,602
596,532,644,610,523,596
597,533,655,605,513,596
582,549,651,608,527,597
584,551,644,610,527,593
576,545,653,611,521,600
585,550,653,605,525,600
590,550,658,603,523,602
589,555,657,602,526,601
591,548,654,607,522,601
577,543,654,611,521,598
588,540,650,606,517,599
588,554,647,614,522,593
575,555,650,610,527,595
577,556,653,610,521,596
585,551,655,609,525,598
588,556,658,601,527,603
580,552,650,609,529,598
591,542,656,615,513,600
594,552,648,614,526,594
591,542,658,615,519,601
582,549,655,613,524,599
588,556,659,601,529,606
588,541,660,615,520,604
592,543,656,605,519,600
579,540,659,614,521,603
590,550,655,610,526,602
583,541,658,613,508,597
590,539,659,617,520,599
592,550,662,612,527,604
592,551,646,617,525,594
592,538,660,614,514,604
584,556,658,609,525,603
596,538,653,613,518,599
591,556,644,615,529,592
590,555,646,616,522,593
578,556,651,613,521,597
590,557,647,616,528,595
584,559,657,607,524,600
588,557,646,616,524,593
590,557,662,602,526,603
594,544,657,618,515,601
593,558,647,617,527,595
584,560,645,614,525,594
595,552,662,603,528,604
596,552,655,604,515,603
596,552,646,615,527,593
587,542,644,617,528,593
600,551,660,611,528,604
589,551,655,609,527,601
587,545,659,609,526,602
592,538,661,613,532,602
593,544,656,613,525,596
595,543,657,611,528,601
596,553,659,598,533,598
599,547,660,602,529,603
590,544,660,615,518,602
597,552,658,608,527,602
587,553,655,613,527,600
599,546,656,612,529,600
586,550,655,612,526,598
592,556,660,602,531,602
589,539,661,615,516,603
585,554,659,603,530,604
590,553,652,616,524,597
587,558,645,616,526,593
589,553,651,616,523,598
585,555,661,603,525,603
596,555,655,617,512,600
584,557,647,617,531,598
598,551,657,613,523,599
594,542,661,619,517,600
596,553,660,606,526,603
592,554,657,609,528,600
596,556,659,602,529,603
595,552,658,610,526,601
583,549,652,614,528,596
586,545,665,614,519,603
596,541,657,610,525,602
588,539,661,616,519,604
595,548,660,608,529,605
597,538,651,619,514,600
591,547,654,611,529,599
594,535,659,617,520,601
585,548,651,613,530,597
596,532,657,617,521,601
590,537,659,615,520,602
583,552,643,614,528,593
598,549,660,606,527,605
595,546,653,615,522,590
583,541,654,614,514,600
598,543,657,611,529,600
587,543,656,614,525,601
596,544,655,611,532,601
597,544,654,610,530,597
588,549,645,613,529,597
594,533,660,617,518,603
585,544,657,618,522,600
587,547,640,615,525,596
597,546,645,618,529,591
587,538,657,612,522,603
588,545,651,613,533,594
591,546,645,617,531,592
590,532,659,616,520,603
593,531,660,616,520,604
588,537,656,615,531,592
594,527,658,619,518,604
587,536,655,614,521,600
601,519,652,618,515,601
591,531,657,616,516,600
600,536,655,615,525,598
591,544,644,615,532,593
604,533,656,616,521,600
599,527,659,617,519,603
591,546,646,614,532,594
599,539,655,609,525,600
601,526,655,618,518,601
596,545,658,604,525,600
598,545,659,597,531,601
590,534,655,613,527,601
597,545,658,602,534,604
601,539,652,613,525,596
592,546,644,617,530,593
592,532,657,615,520,602
599,547,656,605,533,601
597,540,655,609,529,600
595,529,655,614,516,604
597,542,655,606,530,601
592,545,659,618,517,603
591,532,658,614,519,602
600,538,656,610,526,601
596,542,657,604,530,603
602,536,651,614,526,596
597,539,659,603,526,603
602,534,647,618,525,593
597,519,659,616,515,604
597,523,656,609,525,599
596,537,659,605,526,602
599,530,654,612,520,600
598,534,660,603,526,604
590,520,655,614,519,601
593,530,654,612,522,600
601,518,657,619,516,601
602,520,655,620,518,601
596,535,659,603,523,604
590,524,655,613,517,602
600,532,658,603,526,605
598,532,654,609,522,600
598,533,647,618,520,599
594,523,658,616,512,602
602,528,662,616,512,603
597,533,657,604,525,603
604,524,655,614,516,600
603,528,654,613,524,600
600,531,646,618,526,591
600,529,659,609,520,605
587,529,650,611,518,598
593,520,658,618,515,604
603,519,660,617,518,603
593,533,643,615,526,592
601,519,656,610,520,597
602,531,650,615,521,595
598,536,658,604,523,605
603,532,656,608,521,601
591,526,653,615,521,599
591,533,647,613,520,595
602,530,655,604,527,601
596,531,655,602,526,601
602,527,655,607,524,602
603,527,647,616,524,593
590,531,644,613,521,593
604,524,651,610,526,602
601,525,660,602,521,602
601,531,652,600,523,600
599,531,656,606,522,601
597,532,659,601,524,603
593,537,645,615,523,592
597,538,644,613,527,594
587,526,659,614,515,603
595,532,651,612,523,599
595,537,650,614,522,595
589,542,658,604,524,602
594,539,658,606,525,602
594,540,660,603,529,602
600,536,652,611,520,598
595,539,644,617,526,603
588,532,654,611,520,601
585,539,649,612,524,599
595,533,655,605,526,601
604,535,651,616,527,596
601,519,654,616,516,600
600,532,654,609,525,598
594,522,659,615,515,604
592,536,642,615,528,593
598,537,655,605,530,601
601,529,654,609,526,600
589,530,658,605,527,602
600,531,653,612,530,597
590,537,643,615,525,593
586,531,655,612,524,602
597,535,649,612,522,597
588,520,658,616,512,599
595,538,657,607,522,604
583,539,651,611,526,590
590,539,659,600,526,604
590,527,659,614,513,599
585,536,647,611,524,596
597,534,654,612,525,598
588,525,658,611,518,602
598,529,656,610,524,599
598,536,647,612,528,595
596,535,645,615,520,592
599,533,649,613,521,598
586,534,652,610,526,600
594,539,659,600,529,605
585,535,651,609,529,598
588,537,645,612,526,593
586,532,652,611,524,597
596,531,657,607,523,599
591,534,659,600,515,601
588,530,655,610,521,601
597,535,643,611,527,597
599,522,655,614,518,602
585,531,654,604,512,598
589,524,656,609,521,601
591,515,658,613,514,602
589,519,658,607,529,605
593,535,653,605,529,602
595,538,660,603,524,603
596,525,657,615,515,603
597,541,661,604,527,600
590,524,656,614,516,601
595,524,657,614,517,603
582,536,649,610,526,598
596,525,654,614,516,601
595,531,655,606,526,600
595,540,655,601,532,602
595,539,659,603,524,604
596,531,658,600,526,604
594,537,659,600,531,605
597,527,655,616,515,601
595,540,655,601,533,601
585,532,653,612,518,603
594,525,658,615,518,602
590,538,658,604,527,604
595,532,658,600,526,604
593,522,660,602,530,599
598,531,655,611,522,597
598,525,654,616,518,601
589,528,657,611,524,604
589,539,654,602,530,596
599,530,653,610,528,598
595,537,658,604,526,602
597,526,654,616,519,601
599,535,653,604,526,597
596,539,658,599,528,598
593,539,644,615,529,593
590,538,640,612,530,593
597,531,651,614,523,600
588,527,656,611,517,604
593,528,657,612,515,602
599,535,654,608,524,600
597,539,655,602,531,600
595,540,655,601,528,603
587,541,650,611,528,596
585,539,648,610,534,596
600,531,652,613,525,600
588,535,648,610,528,599
598,526,655,615,521,600
598,537,658,599,526,603
586,535,649,611,529,599
596,538,658,603,524,600
595,524,655,614,520,602
589,540,659,601,528,604
589,545,643,614,534,593
597,541,659,601,528,604
591,529,653,613,511,592
590,527,657,612,526,598
592,525,659,613,520,605
588,537,650,609,525,598
590,533,643,606,528,596
599,535,653,608,526,600
602,531,655,615,518,594
589,544,651,609,525,597
595,528,657,611,520,603
588,536,653,611,525,600
604,534,650,615,525,595
600,537,658,607,529,603
602,539,644,615,524,593
588,536,649,610,531,593
595,527,653,608,519,604
602,537,644,615,528,595
602,533,653,614,527,601
601,531,651,613,525,599
593,527,656,612,517,602
601,523,657,616,519,602
600,541,658,602,529,603
600,540,642,613,526,593
594,527,656,612,520,602
597,540,644,614,527,594
601,535,653,613,526,601
599,536,647,615,526,596
599,539,643,618,525,594
595,521,656,612,516,604
604,534,658,608,525,602
602,539,656,604,527,602
602,524,651,611,516,604
604,514,653,616,528,601
594,528,657,615,521,602
602,525,657,616,518,600
599,538,643,601,518,604
603,533,644,613,524,597
602,541,657,604,529,601
603,522,657,603,528,604
598,524,658,618,515,603
602,537,657,606,530,602
603,541,661,606,528,604
604,536,653,604,519,602
604,529,654,617,522,599
603,540,658,602,518,603
608,538,652,610,524,600
600,539,643,613,528,594
603,523,657,618,513,602
594,529,651,614,523,597
603,539,643,616,525,593
603,537,654,612,526,603
599,526,657,614,517,603
592,536,650,613,529,603
594,532,654,613,521,604
602,537,645,616,527,594
605,536,659,603,522,592
609,535,648,616,523,594
601,540,643,605,528,604
608,536,654,609,523,599
603,538,653,612,524,601
607,536,655,610,519,598
603,524,659,617,514,602
606,532,656,616,519,600
608,536,649,616,523,597
605,536,659,605,522,606
603,523,658,615,513,604
604,538,656,607,522,602
609,524,656,618,514,601
607,524,655,616,516,600
596,534,653,613,512,597
606,524,656,616,515,603
603,535,660,604,524,603
610,534,651,611,523,598
595,538,649,612,526,598
604,536,654,607,524,601
606,535,654,609,529,601
608,525,655,616,515,600
606,536,654,611,528,599
599,527,657,616,517,602
608,535,645,619,526,595
595,524,658,615,515,603
608,532,656,608,523,610
598,540,643,618,530,591
605,525,658,617,514,601
596,541,644,614,528,593
608,536,647,617,523,594
606,522,655,619,515,601
595,528,656,612,519,603
594,538,649,614,522,593
607,534,646,616,524,597
593,536,651,612,527,597
594,542,648,612,529,600
601,524,659,615,514,602
604,540,659,604,526,600
602,522,654,617,516,602
608,532,654,611,525,599
598,536,659,602,526,603
604,537,660,602,527,605
604,523,654,619,519,600
603,532,654,613,523,598
608,531,650,613,524,601
607,530,654,613,523,599
600,520,659,615,518,604
605,520,659,618,519,602
595,538,645,614,529,600
596,526,650,614,512,602
597,535,647,612,525,597
605,534,659,603,526,602
607,529,649,614,523,598
598,529,656,605,529,603
605,528,653,610,528,597
605,530,644,616,530,590
604,526,657,606,531,603
606,525,654,608,527,600
595,527,644,614,530,595
608,517,643,616,528,595
603,510,654,613,516,602
595,521,650,616,527,596
606,526,642,617,526,593
609,521,649,615,525,599
589,520,653,610,522,599
597,524,649,613,531,599
605,518,654,614,523,601
604,529,659,603,519,605
604,525,658,614,518,604
602,527,658,603,529,604
595,529,650,601,528,604
605,513,658,617,518,601
608,524,656,608,526,601
605,527,653,613,530,597
607,529,657,601,528,602
604,525,655,609,532,601
608,526,649,602,530,604
604,536,646,615,531,593
602,531,648,616,530,595
607,533,646,615,524,593
594,528,656,613,525,602
606,523,656,614,520,600
597,531,642,618,530,594
598,525,659,614,515,604
599,540,660,601,530,603
600,539,654,607,525,600
607,539,648,614,525,595
604,532,659,615,518,604
606,537,658,618,525,601
591,543,654,614,521,597
605,532,656,616,515,598
600,548,644,616,525,591
596,548,644,617,524,591
602,540,654,615,518,599
591,535,659,603,525,603
595,547,643,616,523,593
597,546,660,608,519,600
593,551,644,618,524,591
601,544,655,609,523,602
602,546,654,611,522,599
598,549,658,603,524,604
590,542,653,612,517,598
598,550,661,602,523,603
598,526,660,617,517,601
600,550,658,605,529,601
601,549,645,616,527,602
603,542,653,609,520,597
603,544,656,608,524,603
604,545,650,614,527,596
590,542,650,613,520,598
602,540,654,611,524,600
596,547,645,615,528,593
591,544,644,614,528,595
597,545,656,603,527,602
591,544,646,613,526,593
600,529,657,617,515,598
602,543,644,616,527,590
607,538,652,613,524,597
599,544,648,611,525,599
596,544,643,615,526,590
597,547,658,604,530,601
592,545,662,603,528,601
583,550,644,614,529,595
583,550,659,616,520,593
594,532,659,617,511,601
601,545,648,618,523,593
595,543,659,602,524,592
600,545,655,613,523,596
599,549,641,615,531,591
601,538,650,611,522,599
591,543,655,611,521,600
600,545,660,605,530,600
599,540,653,615,522,598
598,547,658,603,523,603
585,533,659,614,518,604
586,542,651,612,520,599
594,532,659,614,519,601
593,532,659,616,516,602
598,543,658,598,522,602
595,525,658,615,515,603
589,540,649,614,529,596
600,540,645,617,525,591
600,537,658,607,523,602
599,540,660,607,523,601
593,540,659,604,525,598
596,541,654,610,525,599
597,528,657,617,513,599
591,531,657,618,515,597
594,539,653,616,521,602
595,544,652,610,524,593
587,534,655,614,520,598
584,538,658,613,518,600
592,532,655,617,514,599
595,540,655,604,524,604
585,545,653,614,518,598
602,544,653,611,525,596
600,544,650,612,529,592
600,529,657,620,519,599
590,537,649,609,526,598
601,529,656,617,520,600
593,526,660,615,514,601
595,543,659,609,526,602
596,542,656,603,528,600
595,528,656,618,515,602
601,528,655,618,519,600
592,534,652,614,518,599
591,533,655,613,525,599
591,542,643,615,529,592
602,525,656,617,509,599
591,543,641,614,531,602
602,536,653,611,527,596
591,544,644,616,531,592
597,539,659,604,523,603
595,541,644,616,529,591
589,547,656,602,530,601
593,547,654,609,527,600
580,548,643,614,530,593
591,546,661,605,528,601
591,548,658,603,528,603
593,538,651,609,526,599
589,533,657,614,515,601
596,547,657,604,530,602
599,534,653,615,516,599
588,549,646,615,530,593
601,534,653,609,525,597
597,540,654,612,526,598
593,546,657,604,532,603
592,541,636,614,531,592
598,540,649,614,524,596
598,533,654,614,523,599
585,544,659,617,529,594
585,542,647,611,524,597
593,545,658,607,525,599
598,543,659,603,528,603
588,546,650,610,531,598
592,545,655,603,533,601
595,541,659,602,530,603
599,540,652,611,527,604
598,542,644,618,533,594
596,542,653,609,530,598
601,538,649,616,527,596
591,527,657,616,520,601
598,533,655,615,522,601
586,540,651,619,523,602
598,539,647,614,530,595
585,545,643,613,528,596
590,547,643,614,531,603
595,540,655,605,535,601
586,542,650,611,532,596
590,546,646,616,522,601
598,542,661,604,524,603
599,537,654,616,523,599
591,525,657,614,520,602
594,542,657,602,528,604
600,540,652,614,519,598
598,539,647,616,521,600
592,542,643,614,532,593
598,530,653,615,527,595
595,526,657,616,516,601
598,537,653,610,531,600
596,542,643,616,530,592
597,537,653,609,529,601
588,542,644,610,528,601
601,531,652,618,524,598
600,518,654,615,531,596
589,537,643,615,535,592
595,537,660,603,528,604
594,536,643,614,529,600
600,533,655,610,528,597
588,524,653,612,532,594
588,521,657,616,517,603
595,536,658,601,532,601
595,538,653,606,529,600
598,534,645,616,532,593
585,530,655,612,522,602
598,535,649,614,528,599
598,524,654,615,519,599
597,522,653,617,515,596
593,537,659,602,529,599
596,536,655,607,530,606
600,536,648,614,525,597
596,534,658,603,529,604
595,534,653,606,519,599
593,537,657,601,529,594
587,539,646,613,527,594
596,537,646,607,528,600
587,528,656,616,522,601
597,529,654,611,520,596
600,531,656,610,524,602
595,523,658,597,525,604
595,525,644,615,526,594
587,536,649,611,524,598
588,525,655,612,520,600
598,531,656,609,522,601
587,536,642,614,529,601
588,523,656,617,527,593
596,519,657,614,515,603
596,522,653,613,521,601
599,522,652,613,525,600
587,514,657,613,515,601
593,531,657,602,531,602
598,531,658,602,529,604
595,529,653,616,517,601
591,527,657,609,521,602
583,517,656,614,518,603
595,515,654,616,514,602
584,524,653,612,519,601
599,528,650,614,524,595
598,515,653,616,516,600
594,529,657,601,525,605
595,531,656,606,524,601
598,521,647,616,530,600
595,527,654,603,525,604
598,527,650,612,524,597
590,515,658,601,525,600
592,533,657,603,527,603
585,530,644,614,530,592
584,534,642,614,530,591
593,532,653,603,523,603
598,529,649,615,525,598
596,526,651,614,521,599
595,514,655,617,519,600
590,529,654,609,521,603
589,533,655,601,527,593
594,531,652,610,524,600
590,532,658,602,525,604
590,521,662,613,517,604
596,532,661,600,525,604
597,531,655,610,526,600
594,535,657,604,528,604
587,530,651,611,522,597
598,520,656,616,517,602
586,518,649,611,522,601
594,518,659,614,516,602
593,538,654,604,532,603
594,533,654,604,528,602
599,524,658,609,523,602
600,528,652,610,524,601
596,528,660,603,527,604
594,533,657,611,525,600
591,528,653,617,524,600
590,521,659,613,519,603
598,535,647,613,527,595
593,533,654,601,521,602
586,530,652,610,526,599
592,524,658,612,519,601
597,531,651,611,526,597
590,521,658,608,511,600
595,531,654,610,527,604
588,526,657,613,520,602
596,522,656,616,518,602
590,539,656,604,531,599
593,533,647,613,525,597
590,537,653,610,528,604
587,536,651,614,529,592
590,539,642,615,524,594
575,535,655,611,517,600
592,537,657,610,521,604
582,529,659,616,513,601
595,547,643,616,527,594
594,537,653,614,527,596
594,528,655,616,512,601
595,530,655,618,515,601
590,528,657,615,524,601
583,540,651,609,528,599
592,539,653,608,525,599
595,539,650,612,525,602
595,533,654,611,522,600
592,541,659,616,523,599
592,542,654,606,532,606
594,532,653,615,523,601
583,536,654,612,522,602
595,539,650,613,528,598
583,543,644,613,528,596
588,542,644,609,520,595
596,539,650,613,528,595
597,526,657,614,518,603
597,536,652,607,528,599
591,542,649,615,526,601
584,540,647,612,524,597
594,537,653,610,520,601
592,536,652,616,522,599
580,542,646,612,528,599
589,543,654,603,521,599
588,540,654,609,528,600
594,533,650,607,523,599
592,540,654,614,523,599
593,538,653,615,523,598
585,547,643,615,528,593
593,541,653,609,526,600
596,540,649,613,529,597
583,548,648,611,533,590
596,543,647,615,530,600
593,547,657,603,532,603
591,530,654,615,515,597
585,545,647,611,531,597
596,542,653,611,528,600
592,530,655,617,519,602
596,541,654,609,521,601
590,544,655,602,534,601
595,544,659,603,528,605
598,541,648,615,530,594
590,531,657,616,523,600
586,540,653,608,527,605
592,528,658,613,521,602
596,537,652,612,530,600
588,546,643,613,530,595
593,544,643,616,530,594
586,539,652,611,522,599
596,543,658,602,528,602
594,544,641,614,528,594
586,535,654,610,523,601
594,542,644,616,528,593
589,547,642,616,528,592
592,546,659,603,532,603
591,548,643,616,532,592
591,542,641,615,529,593
599,542,646,614,525,594
587,547,637,608,531,592
590,532,656,612,518,603
584,537,651,613,523,600
590,527,659,612,522,604
592,544,656,602,529,604
596,529,655,616,523,600
586,547,642,616,534,593
590,544,657,602,527,602
595,540,658,602,532,605
592,542,653,609,528,603
590,539,641,614,528,593
598,538,652,611,527,601
592,543,643,613,532,592
594,541,659,601,530,604
595,542,646,615,528,595
585,545,648,612,520,602
596,544,655,607,520,601
595,548,654,607,531,600
593,546,656,597,517,602
600,529,655,615,522,600
599,540,647,614,530,597
586,534,655,613,520,603
589,523,656,610,517,604
596,529,654,607,527,599
594,545,657,600,523,604
595,535,655,600,524,605
597,539,659,611,530,605
594,544,658,602,529,600
583,528,657,615,517,604
582,544,650,613,529,596
595,541,659,607,528,603
594,544,658,603,525,604
581,546,647,613,526,596
585,544,654,611,522,600
594,549,644,615,530,592
588,538,656,611,523,596
595,536,659,613,515,601
584,552,648,611,529,596
590,548,645,616,526,593
585,550,647,612,526,595
591,554,643,614,528,592
594,557,642,616,527,593
595,555,658,603,526,600
587,554,651,613,532,599
593,560,642,615,531,592
600,541,654,616,515,603
593,543,658,612,517,602
588,552,654,612,526,591
586,558,643,616,527,592
601,554,650,612,528,598
600,544,653,620,514,597
587,547,658,613,520,603
599,556,646,616,525,594
594,546,654,612,521,598
600,553,657,607,525,601
590,558,650,612,521,596
586,552,652,612,530,597
586,551,650,611,528,593
600,554,653,609,524,599
592,556,643,615,531,593
598,557,658,602,528,602
600,556,659,603,524,593
587,558,642,615,529,593
599,533,652,615,512,602
604,552,658,605,528,600
588,550,654,611,524,600
600,554,659,608,524,600
600,543,655,614,517,601
586,553,651,612,522,598
588,557,644,613,527,592
595,557,654,604,528,601
597,557,655,608,531,599
597,555,655,610,528,599
594,556,656,606,519,600
594,555,658,602,529,599
599,553,654,616,523,599
593,557,643,613,527,593
593,557,640,612,531,591
593,542,655,617,518,600
593,558,642,617,525,591
590,546,655,612,519,600
599,554,649,613,523,596
592,558,643,615,525,591
593,560,643,616,528,591
595,550,658,605,528,602
589,543,657,612,518,601
592,551,653,613,523,596
595,554,655,609,529,604
596,557,656,603,529,601
584,552,652,611,521,598
596,555,659,604,528,603
588,560,642,614,530,593
596,556,642,616,528,590
596,552,652,612,527,597
586,556,640,613,520,594
599,553,652,609,529,593
596,554,646,615,530,602
602,553,648,615,527,593
593,557,658,603,530,602
600,553,646,613,525,593
592,559,642,612,528,593
599,542,654,616,522,599
598,555,654,608,527,601
595,543,659,615,518,602
596,550,654,613,528,599
587,545,655,613,521,602
593,556,643,614,529,593
599,551,653,608,524,606
588,548,640,614,524,591
600,552,645,612,524,596
597,541,652,617,514,598
597,550,654,609,529,598
600,549,648,612,528,592
589,543,657,613,521,603
588,553,640,614,529,591
588,550,651,612,520,595
597,553,659,602,522,603
601,551,646,612,529,594
596,555,657,601,526,601
595,537,654,616,516,600
590,550,658,602,527,601
593,551,658,602,528,605
587,541,654,611,528,600
597,551,658,598,512,603
593,553,653,599,530,602
594,549,642,618,528,592
586,549,649,611,528,595
598,546,648,612,528,598
595,554,652,608,527,599
596,550,658,599,529,602
598,552,645,615,526,600
584,550,646,610,522,602
595,545,652,606,528,600
592,534,658,614,519,603
595,539,653,601,522,603
597,542,650,611,525,599
595,548,658,602,527,604
594,546,651,609,527,599
598,545,653,605,523,602
595,550,656,601,532,602
597,540,653,611,523,600
589,538,655,611,514,597
590,536,656,614,517,602
593,551,655,601,532,602
596,536,655,614,520,603
595,535,655,614,531,592
598,549,658,603,528,601
600,545,649,609,527,600
587,540,645,608,525,596
594,533,655,614,516,600
595,531,655,611,520,602
596,547,656,598,528,600
594,531,656,611,516,602
597,547,642,614,525,593
597,546,647,606,530,598
594,549,656,596,529,601
590,532,654,611,527,602
598,546,646,611,529,597
595,537,653,612,521,603
590,540,650,606,521,601
598,542,652,609,525,599
598,545,645,612,529,595
598,542,659,601,521,601
592,549,654,599,528,600
581,539,653,607,527,594
586,537,653,607,524,600
586,535,647,605,522,599
589,535,656,610,524,601
588,539,651,609,524,601
591,531,650,611,511,597
586,535,653,609,520,601
598,540,650,607,529,600
590,534,656,607,517,601
596,545,657,597,529,607
596,534,651,611,516,600
599,534,654,610,515,601
594,545,655,598,528,604
600,549,660,603,522,600
585,546,651,607,522,599
597,547,658,605,524,602
583,544,647,606,526,599
593,545,650,604,524,598
592,551,655,589,530,603
592,550,654,596,530,598
590,551,641,610,528,592
591,549,658,595,525,602
598,555,653,600,525,604
596,547,643,610,527,595
593,549,653,594,526,602
593,547,652,601,529,601
593,548,656,596,525,596
593,548,655,607,520,603
596,541,650,601,526,603
596,545,652,597,527,599
589,534,656,609,522,602
595,550,655,596,526,603
597,532,654,610,519,600
599,547,644,609,525,596
598,545,653,604,524,599
594,547,652,605,529,599
586,546,646,608,530,593
593,549,653,599,532,602
598,534,653,612,518,601
599,546,647,609,520,597
594,543,652,603,532,600
597,535,646,606,524,601
590,535,654,607,517,603
597,528,655,610,516,602
598,542,656,601,529,605
588,527,655,609,518,602
585,536,651,605,522,601
597,540,657,599,526,601
599,529,653,610,521,600
597,544,641,610,528,593
597,525,654,610,518,602
588,533,653,607,518,603
599,527,652,611,511,604
594,546,650,603,532,600
596,543,654,597,531,601
594,543,638,611,530,592
595,528,655,611,510,597
591,529,655,610,515,604
590,534,653,607,520,603
600,541,650,603,526,601
601,538,648,606,526,597
598,530,649,608,520,602
594,527,656,612,515,604
586,541,651,606,524,604
596,544,652,602,526,600
599,540,657,601,522,604
599,522,655,605,515,603
596,545,654,600,527,601
585,545,647,605,529,598
600,536,652,608,524,602
594,542,650,602,527,601
595,544,646,610,529,594
598,536,643,610,526,593
595,546,654,600,532,601
599,534,652,611,530,606
600,540,655,601,526,603
596,530,653,611,521,601
591,543,643,609,529,599
595,545,655,597,528,602
586,547,649,606,531,598
595,540,653,605,530,602
586,543,645,608,523,595
588,544,642,611,530,595
597,544,642,612,520,598
591,545,641,609,529,593
584,535,653,609,519,601
600,544,652,602,525,600
596,545,655,601,533,601
599,530,655,610,514,603
584,537,654,607,521,599
601,547,650,603,525,600
591,546,656,599,526,604
598,547,644,612,531,594
600,549,652,601,529,601
598,547,652,600,530,602
598,549,639,607,528,593
595,544,647,611,524,596
599,532,655,612,508,598
600,544,645,612,527,596
599,546,641,606,530,592
597,549,651,603,530,600
588,543,651,608,524,600
592,536,656,612,521,600
604,534,652,613,517,601
598,546,651,603,526,601
602,548,652,608,524,600
594,533,655,610,515,602
598,549,654,602,531,602
598,545,651,604,522,601
601,534,654,613,521,600
597,548,641,612,532,594
601,529,654,607,507,602
592,548,653,600,532,601
600,527,651,611,514,601
590,530,649,608,516,600
598,549,653,602,531,599
601,543,651,608,525,600
591,536,654,611,519,602
597,547,651,603,532,601
602,534,653,614,521,598
600,535,653,612,519,600
600,535,654,612,515,601
594,550,640,611,526,591
599,546,656,597,521,602
596,533,650,610,520,599
601,543,656,605,523,603
595,547,640,611,529,592
599,550,654,599,529,602
603,545,646,613,516,596
593,540,654,607,521,600
602,544,646,611,524,597
590,550,644,607,527,597
598,547,656,596,529,604
601,542,650,605,526,596
600,543,657,598,517,601
592,538,654,607,515,601
589,544,647,610,528,595
589,540,655,608,523,602
594,535,655,611,515,602
590,548,649,606,527,597
595,551,640,609,531,594
600,547,650,600,527,603
596,549,655,598,531,601
601,546,650,608,526,600
590,541,653,607,524,602
594,549,641,613,531,593
600,545,655,602,527,604
602,537,651,610,532,595
602,534,654,612,517,599
599,547,653,606,528,599
601,536,652,605,524,602
599,549,657,601,527,606
600,543,651,607,524,598
591,546,647,609,525,598
598,545,653,605,529,594
598,552,649,593,530,603
596,531,654,611,513,602
601,531,656,613,518,600
600,545,654,603,525,594
590,548,643,611,530,593
602,546,651,607,525,598
597,550,655,599,523,599
585,542,648,608,529,595
587,534,657,610,517,605
598,532,653,612,514,601
598,550,655,597,528,602
597,550,653,603,528,600
602,539,653,610,519,600
598,549,655,598,532,604
600,546,652,601,525,605
597,550,654,600,532,603
599,551,654,600,529,602
601,546,656,600,524,594
596,544,646,611,527,595
595,537,655,610,511,594
597,550,646,607,510,604
602,547,657,599,528,604
600,538,653,613,527,600
600,542,658,613,521,601
592,549,653,600,527,598
595,549,642,611,527,593
601,545,653,605,522,600
599,541,652,610,521,599
603,550,651,606,524,601
593,548,651,605,524,600
587,547,641,609,524,594
597,540,655,595,523,603
590,541,655,608,518,599
598,551,657,599,525,604
589,545,648,607,523,596
601,545,658,600,520,592
590,545,649,608,521,596
597,533,652,615,513,599
597,533,655,610,513,603
590,548,647,609,521,594
600,550,655,599,523,601
602,534,648,609,509,599
597,545,652,607,521,601
603,542,653,612,517,600
602,548,644,612,523,593
602,536,651,605,517,604
603,545,651,608,517,599
580,548,649,609,527,596
591,539,653,608,521,600
600,549,642,612,517,593
588,539,649,604,519,597
597,551,657,597,526,600
599,550,643,613,523,594
600,545,654,609,513,600
599,541,652,609,519,599
601,544,652,605,521,603
596,549,642,615,523,590
599,545,651,612,522,598
589,549,645,608,526,593
587,546,650,608,520,598
589,551,642,609,524,595
600,546,652,608,522,600
600,541,654,606,513,598
598,549,653,604,523,601
602,547,656,605,522,599
600,541,641,611,522,595
584,541,655,610,521,600
593,538,657,609,518,603
591,551,653,604,528,597
589,547,652,610,524,597
597,553,657,600,529,601
603,535,654,613,518,598
599,551,658,600,528,603
591,550,659,610,520,603
598,551,653,601,530,603
601,547,658,604,526,599
596,538,658,612,520,603
600,550,658,605,525,601
593,537,658,611,521,601
597,552,657,601,529,603
602,546,653,608,523,600
598,548,644,612,525,595
596,548,658,603,523,604
589,541,653,611,521,600
601,551,653,606,527,601
600,535,654,613,521,602
600,547,647,607,525,599
590,546,652,611,525,598
597,553,654,602,531,601
590,553,642,609,529,593
600,553,657,598,534,603
602,548,652,608,528,600
599,549,656,599,525,603
603,543,653,610,520,599
592,544,651,610,526,598
592,552,656,599,528,591
601,548,657,600,526,603
601,548,651,606,524,600
601,537,654,614,520,603
597,548,653,607,527,599
597,549,656,598,527,603
603,547,649,603,526,600
593,552,642,611,528,594
597,552,653,602,530,600
596,550,642,613,529,591
598,552,658,600,531,603
589,542,655,609,523,601
595,550,657,598,531,602
601,537,655,614,522,604
588,553,642,612,530,600
587,536,652,608,524,599
594,548,653,606,521,601
588,536,657,611,518,604
596,551,655,599,519,599
588,543,654,610,517,601
599,538,646,611,524,600
601,548,652,603,527,600
587,549,645,611,527,601
597,549,656,605,528,604
595,552,652,612,522,602
590,551,653,604,526,600
596,551,641,612,531,592
590,537,656,611,519,602
598,547,657,609,526,603
587,550,639,612,533,591
601,541,652,614,522,601
598,535,654,614,521,601
590,552,640,609,527,592
598,546,654,606,527,600
595,550,656,600,530,604
602,547,646,612,524,594
597,529,655,609,518,603
587,546,652,609,528,598
595,552,658,599,525,601
597,548,651,609,528,598
588,552,641,608,529,594
587,551,641,610,530,593
597,535,653,615,520,601
592,552,655,599,527,597
597,549,651,606,528,593
590,538,654,608,520,603
592,540,642,611,527,604
593,552,655,599,536,603
588,540,654,600,528,596
587,541,656,609,521,602
593,553,641,611,530,603
592,536,655,610,522,604
588,537,654,609,518,601
585,553,642,610,534,594
596,533,658,611,518,601
585,554,642,608,534,594
583,544,650,607,528,600
590,550,641,611,533,593
594,547,647,612,527,595
592,535,656,614,521,602
586,552,642,604,525,594
597,549,653,603,527,601
588,553,653,600,530,602
597,534,655,612,519,603
590,537,654,609,522,604
598,548,648,610,528,598
591,539,655,612,522,603
596,534,656,611,517,603
588,535,656,610,520,602
595,533,655,612,518,603
593,552,657,598,531,604
594,550,656,599,533,602
600,547,646,611,529,595
599,542,643,614,527,594
600,550,645,613,528,596
589,538,649,608,523,597
598,547,660,604,529,605
600,541,651,613,524,600
594,551,656,598,527,604
601,548,645,611,529,597
600,547,651,604,531,603
586,540,647,603,533,594
598,547,650,605,527,602
595,548,653,601,528,600
589,536,655,610,520,604
587,546,646,609,530,598
601,541,652,613,522,598
600,534,648,613,520,601
598,545,652,607,529,600
598,531,653,613,516,602
594,543,652,607,529,601
591,532,649,610,519,603
598,544,643,612,522,594
599,543,657,599,522,603
600,529,654,612,518,601
600,540,648,612,525,599
598,538,650,611,528,600
594,528,657,611,520,600
602,532,651,611,522,601
601,533,653,604,524,601
588,538,642,610,526,595
594,525,656,612,512,599
601,529,652,613,519,599
599,533,657,599,518,604
598,534,654,603,522,602
597,529,652,598,525,603
600,536,651,605,528,601
601,534,644,612,525,594
598,523,654,614,513,602
602,526,654,613,522,600
599,532,652,608,529,600
595,516,657,611,512,604
596,526,656,611,517,604
597,538,655,599,532,601
605,524,652,615,515,601
591,540,641,612,529,593
601,527,652,608,520,600
596,536,642,613,525,593
589,534,647,609,519,599
601,536,645,612,525,597
602,534,652,611,526,600
596,540,640,611,526,594
597,538,654,608,526,599
589,534,651,609,524,597
596,523,655,614,516,604
597,540,652,602,531,601
594,527,651,607,517,602
597,539,655,599,533,604
602,524,655,613,514,603
603,534,654,606,526,600
599,531,658,595,524,604
593,543,642,609,530,594
597,524,656,613,512,599
593,526,657,612,517,603
591,543,643,610,533,595
603,524,653,613,516,600
602,536,660,605,524,601
604,534,651,609,530,602
597,532,638,613,531,592
598,540,657,600,530,604
595,524,657,612,516,603
599,541,641,614,532,593
600,530,653,611,527,599
593,532,637,612,528,592
595,540,642,612,528,593
603,535,646,611,527,592
599,537,651,604,528,600
602,537,649,609,529,597
602,538,645,612,531,595
600,532,652,613,528,599
590,535,648,608,529,598
591,536,649,607,533,598
599,539,657,599,529,606
595,526,656,611,518,603
598,537,636,612,531,594
590,540,641,612,530,595
588,533,648,611,532,599
599,541,657,598,527,603
592,537,654,605,509,598
604,537,649,601,526,601
598,541,642,614,535,592
603,529,648,613,525,600
593,528,655,607,521,600
589,536,646,613,529,593
597,539,651,609,527,599
601,530,654,614,519,600
600,538,651,604,527,596
592,543,653,602,532,601
600,541,647,611,528,596
598,539,653,607,528,599
600,537,653,610,528,600
596,545,655,600,532,603
600,540,658,605,530,606
597,541,644,612,531,593
584,544,642,611,531,595
589,546,649,609,529,598
596,544,640,613,531,593
600,531,653,608,526,601
599,537,651,609,528,600
600,539,646,614,525,597
601,534,651,607,526,597
593,542,642,613,530,591
595,545,657,598,532,604
602,528,655,613,516,599
600,530,653,611,521,600
595,538,658,601,526,604
596,531,655,615,514,601
583,547,644,610,519,596
595,544,656,600,529,599
590,536,655,609,517,603
591,541,641,615,524,593
595,542,640,614,530,592
585,545,649,609,524,597
596,540,653,607,526,601
586,544,649,608,527,597
585,544,650,610,524,599
585,544,649,610,526,599
596,550,643,613,530,591
595,547,653,605,531,600
587,550,641,610,531,592
597,546,642,614,531,588
589,548,643,612,529,591
594,548,655,600,533,602
599,533,653,613,523,598
590,548,642,613,528,593
584,539,650,610,528,599
595,534,656,615,520,598
590,549,641,612,526,592
586,536,654,613,518,597
591,548,653,603,528,598
586,550,656,593,528,602
578,541,653,608,519,599
587,545,656,606,521,602
578,539,656,611,517,602
591,534,650,614,510,597
590,550,655,599,523,602
582,541,650,609,519,598
590,551,641,614,526,590
593,536,657,612,514,602
593,531,658,615,524,598
588,550,657,599,528,602
591,548,658,601,524,603
590,551,654,604,530,600
589,532,659,613,515,603
596,544,646,610,527,596
590,547,653,604,528,600
592,534,655,613,518,597
584,544,646,611,525,595
583,535,649,604,524,595
595,542,656,599,526,593
595,529,654,612,516,600
589,531,656,614,517,602
593,536,653,608,523,599
596,543,649,612,526,595
597,543,651,609,520,598
593,534,654,613,520,598
582,549,644,612,528,593
581,548,651,610,525,597
591,549,643,614,525,592
590,548,652,606,526,599
594,540,653,614,521,598
593,546,652,607,525,598
596,535,653,614,519,600
597,549,656,607,523,601
591,534,657,614,516,601
595,550,654,597,528,603
596,528,655,614,515,600
583,534,655,611,520,599
597,533,653,600,519,594
588,549,642,614,529,593
591,540,656,612,515,602
588,548,643,612,526,594
593,547,658,601,528,603
596,545,656,606,528,604
595,547,646,614,527,595
584,552,650,610,528,599
587,538,657,612,515,603
591,547,642,613,526,591
586,544,639,612,518,601
593,553,657,599,530,601
586,550,642,611,529,592
593,545,652,611,526,600
597,535,655,613,516,599
594,550,655,603,531,602
585,542,651,611,522,598
596,543,652,609,525,600
586,551,643,611,530,591
591,549,641,614,529,593
594,547,654,608,529,597
587,552,643,610,528,593
593,550,654,607,530,600
593,549,641,614,531,593
592,526,658,609,513,601
598,543,656,607,529,598
596,545,657,606,525,604
587,540,655,612,520,601
595,545,652,612,529,599
599,546,647,611,526,594
587,538,655,611,518,602
593,533,658,614,516,602
585,551,641,614,531,592
585,551,642,611,530,590
595,546,653,607,525,601
583,552,645,611,529,597
593,549,657,601,528,604
592,551,655,603,530,601
592,532,657,614,517,603
589,534,656,614,516,603
584,551,644,610,535,593
593,548,657,599,531,600
593,546,657,603,526,604
587,549,641,612,529,593
596,541,653,613,528,600
585,535,657,615,517,603
595,545,659,606,527,603
593,542,653,608,527,600
597,536,653,613,521,601
595,550,654,601,531,605
598,545,649,612,526,595
586,538,655,604,513,601
595,548,658,602,526,604
599,544,649,613,529,593
593,534,653,615,517,600
597,553,654,603,531,604
593,553,656,602,533,603
593,547,654,608,520,600
598,538,647,610,522,598
588,549,641,612,532,593
596,546,649,611,526,599
591,550,655,602,533,601
595,541,652,608,525,598
595,544,648,611,526,597
596,543,652,608,524,600
596,548,651,614,521,597
595,536,653,615,521,596
587,544,640,611,528,593
588,552,641,611,532,589
590,533,656,613,518,603
598,540,654,612,522,600
586,550,644,610,531,595
583,553,648,610,526,597
596,546,657,600,530,603
589,540,656,612,519,604
595,541,653,601,529,604
597,549,647,614,530,598
592,550,658,600,534,600
592,547,651,607,526,600
595,543,653,612,526,600
591,553,642,614,531,591
596,544,654,608,526,603
577,546,651,609,524,600
598,540,654,617,526,599
599,545,653,612,530,594
585,550,651,609,527,599
592,552,657,600,532,605
598,543,652,610,527,600
598,527,655,611,517,601
585,542,645,608,522,598
591,551,640,608,532,590
596,550,644,610,533,590
591,552,642,614,532,594
586,551,638,606,533,595
596,538,653,613,521,602
599,546,647,604,529,599
583,546,649,610,526,600
592,533,658,616,518,602
584,546,649,612,528,594
597,544,653,611,531,599
596,548,657,607,529,599
584,544,652,611,528,602
586,549,648,609,528,598
587,536,658,614,520,602
600,541,654,614,522,599
591,534,657,614,518,603
598,538,651,606,523,599
598,544,648,608,525,599
584,544,651,611,520,603
584,552,649,609,527,604
593,549,659,600,530,603
593,548,645,614,528,593
583,549,650,611,531,598
585,547,654,611,524,602
583,553,650,609,527,597
593,536,653,615,521,602
598,537,654,616,522,600
597,546,653,610,525,600
597,540,653,616,523,602
599,546,654,607,526,599
594,546,660,605,526,600
597,538,652,613,523,600
583,551,645,613,526,595
591,548,652,608,529,600
593,549,659,601,529,605
594,541,652,610,526,599
595,548,642,615,531,593
594,542,652,613,526,600
583,544,653,613,531,603
588,551,642,612,529,593
594,550,660,602,528,604
599,540,656,615,517,601
597,545,660,605,530,597
589,535,657,613,515,604
584,551,641,612,532,594
599,547,647,613,526,595
586,545,653,610,527,601
598,547,661,606,529,603
594,534,658,613,521,603
593,550,656,603,529,601
595,549,656,601,529,602
597,545,651,612,526,598
593,532,657,615,522,602
596,534,656,616,516,603
596,546,654,609,528,601
594,546,644,602,530,602
597,545,651,610,528,599
591,534,658,612,520,600
592,540,653,604,532,596
593,548,659,602,529,604
598,543,650,612,525,599
595,551,653,609,530,601
586,540,652,609,523,602
595,546,652,607,527,600
584,547,649,611,530,596
597,538,652,614,525,599
585,545,649,610,523,597
595,535,656,616,520,602
600,545,649,611,531,599
596,538,653,605,527,603
592,550,641,614,531,592
598,545,653,612,528,598
597,544,651,609,526,599
589,536,658,613,519,604
586,543,648,611,530,597
587,538,655,606,512,598
588,550,656,615,519,605
586,545,650,610,531,599
586,542,651,609,525,600
595,533,656,615,520,603
584,538,654,611,523,601
599,547,652,607,528,602
583,545,653,609,528,600
586,553,644,612,534,595
598,535,657,616,521,602
593,535,648,612,530,599
591,531,658,612,519,604
588,548,642,610,536,591
590,530,653,612,519,603
589,529,655,612,520,604
596,545,645,616,529,596
589,535,656,615,521,603
592,549,655,604,530,602
594,543,663,605,530,604
580,539,652,609,527,601
588,545,655,599,531,602
589,546,641,613,532,595
592,531,657,612,517,601
598,541,648,612,529,598
596,531,656,613,519,604
593,542,646,614,526,595
596,537,654,611,531,600
592,547,642,612,530,594
596,529,659,614,520,604
588,548,642,601,530,604
594,530,658,614,522,604
602,540,651,610,530,600
594,530,658,613,518,602
594,545,657,600,529,603
598,533,651,612,526,601
585,536,654,611,521,602
599,543,647,612,527,596
597,543,645,613,534,595
593,547,654,602,533,602
593,549,655,599,534,601
596,545,657,602,531,606
599,543,647,611,529,599
598,544,647,614,531,598
594,547,652,607,534,600
593,549,641,614,531,593
587,550,641,612,536,589
594,547,641,615,531,594
593,531,657,612,520,603
598,542,651,609,524,598
596,546,656,599,532,604
587,550,641,610,530,593
594,524,655,614,516,604
598,531,649,613,524,599
595,542,652,609,529,600
595,547,657,601,531,605
597,543,650,612,531,596
597,543,650,612,527,595
594,548,657,600,528,603
596,545,658,601,526,604
598,532,652,609,527,599
586,539,652,609,526,599
595,543,657,601,527,604
597,538,653,612,525,600
587,547,648,611,527,596
588,533,658,613,516,602
598,527,656,614,517,600
596,537,652,616,527,601
598,540,652,612,520,597
588,541,646,615,528,597
588,533,658,611,523,601
592,545,653,606,530,601
589,529,656,613,519,604
595,546,656,601,531,603
595,542,656,604,523,602
593,523,657,615,517,602
594,542,656,601,524,599
598,535,654,606,529,603
598,537,643,616,529,594
598,528,643,614,524,595
596,521,655,613,518,602
600,532,653,610,527,600
597,536,642,609,533,591
594,536,658,600,527,602
597,536,658,601,523,604
594,536,655,601,528,602
596,526,652,614,523,601
595,535,656,599,525,603
600,534,647,612,530,595
597,534,657,596,529,600
582,538,643,612,530,593
592,519,655,602,534,603
589,515,656,606,516,603
596,537,643,612,532,591
597,533,653,602,525,599
600,537,645,611,527,594
590,537,641,609,534,594
595,536,658,600,530,603
598,535,657,599,527,604
598,519,655,614,521,600
588,536,654,601,530,598
598,524,651,610,523,600
599,528,653,610,523,602
588,538,642,610,529,593
602,535,643,614,526,593
590,536,642,612,534,594
597,533,657,601,529,604
593,538,657,598,535,604
598,538,657,599,530,603
599,531,651,608,525,600
595,540,652,602,535,597
601,535,654,603,526,603
587,536,649,609,532,600
583,539,643,613,529,593
599,525,652,612,522,601
599,529,653,608,525,600
599,522,656,614,517,603
592,537,659,600,529,605
595,540,655,597,529,602
596,534,656,599,527,604
599,532,653,615,528,600
600,537,652,607,529,599
600,540,642,610,530,597
596,539,653,606,528,600
587,537,651,607,526,602
601,541,654,605,528,601
598,547,653,595,532,602
599,538,652,606,525,600
591,543,642,611,533,594
601,543,644,607,525,595
588,540,647,608,527,597
589,545,651,608,530,599
602,544,657,601,533,600
593,529,655,611,519,603
602,542,643,613,527,596
599,544,642,614,529,592
588,540,641,612,532,593
596,527,655,611,522,602
596,544,654,602,533,601
600,541,653,606,527,600
590,536,656,610,521,603
599,539,653,606,522,593
602,528,654,613,519,600
592,543,656,602,525,605
587,531,654,610,521,604
599,543,654,600,532,599
600,541,654,605,526,601
591,537,652,608,528,600
600,544,657,599,530,606
599,544,654,601,531,603
589,546,649,610,522,595
601,539,651,606,527,599
602,530,654,615,514,597
598,543,653,604,531,600
600,541,653,608,528,601
601,534,654,610,526,600
601,545,655,595,525,602
603,540,647,609,529,597
590,542,649,606,523,600
600,542,659,601,529,602
595,530,652,613,518,601
589,536,654,609,521,602
596,530,656,611,518,604
600,542,641,614,530,593
593,546,654,600,529,603
602,546,652,604,529,600
600,541,652,604,528,602
587,540,649,608,529,600
598,542,642,611,525,595
598,544,657,600,525,599
586,543,641,610,531,594
601,532,649,611,525,600
587,536,652,610,525,599
593,529,656,611,518,603
603,540,649,607,529,600
596,530,655,607,522,601
599,540,653,606,525,602
597,546,657,598,528,604
591,546,641,610,525,593
601,543,643,609,530,593
597,537,653,597,528,603
598,545,642,612,529,594
601,529,652,602,527,600
597,545,647,608,530,598
595,528,656,612,518,604
597,528,654,611,522,603
595,540,655,603,528,603
591,531,655,608,525,602
590,533,648,603,528,598
601,529,652,609,526,600
598,544,656,598,531,599
601,541,656,595,529,604
594,539,652,600,532,600
597,538,658,599,528,606
596,537,652,600,527,602
589,535,642,611,527,594
592,536,642,609,527,595
591,536,643,609,530,594
588,529,650,609,518,600
599,532,643,612,520,595
589,536,645,609,520,598
593,535,641,607,523,594
602,521,652,613,513,601
599,521,652,613,515,599
606,531,657,611,522,604
605,531,652,607,518,599
602,526,652,612,517,601
605,520,652,604,519,600
604,520,656,612,515,604
597,540,640,610,525,594
601,532,651,606,520,600
604,534,654,606,517,599
591,539,644,608,523,594
604,535,648,610,520,600
605,521,655,613,513,602
598,541,655,600,528,601
600,537,641,612,525,590
599,538,657,599,524,604
601,528,651,611,514,599
603,535,656,605,521,603
601,538,657,601,522,605
600,531,655,594,522,604
589,532,647,611,517,599
591,538,648,608,523,596
593,540,647,608,522,599
607,536,647,610,520,599
599,537,640,611,523,594
601,535,653,604,521,601
595,525,655,610,512,603
596,525,657,611,512,603
602,521,655,613,508,604
600,538,655,597,528,603
609,533,651,608,517,600
596,521,654,610,512,600
599,536,652,599,524,603
593,536,640,610,520,593
603,525,651,616,515,601
598,510,645,608,512,597
605,520,651,611,515,600
602,525,656,597,509,601
606,513,652,612,508,603
604,517,647,607,511,604
606,516,652,608,510,605
599,503,652,606,508,593
602,515,657,599,511,602
603,506,655,612,497,604
602,491,654,604,502,596
595,503,646,606,509,595
599,507,655,612,495,602
592,507,643,611,503,591
597,512,641,608,508,595
596,500,649,608,512,599
601,511,651,594,515,599
605,509,655,600,506,599
603,493,655,610,501,598
591,512,641,613,510,600
590,512,651,612,511,599
597,511,646,611,506,604
601,509,653,601,510,600
604,504,656,596,508,601
604,504,655,614,501,600
601,491,655,609,503,599
599,507,651,603,510,599
599,507,649,612,502,604
596,509,644,612,510,601
605,504,653,611,497,603
603,491,653,612,501,598
607,507,653,597,511,601
602,507,651,608,509,605
599,506,651,601,508,601
599,484,652,604,500,594
591,507,640,614,507,599
603,498,654,613,499,601
599,492,641,602,508,588
604,486,653,608,500,597
596,489,647,609,514,597
603,501,654,599,506,600
600,504,651,609,501,602
597,492,648,608,506,593
606,501,652,609,498,598
594,488,646,607,500,592
603,488,655,609,496,597
601,485,652,608,500,593
602,498,654,600,501,601
604,494,654,599,501,602
604,493,657,603,502,599
604,479,656,607,492,597
593,493,639,612,505,597
599,476,652,608,495,593
603,487,654,599,504,602
600,477,652,607,494,594
603,489,656,599,500,600
604,490,651,605,502,605
598,477,650,608,497,592
603,489,658,604,501,604
594,494,642,614,494,600
606,478,657,611,489,602
603,483,655,598,506,602
598,489,648,606,501,604
600,488,651,609,502,600
597,483,651,613,487,604
602,470,649,608,494,600
594,485,641,612,504,597
593,487,645,612,498,604
599,484,651,606,504,600
605,482,651,606,497,603
604,475,654,615,492,601
605,478,653,612,492,603
601,483,649,608,493,603
592,474,645,607,504,595
588,484,641,611,506,596
599,482,653,604,500,604
603,469,654,607,493,595
600,479,656,601,501,604
595,470,648,607,501,593
594,484,642,611,502,599
593,466,642,604,498,594
595,468,652,612,493,595
604,479,654,598,501,600
605,470,651,602,490,600
592,478,640,610,504,595
595,467,650,607,496,594
601,480,653,613,494,603
604,480,655,597,501,602
603,476,653,614,491,603
594,483,642,612,501,602
604,480,653,604,504,604
600,478,652,609,500,604
598,482,645,606,505,600
602,478,655,596,505,601
592,473,643,610,504,593
603,477,652,614,495,602
604,472,654,610,490,603
593,474,641,611,504,599
597,461,649,607,500,594
599,480,651,610,496,602
598,463,647,605,496,604
600,477,651,611,495,603
594,478,640,612,503,600
599,480,653,601,494,600
604,475,656,597,501,602
603,473,655,599,498,602
604,473,654,601,497,603
605,473,658,599,498,602
591,476,639,611,506,595
603,475,653,599,506,600
603,480,652,604,504,601
598,465,649,603,501,593
593,466,647,607,497,593
592,474,639,610,506,596
595,470,651,607,499,593
604,470,655,612,492,604
595,485,641,610,504,600
603,480,651,609,504,606
590,475,641,611,503,594
609,482,656,604,498,602
605,479,652,604,499,606
598,470,652,608,497,595
604,483,657,600,506,601
600,486,647,610,503,606
604,470,655,610,495,600
602,476,648,605,498,595
600,482,655,599,501,604
592,473,646,608,503,593
606,471,655,610,491,597
597,472,651,610,498,594
606,484,657,605,499,603
601,472,651,607,501,593
604,483,655,599,504,602
606,483,655,598,501,601
604,481,656,598,507,601
604,479,652,612,491,603
601,480,652,602,499,601
606,473,655,613,493,600
605,483,654,602,499,604
596,488,652,606,508,597
598,487,647,609,505,600
604,477,653,613,494,600
599,484,655,600,505,596
602,471,654,608,494,597
606,484,654,600,503,594
595,475,646,608,498,593
595,481,644,607,492,604
601,490,652,601,506,600
592,490,641,612,504,600
600,471,652,609,496,593
603,484,652,612,495,603
600,489,651,605,504,601
596,472,649,607,500,592
599,483,655,600,503,602
596,488,640,611,500,601
602,486,652,607,501,604
590,485,641,612,507,600
601,484,649,608,494,600
606,487,651,598,502,600
603,486,652,606,500,603
604,487,651,607,499,603
604,484,654,599,506,601
602,484,654,598,506,602
608,485,653,602,498,605
597,487,647,609,500,606
606,473,653,610,496,599
594,490,639,613,505,600
601,488,646,610,503,603
605,476,656,610,486,599
603,473,654,608,499,599
605,477,652,597,499,602
603,482,654,613,494,605
605,469,656,611,494,599
602,487,654,601,507,602
604,483,649,600,497,599
590,489,641,613,507,597
599,490,651,610,501,605
593,492,639,610,506,598
600,490,652,605,505,600
605,482,655,610,497,604
601,485,653,600,504,601
591,482,642,606,509,596
604,481,653,612,494,602
595,478,648,608,505,593
605,483,655,612,492,601
601,491,652,604,503,602
594,486,642,610,508,595
603,488,656,598,506,602
600,475,654,610,501,599
605,480,655,612,492,601
593,483,642,608,509,594
593,492,643,612,505,598
604,487,653,611,497,602
601,477,651,609,504,594
603,491,654,596,510,600
600,495,651,605,508,601
605,486,654,615,496,604
600,475,650,607,501,595
601,491,648,607,503,606
602,495,651,607,502,604
600,495,650,610,503,602
607,492,658,600,508,604
606,487,654,611,498,602
601,493,652,600,506,600
604,492,651,604,503,605
599,492,652,607,510,604
602,494,650,602,508,600
593,490,641,609,509,594
601,493,650,609,503,604
596,486,648,607,512,591
591,492,642,609,510,595
603,491,652,613,501,604
600,494,649,607,504,605
603,495,649,601,508,602
602,493,651,604,497,603
602,495,648,609,508,605
592,489,637,611,513,595
604,484,654,611,499,605
599,491,655,598,509,601
598,483,642,604,509,591
599,494,644,611,510,605
603,485,655,611,501,603
598,498,640,606,513,594
606,491,651,604,498,601
604,485,654,611,495,605
603,495,650,611,501,605
599,484,647,608,507,594
600,491,650,605,511,605
603,481,656,611,498,601
597,481,651,608,507,595
604,483,655,610,501,603
601,496,651,612,502,601
600,493,651,602,507,604
601,495,646,603,500,596
605,481,655,604,505,595
606,491,657,605,501,600
604,492,652,611,501,604
601,495,650,601,512,602
606,492,656,597,507,601
594,496,638,605,515,589
599,496,652,604,509,601
600,479,649,602,498,594
603,497,651,603,509,601
606,488,655,612,502,604
594,488,640,609,513,595
601,496,650,610,509,603
604,481,655,611,499,601
602,496,652,608,506,603
607,481,655,609,499,601
602,498,649,607,507,604
605,489,655,600,513,604
602,492,650,610,500,603
605,494,656,593,502,603
594,498,644,611,511,603
604,486,654,612,501,603
601,491,652,610,502,604
604,494,653,593,516,600
599,497,652,603,511,601
603,487,654,614,492,604
605,486,648,604,503,605
602,494,654,600,515,600
603,479,655,610,492,593
605,491,653,612,504,603
601,495,646,608,510,605
593,480,641,604,499,600
600,497,649,600,515,603
601,498,649,610,505,604
597,481,650,607,511,595
604,495,651,602,510,604
599,480,651,607,508,593
593,495,639,611,509,598
603,490,654,597,511,602
604,479,654,606,500,596
601,497,646,608,511,604
602,480,653,608,508,595
604,493,651,611,500,603
598,499,642,606,513,591
603,490,654,609,497,601
600,489,651,606,506,604
601,479,653,610,495,593
593,492,642,611,510,597
598,500,647,608,513,598
596,484,645,607,508,595
605,491,656,598,513,604
592,499,639,611,515,593
599,479,651,608,507,596
591,490,635,611,517,594
605,497,654,602,509,605
601,496,651,609,504,604
591,496,638,604,504,599
600,499,649,611,509,603
604,484,654,612,504,600
600,495,648,609,507,604
602,497,652,600,512,601
603,494,653,600,513,603
599,488,650,605,504,598
604,481,655,612,501,601
600,497,648,609,512,604
602,495,650,613,507,604
599,495,657,599,510,604
601,490,651,602,512,600
599,499,650,602,516,602
594,501,642,609,513,593
602,493,652,614,505,603
591,499,637,612,516,594
600,498,651,609,504,602
593,495,640,609,518,596
605,491,651,599,500,600
593,481,651,610,504,595
602,481,653,609,504,597
590,483,648,609,508,593
601,494,654,595,511,602
599,483,649,606,510,595
606,482,655,610,501,601
603,497,653,600,515,601
592,486,648,607,515,597
598,484,647,607,510,595
601,495,655,600,512,604
603,499,650,604,509,604
603,492,654,597,513,605
594,489,643,607,512,597
602,496,651,599,514,601
603,489,656,612,500,602
605,496,655,596,511,598
602,491,653,612,501,602
598,484,655,612,504,603
592,495,640,610,508,597
601,498,651,609,512,600
599,482,653,606,505,598
602,497,652,607,507,604
603,496,654,599,512,600
599,499,651,608,509,604
587,490,643,609,512,595
591,500,642,613,518,593
591,499,638,611,512,597
602,491,654,611,494,604
601,496,653,599,512,601
592,489,644,608,510,594
605,484,655,612,497,601
590,502,639,612,516,594
601,494,655,597,508,603
604,490,655,612,500,603
600,496,651,610,508,603
603,493,653,612,503,603
604,492,650,600,517,603
608,494,655,599,516,603
605,486,656,603,504,600
604,495,655,592,518,602
600,499,652,603,511,601
603,497,652,607,512,604
604,486,655,609,505,600
599,483,648,607,513,595
591,499,638,606,515,594
595,497,643,612,513,593
606,496,657,599,513,601
591,499,638,612,514,589
598,499,652,603,511,601
603,484,657,610,499,601
591,487,646,607,521,600
600,497,650,614,511,605
597,488,648,605,509,594
596,497,651,611,511,602
603,495,654,593,518,601
591,494,636,611,517,593
591,499,643,613,513,596
605,495,658,605,512,602
599,499,651,606,512,602
599,499,650,607,512,600
602,480,653,609,509,598
604,496,655,595,513,600
590,496,640,612,516,595
601,495,655,598,513,607
600,498,646,609,510,604
605,485,655,606,509,604
600,498,649,608,511,605
603,482,654,609,502,598
584,498,639,612,516,592
598,500,650,609,511,603
593,500,642,612,517,594
597,497,650,607,508,605
601,489,653,595,509,602
588,493,640,611,517,595
597,498,649,605,516,602
601,481,651,607,504,597
604,489,655,598,516,604
603,489,654,594,513,604
593,506,640,611,515,593
605,495,656,601,512,605
598,483,649,608,513,603
595,488,641,607,519,595
589,500,646,611,512,595
604,495,657,598,515,605
601,491,656,598,518,602
594,500,641,613,514,594
600,484,653,602,507,594
602,494,657,600,514,604
601,495,651,609,510,605
602,488,648,612,502,604
597,500,648,610,513,599
600,496,652,609,509,604
591,495,639,611,515,591
604,487,654,613,508,604
602,493,652,614,507,606
598,480,650,609,511,596
601,495,652,607,508,605
602,496,655,596,513,604
599,497,651,621,506,604
604,481,654,610,515,593
604,494,655,598,514,604
602,493,658,603,514,602
595,482,646,609,510,594
603,497,651,605,514,600
593,496,651,603,513,603
601,497,650,602,502,604
602,482,655,607,505,599
601,482,655,611,505,603
595,485,646,608,512,593
596,481,649,608,513,599
603,496,651,607,511,606
593,498,640,612,518,594
595,483,647,609,503,590
603,484,655,611,506,604
602,494,652,605,513,602
603,498,651,599,513,599
604,494,653,603,511,605
602,488,652,604,496,604
602,490,653,614,503,604
592,492,639,610,518,593
598,500,647,609,512,599
598,498,650,607,510,606
601,498,648,609,511,605
592,483,652,608,508,595
597,504,648,609,512,598
601,491,653,612,503,605
598,497,650,604,516,601
589,501,642,612,517,595
598,500,648,604,513,601
597,482,655,609,508,596
600,495,652,612,507,604
596,483,657,610,507,601
602,495,654,612,506,604
590,491,640,609,516,595
604,494,651,604,508,598
595,483,647,608,512,594
592,499,651,610,516,594
597,482,652,611,510,593
601,496,651,612,511,603
604,489,656,612,503,602
595,489,648,608,508,593
601,495,649,607,512,600
599,498,651,599,514,601
595,496,652,600,519,603
587,486,645,609,520,597
591,486,647,608,519,596
603,496,657,604,511,604
601,495,651,614,509,604
598,501,645,610,514,596
605,493,654,598,517,605
594,491,641,606,513,597
599,491,652,607,509,602
599,497,648,610,509,605
599,500,649,608,511,601
599,493,654,599,516,602
599,496,648,606,510,604
592,495,639,610,520,594
603,484,657,610,503,605
596,479,647,602,503,594
593,484,641,612,511,595
603,491,641,606,514,597
603,489,652,613,506,604
603,493,651,612,507,605
600,497,656,613,507,604
591,488,639,609,514,595
589,498,640,611,518,593
597,496,652,607,512,604
604,493,654,600,513,603
603,495,656,600,511,603
599,497,652,599,516,602
599,496,649,612,506,604
594,498,642,613,514,593
588,499,638,610,514,600
603,492,654,612,515,594
600,489,651,612,503,601
598,495,654,600,514,600
602,479,652,611,507,598
597,498,650,606,510,600
594,482,646,608,515,597
591,491,640,611,511,592
599,496,652,598,518,600
602,494,657,600,515,601
601,485,644,610,516,594
602,495,656,600,512,602
589,496,643,612,512,591
600,495,650,607,515,594
592,497,646,611,514,596
595,495,652,605,513,599
593,496,643,609,511,600
598,494,651,603,517,600
594,493,652,611,507,601
599,488,651,602,510,599
588,485,645,607,510,590
591,486,647,607,516,593
595,497,652,605,514,598
601,491,655,598,512,601
594,497,646,607,513,597
588,491,638,611,513,592
600,486,656,611,507,598
597,496,652,603,515,598
591,492,657,599,512,601
598,495,651,610,512,599
598,496,652,611,512,598
598,476,654,608,500,595
600,493,654,598,516,601
604,492,654,606,512,599
598,481,651,609,511,594
596,497,650,616,515,598
591,499,640,614,515,588
599,498,647,607,515,596
602,493,642,610,514,591
600,495,650,603,516,598
593,488,655,612,503,600
604,492,655,601,510,602
601,487,653,612,508,600
600,496,648,611,508,601
600,494,652,605,513,597
589,495,643,613,518,591
589,496,640,610,514,592
603,491,654,601,512,597
599,472,651,604,497,590
597,480,654,609,505,597
602,494,655,597,514,601
589,496,641,610,516,592
597,496,652,602,523,601
603,490,653,600,513,604
599,497,652,600,514,599
596,497,638,606,515,593
592,485,647,608,513,594
598,490,657,602,513,602
591,491,657,598,512,603
592,483,646,603,517,597
599,495,651,610,511,600
601,481,654,611,507,597
594,482,648,606,512,595
600,491,649,613,504,601
598,482,654,610,500,598
602,492,655,598,520,601
592,491,638,612,519,591
598,499,650,609,513,597
588,491,639,609,513,591
604,492,654,600,514,603
591,486,643,610,519,595
590,499,650,603,515,600
596,497,645,613,512,602
598,493,649,610,504,602
595,496,644,612,512,595
599,496,650,605,510,600
602,493,654,598,517,602
600,494,650,606,511,600
600,479,651,610,510,591
592,491,637,611,513,592
600,492,655,597,514,600
597,471,645,608,499,591
591,480,650,609,511,594
589,488,656,606,515,587
600,482,656,609,507,597
599,496,650,611,510,602
593,495,650,611,511,600
600,482,654,610,504,601
603,497,650,605,511,600
591,484,649,607,515,597
601,497,652,605,511,602
594,481,646,608,513,594
590,486,647,607,512,591
593,480,648,609,515,599
601,481,654,609,504,597
597,500,649,608,511,602
598,500,652,606,513,599
599,495,652,603,517,601
592,480,650,607,510,592
602,494,656,599,513,601
590,487,640,611,517,593
598,482,651,607,509,592
603,481,655,612,508,601
603,492,656,599,514,601
596,497,650,608,513,598
600,495,638,613,515,591
598,482,648,609,513,596
598,491,647,598,512,600
599,496,651,599,517,602
603,493,656,600,505,602
589,488,654,611,506,599
596,499,651,605,517,599
602,488,654,611,506,601
591,488,646,600,517,593
603,495,654,598,505,603
601,491,654,611,504,601
598,495,653,598,517,599
592,479,651,608,510,592
602,495,651,613,511,602
590,488,639,613,513,593
598,499,650,600,519,597
604,488,656,613,503,600
591,500,643,612,513,591
600,497,651,598,517,602
591,486,644,599,505,592
599,490,649,605,517,594
603,494,656,597,517,602
601,487,636,608,516,595
596,497,641,612,512,594
601,481,654,611,504,595
601,487,641,612,519,595
602,496,647,608,513,595
602,484,654,611,503,597
598,499,650,608,511,600
589,496,651,604,515,599
596,493,652,614,505,600
596,495,653,605,513,597
590,489,641,610,515,592
585,490,641,609,519,591
590,499,641,614,515,591
593,500,642,611,515,593
599,487,651,601,505,604
598,497,651,610,507,600
590,501,652,613,506,601
599,498,641,613,516,593
601,488,642,608,519,595
600,494,655,599,515,602
602,496,642,612,515,596
590,491,652,614,498,598
592,499,642,611,513,591
603,491,655,600,507,596
598,491,653,611,507,599
592,496,651,612,511,600
602,487,649,604,502,598
600,480,654,609,511,593
600,495,649,612,502,602
589,497,654,607,505,597
599,496,655,600,515,602
592,492,653,599,514,602
601,491,654,599,519,603
603,481,649,611,501,600
595,497,645,611,514,594
597,490,649,610,507,602
592,497,638,613,518,592
589,496,641,611,516,594
598,479,653,608,510,593
601,483,647,604,509,593
598,498,648,610,514,599
600,494,653,602,518,600
594,494,640,612,519,595
591,495,639,610,518,592
602,495,650,611,508,603
601,494,656,597,515,602
596,484,656,597,516,603
601,475,655,605,502,595
596,493,655,596,518,603
603,484,654,612,505,598
596,498,647,612,516,596
601,493,654,613,504,601
597,483,652,607,512,599
596,498,650,605,517,600
602,498,649,605,513,596
599,487,654,612,506,601
591,497,637,612,513,593
588,492,641,609,517,593
589,494,651,613,506,603
597,495,654,601,516,600
591,499,643,613,513,593
604,495,653,602,518,602
600,481,654,608,507,597
601,498,655,610,506,598
600,483,653,610,511,591
595,499,645,611,512,596
600,487,655,613,503,599
598,483,649,608,514,597
601,492,653,611,506,602
591,489,641,613,509,594
601,498,650,603,510,600
590,496,644,611,516,595
599,490,648,614,507,602
592,490,654,613,508,600
597,482,652,610,507,590
599,498,645,612,513,594
597,494,651,612,507,602
598,496,650,607,508,603
599,494,653,599,516,601
598,498,651,604,515,600
592,499,642,608,514,592
596,480,651,607,511,593
590,494,638,611,517,593
601,500,651,610,503,599
601,495,651,601,516,600
590,497,650,611,507,602
600,494,653,614,505,602
599,499,648,611,511,601
592,494,653,603,515,601
598,499,651,604,514,600
599,495,655,597,517,603
594,491,654,611,508,600
591,486,644,608,512,593
598,481,648,605,512,600
599,483,653,612,503,600
597,492,640,606,509,592
595,486,649,608,511,592
603,488,642,608,516,591
600,494,656,594,512,604
598,500,653,609,513,599
600,491,654,610,503,599
597,501,652,603,519,601
600,500,654,612,503,602
589,502,640,612,517,592
601,498,655,599,511,599
588,495,640,609,516,593
602,500,649,613,513,598
600,491,653,612,508,598
599,496,655,598,517,601
593,490,647,605,520,595
588,500,637,611,515,591
600,498,656,607,516,599
595,493,649,608,511,600
593,501,643,611,516,593
596,495,651,602,515,600
600,501,652,607,515,599
597,502,650,611,515,600
600,488,654,609,504,594
596,487,649,597,514,601
591,505,641,613,515,591
595,495,651,613,505,601
596,496,651,612,508,598
593,490,644,609,516,595
599,509,650,611,511,600
594,486,649,609,508,591
587,498,639,601,511,593
591,493,646,607,521,594
601,497,656,599,515,600
592,505,643,613,517,592
597,504,653,593,514,602
598,501,652,614,509,602
592,486,656,609,509,598
600,502,655,603,515,601
598,503,650,600,517,599
596,506,653,613,509,598
597,501,652,613,508,603
595,505,651,608,514,598
600,501,653,602,512,604
588,489,642,611,512,593
595,500,652,600,520,601
597,500,653,603,512,602
599,503,648,605,512,603
599,488,652,608,511,594
601,503,652,603,516,604
590,494,646,604,513,595
599,501,651,614,505,603
591,495,647,606,511,594
597,505,653,597,515,601
599,500,655,612,506,601
600,502,655,601,514,604
596,491,647,608,509,593
596,507,652,600,517,601
592,509,643,612,514,593
588,507,654,597,514,602
600,506,647,608,512,596
595,508,650,601,514,599
599,500,651,598,511,602
598,505,652,597,511,602
595,495,652,609,513,599
601,496,655,612,505,600
590,498,647,608,513,596
600,502,655,599,510,593
598,506,656,599,516,604
601,493,655,612,505,601
598,504,654,614,502,601
595,510,647,609,516,596
598,502,653,612,509,598
595,507,649,614,509,600
597,497,649,614,503,601
595,509,648,602,506,604
601,504,653,602,512,602
600,507,650,594,518,602
597,505,652,603,513,599
597,505,653,613,505,602
591,507,654,599,517,602
598,507,651,613,508,603
601,505,654,602,515,604
597,506,649,603,509,602
589,509,636,613,507,594
592,512,653,598,516,603
585,505,641,608,519,592
601,498,655,609,506,599
599,507,655,611,508,603
587,506,639,610,514,591
586,508,638,612,517,591
596,510,654,598,521,601
593,492,648,607,514,599
598,502,652,612,504,601
590,511,639,612,517,592
591,496,654,611,505,602
598,505,652,597,516,603
591,511,641,611,514,595
588,494,656,603,512,593
600,503,654,613,509,601
599,511,636,612,516,591
597,494,652,608,507,597
598,493,654,609,505,597
597,500,648,603,501,602
594,510,651,603,517,600
586,504,657,599,513,603
595,498,651,610,510,601
586,509,643,601,519,596
596,508,644,608,518,599
597,509,652,604,516,600
600,494,654,610,503,597
595,509,650,609,510,601
596,510,646,610,513,599
588,498,640,606,513,592
597,506,646,609,512,595
589,512,641,609,520,592
599,496,655,611,506,602
596,510,653,601,517,599
596,493,651,606,511,595
600,506,655,604,516,603
598,506,657,599,514,604
599,500,657,601,512,600
596,511,651,605,514,598
587,509,639,612,517,591
586,511,656,603,514,602
596,507,648,609,514,600
599,508,653,603,515,600
596,507,654,600,516,602
589,497,646,612,512,599
592,510,645,610,511,603
588,503,652,610,505,597
597,507,658,603,513,601
599,494,641,610,517,593
597,508,651,602,515,604
597,506,653,612,504,603
591,505,646,603,511,592
587,507,640,608,517,590
598,506,643,610,514,594
589,505,639,612,517,593
598,494,654,611,508,596
593,510,641,611,519,593
585,506,639,611,514,592
594,507,649,609,509,594
593,505,657,596,519,604
596,505,654,598,515,601
598,493,649,611,501,602
595,508,648,611,509,603
599,502,651,613,504,603
601,508,652,605,513,596
593,495,654,600,521,604
599,504,654,597,514,603
600,510,656,597,517,603
599,504,654,593,508,600
600,491,654,611,507,598
592,509,643,612,511,602
600,494,655,598,513,601
588,503,642,611,518,594
588,509,638,614,516,592
587,509,641,613,513,593
601,506,654,600,513,602
599,492,653,608,506,596
595,491,650,601,510,592
593,503,655,598,514,602
599,506,649,607,514,600
597,509,649,609,509,601
585,503,639,610,518,592
600,494,654,594,517,600
593,491,650,609,512,599
600,499,653,613,502,599
593,508,655,606,510,597
582,508,639,610,516,589
587,503,639,609,519,593
601,506,650,604,513,600
596,508,650,607,508,600
588,509,647,608,515,598
592,507,643,609,512,595
599,505,654,598,516,606
599,503,654,599,518,601
586,505,640,613,517,592
598,505,652,599,504,603
593,510,649,608,511,602
589,499,645,609,517,593
599,500,655,601,515,602
600,492,655,609,508,597
592,509,651,609,506,594
601,499,651,603,516,600
601,497,655,599,512,601
594,492,648,607,508,592
600,500,654,609,510,595
599,491,653,607,506,595
596,508,642,609,513,599
586,503,640,609,516,592
596,490,651,602,515,601
599,500,640,613,504,599
596,506,654,601,514,602
599,494,652,601,503,599
601,490,653,610,508,597
587,499,641,613,517,593
594,503,648,609,511,604
603,501,652,602,514,601
599,485,649,612,491,601
598,485,653,609,508,597
599,483,649,607,511,602
592,499,645,607,511,601
598,489,654,612,500,599
599,496,645,614,507,602
599,490,654,612,503,602
596,491,652,601,511,598
593,498,655,598,512,600
598,479,655,602,511,603
596,492,652,598,514,601
592,481,657,611,516,592
596,494,647,608,510,604
593,480,645,607,512,596
597,497,655,612,499,600
601,491,655,598,512,603
597,495,653,605,502,604
596,494,654,601,513,602
597,492,649,611,513,591
592,478,655,610,504,595
588,478,651,607,510,595
596,497,650,613,505,602
595,477,651,608,503,594
601,490,654,610,512,594
591,483,640,608,503,598
591,495,645,611,508,604
593,478,651,601,511,601
597,497,652,602,515,599
596,496,649,606,506,602
597,494,651,601,514,599
596,497,645,602,510,599
594,479,647,604,510,602
603,491,655,598,507,600
598,496,650,616,507,604
599,492,656,597,513,604
598,491,640,608,516,593
596,494,652,609,513,600
600,492,649,610,512,595
588,492,638,610,513,594
588,491,651,609,510,593
585,491,641,610,514,593
598,495,656,611,515,593
591,491,639,608,513,589
601,494,649,593,513,601
597,495,650,603,513,600
590,484,652,604,511,602
587,485,642,609,515,596
601,481,655,612,492,596
593,494,641,611,511,603
598,495,652,610,509,603
599,494,651,607,505,598
586,491,648,608,512,593
596,494,656,601,509,603
597,480,649,607,506,593
596,496,650,596,509,600
600,497,652,606,508,603
599,495,651,608,511,603
600,492,653,598,515,602
602,492,655,599,509,601
587,490,639,609,515,592
600,482,656,607,512,604
599,492,644,609,509,599
590,487,651,608,502,596
587,489,640,610,516,593
596,497,647,597,513,602
596,495,652,607,501,602
591,496,640,611,513,594
599,482,651,611,515,592
592,487,650,608,510,595
598,496,649,605,511,603
600,482,653,603,514,601
598,496,650,615,498,603
595,480,652,614,501,602
589,498,641,612,513,593
600,484,655,612,502,598
598,497,652,602,510,598
601,494,642,613,503,602
599,484,645,607,512,599
600,481,656,609,500,598
601,482,645,613,504,603
602,493,655,597,510,600
591,485,649,609,517,594
589,498,639,611,511,597
585,485,647,609,511,592
603,495,653,605,510,602
598,497,646,610,504,602
601,495,652,597,513,604
594,497,656,611,509,597
597,479,652,612,513,593
587,500,640,611,515,593
600,492,656,603,503,605
589,485,652,611,504,594
596,493,653,614,506,601
594,480,647,603,511,600
600,497,644,600,512,603
600,480,654,609,501,602
594,498,646,609,503,593
601,485,650,605,501,603
592,497,643,612,508,601
600,492,649,609,511,602
604,494,653,600,515,603
588,493,639,611,515,593
596,482,648,608,510,599
599,493,639,598,505,596
602,493,655,598,515,601
586,493,638,610,512,593
596,495,652,610,510,602
591,485,651,600,514,601
595,482,649,610,499,597
589,498,642,612,514,593
595,497,646,606,508,602
601,493,653,606,511,604
587,497,640,614,506,602
597,479,648,609,510,595
593,483,651,611,502,602
599,494,651,598,512,603
593,478,646,607,510,593
597,498,650,610,516,593
597,498,654,613,511,601
588,499,642,613,512,594
598,497,655,612,512,594
592,497,642,613,516,596
591,498,644,605,511,603
602,495,652,606,506,597
594,498,642,612,513,595
600,485,656,593,504,600
588,488,640,604,509,602
591,483,645,607,516,602
600,494,655,598,513,602
596,481,654,607,509,595
592,499,643,608,509,592
590,492,640,611,515,601
587,499,640,610,514,593
598,483,655,612,501,599
597,495,651,607,511,593
599,483,653,603,498,596
593,485,651,606,509,594
601,494,654,613,510,603
588,499,638,608,512,595
604,495,652,603,514,604
596,498,654,598,514,603
597,496,652,605,517,604
595,482,649,608,512,602
601,495,653,612,511,598
592,498,642,607,515,600
594,484,647,612,504,601
595,481,651,614,507,602
602,495,656,598,510,601
601,493,652,611,506,601
590,499,640,612,505,596
594,501,644,611,513,598
599,495,652,601,517,602
601,483,654,611,514,594
601,494,654,603,512,603
594,500,651,605,511,600
602,493,654,598,515,604
600,486,653,614,506,597
584,501,644,607,510,602
588,496,650,607,509,591
594,498,647,613,514,593
594,485,648,610,518,592
601,493,655,599,516,602
598,495,646,609,512,597
598,497,651,611,503,601
590,496,640,609,509,596
596,481,651,599,507,600
592,499,651,608,511,600
600,494,652,599,510,594
597,489,654,612,501,602
590,498,640,608,509,595
598,497,652,601,516,602
595,501,651,605,503,601
591,504,640,611,511,599
590,493,638,610,517,592
602,495,655,613,513,602
597,495,652,600,518,602
594,495,652,614,506,603
587,495,641,611,508,592
601,498,650,593,517,603
592,482,653,608,506,596
591,499,650,610,519,595
588,499,654,609,513,593
599,499,648,604,510,603
590,490,641,608,514,596
589,498,641,609,512,592
592,500,642,604,514,598
589,489,644,609,512,593
597,499,652,597,518,603
593,484,647,608,518,597
589,493,640,610,517,592
602,503,639,611,516,591
593,497,649,613,517,599
596,498,648,613,520,593
600,488,654,610,512,597
598,494,652,612,502,601
600,496,654,607,515,598
586,497,646,610,514,596
593,480,645,607,511,592
599,489,655,612,504,601
601,486,655,610,505,600
587,495,635,603,514,593
595,499,650,600,516,601
599,498,645,599,519,604
600,497,654,605,506,604
596,484,650,608,509,593
588,493,640,611,508,592
600,493,653,599,517,600
600,487,654,607,513,600
597,483,654,601,512,595
597,482,646,610,505,599
601,483,654,611,508,598
597,500,649,601,519,601
599,499,647,610,513,598
592,478,645,606,510,594
597,497,650,600,515,602
590,500,641,612,517,593
590,500,641,611,512,595
597,498,645,609,507,596
595,497,649,606,517,599
597,498,649,609,516,601
594,484,648,608,505,596
597,498,646,612,518,594
592,499,646,615,517,603
587,496,638,608,512,597
599,483,650,608,516,599
598,496,652,597,515,604
598,496,652,610,517,593
596,496,650,608,516,600
601,495,651,611,518,603
604,489,654,612,507,601
599,499,640,611,516,592
588,489,643,610,508,599
589,498,637,609,518,593
600,490,652,610,501,603
599,497,649,597,517,603
589,499,644,609,515,596
600,496,652,602,514,600
595,486,645,607,510,591
598,482,654,607,514,599
588,494,637,598,509,597
603,494,654,597,516,599
597,496,650,607,509,603
598,483,649,609,518,594
600,482,651,607,510,596
598,482,650,597,519,593
597,496,651,600,513,602
587,495,638,610,506,601
600,495,652,608,516,602
600,491,650,606,513,601
598,492,650,612,505,603
598,483,650,610,521,591
599,494,652,606,513,602
600,494,653,605,518,594
596,494,648,600,515,599
595,498,650,601,507,597
600,498,646,609,516,598
594,500,648,611,503,601
600,494,653,602,516,603
595,500,648,605,516,605
595,500,644,606,518,603
595,497,652,599,514,603
597,500,648,603,517,601
600,484,652,602,511,601
596,489,652,611,508,602
590,500,638,597,521,603
599,497,652,596,519,602
586,500,644,612,513,601
592,499,648,602,516,600
588,494,638,608,521,588
591,499,650,601,515,602
598,497,649,604,515,600
595,483,650,606,506,595
598,498,644,607,519,593
601,484,652,608,506,599
596,500,648,609,514,601
602,496,653,594,516,602
599,490,645,611,509,604
595,484,647,605,517,592
588,496,635,596,509,592
597,483,649,607,512,594
597,499,641,605,519,595
589,491,638,607,505,600
595,499,642,606,511,601
597,499,647,596,515,603
592,501,646,595,521,596
595,500,647,610,518,602
599,495,649,594,508,603
595,499,645,606,519,602
587,496,634,607,513,598
588,488,629,604,508,588
596,483,651,604,508,598
598,497,647,605,514,596
596,492,647,599,515,604
603,495,652,598,515,604
588,497,648,597,515,600
597,498,644,600,521,591
602,483,650,604,515,600
589,500,648,602,517,599
596,500,643,606,515,599
599,484,651,606,510,597
596,501,646,606,512,597
602,496,646,602,515,600
588,496,637,594,517,604
592,501,637,609,518,601
593,501,647,604,509,604
596,499,646,605,504,602
601,486,650,607,505,599
597,486,648,606,515,604
600,494,650,595,516,604
596,501,647,600,515,600
597,496,648,607,512,597
598,500,644,605,520,604
590,501,635,604,514,599
601,485,650,600,508,603
601,502,647,602,520,598
593,485,642,603,506,600
590,501,636,607,518,594
591,497,650,596,516,603
582,494,636,604,515,595
599,477,646,606,507,593
603,496,647,601,515,601
597,500,647,609,505,600
596,483,646,601,513,606
592,501,638,607,514,601
601,498,649,593,520,603
601,492,649,609,516,604
600,486,649,606,510,598
598,485,649,604,518,599
599,498,648,594,518,602
596,490,637,604,517,596
587,500,630,608,519,592
598,502,642,605,516,598
595,487,642,603,519,602
596,499,644,604,518,604
595,501,641,606,517,596
601,499,646,603,515,600
596,500,638,606,523,588
603,489,649,606,508,599
597,484,646,601,512,599
590,497,634,604,516,592
598,499,641,604,509,601
600,496,646,608,509,603
591,501,645,599,515,599
591,503,645,603,515,600
597,501,647,604,518,598
601,497,650,598,516,595
590,503,646,597,521,600
600,485,649,605,516,593
600,498,649,595,517,603
589,503,633,606,521,593
600,497,644,603,519,600
603,488,649,607,508,600
589,502,634,604,520,603
593,487,642,604,515,598
599,496,648,593,511,600
601,496,634,605,523,587
589,501,634,605,521,593
591,498,632,605,524,591
597,499,648,594,522,601
597,502,645,596,523,603
590,502,636,608,521,592
599,498,649,592,524,602
605,495,647,608,518,602
598,495,647,593,518,604
597,503,643,605,516,600
594,486,644,605,514,601
600,497,646,607,521,596
605,499,647,592,512,600
598,499,646,608,513,600
595,502,644,601,510,597
596,501,641,599,513,597
599,490,647,606,506,601
601,499,643,601,518,599
590,502,633,607,516,592
599,502,648,601,513,601
600,489,648,607,511,600
597,503,644,604,509,599
600,495,647,607,510,604
587,500,631,607,518,595
597,499,645,603,508,601
601,485,648,604,509,599
601,497,649,606,513,601
600,493,643,604,518,599
597,497,646,607,516,597
592,488,633,605,521,592
597,503,643,604,518,598
602,487,640,602,523,597
600,498,643,598,518,601
599,494,648,607,507,599
593,488,639,604,524,596
595,503,644,601,517,600
599,502,648,594,521,604
593,499,648,589,512,601
603,485,648,606,516,596
598,503,639,602,520,597
598,498,645,594,510,598
602,498,641,604,516,598
