=~=~=~=~=~=~=~=~=~=~=~= PuTTY log 2023.11.02 23:39:40 =~=~=~=~=~=~=~=~=~=~=~=
668,505,674,455,419,608
675,510,676,453,416,602
677,516,669,452,419,611
677,510,676,458,421,600
665,520,662,458,420,612
671,504,671,453,425,605
677,519,677,448,420,609
674,517,678,446,424,609
664,523,667,458,411,613
676,523,675,446,419,612
672,522,674,454,416,613
667,518,663,466,419,615
676,509,676,466,421,602
665,523,662,469,421,614
672,509,677,469,425,602
667,517,676,467,424,603
673,510,672,468,425,606
671,523,662,469,413,614
667,513,676,470,423,603
673,509,668,460,420,612
676,523,664,474,420,613
676,521,678,472,421,613
668,526,662,473,420,616
670,515,675,472,423,601
668,515,675,471,423,605
669,526,674,461,420,611
675,524,678,463,422,613
666,529,661,475,421,616
668,526,661,475,417,616
673,527,678,459,415,606
669,516,675,473,421,605
676,513,674,478,410,608
679,522,667,476,420,615
672,512,677,477,418,603
665,518,670,472,417,611
675,525,667,479,418,616
676,525,673,475,410,616
678,528,679,469,423,612
678,521,671,479,410,612
671,513,676,480,420,605
673,530,663,483,418,617
671,529,675,470,419,616
669,516,675,480,422,607
673,528,673,473,415,617
674,525,677,471,423,612
674,514,675,483,421,607
665,529,664,481,421,614
665,525,661,479,417,614
676,518,673,481,409,614
675,526,663,483,417,617
665,529,662,482,419,615
674,523,673,479,410,617
675,525,665,485,418,615
674,524,662,478,422,613
676,521,672,479,421,614
668,512,675,472,420,615
663,519,673,482,423,609
666,529,661,486,421,615
672,526,676,477,417,616
676,512,674,488,411,610
671,520,677,482,422,615
662,529,662,488,422,614
664,521,668,482,420,607
675,523,663,490,416,619
674,526,659,494,419,619
672,522,663,494,420,617
676,516,673,491,411,615
678,519,673,484,424,615
666,517,673,487,420,609
677,519,672,491,410,616
674,523,670,492,412,617
674,521,670,489,411,617
665,524,667,494,423,615
672,522,676,484,424,617
666,517,670,492,425,610
676,504,670,495,421,607
664,524,661,496,424,615
673,509,671,496,426,609
666,528,672,486,421,612
676,524,673,484,427,612
668,526,662,500,423,617
678,515,670,495,425,616
678,524,670,495,422,617
674,526,673,491,416,618
675,510,674,494,424,611
662,519,672,497,425,611
668,514,669,497,421,606
665,527,661,501,417,614
679,524,668,496,423,617
669,514,673,497,413,618
678,523,672,492,424,615
675,524,677,488,423,614
672,527,675,486,422,618
675,524,678,486,425,616
677,524,664,490,423,616
678,525,667,499,422,618
674,527,660,500,420,620
670,516,674,498,425,609
675,525,671,493,414,618
677,526,664,500,420,619
663,527,665,499,424,616
672,512,675,499,417,611
663,527,659,498,424,619
678,512,673,501,413,613
673,526,673,492,413,620
667,526,668,496,423,614
667,516,674,497,423,609
672,527,672,492,413,619
671,523,669,497,424,616
674,512,676,500,421,609
665,530,660,499,422,617
671,528,662,503,420,617
671,522,665,501,423,618
666,521,661,499,424,618
674,528,671,491,419,617
674,525,668,499,409,618
666,521,673,503,413,612
668,521,656,503,422,620
675,525,666,501,421,618
673,513,675,502,419,611
676,517,674,491,427,614
675,529,675,490,425,618
673,527,676,489,425,617
674,516,672,505,414,614
664,522,670,500,427,612
672,513,676,503,425,607
670,523,671,499,412,618
676,527,672,495,414,619
676,511,674,498,428,609
661,530,666,500,425,615
663,528,662,499,424,616
668,515,675,501,426,610
674,528,673,492,420,620
672,528,675,490,422,618
665,529,660,503,421,617
670,526,677,490,425,616
675,515,671,506,412,615
678,523,672,502,422,619
677,524,663,504,423,620
664,519,669,500,426,613
678,518,674,501,424,617
674,508,673,499,427,612
676,521,676,491,426,614
679,514,673,504,415,615
672,509,669,500,428,612
672,523,660,505,423,621
673,524,673,491,419,619
668,519,660,500,420,619
676,509,676,495,426,609
674,519,676,491,420,619
668,519,667,501,425,617
673,522,674,490,421,619
669,509,674,501,430,608
679,510,676,501,419,613
673,523,674,491,419,618
662,519,667,500,426,615
664,517,668,500,417,618
673,506,673,501,427,611
674,522,675,504,415,612
676,524,676,489,424,617
667,523,661,497,425,613
677,516,670,498,426,619
675,519,673,496,415,619
674,518,664,503,423,622
674,523,674,491,417,619
676,519,676,492,426,616
673,507,671,501,427,612
678,518,666,499,426,614
672,521,676,491,422,617
672,507,670,492,426,618
676,514,677,492,427,617
672,517,661,502,422,622
676,508,675,503,428,611
669,523,673,491,417,621
672,523,676,491,420,619
676,518,672,498,416,621
667,516,669,499,426,615
674,519,671,497,416,619
677,508,675,504,424,610
667,522,661,502,424,621
674,521,673,492,421,621
679,507,678,503,421,610
674,520,674,495,418,620
678,517,671,495,414,622
671,519,663,505,423,621
675,518,663,504,424,620
677,513,672,487,421,618
675,519,658,506,424,622
676,505,676,503,426,611
677,515,671,501,425,620
671,519,662,503,425,624
675,514,678,495,428,618
670,504,671,501,430,614
666,521,661,503,425,617
676,515,665,505,424,622
669,519,673,491,422,620
674,519,675,488,425,620
679,507,676,503,421,611
677,506,676,505,425,610
667,510,662,502,427,617
672,520,678,493,421,621
678,507,677,504,419,611
675,505,672,502,427,612
673,519,660,504,423,624
665,510,663,501,427,620
679,521,670,500,416,621
672,519,676,491,429,618
675,516,663,505,424,621
674,518,671,496,414,623
678,515,678,494,430,618
678,516,674,502,426,610
673,514,669,498,415,621
667,512,672,495,416,621
672,515,674,491,420,619
678,511,677,484,423,619
677,515,660,500,421,621
671,513,672,493,416,618
665,517,678,482,424,618
673,516,675,480,421,620
670,500,670,490,427,615
675,513,678,481,428,618
675,513,677,479,427,618
673,517,657,495,424,622
669,516,675,496,416,619
666,509,663,496,424,622
679,505,678,481,425,619
672,515,660,498,423,622
664,511,661,499,421,623
677,511,680,488,429,619
678,508,676,501,418,611
673,513,663,501,423,621
675,513,679,487,426,617
676,512,659,503,423,621
670,502,672,496,429,616
679,512,667,500,425,622
677,512,679,495,426,619
673,516,677,488,425,620
676,508,674,492,424,614
674,517,677,487,425,619
664,509,661,502,426,621
676,513,672,498,414,620
665,511,661,503,424,624
671,516,661,506,423,624
670,518,659,505,424,623
676,503,676,505,425,612
665,519,661,505,425,619
671,517,660,507,425,625
676,504,675,505,428,612
675,515,678,496,427,619
675,518,678,496,426,620
677,506,675,507,425,611
672,519,675,494,425,619
668,519,660,509,426,625
676,504,674,506,425,614
673,520,674,500,421,622
673,520,676,497,426,620
665,515,666,506,427,620
666,511,661,509,421,625
677,504,675,505,432,612
677,512,672,504,430,621
672,504,675,508,429,612
667,520,659,510,427,621
672,518,660,512,426,623
672,519,661,511,425,624
666,511,663,508,428,620
678,513,670,509,426,623
663,514,670,507,428,616
667,511,676,510,422,613
678,516,677,500,431,619
666,522,663,510,429,617
674,516,670,506,417,623
673,505,674,509,432,613
667,521,661,512,431,615
674,518,677,497,428,621
663,518,663,512,427,623
675,522,677,499,429,620
673,518,679,499,430,618
677,516,677,504,432,620
676,508,676,511,428,612
666,520,659,511,425,620
667,510,663,510,430,619
670,521,661,512,428,619
678,506,674,510,429,610
668,517,659,512,430,617
676,514,670,506,420,621
677,519,677,501,431,619
668,525,660,510,429,621
665,517,668,511,431,617
676,520,673,507,430,620
678,515,673,513,430,619
674,522,675,500,425,620
675,524,676,500,430,620
676,519,667,511,429,620
670,510,668,508,432,616
670,508,663,510,428,616
674,522,660,500,429,619
666,516,672,509,431,615
665,523,660,510,420,623
667,524,661,510,428,622
680,516,675,505,430,620
668,524,661,512,435,617
678,518,673,506,430,620
676,520,673,508,419,622
677,509,674,509,433,613
664,525,667,509,430,619
664,523,663,509,430,612
675,519,677,500,429,619
670,522,662,514,429,619
677,520,674,512,418,621
668,513,673,511,428,612
672,521,677,499,427,619
666,516,671,509,431,616
681,521,667,512,425,622
675,502,673,505,434,614
667,526,676,502,423,622
675,519,675,501,430,620
679,517,660,512,430,618
667,516,670,506,432,613
674,524,672,502,424,623
675,525,672,507,430,617
671,525,659,512,430,619
666,521,670,510,431,617
677,509,676,512,420,615
679,521,672,508,419,620
680,520,668,509,428,622
681,523,676,499,432,619
673,526,673,502,426,621
677,509,676,511,429,611
674,525,671,502,424,621
674,509,670,509,433,615
673,518,673,511,419,619
677,512,673,513,418,623
674,521,661,512,427,622
675,518,671,510,420,622
666,519,667,509,432,615
663,526,663,510,430,622
679,512,676,511,434,611
676,526,673,502,423,623
666,522,669,510,432,617
676,510,676,512,421,615
675,521,677,501,430,618
677,522,677,502,432,617
680,522,669,510,430,620
666,502,672,509,423,621
677,523,673,516,419,622
676,521,670,511,417,621
667,528,662,512,428,624
666,526,661,511,429,622
674,521,672,514,419,621
675,524,672,506,420,622
676,515,671,511,417,619
670,515,674,510,433,614
680,521,669,510,430,621
680,520,669,507,429,621
674,526,676,501,428,622
676,520,670,513,423,623
677,512,674,511,425,613
665,526,661,515,430,620
670,526,660,510,431,616
668,526,659,512,431,616
673,521,672,509,419,622
664,526,662,512,429,622
664,524,666,510,430,621
672,527,670,503,424,622
673,523,674,505,423,622
677,510,674,510,434,613
680,520,671,507,432,620
666,518,671,510,431,622
673,527,674,503,424,623
670,512,674,512,420,616
676,523,676,513,419,619
676,524,662,514,429,623
679,514,667,507,428,618
673,526,675,503,425,620
676,524,675,502,432,622
678,524,670,515,414,617
666,528,661,513,432,615
676,520,671,511,430,624
669,529,660,513,432,618
673,511,670,505,431,619
672,524,670,508,419,624
674,519,673,517,422,623
674,529,674,507,424,624
663,525,665,513,431,612
677,523,669,514,427,623
677,512,672,517,419,623
677,512,675,515,417,614
672,512,676,515,422,615
664,527,661,512,433,615
665,524,677,503,431,620
678,522,670,508,430,621
673,526,668,505,428,612
676,521,671,511,431,621
676,522,673,507,428,622
668,527,660,516,432,618
673,527,674,503,425,624
677,512,669,513,419,619
679,514,673,512,425,623
678,512,672,517,421,624
664,521,670,512,420,618
677,520,672,510,434,623
678,520,674,512,426,624
670,511,670,512,430,623
666,514,674,512,433,615
673,516,676,501,431,617
675,509,674,512,426,614
671,524,661,515,430,623
664,520,667,513,430,613
677,520,671,513,429,623
664,524,671,512,428,614
676,521,674,508,426,625
675,516,672,511,434,621
664,517,660,517,432,616
674,516,671,512,425,623
677,510,676,506,424,621
678,511,677,506,432,615
678,503,676,520,422,617
661,513,667,516,431,614
677,507,674,508,431,622
669,507,663,517,434,625
667,505,665,516,432,616
674,514,668,517,429,624
677,504,675,519,420,617
675,516,663,519,430,624
675,514,670,515,427,620
670,514,680,512,433,621
677,512,674,522,417,623
663,516,668,515,433,614
675,514,671,517,428,624
676,518,677,508,434,621
673,509,670,513,428,621
666,507,674,509,429,624
678,516,672,515,429,625
671,505,668,516,431,614
677,507,675,518,422,617
678,503,676,517,423,617
674,515,676,513,430,623
671,520,658,520,434,616
663,517,662,518,432,615
664,507,672,521,419,625
664,519,670,517,435,614
671,504,670,517,429,614
677,513,667,517,424,623
677,513,675,508,425,620
676,510,672,504,426,621
675,506,676,508,426,622
672,505,670,517,424,622
664,501,661,522,427,618
674,486,674,517,422,615
676,489,677,520,408,617
677,484,675,518,412,620
669,480,667,515,419,612
669,480,671,516,419,610
663,492,661,518,420,617
676,475,674,514,414,611
673,497,674,512,409,611
675,483,673,517,408,611
673,494,676,520,405,616
668,500,668,519,413,622
670,485,675,517,407,612
675,499,675,511,410,620
664,487,668,516,420,610
669,500,675,512,407,619
671,501,672,521,406,618
665,504,664,521,414,621
672,500,676,511,419,614
677,487,677,514,406,613
674,501,672,517,407,617
678,500,676,520,405,617
665,510,666,520,419,615
667,505,673,516,414,621
665,506,664,518,417,617
673,505,672,509,407,610
673,502,674,509,411,619
672,485,672,512,416,609
666,499,661,517,419,618
663,499,662,516,419,618
671,496,669,509,409,620
664,487,662,514,421,611
675,481,677,515,408,616
671,471,671,513,418,608
676,463,671,513,412,609
674,478,675,506,415,619
676,478,676,503,417,609
677,477,674,504,416,618
673,475,678,504,418,616
673,478,673,500,421,619
663,474,664,511,420,619
678,479,676,497,421,616
674,483,670,510,408,615
672,484,673,502,424,609
662,480,662,513,422,614
680,482,676,499,423,613
670,484,672,507,409,618
670,482,672,512,407,616
676,480,680,508,421,612
666,468,669,512,420,604
668,468,673,512,423,608
663,488,661,516,422,614
673,473,674,514,418,606
674,483,676,516,411,613
674,491,680,505,426,614
673,485,678,509,425,607
661,488,664,505,423,618
673,493,676,491,424,614
666,497,666,503,423,618
662,490,659,502,420,617
672,495,674,487,421,612
674,498,677,489,419,608
676,485,661,493,424,621
670,500,672,485,415,619
674,494,676,485,414,611
668,501,671,479,426,618
673,500,678,465,427,614
673,498,677,464,421,619
664,490,661,472,420,613
675,499,678,471,420,610
674,509,673,462,415,620
673,506,673,465,423,618
677,509,667,461,423,618
675,500,678,451,420,619
676,499,675,448,422,621
675,493,677,455,424,611
675,495,679,454,419,609
672,509,672,450,424,618
664,503,661,450,424,622
672,508,674,441,416,620
677,508,679,437,425,618
669,497,667,436,426,614
674,509,674,432,425,619
675,508,676,428,419,620
678,506,678,425,422,618
670,496,672,435,428,613
675,508,678,424,426,618
672,513,677,424,420,619
666,512,663,435,422,615
677,496,678,433,421,609
670,510,672,424,427,618
672,497,673,428,426,615
675,511,674,418,417,620
669,513,661,429,422,622
674,509,674,426,417,611
672,510,672,423,424,618
674,511,674,421,414,620
674,512,679,410,421,619
673,497,675,418,426,610
675,508,677,421,420,620
665,515,664,419,423,620
676,505,675,415,413,618
675,511,674,413,414,619
677,506,675,421,423,609
671,498,667,416,428,615
674,508,676,408,419,620
678,496,678,419,421,607
677,507,678,401,425,614
673,505,677,405,419,618
676,505,676,418,416,613
668,498,668,413,425,614
679,505,680,404,426,615
671,509,671,415,423,618
674,508,674,413,424,618
675,495,677,418,426,607
673,509,674,409,418,618
676,504,676,419,418,611
675,506,676,420,415,612
680,504,679,408,429,615
665,507,664,420,423,619
664,504,662,421,421,619
677,506,675,414,427,615
669,509,671,418,425,617
676,491,676,420,428,608
671,506,670,418,425,617
680,501,679,410,426,615
665,501,665,421,428,617
677,493,679,422,424,619
677,505,675,409,422,616
677,503,677,419,410,617
678,504,677,423,415,612
677,487,679,418,419,607
678,500,680,424,417,613
678,496,664,422,419,618
676,499,676,424,417,612
664,490,670,419,428,611
666,504,665,421,420,619
678,502,679,411,427,614
663,501,663,426,424,619
675,501,675,426,416,617
667,506,666,423,424,618
673,505,672,421,425,616
674,507,673,422,426,611
675,506,674,413,419,618
672,507,679,421,424,606
676,501,678,408,424,615
676,503,677,425,419,610
678,496,678,422,425,617
670,507,674,418,413,617
673,508,674,421,415,615
677,503,675,416,427,613
666,508,679,412,422,608
680,505,676,406,425,613
675,505,674,420,418,618
673,505,674,428,417,611
667,496,669,419,427,614
675,506,665,419,414,617
673,505,675,409,424,616
674,508,673,424,415,614
677,492,678,410,424,614
676,507,674,417,421,615
676,491,674,421,425,608
669,494,669,409,423,615
664,503,662,423,424,617
673,506,672,422,415,613
673,506,671,420,427,615
666,499,664,420,425,618
672,508,674,413,416,616
678,494,677,422,423,605
675,491,677,418,425,614
669,506,669,421,424,613
674,507,672,414,427,614
666,498,663,419,428,613
673,506,671,418,425,615
679,503,680,409,428,613
673,508,670,420,426,614
676,504,675,425,419,609
680,506,676,411,422,616
669,508,666,422,423,618
676,494,677,407,426,611
665,497,664,421,423,616
671,492,669,421,428,609
675,503,676,416,419,617
673,505,675,417,418,617
660,501,662,426,426,618
678,503,678,425,421,607
674,503,676,413,415,616
676,499,677,426,421,606
663,499,678,421,428,613
673,486,675,423,429,607
671,502,675,425,416,611
676,495,678,425,423,606
675,487,671,422,427,606
674,505,673,426,415,611
676,492,676,427,426,606
673,504,674,420,415,616
659,500,663,426,426,614
672,488,671,422,429,607
666,499,663,426,426,614
664,491,666,424,428,614
670,503,673,425,426,615
673,502,672,424,415,611
666,498,660,426,426,617
670,502,668,424,424,615
677,492,680,426,423,605
669,487,676,424,430,616
662,498,664,428,425,617
676,498,679,417,429,613
663,502,664,428,425,618
674,500,674,423,417,615
675,488,673,424,430,607
676,501,677,413,426,614
678,505,674,425,417,612
673,498,675,429,417,609
673,482,669,424,424,604
674,489,672,424,428,608
675,491,673,429,417,604
675,500,675,416,423,614
666,503,665,428,425,616
664,496,663,426,427,617
676,494,673,419,424,613
676,499,677,415,427,614
674,503,675,422,417,617
672,501,674,432,419,611
665,496,664,428,425,617
674,502,675,433,417,612
678,498,679,416,428,615
665,494,663,429,425,619
672,505,674,428,411,613
677,501,678,417,425,616
677,498,677,431,421,607
671,506,669,429,426,615
674,504,675,422,424,616
679,502,673,414,425,614
677,498,676,419,430,613
669,492,665,427,429,613
677,495,676,432,425,616
663,499,661,433,425,617
678,501,679,426,429,614
677,500,675,420,423,616
680,497,675,419,428,614
678,489,678,433,414,614
667,492,664,433,429,616
666,500,664,435,427,619
674,489,666,430,430,613
676,492,676,432,430,612
675,484,674,428,430,609
671,501,668,430,425,613
676,495,675,434,420,608
670,499,673,430,428,614
667,486,667,431,428,615
673,496,674,431,417,610
677,494,677,426,429,613
678,491,677,420,429,614
676,480,678,427,418,616
676,491,679,422,429,612
669,481,671,431,429,610
677,481,677,431,431,603
677,481,678,425,431,614
669,497,665,435,427,616
680,491,681,417,431,612
671,492,676,424,424,616
679,491,679,423,429,612
669,484,669,429,431,613
674,493,672,434,418,613
675,489,677,434,422,608
676,489,678,420,429,613
675,494,677,417,425,615
665,490,664,432,427,618
677,492,677,423,432,614
676,490,678,420,430,614
667,490,665,435,428,608
675,494,676,428,431,613
671,476,669,431,429,613
677,493,677,422,431,613
670,496,670,429,431,615
665,494,662,436,428,617
675,497,671,434,418,615
675,499,674,435,417,614
676,487,677,436,427,616
664,487,663,431,430,617
678,492,678,423,430,614
666,495,659,437,428,618
676,481,673,431,431,609
668,497,670,431,429,608
670,484,670,431,432,611
666,490,663,423,426,614
673,495,675,433,430,613
679,491,680,422,431,614
674,495,673,430,418,617
678,486,678,436,426,606
676,486,677,436,425,606
678,492,677,438,423,609
675,492,678,427,421,611
677,491,677,435,424,618
672,495,673,440,417,613
657,495,660,436,427,618
675,489,676,439,425,608
674,497,675,438,418,614
669,483,667,439,430,612
664,489,662,435,431,617
673,496,674,445,417,616
664,494,663,451,426,620
672,476,666,448,436,613
674,490,673,447,429,617
676,477,671,451,430,609
676,478,677,459,429,610
674,490,674,463,419,613
673,487,673,469,417,615
676,488,678,465,412,611
678,483,677,479,422,610
665,491,661,473,422,620
677,473,674,491,429,611
677,488,676,495,428,618
673,488,673,499,426,617
663,486,661,509,425,622
675,475,677,511,426,610
676,485,675,499,421,619
678,486,677,511,424,619
673,491,673,514,416,619
675,487,676,509,427,617
676,486,675,517,414,619
668,491,662,518,427,619
677,486,673,522,416,618
674,487,673,513,425,620
671,474,671,521,426,609
664,485,661,525,426,618
676,483,674,527,416,619
676,485,677,515,424,617
671,485,671,523,423,621
672,471,675,524,422,609
677,471,675,526,417,614
676,485,675,516,427,618
679,484,674,519,423,619
678,480,673,522,424,618
666,483,664,531,420,619
666,485,666,530,426,623
671,474,675,531,414,616
676,477,675,533,414,619
673,479,674,536,417,621
661,473,660,536,429,617
680,465,675,534,416,615
669,468,667,533,428,611
676,465,670,529,422,611
665,477,659,538,427,616
677,464,674,535,422,610
669,481,669,535,424,623
680,475,677,525,424,618
673,479,675,526,427,618
666,472,662,537,430,614
674,474,674,540,414,617
671,465,671,537,424,611
671,464,671,537,426,609
663,469,661,535,420,611
677,474,675,526,428,620
674,464,673,535,421,610
665,474,664,543,419,613
673,477,671,531,427,618
674,465,669,539,426,611
679,476,671,524,429,616
680,476,676,534,426,620
664,474,660,543,425,618
676,476,673,537,425,621
675,475,660,548,427,620
669,467,668,542,426,609
669,461,665,543,428,610
667,479,668,545,421,621
675,463,673,543,422,611
676,478,670,539,424,622
666,482,665,546,425,621
670,482,670,549,420,621
676,470,675,532,424,616
674,473,673,547,421,619
675,476,674,533,417,611
669,467,665,544,426,611
666,469,659,546,429,611
673,476,673,550,415,619
678,461,675,546,416,614
677,471,676,533,426,618
676,461,673,548,415,617
676,456,676,543,416,616
663,467,659,546,425,619
673,471,671,540,421,618
676,454,675,545,413,615
664,470,662,548,423,618
672,467,669,543,421,621
674,452,669,539,419,610
672,469,670,548,418,619
671,470,669,541,421,618
664,462,661,545,425,612
675,467,671,541,421,619
679,455,674,544,414,612
671,470,669,544,419,620
677,460,676,544,414,614
670,461,674,548,413,618
676,467,676,533,423,620
670,471,667,542,421,621
666,475,661,545,424,617
672,471,671,539,420,620
664,470,661,545,425,614
675,469,676,534,422,620
669,453,670,533,420,609
673,462,672,528,417,620
677,460,675,516,421,616
672,466,672,522,419,620
673,464,673,515,417,610
676,464,676,521,416,609
677,465,675,511,422,614
671,453,669,524,422,614
667,454,665,521,421,609
672,459,671,526,411,616
676,460,675,519,403,620
676,451,673,521,416,620
673,458,673,534,408,617
673,464,670,532,413,618
676,460,675,521,421,615
667,451,668,530,419,608
666,466,663,536,417,621
675,459,670,522,421,617
673,462,672,536,410,618
668,451,669,532,415,619
674,460,674,525,422,615
673,460,663,535,419,614
673,461,674,537,413,616
667,454,667,531,421,609
676,460,676,521,416,616
677,457,674,535,408,610
665,467,661,538,421,619
675,457,675,535,408,614
664,457,661,534,421,615
671,465,672,527,419,617
678,459,674,535,408,615
677,463,676,521,421,616
672,467,673,529,417,620
669,462,674,539,407,619
675,464,676,523,423,615
679,463,676,523,421,617
675,463,675,538,407,618
664,462,661,535,423,611
673,466,673,532,418,620
675,462,676,536,421,610
671,467,672,536,415,620
673,453,675,533,416,610
675,449,674,536,412,613
674,454,673,534,416,606
673,469,673,527,420,617
667,454,665,531,418,620
665,460,661,536,412,615
678,465,677,523,422,615
667,470,663,537,419,619
660,472,662,533,411,619
676,466,675,537,410,618
678,464,677,524,421,619
667,471,663,538,420,618
661,456,662,537,424,610
666,471,664,537,419,619
678,458,677,520,417,618
671,469,672,536,415,620
672,465,675,526,423,616
674,464,675,537,420,617
668,470,666,537,423,616
661,465,662,537,422,615
676,455,677,536,421,610
674,470,675,532,418,620
676,457,675,534,412,611
677,466,678,523,414,619
669,460,664,533,422,610
677,468,678,522,422,618
663,471,660,535,421,620
663,476,661,534,421,617
675,460,675,531,420,621
675,472,676,517,417,614
675,477,674,523,419,618
673,475,674,514,420,617
672,476,675,516,421,617
672,476,673,526,409,621
673,478,674,519,412,621
673,479,670,514,414,620
675,475,672,508,420,616
669,462,668,507,422,614
676,471,675,510,412,611
672,477,673,497,415,620
668,479,668,503,418,619
663,482,663,505,416,621
674,471,675,496,417,611
673,471,676,497,412,611
661,470,667,491,420,619
665,474,661,490,416,622
664,481,663,486,415,623
677,464,677,484,416,609
675,480,674,474,419,618
671,482,671,477,419,618
671,485,673,483,408,618
672,481,674,479,408,617
677,463,674,476,415,607
673,477,669,471,403,620
677,466,677,475,415,610
672,481,674,473,407,615
674,485,673,475,407,617
675,464,674,470,419,607
674,466,676,467,421,611
674,483,672,465,410,621
676,482,676,463,421,617
672,483,673,469,406,618
665,474,677,471,417,620
668,471,675,460,422,616
676,480,678,465,420,616
670,468,671,467,422,611
668,470,668,470,422,616
675,481,674,465,414,620
672,480,674,465,412,620
667,481,663,480,418,622
676,462,676,477,413,609
670,470,662,478,420,624
674,479,674,482,419,617
670,481,673,475,408,619
670,478,675,477,420,618
665,481,662,478,417,621
676,478,673,471,414,621
671,475,675,483,411,615
670,481,672,481,410,619
678,471,675,477,421,610
672,472,677,483,414,611
673,474,676,482,411,613
672,480,674,476,409,622
672,483,672,476,409,619
668,468,668,479,423,617
676,477,677,469,418,619
668,471,664,480,421,622
669,480,675,477,411,622
676,476,678,469,421,618
671,460,669,478,419,612
673,480,673,469,413,621
675,481,675,463,422,618
673,486,672,467,411,619
670,468,669,463,421,615
670,484,668,463,419,620
673,487,670,456,410,619
677,481,679,449,421,619
671,469,671,458,423,618
674,468,674,462,422,612
675,477,676,463,416,621
677,470,678,455,419,610
674,485,673,451,411,621
673,485,673,454,412,618
678,471,677,453,410,610
675,486,674,446,413,622
669,484,667,453,417,615
671,472,672,452,422,615
663,476,662,454,419,620
663,486,663,456,419,622
675,469,673,452,424,613
664,482,662,456,419,620
677,478,679,446,419,615
673,484,674,452,420,619
674,470,673,455,423,610
670,472,671,453,421,620
670,486,670,455,420,620
674,486,675,448,416,621
666,477,664,456,420,619
676,473,678,455,422,611
670,471,671,455,423,615
677,471,678,458,425,610
676,483,676,450,416,620
677,483,676,443,425,618
664,490,663,463,418,620
674,487,673,453,412,621
673,469,675,457,420,613
676,482,675,456,424,617
670,483,669,460,421,620
662,484,662,464,420,622
675,482,676,450,411,618
665,477,664,462,422,619
675,480,676,449,420,619
677,482,678,449,423,618
672,487,673,449,413,621
676,470,677,459,423,612
673,484,673,459,423,618
672,470,674,459,423,613
678,484,673,447,421,616
674,469,672,460,424,611
674,483,674,465,413,614
676,482,678,452,423,618
680,483,678,453,421,619
664,487,664,466,418,621
677,474,675,465,412,607
674,485,677,466,412,613
665,483,662,466,420,621
675,474,673,461,422,611
669,489,673,460,409,620
677,480,677,453,419,619
663,490,663,468,419,622
672,492,673,463,410,621
676,477,679,461,421,619
661,490,665,465,418,621
670,492,670,463,422,619
667,491,668,464,419,620
666,484,664,464,419,621
675,490,675,466,410,617
666,481,665,462,422,618
676,488,675,453,422,620
677,480,677,454,411,617
678,488,677,452,422,617
663,495,663,465,420,622
679,477,677,464,423,610
668,481,664,461,420,611
678,482,675,451,413,620
673,477,669,461,423,620
665,493,665,468,419,619
677,483,681,465,416,611
678,487,675,457,422,617
673,489,672,459,423,608
666,492,663,466,419,620
663,483,661,461,420,620
667,492,665,465,423,619
676,479,679,463,419,610
671,492,673,464,420,619
671,476,673,461,423,612
668,480,666,460,423,615
674,492,675,457,412,621
676,488,679,458,422,619
675,477,677,461,422,611
673,475,674,458,425,611
676,490,675,461,410,614
669,479,670,455,423,615
665,485,661,457,421,620
665,494,665,459,417,617
670,479,669,454,423,614
672,492,672,458,409,618
677,489,678,446,423,616
673,478,671,452,422,615
673,477,673,453,422,611
675,495,672,453,409,619
672,489,673,448,411,620
675,477,677,452,421,610
673,492,673,444,418,618
672,489,676,455,417,611
676,489,678,441,421,619
676,489,675,442,417,620
672,480,672,450,424,614
670,481,668,450,426,617
673,479,677,451,420,611
666,497,669,454,418,621
665,496,663,456,419,615
677,482,673,454,413,609
673,477,673,451,423,611
673,492,673,454,411,615
677,488,670,446,419,616
674,493,672,451,421,618
673,479,673,449,424,610
675,491,676,452,424,614
667,496,665,455,420,623
677,477,676,451,425,611
677,490,678,440,422,619
675,494,672,449,424,618
679,491,678,442,425,617
673,481,677,453,422,611
673,495,673,448,412,622
671,487,675,454,414,613
677,494,672,443,424,615
677,480,677,450,423,611
676,491,676,440,420,620
674,497,673,447,412,620
668,485,663,445,425,614
669,489,667,447,421,621
672,493,669,446,422,618
666,496,665,451,422,620
666,495,663,453,420,622
675,489,674,451,412,614
674,496,672,447,411,620
678,492,680,438,424,619
673,495,671,448,411,620
670,484,668,448,411,620
673,496,671,446,411,619
677,490,676,436,423,617
678,492,679,433,427,617
668,489,664,446,420,621
677,491,675,438,423,617
676,491,674,435,414,620
677,481,677,446,419,609
677,487,678,446,419,610
673,496,670,444,422,619
669,483,663,441,423,615
676,490,675,444,417,611
667,487,659,438,421,619
676,491,678,429,422,618
678,491,678,428,414,619
677,491,675,442,415,612
678,492,678,426,420,619
670,476,670,434,424,616
672,496,678,440,413,611
674,474,669,434,419,607
678,480,678,433,419,618
669,478,666,432,426,617
674,492,675,423,415,620
673,493,671,428,422,617
669,481,671,431,421,616
666,492,662,436,421,622
678,492,679,421,423,618
677,479,676,431,423,616
672,480,670,431,424,614
677,492,675,423,417,620
674,496,671,434,410,619
678,489,678,422,422,618
675,495,675,426,416,620
678,477,677,432,421,610
667,497,662,437,420,621
667,494,668,436,421,619
667,496,665,440,418,621
665,497,664,438,421,621
680,491,678,427,424,616
678,490,679,420,425,617
667,496,676,437,418,610
679,491,680,432,428,616
676,486,662,438,420,618
676,478,677,437,425,611
672,492,673,440,411,616
678,488,678,428,422,619
678,491,679,431,424,616
675,487,676,443,415,611
672,480,665,440,423,618
676,477,680,439,426,611
674,485,671,434,409,617
679,487,678,427,422,618
669,481,669,442,425,617
664,494,663,445,419,620
666,488,668,441,422,620
675,485,676,443,415,612
677,490,678,430,420,619
673,495,674,442,413,618
679,483,678,443,422,609
673,478,672,440,426,610
673,491,672,440,424,619
666,493,661,442,422,616
666,493,662,446,423,621
666,490,666,445,422,618
661,493,663,447,422,619
666,492,666,446,421,619
673,492,674,445,412,618
665,485,661,445,424,620
678,475,677,447,426,607
679,484,678,435,422,617
665,476,678,435,426,615
666,479,662,446,424,617
676,479,678,449,425,608
678,484,678,439,426,615
677,488,671,436,420,615
675,490,668,441,418,618
676,485,672,454,416,612
676,486,677,440,426,616
678,479,676,454,423,609
662,486,662,455,424,621
674,475,668,450,428,610
670,487,666,457,425,619
676,485,675,448,421,608
665,488,664,460,424,621
665,480,665,460,427,618
664,478,663,450,425,618
672,489,671,458,428,618
675,489,676,469,416,613
664,489,661,472,424,621
666,491,678,468,428,618
665,494,664,479,422,621
666,497,663,482,423,622
671,495,673,483,414,618
675,492,675,477,417,620
665,495,668,492,423,620
672,498,672,493,414,619
672,496,673,492,412,618
672,495,675,496,425,617
672,499,674,504,408,619
674,498,673,507,413,615
669,496,670,505,424,618
667,487,666,509,423,617
672,498,672,510,414,619
671,496,676,510,424,618
669,497,672,513,415,620
667,492,663,515,426,613
676,486,676,516,408,617
665,489,663,516,425,611
678,492,679,508,425,617
677,495,674,510,418,620
678,480,678,521,415,614
675,493,677,510,423,615
663,500,662,524,423,616
664,490,663,521,425,612
671,498,673,523,417,621
675,497,673,517,423,619
673,497,674,514,422,617
678,490,676,522,411,617
665,498,664,522,423,618
672,497,669,520,420,620
675,497,669,516,417,622
673,497,673,519,421,618
673,482,673,522,420,609
674,497,670,527,419,621
666,499,661,529,422,620
673,498,673,526,415,620
669,484,667,525,425,609
676,495,674,528,413,621
664,496,661,532,423,616
668,498,672,529,419,620
681,497,675,522,421,613
665,491,661,531,425,614
676,494,679,526,422,620
678,487,673,522,426,618
673,482,671,532,422,608
668,489,664,536,425,610
670,498,672,539,417,621
675,501,671,537,422,621
679,496,677,531,419,616
666,491,661,543,421,614
679,495,676,537,424,618
675,498,668,540,421,622
675,496,674,542,421,619
674,485,668,545,418,609
679,499,675,537,422,621
677,496,675,536,425,620
672,488,668,541,415,612
672,503,669,545,419,620
676,494,673,551,410,618
675,493,673,551,411,617
675,486,670,547,420,610
676,499,673,537,424,617
673,487,670,547,420,610
668,487,667,548,422,609
665,490,666,548,425,611
674,502,672,546,421,620
674,501,668,555,415,622
676,499,672,550,420,621
676,498,671,552,422,621
674,503,670,551,421,620
673,504,668,560,420,617
667,496,674,567,417,612
677,496,672,569,411,619
661,494,659,566,424,612
670,489,667,567,420,610
672,502,667,566,420,620
676,487,673,568,416,614
676,504,669,572,418,620
679,499,676,563,421,619
678,500,675,559,421,619
674,487,669,568,420,610
666,505,661,573,422,619
666,493,660,571,425,611
678,500,673,561,424,618
674,498,670,581,412,619
680,504,675,580,421,619
671,502,666,596,420,622
676,500,673,599,409,621
671,504,665,597,421,619
665,495,660,606,421,622
674,505,670,603,419,621
676,487,672,605,418,612
675,503,672,605,421,620
676,500,671,602,421,622
668,502,662,610,416,623
670,489,666,608,422,610
673,504,670,602,423,619
678,486,673,612,414,615
675,489,675,609,416,616
675,499,676,599,426,618
676,504,673,615,414,621
675,486,671,610,419,611
675,502,670,604,422,620
665,494,660,609,425,612
673,502,672,604,423,622
672,503,669,610,420,620
678,493,676,600,423,620
672,503,669,609,419,621
676,499,673,604,423,621
673,501,670,604,421,623
666,496,660,611,424,613
664,503,663,612,423,620
679,499,673,600,423,621
677,498,675,599,423,619
661,498,661,611,425,613
674,503,670,614,413,622
674,502,670,605,419,624
664,494,661,604,422,613
668,502,664,608,422,624
679,498,676,599,424,621
676,498,673,596,422,619
662,498,660,611,427,617
663,499,662,611,426,617
674,487,668,607,422,611
676,486,675,610,411,612
675,498,676,595,419,619
664,498,661,611,425,613
669,488,665,607,425,612
675,486,673,607,420,611
676,486,672,606,420,612
677,487,676,603,411,617
672,500,678,597,425,621
679,497,674,610,414,620
672,501,671,604,422,620
676,495,673,611,414,620
672,502,670,609,419,621
673,501,669,608,417,622
674,497,675,598,424,621
672,501,672,609,415,622
677,484,675,606,419,615
675,493,672,608,413,621
675,486,675,601,414,614
667,489,664,603,426,612
676,495,675,590,426,620
675,497,676,588,426,618
674,500,672,593,423,622
664,498,659,597,427,616
677,495,675,583,425,619
668,502,665,592,424,623
675,497,673,581,426,618
678,498,674,581,424,620
669,489,666,585,426,611
671,488,665,583,424,610
666,492,663,581,425,610
665,502,663,579,424,625
672,501,672,574,421,621
665,496,661,576,428,616
667,501,666,573,422,610
677,498,672,566,421,622
678,494,675,572,414,621
677,492,676,570,413,619
664,500,661,566,426,619
673,485,674,564,422,613
666,493,659,567,425,616
664,497,660,565,427,615
675,500,674,556,418,621
677,496,678,545,427,619
674,500,672,554,417,622
671,499,672,553,424,621
676,497,675,543,425,621
674,497,674,547,414,622
673,492,674,531,420,623
667,498,672,540,414,622
676,485,676,534,417,615
671,493,679,519,425,619
672,501,673,517,424,619
675,498,675,509,422,621
668,485,674,507,421,619
676,484,675,513,417,613
678,494,678,497,427,618
664,500,661,507,422,623
665,488,665,499,426,620
677,495,680,486,425,620
673,494,670,488,411,619
664,497,661,493,423,624
664,495,662,490,424,622
666,502,664,486,425,622
662,499,662,483,426,624
675,497,675,469,419,621
667,490,667,471,428,619
666,484,671,471,428,616
673,498,672,471,415,618
670,479,671,462,427,616
667,499,672,463,414,619
663,494,662,459,422,622
668,498,673,451,424,619
679,493,676,445,427,617
673,494,677,438,423,619
672,497,674,446,424,619
673,495,674,446,415,615
677,477,679,437,420,611
674,497,674,434,425,618
676,489,678,440,421,612
666,499,666,438,424,621
674,493,679,426,428,617
665,489,665,432,427,619
674,494,674,425,422,621
672,496,674,430,415,616
671,491,673,428,419,620
673,496,672,424,417,621
664,498,663,431,423,621
665,482,671,426,428,613
675,486,677,432,419,615
675,483,674,435,415,611
667,487,665,429,429,620
667,496,670,432,428,619
669,483,669,423,430,620
675,481,676,430,430,611
675,490,678,439,422,613
674,498,674,438,418,621
675,493,676,442,419,614
669,483,670,440,432,613
680,483,679,443,426,612
673,498,675,440,419,622
674,496,676,435,424,622
677,482,677,447,432,611
668,482,671,447,430,615
672,500,672,450,419,619
664,497,661,454,427,624
676,497,676,452,432,618
670,484,673,452,432,615
669,486,672,454,431,617
675,497,675,448,422,621
677,482,677,455,432,612
673,492,674,450,431,619
664,498,664,459,427,622
677,481,677,458,418,618
673,496,674,455,415,621
673,478,677,455,423,612
677,487,678,446,428,617
672,476,675,455,430,611
665,484,662,458,425,620
665,492,664,460,423,621
673,491,674,457,414,621
673,489,673,458,415,619
669,490,667,462,427,621
673,492,673,459,417,615
676,487,678,449,428,617
658,496,665,464,425,622
665,481,659,460,423,620
678,487,679,451,428,618
674,490,679,457,429,616
661,483,663,461,423,618
676,476,678,464,425,609
668,491,668,464,423,619
678,479,677,464,421,610
676,477,678,465,421,610
669,490,669,461,425,620
671,474,674,461,427,611
678,483,680,454,426,618
676,484,677,452,422,619
666,488,666,463,422,620
675,481,679,454,427,616
671,469,672,462,426,613
664,485,665,466,421,619
667,486,669,465,423,618
672,479,675,454,416,619
664,472,668,464,423,615
673,474,678,454,425,618
674,471,678,466,422,608
674,482,679,453,422,616
667,483,669,465,423,617
658,484,662,467,420,619
666,465,670,459,424,615
666,485,669,465,421,616
672,479,677,468,419,608
671,471,678,463,425,608
675,482,678,450,424,613
671,485,676,457,427,617
670,481,675,469,416,611
656,480,663,468,425,618
656,481,663,469,424,618
672,473,677,464,415,611
672,477,678,463,419,610
670,485,675,470,416,615
676,484,679,459,427,616
661,483,664,465,418,621
670,488,675,464,415,620
666,475,669,468,427,618
673,485,682,456,424,620
671,471,675,463,429,609
663,478,663,468,427,619
672,484,676,470,420,612
663,482,667,465,425,618
670,488,671,467,426,618
673,491,664,469,422,622
662,479,665,466,424,620
669,492,672,467,428,618
660,493,664,471,426,621
675,487,679,458,427,618
673,488,678,457,422,620
672,474,678,467,427,608
674,489,677,458,425,618
669,491,673,468,411,619
670,482,669,461,417,617
673,485,678,456,427,618
673,476,676,467,428,610
667,487,676,470,416,614
672,474,675,466,428,611
667,494,672,466,417,622
665,494,666,469,424,620
673,483,678,458,428,616
670,491,675,462,418,621
667,490,674,465,428,621
668,493,672,467,424,618
673,490,678,455,423,612
668,494,668,466,424,620
675,489,679,471,418,611
671,482,676,467,425,611
660,495,663,471,420,622
666,498,668,469,423,619
664,483,670,467,426,619
670,500,669,468,423,619
667,500,670,468,423,618
674,495,679,457,424,616
668,503,672,464,413,618
668,485,676,468,422,608
669,492,677,469,424,609
672,499,678,463,427,615
671,491,676,470,420,609
672,491,677,470,417,609
672,495,678,456,422,618
659,496,664,472,423,619
661,489,667,466,424,618
664,500,670,467,426,616
661,501,665,470,426,618
671,496,678,453,425,617
666,500,675,462,421,618
660,495,665,468,426,617
661,504,674,463,421,619
667,509,674,464,416,618
665,511,676,463,429,615
660,513,662,470,426,620
668,517,663,469,427,617
667,515,680,461,432,615
663,514,679,463,432,614
670,505,676,464,428,606
657,513,671,466,434,611
664,527,664,471,429,617
667,524,674,466,432,613
664,526,674,464,419,616
662,532,678,459,426,615
655,528,673,462,422,613
653,524,675,467,434,608
664,527,668,470,432,616
666,529,669,469,430,615
659,522,675,468,436,609
668,535,667,467,433,614
654,541,665,471,432,615
660,532,676,467,436,605
660,528,678,469,431,607
663,539,673,465,434,613
652,546,662,469,431,617
667,532,676,472,426,609
660,547,663,471,432,619
666,543,680,465,434,614
667,528,674,471,424,610
667,545,676,466,434,614
662,544,673,464,423,617
661,547,674,459,428,617
654,539,672,466,435,610
662,547,677,452,430,617
657,540,676,467,436,609
667,544,668,471,434,617
669,534,670,470,425,612
668,534,675,472,423,613
667,539,674,469,420,615
659,545,663,471,429,619
659,533,680,471,432,608
657,547,663,470,431,619
669,533,672,463,429,615
667,541,663,460,425,617
665,542,678,457,432,616
662,543,664,471,429,619
669,528,675,473,420,610
659,541,664,472,428,618
664,541,677,462,427,620
670,540,670,472,429,615
665,541,672,469,419,617
658,542,664,471,430,622
669,535,674,472,428,621
670,529,666,469,426,615
657,541,664,471,432,617
663,540,679,460,431,616
669,537,670,467,431,616
664,527,678,471,428,610
666,536,674,467,420,619
658,527,675,468,433,610
670,537,680,460,431,616
670,524,674,470,417,614
664,517,679,471,426,609
662,517,677,468,427,608
665,520,669,459,427,609
663,512,677,471,426,609
656,520,669,467,430,613
661,525,661,474,427,620
657,518,674,468,430,614
666,523,663,472,427,620
665,508,677,471,427,609
666,507,677,469,429,608
665,519,677,466,419,618
657,524,666,470,428,621
655,522,667,468,428,618
657,520,666,464,431,612
669,515,674,472,417,617
655,517,671,468,431,612
656,518,669,466,431,615
667,522,664,472,426,620
665,524,676,460,425,617
656,518,671,466,430,617
666,506,675,464,428,610
662,519,664,474,423,620
668,514,680,466,428,617
664,516,673,465,415,620
661,504,670,469,426,616
664,501,670,467,428,611
666,515,677,457,424,616
658,515,679,458,424,616
668,511,678,457,422,615
668,512,673,468,413,616
667,512,676,460,426,616
665,513,674,463,415,618
669,503,676,469,424,606
664,503,678,471,421,607
668,509,675,469,427,618
663,518,676,461,418,616
660,517,662,471,422,620
657,520,669,467,425,613
667,515,678,458,424,615
671,516,678,461,428,614
660,516,664,470,423,607
658,507,666,470,427,615
656,520,662,470,426,616
665,518,673,468,416,616
659,521,663,471,428,614
667,522,682,459,429,611
668,520,679,464,432,614
664,527,678,460,427,613
662,530,677,454,420,615
664,532,676,460,425,615
656,526,673,467,434,608
656,524,673,467,432,609
665,532,660,469,425,616
666,517,678,468,418,608
654,528,667,467,430,611
665,530,662,466,429,608
668,515,675,472,421,608
654,532,666,470,430,614
658,532,663,470,428,614
656,522,675,470,431,607
657,525,675,468,430,616
655,534,664,470,432,615
667,531,675,462,430,612
668,518,677,472,421,606
661,533,662,473,426,615
670,524,667,469,421,616
670,531,677,464,432,612
671,534,672,470,428,613
669,534,676,466,431,610
656,533,676,465,428,612
666,537,666,470,423,613
669,523,675,472,419,607
661,523,678,468,426,601
668,536,664,471,427,612
658,528,673,466,430,601
657,533,669,468,430,608
664,536,679,458,430,610
665,532,673,465,419,612
670,522,676,472,421,607
663,536,664,468,417,610
669,534,673,465,430,608
668,527,674,472,419,608
655,539,665,469,430,611
656,530,672,467,431,604
657,537,664,471,431,613
657,536,664,471,429,613
670,527,674,470,416,609
671,529,673,461,429,609
656,526,670,468,432,607
669,531,675,463,421,614
664,517,679,471,428,602
670,525,674,465,425,607
671,521,675,463,426,610
667,529,668,465,431,603
663,534,663,474,428,615
660,524,676,468,433,604
670,517,678,472,423,606
657,535,663,469,429,615
664,520,679,471,430,603
665,534,673,464,421,612
668,532,668,472,428,613
669,531,678,462,432,607
656,536,668,470,432,610
669,534,680,459,432,612
657,530,679,468,434,605
667,532,665,471,428,614
656,535,667,463,433,606
674,518,675,473,415,607
666,534,664,472,428,615
667,534,667,473,430,613
666,536,677,459,428,612
657,530,671,469,413,612
661,534,678,460,429,611
658,531,670,468,433,607
666,535,675,458,427,610
668,529,675,470,419,614
670,516,676,474,423,606
658,530,670,470,431,608
666,522,678,470,431,603
668,517,679,473,426,603
667,529,673,468,419,612
658,524,673,468,432,607
663,532,663,473,428,615
659,527,674,470,432,605
669,533,666,473,429,614
672,523,675,474,420,607
672,528,680,461,432,612
670,519,675,473,422,608
662,514,672,470,428,601
659,529,666,470,432,609
669,529,678,469,419,609
668,514,680,474,423,608
670,515,677,475,420,609
671,521,672,471,419,611
673,526,668,473,430,613
672,528,670,472,431,615
665,524,659,473,423,615
658,526,671,472,434,607
669,526,679,464,431,611
669,530,678,462,427,611
660,511,670,472,431,617
658,526,663,475,429,614
665,528,664,474,426,615
667,522,672,464,417,611
669,507,675,476,429,605
660,516,673,472,429,607
672,519,680,461,429,611
666,510,673,470,430,611
665,522,662,476,424,617
670,504,679,473,430,606
665,502,668,471,430,611
663,501,669,471,427,613
673,508,681,463,426,614
658,506,664,473,426,616
664,511,669,475,423,615
666,511,674,468,418,618
671,511,675,467,411,615
660,508,663,476,424,618
665,496,670,472,427,612
669,510,676,471,427,615
664,493,670,470,427,611
674,502,678,470,427,613
668,503,674,472,425,615
671,500,677,461,423,616
667,486,668,472,427,608
667,500,677,467,419,617
660,494,662,476,423,617
667,496,674,474,413,618
665,492,674,475,416,616
667,478,676,473,424,609
662,481,665,475,428,617
670,489,676,469,428,615
668,490,676,475,414,617
668,491,675,470,417,618
670,488,679,464,430,616
658,486,663,477,421,619
671,475,679,475,429,606
655,490,663,479,425,620
670,484,679,465,428,613
657,484,661,477,427,618
666,475,675,472,428,612
675,487,674,459,424,609
666,475,671,473,428,613
661,486,664,473,417,618
657,489,664,478,424,619
672,488,678,464,423,619
669,490,675,469,419,620
670,477,676,474,431,609
673,480,677,478,425,608
669,491,673,473,416,616
661,492,666,477,427,617
659,493,664,479,424,618
665,493,668,475,429,616
670,493,678,471,428,616
673,490,679,465,430,614
663,483,670,473,432,612
670,490,679,464,429,616
670,493,674,471,421,619
660,490,664,478,429,619
668,495,676,470,419,618
672,492,678,465,426,618
660,496,661,479,427,620
669,494,672,471,431,616
673,490,678,464,430,615
663,481,669,476,426,614
671,490,674,472,430,615
670,482,677,480,427,610
665,490,672,475,426,617
669,491,674,472,421,619
668,475,672,475,434,613
669,484,676,482,421,611
674,487,675,474,432,616
667,489,673,478,418,620
659,488,664,484,427,620
666,491,668,481,428,617
665,492,668,484,428,619
660,476,664,482,429,618
671,465,671,483,427,607
667,483,674,481,430,617
665,472,670,482,432,614
670,472,675,485,427,608
674,483,678,472,427,618
672,486,678,475,432,617
669,482,677,489,420,611
668,490,673,483,417,618
669,483,676,487,424,606
668,489,671,485,427,618
667,478,673,482,430,612
669,493,673,488,415,616
659,494,664,489,422,619
669,480,676,483,430,611
672,480,676,486,431,610
669,495,674,476,421,620
675,495,671,478,427,619
670,495,678,473,425,620
668,499,673,484,415,618
659,501,663,488,424,621
665,493,676,488,417,614
670,494,680,475,428,617
670,499,674,481,422,618
673,498,675,489,420,612
673,497,679,474,429,617
669,487,675,484,431,609
669,499,675,487,418,614
664,503,668,488,431,617
660,506,664,487,425,621
661,507,665,488,424,620
672,497,672,490,422,609
671,489,678,486,426,610
672,499,679,473,428,616
671,489,677,486,431,610
670,500,679,473,430,618
671,495,676,486,423,611
667,505,674,484,417,620
670,499,674,478,420,618
662,493,669,484,430,616
672,501,678,480,429,619
666,489,676,487,428,610
673,498,679,475,431,617
661,492,668,485,429,617
659,499,661,487,428,623
665,503,674,482,427,620
671,501,676,481,430,617
670,487,674,488,431,612
671,500,675,490,420,621
668,502,673,479,420,621
669,497,677,473,426,619
672,501,672,483,430,617
670,495,678,488,424,610
673,496,678,480,430,617
670,496,677,474,429,618
670,497,675,489,421,615
669,501,675,481,420,621
666,500,674,479,419,621
662,500,664,489,426,620
669,495,677,488,422,612
669,501,674,483,418,620
669,498,675,480,423,621
665,500,672,486,429,619
659,502,662,489,427,620
666,499,674,485,419,619
670,493,677,487,426,611
669,483,671,486,431,612
669,499,680,486,429,609
672,493,678,490,421,615
669,495,673,488,423,614
667,498,674,483,430,620
671,484,677,486,429,610
668,497,674,490,419,615
659,495,660,488,425,622
672,488,678,488,421,611
670,492,677,483,429,618
672,491,679,481,429,617
672,480,675,485,423,622
672,491,679,477,429,617
670,490,672,475,417,622
671,492,677,476,426,619
670,480,678,484,429,611
672,489,677,474,428,619
664,491,669,486,426,619
669,488,676,478,422,621
659,482,664,488,427,619
661,489,664,488,424,621
667,490,672,486,417,619
671,471,676,486,428,611
670,482,677,488,419,608
665,473,671,483,429,613
660,491,664,488,423,619
665,490,671,487,426,619
670,487,675,476,422,620
667,469,670,482,423,616
669,489,674,485,428,620
670,487,676,474,423,620
659,490,660,486,424,620
667,477,675,488,423,621
673,489,675,478,427,616
668,492,670,484,426,620
670,478,677,490,424,610
668,488,674,490,416,616
666,488,670,484,424,620
668,487,673,488,415,617
672,469,673,487,425,609
668,483,674,483,416,622
671,483,674,481,427,618
670,483,675,488,420,611
669,466,676,485,428,611
668,482,674,486,415,620
668,481,675,490,418,614
671,470,677,490,416,611
670,480,676,478,422,621
674,464,679,487,430,610
671,465,676,484,428,611
663,471,663,485,426,619
673,464,675,485,424,611
667,480,674,482,416,620
671,479,658,489,415,617
661,480,663,489,424,621
659,473,662,488,425,621
659,478,663,490,425,622
667,480,675,483,428,617
665,480,668,487,425,621
669,473,676,479,417,619
673,481,679,477,429,617
669,485,674,490,418,616
674,481,678,476,424,620
668,473,675,481,420,621
661,484,661,488,421,619
669,492,673,486,411,619
668,489,679,478,422,613
675,488,680,476,421,619
664,495,668,489,416,622
661,483,663,486,419,620
661,493,665,488,416,623
674,483,679,490,412,612
670,493,674,481,406,623
674,483,676,491,416,618
665,498,665,488,413,620
670,497,673,492,406,617
673,492,676,476,416,619
659,495,661,490,417,623
670,498,675,490,407,616
666,501,674,481,408,622
672,500,680,480,419,620
673,480,676,481,416,612
671,485,672,486,421,612
671,505,674,487,409,617
669,494,673,485,423,614
662,512,661,487,420,619
673,516,678,478,425,619
662,521,671,485,426,613
673,535,678,475,424,617
675,532,676,492,416,616
676,539,668,487,415,616
665,539,675,486,430,613
675,549,679,479,428,617
672,535,678,489,425,611
665,543,676,485,430,612
677,550,670,482,431,616
672,555,675,481,423,622
675,551,678,479,429,617
673,555,673,483,421,622
676,551,680,482,433,618
673,556,679,480,431,619
667,541,680,494,431,610
668,549,675,494,432,611
676,550,674,496,420,617
664,555,669,493,434,616
669,561,663,499,430,623
674,561,678,483,432,619
673,559,678,484,428,622
672,563,677,485,427,620
665,554,659,496,427,618
677,557,672,494,421,621
673,564,674,495,422,622
659,569,664,496,431,620
675,570,663,499,429,622
678,569,676,491,432,619
676,571,677,488,434,618
675,575,679,485,434,618
678,574,670,496,431,619
664,564,672,495,427,612
664,573,671,495,433,616
678,573,669,496,433,619
671,575,664,500,429,622
674,575,680,485,434,618
663,575,669,495,434,617
675,575,679,495,436,616
672,579,675,487,427,620
676,575,678,488,436,618
675,577,680,490,436,616
675,579,678,487,434,618
677,577,679,488,435,618
665,584,662,497,433,619
675,579,677,487,435,616
665,582,663,498,434,620
664,577,668,496,435,615
672,565,677,499,432,611
674,566,674,499,430,610
678,577,667,500,428,622
674,583,676,491,429,622
674,586,676,485,430,619
665,588,663,496,432,618
670,572,678,497,433,610
671,589,675,488,430,621
678,583,679,494,432,618
672,576,676,496,431,610
664,582,672,497,435,612
673,591,676,486,431,620
676,590,670,490,425,620
676,573,679,500,431,609
666,590,664,497,432,617
673,590,676,487,428,618
663,587,667,495,435,615
667,590,661,498,432,621
675,590,677,490,436,616
676,578,676,497,425,613
666,592,662,499,434,620
676,591,680,485,436,618
674,589,675,491,427,619
666,585,676,495,436,608
674,593,678,487,429,619
671,590,674,492,426,619
675,589,670,496,435,618
674,589,669,500,434,619
676,584,673,495,424,615
675,587,672,499,425,615
678,590,671,497,433,617
677,586,674,498,424,615
678,585,674,500,423,618
662,596,663,497,435,618
665,597,664,499,438,620
677,588,674,501,425,616
672,594,674,491,427,619
665,595,671,494,439,617
675,590,674,497,420,619
665,584,676,492,437,610
676,588,674,498,423,618
672,595,675,489,432,615
676,590,671,496,423,615
673,595,663,501,433,618
676,595,678,488,435,615
665,598,663,499,434,616
671,580,678,495,432,607
669,600,662,502,433,619
666,599,663,499,433,616
663,594,668,496,435,613
676,595,672,494,436,614
664,599,666,496,434,614
661,586,677,497,433,606
672,584,678,498,431,609
669,583,679,499,433,603
674,599,679,485,434,613
670,594,677,488,433,617
675,596,676,495,437,617
662,596,669,495,438,609
671,600,676,488,431,616
674,595,679,496,437,613
664,595,670,495,437,609
664,596,670,497,436,611
674,586,676,503,426,608
672,601,678,487,433,612
674,595,679,488,436,611
674,600,665,500,432,614
670,599,674,490,429,613
673,585,675,501,427,607
673,597,680,488,438,611
673,598,665,500,434,615
676,596,675,494,436,608
669,598,678,486,436,613
663,600,663,501,434,611
675,599,666,501,435,613
671,584,672,496,430,601
669,585,676,500,436,604
671,600,675,493,427,615
662,603,663,498,436,613
672,594,673,495,426,611
676,595,673,494,438,611
661,598,671,496,435,608
674,594,673,499,425,611
667,600,660,500,437,614
667,603,662,500,435,613
674,592,675,496,422,613
673,591,675,499,426,611
662,595,671,496,441,605
668,589,677,498,436,603
677,598,665,500,436,614
669,585,677,499,434,603
668,598,678,488,437,612
674,591,677,489,439,611
676,584,675,503,426,608
672,600,677,491,432,614
674,596,680,487,440,611
673,595,674,496,426,615
674,582,677,502,433,606
671,581,678,496,429,605
664,605,664,497,439,613
664,601,664,502,436,615
671,600,677,489,433,614
661,598,667,497,438,613
675,586,675,502,428,610
663,593,673,498,440,608
672,590,673,498,425,613
673,591,666,500,430,615
669,586,678,499,441,611
675,585,674,495,429,613
672,600,678,487,437,613
666,599,664,498,438,614
675,594,673,498,437,612
676,595,673,496,440,611
673,595,679,490,439,613
665,599,663,500,436,617
662,600,663,499,437,612
671,597,675,489,433,616
669,582,680,500,438,617
675,587,674,502,427,612
670,599,676,489,432,616
673,593,681,493,440,612
662,597,668,496,440,610
677,591,668,500,437,616
663,591,669,496,438,608
666,600,662,498,439,616
678,595,671,492,437,614
668,584,679,500,436,608
671,594,678,493,439,613
675,594,681,493,442,613
675,585,664,495,439,613
675,593,673,493,438,609
671,592,676,486,436,613
671,582,678,500,436,606
676,595,675,495,439,614
670,598,677,487,436,615
672,598,678,486,438,613
672,594,673,495,427,615
669,596,680,488,440,611
661,589,669,497,439,609
676,584,676,501,430,610
664,592,671,497,438,607
670,582,679,501,437,606
671,594,673,489,439,611
675,591,673,497,427,613
674,597,668,500,436,615
669,593,675,491,433,615
669,588,676,498,441,605
675,596,666,500,435,615
675,581,677,503,430,608
673,590,676,501,428,613
663,597,668,493,438,612
666,593,669,497,439,612
670,593,678,488,439,613
668,598,675,494,428,615
666,599,677,489,433,614
673,598,678,487,438,613
675,596,669,498,437,614
676,583,676,503,431,611
663,593,672,496,439,608
676,594,679,486,441,612
670,597,662,501,436,616
671,595,679,487,439,611
660,596,664,497,439,616
673,595,678,487,438,613
669,597,675,490,431,615
671,597,676,489,434,615
673,596,665,501,436,615
663,592,669,497,439,609
669,586,678,498,439,606
675,585,674,502,429,610
674,595,681,493,441,614
667,584,677,497,441,603
673,589,674,502,428,612
662,599,664,498,439,614
661,592,667,497,436,607
675,596,667,501,438,614
663,588,676,496,440,605
671,582,679,500,436,605
676,593,675,494,441,615
676,593,678,489,441,612
675,585,675,502,429,607
676,592,673,499,440,613
674,582,674,501,430,607
669,598,678,489,433,612
679,594,668,500,435,614
672,595,678,487,442,612
675,594,673,492,439,611
676,583,674,502,430,607
666,585,678,499,441,608
671,595,665,502,436,617
665,593,674,498,441,608
675,592,676,492,439,612
668,582,679,498,439,604
662,588,670,496,440,610
673,589,667,498,422,611
658,593,673,497,440,609
662,592,669,495,438,611
671,589,679,487,439,612
675,588,674,496,427,614
659,586,674,498,442,605
673,588,672,498,426,615
676,588,675,499,427,613
672,578,678,500,433,605
664,588,672,498,440,608
673,594,664,502,436,617
663,590,669,498,441,611
673,594,674,495,427,615
675,594,679,486,439,613
673,583,672,499,426,615
675,580,674,495,424,615
666,579,675,498,441,607
672,581,675,497,435,602
668,580,679,498,435,605
674,594,679,489,440,611
676,582,675,501,428,612
676,586,674,502,430,612
665,595,663,499,437,615
666,594,679,486,436,613
662,587,675,498,440,606
666,595,664,500,437,613
669,594,675,489,433,616
672,595,678,488,437,612
672,593,665,500,436,615
671,594,678,486,435,615
673,594,675,491,433,616
662,593,666,497,442,611
665,598,664,499,439,617
669,596,663,497,431,617
680,592,672,494,439,614
670,580,679,500,436,606
676,590,668,498,438,615
674,591,674,491,429,616
670,595,681,486,440,615
672,591,678,490,433,617
664,588,673,496,441,608
667,581,678,498,442,605
675,591,673,498,428,614
674,584,673,497,427,614
674,589,668,501,436,615
666,596,668,487,439,606
675,578,676,501,431,607
674,591,678,489,439,605
668,582,677,497,439,606
665,595,661,499,434,617
672,590,674,497,427,615
669,575,679,494,438,605
674,577,678,500,432,605
662,579,677,499,438,606
673,595,677,489,433,616
663,587,660,498,438,604
676,585,675,491,424,614
674,579,674,498,441,607
674,593,673,494,428,616
670,592,676,485,431,616
666,592,661,500,438,615
674,589,673,499,428,614
666,582,676,495,440,605
673,587,679,489,438,613
671,591,679,487,430,611
672,593,676,489,432,615
673,589,679,488,440,610
670,578,679,499,437,606
675,589,673,493,438,613
661,584,677,495,438,609
673,591,675,491,430,616
670,576,677,499,434,607
663,592,663,499,435,614
666,578,679,496,441,604
670,577,675,494,436,603
664,577,678,500,436,602
671,592,674,490,439,616
671,577,678,498,435,605
669,591,663,500,435,615
665,591,662,495,438,615
674,593,678,480,438,612
672,588,675,487,429,616
672,590,664,499,434,617
672,590,673,491,426,615
676,580,674,490,438,613
671,586,677,495,426,615
662,579,675,495,441,605
677,575,678,497,429,608
671,591,677,485,429,615
672,591,671,485,431,616
672,590,675,489,425,616
668,592,663,494,434,618
670,592,676,478,432,615
678,578,674,491,427,611
672,591,676,490,438,612
675,576,675,486,428,608
676,583,679,475,440,611
662,583,673,476,437,610
669,570,677,476,430,606
672,586,679,461,435,615
669,583,662,474,435,616
679,571,673,475,428,610
678,585,669,469,436,616
673,580,674,462,427,615
672,572,674,471,426,614
667,570,676,462,439,606
673,580,678,451,435,613
662,577,667,456,434,614
672,582,679,446,435,614
670,572,673,457,426,614
676,575,675,449,439,612
673,576,666,456,435,615
661,580,664,455,437,616
670,580,659,453,436,615
674,579,675,446,431,615
668,562,678,455,437,605
675,571,679,444,439,613
673,572,673,451,424,615
664,574,670,449,426,615
673,573,680,442,437,612
671,553,680,456,434,605
667,569,675,451,425,615
673,573,675,447,427,615
672,570,674,455,424,614
675,565,674,454,425,611
668,558,678,456,440,605
667,554,679,456,438,612
677,553,676,459,425,608
674,552,664,458,436,604
670,565,676,451,430,616
674,563,675,452,435,613
666,568,664,461,436,616
676,568,680,444,433,613
663,568,663,461,433,614
670,563,674,458,424,615
674,551,678,463,431,607
670,567,677,451,433,613
672,566,664,463,433,617
660,566,670,459,438,612
675,564,682,452,437,611
675,563,675,456,439,616
668,567,662,462,432,614
676,558,676,459,439,605
671,551,678,460,430,606
661,566,666,461,436,613
663,562,669,462,436,614
673,553,678,461,425,607
666,567,664,463,434,615
666,562,669,460,439,612
673,562,675,460,426,614
664,555,678,462,437,604
664,569,663,464,435,618
673,554,678,465,434,606
672,564,680,452,439,612
664,562,671,460,439,606
675,557,674,463,424,614
678,569,663,466,434,618
676,566,677,458,437,613
676,564,675,460,436,613
675,557,678,465,428,609
668,571,663,466,434,616
662,560,675,464,434,599
675,560,670,462,428,607
665,574,663,466,434,616
667,567,674,464,425,612
673,575,680,452,438,612
674,560,678,466,430,606
675,571,679,458,438,612
674,570,675,465,423,611
671,567,675,467,426,608
672,576,681,455,437,612
668,575,668,465,434,615
662,569,665,463,434,608
670,563,679,466,436,605
674,573,677,455,433,609
674,562,678,469,428,604
661,574,665,463,436,614
671,578,665,467,434,614
678,570,675,464,425,610
671,580,677,452,432,614
658,579,664,463,436,615
669,581,665,461,435,611
674,576,679,453,437,611
665,574,664,466,436,614
674,562,676,468,430,609
670,568,675,468,426,607
673,563,680,465,432,604
661,578,668,465,440,613
674,577,679,451,434,611
674,571,676,466,425,611
673,574,674,464,434,610
676,563,679,467,433,603
674,568,670,467,425,612
678,573,682,459,436,610
674,575,679,456,437,612
675,578,667,468,433,614
678,575,670,465,434,613
675,563,678,471,430,605
675,575,681,461,437,608
676,576,671,466,432,612
676,572,675,465,438,606
672,562,675,463,435,600
661,562,678,468,434,605
675,563,678,470,429,607
672,573,673,467,424,611
670,576,678,458,434,613
674,575,676,457,435,609
676,571,673,472,425,610
673,566,674,462,436,605
664,572,668,467,435,605
673,575,669,467,435,610
671,575,675,464,426,612
673,576,678,457,439,608
662,580,661,463,436,607
671,574,674,465,425,609
670,580,677,461,431,612
670,578,664,468,435,612
668,579,679,455,434,610
675,573,674,467,432,609
661,580,672,470,437,608
672,574,679,454,431,610
661,581,665,470,436,611
658,578,669,468,436,610
663,575,680,455,438,607
674,573,670,468,438,605
670,564,678,470,430,602
666,562,679,472,430,601
670,581,678,459,436,608
668,563,679,470,436,602
670,580,680,462,432,612
669,578,678,460,435,610
674,565,680,470,436,602
660,576,672,468,436,611
672,577,664,472,436,612
662,582,669,468,438,611
666,579,666,471,436,613
671,580,664,468,438,610
661,576,669,473,435,611
671,574,675,472,424,611
674,575,677,463,438,608
660,581,662,474,435,611
659,568,677,469,440,602
662,559,679,471,438,602
660,581,664,471,438,608
659,568,674,469,439,604
659,575,675,469,438,606
673,580,679,458,435,612
672,574,673,470,428,611
671,576,674,466,428,612
674,574,675,465,438,609
673,575,674,471,425,611
676,570,664,471,432,610
679,575,670,470,437,609
673,565,678,474,429,606
661,579,672,472,428,608
665,581,671,471,440,610
672,564,679,476,431,607
663,581,663,474,438,611
675,582,680,461,440,610
670,577,677,465,430,612
670,575,672,472,437,611
667,562,678,470,441,601
663,561,677,474,438,602
671,563,676,475,428,607
670,580,675,462,426,613
665,564,678,474,435,602
671,578,673,467,427,608
673,571,677,476,429,607
666,564,678,471,436,599
671,573,675,461,440,610
675,576,679,462,439,610
662,565,671,471,437,608
668,578,678,463,432,613
674,563,675,474,437,602
675,574,668,472,436,613
668,576,666,476,435,614
674,564,678,473,427,606
669,579,678,461,431,613
664,575,671,473,439,610
673,578,677,462,436,611
676,574,674,468,438,610
674,575,668,476,435,615
670,578,677,462,430,613
662,577,666,471,440,611
663,569,671,472,439,606
676,574,676,467,441,610
673,574,674,473,436,612
664,580,664,474,437,615
675,575,666,475,435,613
672,567,672,477,426,608
678,573,680,468,438,610
674,575,679,464,437,611
672,568,676,473,440,604
667,562,679,476,433,602
667,561,678,476,440,602
673,574,664,476,434,614
662,576,663,475,436,614
670,573,663,475,426,611
670,574,676,466,432,614
674,576,677,466,432,612
664,570,665,476,438,613
669,574,676,475,439,604
663,574,666,477,436,614
669,568,661,478,431,613
671,573,663,478,436,615
674,555,673,476,427,612
669,576,663,478,435,615
671,573,679,463,431,604
673,559,677,478,434,603
664,560,669,475,437,612
670,562,674,475,425,611
672,558,677,480,428,606
672,574,679,464,436,612
659,572,667,474,439,610
673,557,673,463,437,611
675,562,677,475,436,602
674,561,676,479,428,606
674,559,677,479,427,607
672,569,679,472,439,611
667,571,677,475,440,603
670,560,679,478,436,603
672,570,680,466,439,610
666,570,680,466,440,611
674,569,675,471,439,611
664,574,676,465,435,614
673,565,675,478,428,609
662,569,673,476,426,610
669,557,681,477,438,604
673,576,664,476,440,611
671,573,664,479,436,614
660,574,664,474,437,611
671,577,677,468,433,613
670,575,677,465,433,613
674,572,666,478,436,614
667,573,664,480,436,615
672,571,678,478,439,603
676,571,674,475,437,612
661,566,674,474,440,605
660,568,672,474,439,609
660,571,672,475,441,607
670,573,674,473,427,610
660,567,673,474,440,609
670,573,678,465,434,613
670,558,675,479,429,603
670,571,670,475,439,609
673,572,679,465,439,611
670,574,670,475,439,607
665,575,663,480,436,613
674,570,680,465,439,611
663,568,670,475,438,610
676,558,675,478,430,605
663,573,663,479,435,616
674,563,675,467,441,612
672,570,680,466,438,610
670,568,680,466,439,610
671,567,669,476,431,614
672,568,680,466,438,612
673,564,676,474,427,612
675,564,671,477,437,613
671,552,679,478,434,603
665,568,664,480,436,614
673,562,672,473,439,610
661,554,676,475,442,605
673,563,676,476,439,603
669,566,680,464,437,612
669,565,663,481,434,613
664,558,675,477,441,602
673,556,675,477,426,611
669,560,680,467,439,610
665,550,678,476,438,603
660,559,676,475,440,602
673,558,679,467,439,610
671,557,671,478,433,612
663,555,679,465,435,612
673,548,680,465,437,610
662,547,664,478,436,614
669,529,678,478,431,602
661,536,664,477,432,614
654,531,663,477,432,610
671,519,670,476,431,612
659,511,663,477,431,613
671,511,680,466,432,612
668,491,675,472,430,602
659,509,665,480,427,612
663,505,676,480,420,604
670,491,677,467,425,610
662,505,668,478,425,611
671,498,679,466,433,609
659,503,666,479,427,612
670,491,677,478,426,600
659,502,672,475,428,608
669,498,677,480,418,605
665,502,676,472,419,612
671,499,676,473,432,607
669,502,678,468,426,608
667,507,675,474,421,610
667,493,677,476,434,601
664,506,680,465,434,607
659,512,663,480,428,612
667,511,680,481,423,602
668,511,674,475,434,608
668,508,680,478,434,599
664,520,678,466,438,609
668,506,675,470,427,609
670,508,678,478,442,601
658,525,664,479,438,609
665,528,677,470,436,609
668,514,680,480,444,599
657,529,670,475,445,603
665,520,667,480,444,609
666,527,673,477,436,607
656,531,663,478,446,610
661,535,664,477,442,609
658,516,679,475,443,599
664,531,668,479,448,609
670,519,677,480,444,602
670,522,677,481,439,603
667,520,678,479,452,599
668,532,679,469,455,606
657,537,664,476,448,607
662,538,664,482,448,611
668,532,675,470,444,611
662,519,678,479,452,598
660,532,675,477,452,602
669,518,677,482,440,603
669,540,677,470,444,611
667,531,672,475,439,611
666,541,678,467,449,607
669,538,666,481,447,611
661,542,665,480,449,611
660,538,664,477,445,609
658,530,671,477,451,603
672,532,670,478,450,605
658,534,671,477,450,605
667,536,663,482,445,612
668,533,675,479,438,611
670,525,674,482,438,607
671,532,667,482,447,611
671,534,670,482,441,610
671,526,676,482,436,607
666,536,668,474,446,610
660,526,674,479,448,602
666,538,670,481,445,610
659,536,669,480,447,603
674,527,679,476,450,609
673,538,676,470,440,611
671,532,675,479,433,610
669,535,674,479,441,604
664,532,674,486,435,606
671,521,676,483,433,604
674,529,673,481,429,609
672,529,669,481,440,612
671,531,676,481,428,609
669,533,672,480,428,613
670,542,675,476,428,612
672,531,679,483,435,597
664,531,677,481,439,600
672,542,679,472,436,606
667,543,674,478,424,607
664,545,676,483,425,603
671,537,670,483,430,611
670,540,679,471,435,609
672,531,674,477,424,611
672,520,671,478,435,603
673,513,669,481,429,611
669,508,674,473,425,610
668,502,675,482,421,609
659,486,664,479,433,611
660,483,664,484,430,612
667,479,675,473,429,607
670,480,675,476,422,610
667,478,675,474,426,610
670,471,674,483,423,609
657,469,665,481,430,613
658,475,666,483,432,611
668,469,670,469,423,606
668,475,673,472,428,611
669,466,678,481,428,598
659,475,665,482,429,609
669,472,675,484,423,603
654,476,666,482,432,607
664,474,675,471,430,610
670,471,667,483,433,607
668,470,676,471,428,607
657,471,663,484,432,608
659,466,662,482,431,607
657,467,663,485,432,609
667,457,675,479,436,602
668,471,675,480,424,599
669,463,675,483,423,604
671,463,678,469,429,607
673,452,679,483,429,596
669,454,678,470,431,606
666,451,669,480,432,600
655,448,662,482,431,610
669,438,663,483,431,608
672,445,675,476,430,604
657,450,661,483,430,608
667,439,674,479,434,600
673,456,681,471,434,605
667,457,668,480,421,608
668,450,677,469,430,608
658,458,667,481,431,608
664,454,669,479,433,606
668,442,676,484,421,597
667,451,676,475,423,611
658,454,665,484,432,609
658,450,663,481,432,608
669,448,677,468,433,608
657,451,675,480,436,600
673,457,680,476,436,606
670,455,677,476,435,607
658,461,670,483,433,612
667,457,673,476,433,597
670,447,680,480,433,599
667,462,674,481,421,604
672,465,675,479,424,608
668,470,665,480,427,608
673,465,678,483,423,600
669,469,677,483,418,603
669,463,675,480,424,599
670,481,674,477,422,607
668,483,675,469,415,610
664,487,673,482,420,605
660,486,675,483,406,609
666,495,668,483,413,610
661,490,661,484,414,611
672,483,677,480,416,603
665,486,670,478,419,606
673,494,676,481,423,601
677,509,680,473,431,607
673,508,676,474,432,607
663,515,678,482,436,599
665,515,676,479,436,601
670,531,674,477,423,609
671,520,678,486,426,599
672,540,675,478,421,609
662,531,678,482,430,599
670,543,663,470,435,607
663,535,675,486,425,604
674,531,675,483,422,604
660,545,663,482,434,613
662,545,662,484,433,610
663,544,664,483,434,609
670,545,677,484,435,600
673,538,663,477,439,606
670,546,673,480,436,609
663,532,675,481,440,603
666,534,674,476,429,610
675,541,673,482,437,608
662,549,669,482,440,606
661,545,677,486,434,600
659,540,671,480,443,603
669,548,664,486,438,611
678,546,668,476,442,605
670,551,678,471,441,607
667,557,663,485,438,612
666,543,679,483,436,599
670,558,666,486,427,606
673,558,666,485,436,611
662,562,665,486,436,610
671,560,672,473,442,607
676,558,677,485,436,611
673,559,667,485,437,612
667,565,662,485,437,611
668,553,677,487,428,605
675,558,673,485,428,608
674,566,664,487,436,612
661,566,664,484,440,600
669,554,672,483,428,608
676,565,680,473,442,607
664,568,675,483,435,602
677,564,677,486,438,609
673,564,672,480,439,608
665,556,663,480,428,611
673,567,667,474,443,607
676,561,666,487,437,610
675,566,680,473,442,608
675,565,676,480,437,608
673,571,675,475,435,610
671,573,678,474,435,610
670,553,678,484,438,600
663,572,677,473,432,610
672,570,678,472,438,607
676,568,668,485,440,608
669,570,678,488,429,605
679,569,669,485,438,609
672,570,679,486,432,604
675,569,679,475,443,604
669,559,678,482,434,599
675,570,676,475,434,609
676,570,664,487,439,609
670,559,677,487,435,600
675,567,676,485,432,609
675,571,675,481,443,606
671,577,677,474,439,603
664,580,671,484,442,606
675,576,674,475,438,607
667,565,678,486,441,599
675,579,665,484,439,606
671,582,664,486,444,600
664,582,662,487,442,608
665,583,665,488,435,608
669,567,669,489,431,607
669,569,678,486,443,597
661,583,669,487,439,606
663,579,671,489,440,609
673,581,677,486,440,607
676,580,670,489,439,607
664,582,669,486,441,605
674,580,674,475,439,607
672,584,667,476,440,607
662,581,664,486,443,606
676,575,671,489,429,606
666,571,676,486,444,599
675,568,675,476,439,608
666,577,675,485,443,600
670,571,674,490,429,606
674,580,680,486,441,598
663,579,663,487,440,608
674,579,674,476,442,607
667,570,674,482,443,605
668,566,678,487,441,599
676,579,670,489,442,610
674,579,676,485,433,608
669,578,662,491,444,610
661,584,662,489,443,610
664,585,664,487,445,612
671,580,675,479,439,610
662,581,669,484,436,610
664,575,680,492,438,604
675,579,671,484,446,607
673,580,677,483,436,611
674,575,674,488,434,607
669,584,678,488,449,604
672,585,675,477,446,609
675,568,678,493,437,602
672,581,675,486,435,611
673,582,675,492,436,610
669,575,675,496,436,605
663,585,665,497,438,605
678,574,675,488,445,609
664,586,666,495,446,610
673,582,674,487,440,612
673,584,679,484,446,608
678,578,673,500,436,608
675,582,674,491,449,607
675,583,666,488,445,610
676,586,663,502,445,611
677,575,673,498,447,609
676,584,675,503,445,611
676,585,674,505,443,612
677,586,674,497,446,608
664,582,676,504,444,599
674,591,677,493,443,607
665,580,675,502,450,601
676,588,677,494,446,606
673,588,664,505,443,610
667,582,675,502,448,601
663,591,675,498,446,605
674,575,678,504,443,600
673,576,679,508,444,598
675,587,676,504,434,607
672,575,679,505,445,599
677,588,678,510,444,611
672,588,675,503,445,607
663,591,669,503,446,608
663,584,666,502,436,609
673,588,665,508,446,609
669,590,662,505,446,612
672,591,678,491,445,607
676,577,679,503,449,600
667,592,658,504,445,610
663,583,671,504,447,611
678,583,671,501,444,602
674,586,680,487,449,609
676,584,676,493,450,610
674,571,679,497,442,604
677,583,676,492,445,612
664,591,664,484,450,609
663,585,667,488,446,614
675,586,674,475,449,612
673,583,674,481,438,613
676,583,673,482,444,614
670,587,675,474,435,614
676,583,676,478,449,608
664,579,675,478,449,603
672,586,664,480,445,614
672,587,679,464,447,612
675,571,679,473,448,611
670,566,679,471,445,603
676,571,677,469,443,604
664,578,674,467,452,604
668,588,664,466,450,609
673,569,679,468,448,602
675,571,676,471,440,607
672,582,676,454,445,610
679,581,673,462,448,613
676,581,677,460,450,612
663,584,670,463,450,611
676,581,678,461,448,612
667,569,677,467,447,604
675,578,673,463,439,612
669,570,678,467,451,606
672,585,680,454,447,611
673,580,673,454,448,612
663,585,673,468,438,612
677,581,668,465,444,614
675,586,679,455,448,610
663,580,669,467,450,613
675,570,674,470,447,612
664,576,673,467,450,606
675,565,678,473,437,604
678,576,673,469,445,609
672,581,676,466,433,611
673,582,675,467,433,608
665,576,674,470,446,602
675,563,677,473,435,608
677,567,678,462,444,603
670,578,664,476,437,595
671,577,676,472,427,606
677,569,675,468,434,605
665,573,664,475,438,594
664,564,676,474,442,597
673,571,679,474,442,602
676,574,663,478,436,606
680,570,670,477,439,603
663,571,664,477,428,599
668,561,677,471,430,604
676,566,675,467,443,602
669,554,679,477,439,604
668,568,677,465,442,603
670,552,678,480,435,595
672,564,674,468,446,600
676,560,674,476,431,604
674,565,675,470,433,605
673,567,678,465,443,601
676,565,679,464,445,603
672,566,663,481,441,607
666,568,665,475,445,605
674,561,674,473,433,606
667,566,665,480,442,605
672,565,676,475,445,604
663,564,669,476,446,604
665,556,674,474,433,604
674,550,679,473,450,595
675,565,679,478,447,595
679,554,679,475,451,593
675,564,678,476,452,599
672,558,677,479,454,595
676,552,677,481,444,596
667,572,664,471,453,605
673,565,665,480,452,601
673,573,676,478,446,608
678,558,677,486,448,598
673,572,679,474,452,606
673,569,669,489,452,607
665,575,664,489,458,601
674,567,675,487,444,609
674,559,678,495,448,599
675,561,679,497,448,595
674,568,675,494,442,608
664,563,679,493,452,598
668,563,676,494,457,599
677,572,671,492,441,607
674,573,672,491,444,609
671,576,676,498,445,600
671,575,680,482,451,608
666,571,665,494,452,609
674,568,674,493,444,606
665,567,674,486,448,612
667,578,664,495,452,613
672,575,663,482,444,605
666,576,679,484,455,607
664,572,674,493,455,604
665,576,667,492,455,608
676,569,669,495,452,609
671,561,676,493,455,608
677,568,673,492,452,609
664,571,671,492,455,606
663,577,663,493,443,603
664,566,674,491,452,602
676,567,677,488,455,609
666,574,663,495,450,611
672,567,677,486,454,604
679,572,665,497,448,610
676,557,675,478,450,609
674,571,678,484,451,611
674,569,663,496,453,608
677,565,673,492,452,607
677,565,670,495,451,611
671,570,664,497,452,607
674,568,665,493,450,609
671,556,677,496,451,600
678,567,667,498,448,610
673,565,680,486,452,604
676,563,674,495,440,607
677,571,667,498,451,610
673,565,675,489,453,607
671,570,664,499,448,610
664,556,679,497,456,599
678,556,676,501,442,605
672,566,673,499,440,608
675,571,678,483,444,609
676,571,666,499,448,600
673,575,683,486,450,606
673,571,673,492,448,606
676,576,679,497,447,597
677,560,678,500,440,599
673,575,679,495,446,607
674,579,671,498,450,602
672,580,665,499,446,607
673,576,675,489,450,607
673,582,678,500,453,597
675,577,680,489,448,607
673,576,675,493,450,604
674,579,664,505,446,607
677,573,675,502,439,604
662,579,669,504,448,606
670,584,665,504,447,608
676,581,666,504,448,609
678,582,664,504,447,609
673,580,667,502,449,606
675,582,679,491,451,606
677,580,675,503,439,603
665,567,678,502,448,608
676,583,674,495,440,609
679,571,675,498,452,604
670,585,662,505,441,601
673,580,669,502,449,606
670,584,664,503,452,603
676,584,677,489,447,604
673,584,680,490,450,604
666,582,672,500,450,598
670,584,675,498,450,604
675,580,679,491,452,600
678,568,677,505,441,594
676,580,675,494,450,595
671,563,680,500,450,586
666,585,663,501,445,596
671,582,679,488,445,590
661,563,664,502,443,588
671,579,680,487,447,582
662,567,676,501,437,573
669,580,674,493,432,583
670,570,674,504,433,580
656,569,677,489,439,577
663,571,675,500,442,574
663,574,676,502,430,574
658,577,672,495,431,578
662,561,676,504,438,574
660,566,673,506,441,565
657,570,674,498,441,573
643,575,664,502,441,571
647,560,680,501,438,561
646,564,676,499,441,571
641,574,665,500,437,571
643,573,678,491,435,571
652,568,679,495,427,571
651,569,679,501,435,574
644,562,677,489,438,573
652,570,673,500,436,571
643,568,674,500,436,571
647,571,667,499,435,564
646,569,675,496,438,574
646,569,676,500,428,575
641,560,673,499,441,561
640,559,662,504,439,577
639,573,662,506,434,577
643,568,679,494,432,578
641,566,662,509,424,571
637,563,674,502,438,576
640,563,666,509,435,580
640,560,675,509,426,576
635,548,679,508,439,569
635,555,674,512,429,575
635,563,677,506,439,577
640,543,676,510,439,577
635,562,675,500,440,577
638,556,677,493,436,581
640,566,675,507,431,577
640,547,677,510,432,573
637,551,676,510,428,575
637,564,675,499,429,581
642,556,674,506,433,580
629,562,671,501,429,571
643,558,674,502,429,579
641,562,666,502,438,579
643,541,678,499,434,570
643,563,678,486,441,577
647,548,676,495,441,578
645,563,675,492,443,572
639,564,659,492,436,576
649,558,682,487,441,576
646,556,678,483,442,569
646,559,669,488,440,579
636,553,671,486,442,574
647,559,680,476,440,576
636,555,672,485,443,574
642,560,664,491,440,578
649,555,672,486,440,579
643,544,679,490,436,572
646,558,676,482,445,578
648,555,676,481,434,574
635,553,674,487,444,572
644,558,678,486,440,578
648,557,680,477,433,580
646,562,677,488,445,570
649,550,676,485,444,576
647,561,679,477,441,577
641,559,663,492,437,576
649,547,678,492,433,571
649,564,677,486,433,578
643,562,677,483,433,576
639,543,679,489,438,567
652,563,673,484,437,574
637,564,670,494,444,573
647,563,676,486,437,576
641,551,679,497,448,567
651,559,677,495,447,578
642,551,683,498,449,567
652,556,674,496,433,576
647,564,676,492,438,577
641,554,677,497,445,569
650,562,676,496,432,579
650,568,664,503,446,577
654,567,668,502,446,577
653,562,674,502,448,571
656,561,672,507,434,577
656,569,679,492,448,580
657,567,679,502,453,578
652,561,674,502,439,588
659,570,675,497,452,591
646,571,668,503,451,594
660,573,679,492,457,593
663,573,679,491,460,596
651,578,667,502,460,593
654,572,676,505,448,596
658,577,676,491,454,600
664,560,678,505,450,594
659,575,679,492,454,598
657,563,682,504,453,597
665,574,665,504,449,598
661,576,675,494,456,600
663,577,678,505,452,590
656,578,664,505,454,601
663,574,674,507,454,602
658,566,676,501,449,603
664,577,680,496,457,600
651,574,670,507,443,604
659,578,678,510,451,594
659,576,675,497,443,603
654,571,673,506,450,602
657,563,675,511,441,596
663,563,665,507,449,599
662,571,666,510,451,602
663,575,673,510,439,600
659,577,679,497,451,600
665,574,679,503,445,602
655,567,675,508,455,592
648,571,677,509,455,592
659,561,677,511,451,601
659,577,665,515,452,602
660,574,678,513,438,599
658,571,673,508,454,593
654,564,677,511,453,592
659,578,679,500,454,599
655,577,674,505,454,600
650,563,671,508,454,593
662,565,674,513,444,602
664,563,676,513,443,601
666,577,663,513,454,597
662,576,673,514,445,602
662,578,665,513,454,602
666,575,674,510,455,600
660,563,670,510,455,600
653,582,665,513,454,603
664,576,670,511,456,605
662,575,675,514,453,603
657,580,665,506,455,603
653,566,676,510,456,594
654,565,676,510,456,593
649,575,663,512,454,605
650,569,673,508,457,596
650,575,670,509,458,603
647,568,676,512,455,597
663,576,670,512,455,597
661,565,679,511,457,603
658,575,675,504,453,602
659,575,675,502,449,605
662,580,674,505,447,606
649,574,674,511,457,597
652,579,679,514,444,604
658,576,673,505,458,604
658,578,676,503,450,605
657,571,673,511,444,605
647,575,673,510,446,606
660,564,669,512,453,607
659,572,674,514,451,607
663,566,675,515,447,606
661,574,663,512,453,606
661,574,675,508,456,604
659,577,677,513,445,604
662,574,672,509,456,605
659,571,682,505,460,605
659,577,664,515,447,607
658,575,672,511,457,600
649,568,672,511,458,597
659,576,678,501,453,605
663,576,678,511,458,597
650,580,677,500,454,607
655,577,674,513,449,607
658,575,677,502,448,608
655,561,675,514,456,605
651,574,671,511,457,603
659,569,669,511,457,601
663,569,667,511,453,605
650,561,674,511,455,599
658,569,675,500,454,604
655,564,675,515,444,606
657,567,675,511,444,606
661,569,664,513,456,603
657,570,675,505,448,606
658,565,679,503,457,603
646,569,670,511,454,603
656,568,676,501,449,606
657,567,676,504,446,606
654,563,662,515,452,606
656,564,678,502,448,604
645,556,670,511,452,600
649,555,674,509,453,597
651,547,676,512,447,599
656,562,676,500,447,595
660,561,675,505,451,606
658,559,671,511,452,601
657,559,667,513,448,606
660,547,676,514,437,603
648,560,680,506,449,603
660,552,674,514,436,605
656,559,663,514,446,603
647,562,664,512,448,596
654,545,677,514,435,602
657,561,679,512,434,604
654,555,680,500,434,600
652,539,678,510,444,602
652,555,679,512,438,594
652,547,673,510,432,601
651,553,674,511,444,600
643,553,678,504,444,600
652,553,680,499,443,600
644,555,662,511,447,603
657,547,675,510,429,600
643,547,672,511,442,600
644,554,664,509,441,603
654,552,675,508,443,593
654,552,679,511,441,589
653,544,680,493,440,598
643,548,668,507,444,595
649,554,675,499,443,599
651,554,676,502,446,597
657,549,663,511,441,601
653,549,673,505,431,596
642,553,671,506,447,598
652,540,677,512,433,593
652,554,663,508,443,588
650,555,678,508,443,589
645,548,673,509,447,592
653,558,663,509,442,602
651,553,668,511,441,599
658,549,666,511,442,600
658,553,673,506,441,602
656,555,668,493,439,601
656,554,664,502,446,598
650,546,679,509,445,591
657,552,674,512,434,598
657,551,676,509,448,591
658,542,675,506,448,598
657,550,671,499,434,598
656,557,679,498,433,600
659,552,675,505,448,593
644,563,665,508,445,603
655,562,666,507,436,601
661,554,674,510,436,599
662,559,668,512,444,597
654,562,679,496,449,598
660,549,674,512,437,601
663,557,663,509,448,602
661,558,669,507,450,601
647,562,670,505,437,601
660,545,678,510,446,591
661,560,680,497,448,600
659,560,675,505,438,601
659,564,674,501,439,601
649,558,663,510,447,604
649,557,671,507,452,598
663,555,671,512,438,601
652,552,664,509,446,595
662,560,669,508,451,599
651,562,668,507,448,600
663,558,677,512,447,601
658,562,665,508,444,603
660,562,674,507,439,602
651,561,668,511,447,601
649,565,663,511,448,601
661,562,672,513,440,602
662,563,678,499,450,599
660,563,674,500,446,600
664,543,677,511,437,597
662,565,675,513,439,598
663,559,674,511,448,601
660,563,676,504,452,599
662,556,673,512,442,604
659,562,679,500,448,602
664,555,672,510,449,602
656,564,667,514,447,602
656,566,676,502,443,603
655,563,668,500,450,600
660,548,678,513,440,599
661,548,678,514,437,603
654,548,677,510,451,592
656,564,668,515,451,595
649,563,664,513,451,595
649,564,680,502,445,600
653,547,682,513,439,595
657,558,674,507,437,601
653,563,671,501,450,598
658,549,673,515,438,600
650,545,675,510,450,599
652,552,674,512,443,597
649,542,677,514,436,596
641,546,678,512,445,585
647,556,675,505,438,595
649,554,677,509,448,587
640,551,660,506,446,590
642,552,681,511,442,594
637,544,669,510,446,590
648,542,682,501,446,589
646,544,678,500,446,590
649,538,668,512,442,592
647,537,680,511,441,583
647,537,669,510,445,589
647,523,675,510,434,592
644,537,679,500,445,591
644,540,674,513,440,589
647,536,668,511,443,592
634,537,661,507,435,593
647,528,675,506,436,592
645,541,675,508,445,593
647,538,675,508,434,591
645,528,678,512,446,590
638,545,680,512,445,592
644,543,674,502,438,594
639,527,674,508,448,587
632,540,672,510,448,586
644,533,678,514,434,594
649,532,676,514,433,591
651,533,673,509,445,591
649,550,676,502,440,594
650,548,678,497,447,589
649,547,675,509,439,593
652,534,663,511,446,593
643,550,663,514,449,590
650,533,677,513,437,585
653,544,675,512,439,595
652,532,679,499,442,594
653,545,678,511,447,583
653,545,679,501,449,587
640,543,680,510,445,591
653,526,678,510,440,583
651,550,667,512,445,592
643,543,671,509,448,588
644,550,663,511,435,591
654,533,676,513,445,592
651,546,668,513,449,592
656,532,676,514,441,592
654,534,675,513,437,595
655,533,676,514,435,592
653,543,664,499,437,595
651,548,676,501,442,589
644,536,675,510,448,585
651,555,677,501,440,595
641,551,667,510,448,591
643,550,675,503,439,596
648,547,662,511,443,596
641,548,664,511,447,592
654,544,675,512,446,590
641,551,674,510,446,593
643,543,675,509,445,589
646,537,677,498,441,594
649,533,677,500,447,593
650,532,678,510,439,592
651,549,678,499,439,595
645,551,676,511,440,596
651,549,663,512,441,596
651,550,678,510,441,595
642,544,674,507,444,587
655,544,673,505,442,594
653,541,678,509,444,591
655,536,680,509,442,593
650,549,680,509,445,585
653,548,680,503,440,593
647,535,678,512,432,595
649,550,662,510,438,596
654,546,679,497,440,593
644,539,664,507,439,587
655,545,674,508,429,594
645,542,674,507,438,592
645,550,675,506,439,594
655,545,681,500,441,592
649,548,675,497,434,592
658,546,670,505,438,593
653,543,679,511,434,593
653,545,663,507,428,588
652,548,664,506,438,598
650,532,681,504,436,584
654,531,677,503,442,588
648,546,664,503,436,595
657,544,666,498,436,591
650,541,675,505,425,595
649,544,662,506,434,598
646,535,675,501,439,587
653,541,678,499,438,592
643,544,674,499,438,593
648,534,672,501,439,586
649,529,668,503,435,595
649,529,678,503,439,585
653,540,679,499,441,593
658,540,669,504,437,594
656,546,664,505,435,594
638,541,669,501,439,590
655,541,665,504,437,596
656,529,677,506,430,593
643,543,676,505,436,594
656,535,669,502,426,595
643,537,665,504,440,593
656,537,673,507,439,593
654,538,675,502,429,597
643,539,679,503,440,586
658,538,666,508,438,596
653,543,673,503,436,590
652,540,667,505,436,597
655,524,678,507,438,598
655,525,676,503,429,590
657,528,669,499,441,591
653,535,679,501,438,598
654,533,673,504,428,595
653,535,681,508,428,592
654,535,677,497,431,598
657,524,674,508,431,591
653,537,680,508,438,597
644,538,662,506,440,594
642,535,667,496,434,598
645,526,677,507,443,588
657,533,676,502,440,596
658,534,674,505,439,595
651,536,676,501,430,597
655,518,680,508,436,587
655,532,674,508,428,593
640,527,671,504,436,598
658,530,676,505,435,597
656,529,673,503,442,594
645,525,676,505,444,588
645,526,675,504,442,590
652,520,679,505,444,588
657,520,672,508,433,593
648,534,675,507,438,592
656,524,676,510,435,591
656,531,680,496,437,599
644,526,674,505,443,590
654,531,670,508,438,597
652,534,675,489,433,588
654,534,678,496,436,596
643,530,668,497,443,595
656,519,675,503,444,588
655,529,673,508,438,596
655,527,673,501,442,588
652,534,677,506,443,595
654,534,678,492,431,595
647,526,678,502,444,588
656,534,667,503,439,599
658,532,669,501,433,599
654,535,678,491,437,598
650,534,665,492,444,595
646,531,668,499,438,599
658,520,678,504,435,588
657,523,675,500,430,598
648,535,671,491,445,596
649,533,664,499,440,601
655,534,672,498,443,596
653,534,676,499,431,599
656,521,677,505,438,588
652,533,676,503,441,589
652,534,663,504,440,599
656,526,675,503,444,595
650,534,664,500,443,594
658,529,673,501,439,598
659,529,676,491,436,599
652,519,679,491,442,595
658,531,675,494,445,595
652,534,665,503,440,599
658,530,672,499,441,597
654,529,675,497,442,597
653,530,667,501,440,598
647,533,664,494,436,598
655,531,676,494,432,598
655,529,669,498,438,594
648,522,677,490,432,599
644,527,673,491,444,596
652,532,680,484,443,596
660,519,679,496,438,589
656,522,675,486,447,588
655,530,675,487,432,595
659,528,677,485,445,597
654,534,676,488,439,588
655,531,666,489,441,599
650,521,678,486,446,589
654,534,679,475,439,596
660,529,676,475,433,591
654,517,680,486,439,588
655,531,680,475,444,588
646,530,670,485,441,600
654,532,665,485,447,591
655,530,665,489,442,598
658,529,669,477,434,597
656,530,666,491,442,599
654,531,676,484,432,598
656,515,679,491,444,597
656,528,675,485,447,589
650,520,679,488,442,589
655,528,668,490,443,598
658,520,674,492,435,594
651,518,679,488,442,599
651,518,679,491,442,588
647,533,664,492,441,600
645,525,676,487,443,599
653,517,680,491,444,588
658,513,675,490,435,595
660,528,675,488,435,597
647,522,677,489,448,588
660,529,678,483,445,596
659,528,667,491,443,587
655,533,678,480,442,599
650,532,670,489,433,598
657,531,665,494,443,599
659,529,666,491,444,600
658,517,672,492,434,594
644,529,670,484,443,595
645,532,670,490,446,595
658,529,668,489,444,600
652,519,678,490,444,588
648,516,679,492,444,589
656,532,676,482,442,600
659,528,680,481,447,596
653,529,666,494,444,599
654,532,679,483,447,595
660,527,671,492,446,599
660,516,677,493,442,600
658,525,675,493,435,595
652,530,664,494,443,591
655,531,666,493,443,598
653,529,676,494,440,591
657,528,675,491,435,598
659,515,677,494,438,592
657,521,674,493,436,593
654,532,679,481,442,599
652,528,665,494,444,601
658,527,667,493,445,598
647,523,675,492,446,597
659,526,681,487,448,597
647,523,673,491,442,596
659,525,677,487,448,596
651,512,681,494,435,596
654,512,680,492,445,595
659,522,672,492,448,598
660,512,676,496,445,599
656,527,677,481,449,597
650,516,677,493,442,598
658,522,680,485,450,597
653,521,681,485,443,599
645,523,668,491,447,597
646,522,667,490,451,595
646,514,673,495,445,599
655,517,666,495,450,589
659,515,676,491,448,602
647,517,670,490,443,591
657,516,680,482,450,597
657,513,676,490,448,596
645,516,671,491,451,597
658,513,675,482,438,594
655,521,678,484,433,599
660,517,676,492,447,589
650,523,664,493,448,600
656,516,678,482,441,600
657,521,680,481,449,598
650,520,675,488,443,596
647,520,669,492,452,592
655,526,664,491,447,602
648,524,666,493,450,589
655,527,680,482,446,599
657,522,668,494,442,600
654,510,671,491,451,596
655,523,666,496,446,600
655,512,664,495,448,601
659,512,677,496,440,593
658,522,680,493,438,599
647,527,665,493,443,591
657,521,671,493,435,596
656,526,678,483,450,600
660,523,678,490,453,598
661,515,676,496,446,598
647,524,669,492,452,598
653,525,663,497,449,602
659,521,674,494,448,601
659,523,674,486,451,596
658,526,670,493,451,599
658,524,679,482,451,600
647,528,675,494,449,601
650,512,679,484,448,601
657,527,665,497,447,602
660,524,674,489,452,599
659,525,680,484,449,596
649,527,665,496,449,600
660,523,674,483,452,597
657,527,680,482,450,597
662,528,665,495,450,602
659,524,677,495,448,602
657,526,678,483,449,599
653,515,678,497,449,601
656,516,678,482,452,597
654,527,664,496,449,600
654,527,664,496,453,594
657,524,669,496,442,601
656,528,677,487,446,600
655,521,681,483,452,598
655,524,665,498,448,600
660,521,677,488,449,601
655,525,674,489,441,599
655,512,678,497,442,592
661,523,671,494,451,598
656,523,674,488,441,597
656,526,674,486,441,601
654,512,675,493,452,597
656,523,665,497,449,591
648,528,664,495,451,601
655,524,677,482,438,601
659,512,674,488,454,597
655,525,675,487,452,594
658,525,676,483,449,598
658,522,675,488,455,591
659,522,669,494,451,599
647,519,676,497,439,596
652,504,668,493,450,594
646,508,680,495,450,589
656,522,681,483,451,598
660,511,673,490,453,588
658,523,680,483,453,599
647,515,675,493,443,596
657,524,680,484,448,601
649,526,665,497,450,602
657,510,676,493,446,602
657,520,670,495,450,599
655,524,663,499,444,600
646,524,665,490,454,600
655,509,679,494,451,590
659,518,673,499,451,590
658,523,667,497,448,600
660,510,673,495,452,599
651,523,679,483,449,599
659,516,669,498,449,600
660,517,673,498,441,600
654,524,663,497,441,600
655,524,675,487,453,591
654,508,674,492,454,595
653,518,675,495,440,599
659,514,675,497,440,598
655,519,674,493,451,601
650,524,663,492,454,591
656,525,678,486,450,597
657,518,677,486,450,598
658,522,679,484,451,600
647,518,677,494,453,591
656,521,669,497,441,600
648,524,659,495,441,598
657,524,679,484,448,600
657,519,675,496,441,599
660,522,666,498,441,601
648,521,669,495,446,600
660,519,677,493,452,599
649,516,678,495,454,590
655,511,678,494,453,594
660,510,680,497,454,591
650,511,670,494,451,598
648,519,672,495,454,592
655,522,674,491,442,600
658,522,676,495,439,601
660,514,675,498,455,595
658,523,664,500,448,600
660,521,666,498,456,600
658,510,676,496,455,590
655,523,677,486,447,599
656,510,675,492,454,594
655,511,671,495,451,596
657,523,680,499,453,601
661,511,679,496,448,591
653,521,664,501,452,591
653,525,666,495,450,600
657,519,668,498,449,594
660,510,675,491,451,587
657,522,680,483,454,596
655,523,676,491,443,601
648,516,675,488,454,592
653,523,664,498,447,602
653,520,680,484,454,598
646,520,671,494,453,591
659,510,677,494,454,600
655,508,671,495,442,599
657,524,666,499,448,602
658,515,676,499,444,593
652,510,673,493,454,597
649,520,673,493,454,595
642,519,671,496,452,596
646,521,671,496,452,597
657,523,681,484,458,600
657,522,676,492,441,601
645,522,671,496,452,596
654,523,680,484,450,600
656,519,674,492,447,599
656,524,675,487,444,601
652,509,670,494,453,597
659,520,680,484,451,591
661,520,672,496,450,599
652,523,664,500,448,600
651,524,664,496,452,601
653,520,681,486,454,601
659,511,679,497,450,590
660,515,671,497,440,595
656,523,677,486,447,591
651,512,677,496,448,599
660,518,674,496,455,595
649,524,664,495,452,600
661,507,679,496,452,590
651,508,670,495,439,596
650,509,671,500,448,600
656,519,673,496,440,599
659,511,677,498,441,594
656,515,675,484,447,595
650,519,665,499,450,602
646,508,664,497,445,600
658,517,675,495,441,598
657,518,675,494,439,599
645,521,671,495,452,598
657,520,666,496,453,598
657,517,676,495,441,599
658,510,678,500,449,589
648,522,665,494,441,600
659,519,680,488,453,597
656,520,666,496,441,593
656,518,665,498,450,599
651,509,670,496,455,596
661,518,678,491,453,596
658,520,665,499,450,600
655,520,678,487,446,600
651,519,664,494,445,597
648,513,675,495,456,591
649,522,666,497,450,603
661,516,674,495,451,599
655,518,666,498,451,597
658,516,676,498,440,597
650,520,663,500,453,590
655,520,678,485,454,598
648,513,676,495,451,597
654,520,676,488,441,593
655,505,676,499,448,590
655,514,673,487,448,600
659,518,677,492,449,596
646,509,671,494,448,599
659,515,676,492,453,598
645,516,667,497,451,599
658,518,675,492,441,600
655,507,673,494,454,592
652,507,671,494,454,591
646,514,673,495,453,590
659,517,668,500,450,600
658,512,675,502,437,601
648,518,668,498,453,599
656,512,676,500,443,591
661,513,677,500,441,595
650,509,665,494,446,589
654,520,676,485,448,598
649,512,666,495,454,600
657,504,677,495,454,592
644,522,663,498,442,592
659,515,674,494,442,599
647,522,666,492,452,598
645,519,670,495,454,594
658,517,681,485,456,595
660,504,677,495,453,590
658,520,680,487,455,601
657,512,674,493,456,598
659,515,667,500,450,601
658,512,675,497,439,600
649,510,660,496,448,600
655,506,674,494,450,593
646,512,664,498,450,601
655,517,665,488,449,598
661,513,674,498,439,596
649,511,662,496,452,597
660,516,680,486,446,596
652,520,680,485,450,600
648,512,675,495,454,592
658,505,677,495,453,592
646,514,674,495,455,591
662,516,674,493,440,600
658,515,673,495,441,599
659,515,678,489,455,597
658,518,667,498,449,599
655,519,679,486,454,596
659,514,673,492,454,596
662,516,676,489,454,595
649,511,666,497,452,597
646,520,672,495,453,598
655,519,675,491,442,601
660,516,674,494,452,598
657,504,675,495,455,593
658,504,674,494,456,594
659,516,671,493,442,593
657,511,676,496,437,594
660,512,679,495,449,589
655,522,680,486,453,601
657,519,682,485,454,594
659,519,666,501,449,600
659,514,675,497,449,590
658,517,679,486,454,598
658,516,672,496,451,595
654,505,671,497,450,598
658,515,674,495,442,598
650,520,664,500,451,595
653,518,675,489,451,596
659,508,677,494,448,588
661,505,680,498,456,587
660,513,670,496,452,599
658,512,678,497,448,587
658,517,670,496,446,594
655,503,675,494,455,588
657,516,676,494,441,596
656,519,665,500,450,598
647,518,664,499,451,596
659,513,678,488,454,594
660,520,675,495,441,596
655,503,677,496,452,585
650,505,671,495,455,591
655,511,680,491,454,591
647,525,665,496,449,595
659,515,680,491,455,592
659,510,680,483,452,592
645,520,665,497,452,597
658,516,666,499,449,592
648,505,661,498,449,592
657,507,679,499,449,585
653,519,663,499,449,597
647,514,675,495,455,587
647,515,669,497,453,595
653,516,679,491,454,593
655,519,679,485,451,595
645,516,668,496,454,594
653,520,676,484,451,593
655,518,670,494,439,597
658,512,677,490,445,594
654,513,676,488,446,597
655,520,676,489,441,596
659,516,674,492,452,596
653,517,666,499,449,596
656,517,680,486,453,588
651,508,667,495,454,593
645,510,661,498,450,595
658,513,674,492,455,587
653,505,673,494,454,587
646,513,671,496,454,593
650,521,666,499,450,598
653,516,664,499,451,596
654,519,676,486,450,594
658,516,674,495,453,594
657,511,681,499,449,586
648,510,665,497,452,593
656,514,679,487,453,593
646,516,666,497,453,593
648,518,675,489,446,596
654,520,679,490,442,595
653,518,678,486,447,592
658,513,674,493,455,593
659,516,670,496,452,595
653,519,678,486,448,596
660,512,675,501,442,585
655,515,676,493,441,596
651,514,675,499,440,593
656,518,664,501,450,596
658,512,675,499,442,592
646,519,662,496,454,594
657,515,667,501,451,596
654,517,674,487,451,594
645,518,670,496,452,596
645,515,676,497,454,589
656,510,679,499,448,585
651,516,663,499,449,597
660,513,672,496,452,585
657,515,675,494,443,597
655,520,680,485,452,595
658,511,679,501,448,585
655,517,679,486,454,591
655,519,680,485,451,592
659,512,674,502,440,593
657,507,679,499,448,585
655,522,678,488,450,597
658,506,675,497,453,587
659,517,676,495,451,593
654,520,680,486,446,596
656,518,675,495,441,596
647,517,670,497,453,585
655,518,673,491,443,593
659,518,675,495,451,593
657,514,675,496,441,595
657,520,679,486,451,596
648,521,664,501,449,597
662,520,676,494,443,596
650,511,670,499,453,592
646,515,669,495,454,595
659,512,675,498,440,594
657,508,674,502,441,589
645,518,670,498,453,591
659,512,677,500,448,595
662,518,670,497,451,597
651,521,678,490,446,596
658,517,675,496,441,593
650,511,669,497,455,592
651,521,663,501,449,599
652,511,669,496,452,596
654,525,678,489,446,596
646,527,663,500,450,588
659,518,674,495,451,595
659,523,681,488,452,593
658,521,676,495,451,589
648,526,665,498,449,597
656,523,675,497,439,596
658,522,675,498,440,594
649,523,664,499,448,597
649,521,670,496,451,596
651,528,663,499,448,598
655,522,674,497,439,595
655,526,680,487,452,594
660,512,677,502,442,590
659,512,677,501,439,591
657,524,667,499,448,597
654,525,679,488,446,588
647,520,670,497,452,593
645,529,670,496,451,592
659,512,677,498,453,588
655,528,664,500,448,596
647,519,677,496,453,590
649,528,668,497,450,587
653,523,664,502,447,598
658,514,678,498,440,588
657,525,679,488,453,594
662,517,675,497,440,595
645,524,672,496,454,591
656,530,679,488,447,596
659,523,681,488,453,594
652,519,679,497,450,586
656,528,680,488,452,590
645,527,671,496,451,595
654,532,677,490,445,597
655,517,679,500,447,587
659,515,677,501,441,592
654,519,677,500,447,586
658,528,676,492,452,594
652,531,662,499,448,599
660,528,672,499,448,596
646,533,665,498,448,588
657,529,680,485,451,590
658,528,675,497,443,594
648,533,664,500,445,595
655,530,666,500,444,593
657,523,675,497,439,591
655,528,672,498,444,594
657,529,681,486,447,595
655,530,678,485,445,595
655,509,676,497,446,591
659,526,680,489,445,594
653,514,679,500,444,598
646,520,673,492,449,585
657,526,672,497,445,596
643,522,673,496,444,595
648,528,663,498,445,599
656,530,677,486,441,594
658,526,674,496,434,595
659,513,676,501,440,590
655,526,675,496,434,596
653,527,678,487,443,595
650,523,659,500,444,600
656,512,677,501,438,588
651,516,679,498,445,586
657,509,675,497,448,587
646,520,673,500,444,596
659,520,675,492,448,593
645,526,665,497,446,586
651,525,663,501,444,599
647,524,664,499,446,596
651,525,659,496,446,595
657,510,674,497,448,590
659,511,678,500,443,594
660,515,675,501,435,595
653,518,663,501,446,597
654,523,663,502,445,593
657,520,677,489,451,594
659,507,676,499,450,596
655,523,679,488,447,595
655,522,680,500,442,595
654,520,676,488,435,599
658,519,679,488,451,592
649,518,663,499,448,599
649,525,665,499,447,598
656,520,664,503,447,597
655,509,678,500,448,586
653,508,675,498,450,592
653,509,671,496,442,598
660,513,676,496,450,596
657,520,670,495,440,593
660,524,669,499,447,597
659,515,669,501,440,596
659,518,675,500,439,595
660,509,680,500,454,587
656,521,674,495,452,595
655,513,676,502,442,591
652,514,677,500,451,588
653,514,679,500,451,596
646,531,666,499,453,596
659,527,680,488,453,595
658,531,677,491,446,599
647,531,665,499,453,596
647,527,673,497,455,597
656,534,664,504,452,599
653,536,663,501,451,596
654,533,669,502,451,600
658,531,676,493,457,595
647,533,672,499,456,594
662,536,674,491,457,594
654,539,664,505,452,599
657,538,679,490,450,597
655,519,680,498,452,589
659,533,674,500,444,595
660,538,672,499,454,589
658,539,667,503,457,599
649,543,663,500,454,602
649,544,665,494,451,600
660,526,671,502,445,591
662,542,665,504,455,600
653,531,677,500,457,590
659,543,679,492,458,597
660,541,679,492,459,594
660,542,678,491,459,597
656,545,674,495,448,600
651,530,679,502,457,599
652,532,676,500,458,590
661,538,675,501,446,598
660,531,673,505,445,593
657,548,679,489,453,599
658,541,680,486,460,597
655,534,678,501,457,589
661,543,680,490,460,595
659,545,675,490,458,597
655,533,678,502,455,590
651,535,678,503,452,591
662,549,667,500,456,599
659,553,679,489,458,598
656,552,677,490,452,599
660,555,664,504,456,600
646,551,673,499,460,592
656,548,674,503,446,597
652,557,675,501,447,600
648,549,669,499,458,591
661,540,677,503,450,595
660,551,675,491,455,594
658,553,665,501,446,599
648,557,669,494,458,589
660,551,672,495,458,597
652,554,663,502,456,598
655,539,679,503,460,591
647,550,670,499,458,595
660,554,679,492,459,598
659,539,678,502,453,591
650,558,668,499,458,598
649,552,670,501,458,594
660,548,680,490,459,599
652,554,664,503,457,602
660,548,673,503,447,599
647,549,669,499,458,594
661,546,675,505,446,599
661,549,677,494,459,602
657,553,660,501,454,599
650,555,660,497,459,595
655,551,662,505,454,600
649,549,669,501,452,595
658,556,665,505,453,600
651,555,665,500,459,598
655,533,677,503,461,592
657,551,680,490,457,598
657,537,677,502,458,591
659,550,681,486,456,598
648,552,665,502,460,597
660,547,667,503,449,598
657,551,675,486,457,596
647,546,668,499,460,598
659,546,669,501,456,600
662,547,675,498,457,598
658,546,673,501,448,599
658,546,673,496,448,600
649,554,670,500,460,597
662,548,679,490,461,598
649,543,676,499,461,591
649,550,671,500,462,595
659,548,680,489,460,599
648,548,670,500,460,595
657,549,674,496,449,600
650,551,663,502,457,604
659,550,681,489,452,599
653,544,677,497,460,594
648,548,671,495,460,593
654,553,664,497,456,602
652,552,665,494,460,602
645,551,665,489,458,602
657,550,677,477,453,602
662,537,677,491,452,595
664,549,666,489,458,603
658,550,665,488,457,604
661,545,676,481,447,601
657,550,677,473,453,603
661,542,676,482,448,600
655,536,678,475,457,592
660,540,675,483,449,601
663,539,668,478,459,601
651,542,674,476,460,594
658,549,679,474,458,594
655,534,680,478,460,591
655,545,676,468,454,600
656,529,677,479,456,593
651,538,673,476,460,595
658,542,676,473,459,599
659,541,677,466,448,602
657,543,674,470,448,603
662,537,674,473,457,599
650,534,676,477,460,594
664,527,672,477,450,593
660,539,675,472,448,604
658,540,677,480,456,592
660,539,673,474,446,602
660,536,668,481,457,601
657,538,675,468,454,603
663,534,676,477,458,601
659,537,663,481,456,603
657,525,678,479,460,592
659,521,680,482,454,592
657,524,680,480,455,592
662,525,676,481,447,600
655,518,678,480,454,592
650,536,666,478,455,602
652,536,663,482,455,604
660,519,677,484,451,591
651,536,664,479,456,600
663,521,669,478,453,600
657,518,680,482,452,591
659,515,678,483,451,593
653,519,680,482,456,591
662,524,674,483,446,598
658,529,671,475,442,600
659,515,680,483,453,591
659,519,671,478,446,601
649,516,670,479,457,597
660,504,670,480,455,591
661,518,675,486,446,599
662,517,675,486,445,600
658,503,670,483,453,591
663,519,674,475,446,600
654,526,676,473,450,601
661,521,678,471,459,600
657,512,679,481,459,590
658,526,673,477,446,602
648,519,668,480,459,599
660,519,677,473,459,600
651,515,678,480,459,592
661,516,673,481,446,600
658,522,680,472,457,600
651,517,673,480,459,594
659,515,677,470,460,598
659,523,660,485,455,602
660,513,675,485,445,598
660,522,664,481,456,602
656,524,678,473,455,601
655,510,672,480,459,598
662,510,682,482,458,592
657,521,674,475,449,600
659,513,670,486,443,595
658,521,663,484,456,603
661,514,675,485,446,598
649,522,669,481,458,600
663,507,679,484,456,591
654,510,665,483,457,601
649,523,664,483,457,602
661,515,675,479,460,599
656,520,665,487,451,602
656,521,659,486,452,601
656,519,664,487,456,604
665,516,667,483,455,601
653,510,671,482,458,600
654,522,663,487,455,602
653,520,664,486,458,601
662,516,674,477,458,599
661,517,673,483,446,599
657,520,666,486,456,604
660,521,678,471,458,601
660,521,676,478,454,603
661,506,679,485,456,591
658,519,679,475,458,600
658,520,674,477,452,603
647,519,669,484,463,601
668,518,670,486,457,601
660,505,674,482,460,594
658,519,677,471,457,600
664,517,669,484,458,602
660,515,679,475,460,600
649,514,672,482,459,596
662,516,675,476,461,600
655,519,677,474,459,590
660,514,675,484,449,602
662,504,679,486,460,593
659,517,676,475,452,601
654,519,662,489,455,602
663,508,679,475,463,601
651,518,664,485,457,601
647,503,670,483,460,597
653,519,676,481,461,601
658,519,677,476,455,601
661,515,681,476,460,600
652,518,664,487,458,603
661,513,670,483,460,602
664,512,672,485,457,600
659,514,675,483,460,593
655,503,674,485,462,595
660,512,678,485,461,594
656,516,665,489,457,604
658,515,679,489,448,599
660,511,677,475,458,600
658,516,677,476,457,600
662,502,679,484,460,591
658,514,673,475,452,600
658,511,670,482,445,600
652,504,670,486,461,599
658,515,676,480,449,603
661,506,679,488,459,593
651,520,663,486,458,601
660,514,679,475,461,602
660,501,676,485,458,593
660,514,677,475,461,600
662,511,678,476,457,601
651,515,664,483,459,601
660,514,665,489,456,603
645,506,665,487,459,602
663,511,680,476,460,603
664,511,673,487,446,595
658,512,678,475,459,600
648,517,675,481,449,603
649,517,670,485,460,597
658,513,674,482,449,601
661,511,677,489,452,595
651,507,665,485,460,601
658,508,673,483,457,597
659,514,666,490,457,604
657,515,676,477,451,602
657,517,677,476,449,602
654,515,663,488,457,605
648,511,663,488,457,604
649,509,664,487,461,600
648,511,663,487,457,601
662,512,674,483,459,601
649,508,665,485,458,600
652,518,663,486,458,601
660,513,676,483,448,602
658,514,679,476,459,599
660,501,677,485,461,591
657,502,674,484,461,593
661,513,677,483,460,598
658,512,674,482,461,601
662,510,679,474,460,601
652,519,664,487,460,603
661,511,679,474,459,600
656,502,674,483,463,594
645,518,664,488,461,602
663,511,681,476,461,598
649,517,664,485,460,602
662,502,678,485,460,594
662,507,676,489,454,592
660,513,679,475,459,602
655,512,664,489,460,601
661,507,678,489,457,593
650,506,663,486,461,601
658,498,673,485,462,595
660,511,674,483,461,601
657,513,664,489,457,603
660,511,676,481,461,599
659,512,675,482,449,602
656,512,679,476,459,600
664,511,679,478,462,600
657,511,675,482,449,603
661,510,673,482,459,600
658,497,676,486,462,594
655,493,669,484,462,596
659,514,676,479,455,601
657,513,662,489,456,604
649,510,663,488,459,601
652,503,666,486,463,598
659,498,673,486,461,593
658,514,677,475,459,601
655,512,675,488,449,599
650,513,664,487,460,604
663,512,678,481,463,600
653,503,666,488,461,599
658,511,677,481,451,600
656,508,677,490,452,596
660,512,673,484,463,601
651,514,665,489,460,604
664,508,672,486,454,592
662,510,680,476,459,601
662,504,679,489,455,593
660,517,678,478,460,602
653,514,664,490,460,605
657,514,675,479,453,603
656,498,675,485,463,596
660,508,682,478,462,600
657,511,674,486,460,601
648,505,667,487,459,604
662,507,679,483,462,600
660,507,678,492,452,597
664,500,680,478,466,601
664,493,677,486,464,591
650,497,660,488,460,602
660,503,673,481,465,601
650,509,665,491,461,605
655,508,667,489,461,604
649,505,663,490,460,606
659,503,675,482,454,604
649,501,662,490,457,604
658,503,674,490,453,598
655,498,677,489,455,593
661,489,676,487,469,594
657,507,674,486,463,603
663,504,679,477,460,603
653,496,661,489,459,603
654,508,667,490,460,603
660,492,675,486,466,594
644,504,661,492,461,605
662,503,678,476,464,603
652,508,665,489,462,604
652,495,669,487,463,600
659,507,676,489,451,599
665,492,679,486,461,593
656,496,669,486,465,602
658,494,678,489,460,596
662,505,678,477,459,605
650,509,664,491,461,602
648,509,667,491,461,603
657,507,674,489,462,603
649,510,662,493,460,604
656,511,666,492,462,604
660,508,674,485,454,604
666,506,679,480,464,601
663,505,674,486,458,593
660,508,675,485,453,604
664,503,679,479,466,601
659,507,671,492,448,600
661,506,681,485,466,601
652,502,664,490,462,603
656,506,675,481,465,600
665,503,680,481,462,604
666,504,680,479,467,601
656,510,674,490,461,601
661,503,676,490,469,600
652,498,665,489,465,604
662,498,678,489,461,595
657,501,677,491,462,596
661,508,676,480,463,603
664,504,679,478,467,603
658,511,672,489,462,604
651,504,665,492,462,606
665,500,677,490,459,597
657,499,670,486,465,602
660,510,674,489,454,604
663,510,672,485,466,602
658,495,671,478,466,601
665,500,678,475,463,594
651,510,666,474,457,606
664,505,680,456,462,601
663,501,674,450,458,601
661,511,675,461,452,603
662,511,674,463,452,599
662,508,677,450,456,604
651,505,665,459,464,607
658,511,676,456,447,604
657,511,675,460,451,602
652,511,665,460,461,606
666,509,680,452,464,601
656,497,671,459,464,603
661,509,675,454,455,604
661,513,679,450,461,605
660,513,679,451,459,604
661,510,677,455,464,603
660,498,675,460,465,597
664,505,680,451,463,603
662,498,679,464,465,596
651,515,665,463,463,604
661,503,675,465,449,601
665,509,678,453,462,604
664,504,678,467,461,597
665,509,675,451,461,604
650,505,663,469,463,606
656,514,664,470,461,607
664,508,678,459,463,605
653,504,665,469,464,604
659,513,664,473,461,605
659,503,679,472,460,596
662,509,678,460,457,605
651,514,664,471,461,605
660,515,679,460,462,604
652,518,664,472,460,606
650,517,669,471,461,600
666,518,668,473,458,605
661,522,678,460,459,602
665,523,669,472,458,603
661,529,678,460,461,600
660,532,676,463,452,601
654,527,674,472,464,593
651,528,671,473,462,595
661,524,677,476,454,589
661,541,679,460,459,598
666,536,674,472,461,589
652,545,665,472,460,599
655,547,665,472,462,593
664,538,671,474,445,596
665,541,674,466,462,595
666,528,679,475,454,588
665,544,679,463,463,597
666,533,675,476,451,594
666,543,680,465,462,595
662,547,677,464,454,597
664,543,675,474,461,594
662,548,678,461,460,596
661,549,675,467,454,599
657,540,675,473,464,587
661,548,668,475,457,596
662,552,675,460,460,593
654,550,670,472,461,592
656,555,663,476,457,598
663,553,674,472,448,596
666,544,677,477,449,587
665,562,679,462,456,592
665,560,666,478,454,595
666,560,665,476,455,593
668,564,672,474,455,592
667,549,679,476,448,582
669,565,671,470,454,591
660,551,677,476,454,580
663,558,674,477,446,589
666,553,674,476,445,589
665,568,665,479,452,592
662,565,678,465,454,588
662,567,680,465,456,589
666,565,675,479,443,585
669,567,672,468,454,588
667,566,671,475,455,590
659,559,675,476,456,581
663,567,671,473,441,592
654,565,674,475,457,583
668,565,675,471,456,590
667,556,676,479,446,586
663,572,678,466,450,592
655,564,673,475,457,584
668,567,673,473,455,592
665,556,676,479,449,586
659,560,677,476,457,583
666,567,674,475,446,593
670,568,670,475,456,592
662,573,677,466,455,594
665,563,674,478,445,593
653,568,673,470,456,588
663,571,677,475,459,586
661,571,664,479,456,597
665,561,674,475,460,588
664,567,675,474,448,598
659,570,665,479,456,597
665,559,675,474,447,595
656,565,663,476,452,598
656,561,665,476,459,597
659,559,662,480,457,598
666,558,671,480,462,594
660,548,678,475,463,588
663,559,675,475,443,597
663,544,677,481,456,588
652,555,672,474,460,593
657,561,665,477,459,599
660,564,663,481,457,598
655,558,667,476,457,597
666,556,665,477,456,597
659,558,676,469,451,598
663,560,674,475,445,590
652,566,670,476,456,596
664,562,665,481,454,599
664,550,677,480,450,592
651,566,664,478,455,597
652,562,668,475,455,595
661,566,676,471,450,599
654,559,672,475,458,590
661,549,676,482,446,594
663,555,674,480,444,595
655,559,664,480,453,600
662,549,672,476,444,598
661,560,675,464,453,595
664,553,679,466,459,596
661,557,675,473,448,598
663,540,680,481,452,585
655,550,674,476,459,591
657,556,662,481,455,600
667,551,678,477,458,597
651,542,673,477,457,593
659,550,665,481,454,597
663,552,679,466,457,597
666,540,676,482,447,594
665,546,671,477,446,598
652,549,664,480,455,601
665,546,681,468,457,595
657,547,663,481,458,601
664,544,664,483,454,601
661,543,675,475,448,600
664,531,675,484,447,597
663,528,681,480,456,591
656,530,679,480,456,589
666,534,681,466,455,597
665,530,673,482,445,598
665,540,669,483,455,600
665,536,668,481,453,600
663,522,679,483,455,589
664,537,664,484,451,602
655,540,664,481,454,598
656,525,677,481,453,591
667,518,673,484,444,596
652,533,671,478,455,594
666,533,664,483,451,601
663,531,672,479,452,599
658,534,663,484,452,602
667,523,675,484,444,595
667,526,676,479,454,599
655,519,674,476,453,594
667,527,668,483,450,600
662,526,675,476,439,601
660,516,679,484,454,592
666,514,674,483,435,598
663,527,674,474,440,599
664,530,677,472,446,601
668,525,673,476,452,597
665,527,677,474,443,601
665,518,668,483,449,601
659,510,673,478,453,594
663,527,676,471,449,600
664,509,675,479,455,591
665,526,675,466,453,596
663,508,675,477,452,592
667,522,670,486,450,600
660,525,663,484,450,602
664,511,674,480,454,591
665,521,668,483,451,600
662,526,676,474,445,600
664,523,679,468,453,598
665,525,665,484,453,601
662,511,672,479,456,591
655,526,665,480,457,598
661,524,678,470,456,597
664,528,675,476,456,588
662,531,680,470,458,599
665,526,674,479,448,601
664,531,680,470,456,601
665,532,665,484,458,601
667,531,675,480,448,597
666,528,674,483,450,598
669,536,670,483,459,602
667,524,678,485,453,597
656,531,675,480,461,594
664,540,664,485,454,603
667,539,675,482,444,601
658,544,663,485,458,604
667,536,676,484,449,601
666,538,675,480,450,598
659,545,675,476,452,602
669,542,672,480,450,602
663,544,667,486,450,599
665,548,677,472,457,601
670,535,675,487,451,599
658,550,667,485,459,603
658,537,677,484,464,592
662,534,679,487,460,591
669,537,667,483,459,599
670,542,676,484,463,600
662,545,663,490,460,603
660,543,664,490,462,604
665,541,680,477,464,598
655,540,671,485,466,595
672,537,672,491,463,602
668,535,675,490,453,599
665,540,680,474,463,600
668,524,676,490,454,597
664,519,678,488,461,591
658,536,675,487,467,595
660,531,676,488,470,591
665,537,673,484,457,602
656,529,678,486,466,591
660,526,679,491,464,592
659,534,676,489,468,594
664,530,680,485,457,593
666,529,677,489,462,592
666,543,681,478,463,599
661,535,675,491,456,598
660,532,679,488,471,592
658,545,665,488,464,602
666,535,674,490,456,598
655,540,668,487,468,598
668,545,665,490,464,602
664,530,679,487,465,591
671,530,679,491,463,591
658,548,678,480,460,601
672,530,675,492,457,595
664,544,678,476,464,601
668,536,674,490,458,596
667,539,676,489,456,601
667,538,675,487,455,601
667,540,678,478,470,598
662,548,662,491,465,602
670,531,676,492,456,596
660,546,664,491,465,601
666,543,673,485,453,600
667,544,664,478,461,600
671,530,676,493,456,593
651,539,671,489,468,596
669,539,678,482,468,598
668,535,677,484,466,598
661,545,680,479,468,598
659,536,674,488,467,592
668,541,673,488,465,602
667,544,681,478,468,600
668,539,681,478,468,599
668,539,681,476,465,599
665,541,677,478,460,601
666,530,673,489,453,601
667,528,674,491,450,598
660,536,664,491,461,605
662,522,678,490,466,593
668,533,669,489,461,601
666,532,677,485,466,599
665,532,673,486,452,603
658,524,675,489,463,594
655,528,674,488,463,595
658,525,675,490,460,592
655,538,665,491,460,600
664,519,678,491,455,593
655,533,675,487,456,597
656,535,670,487,457,596
670,533,677,485,454,600
656,535,671,486,455,598
661,535,674,489,443,603
669,524,678,493,445,597
656,537,665,491,453,604
662,524,679,490,458,593
668,521,677,492,449,594
668,522,679,487,447,594
655,534,671,488,456,598
669,523,678,492,448,595
659,538,663,491,452,605
668,534,680,477,456,601
671,531,675,486,455,601
669,533,680,481,455,600
652,539,665,487,454,602
666,533,669,482,442,600
666,530,673,483,443,601
666,535,675,476,442,603
665,535,676,479,446,602
668,525,661,489,447,600
660,522,679,489,452,593
668,531,680,478,452,600
666,534,679,477,449,601
671,528,670,489,450,600
657,532,665,492,449,603
654,529,667,486,451,601
662,532,665,492,448,604
666,532,674,482,443,602
660,533,661,492,451,603
665,517,670,476,449,592
664,530,673,481,443,601
663,530,674,482,445,603
659,518,674,488,457,593
666,518,669,487,451,601
656,527,671,488,451,600
667,508,670,488,451,592
669,512,679,489,447,592
663,529,677,480,446,600
670,525,674,489,441,599
668,524,668,490,449,602
659,513,676,488,451,592
667,523,678,476,448,599
667,516,673,488,439,600
666,521,674,487,442,601
667,519,670,490,450,601
663,508,669,489,452,597
667,515,674,487,443,598
667,518,676,477,458,598
668,517,678,483,455,597
667,521,680,477,452,599
657,514,676,487,456,591
659,520,677,478,447,601
665,520,665,491,451,602
663,505,674,486,456,596
668,517,673,487,443,601
668,519,676,485,447,601
667,513,675,490,444,598
658,518,674,488,459,595
671,519,669,488,456,601
670,521,669,485,452,602
670,514,676,484,459,598
666,519,680,478,460,601
666,526,676,484,453,603
658,524,669,487,463,600
665,524,675,484,457,604
655,522,671,487,463,597
670,515,670,487,462,601
656,511,670,490,464,596
663,522,664,487,457,604
662,526,664,493,459,604
660,524,673,484,458,603
659,525,669,487,464,599
669,522,666,493,461,603
662,510,670,488,467,596
667,519,674,488,454,603
669,518,679,479,465,601
658,519,670,488,467,597
666,523,677,480,460,602
672,517,676,485,466,600
661,522,664,489,463,601
670,512,673,487,465,602
664,521,676,480,459,602
653,517,673,489,468,594
663,508,668,490,465,599
669,518,667,496,462,602
667,519,676,483,461,602
666,519,664,488,462,603
668,513,673,485,452,601
667,504,677,489,464,593
666,517,675,485,454,602
665,513,676,481,461,598
667,512,675,490,453,602
667,501,675,491,468,593
664,515,666,495,463,602
651,512,664,493,464,604
663,503,670,489,467,599
674,515,671,492,463,600
668,516,664,493,463,603
668,516,667,495,462,603
666,519,663,494,463,601
670,514,668,492,464,600
667,517,676,486,456,601
668,518,679,480,468,598
664,507,678,492,464,592
665,523,675,480,461,601
660,523,667,494,463,603
656,518,674,490,468,594
662,521,677,482,465,602
666,522,674,485,457,591
668,515,673,492,453,602
665,525,676,481,461,602
662,511,669,486,465,600
665,521,665,494,462,602
658,512,674,491,466,595
664,521,679,486,457,601
669,512,675,494,456,600
667,523,677,486,461,603
671,518,675,487,468,600
658,517,671,492,466,599
669,511,676,491,469,595
658,518,671,490,462,596
666,521,664,495,462,605
666,515,674,491,454,603
659,518,675,492,467,595
670,519,679,484,469,601
669,520,674,489,455,603
669,514,673,491,455,599
666,521,666,495,464,603
672,521,662,493,466,592
667,524,677,480,463,602
668,522,679,482,465,602
656,517,668,490,465,593
663,520,673,490,454,601
656,526,669,491,468,598
664,523,674,484,455,605
664,525,676,484,459,602
669,513,671,496,454,599
667,515,673,490,455,603
673,515,671,492,466,602
657,514,671,491,466,599
662,519,676,483,461,602
659,517,663,494,463,603
666,517,678,480,465,601
667,498,675,492,467,596
668,515,663,496,463,604
656,512,664,492,466,603
665,511,677,496,456,595
669,504,679,493,469,593
658,516,669,491,467,599
667,523,678,482,465,602
667,517,674,494,453,603
670,518,671,492,462,603
657,520,673,489,466,596
666,511,671,493,464,596
656,526,664,495,461,604
670,522,676,485,463,601
668,526,679,482,459,603
666,528,678,484,454,603
669,524,676,489,461,601
664,529,678,482,456,605
664,529,675,484,459,603
663,515,679,491,457,591
663,517,676,488,460,594
660,528,663,496,458,605
657,523,671,491,461,596
667,527,665,495,456,604
668,527,676,486,457,596
668,523,675,494,449,601
668,532,678,484,459,601
657,525,675,492,459,594
670,515,678,496,451,593
660,523,675,492,457,596
669,531,680,485,458,600
659,533,665,493,457,603
672,519,677,497,448,599
667,531,680,483,458,599
657,527,673,491,459,603
665,535,674,489,447,601
665,536,663,497,454,603
669,532,672,492,444,601
660,530,675,493,457,594
661,544,664,492,452,606
657,548,667,493,451,596
672,545,670,496,452,603
666,550,677,485,446,604
666,551,675,487,448,598
666,549,674,488,444,603
668,550,667,498,450,603
665,554,678,484,450,603
668,545,678,486,458,594
671,543,671,495,443,598
661,547,664,490,450,606
662,552,663,496,449,604
668,546,679,484,456,600
657,541,675,492,456,595
656,548,669,491,455,601
661,532,682,493,456,592
667,546,680,483,457,600
656,549,664,493,456,602
655,544,667,493,457,599
666,545,674,483,456,601
667,540,676,487,447,604
667,533,673,494,444,602
655,546,673,491,457,598
670,541,668,492,454,601
656,539,669,492,457,600
671,535,673,499,443,601
667,540,675,493,444,605
657,541,666,494,458,602
670,544,664,493,445,602
666,543,677,484,458,601
668,539,674,490,457,598
666,538,676,486,452,604
669,525,675,499,448,597
668,537,664,496,454,604
657,534,668,494,457,601
664,538,663,498,456,605
659,535,675,494,459,595
669,525,674,499,447,600
671,535,667,497,454,603
672,525,676,498,448,600
665,538,676,486,451,604
671,530,676,498,446,602
666,533,669,497,456,605
669,522,677,498,452,597
659,538,664,496,459,601
669,521,674,499,446,597
666,525,680,494,459,593
664,540,663,498,454,607
667,522,678,496,456,595
661,538,664,496,457,604
669,522,677,498,451,595
663,521,678,496,456,593
658,531,672,493,460,598
663,524,676,495,457,593
663,538,662,498,456,606
667,538,677,483,456,603
660,522,677,489,455,594
665,536,664,497,456,605
660,535,665,494,458,602
665,535,678,483,457,604
671,525,673,498,448,602
671,529,674,496,448,602
668,534,673,489,448,605
669,523,676,498,450,599
669,530,677,492,459,603
667,531,679,484,461,602
664,535,674,495,447,603
667,523,673,488,449,604
670,524,674,499,447,602
668,529,680,485,462,601
665,519,679,495,457,593
665,534,677,484,456,603
657,530,664,494,458,602
670,521,679,496,458,594
667,537,679,485,461,602
668,523,677,499,454,596
660,541,662,498,457,606
668,526,677,498,451,599
667,539,676,489,452,604
662,540,679,485,459,600
662,542,662,496,458,606
671,537,670,495,458,604
656,540,668,494,459,601
668,538,678,484,458,602
671,538,677,493,459,603
670,536,681,486,460,602
666,523,680,499,451,595
668,525,677,497,454,594
667,536,676,496,448,606
658,535,673,495,462,597
671,531,675,494,447,604
657,540,666,496,460,605
665,526,678,499,456,596
656,536,670,494,461,601
672,525,676,500,448,599
665,524,679,497,457,594
672,531,667,494,453,606
667,540,673,492,447,606
668,524,674,493,458,601
660,530,674,496,460,595
670,530,674,506,447,601
666,536,671,494,457,601
656,541,663,497,458,604
669,532,672,498,448,601
665,537,664,499,455,603
662,535,663,500,453,603
670,532,664,493,455,599
665,531,661,499,451,600
665,525,675,491,444,600
668,523,679,486,455,594
668,521,668,496,451,595
656,519,672,493,454,589
665,521,679,482,451,591
655,508,663,493,453,590
669,516,668,495,450,589
662,519,665,492,445,593
665,504,677,494,451,579
657,518,663,496,452,592
662,512,664,497,448,587
666,503,678,496,449,574
658,495,670,495,451,576
662,501,676,496,441,572
657,498,678,494,445,575
663,496,678,495,445,564
659,488,676,491,452,564
659,497,675,485,436,571
649,489,661,493,447,569
647,494,664,494,452,568
657,482,673,490,453,561
660,493,681,496,452,568
655,484,669,489,454,563
659,494,671,486,453,565
660,496,674,489,442,568
653,496,668,495,450,568
657,491,675,495,443,564
649,496,665,495,449,570
661,480,675,491,457,559
659,491,676,485,448,569
660,491,677,496,445,562
658,494,675,486,448,560
659,495,676,489,444,571
650,491,664,496,455,571
654,479,663,494,455,566
658,482,673,491,460,566
663,497,676,480,453,573
662,497,675,484,454,574
660,500,675,491,450,576
659,501,673,495,457,574
661,498,675,484,454,576
651,495,663,498,455,577
653,493,659,493,459,576
663,484,675,493,461,567
659,479,675,487,458,571
656,504,669,496,457,576
663,499,678,498,449,572
653,504,663,498,455,581
661,504,669,495,457,580
657,491,675,493,461,573
659,490,668,491,460,576
661,505,675,498,449,578
658,507,668,496,458,583
662,507,675,496,458,585
666,501,675,481,459,582
664,506,674,492,460,581
665,500,677,491,459,580
664,505,674,499,450,582
661,505,675,499,450,580
653,509,662,497,458,586
655,504,664,496,459,585
663,509,675,497,449,583
664,492,676,494,462,576
669,493,677,497,456,577
654,508,662,498,459,589
662,510,670,498,450,587
665,510,673,492,451,588
665,497,679,497,462,579
654,503,663,496,460,586
656,506,664,499,460,590
663,510,675,489,452,588
665,506,676,499,453,583
655,513,664,491,463,584
665,495,675,495,463,583
663,498,679,497,462,580
663,514,678,486,458,588
665,514,666,500,455,592
666,508,678,499,457,582
669,503,679,500,461,581
665,510,675,501,453,588
665,512,679,485,461,591
669,500,679,493,460,584
656,516,660,498,458,592
660,517,662,499,460,594
655,511,664,499,461,589
657,514,670,493,464,589
659,519,663,499,459,595
669,509,678,500,458,583
665,514,670,497,462,592
663,510,673,495,461,583
667,509,677,498,449,588
665,516,665,500,460,594
664,513,679,488,464,591
663,506,669,495,465,586
660,506,671,500,457,584
655,514,665,490,460,595
659,503,666,493,460,594
669,513,672,494,463,591
672,515,674,495,463,593
665,518,664,500,457,597
663,500,673,491,460,588
656,516,670,496,464,592
659,508,669,497,463,592
650,520,665,498,461,592
665,506,671,495,466,589
669,513,680,489,463,589
667,516,679,488,464,591
665,517,675,489,457,593
669,505,678,499,462,586
661,505,670,495,465,588
667,516,666,499,462,594
668,504,677,498,465,585
662,519,663,500,462,596
666,518,678,490,457,594
666,518,663,502,461,594
668,512,674,499,452,593
666,522,675,492,456,595
659,520,665,498,464,593
666,518,681,486,465,592
661,519,676,489,459,594
666,518,675,491,454,596
655,520,663,499,461,596
658,513,670,496,466,588
672,514,670,500,462,595
668,504,678,499,467,583
668,514,680,488,467,591
670,509,679,482,459,591
656,505,662,499,459,591
666,517,680,485,466,593
666,522,676,486,454,592
665,518,674,493,467,585
652,520,665,498,452,591
658,517,669,495,464,593
666,503,675,495,465,587
665,516,675,490,451,595
669,513,675,492,466,591
666,503,676,497,464,585
667,517,673,492,455,596
670,517,667,499,462,595
659,516,671,495,465,589
666,521,673,489,459,595
669,518,668,500,462,594
663,506,669,496,466,590
664,508,666,493,465,589
670,510,678,500,462,586
657,514,673,495,466,588
669,512,675,502,454,591
655,520,670,497,465,593
665,516,679,490,467,590
658,511,660,497,464,593
669,504,680,498,465,586
661,515,676,493,454,595
667,513,675,498,453,596
665,518,678,487,461,594
667,515,681,489,467,593
668,508,676,485,454,597
656,508,663,501,462,598
665,516,677,486,464,594
653,518,662,498,463,594
666,518,677,488,459,593
670,511,678,487,462,593
669,514,679,489,465,591
668,513,680,489,464,591
671,499,677,497,468,585
663,513,662,501,460,596
669,503,678,498,457,588
669,507,677,487,459,596
667,491,674,496,465,590
669,499,678,497,459,586
663,503,674,501,452,591
653,495,666,498,462,595
666,502,671,495,460,595
665,499,674,494,462,596
666,496,676,503,452,592
669,489,679,486,464,594
658,481,665,497,460,596
656,485,666,500,457,598
660,485,664,496,457,594
658,484,661,500,458,598
656,482,673,496,461,593
668,474,679,500,458,583
661,466,671,497,461,587
658,473,669,497,453,590
662,476,675,490,449,589
653,465,664,497,457,588
668,470,681,491,458,586
655,474,665,498,455,587
667,468,679,485,455,584
660,471,670,495,454,583
656,459,662,495,454,581
664,464,679,486,455,578
661,463,679,487,455,579
661,467,670,496,441,579
668,460,679,486,450,581
663,464,676,490,440,583
659,452,678,495,451,573
653,467,663,500,448,584
662,468,674,492,438,582
661,468,675,498,439,577
660,468,673,492,441,581
656,468,663,495,449,583
663,464,677,493,444,573
651,462,663,492,449,579
651,465,663,491,448,583
661,467,675,491,440,575
649,468,663,491,449,583
657,469,676,490,438,577
658,470,674,485,438,580
660,454,675,488,451,571
659,467,674,485,448,578
654,468,671,489,446,575
647,467,665,492,446,580
645,464,664,491,436,581
651,466,672,491,444,577
661,456,679,489,442,567
650,457,670,488,444,576
655,467,674,488,430,576
653,451,674,489,442,569
656,466,674,488,437,574
650,466,673,498,426,574
655,465,673,491,424,575
659,454,679,492,432,565
654,451,677,489,435,565
643,457,662,493,429,575
642,451,663,486,429,572
655,450,677,493,422,564
655,453,678,485,430,571
655,449,678,491,423,564
644,438,673,488,429,564
637,436,672,490,426,562
642,446,675,481,417,569
633,433,671,488,424,567
629,443,668,489,424,569
636,438,675,485,416,571
642,439,679,476,430,566
636,444,677,483,431,567
637,441,680,482,432,568
637,428,674,487,434,561
627,427,676,481,423,567
638,438,680,478,429,564
635,436,679,476,430,561
635,439,676,480,432,560
627,428,673,486,432,555
632,427,666,483,431,552
620,442,667,489,428,556
623,440,675,485,413,554
623,439,682,479,431,551
616,439,674,488,419,547
624,428,676,485,432,542
621,442,676,479,414,549
624,437,671,490,422,542
623,441,674,487,419,543
617,440,663,488,428,542
626,438,675,484,422,533
616,435,665,490,430,539
623,433,668,486,427,536
628,436,678,476,431,534
624,437,673,481,422,538
615,430,664,487,431,536
624,423,674,483,434,526
624,434,676,484,432,531
620,436,669,489,429,531
627,436,675,480,426,530
617,432,664,488,431,529
628,436,677,475,428,526
630,433,679,473,433,524
629,434,678,473,433,522
629,421,677,487,433,513
617,442,664,486,428,524
625,433,680,478,433,517
625,436,673,477,435,510
613,436,670,473,434,515
626,433,672,482,432,515
618,430,674,488,422,511
618,432,674,485,431,516
623,432,675,479,421,517
619,432,672,483,432,517
624,425,675,488,423,511
627,430,677,475,435,512
625,426,674,487,421,511
617,414,671,484,434,512
622,431,674,484,420,515
626,427,672,488,425,509
624,425,675,486,426,514
620,424,676,487,428,508
624,428,680,476,433,514
625,426,678,488,428,510
618,433,664,490,435,519
615,432,662,482,434,516
626,435,673,483,436,516
628,430,678,489,430,515
629,433,678,490,426,520
631,428,675,486,443,513
628,440,673,492,431,517
626,426,668,488,443,517
633,435,679,476,439,521
621,440,667,490,439,523
630,427,677,489,443,512
628,442,674,482,432,525
632,439,679,473,446,521
636,438,679,477,444,522
633,428,680,488,442,515
636,428,677,490,441,517
633,430,676,488,445,518
634,444,669,479,443,523
627,446,674,487,431,528
631,447,674,493,431,526
631,446,674,490,430,527
631,435,669,488,443,527
635,443,677,480,439,529
634,431,676,488,444,523
633,449,674,487,431,532
631,447,676,494,432,529
627,432,673,489,446,524
630,445,678,480,439,532
636,442,679,492,438,523
640,445,679,478,445,527
630,434,670,488,443,529
639,445,678,481,444,531
628,443,660,487,440,532
626,445,664,489,441,537
638,443,676,479,439,532
634,446,671,485,442,532
635,447,675,479,437,532
636,439,678,488,439,523
636,434,675,486,445,522
624,446,663,485,440,532
637,445,677,479,444,529
636,442,679,487,438,521
636,445,680,474,441,527
635,441,676,488,434,521
632,447,676,481,430,523
632,434,675,484,440,518
629,447,674,480,438,525
625,447,675,488,428,521
624,447,679,474,441,519
620,447,678,472,441,517
614,451,674,485,429,517
612,437,671,482,441,516
607,442,667,484,440,520
611,453,674,479,434,522
610,463,674,486,429,520
602,463,666,489,439,521
609,466,674,489,429,520
606,469,667,492,442,522
616,459,678,491,440,513
608,473,672,492,430,518
608,476,672,491,444,522
607,461,671,489,445,513
608,477,673,492,431,519
608,478,672,495,432,521
610,463,676,492,437,512
612,472,675,487,441,517
613,469,677,487,443,521
601,480,666,502,442,523
605,463,674,501,446,517
613,478,676,501,444,523
609,482,672,508,435,525
612,479,674,506,435,527
605,477,665,516,447,529
614,472,676,503,443,529
606,478,666,516,446,532
619,472,676,508,450,526
612,476,669,515,445,532
620,474,674,507,441,530
617,477,672,516,446,522
620,473,677,518,449,524
612,463,670,517,452,524
620,475,675,509,445,536
620,476,674,509,442,536
622,462,677,516,440,531
621,476,675,506,445,537
614,472,666,511,448,536
621,481,673,504,438,540
620,476,678,493,448,540
618,483,674,501,437,542
626,478,677,486,445,541
619,472,667,485,447,541
621,473,667,485,447,539
625,484,672,478,445,540
629,466,676,481,446,534
624,483,668,479,444,542
629,470,679,469,444,542
623,460,671,477,446,537
619,460,664,477,439,543
629,470,679,472,446,540
628,471,674,468,446,538
629,471,672,477,434,542
629,456,678,478,446,534
629,471,675,484,437,541
629,470,678,483,444,537
619,476,672,479,448,542
627,472,676,472,446,544
622,480,665,479,448,540
628,479,675,478,438,546
632,477,680,472,451,540
627,481,673,482,437,543
631,464,678,485,449,534
627,476,675,487,440,538
626,482,675,484,439,544
619,476,664,486,446,547
632,465,678,487,448,534
626,476,672,481,449,541
620,469,661,486,447,546
628,468,678,473,449,543
631,454,672,476,450,533
632,466,675,472,444,544
635,461,679,472,449,541
631,457,673,472,445,542
633,450,679,476,451,534
635,450,679,477,445,533
633,443,676,474,448,532
625,446,669,471,448,535
624,456,663,476,444,538
636,456,676,459,449,534
632,457,674,476,433,531
630,446,665,471,447,534
634,440,676,470,448,528
633,445,675,466,448,528
632,442,674,466,447,531
634,461,674,464,434,535
636,453,679,456,445,533
637,449,678,450,437,536
624,447,663,464,440,535
639,450,675,458,446,532
634,447,673,465,433,527
636,450,677,455,445,531
627,444,663,463,441,534
625,439,671,460,443,526
633,439,676,461,430,531
633,439,673,460,431,534
627,432,662,463,442,536
639,428,673,447,443,529
634,429,675,466,430,532
639,425,680,451,443,532
631,431,669,465,441,525
634,434,674,460,432,534
637,431,674,459,443,534
639,424,677,467,438,524
633,429,675,467,434,531
636,417,677,471,438,527
634,418,675,457,432,536
625,424,664,473,442,536
631,410,671,471,448,529
634,424,677,465,439,536
634,413,674,474,449,527
638,416,678,477,444,528
636,430,677,471,441,538
636,429,677,470,445,538
640,430,680,475,449,537
621,426,663,488,446,543
633,419,674,489,448,536
634,437,673,495,437,540
625,438,665,498,444,545
635,439,674,500,434,543
623,443,663,501,444,550
634,420,675,496,446,543
633,438,677,506,436,545
632,444,676,504,446,550
628,444,664,509,444,553
639,442,679,499,447,550
628,446,673,505,433,555
636,431,676,507,449,547
627,437,665,508,444,553
628,448,669,509,444,557
635,448,671,502,446,553
642,435,678,509,448,547
625,454,663,511,444,556
632,437,674,509,447,549
638,440,677,510,446,545
627,457,679,503,447,552
628,458,665,511,442,555
636,458,675,499,440,554
635,457,676,513,434,552
633,462,672,506,445,550
630,453,679,508,448,542
636,468,679,502,447,550
633,452,676,507,448,542
631,466,675,510,436,546
628,463,678,510,442,541
614,472,664,511,443,552
633,469,680,503,447,547
629,469,676,510,435,544
616,468,663,511,441,550
630,468,678,497,443,546
626,468,674,510,438,543
629,467,677,508,435,539
628,470,678,493,440,545
623,459,674,503,441,533
622,460,675,504,445,535
609,469,665,506,436,541
616,460,672,501,443,537
623,472,674,498,432,531
611,464,670,497,443,537
612,476,671,503,440,540
611,474,673,505,438,528
614,473,675,498,441,538
616,471,679,495,445,537
611,478,672,501,443,540
615,470,678,505,438,530
613,474,675,504,432,535
615,478,672,502,432,537
600,473,662,505,441,539
601,475,663,506,440,539
613,462,676,504,448,529
614,475,673,495,444,534
611,472,678,490,440,537
611,470,680,496,447,534
607,475,672,499,429,536
602,465,666,502,443,535
605,475,674,497,433,534
610,462,678,504,444,523
601,477,669,501,445,527
605,470,681,491,447,526
596,464,665,504,446,527
592,479,664,505,443,529
603,474,676,493,446,527
595,467,665,502,449,528
596,478,668,505,450,529
598,475,672,502,449,527
598,475,671,498,452,527
593,474,676,498,453,525
600,471,678,491,451,523
597,468,679,504,452,514
593,467,678,504,453,516
594,479,673,500,443,523
589,481,667,502,453,524
592,476,675,491,451,523
592,477,674,496,446,525
584,456,661,498,454,518
588,462,678,488,459,523
592,447,678,499,457,515
593,443,676,498,459,516
594,458,677,497,449,526
589,454,673,503,462,523
590,435,673,491,463,526
591,441,675,492,458,513
592,450,678,485,460,523
578,450,661,499,456,526
583,453,674,493,448,524
585,450,674,482,458,515
579,447,676,487,458,513
572,432,670,497,461,507
570,427,669,497,460,505
572,431,675,506,449,505
564,423,663,502,459,506
560,427,664,508,456,509
558,424,663,507,456,507
568,423,674,501,448,507
565,407,671,504,461,497
569,414,678,507,455,496
575,423,678,493,459,502
572,415,678,508,452,495
570,420,678,508,452,497
568,408,671,503,460,498
569,422,675,507,447,500
563,416,665,505,452,503
571,408,673,500,459,494
574,417,677,506,447,495
572,416,677,503,445,497
574,408,678,503,445,495
562,411,664,504,455,502
573,406,677,505,455,491
568,417,675,499,446,501
568,399,673,504,457,492
574,409,678,495,451,498
560,414,663,510,452,500
572,396,676,505,455,489
564,412,670,505,452,498
560,406,665,506,452,499
565,410,674,503,445,499
559,413,663,508,453,498
568,407,676,510,446,492
571,404,677,495,456,491
562,411,670,505,454,493
573,405,680,495,455,493
563,398,669,504,455,494
570,385,676,507,451,482
567,399,677,509,448,487
569,397,678,511,446,486
553,407,662,510,452,494
567,402,676,512,443,488
570,404,678,496,451,492
570,394,678,506,455,485
557,410,663,511,451,495
563,402,663,507,454,496
570,412,672,505,451,495
568,408,675,511,440,490
576,405,680,498,451,494
573,408,674,511,440,494
568,409,676,510,438,494
567,400,666,508,448,498
578,401,677,510,439,494
580,410,676,499,439,504
576,396,673,509,447,497
578,398,674,507,447,500
581,408,677,497,443,506
579,411,678,499,441,506
573,415,673,507,435,508
575,413,674,513,437,509
579,415,676,500,441,508
578,407,680,509,441,500
581,412,680,503,449,505
580,404,678,510,440,498
571,414,673,508,433,507
573,398,669,510,446,504
581,407,678,498,446,508
578,409,674,512,434,509
572,414,665,508,440,511
580,401,679,511,441,501
575,396,670,509,446,504
582,406,680,500,445,507
574,408,674,503,445,508
573,410,668,511,442,510
580,406,674,506,447,508
579,391,676,508,446,499
580,403,677,511,437,500
577,406,676,506,445,507
576,407,674,507,433,509
572,396,668,507,446,508
577,408,673,503,436,509
579,389,672,509,445,499
571,401,663,512,443,510
575,401,670,508,445,507
581,388,676,507,449,500
579,397,677,498,441,508
581,389,677,510,446,497
571,386,673,506,449,501
577,398,674,512,438,504
577,399,675,500,438,509
571,388,668,507,449,503
578,382,676,510,446,500
576,393,674,510,436,507
576,391,678,497,441,509
576,395,675,511,435,506
575,393,673,500,442,508
568,384,667,507,447,506
573,392,673,511,436,505
574,392,680,495,445,508
573,378,672,506,450,501
565,395,667,509,444,509
569,396,670,506,446,506
572,396,673,510,437,509
572,393,673,503,447,510
571,392,676,509,437,509
565,396,665,508,443,511
568,385,669,505,447,510
562,396,663,510,443,513
573,378,677,503,449,504
577,391,678,496,449,508
571,394,675,501,438,512
581,391,678,499,448,509
571,379,672,507,449,505
574,379,677,506,446,500
576,391,680,496,447,510
578,390,678,494,447,510
567,386,670,507,448,509
569,396,673,506,446,511
567,386,665,507,447,510
577,390,679,503,448,509
564,393,663,507,445,512
574,391,677,503,447,510
571,378,673,505,450,505
574,384,677,503,444,501
571,395,672,505,437,512
564,397,663,512,444,514
571,396,672,497,438,510
569,380,675,507,450,505
573,381,679,509,449,504
571,381,679,508,447,504
576,393,680,497,449,511
566,399,669,509,445,513
571,399,673,508,436,512
574,395,676,511,437,508
576,401,675,501,440,515
561,394,665,510,446,516
568,386,674,509,449,506
570,400,675,501,446,512
569,400,674,511,434,512
563,401,661,511,443,516
580,397,678,500,448,512
578,397,679,497,444,515
573,401,676,504,435,516
575,402,670,507,446,515
579,395,678,510,443,506
564,401,662,510,443,518
572,403,670,509,444,511
565,404,664,512,442,516
568,391,666,509,446,515
574,402,674,512,435,511
580,399,679,499,446,514
574,403,674,504,448,515
578,390,676,508,449,508
571,403,676,503,438,517
566,394,663,509,445,516
571,404,672,512,444,517
580,395,672,502,445,512
575,402,680,500,449,513
