=~=~=~=~=~=~=~=~=~=~=~= PuTTY log 2023.11.03 01:27:56 =~=~=~=~=~=~=~=~=~=~=~=
543,651,468,511,485,578
538,640,472,522,486,576
537,655,469,517,487,583
537,636,471,523,489,582
541,650,458,519,491,582
534,654,459,525,491,583
540,650,467,526,492,583
544,638,464,519,491,579
529,648,469,521,495,572
529,654,459,526,494,579
530,653,474,524,491,579
543,639,473,521,486,573
531,655,461,524,480,580
540,649,467,508,490,578
541,646,473,519,477,576
528,653,464,521,493,573
530,655,460,524,487,580
543,649,467,511,491,577
538,650,462,515,490,580
525,650,467,524,493,575
535,649,473,515,494,577
525,652,462,522,491,576
529,652,459,522,489,579
533,641,475,519,487,568
531,652,469,511,491,576
537,653,473,512,482,580
534,638,475,520,488,569
539,649,476,524,477,577
537,651,473,514,492,576
536,651,460,516,487,580
536,652,471,520,488,578
528,652,460,523,490,577
535,654,470,522,477,575
543,650,462,514,488,578
527,649,465,521,490,575
540,651,476,512,485,579
535,651,470,522,481,580
539,640,472,521,491,574
538,652,462,515,488,581
541,643,469,521,478,578
531,643,474,518,492,570
538,652,475,512,492,576
537,652,474,511,489,579
541,639,471,515,481,570
541,650,467,509,486,577
542,649,473,508,489,578
529,647,476,521,478,577
537,655,474,519,493,572
542,637,463,507,491,577
538,652,462,520,492,571
538,654,473,513,492,577
531,655,462,516,485,569
534,653,461,521,478,577
527,646,469,518,482,569
539,652,476,513,492,578
537,652,473,521,483,581
531,639,476,512,491,577
540,648,470,522,481,580
540,639,462,512,486,579
541,646,471,521,479,578
528,651,464,523,480,579
540,648,470,510,489,577
528,650,467,514,488,580
527,653,473,518,486,570
537,651,471,511,491,577
539,650,476,509,491,577
532,640,461,519,483,568
540,643,470,522,489,578
527,653,461,519,490,578
528,648,475,521,484,572
540,649,477,511,490,579
531,653,461,523,490,579
539,650,471,508,487,578
534,654,472,516,487,578
542,639,472,521,481,576
530,657,461,521,489,579
534,653,460,519,491,571
537,641,466,522,492,577
541,649,475,522,489,583
541,638,473,525,485,580
540,647,472,514,489,580
540,648,470,509,492,577
541,647,475,518,487,581
537,652,472,515,479,581
527,647,473,516,485,581
540,645,456,511,488,578
535,637,475,517,478,580
541,647,476,521,491,568
541,646,472,523,481,580
536,651,472,523,479,581
539,640,473,521,480,578
538,649,472,510,488,579
527,650,463,518,492,578
540,636,469,519,475,578
527,646,470,521,493,571
541,649,471,522,491,573
539,649,476,509,487,580
535,653,474,519,486,578
529,655,468,520,492,577
540,648,472,507,490,579
540,642,472,516,489,581
527,641,474,518,493,571
527,649,468,517,488,581
536,655,477,514,489,580
539,653,462,516,487,582
536,643,476,510,483,579
531,650,477,507,488,579
527,654,467,519,478,576
541,637,477,516,486,571
532,643,478,518,488,572
534,649,473,522,480,581
527,647,474,519,489,577
535,655,477,516,489,582
523,647,473,517,492,574
537,653,476,510,493,577
529,649,473,520,479,581
540,648,474,507,492,579
540,649,477,508,494,581
534,648,463,519,491,581
536,652,477,522,481,582
529,654,464,520,490,580
528,652,473,519,493,574
534,655,463,519,494,569
529,654,464,521,492,577
535,652,464,517,492,573
529,652,469,522,492,579
535,640,478,517,490,572
533,641,478,518,490,582
536,655,477,517,488,581
537,652,465,522,491,580
535,656,459,517,488,580
528,640,478,519,487,570
539,652,465,515,489,582
536,638,475,521,480,575
540,649,474,509,479,582
542,649,472,523,495,573
528,650,471,511,484,573
533,656,461,517,479,582
539,641,473,523,483,581
540,650,473,521,492,578
539,653,478,510,489,579
534,641,478,520,491,570
540,651,467,519,494,571
540,654,465,515,487,582
537,648,473,521,481,579
525,648,470,522,494,574
541,649,477,524,489,583
541,649,470,520,488,584
540,649,477,520,488,583
532,642,473,524,479,582
541,651,478,510,491,579
539,646,473,515,490,582
542,654,476,520,486,582
534,637,478,512,487,581
541,649,470,524,491,579
530,651,468,522,491,578
529,654,462,523,491,580
528,654,473,522,481,582
540,655,478,515,491,580
538,638,477,519,484,575
541,637,473,517,477,580
537,656,475,519,483,584
538,652,469,521,493,578
538,646,476,513,491,580
528,646,478,518,486,581
534,654,465,522,489,583
537,653,477,520,490,584
542,638,476,521,486,581
537,651,479,522,490,579
539,645,472,523,480,579
528,655,469,522,480,578
527,650,471,522,494,575
535,654,476,514,490,582
535,655,464,520,488,582
533,653,461,515,493,572
529,656,463,523,483,583
536,654,473,523,484,582
532,653,464,526,495,571
534,651,473,509,494,580
538,648,472,524,487,581
541,649,472,511,494,579
536,652,477,519,490,580
535,647,473,525,493,578
538,655,463,525,490,581
537,652,479,520,489,581
536,652,479,521,488,581
540,646,472,523,481,582
540,638,477,519,496,579
529,650,470,521,490,576
532,640,477,517,493,571
539,637,478,520,493,572
540,645,473,524,478,582
540,636,475,519,487,572
534,654,463,519,490,583
542,653,465,518,488,584
536,654,477,511,494,578
541,652,475,526,482,583
538,653,476,524,479,580
537,636,476,520,489,573
536,653,476,520,485,582
528,647,472,523,492,572
528,653,472,521,493,575
540,655,473,522,484,582
537,651,473,522,480,582
525,642,470,522,494,576
536,654,477,512,489,583
541,639,476,516,492,573
530,656,462,523,490,582
536,650,474,510,493,580
541,650,470,511,492,580
537,655,476,519,489,582
541,640,476,520,482,577
541,649,468,514,490,582
543,648,472,515,492,580
531,654,464,520,489,582
537,654,478,516,491,581
536,653,475,510,492,579
533,654,460,516,488,585
538,636,478,521,487,573
528,656,462,525,492,578
542,651,468,513,491,581
537,638,476,524,490,580
539,654,477,516,492,582
530,648,474,522,493,573
540,641,474,516,487,571
540,637,478,521,491,579
540,654,471,522,494,574
533,653,464,521,489,583
541,642,474,524,480,579
534,642,478,519,490,572
541,649,468,511,494,580
541,648,475,521,493,579
528,648,473,522,493,574
542,650,469,508,493,578
528,650,468,524,493,577
538,655,477,517,487,579
538,640,475,522,481,579
542,649,465,517,489,584
541,650,474,510,485,574
535,636,479,520,490,574
530,656,464,524,491,581
537,637,478,521,489,571
530,654,462,523,491,582
537,653,475,524,485,582
541,651,463,519,488,583
535,637,478,519,491,572
542,652,465,523,492,576
540,653,477,512,486,582
537,655,474,521,487,582
527,656,463,521,491,585
533,636,478,521,487,572
538,653,464,520,490,573
536,637,477,520,489,573
542,650,471,525,493,579
537,655,479,516,492,581
540,650,477,512,496,579
541,650,477,512,489,585
538,655,477,512,481,580
537,650,476,512,493,580
537,656,477,522,487,581
543,637,476,520,488,574
535,640,478,520,487,574
533,649,480,512,489,581
540,649,469,512,492,581
527,657,464,524,492,582
542,648,472,512,494,579
541,650,474,509,490,583
541,639,474,523,482,579
538,648,472,519,486,582
534,653,474,522,486,584
535,653,478,515,495,580
539,654,473,521,486,582
537,655,473,525,486,582
536,655,476,518,488,581
541,654,475,524,488,583
527,654,469,525,492,579
540,650,471,512,493,581
532,654,462,525,491,581
536,652,465,520,488,583
541,649,477,512,492,579
536,647,476,514,493,582
543,650,478,512,493,581
534,649,459,521,490,585
544,644,470,512,492,582
540,644,471,521,485,582
542,633,469,524,483,584
532,625,471,521,492,572
540,633,474,523,491,582
537,635,465,526,494,576
543,631,466,523,496,575
539,619,472,518,485,579
539,633,458,525,489,580
542,630,467,525,496,573
536,635,473,513,493,579
540,633,467,523,494,575
540,630,471,512,490,583
538,621,468,507,489,579
534,636,458,524,490,585
537,637,472,524,488,582
529,620,471,527,483,577
529,630,463,524,495,577
539,632,473,513,491,583
543,631,469,511,492,580
533,636,460,516,496,573
543,631,464,515,488,584
545,633,461,519,492,579
542,631,466,523,487,579
542,631,469,512,494,580
540,620,472,523,482,584
531,622,472,524,484,573
528,635,464,524,493,578
532,623,466,523,491,581
532,631,465,518,493,572
540,624,468,526,483,582
527,626,472,522,493,573
536,623,473,520,490,573
545,623,469,526,479,579
533,631,462,520,488,582
530,636,467,522,494,576
539,623,465,514,489,582
541,619,472,522,484,576
542,630,467,525,494,575
539,627,470,521,487,582
537,636,472,522,482,583
543,637,474,514,494,580
539,639,473,519,489,582
530,637,459,527,493,581
530,627,471,522,495,573
535,621,472,522,495,572
539,628,469,527,481,582
541,633,465,524,496,578
530,637,460,526,481,583
542,632,470,512,495,580
541,620,473,523,484,576
539,638,473,518,492,580
541,634,470,517,487,580
539,619,474,523,489,573
537,639,467,514,490,581
529,632,468,523,493,575
540,636,461,518,492,581
537,634,473,517,482,572
539,636,476,518,494,581
541,630,466,512,490,581
542,623,472,515,489,577
538,634,475,522,490,572
542,633,471,514,493,580
543,631,470,524,485,580
532,641,458,523,491,582
535,622,474,522,487,584
529,636,470,523,491,575
538,637,475,515,489,580
542,634,474,513,492,582
541,630,455,523,492,582
539,639,459,521,481,577
538,625,476,521,488,572
539,635,470,528,484,582
540,636,470,524,494,580
538,643,476,521,482,583
542,626,475,508,487,582
539,630,471,528,482,584
543,636,463,518,492,583
542,635,467,512,493,579
539,629,466,525,481,580
541,626,475,523,482,574
543,636,463,519,488,584
540,637,472,513,481,584
537,641,474,521,489,581
542,633,470,528,482,582
536,626,472,524,481,574
531,642,460,525,486,573
531,639,465,520,483,582
529,642,468,526,492,575
539,635,471,526,480,584
532,625,471,523,494,573
542,627,475,522,492,582
540,627,476,518,486,575
528,645,461,525,490,580
540,629,477,512,494,583
537,628,476,521,494,582
529,635,477,522,495,574
529,642,467,525,494,576
532,644,475,522,490,581
530,643,461,525,494,582
537,639,472,527,482,572
530,645,459,529,493,583
528,639,461,522,489,583
531,632,474,523,495,572
535,629,476,519,492,573
542,638,471,515,492,582
537,644,475,525,486,582
541,639,468,512,491,582
535,641,461,522,490,585
533,630,476,520,489,572
537,643,461,516,493,580
529,641,477,520,491,571
530,633,465,516,490,583
537,644,473,526,484,582
541,627,476,522,490,574
536,644,462,523,491,581
532,628,476,525,486,574
538,641,476,514,492,579
529,646,463,513,491,584
532,644,461,526,492,583
540,634,462,520,490,583
541,633,473,525,480,579
543,638,472,525,489,577
542,629,475,525,481,579
541,628,473,522,496,573
540,627,477,521,480,580
541,627,468,514,491,582
529,643,461,522,490,584
544,640,467,519,490,582
536,628,474,521,486,580
529,635,475,524,494,574
538,633,463,527,491,582
530,633,471,524,482,578
530,644,465,526,493,577
536,637,472,527,482,584
542,641,469,512,492,584
529,637,472,525,495,573
529,633,464,522,493,572
530,634,459,525,498,576
542,629,461,519,489,583
539,641,462,520,491,583
540,643,470,521,495,569
539,628,475,522,487,575
534,640,473,526,492,577
529,635,471,523,493,574
528,632,464,525,497,573
539,641,476,513,482,576
541,638,469,526,481,582
538,644,468,526,492,579
529,640,475,524,496,574
535,646,462,520,488,582
534,644,476,515,492,580
541,644,478,522,490,574
542,630,476,526,482,583
530,637,472,523,495,574
541,636,477,512,491,583
539,643,477,513,493,580
542,641,473,523,482,577
528,638,467,510,492,581
540,629,475,523,483,575
536,631,477,521,488,584
538,644,472,513,492,581
538,652,475,519,489,582
529,645,463,526,481,579
541,636,472,526,481,581
531,646,461,525,491,583
529,645,463,527,492,581
542,638,469,514,492,581
532,645,462,524,491,576
530,640,472,522,487,573
543,641,475,509,492,578
539,630,476,522,488,574
542,625,469,524,477,580
541,641,471,527,482,583
543,641,462,514,494,583
538,645,474,520,490,581
533,643,461,524,490,585
539,642,476,522,495,574
540,643,477,513,494,579
544,630,472,524,495,579
530,634,474,523,494,574
528,642,475,524,484,576
537,645,473,522,486,582
538,644,476,515,493,579
534,634,474,523,496,572
540,640,478,524,489,573
544,642,470,513,494,581
540,649,461,525,491,583
530,635,471,525,482,575
537,628,476,522,491,586
535,633,475,521,491,573
540,646,460,521,490,584
538,642,469,526,482,581
540,641,475,515,494,579
540,630,473,523,484,577
540,642,476,521,491,583
540,629,475,522,488,574
541,630,474,523,486,574
541,650,460,524,490,585
534,646,459,525,484,580
540,642,462,518,492,584
535,645,459,523,489,583
540,642,474,516,491,581
541,645,475,515,493,580
540,641,470,527,493,579
539,643,475,519,493,580
544,629,471,526,481,580
530,643,466,527,486,580
532,648,456,519,490,581
536,643,459,523,483,581
539,627,475,522,490,574
532,645,469,523,495,572
533,647,459,527,491,586
541,643,464,524,488,582
539,629,475,522,489,574
540,638,468,528,492,573
535,648,459,527,491,587
542,642,471,514,494,580
530,648,461,528,491,582
542,644,471,512,492,584
541,643,468,512,492,582
537,644,472,522,495,584
529,639,475,525,483,577
528,639,469,522,482,576
540,640,466,526,479,582
529,648,464,527,492,579
537,646,459,525,490,583
540,630,475,524,485,580
539,642,475,512,493,580
529,647,467,525,493,577
542,640,473,514,493,581
530,631,472,519,489,581
529,640,460,527,494,579
530,647,470,526,483,583
527,634,473,524,484,577
541,642,475,520,490,583
528,638,471,524,493,574
538,645,470,527,480,582
536,646,474,520,489,582
530,629,464,520,489,582
541,630,471,523,482,578
540,646,467,514,492,579
542,634,467,511,489,580
536,646,459,514,489,577
529,643,463,527,492,583
538,647,471,528,481,582
541,639,469,527,479,584
527,645,465,525,494,579
539,645,461,519,491,582
538,650,473,521,487,583
540,647,460,525,492,578
529,648,462,528,483,584
538,642,471,527,481,579
537,646,473,523,485,574
538,644,471,528,477,583
528,650,460,527,491,583
530,651,461,527,489,582
537,632,472,524,483,579
541,630,473,524,485,576
544,642,471,512,492,581
540,641,459,524,492,575
540,637,472,523,496,575
543,643,471,511,495,578
538,645,474,519,491,583
539,644,475,517,494,582
540,638,472,527,495,576
543,644,475,522,483,576
536,646,462,526,487,582
536,643,470,516,493,581
541,631,476,524,479,581
541,644,473,512,479,583
537,644,476,516,494,581
537,644,463,522,490,582
526,651,469,528,493,579
533,646,460,525,495,579
535,648,459,523,489,573
527,642,473,515,491,581
540,646,462,513,494,583
534,633,475,527,492,582
541,645,470,514,491,585
532,646,461,526,490,584
529,636,473,523,488,588
528,644,469,515,491,583
540,639,472,528,481,582
527,643,475,526,497,574
535,645,460,524,488,583
532,639,475,525,494,574
538,646,472,527,482,584
529,649,457,526,486,583
539,642,476,513,493,581
538,645,476,515,495,584
529,639,473,524,493,576
539,642,472,525,492,582
528,648,463,528,482,579
537,643,468,527,493,576
529,649,461,524,494,585
527,645,473,519,490,584
536,646,461,518,490,585
540,632,477,522,489,579
529,636,474,525,492,574
537,645,472,522,486,583
535,646,462,513,493,582
528,648,472,514,490,583
542,631,474,523,481,577
531,633,476,523,492,586
539,637,471,523,490,574
538,631,472,526,495,578
528,646,460,526,491,582
528,648,461,524,494,571
527,649,460,527,491,581
542,643,468,515,490,582
538,623,475,519,485,575
528,642,474,523,482,579
532,631,473,527,489,585
536,648,461,515,491,580
526,644,468,527,493,578
535,631,476,517,493,581
540,644,472,529,482,583
528,641,473,522,493,575
536,647,473,514,495,581
542,642,469,514,492,583
532,649,462,526,482,584
541,633,475,524,484,578
528,641,474,521,495,574
532,648,462,524,492,577
540,632,473,526,489,585
541,641,470,526,491,582
527,644,467,525,488,574
528,643,468,520,494,573
536,646,472,523,489,573
541,640,473,527,480,583
525,648,463,527,493,579
529,632,476,523,492,575
535,647,462,525,490,584
541,633,474,513,493,580
540,643,473,526,492,579
538,632,475,524,486,575
538,630,476,523,492,574
527,643,471,525,494,576
536,633,472,526,483,579
542,643,471,509,492,579
529,642,475,527,494,581
529,637,473,521,490,584
540,643,474,524,495,574
539,633,475,527,481,583
541,641,470,516,492,584
535,648,475,519,490,585
531,646,477,515,495,580
527,649,463,524,486,574
528,648,469,527,495,580
525,649,460,527,490,574
539,647,463,520,490,585
534,634,477,526,489,584
531,649,476,525,486,582
534,646,464,513,493,580
538,643,474,514,493,581
532,632,477,517,481,583
539,632,475,524,495,575
535,647,478,514,492,583
527,637,461,525,491,583
535,645,476,520,493,582
530,648,463,521,493,582
529,649,461,523,495,575
536,647,472,513,482,580
528,640,469,525,494,575
536,645,477,515,492,581
540,645,462,519,488,584
534,630,474,526,487,575
532,636,477,524,493,576
537,632,476,528,486,576
527,637,475,515,492,584
542,630,471,514,492,583
539,643,476,516,494,578
540,631,477,525,491,586
541,633,473,529,480,584
533,632,476,527,494,580
540,644,477,515,495,579
535,647,472,527,482,584
539,643,479,514,487,586
540,638,458,525,495,576
532,648,462,527,491,585
535,632,478,524,491,574
539,639,473,527,484,576
540,633,472,529,481,583
536,647,463,516,494,581
537,647,476,524,492,584
538,643,468,525,496,574
536,651,476,519,491,582
539,644,478,516,494,582
537,642,471,517,485,581
535,635,475,526,481,578
530,648,463,528,493,583
541,647,465,529,491,580
538,633,476,530,482,586
538,650,471,525,486,579
528,651,463,527,493,581
539,644,474,528,482,585
541,645,472,515,494,584
537,651,477,524,493,581
539,646,478,528,491,581
539,646,463,526,491,577
538,648,464,521,490,582
540,634,469,517,491,584
533,630,479,525,491,574
539,647,467,525,493,585
539,637,470,515,494,579
532,649,462,517,490,585
537,650,479,518,493,581
541,646,469,516,490,583
542,645,466,519,490,585
539,647,465,519,491,585
540,640,474,526,481,583
546,647,474,511,493,582
538,643,474,528,481,583
542,640,474,516,495,582
528,650,463,527,492,585
537,648,473,527,494,581
533,635,479,523,484,576
541,644,473,515,493,584
535,643,471,528,482,585
537,650,474,514,482,579
536,649,462,524,490,574
539,641,472,527,481,582
526,632,475,523,489,584
542,644,474,514,493,582
540,646,473,529,481,584
530,649,463,523,490,583
544,647,469,519,485,583
529,642,478,524,495,575
536,634,477,514,495,581
526,647,469,527,495,578
544,636,473,528,484,579
524,652,463,527,488,583
528,636,473,520,497,575
541,634,476,526,483,583
538,642,473,529,491,585
525,638,478,517,489,575
532,649,475,525,487,586
537,648,478,516,495,581
528,657,465,529,493,582
537,644,472,524,495,574
537,651,478,515,496,582
539,635,475,525,490,586
533,648,478,522,492,583
539,645,472,516,491,584
539,646,476,517,494,580
536,644,473,527,495,578
538,640,472,525,494,572
537,634,477,529,488,576
536,651,475,523,491,576
534,646,473,516,491,583
539,645,473,515,492,584
527,640,476,523,493,576
539,645,465,519,494,580
534,648,477,521,493,581
540,646,476,517,495,583
538,643,473,528,483,585
540,651,474,526,495,576
526,643,474,524,494,576
536,649,475,515,495,582
539,646,472,529,495,577
541,637,475,517,494,580
541,636,474,526,482,580
540,644,474,526,495,577
528,654,463,525,488,585
526,645,468,525,491,587
526,641,474,526,494,575
536,631,476,527,490,583
535,653,475,526,485,584
526,652,463,526,487,585
535,654,477,518,493,582
540,635,475,524,487,578
538,647,475,515,494,584
537,632,477,526,489,575
527,645,474,530,494,581
537,649,475,524,494,582
534,638,473,518,492,572
535,650,475,529,483,581
540,639,473,529,483,579
531,636,463,522,490,574
540,639,474,516,495,582
535,650,478,513,493,582
536,634,478,523,489,575
526,651,472,521,496,574
535,645,471,524,486,587
536,650,473,524,489,576
528,653,463,528,492,583
540,646,476,529,480,583
536,649,470,516,493,583
540,646,473,516,491,585
533,652,478,524,494,584
533,637,477,525,492,574
541,645,480,515,495,581
528,652,465,529,495,581
528,651,464,530,494,584
538,644,474,530,482,584
540,637,475,523,488,575
536,647,474,527,495,584
531,652,477,514,494,582
536,649,475,525,489,586
532,651,463,528,491,586
539,638,474,527,482,576
535,643,473,523,490,582
530,651,463,527,491,586
525,652,465,527,490,582
539,647,477,516,494,582
525,653,471,528,493,580
528,652,462,529,491,575
534,636,479,524,490,576
536,648,464,524,494,574
536,643,479,516,495,582
541,640,472,528,481,580
527,653,464,530,495,582
531,650,478,522,486,580
541,640,475,528,482,582
532,651,463,526,481,580
538,650,478,517,495,582
530,650,463,524,487,582
537,640,476,526,493,576
541,646,474,514,493,583
536,650,474,528,491,584
534,635,478,523,495,575
533,650,457,526,491,585
541,646,475,516,491,583
535,635,478,524,489,575
529,650,464,519,490,585
537,650,464,523,492,584
540,646,475,515,489,574
535,648,477,517,492,584
529,650,463,530,492,585
536,640,475,524,482,584
531,651,466,526,490,585
539,641,474,529,482,582
528,652,469,529,493,580
537,632,476,526,486,580
529,640,476,527,493,582
540,647,463,524,491,585
527,647,466,523,494,580
537,652,480,524,496,574
536,651,478,518,494,583
538,648,470,523,483,583
537,651,463,523,491,583
537,647,474,529,484,584
538,650,478,523,493,583
532,653,463,526,491,587
533,650,475,529,481,586
534,651,477,524,495,575
534,650,477,520,495,575
540,641,473,529,482,585
536,649,464,521,490,586
537,650,477,513,490,583
539,641,475,529,482,584
528,640,477,524,493,585
535,650,462,523,489,585
540,647,465,520,482,585
541,638,475,528,482,581
536,636,478,520,487,585
536,647,473,526,489,584
537,648,464,522,491,586
534,644,464,525,491,587
537,649,478,518,495,582
538,646,473,525,488,585
527,646,467,528,495,575
528,650,465,531,493,584
537,652,476,525,496,574
540,641,476,528,483,583
526,650,469,527,495,577
537,643,472,529,480,584
526,645,472,528,497,578
537,648,473,529,490,575
534,634,478,526,488,575
532,637,478,524,496,576
528,644,471,527,498,582
539,643,475,519,494,583
534,649,478,520,495,582
539,651,464,524,490,585
539,643,473,529,482,586
537,637,474,531,482,582
533,652,475,529,493,581
527,648,470,527,494,581
525,654,471,529,496,580
533,652,475,526,496,584
527,653,466,529,492,584
531,636,477,525,481,576
536,647,471,517,494,583
535,654,474,530,495,580
538,647,473,530,484,584
537,634,476,515,496,576
527,645,477,519,490,575
529,641,477,525,496,574
532,638,478,525,495,575
528,641,476,525,496,583
527,650,467,530,497,576
539,637,474,529,482,582
539,647,478,515,493,581
537,647,474,526,495,578
527,646,474,515,494,582
536,651,474,531,485,587
540,638,473,523,487,585
533,651,477,521,492,583
534,635,477,525,495,583
537,647,479,526,493,583
535,650,475,524,486,582
536,650,478,522,492,584
529,653,476,527,489,582
537,634,479,524,490,578
528,653,464,528,491,585
525,648,472,527,496,579
538,641,475,516,495,582
532,638,479,523,491,575
536,649,478,519,495,583
541,645,476,515,498,584
535,636,478,524,487,575
527,652,464,528,494,582
538,636,477,526,484,579
537,646,474,530,493,584
536,654,478,520,492,583
535,639,479,525,491,575
528,646,464,526,495,581
541,646,473,517,494,585
539,637,474,527,486,582
539,654,464,528,491,583
540,647,476,516,492,585
540,642,476,529,496,576
531,635,479,526,497,581
526,648,473,525,496,577
538,647,469,531,480,583
530,655,463,530,497,586
535,653,476,525,482,581
539,644,471,530,484,583
540,651,479,520,492,583
527,654,464,530,494,582
540,638,475,527,489,582
539,644,474,529,491,587
527,646,473,525,497,577
540,644,464,521,489,583
541,648,473,515,496,582
541,638,474,527,483,581
538,650,478,518,494,584
536,655,474,524,486,586
537,652,476,532,494,583
537,636,479,526,490,576
539,647,480,517,495,583
537,630,478,525,493,575
533,654,465,528,492,586
539,655,474,526,495,581
528,654,465,528,493,585
532,652,478,521,494,582
528,648,463,528,495,580
538,653,477,524,489,586
539,637,475,525,493,581
528,654,464,529,492,585
535,643,474,528,492,584
535,651,476,531,494,583
537,649,463,521,491,585
536,636,477,526,488,577
533,654,464,527,492,589
536,652,475,527,487,586
536,653,478,522,494,577
529,648,474,527,496,583
532,654,463,529,483,583
534,638,479,524,491,584
541,647,475,515,491,585
534,650,478,524,485,580
540,637,477,527,484,579
537,652,479,524,494,581
529,641,477,527,495,575
539,652,463,522,490,585
539,653,473,517,493,583
532,654,462,527,491,583
535,655,479,524,491,585
539,641,475,513,498,581
527,655,465,529,496,583
544,645,468,529,481,583
531,639,477,526,496,577
524,652,470,527,495,586
538,634,478,525,483,584
537,651,479,520,495,582
527,645,474,528,492,587
539,648,476,510,495,576
537,650,474,528,493,582
539,651,475,529,484,585
528,652,466,527,494,580
531,643,475,525,498,575
539,651,479,517,498,586
540,634,476,524,485,577
536,650,476,524,486,585
532,638,477,524,493,573
527,651,462,529,493,583
541,650,471,529,481,583
526,654,470,530,496,580
535,637,474,528,482,579
537,649,474,528,495,584
527,639,477,525,494,572
538,646,479,515,496,580
536,647,464,526,496,576
540,647,472,515,492,584
527,653,463,528,492,582
532,646,478,515,493,586
535,651,478,525,491,583
534,650,475,522,494,583
527,650,471,527,498,578
526,646,470,530,495,579
537,647,479,514,491,581
538,648,473,529,493,586
534,651,477,519,497,583
531,652,463,525,491,587
540,638,467,515,493,584
540,647,469,515,490,582
532,651,463,527,500,583
540,635,477,525,495,576
527,654,467,529,494,582
535,652,477,521,492,583
536,651,476,529,484,586
538,649,467,521,492,585
529,640,477,523,498,576
539,652,476,528,483,582
525,643,476,524,496,573
528,643,472,524,493,585
538,636,477,523,490,585
533,637,478,525,493,574
537,648,480,515,495,582
537,649,479,514,493,584
537,643,472,529,494,581
537,649,478,523,491,585
526,650,465,529,496,581
534,639,474,515,496,583
528,652,464,528,494,584
537,643,474,528,483,583
532,636,477,523,496,580
537,647,471,529,483,585
536,643,465,524,488,584
531,636,479,525,492,585
527,652,462,527,492,582
529,638,476,525,496,575
534,653,462,527,491,586
540,645,479,526,482,583
534,653,476,527,487,587
537,645,473,525,488,575
533,650,463,527,490,586
536,648,475,529,483,583
528,643,461,526,497,580
533,636,477,525,492,575
529,645,474,526,497,577
532,641,475,524,497,575
540,647,474,515,495,582
537,650,467,520,491,585
538,645,472,527,491,583
541,647,467,516,494,583
539,645,472,528,484,585
541,641,474,528,482,582
536,652,477,521,491,584
540,638,478,515,497,580
537,649,467,520,491,585
537,636,479,525,491,574
540,639,481,514,497,582
540,635,476,521,485,580
541,650,476,515,495,583
531,640,477,526,496,582
532,650,463,526,495,584
528,654,463,527,494,583
540,635,476,525,487,583
535,636,476,524,488,575
538,647,479,517,497,586
539,647,478,515,491,581
541,641,475,528,482,575
542,647,468,520,491,585
539,632,479,524,491,589
530,645,464,523,488,586
537,649,480,518,490,586
528,638,478,525,491,574
540,644,474,530,484,583
535,653,479,522,493,584
534,651,465,526,494,586
536,651,476,521,492,582
535,652,477,526,491,585
529,654,466,528,493,584
533,653,463,528,493,585
535,650,466,521,492,584
532,651,462,526,492,585
536,637,479,525,495,575
532,655,465,529,493,584
537,651,474,528,484,582
538,650,479,519,497,578
539,648,481,519,496,582
529,655,464,528,492,588
540,635,476,527,482,585
531,653,463,528,494,586
538,649,475,530,483,582
534,638,480,522,492,575
536,651,476,525,489,576
539,635,479,525,488,576
529,654,466,527,495,585
537,653,475,529,487,585
529,653,465,528,495,580
537,653,478,521,492,585
535,653,476,526,488,585
537,635,473,528,489,583
529,654,463,527,492,584
531,651,465,530,495,584
535,652,466,524,490,586
537,648,480,515,498,583
527,651,466,526,491,586
540,643,473,529,483,586
527,649,472,517,493,585
540,643,475,529,481,583
528,653,465,526,489,585
529,654,464,529,493,585
539,635,478,526,486,583
537,648,474,530,484,587
543,644,475,515,494,583
530,653,464,529,494,583
535,635,478,525,490,575
530,652,464,530,495,585
541,648,475,530,495,576
533,651,463,526,494,587
538,653,478,521,491,584
536,652,479,517,494,582
541,649,474,515,495,584
541,639,477,526,484,579
540,647,473,515,493,585
541,650,466,523,494,586
538,646,475,527,483,583
542,648,476,515,495,583
531,642,478,526,495,576
542,649,470,518,497,583
537,652,467,521,492,586
538,650,467,522,491,586
542,648,467,515,494,586
537,635,479,524,492,583
529,645,470,528,494,587
531,642,477,526,496,576
536,650,478,520,493,583
536,647,463,526,492,579
541,648,474,516,496,585
532,656,464,527,494,586
540,650,470,516,493,583
541,640,475,525,485,580
536,654,464,524,492,587
526,653,472,527,495,578
540,647,475,527,483,585
537,648,476,519,494,584
542,645,474,525,486,585
541,649,474,527,482,582
531,641,477,522,492,576
534,654,464,524,492,587
542,647,473,527,483,585
540,646,475,527,483,582
533,640,478,521,497,576
542,653,466,518,491,587
545,652,474,514,494,585
539,653,473,527,484,584
545,650,473,514,497,585
543,645,474,526,485,585
539,656,464,522,497,583
543,652,479,526,496,588
529,646,476,524,496,576
529,657,471,525,496,585
529,656,468,525,494,582
536,661,462,526,493,588
532,656,465,525,494,585
535,653,465,519,493,587
544,647,474,526,483,585
543,653,466,518,493,587
543,651,477,512,497,584
532,657,477,523,491,584
543,652,475,515,498,585
541,639,479,524,489,578
539,654,476,525,497,579
539,656,479,518,496,583
531,653,474,524,497,581
537,657,477,522,490,586
541,654,466,519,493,585
535,657,463,525,494,586
542,651,474,526,484,584
537,657,466,520,489,586
539,655,476,516,495,584
540,638,480,523,490,586
539,661,478,520,494,585
543,652,477,513,496,584
539,652,480,516,496,584
538,657,477,525,488,580
540,654,480,515,495,583
541,641,477,523,488,580
530,649,474,526,497,579
538,656,476,526,489,580
544,652,477,513,495,584
537,657,480,522,493,586
536,655,466,521,493,588
544,653,475,513,492,587
525,653,471,526,496,583
538,651,474,527,485,588
536,655,479,520,492,587
527,644,477,524,497,576
542,639,478,525,486,581
541,646,476,525,481,583
539,652,480,514,497,588
536,652,475,527,486,587
536,658,477,522,493,586
541,656,463,515,493,587
538,654,478,515,495,584
527,655,466,520,492,587
535,658,477,525,499,584
532,645,478,524,496,577
530,651,475,521,498,580
538,655,480,518,495,584
538,640,477,525,486,579
540,641,478,524,488,582
541,643,477,526,485,586
538,656,480,519,495,584
531,658,463,527,494,586
535,649,476,527,484,585
538,637,478,524,489,585
539,641,477,526,484,586
535,648,480,522,497,577
525,651,475,526,497,581
540,650,477,515,499,583
532,656,464,526,494,588
544,653,468,520,494,587
537,654,478,526,494,584
536,655,480,516,496,584
534,642,480,522,496,576
539,653,481,517,496,584
538,649,475,526,499,581
539,650,476,526,485,585
537,640,479,523,488,579
527,646,479,524,493,586
542,653,478,512,495,584
536,657,481,521,493,584
535,655,473,524,487,584
540,634,479,525,485,589
537,657,466,524,492,586
541,638,478,525,485,581
536,655,479,518,496,585
542,651,471,513,493,587
537,649,474,530,485,587
539,652,482,513,498,583
526,650,476,526,498,579
536,641,482,523,492,576
527,657,465,528,494,586
542,649,475,527,484,586
533,658,465,525,494,589
541,651,479,514,497,585
535,643,481,521,492,578
535,654,465,525,494,587
542,644,477,525,484,584
539,654,469,520,495,587
542,642,479,524,488,580
541,645,472,515,495,587
540,649,476,527,484,586
532,644,479,522,499,577
541,644,476,531,485,583
538,649,480,515,497,584
540,655,477,528,487,588
538,657,478,528,492,588
537,653,472,514,495,585
527,649,472,526,497,583
541,652,471,516,494,586
535,657,479,522,499,584
529,643,478,526,485,583
527,655,471,527,496,581
537,656,465,521,492,589
541,653,475,514,495,585
535,657,478,525,490,586
540,643,477,526,484,583
527,652,473,525,497,584
531,645,478,522,499,577
541,654,468,519,494,588
539,639,479,519,487,582
531,656,464,525,494,587
533,657,465,526,495,588
538,647,467,512,494,588
530,646,478,523,498,576
537,655,468,519,494,588
536,641,481,525,489,577
537,651,475,528,485,587
530,657,464,524,498,588
536,657,478,523,493,585
541,654,475,516,497,584
539,651,476,527,484,584
541,653,474,514,496,586
535,655,465,525,495,588
532,658,465,522,494,589
533,646,480,524,499,577
541,647,475,527,491,577
536,640,481,522,496,577
534,658,465,525,494,578
541,656,465,521,492,588
529,646,478,524,497,578
533,657,464,524,494,588
533,656,482,518,497,583
528,654,475,525,498,579
540,651,473,514,495,577
536,652,480,515,496,580
536,655,465,523,494,588
539,646,471,515,494,587
536,658,479,523,490,587
533,643,481,523,495,577
536,638,481,524,492,577
528,658,473,528,497,581
537,656,478,526,493,585
538,653,476,525,489,586
541,645,475,525,486,583
540,651,475,524,485,585
540,653,481,515,497,583
536,649,474,516,494,584
541,650,477,513,498,584
540,649,478,514,498,584
534,649,466,519,493,587
540,651,472,528,484,586
533,649,461,520,494,584
529,645,469,527,496,581
528,646,467,527,497,584
545,644,466,521,493,587
543,636,461,529,495,585
539,644,460,522,492,587
537,635,472,527,484,586
540,642,471,527,487,586
535,628,474,523,497,576
529,637,467,527,497,584
542,624,473,525,489,577
542,643,470,527,486,585
528,637,467,528,496,582
532,642,460,525,494,587
544,637,467,515,495,587
530,634,471,524,497,579
530,633,467,527,499,579
537,643,474,522,493,585
541,638,468,531,487,588
540,639,469,529,487,587
542,637,469,528,483,587
530,637,466,528,496,583
537,637,463,518,493,588
543,629,463,515,494,589
540,638,473,515,496,584
531,631,472,525,497,578
539,627,470,525,486,583
541,628,471,526,485,583
539,627,473,523,487,579
532,629,473,522,498,578
543,633,471,528,485,585
542,634,465,516,492,584
542,638,466,515,495,588
541,627,473,524,488,579
531,642,460,526,495,588
527,642,461,527,491,583
534,633,471,521,490,584
538,627,472,527,486,580
537,639,469,514,497,584
539,625,472,526,487,580
539,628,468,527,485,582
540,635,469,515,495,584
530,627,474,523,493,575
533,645,471,526,489,578
533,640,459,526,493,587
537,629,474,527,485,582
531,626,476,525,492,576
524,637,470,526,497,578
537,626,474,526,491,577
535,643,476,523,495,584
532,643,474,526,490,586
536,632,472,531,483,584
537,641,478,518,496,583
539,627,475,528,483,580
529,644,462,529,499,586
532,630,476,525,494,576
535,643,477,512,492,583
528,648,462,528,494,586
532,645,459,525,491,588
540,632,473,526,485,583
532,631,474,527,488,584
531,644,461,529,493,587
540,629,472,527,486,583
539,639,471,515,494,585
538,642,476,515,498,584
527,644,468,528,496,580
537,641,475,516,496,584
537,646,461,522,493,587
535,647,477,521,495,585
540,643,471,516,495,586
535,644,463,525,493,588
527,640,472,525,497,576
531,649,462,527,494,588
542,643,465,521,493,586
538,647,462,524,495,589
537,647,473,532,486,587
538,638,471,530,484,586
527,638,467,527,494,577
535,647,473,531,488,588
534,637,473,521,494,574
541,647,477,531,494,585
540,642,473,529,483,587
545,637,472,527,487,580
539,646,469,518,496,583
540,648,466,521,494,588
541,648,468,519,495,587
537,649,471,529,484,588
538,642,472,529,485,588
530,639,475,528,499,577
528,648,468,532,489,587
524,646,477,527,499,577
534,653,462,529,493,588
535,642,477,526,493,577
535,656,464,528,495,589
536,657,472,520,494,583
534,656,473,531,486,588
531,644,476,525,497,577
528,650,472,530,497,580
540,651,465,522,494,589
540,638,475,528,485,586
536,636,478,526,493,579
535,652,475,529,487,590
539,653,478,517,497,586
535,651,478,521,495,586
537,654,474,522,490,588
544,644,473,530,486,585
520,652,468,530,498,584
540,648,478,518,497,586
532,639,477,526,493,577
530,648,473,528,498,580
535,640,476,527,496,578
538,647,470,531,484,586
532,653,462,526,494,590
526,652,471,519,493,582
532,639,476,526,493,577
528,648,473,530,497,581
538,649,474,518,496,586
539,650,472,530,485,585
536,654,464,526,494,590
539,643,473,529,483,585
542,654,477,515,498,586
535,637,477,525,493,578
527,646,475,526,499,579
535,651,463,523,493,590
537,654,464,525,494,590
538,653,480,519,496,584
540,650,476,511,497,585
541,650,472,513,495,588
526,655,469,529,497,583
538,648,472,517,497,586
528,657,462,532,496,587
539,649,472,518,497,586
536,651,473,526,497,578
533,651,478,515,500,585
527,646,473,527,500,582
540,650,473,517,496,585
527,657,465,531,498,585
536,652,466,522,496,586
538,655,462,531,496,586
539,651,478,516,499,584
541,643,474,529,485,578
536,652,475,531,487,589
538,651,473,513,497,587
528,652,464,528,494,589
537,654,479,522,495,587
539,652,480,521,497,582
538,650,479,518,496,585
538,650,471,515,498,587
541,644,476,528,486,586
539,635,477,523,491,578
531,654,461,529,490,585
540,640,475,528,487,583
539,650,483,514,498,586
534,644,462,527,490,589
533,637,479,525,492,577
527,648,472,528,498,582
533,649,475,528,487,589
540,651,476,515,499,586
534,640,477,525,495,578
531,642,479,523,493,579
527,656,472,527,498,584
540,653,466,521,495,587
537,652,480,517,496,584
539,650,474,516,495,586
525,651,471,531,497,587
530,654,467,525,495,588
534,653,478,523,496,587
537,640,478,526,486,581
532,640,479,523,494,580
540,641,478,526,483,582
535,639,479,526,492,582
535,652,466,522,494,578
529,653,464,527,495,587
536,655,477,522,495,586
538,638,477,527,488,582
535,652,480,520,496,585
531,639,480,523,498,577
536,640,479,523,492,579
528,640,480,524,498,579
527,649,476,527,497,582
538,638,478,525,488,582
537,648,476,516,497,586
535,651,475,529,486,587
529,641,480,522,498,578
531,655,478,524,491,586
534,652,478,527,490,588
530,654,464,530,495,588
539,651,467,521,494,587
529,652,467,524,494,590
526,648,476,525,498,581
529,637,482,525,496,578
532,652,476,526,492,588
525,655,473,529,499,581
532,649,477,516,496,585
531,654,465,528,496,585
537,649,473,528,486,587
531,642,480,524,495,579
532,655,466,527,496,588
540,646,476,526,484,585
525,651,469,529,497,584
535,652,481,522,495,587
527,647,476,527,498,580
536,638,478,525,491,578
536,638,480,524,495,579
526,650,472,528,498,581
535,655,478,522,492,588
526,652,475,528,497,582
538,650,471,521,493,588
528,654,465,530,495,585
534,651,466,524,494,588
527,641,480,526,498,578
531,653,465,525,493,590
537,647,476,517,496,585
537,650,481,518,495,585
533,653,480,519,495,587
534,651,476,528,488,587
532,652,476,527,488,588
530,654,466,527,494,589
524,650,473,520,498,581
536,655,476,529,493,590
536,652,465,524,495,590
537,639,479,526,491,578
538,647,476,516,495,586
526,646,477,526,499,579
539,649,477,516,496,585
527,645,478,524,496,580
526,650,472,528,497,586
537,651,476,531,487,588
539,645,477,527,485,585
538,647,477,524,490,582
538,637,479,528,486,584
537,652,477,527,498,578
539,651,468,529,493,589
536,653,476,526,494,588
535,651,467,522,488,588
536,649,481,528,485,587
526,645,474,526,498,581
529,653,465,527,495,588
536,656,476,526,491,588
532,654,477,528,489,579
538,643,480,524,494,578
529,653,466,526,494,589
537,641,477,527,485,583
534,652,479,519,498,587
535,651,479,517,497,587
529,644,467,527,495,589
534,651,476,527,490,588
534,654,481,521,494,582
528,651,473,525,498,582
527,651,473,528,497,584
537,649,481,518,499,585
531,654,463,525,493,588
534,654,478,525,494,582
538,638,478,515,495,585
539,649,473,515,495,578
535,651,479,528,495,588
536,650,477,528,487,589
528,650,471,526,498,581
537,648,480,518,499,586
535,653,477,530,491,588
538,645,476,527,484,585
539,646,472,518,497,587
535,650,466,523,494,589
533,651,478,524,495,584
538,638,471,528,482,580
528,648,469,525,494,586
535,638,480,525,494,579
535,652,479,522,497,585
532,645,480,525,500,579
539,649,466,521,491,586
536,644,475,528,487,587
537,637,473,526,489,580
538,648,473,519,494,586
537,636,478,527,487,583
523,655,469,529,496,589
525,648,478,525,498,579
525,650,475,528,498,582
536,643,481,516,498,586
535,649,477,529,487,590
539,645,476,528,486,586
540,649,472,513,498,584
537,647,481,516,497,584
540,645,476,529,485,587
534,650,469,523,493,588
534,652,467,524,493,589
532,651,466,525,494,590
536,648,479,519,497,585
538,646,478,517,497,585
530,652,466,528,497,586
540,643,477,528,487,583
540,636,480,526,489,583
540,638,479,525,489,581
536,653,479,525,491,588
533,651,467,525,494,587
541,648,472,518,496,586
534,645,477,531,485,585
541,647,472,517,495,587
528,653,467,527,497,586
540,648,480,513,498,586
536,637,481,525,492,579
535,652,480,520,497,586
521,649,473,530,498,585
529,639,479,524,499,577
535,639,480,524,496,580
540,648,478,517,498,586
539,647,476,517,496,586
530,643,481,524,496,579
524,648,475,526,500,582
540,647,483,516,499,584
537,646,475,529,486,588
539,642,474,528,487,588
536,636,481,527,493,579
529,644,476,528,498,581
540,648,473,515,496,585
540,649,473,517,498,587
529,642,480,524,501,578
529,652,465,527,494,588
538,636,480,526,488,582
536,645,476,528,486,587
537,649,470,531,485,586
537,649,467,525,495,587
536,652,475,527,487,588
538,652,478,517,499,586
528,648,474,528,497,584
537,648,481,518,499,585
539,646,478,517,498,586
526,645,472,529,501,584
531,650,465,528,495,590
537,635,480,527,491,579
526,650,472,527,499,581
533,648,480,520,498,585
528,654,464,527,494,589
539,646,473,518,496,587
536,648,478,519,499,583
537,647,474,530,488,589
528,653,464,529,496,585
541,637,476,527,486,582
539,647,474,528,489,585
540,636,476,526,487,581
536,649,478,520,499,586
526,648,475,529,498,579
539,645,473,529,487,587
527,653,464,529,497,587
527,652,462,532,498,588
534,652,476,527,499,587
538,647,474,530,486,587
536,645,471,524,497,590
532,638,478,528,496,580
533,651,476,528,491,588
531,640,476,525,497,577
537,649,477,529,488,588
529,651,466,528,494,586
535,652,480,522,497,586
538,647,475,529,487,588
538,642,474,531,487,585
540,637,476,527,487,582
539,647,479,516,498,587
535,648,479,518,498,584
537,636,479,527,493,579
536,643,464,526,493,587
541,647,469,519,493,588
539,650,469,524,494,588
524,650,466,532,496,584
526,645,472,530,498,580
538,640,475,529,486,584
539,645,476,527,486,587
528,654,467,529,494,589
533,652,477,526,492,589
538,636,478,528,490,580
539,647,472,523,494,585
531,652,466,528,495,590
539,647,472,520,495,587
534,651,467,525,493,587
528,654,473,530,497,584
539,637,479,528,487,581
532,636,481,525,494,579
529,651,468,530,495,586
533,638,479,526,496,579
536,650,480,518,499,586
537,642,480,519,498,585
540,646,477,520,496,586
535,650,468,524,494,587
535,650,476,528,488,588
529,651,465,528,496,590
538,645,473,520,496,587
536,647,473,530,486,588
538,646,474,530,486,589
533,636,480,526,492,579
530,652,467,528,496,589
537,647,479,518,497,585
537,645,477,520,497,583
535,636,479,526,494,579
540,648,468,522,494,589
525,650,463,530,496,586
538,642,474,530,485,584
534,654,472,529,498,584
534,649,476,530,488,589
524,639,478,525,498,579
538,646,477,518,497,586
525,646,472,528,498,583
525,646,476,529,500,581
534,654,481,524,496,586
538,637,477,530,487,581
538,646,480,517,497,584
538,646,478,519,498,586
536,636,480,525,497,581
536,647,479,517,498,584
533,652,476,527,492,587
537,648,472,518,495,587
538,649,472,519,496,587
530,639,479,526,495,579
526,643,476,528,499,580
532,654,474,528,490,588
538,647,474,518,498,586
525,653,468,531,496,586
539,643,474,517,498,586
538,646,478,530,485,585
540,649,470,523,494,579
526,646,467,531,495,586
527,643,477,526,500,580
535,652,477,530,487,587
530,639,480,526,494,579
527,646,476,527,499,579
531,638,480,526,497,579
524,648,475,529,500,582
531,637,481,527,496,578
537,647,474,516,497,587
537,650,476,529,488,588
537,648,476,517,497,586
529,638,480,525,493,579
538,638,477,529,486,582
537,648,470,519,496,587
530,638,479,526,500,578
525,638,479,526,497,578
535,651,476,525,492,588
532,644,465,530,496,590
537,636,476,527,491,584
538,648,476,528,498,581
534,648,479,520,497,583
523,647,475,527,498,580
536,636,479,527,493,579
528,651,464,529,496,587
533,637,481,527,491,579
524,650,473,530,496,585
535,650,476,531,487,588
536,647,468,527,495,586
537,637,479,526,488,582
524,647,473,530,498,583
524,650,464,531,495,590
537,648,471,518,496,586
533,651,467,526,494,588
539,647,469,520,496,586
526,657,472,532,498,585
538,639,476,530,488,583
529,651,465,526,495,589
527,647,476,527,498,580
535,650,476,531,488,588
533,650,475,529,488,588
536,645,467,523,492,589
534,652,478,526,495,586
526,652,468,530,496,585
535,647,474,518,498,586
532,637,481,528,495,579
534,649,475,531,486,587
528,637,481,527,495,578
528,651,464,529,496,589
532,650,480,518,498,586
527,644,477,527,498,581
526,643,477,527,499,580
535,649,468,522,494,588
534,650,481,519,498,585
526,652,466,529,494,588
534,637,478,526,494,579
534,652,480,521,497,584
536,652,467,523,498,587
537,648,476,531,486,588
537,646,479,519,498,586
527,652,467,528,497,588
534,651,475,528,491,588
536,646,475,531,485,586
535,648,475,531,486,587
539,638,480,528,488,582
537,638,478,527,490,581
532,652,476,527,492,587
536,637,479,529,491,583
537,640,477,527,489,584
532,650,479,522,496,584
526,646,476,529,499,580
536,649,471,516,497,586
534,653,467,525,494,587
534,649,475,529,486,587
534,652,467,522,494,587
529,642,481,518,494,577
535,650,482,518,499,584
528,636,475,529,497,587
535,647,481,519,499,584
525,648,474,527,497,580
533,652,467,523,495,589
535,637,477,527,491,580
525,653,465,530,496,588
532,650,468,527,498,587
530,654,476,529,492,588
537,647,478,517,499,585
531,653,477,526,493,587
534,644,476,526,488,585
532,654,479,524,497,587
537,648,476,529,485,587
523,648,473,529,499,584
533,637,480,526,496,579
531,637,481,526,494,578
537,647,474,521,498,588
532,653,478,526,491,587
532,654,478,528,493,587
536,647,478,518,499,585
533,651,466,524,493,589
533,639,481,525,497,585
522,655,470,530,498,587
525,655,468,529,496,588
529,639,481,527,494,579
533,637,480,527,494,578
535,655,477,527,491,586
536,638,466,529,500,582
535,638,479,527,491,578
531,653,479,523,495,587
538,641,478,529,485,583
531,652,465,529,497,589
523,647,472,531,497,585
524,650,468,531,494,585
538,647,477,530,485,577
531,650,466,526,493,587
537,647,475,521,497,579
533,649,476,530,488,589
535,635,480,528,493,578
535,643,481,522,498,586
536,649,481,520,498,586
533,637,481,526,494,579
533,634,475,528,489,575
526,643,478,526,499,575
534,634,481,527,493,577
533,637,483,528,497,580
533,655,479,526,495,587
531,656,479,526,491,587
527,644,478,526,499,577
523,643,477,527,499,579
528,642,479,530,499,579
531,652,479,528,487,588
532,640,479,528,489,579
533,654,478,528,491,588
534,645,465,529,494,589
534,654,478,528,491,586
529,655,465,529,496,588
531,638,482,526,491,579
534,650,476,532,488,586
535,648,477,531,486,587
537,648,473,517,497,587
523,648,462,530,498,587
532,654,479,528,492,587
537,655,467,522,496,590
534,652,480,520,496,585
536,650,482,517,495,585
527,655,466,530,496,578
523,656,467,530,496,588
536,650,473,518,495,586
531,654,479,528,494,587
523,647,475,528,498,580
531,655,479,529,492,588
532,638,481,528,494,577
524,646,476,529,500,579
533,651,478,532,485,589
527,634,480,526,500,578
534,651,482,521,494,586
533,636,481,527,494,578
535,636,483,526,496,578
535,649,480,516,499,586
534,652,476,522,493,584
528,638,476,531,487,587
518,647,474,529,498,583
524,650,477,530,504,580
526,648,473,528,500,585
538,651,473,521,495,588
534,654,484,520,497,586
534,653,477,531,487,587
536,648,481,519,500,583
526,654,467,530,496,586
538,650,481,522,497,583
518,654,469,532,498,584
534,651,473,527,486,588
534,645,478,530,486,587
533,651,481,524,497,585
533,652,480,525,493,586
522,656,465,528,496,588
536,651,477,530,488,589
523,650,471,530,498,583
536,651,474,519,496,586
524,644,479,527,500,580
524,647,470,531,498,585
523,653,472,530,497,585
531,654,466,526,495,589
527,647,479,526,499,581
535,651,474,522,496,588
532,653,481,524,495,586
538,650,467,523,483,586
532,639,481,526,498,576
535,640,474,530,487,579
523,653,473,530,498,581
538,639,473,528,494,584
536,651,475,518,496,587
532,655,464,529,494,590
537,649,469,523,493,588
529,652,466,529,494,589
528,655,466,526,493,589
522,651,475,529,499,582
525,647,477,525,500,578
525,644,479,525,499,579
536,650,482,517,497,584
531,655,480,526,494,586
534,651,477,531,487,588
536,649,482,519,497,586
527,653,467,528,496,589
536,647,477,529,486,585
535,651,481,518,499,584
533,651,478,530,487,587
537,648,476,518,495,586
525,654,469,530,497,585
536,649,482,518,498,585
536,647,471,521,495,588
535,647,484,516,498,585
532,653,467,531,494,588
531,654,480,527,491,588
523,652,475,527,500,580
533,653,467,522,493,589
534,636,482,524,494,580
531,641,483,525,497,578
536,649,479,512,497,588
525,648,477,527,498,580
535,654,482,520,496,584
525,650,475,530,498,581
538,654,472,519,495,588
528,652,482,520,498,584
533,652,480,528,490,588
536,643,478,529,487,583
533,651,479,528,492,589
529,652,467,526,496,588
527,642,481,526,495,578
534,652,473,530,486,588
524,646,478,528,499,579
536,651,476,518,498,587
538,649,479,516,495,585
534,651,482,517,499,585
536,646,479,530,486,584
535,651,483,516,499,586
536,653,469,517,495,586
530,653,475,526,489,586
536,656,477,531,502,583
534,652,479,518,499,578
531,655,484,527,493,586
525,652,482,519,498,589
537,648,475,516,497,589
537,652,473,524,486,585
534,650,483,518,499,585
536,652,476,517,499,586
523,647,476,526,500,581
537,639,481,527,489,582
525,648,478,525,497,579
527,640,482,525,496,578
536,640,478,528,488,583
538,651,473,518,498,588
538,652,478,516,497,587
534,651,476,529,487,589
537,633,479,524,492,584
530,642,482,525,497,578
540,653,467,517,496,587
532,653,477,528,488,588
538,648,478,517,495,585
533,655,485,530,485,586
538,649,470,518,494,586
536,651,476,518,497,585
538,646,478,530,487,587
527,643,480,528,500,579
530,642,482,526,502,578
532,655,466,527,494,590
538,650,474,519,496,589
536,654,470,522,486,587
524,647,480,526,499,579
532,654,466,527,494,589
527,646,479,526,500,579
533,640,481,526,493,579
535,651,481,516,498,578
531,644,480,524,498,578
527,640,481,522,503,578
538,650,477,516,497,586
532,653,479,526,493,588
531,643,481,525,495,579
540,653,474,519,495,587
531,641,482,525,498,579
537,652,468,523,493,588
534,655,479,528,492,589
536,653,481,521,495,585
536,639,479,527,488,581
527,649,479,517,499,585
534,655,469,520,495,587
536,641,468,529,496,585
534,654,479,517,499,585
536,646,477,529,489,588
535,654,467,523,494,587
535,659,480,526,495,587
533,649,480,516,498,586
538,640,480,526,491,582
537,651,478,517,498,586
535,653,482,521,497,586
536,652,482,517,499,585
531,641,483,523,493,580
537,641,479,521,494,586
538,650,479,517,498,587
538,654,483,517,498,586
524,651,476,528,500,581
534,654,479,529,491,589
536,641,481,526,489,581
535,642,480,526,489,582
531,638,484,525,496,579
528,657,469,531,496,588
529,654,467,528,497,589
537,650,480,516,497,589
534,653,468,526,496,588
537,652,473,521,495,589
521,648,475,527,499,582
536,653,483,519,500,586
527,652,477,526,501,580
537,641,477,527,490,586
526,654,475,529,498,585
533,655,481,525,496,586
533,657,480,525,492,589
537,656,479,526,493,588
525,656,473,528,498,587
524,649,473,526,500,581
537,653,481,520,498,586
525,655,471,530,498,584
532,654,481,524,495,587
528,645,480,525,500,580
524,654,470,531,497,584
536,653,483,519,498,588
537,652,481,516,498,586
537,651,483,518,501,586
536,653,479,530,490,588
540,652,477,518,498,587
526,649,482,526,500,581
531,656,468,527,496,591
536,653,482,518,497,585
532,653,476,529,487,588
536,647,476,529,487,588
539,640,479,527,488,582
537,652,475,518,497,586
535,647,467,525,495,587
537,646,478,530,485,587
533,656,479,525,492,587
540,651,478,516,499,586
533,653,483,524,496,587
531,653,469,526,494,589
530,643,482,526,495,578
538,657,469,523,495,588
537,642,480,527,489,581
537,650,477,516,498,585
534,652,481,522,497,585
538,636,480,527,494,581
535,636,483,526,492,579
537,645,474,530,486,587
540,639,479,518,498,586
536,631,479,525,491,579
530,646,466,528,495,590
539,633,475,522,487,583
537,641,480,518,500,586
531,632,478,526,498,580
524,638,475,528,498,581
538,626,478,526,490,581
536,638,476,525,491,587
539,634,471,520,496,588
540,628,476,529,487,587
535,638,465,524,495,590
531,639,463,528,497,589
535,637,480,521,495,588
541,629,470,519,496,587
529,639,471,528,498,584
538,636,475,531,488,589
536,623,480,520,499,587
529,633,475,528,499,581
539,627,479,527,490,579
527,637,473,527,498,581
542,622,478,527,488,583
535,640,465,525,496,590
538,642,465,527,494,589
537,643,479,522,495,587
536,629,478,527,488,583
533,630,479,525,499,581
543,636,475,527,487,587
541,642,466,517,499,586
537,641,477,530,497,580
540,639,476,529,485,586
535,644,465,526,496,588
542,642,468,523,496,589
540,642,480,518,498,586
529,645,469,528,502,585
536,638,476,528,486,586
540,649,468,521,495,589
537,641,476,529,486,588
527,646,472,529,500,585
537,650,479,523,495,587
527,640,476,525,500,582
526,650,474,528,499,585
533,646,466,525,495,589
540,633,479,527,484,586
532,647,478,525,492,588
536,631,480,524,494,580
539,642,477,531,486,587
535,640,477,529,486,586
531,650,467,528,497,588
541,642,479,517,496,587
531,636,480,526,500,579
538,647,478,529,492,589
539,644,481,515,499,584
539,637,479,527,485,586
528,644,476,525,499,581
524,649,469,529,497,586
529,644,475,529,498,582
536,648,481,521,496,587
539,641,476,528,487,588
539,648,468,524,494,589
540,645,477,530,488,589
535,645,482,524,495,587
541,644,471,523,497,588
535,644,478,529,486,589
538,647,477,530,486,589
537,648,480,521,495,586
530,649,466,527,496,587
534,635,482,523,499,580
529,649,469,528,497,586
532,638,481,525,499,579
529,639,478,526,498,580
528,646,471,529,497,586
535,646,466,522,494,591
539,643,470,522,496,587
528,649,468,529,495,587
536,649,480,521,494,588
541,643,482,516,498,587
541,643,474,517,496,588
540,650,482,520,498,587
534,635,482,525,495,579
527,640,476,527,499,581
536,647,479,526,495,587
535,652,479,524,491,589
526,648,467,527,496,588
535,627,479,526,492,578
537,648,468,522,495,589
538,647,482,518,499,587
541,646,470,522,495,590
537,645,469,521,494,589
540,646,481,518,499,586
537,645,468,521,494,588
528,650,469,529,497,590
537,648,481,521,494,586
531,635,479,524,500,581
535,647,478,525,491,588
534,647,466,524,496,589
532,639,480,523,500,580
540,646,483,516,499,585
535,633,482,523,494,581
539,632,480,521,489,588
536,632,481,525,490,579
540,639,478,529,486,587
538,644,479,515,499,586
538,645,482,521,497,587
529,638,479,524,499,579
541,633,481,528,488,583
535,644,481,517,500,585
541,643,474,517,499,587
541,634,478,527,487,584
541,633,480,525,489,583
536,647,467,526,495,591
535,645,481,526,492,588
535,647,478,528,491,589
535,649,480,524,493,588
529,639,480,526,498,581
539,643,474,531,487,588
530,638,480,524,499,579
537,646,482,516,499,588
536,650,481,519,498,588
533,628,478,523,496,577
536,647,480,517,499,584
537,633,483,523,494,581
538,639,478,529,488,589
535,634,478,524,494,580
535,633,483,524,493,579
537,646,483,516,497,585
540,636,479,526,487,584
532,636,483,516,491,580
535,647,467,525,496,591
530,640,478,525,498,581
535,635,484,524,496,579
539,646,468,521,496,587
542,634,479,525,492,584
535,635,481,523,493,579
540,645,476,515,496,588
535,650,481,524,495,588
528,651,468,527,495,588
535,649,467,526,495,589
531,649,468,527,495,590
538,644,482,516,500,585
526,653,475,526,499,585
541,646,476,516,496,588
528,649,467,527,496,587
539,636,479,525,488,583
530,651,468,527,497,591
533,638,483,523,496,579
532,638,482,523,494,579
538,648,469,521,496,588
537,650,478,526,490,588
536,648,470,522,494,588
537,647,484,516,497,584
540,646,476,516,495,585
536,645,470,523,496,589
538,646,475,531,486,587
536,649,481,523,493,588
534,649,483,518,497,585
539,634,480,524,487,582
538,646,476,527,488,587
530,650,467,526,497,587
538,642,477,526,486,586
541,646,473,513,496,589
540,646,477,530,487,588
537,649,479,517,498,583
536,647,477,526,489,589
539,648,467,524,494,588
535,648,478,524,490,589
538,648,481,515,499,585
542,644,475,528,485,588
538,628,480,523,485,581
529,650,466,527,496,590
542,647,480,512,498,587
540,646,473,518,499,585
528,636,481,524,499,580
538,652,481,521,497,587
536,649,479,522,496,587
540,637,478,526,488,586
536,651,478,518,499,588
538,641,482,516,497,585
534,644,480,526,487,579
529,651,470,526,496,591
523,645,472,528,499,582
529,639,480,523,493,579
536,646,470,520,493,589
524,648,474,525,499,583
539,644,477,528,487,586
541,647,470,520,495,589
534,637,481,522,499,579
534,635,482,525,493,579
537,649,469,521,493,589
528,648,477,527,500,582
535,645,479,519,495,588
530,635,476,522,498,581
534,637,483,523,496,579
541,647,471,520,496,589
541,635,481,523,487,585
542,644,476,516,498,589
527,652,470,528,499,586
540,636,478,527,488,583
540,644,479,514,499,588
538,648,483,519,498,587
533,636,480,523,498,581
528,646,475,525,497,583
542,647,473,517,495,588
540,633,480,525,494,587
537,648,469,528,499,582
530,649,466,526,495,590
532,647,478,528,488,588
529,637,481,525,497,580
529,649,467,527,494,588
536,651,480,528,492,588
538,641,476,527,485,587
541,630,482,525,488,582
538,646,468,521,500,579
535,646,482,523,494,579
540,646,474,517,497,586
538,646,474,528,486,587
536,651,483,518,498,586
535,652,482,523,493,588
531,652,467,528,496,589
531,641,481,522,499,580
527,646,477,526,498,582
542,647,478,516,496,586
534,636,481,524,495,578
540,634,482,524,490,581
534,651,479,527,489,588
540,645,479,515,497,588
541,646,473,518,495,588
538,651,480,523,495,587
537,645,483,515,498,586
538,648,466,524,493,590
530,641,476,525,499,581
532,650,479,525,493,587
540,644,479,523,486,587
533,648,482,523,495,587
539,647,468,522,494,589
533,637,481,525,497,579
527,651,469,529,497,586
540,642,480,528,481,581
540,644,477,527,485,588
543,645,473,517,495,588
542,637,477,526,485,585
538,647,481,517,499,588
527,647,475,527,500,583
539,636,479,527,487,582
537,634,481,524,492,580
524,650,467,528,496,586
535,633,482,525,495,580
541,642,477,528,486,585
531,651,467,527,496,591
538,647,481,516,495,587
534,636,483,524,498,579
531,638,481,525,496,579
538,633,483,522,495,579
542,635,478,525,487,583
540,643,477,516,496,588
539,644,477,529,485,590
537,634,481,525,491,579
536,649,481,521,496,587
537,646,477,528,487,587
535,636,481,523,488,587
536,651,481,523,498,587
538,648,468,521,493,589
543,646,471,517,496,588
532,651,467,528,495,593
530,652,468,528,497,591
541,650,479,527,487,586
542,635,480,526,487,583
528,650,470,528,495,585
543,647,479,515,496,587
543,641,474,522,487,584
539,648,474,526,487,585
542,647,474,519,496,588
534,641,477,529,487,588
537,632,481,526,490,579
542,645,473,529,486,587
539,635,479,529,487,587
534,649,468,526,495,590
527,645,476,527,498,581
537,645,476,530,487,588
541,646,468,518,495,588
536,651,466,524,497,591
542,647,477,516,499,586
537,652,462,521,495,591
539,650,481,518,502,587
541,634,482,526,491,583
542,647,482,517,497,586
530,645,464,526,497,591
544,645,476,518,497,587
540,648,483,518,499,587
527,647,476,525,502,582
533,651,467,524,497,589
541,647,483,516,501,585
536,637,482,524,498,579
529,645,478,526,498,580
528,640,482,525,497,577
539,640,478,529,486,586
537,639,482,526,498,579
536,652,477,525,491,590
533,651,468,528,495,589
534,652,468,525,496,594
537,652,478,527,492,588
540,636,483,524,492,581
539,638,482,524,492,581
538,649,479,526,495,587
536,636,483,525,497,578
538,650,482,521,496,587
528,646,476,528,498,583
529,649,472,529,500,585
533,639,483,524,502,578
542,649,472,522,495,589
528,648,473,529,498,586
528,648,472,527,497,583
542,645,483,514,499,587
541,644,473,519,497,588
531,642,478,526,501,579
528,643,477,525,501,581
540,645,478,528,488,589
536,639,465,524,492,591
542,641,473,516,497,589
531,648,467,527,495,589
543,635,478,526,489,583
539,646,480,524,494,587
538,641,468,526,496,590
536,645,477,526,492,589
539,645,480,516,499,585
541,642,479,516,499,587
538,647,479,528,487,589
540,633,480,526,487,585
541,642,474,516,499,587
539,645,476,530,487,589
528,647,468,529,499,588
541,642,481,517,498,586
542,633,479,525,488,584
541,643,478,515,500,586
536,632,482,523,500,586
529,647,468,527,487,583
542,642,477,515,497,588
528,644,473,528,500,588
539,647,480,520,498,587
541,642,474,517,496,588
540,642,477,521,486,584
539,631,479,526,489,580
542,644,476,517,497,587
537,636,478,527,485,585
541,643,473,518,500,588
528,643,474,528,499,583
541,633,476,527,500,582
530,643,477,525,499,581
535,645,480,527,490,588
537,648,467,524,493,589
534,631,483,524,494,581
541,631,479,524,491,581
534,636,479,524,499,579
541,637,479,526,488,585
543,644,473,514,498,587
541,641,477,528,484,588
530,647,470,527,497,587
539,643,478,526,489,588
537,633,481,525,496,579
540,644,481,515,499,579
539,636,482,524,497,580
531,640,480,527,492,590
541,633,481,527,488,584
530,648,471,528,499,586
527,644,475,525,499,581
542,640,478,528,489,585
538,646,481,515,499,587
528,648,476,527,499,583
536,646,479,528,489,590
534,633,483,522,497,580
531,649,467,527,495,589
540,643,483,517,500,585
541,642,476,527,486,587
535,645,476,529,486,588
541,635,480,525,489,583
529,647,476,526,499,584
542,644,475,516,496,589
531,647,467,527,496,585
540,633,481,525,497,579
542,646,478,515,499,585
532,636,481,525,499,579
539,647,471,520,497,588
541,628,479,523,495,583
542,634,478,528,495,579
544,639,477,527,487,586
542,648,469,515,491,583
542,643,479,525,499,581
539,648,477,525,496,592
528,646,476,517,497,590
540,643,477,517,497,586
536,628,481,526,493,584
527,644,476,528,499,583
543,637,475,515,495,588
537,645,479,525,493,588
528,640,477,525,499,582
542,640,469,524,492,587
532,635,476,525,499,581
538,640,478,526,490,589
535,627,480,525,494,579
539,623,480,526,495,579
530,633,478,528,498,582
534,625,480,523,497,578
529,637,468,531,497,586
537,634,468,522,495,590
528,636,465,530,495,589
541,627,477,529,487,586
539,620,481,526,494,579
534,636,466,527,494,590
542,628,476,528,489,585
544,632,475,515,496,588
532,626,479,526,497,579
540,629,476,527,487,588
540,622,479,526,491,583
539,622,481,527,492,582
542,632,474,519,497,588
541,632,481,518,499,586
536,640,465,525,496,590
531,638,467,530,498,588
531,637,467,530,495,591
528,635,469,527,497,584
539,635,470,522,496,590
532,626,481,526,496,578
538,635,482,523,496,587
535,637,467,526,495,590
540,633,485,516,497,588
539,623,480,526,489,585
539,628,477,531,487,588
542,624,477,526,487,583
539,632,478,529,487,587
536,639,481,527,494,587
542,636,470,524,494,589
541,633,476,517,498,586
528,641,473,522,499,585
536,636,466,526,493,589
537,637,480,524,494,587
541,635,474,517,495,587
542,633,477,527,485,587
530,634,475,527,499,582
531,635,469,527,498,584
543,631,478,517,499,586
529,634,472,530,497,586
538,622,481,526,488,582
530,628,477,527,500,582
529,638,470,528,498,587
539,624,482,526,492,579
542,618,477,526,490,581
538,621,483,525,492,578
541,629,478,528,488,584
538,635,478,526,488,588
541,625,480,527,488,583
536,623,482,523,494,580
542,625,478,528,490,586
540,635,469,521,495,590
537,633,480,519,501,587
541,621,481,524,494,580
538,635,467,525,495,589
544,633,471,519,496,590
541,632,474,516,498,587
543,633,477,517,497,587
538,622,480,527,492,580
529,631,467,530,497,584
536,636,466,526,493,590
530,629,468,529,497,589
531,630,480,524,499,579
539,621,480,525,491,580
538,636,477,525,491,589
542,640,471,521,494,589
537,639,480,524,492,588
542,633,480,515,498,586
528,634,478,527,499,580
538,637,468,524,494,590
537,636,468,525,495,585
539,639,480,526,499,587
539,636,481,518,498,586
537,633,480,515,499,588
539,638,478,525,492,588
532,632,479,526,498,580
542,626,480,527,487,586
538,640,482,524,495,587
530,630,473,529,500,585
529,631,478,527,498,580
542,636,476,517,497,587
544,634,478,515,498,586
529,641,473,528,498,585
538,620,482,525,497,580
539,642,481,521,495,588
534,628,481,523,495,580
530,631,480,525,498,580
537,639,480,525,492,589
537,639,476,528,488,589
540,636,478,530,488,588
540,636,476,516,497,586
536,640,480,524,494,587
528,638,474,528,499,584
541,636,476,517,497,586
538,635,481,515,499,585
542,634,477,528,487,588
543,635,480,514,497,586
529,635,476,528,500,583
531,631,479,526,502,579
530,642,470,524,497,588
542,636,478,528,486,579
539,639,481,521,496,587
542,642,481,524,497,586
538,636,482,516,500,586
535,643,483,522,498,587
537,641,467,527,495,589
541,640,478,528,489,589
541,637,477,514,499,587
531,635,470,527,497,588
540,637,482,515,500,585
535,640,469,527,494,589
539,644,480,525,491,590
530,632,482,524,491,579
537,638,477,529,487,588
536,642,468,525,496,589
529,640,477,526,501,580
538,645,480,525,491,588
535,629,481,523,504,579
543,633,479,530,483,588
533,630,484,523,497,579
541,629,483,526,490,583
540,642,480,515,499,587
542,626,482,526,488,584
539,641,471,520,494,590
528,634,478,526,499,581
538,619,479,522,496,579
540,640,485,516,499,586
538,641,480,527,493,589
541,638,479,515,499,585
540,635,477,529,487,587
546,640,476,515,495,587
542,627,480,527,488,583
541,638,478,526,486,587
543,629,477,528,489,581
536,639,481,530,487,589
529,637,476,526,499,580
540,643,483,516,501,585
532,647,468,525,497,589
536,629,482,526,490,579
539,627,482,527,496,578
537,643,478,526,491,586
529,638,476,527,503,579
537,631,484,524,497,579
538,626,483,526,491,577
533,625,482,529,500,578
542,630,482,525,489,581
542,643,484,515,499,584
541,639,483,520,495,584
538,626,483,526,495,578
541,643,475,523,488,584
538,629,480,527,487,582
529,644,474,530,499,583
540,628,482,524,493,579
541,633,480,525,490,580
528,636,478,526,500,579
537,636,469,522,496,588
539,642,478,528,488,587
530,644,468,529,497,586
532,634,481,524,501,577
539,639,480,529,487,586
543,636,479,527,488,584
538,644,480,526,492,588
531,635,481,524,500,577
542,643,474,508,493,585
542,632,480,524,489,582
541,642,482,516,498,585
541,627,481,524,492,578
542,638,477,518,499,585
529,641,479,525,498,580
532,634,477,526,500,581
539,643,469,522,495,589
542,634,482,525,491,581
544,643,471,519,495,585
540,629,483,526,487,579
542,642,484,516,499,584
539,645,479,527,492,589
539,645,469,523,495,589
542,639,478,529,487,587
540,635,480,526,486,587
539,646,480,531,492,590
543,627,482,527,489,584
532,647,468,522,497,585
542,628,481,525,489,583
544,640,478,513,499,587
533,646,468,528,495,590
531,647,470,527,498,587
542,644,476,523,486,589
537,645,484,520,496,585
543,629,481,526,487,583
538,642,477,529,486,588
541,644,483,517,499,584
541,637,479,529,486,587
534,637,477,519,498,577
540,630,482,524,490,579
532,645,467,525,494,589
538,630,484,524,493,578
540,643,472,521,497,587
537,628,484,524,496,578
539,628,483,523,492,578
543,637,479,528,485,586
537,644,467,525,496,590
541,641,483,520,499,585
539,643,469,522,495,586
541,643,480,530,487,588
529,640,477,528,499,582
539,642,485,517,499,584
537,642,479,528,486,589
533,628,483,526,499,580
540,630,482,524,489,582
539,647,483,523,495,586
537,643,483,521,496,587
536,630,483,524,498,579
531,635,481,526,500,578
539,630,484,524,496,579
540,634,484,512,487,590
528,643,475,528,497,583
542,634,479,522,482,588
533,633,483,526,497,578
538,645,482,518,499,586
539,645,480,527,493,588
541,631,482,526,489,581
530,639,475,524,500,582
530,647,468,527,497,587
532,649,469,527,495,591
541,643,483,518,497,587
532,637,465,527,497,583
532,644,472,522,495,589
539,646,482,521,492,588
543,642,481,514,498,587
542,628,476,526,486,577
544,640,483,517,499,585
539,645,486,518,499,585
528,640,475,528,500,584
538,628,483,522,496,577
545,642,477,514,496,587
527,645,476,525,497,584
540,630,484,524,491,580
543,630,481,525,490,583
538,647,469,521,495,577
543,636,479,526,487,586
541,644,486,519,499,585
533,638,469,523,495,588
541,633,483,524,482,585
538,646,469,520,494,589
539,630,483,523,493,577
531,638,465,527,491,590
527,644,471,527,497,586
542,643,470,520,494,587
538,645,481,522,494,587
533,636,481,524,499,580
543,642,480,515,496,587
539,646,485,516,490,581
543,644,484,513,497,584
537,633,481,524,502,576
536,645,467,524,496,589
543,643,481,513,497,587
537,646,471,520,494,589
537,645,480,529,492,589
538,628,485,523,498,580
544,639,479,528,487,584
532,638,469,525,498,587
537,645,482,527,487,589
544,640,481,526,484,585
541,641,481,512,495,585
528,646,474,526,499,584
530,644,473,527,499,583
537,646,482,524,491,588
541,643,480,526,485,589
536,630,486,522,500,578
541,630,484,524,491,578
540,649,483,521,493,587
543,638,481,527,485,584
540,631,482,523,491,582
532,650,485,523,485,588
543,630,477,523,491,583
539,633,478,523,495,575
535,648,484,525,484,586
534,648,481,521,496,586
534,645,469,525,496,591
529,639,482,524,499,580
538,648,481,526,488,590
539,644,479,527,487,588
542,631,480,524,488,581
534,650,472,527,497,587
539,646,485,518,498,586
540,632,484,522,493,579
541,643,486,515,498,586
530,652,470,528,497,585
542,643,476,513,497,588
541,641,478,527,485,587
542,635,475,526,499,587
540,642,477,514,498,588
539,633,483,524,489,582
539,647,469,521,493,589
543,643,479,513,498,586
535,631,484,521,496,581
542,641,485,514,496,585
531,643,481,524,497,579
539,645,478,527,488,590
529,645,479,526,496,582
538,646,477,525,491,590
540,634,480,514,495,582
536,635,483,522,499,578
539,632,484,522,494,578
538,648,482,521,497,588
534,639,479,522,500,579
540,649,482,525,491,588
543,637,480,529,485,585
544,631,481,526,488,583
527,645,478,526,499,586
541,645,486,515,500,586
540,648,482,527,492,588
536,636,483,523,499,578
543,634,481,523,487,584
538,648,469,521,496,591
546,644,479,515,498,587
534,634,484,523,498,586
540,650,469,523,495,590
532,639,467,527,493,590
536,631,484,524,489,583
541,647,480,525,487,590
543,631,482,522,492,580
541,633,482,525,489,583
537,636,480,517,496,576
531,645,476,526,499,584
543,632,482,523,489,583
535,648,469,526,499,589
542,637,480,525,485,584
544,633,483,508,495,586
540,643,474,519,495,590
539,634,484,524,492,584
544,629,480,520,488,585
538,646,483,521,494,587
536,651,482,524,492,589
540,638,479,528,485,587
543,633,481,518,489,583
540,646,483,513,499,586
528,645,473,528,497,585
536,648,469,524,495,590
530,644,476,527,499,580
538,647,481,526,490,589
542,643,477,513,495,587
545,631,483,524,488,585
538,648,482,523,495,586
539,645,477,526,488,589
547,637,479,527,488,584
542,640,481,525,486,587
538,646,484,514,496,586
532,648,469,527,495,588
545,648,482,523,491,582
533,647,469,525,495,589
530,649,470,526,496,587
538,633,482,523,495,579
542,637,480,528,485,587
543,633,476,516,494,584
535,626,479,524,492,576
539,648,482,521,496,588
537,648,482,520,494,588
542,639,478,526,483,587
537,647,471,516,494,590
531,640,480,525,500,580
540,640,472,520,496,589
540,644,479,528,486,589
531,637,480,522,501,588
544,645,473,517,495,590
543,642,479,515,498,588
543,633,480,525,485,585
543,632,480,525,487,584
534,646,470,524,495,591
538,647,469,522,494,589
537,630,482,524,494,579
533,635,483,523,501,580
537,632,483,523,493,577
541,631,483,525,492,579
533,640,483,524,496,579
542,632,484,526,491,583
542,646,470,524,495,590
535,633,484,522,500,579
541,649,482,525,491,589
544,633,478,519,488,578
535,631,485,522,494,579
539,646,484,516,499,585
536,634,485,521,498,580
541,643,479,527,486,589
537,650,470,523,495,590
542,648,483,514,499,588
540,651,481,524,492,590
540,628,481,526,487,586
540,646,483,510,492,590
531,646,470,526,495,589
541,638,481,524,485,587
528,649,471,528,497,587
544,630,482,524,487,584
533,651,471,525,496,589
542,644,476,516,497,588
536,635,483,522,496,579
535,650,470,524,495,591
540,649,482,525,491,590
527,635,483,522,497,580
534,641,484,524,499,580
529,646,477,524,498,582
542,636,479,526,485,584
538,637,479,523,490,589
543,643,482,514,500,586
544,647,472,517,496,589
539,634,483,525,496,578
536,631,485,526,498,578
529,644,475,527,500,583
540,637,480,520,482,588
543,633,482,526,487,582
532,649,471,529,498,586
544,649,483,512,500,587
541,645,472,518,496,589
538,652,482,516,498,587
530,648,473,527,500,585
531,646,470,527,497,589
541,646,483,513,500,586
540,644,475,528,483,586
544,646,484,512,497,587
542,634,482,525,488,582
534,650,469,525,495,590
538,645,484,517,498,587
541,644,479,527,486,589
536,651,468,523,495,588
542,646,473,520,499,588
540,624,485,520,496,578
544,634,470,515,492,586
540,649,484,519,498,587
543,644,481,514,497,587
543,631,485,521,495,579
531,642,478,525,499,582
537,640,480,526,487,586
543,641,486,512,500,587
542,642,475,520,486,587
531,641,483,523,499,581
538,649,484,521,496,586
542,637,480,525,487,585
536,649,469,523,495,590
542,644,481,527,486,590
538,648,486,518,498,587
540,647,485,514,499,586
539,646,482,524,493,587
529,634,484,524,499,586
539,649,484,519,496,588
539,649,483,521,495,586
528,646,484,524,500,582
537,641,481,527,489,590
532,650,476,528,498,586
531,642,470,529,498,585
540,646,486,514,500,587
531,632,479,519,494,580
533,635,484,523,499,579
542,635,471,527,494,579
544,649,467,512,496,588
534,648,482,525,491,590
538,651,483,521,495,588
540,646,480,527,488,587
541,644,483,514,500,587
543,648,473,519,494,589
535,632,485,523,499,580
545,644,476,512,496,589
540,636,484,524,493,579
531,647,471,526,490,589
532,649,469,525,496,588
542,638,481,526,487,588
537,649,469,524,495,590
537,649,471,522,494,589
538,641,483,526,493,588
541,634,481,525,491,582
529,645,472,521,498,585
531,633,486,525,495,578
535,651,482,525,494,589
534,652,470,523,495,590
536,649,482,519,498,587
534,650,468,526,494,590
537,638,482,525,488,583
537,635,484,523,496,577
537,635,483,522,493,581
540,648,484,517,500,585
540,646,480,527,487,590
542,626,483,519,491,580
527,652,471,527,500,586
529,642,472,526,498,585
538,644,485,514,499,587
536,632,486,521,496,580
537,636,484,521,493,581
538,642,477,527,486,587
538,646,484,516,499,587
537,650,484,519,497,586
536,634,484,522,498,578
543,647,479,515,499,587
535,644,484,523,501,580
535,650,471,522,496,591
543,639,479,529,488,586
539,634,484,522,494,579
534,635,484,524,496,579
534,636,484,513,491,580
542,635,483,523,491,583
535,640,479,525,500,579
532,638,482,524,502,581
541,648,482,515,501,588
543,635,485,522,492,582
540,649,483,526,487,588
538,647,466,522,495,590
539,639,480,522,480,589
538,650,471,522,496,590
539,641,485,516,498,588
542,638,481,525,487,584
537,652,469,524,494,589
539,646,479,526,486,588
528,652,470,527,497,587
543,640,479,512,502,584
530,654,469,527,498,586
544,654,471,527,498,588
541,648,479,515,497,586
543,647,473,516,497,589
533,639,483,521,498,579
540,644,480,512,498,588
540,646,480,526,488,587
538,651,483,522,493,588
538,648,486,514,497,587
537,649,471,519,493,590
536,646,482,512,499,586
537,651,480,524,491,590
529,640,483,523,499,579
538,647,486,518,496,586
527,654,471,527,498,589
536,632,484,523,489,584
534,650,470,518,495,589
540,641,480,528,486,587
541,653,483,517,496,586
534,650,470,525,498,590
531,651,470,525,496,588
528,653,471,525,488,585
541,647,475,514,495,589
529,647,476,526,500,585
541,648,482,512,499,587
538,649,477,528,490,588
539,652,484,521,496,588
536,652,482,526,492,588
539,643,480,526,488,586
539,641,473,516,498,589
537,647,473,516,496,589
540,633,484,523,493,579
536,646,476,520,497,589
529,646,478,526,501,584
541,652,480,525,489,590
537,648,479,524,499,583
534,651,471,525,493,588
540,650,485,516,498,587
540,651,481,527,487,588
530,647,482,524,494,588
529,647,477,521,497,589
544,641,480,527,485,588
546,648,483,515,499,586
542,640,481,524,486,586
539,648,472,521,495,590
531,652,472,526,499,587
540,641,481,523,487,585
541,634,482,524,483,583
530,648,478,525,497,582
543,643,480,525,486,588
534,652,469,525,495,588
539,645,480,527,486,590
537,650,469,523,496,591
525,652,470,527,498,585
527,653,471,525,499,588
528,650,470,527,498,587
541,639,480,526,485,587
541,639,481,525,488,585
540,635,483,525,492,589
535,653,483,521,495,587
529,653,470,524,497,590
540,650,471,519,496,590
539,648,482,520,497,583
539,649,485,515,499,588
536,644,480,525,489,587
528,651,478,526,501,583
535,639,484,523,500,579
538,645,478,522,495,588
538,652,480,524,493,590
543,645,482,513,498,587
540,638,481,524,490,583
529,647,478,526,500,585
527,649,476,526,500,583
529,646,476,527,501,584
537,648,485,516,500,589
537,650,484,516,499,585
523,651,472,528,499,588
538,638,483,523,490,586
540,643,479,526,486,588
541,649,474,520,497,589
539,637,479,525,487,590
536,653,483,521,495,587
538,637,484,524,492,581
537,651,470,519,497,589
538,651,483,516,500,585
528,650,470,520,498,591
538,653,485,520,499,583
527,653,475,526,502,584
543,638,481,525,492,582
537,650,471,520,496,589
542,637,483,525,488,590
534,635,482,524,489,585
528,639,473,527,496,580
538,638,484,522,496,580
534,655,469,524,496,591
538,647,482,527,489,590
540,646,480,514,497,588
529,647,479,528,496,582
542,635,483,524,495,580
539,648,480,529,490,590
545,651,473,519,488,587
540,647,483,514,500,589
530,651,474,528,496,591
530,644,472,523,495,589
534,652,469,525,496,591
538,653,480,526,493,589
529,652,472,527,496,589
542,648,481,513,497,589
536,649,470,526,497,591
540,644,474,528,498,587
540,643,481,527,488,588
537,636,484,526,492,579
543,649,477,516,496,591
529,645,468,524,498,588
541,643,480,526,488,586
525,653,471,528,497,586
535,638,484,523,496,580
542,648,481,514,501,589
539,654,481,529,490,590
532,642,483,525,500,581
541,647,484,516,500,588
543,649,480,516,498,589
536,635,485,523,501,582
541,637,484,516,489,581
530,641,478,527,499,587
530,646,477,526,502,582
540,650,486,517,500,588
540,650,473,529,499,590
539,647,483,525,496,589
537,656,481,525,488,583
530,650,473,530,498,588
538,653,483,526,497,587
529,654,470,529,500,588
531,652,472,530,497,589
544,632,483,527,492,583
529,651,475,529,498,588
532,653,470,528,494,589
539,654,481,526,493,589
543,645,480,514,496,591
534,656,470,526,496,593
542,647,484,526,489,582
528,652,477,527,499,584
544,649,488,514,495,580
540,652,481,530,489,591
541,653,487,518,500,587
544,653,471,521,498,589
544,643,482,511,494,587
536,651,481,516,497,583
539,653,481,528,486,590
541,654,482,527,490,590
540,638,483,525,491,585
541,655,484,522,497,588
529,648,472,530,498,586
539,656,481,523,492,588
535,645,484,524,498,576
544,642,483,525,488,583
543,642,480,525,501,580
542,638,485,525,494,580
532,657,472,529,499,588
534,644,481,528,489,590
542,647,482,520,493,589
539,654,483,523,497,591
531,656,473,527,499,588
536,656,481,530,486,587
544,655,486,518,499,587
535,637,482,522,495,579
545,632,478,527,486,585
538,640,481,517,498,588
545,651,479,515,498,588
544,652,485,514,499,588
537,642,486,524,496,582
538,645,485,526,500,580
546,648,483,516,500,588
546,638,481,530,488,585
545,650,478,516,498,586
543,643,481,530,486,585
545,643,483,526,487,586
545,655,473,519,497,591
538,640,486,523,495,581
543,651,479,515,499,588
544,650,481,530,489,591
543,638,486,521,487,582
533,655,477,529,500,585
542,656,473,522,497,591
541,657,484,527,490,583
531,657,473,529,499,587
543,654,491,529,487,591
548,653,487,517,499,589
533,650,482,527,500,579
542,655,486,520,499,590
544,638,486,525,494,583
543,655,472,522,497,593
534,655,481,530,500,591
533,652,480,530,488,591
533,656,471,527,497,592
548,652,479,530,487,590
538,644,483,525,496,582
543,655,477,517,494,592
539,658,468,525,499,593
546,655,479,516,498,590
544,643,483,527,490,586
537,658,471,527,498,594
543,656,483,521,499,588
544,655,472,522,496,592
544,658,484,522,493,590
544,656,480,527,487,591
549,641,483,527,492,585
547,655,476,528,501,588
534,657,477,529,499,585
546,656,481,530,487,592
530,656,478,529,500,586
546,641,485,527,494,584
536,659,472,526,498,581
549,657,482,517,500,590
546,655,483,526,494,582
548,640,484,524,489,585
545,645,487,523,495,582
544,655,471,527,499,593
542,658,480,514,492,591
544,648,483,526,487,588
548,653,480,515,500,587
545,649,481,526,502,586
545,644,481,526,489,585
542,641,481,517,499,591
540,649,479,528,488,586
534,645,482,523,498,579
535,656,477,527,500,588
543,643,485,524,489,585
534,654,480,527,499,584
546,656,472,525,504,582
540,644,484,527,498,580
545,658,488,516,501,589
545,660,484,523,494,591
534,657,480,515,498,589
542,654,480,525,492,592
548,654,481,513,500,589
546,648,479,531,488,590
549,659,469,526,500,590
546,644,486,523,494,584
543,643,486,523,496,579
546,651,482,515,501,587
538,653,487,518,503,586
546,654,486,519,502,584
542,640,487,523,489,581
541,656,483,528,491,592
547,642,484,528,491,585
543,657,482,529,493,589
548,655,480,515,499,591
542,656,471,521,497,592
536,647,484,527,502,583
545,654,481,530,487,588
545,655,471,532,486,589
541,657,470,525,497,592
544,655,480,528,489,592
544,660,486,518,500,589
542,645,479,519,498,586
540,632,481,526,497,582
550,657,475,520,497,592
549,655,474,516,499,592
544,650,481,528,482,591
535,648,484,524,502,585
545,650,480,528,489,591
546,651,482,528,487,588
536,651,482,527,501,583
546,655,481,520,491,593
534,653,480,528,501,584
538,660,473,526,499,590
539,656,472,524,497,592
534,656,479,525,502,583
545,660,487,518,500,589
535,652,483,525,501,580
543,653,482,528,489,591
541,643,483,523,498,580
545,654,488,513,500,587
533,652,479,528,500,584
545,642,483,528,489,588
540,662,483,528,497,589
543,659,487,520,497,589
548,649,483,525,490,588
542,659,485,525,493,592
547,654,483,516,500,589
546,656,482,526,500,580
544,650,481,522,503,585
547,654,481,515,500,591
534,658,473,528,500,588
541,657,483,528,492,592
537,659,472,527,499,592
542,657,473,522,496,592
531,663,478,526,502,586
547,644,480,508,501,588
533,651,482,525,504,585
534,656,486,525,498,590
544,655,482,528,491,591
547,654,480,517,499,590
539,653,483,518,501,588
544,654,482,514,500,588
548,656,480,517,500,588
546,647,468,519,497,592
543,659,470,522,498,592
549,653,478,519,496,592
540,647,480,518,497,579
541,655,470,515,499,588
544,642,486,524,496,582
540,642,484,525,495,581
544,657,486,520,501,588
534,662,472,528,501,587
534,654,479,525,502,585
543,661,477,518,494,588
549,647,483,525,490,587
542,655,483,530,489,591
545,637,477,527,483,580
540,654,482,514,499,588
538,660,467,527,500,593
545,656,481,527,493,592
540,657,485,523,497,591
546,632,483,516,497,582
545,649,482,526,490,590
544,656,482,514,503,586
543,643,469,520,492,591
535,657,474,528,499,590
543,642,484,526,489,587
543,656,488,527,496,581
528,655,471,529,500,589
544,656,477,514,499,589
545,658,482,525,488,591
545,653,482,528,490,589
544,645,487,517,501,588
533,656,484,529,496,590
547,654,482,516,498,589
546,655,481,515,502,588
535,657,478,527,499,585
536,644,485,519,490,592
534,649,485,523,501,582
534,658,480,528,501,585
542,641,486,525,498,580
543,643,488,524,492,585
542,657,482,525,494,588
543,642,490,522,496,583
541,659,472,523,496,592
544,657,486,517,502,586
545,653,478,516,498,591
542,660,485,524,493,590
543,641,484,525,492,583
545,659,471,524,497,592
538,648,486,524,501,582
543,636,488,525,492,584
532,659,471,527,501,589
545,648,483,527,490,590
545,643,473,523,499,591
545,651,480,528,490,593
540,657,471,519,500,586
545,651,481,530,490,589
536,643,484,523,494,583
543,658,486,520,502,589
542,647,472,524,499,591
546,654,481,513,502,587
546,641,486,525,491,587
540,645,487,514,500,587
545,652,482,528,488,591
542,643,486,522,496,580
545,652,470,524,495,582
545,649,482,527,490,590
545,645,483,524,491,585
547,652,475,522,498,590
547,653,486,518,500,589
541,643,471,519,492,590
533,648,479,527,502,584
543,640,486,525,495,582
534,658,467,521,500,589
536,645,482,528,503,581
547,641,480,530,490,584
546,657,473,523,498,592
546,647,481,529,489,590
542,652,486,516,502,588
539,643,482,529,490,590
543,652,478,528,489,589
541,651,472,523,496,594
535,648,478,527,498,586
544,654,485,520,501,588
543,653,479,529,492,590
544,648,483,526,488,591
546,647,481,529,490,590
546,638,486,507,494,589
534,654,478,528,500,586
545,650,473,523,495,592
544,638,486,513,501,587
547,647,482,518,502,588
540,642,484,524,493,588
540,651,482,516,502,586
544,654,487,519,500,587
545,638,484,517,502,588
543,652,477,521,501,591
544,658,479,515,494,584
544,652,487,516,499,588
535,649,482,526,501,581
544,654,486,515,499,590
544,651,486,514,501,588
536,659,472,526,499,589
542,657,483,521,498,589
543,652,475,531,482,586
533,645,480,526,502,584
545,653,479,515,498,590
541,640,484,523,494,583
543,650,486,514,494,588
546,640,482,527,488,587
549,651,481,514,501,590
542,657,483,529,495,591
547,649,485,517,500,587
534,650,482,527,497,578
535,657,475,526,501,586
546,649,481,527,487,590
532,656,478,525,502,584
540,641,488,522,496,582
534,654,471,529,500,587
544,652,486,516,504,587
545,657,474,519,500,589
543,640,484,525,493,585
535,650,484,525,501,581
542,658,484,525,499,588
545,649,482,529,489,590
543,652,474,518,497,591
540,658,485,527,495,590
542,653,487,517,501,589
532,653,477,528,501,586
541,654,485,516,504,588
543,645,485,511,488,591
536,643,487,525,500,588
545,640,485,525,492,584
533,648,484,527,499,587
544,643,483,528,495,584
533,657,478,525,500,587
547,645,481,526,488,587
535,647,486,525,499,580
536,648,485,527,501,589
544,650,487,511,488,591
542,656,472,524,497,593
543,653,473,524,497,590
536,640,486,525,493,582
544,654,485,527,494,584
539,657,470,524,499,592
541,657,485,525,497,590
542,655,482,527,492,591
539,658,483,529,494,591
545,653,479,515,499,588
541,658,482,527,493,590
544,653,481,527,487,591
530,649,482,527,502,585
540,658,482,525,495,590
542,654,481,525,496,583
540,658,483,523,493,589
538,640,486,525,499,580
545,649,482,527,488,590
541,655,471,528,498,590
541,653,486,519,500,588
543,644,486,526,495,581
542,655,485,515,502,588
544,651,482,520,483,591
542,654,485,523,501,586
547,654,476,510,500,590
540,658,486,527,494,589
544,643,485,515,500,590
548,647,481,529,489,590
531,652,483,527,502,584
545,648,481,526,487,588
534,651,483,525,499,582
533,651,478,529,503,583
540,661,472,527,500,590
534,655,487,519,498,584
542,656,481,530,488,590
542,643,486,523,497,581
531,653,483,526,502,582
544,655,484,517,499,590
537,656,471,526,498,591
541,658,484,530,493,591
532,655,477,528,503,585
544,654,481,516,502,588
542,641,487,523,498,581
546,638,480,522,491,587
545,654,487,513,500,588
545,652,488,521,497,594
534,658,470,526,499,590
535,658,471,525,495,594
542,657,471,523,498,590
533,656,476,527,501,590
539,655,470,526,498,590
532,650,481,526,501,581
545,652,475,521,497,591
535,644,486,523,500,580
538,643,486,525,503,581
546,658,473,521,497,591
544,649,481,528,490,587
540,654,478,518,496,591
532,658,472,529,501,588
541,656,471,526,499,592
544,654,481,528,490,590
541,632,487,523,498,581
543,650,481,528,490,592
542,659,481,531,493,591
534,648,483,527,492,586
541,651,482,530,489,590
545,654,481,515,499,590
542,644,487,516,499,579
532,654,476,518,497,590
542,655,483,529,489,590
544,650,483,528,491,588
533,656,481,525,500,583
542,642,486,526,494,585
541,645,484,523,494,581
541,658,483,526,492,591
534,658,473,525,500,589
545,653,482,528,490,590
542,655,484,526,494,589
547,643,474,521,498,592
536,656,472,527,496,593
547,650,486,517,501,587
534,648,467,527,500,585
546,641,483,526,490,586
542,652,481,528,488,589
532,648,484,525,501,583
542,660,485,522,489,590
546,632,486,518,487,585
546,655,478,516,500,591
531,652,479,528,498,586
545,644,470,519,499,588
539,648,481,527,488,590
532,654,479,527,501,586
544,650,482,527,489,588
546,653,481,516,502,588
527,654,476,527,501,588
545,653,480,517,500,587
541,649,482,519,499,589
542,658,485,518,499,587
544,652,484,517,501,588
545,651,468,520,498,590
542,655,482,529,491,591
545,653,484,516,501,587
540,656,485,524,498,590
541,656,481,526,494,591
540,656,487,527,500,589
532,656,475,528,501,587
542,654,472,522,497,590
538,655,484,523,493,590
541,656,473,523,498,592
538,641,486,524,497,583
545,642,486,521,493,581
543,652,488,515,502,588
546,654,490,518,499,588
544,653,476,528,483,587
532,648,485,523,496,582
545,644,473,518,492,587
546,647,481,525,488,587
542,646,479,524,499,588
538,655,485,520,498,590
537,646,486,524,501,580
533,642,479,519,496,584
532,659,478,528,501,584
543,646,483,527,489,587
544,643,484,526,491,584
538,642,486,525,498,580
536,649,487,522,501,582
545,655,488,514,500,588
544,644,485,511,489,590
539,657,482,527,495,590
545,642,483,524,493,586
543,642,485,517,500,592
539,657,486,523,502,588
541,655,472,524,501,581
538,649,480,523,499,578
532,657,475,530,501,587
534,643,486,524,497,580
534,641,481,518,503,582
537,648,470,525,501,593
547,643,484,526,490,589
535,659,472,526,499,592
541,658,484,524,497,591
540,655,486,529,492,590
542,656,483,527,497,590
548,653,476,519,500,592
540,656,487,518,493,582
534,660,478,527,504,585
542,656,470,523,497,592
546,648,482,528,489,590
538,642,485,521,498,583
533,656,471,524,495,580
536,656,472,527,498,588
539,656,480,527,491,590
535,656,473,529,499,591
542,658,487,522,496,589
540,655,488,518,492,591
541,657,483,526,493,593
543,657,481,527,490,590
540,639,486,525,498,581
542,657,486,520,502,588
533,659,475,526,501,588
533,651,484,524,502,581
548,654,486,518,502,587
545,642,484,525,489,584
546,659,481,530,490,589
538,656,471,526,498,592
547,653,482,514,501,590
531,648,484,527,500,595
531,655,475,530,501,588
544,652,487,515,500,588
546,654,479,517,497,589
546,653,484,518,501,588
547,642,485,526,498,581
547,648,485,527,489,586
532,658,471,525,500,592
534,651,484,528,503,589
538,657,472,524,499,592
541,653,486,517,498,588
546,649,484,525,490,587
548,654,471,525,492,593
541,654,479,521,499,588
542,643,485,523,493,584
534,643,477,526,492,590
532,651,481,528,502,583
536,645,486,525,504,582
543,653,482,528,489,593
535,645,485,526,499,580
536,641,485,524,500,579
543,655,488,517,500,589
530,657,479,528,500,587
547,641,485,527,490,586
539,643,484,528,490,583
546,656,487,515,503,588
544,637,486,526,492,585
536,659,488,514,503,587
543,650,482,529,489,590
543,657,485,516,500,588
545,655,478,516,499,588
535,658,472,530,500,592
547,658,482,524,492,591
545,652,479,515,498,588
540,658,485,517,501,590
546,642,486,524,494,584
538,638,486,524,494,583
546,652,485,528,492,584
542,657,487,524,500,589
533,650,479,523,492,589
548,654,473,519,498,592
526,659,473,529,499,591
540,656,487,518,503,588
540,656,479,522,500,592
538,656,471,526,499,593
529,658,476,527,501,586
545,647,483,528,489,589
541,661,486,517,500,589
543,643,488,511,488,592
544,642,486,521,493,584
533,659,488,520,499,589
547,655,475,518,501,589
544,659,471,525,497,593
543,656,486,514,501,585
545,650,475,522,499,591
536,632,486,526,500,580
535,646,468,526,499,592
545,643,485,526,493,585
536,658,471,525,498,593
539,653,483,529,491,591
546,654,477,519,498,590
543,647,482,530,488,590
546,649,481,528,489,590
543,649,482,527,490,588
540,642,488,524,498,583
534,657,473,529,501,590
532,652,481,527,500,583
542,652,484,528,492,592
539,656,485,524,498,589
543,642,483,527,491,589
543,650,484,518,500,590
540,656,486,520,500,590
540,654,486,519,496,590
537,647,482,528,489,589
539,654,474,522,498,590
544,647,482,529,498,584
526,652,479,526,501,583
540,653,482,528,491,589
539,646,487,524,500,581
544,649,482,530,489,587
541,640,485,523,494,581
546,656,473,522,497,593
544,650,482,525,493,583
541,656,486,522,499,590
544,654,478,523,489,593
534,657,470,526,498,591
542,655,473,523,497,592
544,657,473,521,497,592
541,654,471,526,496,593
543,656,473,522,497,591
534,655,472,527,496,591
542,656,485,522,500,591
542,656,488,517,501,589
543,646,488,521,503,582
546,655,483,513,501,589
534,656,476,528,500,591
533,654,479,521,497,590
540,654,473,524,498,591
537,655,476,521,498,590
543,654,486,515,501,587
543,641,484,526,493,584
539,657,486,523,497,590
544,653,482,514,501,587
533,656,472,529,500,591
546,648,482,525,488,587
534,657,473,528,503,586
541,641,487,523,495,582
544,653,479,517,497,591
545,651,482,514,501,589
530,652,479,528,502,587
541,641,486,524,493,585
541,646,470,529,495,590
544,645,481,515,498,592
534,641,487,524,496,582
532,649,482,526,501,586
543,648,481,526,490,589
542,654,485,514,499,589
529,653,477,527,490,589
543,656,488,517,501,589
545,654,484,514,500,592
530,650,483,524,501,584
539,657,471,528,501,590
544,652,478,510,496,588
544,647,476,522,497,591
532,643,486,522,499,581
542,652,481,527,490,591
540,655,483,529,490,591
532,652,479,527,500,585
544,647,484,527,490,588
537,644,481,529,491,588
538,655,485,523,495,590
538,648,481,527,489,589
543,655,482,514,500,590
540,653,474,523,497,594
535,657,471,525,499,591
541,659,486,521,494,590
544,652,484,516,501,588
541,652,482,527,491,591
540,661,485,524,496,592
540,657,479,517,501,590
545,652,486,515,504,589
531,651,483,526,501,584
541,653,473,522,497,592
540,631,481,524,495,583
544,649,484,527,488,590
540,656,472,525,499,594
531,653,480,528,497,587
537,656,487,517,500,588
542,655,475,521,496,592
532,649,483,525,502,581
541,655,486,516,500,588
544,652,485,515,499,588
543,648,478,526,488,589
540,660,484,524,492,582
536,648,487,522,499,582
542,641,487,526,497,586
541,645,474,525,499,593
540,656,486,527,495,591
535,658,473,527,499,591
542,648,486,517,493,589
536,657,479,517,497,591
542,656,484,525,490,590
539,648,482,528,490,589
540,656,486,520,499,590
543,642,486,522,497,581
541,654,484,526,491,591
532,651,484,523,501,583
532,655,474,528,499,589
532,648,482,527,489,588
537,649,483,521,501,581
545,651,484,524,497,582
538,656,472,524,498,592
531,654,481,525,502,585
541,654,482,528,489,591
543,651,482,514,502,590
540,657,484,527,495,592
539,656,472,526,497,592
541,653,483,522,497,591
542,653,487,520,501,588
533,653,480,526,500,593
546,649,480,515,500,589
540,642,486,527,501,584
543,644,483,525,496,582
539,642,486,522,497,583
543,655,484,525,493,593
534,647,484,524,501,582
542,649,483,528,488,590
543,654,487,514,501,590
540,641,473,526,498,592
544,654,488,516,503,589
537,654,484,524,495,592
539,642,488,524,498,582
538,655,474,520,498,593
533,645,486,523,500,582
541,642,487,523,499,582
543,638,485,526,493,581
532,654,471,524,496,589
533,658,474,525,500,591
545,652,487,515,502,590
541,654,482,529,489,591
531,652,481,525,502,585
540,654,476,523,497,592
542,652,487,514,502,588
535,654,472,527,498,592
531,654,479,526,502,587
531,652,484,528,487,589
543,655,485,523,501,583
541,639,485,526,495,581
541,658,485,520,493,590
543,648,483,528,489,591
544,655,489,515,502,592
532,653,482,524,502,585
540,653,488,518,502,589
537,643,487,524,495,592
544,656,487,512,498,590
545,653,477,517,496,581
530,652,484,525,503,581
544,654,476,516,499,591
539,640,487,524,496,583
542,656,485,518,502,589
544,641,484,524,493,586
542,650,481,528,491,590
543,633,487,521,496,585
531,652,479,527,500,586
541,657,483,528,495,592
542,658,483,517,497,593
532,656,481,527,501,585
543,653,489,517,500,590
540,654,485,524,486,591
531,653,477,528,501,587
543,654,474,528,489,590
540,646,486,524,498,582
543,652,475,524,496,591
531,657,477,525,503,586
534,656,473,522,502,585
542,656,483,525,497,591
543,655,475,520,499,591
536,656,484,529,496,591
540,640,487,524,494,582
539,643,489,526,499,581
540,642,487,524,496,582
539,657,486,518,501,589
541,655,472,525,497,593
545,646,482,527,487,589
536,638,486,520,498,583
543,641,483,526,491,586
542,650,482,526,487,592
542,656,486,519,500,590
532,657,473,528,498,590
544,644,483,525,496,582
534,649,483,524,502,583
537,655,474,526,498,590
544,656,482,526,494,590
537,655,488,519,500,589
537,644,487,523,500,582
531,646,481,525,501,585
536,656,474,528,500,590
543,651,482,528,489,592
542,634,486,521,491,583
539,655,484,523,496,591
543,652,484,514,500,587
541,657,485,525,497,590
548,642,483,525,489,587
532,658,473,526,500,592
532,643,472,524,496,593
533,649,484,523,503,582
539,635,486,520,500,582
539,642,488,523,499,583
533,649,482,525,500,583
543,652,482,514,500,590
537,646,489,521,498,583
539,655,483,523,495,589
542,654,487,515,502,589
541,652,475,520,499,593
541,655,473,526,496,592
544,650,482,526,490,588
540,653,488,524,500,590
542,656,486,524,499,590
545,652,484,525,489,588
532,653,483,526,500,583
539,641,487,522,496,582
532,658,474,527,500,589
541,652,488,514,499,589
538,658,472,527,499,592
541,655,485,524,494,593
541,652,487,522,500,582
533,649,483,516,502,589
536,659,473,527,499,590
531,656,474,526,499,591
541,656,483,524,494,593
542,642,485,526,490,588
537,636,486,520,492,582
531,652,477,527,498,592
542,653,484,531,490,593
538,643,487,521,499,592
544,653,474,518,498,592
541,655,473,525,497,592
536,646,484,516,503,580
540,644,487,524,497,583
543,650,482,528,488,590
543,651,483,514,500,589
541,649,483,528,489,592
545,653,477,517,499,591
534,656,474,526,500,588
543,653,476,522,496,592
540,652,479,517,498,591
543,646,485,517,503,590
540,655,486,522,497,591
537,657,472,527,497,591
541,640,485,524,494,583
543,655,485,516,503,588
533,649,482,527,499,587
544,651,479,515,500,589
532,655,478,527,499,588
536,645,486,522,499,582
545,653,487,515,503,588
536,648,485,525,498,590
534,647,486,526,501,582
545,651,479,517,498,583
531,648,483,524,502,583
539,655,474,528,498,592
539,655,473,525,503,591
542,653,487,515,501,588
545,651,482,527,489,590
532,657,474,527,500,589
543,642,485,524,492,585
534,658,482,526,501,582
533,654,480,525,500,584
546,652,478,517,499,589
543,647,482,525,499,585
544,644,482,527,490,587
545,654,482,528,491,590
539,658,486,525,497,591
534,637,488,520,500,583
540,654,481,528,491,592
543,639,483,523,487,592
540,642,479,526,489,590
542,642,487,523,496,586
544,655,481,516,498,591
540,655,488,519,500,591
538,635,484,524,496,581
542,641,485,515,493,583
543,651,484,517,501,591
532,648,486,524,495,583
540,653,486,521,498,590
544,646,481,529,488,590
538,654,466,527,496,590
541,652,487,515,495,582
532,657,478,526,499,589
543,647,470,521,497,592
538,654,473,526,498,589
543,651,485,514,500,589
543,640,487,524,494,587
541,653,483,528,490,593
541,643,486,523,495,582
545,653,476,522,497,590
540,653,483,524,498,591
534,646,484,524,500,582
538,642,487,524,498,590
542,648,481,526,499,582
541,641,486,524,494,582
541,654,487,518,499,587
545,645,483,526,491,589
533,650,479,526,501,586
539,655,484,519,498,588
532,657,479,528,506,588
534,649,483,526,500,583
537,635,486,519,499,583
545,651,482,515,499,590
532,647,486,525,501,584
540,655,486,522,499,590
537,638,487,524,495,583
543,653,481,527,490,591
531,659,474,527,500,590
538,642,487,524,493,594
546,652,472,525,496,584
533,645,487,524,500,582
538,656,473,526,498,592
539,655,484,525,494,591
540,654,474,522,499,593
531,655,472,527,498,591
543,639,487,525,498,583
534,654,480,525,501,586
544,653,482,528,491,593
543,652,485,514,502,590
545,652,481,517,498,592
545,652,485,517,501,588
531,644,485,525,498,583
540,654,488,517,496,582
533,653,479,527,500,586
536,657,472,526,499,594
541,655,484,525,495,593
547,642,485,526,492,587
541,654,473,522,497,591
541,656,484,523,495,591
544,652,481,527,490,591
531,654,481,524,502,585
539,642,487,525,497,583
536,653,485,524,493,592
543,650,483,527,488,590
544,642,485,523,492,586
542,652,479,524,496,591
532,648,485,508,500,592
544,651,482,517,500,589
544,644,482,526,490,587
544,642,487,522,493,584
540,652,482,528,492,591
541,655,489,517,501,590
541,657,476,520,498,592
542,657,483,524,492,591
536,645,485,521,500,582
544,658,487,528,496,590
536,651,480,515,498,590
543,648,484,529,490,593
542,656,483,527,491,592
545,653,488,524,502,591
545,641,486,524,491,587
543,655,474,520,497,593
531,655,479,527,500,589
533,637,483,524,500,583
538,656,473,527,499,593
542,654,483,528,491,593
533,642,481,516,498,592
534,647,486,524,495,582
542,652,487,515,501,588
542,641,471,525,502,584
537,643,486,524,501,582
542,650,484,527,490,590
541,653,482,528,490,593
544,646,487,514,506,589
540,656,482,527,494,592
545,647,482,527,490,591
541,655,486,520,498,590
541,654,473,521,498,593
537,645,487,524,501,582
543,645,483,528,488,589
544,638,484,522,493,585
541,656,485,516,495,592
534,655,473,527,499,591
544,653,474,520,497,592
532,656,475,527,499,587
539,644,484,521,499,581
536,656,476,524,498,594
541,653,484,523,496,583
544,654,475,523,497,591
547,654,476,521,498,593
540,641,487,524,499,582
537,655,473,524,499,595
545,644,485,525,493,586
543,652,488,517,502,590
537,656,472,526,499,592
538,641,487,524,498,583
543,651,480,527,491,590
542,657,484,525,496,592
541,655,483,525,499,591
543,651,487,518,502,588
543,651,487,516,501,590
536,646,486,522,502,583
543,652,487,515,502,592
533,656,474,527,500,593
544,648,483,525,490,588
545,643,477,527,488,592
542,655,486,515,501,589
544,655,487,517,502,592
542,654,473,525,490,587
542,652,487,515,502,589
538,655,473,524,498,593
535,657,473,518,496,594
535,655,474,527,501,590
533,648,473,516,502,590
536,647,488,521,500,583
534,647,485,524,502,582
533,646,484,523,502,583
540,655,482,528,496,591
544,648,479,522,497,592
541,657,485,526,495,591
540,656,488,528,490,589
541,645,481,528,489,590
535,657,473,528,499,594
532,645,488,524,503,585
540,658,486,528,490,590
541,653,485,528,503,587
540,655,483,528,490,592
536,657,485,522,497,591
543,652,487,517,501,589
532,658,476,528,501,590
541,655,474,526,498,591
545,650,479,516,499,590
539,640,487,523,498,583
542,653,481,517,502,584
531,654,478,516,499,589
537,641,489,526,499,583
543,652,482,527,490,591
541,654,482,526,488,592
535,657,474,526,499,591
543,643,482,527,491,590
541,654,482,527,491,591
543,651,488,518,501,590
545,650,484,523,499,583
535,657,474,527,500,592
542,652,487,516,502,590
539,657,484,524,494,591
533,655,473,529,500,592
546,654,476,515,498,592
541,656,485,520,497,591
534,650,482,526,502,582
545,649,483,529,489,590
541,655,487,521,501,591
533,648,483,525,502,584
543,652,488,516,502,592
540,637,486,521,496,583
544,653,475,520,498,592
539,654,473,525,498,593
544,655,486,522,499,591
538,655,471,526,497,595
532,647,484,525,501,584
542,653,483,518,496,591
541,657,483,528,491,592
539,655,485,525,494,582
545,643,485,527,496,587
540,653,482,528,491,586
534,657,472,524,501,583
541,655,473,522,500,591
547,644,482,527,488,589
542,655,475,523,498,593
542,656,483,525,490,593
533,656,474,526,497,594
532,650,482,526,504,584
539,655,485,524,497,591
543,644,485,525,492,587
538,650,489,516,502,588
542,652,488,514,502,590
542,653,472,523,497,593
541,643,488,524,494,584
539,650,481,525,489,590
541,651,481,528,490,593
541,656,484,525,494,591
532,657,474,533,500,591
543,647,483,526,490,590
540,655,483,523,499,582
543,639,487,522,493,584
543,649,488,515,502,589
544,653,475,521,497,592
544,653,487,517,501,590
540,643,487,522,495,584
532,654,475,527,501,590
539,643,485,524,499,583
541,653,488,521,500,591
539,655,472,524,496,592
544,652,474,518,492,583
530,651,480,526,502,592
541,651,481,528,490,591
540,656,484,524,496,591
532,646,485,522,502,583
545,653,480,516,496,591
531,650,473,528,499,590
541,654,487,518,502,590
544,654,486,512,500,588
534,647,486,522,502,584
543,651,486,516,501,589
539,654,488,519,502,590
544,651,482,515,498,589
544,655,480,516,499,591
540,654,474,514,499,591
542,641,487,522,497,584
540,655,486,521,499,589
544,652,485,514,501,586
542,653,483,528,489,592
541,653,487,520,499,589
540,655,481,528,489,594
540,643,487,523,497,583
540,654,485,519,501,591
546,644,484,525,491,586
539,659,483,525,494,592
540,654,486,519,500,589
542,650,482,528,489,591
539,641,487,521,501,583
540,653,473,522,497,592
543,650,480,528,491,593
532,648,480,527,500,585
539,655,472,525,499,593
533,656,482,525,501,586
535,657,473,528,499,593
540,656,472,524,498,593
543,639,486,524,494,591
539,654,488,523,499,591
540,657,485,522,499,589
544,651,476,519,500,592
544,645,482,512,499,590
540,657,486,521,498,589
543,641,484,523,501,592
539,637,491,525,489,590
538,655,487,520,500,590
541,652,483,532,490,592
543,654,474,525,496,591
532,658,476,527,500,587
544,643,484,526,489,588
545,657,483,529,495,593
532,658,481,526,502,587
540,652,485,516,502,588
545,653,484,517,501,591
538,643,488,522,499,583
546,644,484,528,489,590
537,641,485,524,504,582
546,653,478,513,498,588
534,645,487,523,502,582
541,657,487,521,499,591
542,654,471,522,496,593
542,655,476,524,500,591
541,657,484,523,495,593
540,660,488,520,499,591
532,654,478,529,501,588
536,658,474,526,499,592
533,644,481,521,504,584
545,648,483,526,489,588
542,645,483,528,489,589
535,646,485,523,498,581
546,652,485,515,502,588
544,657,476,522,497,590
541,655,483,528,490,590
543,653,485,526,492,590
543,640,485,522,494,579
531,656,471,528,498,589
545,641,486,526,495,584
534,656,486,525,498,588
545,651,484,514,498,588
545,650,480,516,498,589
543,643,486,525,493,583
542,653,483,529,492,590
543,649,483,515,501,588
544,651,480,515,501,588
541,657,474,521,498,591
538,657,472,527,497,588
541,651,483,530,488,589
543,653,487,523,497,590
544,643,478,517,494,583
544,653,477,523,494,591
538,651,480,530,500,589
543,631,485,518,486,583
534,647,483,527,502,581
540,644,488,526,497,578
541,654,474,518,492,591
542,643,475,524,496,579
545,640,485,526,492,584
546,651,486,512,501,588
543,657,484,528,495,589
542,654,487,523,494,589
545,651,482,515,498,589
543,641,484,524,493,581
540,655,485,527,494,587
540,655,486,525,495,588
540,657,487,520,502,586
533,658,486,526,493,583
539,653,486,515,502,587
541,654,481,529,488,591
543,646,484,525,489,587
531,658,475,529,501,587
533,647,474,522,494,586
546,649,482,531,490,588
542,657,482,524,499,587
534,659,474,528,500,590
531,651,480,525,501,582
544,652,477,507,502,585
542,657,486,520,500,588
542,657,475,520,499,591
540,642,487,522,501,580
545,649,484,517,495,582
545,653,487,514,500,587
543,652,484,515,501,588
541,655,483,528,487,588
532,650,483,525,501,582
539,655,484,524,493,588
536,635,487,524,499,579
537,647,487,525,502,580
541,657,472,524,498,590
542,654,487,518,499,585
533,637,488,523,501,579
541,656,476,521,496,588
545,644,477,515,497,584
543,654,475,520,489,590
543,652,475,523,499,590
543,655,483,525,489,589
536,645,484,524,501,576
540,644,485,523,494,580
532,655,476,527,500,588
541,658,483,518,497,589
545,647,484,522,485,588
545,653,484,516,501,588
543,644,483,513,503,584
533,657,474,527,499,587
542,641,486,524,493,583
535,642,488,522,501,581
532,652,478,526,500,586
543,646,483,526,490,583
540,655,486,523,495,589
532,656,473,528,500,588
542,655,487,517,498,588
545,643,485,525,491,583
537,656,485,511,489,589
544,644,479,518,492,579
540,656,486,526,501,585
546,653,476,519,497,589
543,650,483,530,492,589
529,652,478,527,503,584
531,659,474,522,492,592
543,643,488,523,495,580
545,646,484,528,490,586
543,656,485,525,494,589
544,652,479,516,499,587
544,644,478,520,492,581
541,653,484,531,495,589
539,655,480,530,495,588
543,653,477,518,498,587
536,640,487,525,498,579
544,651,484,515,501,587
537,648,484,525,501,587
542,656,473,520,494,588
544,652,487,515,500,585
541,656,473,522,497,588
545,652,488,515,502,585
532,647,483,525,494,575
541,643,487,526,499,578
542,638,486,525,501,585
533,658,474,528,499,586
534,654,477,529,500,582
539,655,486,521,498,588
543,641,484,525,501,579
541,653,489,514,500,584
538,659,475,522,498,590
532,659,473,528,499,587
542,641,484,524,495,580
541,654,485,521,498,586
544,653,486,519,500,586
542,650,483,527,489,588
531,650,480,526,488,578
542,641,488,523,498,578
540,655,485,527,491,588
534,657,482,514,499,584
542,652,483,527,500,582
541,654,482,527,491,588
533,648,480,525,501,582
538,657,486,523,497,587
532,656,473,527,499,586
540,641,489,524,495,578
538,654,476,522,499,588
535,656,473,528,499,586
544,658,488,514,503,586
543,641,486,526,489,578
541,653,488,513,496,585
536,658,473,525,497,587
538,642,489,523,500,578
539,655,486,518,500,585
530,651,478,528,501,582
536,655,473,527,492,590
540,643,487,528,502,580
535,647,471,526,498,588
531,646,486,525,502,578
543,652,487,517,500,585
531,657,473,526,498,585
542,657,484,525,492,588
539,643,486,523,498,579
543,655,484,527,490,587
543,655,483,528,494,588
543,653,474,523,499,587
536,645,486,523,502,577
537,654,487,521,503,586
539,657,485,526,496,587
540,658,486,527,494,587
541,654,488,512,500,585
542,653,481,529,491,586
546,651,478,519,498,587
537,657,472,528,498,587
543,650,483,526,488,585
544,634,485,526,488,584
540,654,473,526,500,583
543,649,481,527,490,586
542,652,486,517,502,585
544,651,486,518,499,586
542,655,486,515,501,583
542,653,486,519,501,585
539,658,482,525,492,586
544,653,475,523,502,583
537,656,472,528,497,587
544,644,470,521,494,585
542,653,486,526,491,586
538,655,483,528,495,585
540,655,473,522,500,587
530,649,481,526,501,581
544,649,481,527,489,585
539,652,489,514,501,585
537,655,471,523,496,588
538,654,472,525,495,588
538,656,473,523,493,588
542,634,485,529,494,578
541,647,479,526,489,583
544,643,481,524,491,586
544,651,485,514,500,584
532,651,483,526,501,578
534,646,474,527,503,580
545,646,484,527,491,586
534,657,485,524,497,586
543,643,484,526,494,581
539,635,485,519,505,578
532,649,484,523,504,578
540,641,487,524,500,579
543,646,482,526,489,584
544,652,482,515,501,585
534,655,470,527,498,588
531,652,481,527,499,579
546,654,481,515,499,585
543,656,474,525,496,590
538,649,482,527,503,584
530,659,478,525,502,581
531,644,476,526,502,582
542,651,489,514,499,584
532,644,488,524,495,577
539,654,472,525,496,577
536,654,473,527,498,587
538,656,469,523,497,586
543,651,486,516,501,585
539,641,488,522,496,579
534,646,484,526,503,578
534,642,485,524,501,577
541,653,485,514,501,585
538,657,472,524,498,588
545,641,484,524,493,580
535,656,479,527,490,588
536,642,488,523,500,576
541,655,482,527,490,587
532,647,485,523,502,585
538,644,484,519,503,575
533,646,487,523,498,578
540,655,488,522,496,584
544,652,476,520,498,587
531,653,479,527,501,579
533,647,486,522,497,577
536,656,473,527,496,586
540,654,485,523,488,586
541,642,487,523,498,576
540,657,485,520,496,586
538,655,485,523,499,585
543,653,488,515,502,583
541,653,485,525,488,587
539,643,487,523,498,576
537,643,488,524,497,577
538,654,472,524,497,588
541,656,486,520,500,585
546,640,485,525,490,582
540,657,482,524,495,585
540,663,485,525,495,587
544,651,479,515,499,584
545,650,484,529,486,585
531,654,478,527,501,585
544,644,484,528,489,580
536,656,472,527,499,586
543,646,483,529,492,582
549,654,473,522,498,585
539,641,488,523,497,577
533,652,483,524,500,576
540,652,481,529,491,584
540,652,472,523,496,586
544,654,483,515,499,584
544,641,483,527,489,583
543,656,471,523,499,587
543,640,485,524,494,580
546,651,481,528,491,584
531,644,488,524,498,577
529,647,482,524,506,578
529,652,478,526,502,588
532,658,472,528,500,586
543,654,487,517,501,581
541,638,487,523,495,579
544,640,485,522,495,580
545,649,482,528,490,586
541,641,486,524,494,580
544,654,476,519,499,587
537,658,487,521,499,586
540,654,481,527,490,586
544,653,474,517,499,587
542,649,483,515,500,585
528,654,485,526,503,584
530,655,473,525,500,588
545,641,485,524,491,582
540,658,484,527,498,581
544,655,486,515,502,586
540,655,486,516,502,586
540,654,473,519,497,589
534,659,472,528,497,588
540,656,475,521,498,588
540,659,482,514,497,583
534,643,488,524,502,586
544,653,482,514,500,584
540,652,488,516,501,589
540,650,482,528,489,589
542,655,474,514,499,587
543,642,483,521,495,580
540,657,487,519,503,584
546,653,475,527,498,582
544,651,475,519,491,579
535,653,486,518,501,583
542,654,489,514,500,581
535,645,488,522,498,573
543,653,484,528,489,582
544,650,486,526,506,577
542,656,477,519,497,590
534,651,484,524,503,583
536,657,473,526,502,598
542,652,474,523,498,598
535,640,488,524,500,592
539,658,485,525,496,593
534,643,484,524,494,586
542,656,485,522,496,608
542,655,489,516,501,602
540,630,488,521,498,595
540,658,473,524,495,606
542,653,472,520,497,605
546,654,479,513,501,601
540,655,484,528,493,600
546,641,484,523,488,596
542,649,483,517,490,596
545,655,481,515,494,597
532,655,483,526,500,587
546,648,481,525,489,595
534,649,485,522,503,591
532,656,481,527,502,596
535,637,485,522,500,589
543,657,467,520,497,600
545,653,485,514,502,597
544,657,484,526,494,603
533,647,484,522,503,595
548,647,484,524,489,601
547,639,488,517,500,602
533,650,482,524,502,601
546,650,482,515,500,606
545,652,480,518,500,602
545,653,477,515,498,607
536,655,481,527,502,601
546,652,486,515,502,606
542,657,472,520,499,608
544,657,468,507,503,599
526,653,479,527,504,601
546,651,480,528,491,604
534,658,474,524,501,608
533,653,478,526,501,601
532,655,479,526,501,603
548,651,483,514,500,607
530,660,479,524,493,603
543,645,480,526,502,603
542,658,484,525,491,611
543,654,488,520,499,607
547,641,485,528,493,602
548,653,476,520,500,606
548,649,484,524,492,605
547,651,482,528,492,608
536,652,483,522,503,598
545,655,473,520,495,612
540,648,484,527,490,611
544,654,487,500,498,607
546,653,486,513,501,606
537,641,487,524,496,599
537,646,485,524,500,596
546,652,484,524,493,608
544,657,487,517,502,604
546,653,480,515,499,606
546,653,488,515,501,604
548,652,483,513,501,606
541,643,487,521,498,597
547,639,488,525,486,602
546,638,482,520,488,605
534,657,473,526,499,612
547,654,487,512,504,603
547,654,476,519,499,606
533,654,478,526,502,607
541,653,487,516,501,604
542,630,486,519,501,595
535,645,485,524,503,595
538,646,488,525,499,596
543,661,484,522,498,601
546,641,487,524,494,597
536,662,473,528,501,599
543,655,472,524,498,603
540,643,486,523,503,594
544,651,484,526,491,601
547,649,477,515,501,599
534,656,477,526,503,595
546,639,487,524,494,593
545,646,487,523,493,595
545,656,487,523,490,601
543,657,472,522,499,600
550,655,491,515,501,598
545,652,488,512,502,598
535,650,483,525,503,592
540,658,475,525,498,601
537,655,474,524,501,601
543,653,483,525,489,602
532,654,483,524,492,595
539,658,471,524,500,603
544,656,474,517,498,599
546,652,479,515,502,596
547,657,482,508,495,592
548,639,480,512,504,592
544,659,485,521,501,597
543,657,486,525,494,600
536,653,479,528,500,596
547,651,483,525,484,594
533,660,478,527,501,598
534,660,474,526,500,596
544,656,487,515,501,597
545,651,487,514,499,595
548,655,484,515,490,595
540,647,486,521,503,588
533,653,477,527,502,595
543,655,488,519,499,597
547,656,482,515,502,592
547,656,487,517,499,594
543,653,485,523,490,596
546,656,483,525,498,596
542,653,473,526,496,597
540,657,472,526,492,593
533,648,485,524,503,586
541,644,491,526,501,595
536,655,473,525,503,596
533,660,482,524,503,592
544,655,482,530,488,594
534,655,479,517,505,591
542,660,487,523,495,594
547,651,486,517,503,592
545,656,476,521,498,593
547,643,485,526,489,588
545,656,490,516,502,592
545,642,487,524,498,580
542,637,486,522,500,585
536,658,475,527,500,588
543,661,486,525,495,589
544,652,489,515,503,580
550,641,485,526,490,585
548,655,478,506,502,577
547,642,486,523,495,585
544,652,475,518,498,586
544,658,488,519,498,582
547,635,480,524,489,580
543,655,482,528,492,579
538,658,474,526,499,576
538,632,488,513,494,564
546,644,483,526,490,567
539,638,488,523,498,565
538,647,489,523,503,562
535,654,472,525,499,574
546,650,482,526,490,573
536,643,487,522,498,563
537,656,475,528,499,576
546,643,483,524,491,564
544,654,489,516,500,572
536,658,471,525,499,572
533,658,477,527,500,568
536,650,484,510,502,569
548,655,488,514,501,569
543,653,483,527,492,572
546,643,483,527,489,574
546,653,489,518,502,570
547,662,489,520,501,569
545,655,483,528,493,571
545,641,489,526,497,561
544,651,476,519,498,570
546,650,482,529,491,570
541,660,487,523,492,571
534,652,479,528,500,574
541,659,474,522,496,571
549,656,480,515,500,569
543,660,485,524,498,567
546,648,485,527,491,572
541,655,473,525,497,571
537,658,474,524,496,572
535,654,467,528,493,564
547,650,482,515,502,569
549,644,486,523,492,566
542,655,484,522,495,569
548,648,484,526,490,567
537,647,473,526,498,574
549,649,481,515,499,569
544,659,473,527,498,571
547,637,485,526,488,560
543,642,488,524,503,563
550,653,490,512,504,570
543,655,473,524,498,563
547,648,482,528,489,571
538,648,488,525,499,557
542,656,473,526,500,572
546,656,479,513,504,562
545,652,487,516,506,562
546,657,487,524,497,570
544,654,488,516,499,566
546,643,490,521,495,563
535,648,481,527,494,556
537,657,477,526,500,568
539,658,471,525,501,568
543,643,486,523,495,561
543,646,482,514,499,563
546,648,488,519,501,570
543,652,481,526,490,571
546,654,489,522,497,565
543,642,488,523,497,563
537,650,481,522,505,566
545,656,478,520,497,571
540,641,489,523,497,563
535,658,476,528,499,571
547,656,479,507,495,564
542,658,470,525,498,573
537,658,473,526,499,575
547,645,482,527,490,566
534,655,480,527,501,570
548,653,485,516,506,567
544,652,487,522,500,569
548,644,489,522,494,568
535,648,479,527,500,569
539,651,483,530,491,566
542,656,472,522,498,574
542,656,486,527,496,571
546,653,490,512,503,572
546,654,489,517,501,571
544,641,488,523,498,564
543,655,489,522,498,571
544,654,481,528,494,574
537,656,479,527,501,571
537,647,484,527,502,570
548,640,487,515,502,570
538,653,489,515,503,570
545,656,467,524,490,567
546,654,474,521,495,573
540,646,488,523,500,564
545,653,484,527,495,575
544,641,491,525,494,566
542,659,465,523,499,573
546,647,485,524,480,570
534,645,488,525,503,564
545,653,487,521,499,570
543,657,483,527,495,573
542,656,476,519,500,574
548,653,481,515,500,570
549,649,485,525,489,572
547,636,477,517,493,565
545,662,484,519,499,570
546,665,485,532,496,573
542,656,477,523,500,573
548,651,489,517,502,571
539,654,486,526,502,565
542,656,488,523,496,572
548,651,476,519,499,572
547,649,482,528,489,569
545,656,486,521,502,568
536,660,475,527,498,572
539,658,473,526,502,574
548,647,481,527,493,568
544,653,482,525,491,572
543,659,474,522,497,574
534,656,482,523,503,566
546,654,494,514,504,570
546,652,488,515,502,566
540,657,474,527,502,574
544,653,474,519,498,572
534,651,483,525,504,566
548,651,485,515,499,572
544,645,489,522,501,561
537,652,486,528,492,573
543,641,488,524,500,562
536,652,480,525,504,568
546,652,475,517,500,569
544,652,476,523,497,571
539,639,488,523,500,563
543,657,483,527,493,570
547,637,489,524,498,563
534,656,475,530,500,569
542,658,487,524,497,571
543,658,472,521,497,571
538,658,487,520,499,567
543,657,488,525,496,572
540,652,476,520,498,568
541,655,486,524,497,570
543,642,487,526,495,562
536,647,487,525,504,562
548,654,488,517,500,570
535,649,482,527,503,564
547,647,482,529,481,568
535,656,473,527,503,569
548,655,476,520,497,572
545,652,484,529,490,571
545,646,476,525,490,569
542,654,488,516,502,570
550,653,482,515,498,569
548,628,485,524,498,562
542,644,489,524,499,561
547,658,475,517,499,571
528,658,472,526,499,570
546,654,485,516,499,567
544,660,488,519,497,569
533,639,491,522,499,562
545,639,487,521,497,563
548,655,480,517,490,570
544,651,486,514,503,566
545,657,489,519,501,569
548,654,480,516,499,568
540,643,489,524,497,562
548,649,479,515,499,572
545,653,474,523,498,571
541,654,485,525,493,571
547,645,485,527,492,566
541,653,486,527,495,569
546,649,485,525,492,568
545,658,485,523,495,569
545,655,487,519,499,571
534,645,479,527,502,566
527,651,484,526,504,562
546,653,482,528,489,566
543,640,488,524,499,559
537,640,489,525,497,560
545,643,487,525,496,563
547,654,476,525,498,570
537,653,480,528,501,564
544,654,484,524,491,569
543,655,485,527,493,568
535,648,482,527,505,561
547,652,490,514,503,566
546,653,488,520,500,568
532,653,482,524,504,566
529,648,479,525,501,565
531,647,484,524,502,562
533,655,484,526,502,564
543,641,488,524,500,560
547,651,490,515,502,568
549,654,482,514,499,569
537,644,493,524,502,560
547,638,486,526,492,562
546,652,488,514,500,571
547,655,484,513,500,567
544,660,473,525,497,573
537,654,477,529,501,568
549,645,484,527,492,570
536,650,484,523,503,565
535,644,485,527,503,566
541,644,471,528,499,571
537,646,488,521,502,560
542,657,472,524,499,571
546,647,487,525,497,562
543,653,483,529,493,569
551,650,483,513,502,567
541,641,488,521,504,560
535,651,472,527,502,565
544,657,486,525,494,572
540,656,484,525,498,568
539,647,483,530,489,568
532,646,485,525,504,566
547,645,482,529,492,558
550,653,483,515,503,568
547,642,483,528,493,556
546,653,476,521,498,570
544,659,488,520,495,571
548,648,484,529,489,567
547,654,484,513,505,566
544,654,490,516,504,569
543,657,489,519,499,567
538,650,487,522,504,561
546,655,487,515,500,568
546,658,475,523,497,569
534,655,478,529,499,568
547,655,479,516,501,561
544,654,474,513,499,571
541,657,490,520,497,569
536,654,473,529,502,565
546,647,485,528,490,569
537,649,484,524,503,564
535,658,481,525,503,565
548,650,484,527,489,569
540,640,487,513,495,561
548,655,484,516,501,567
547,640,484,525,492,563
537,658,486,526,494,568
542,638,487,525,492,568
550,649,479,516,498,569
543,653,479,520,499,569
536,656,476,527,500,566
548,658,474,522,499,569
538,655,471,529,498,571
535,648,483,525,502,568
547,651,485,529,492,567
537,648,484,525,504,563
535,649,486,523,501,562
542,641,488,523,500,561
545,653,474,519,498,569
540,654,479,525,496,567
537,651,478,515,501,556
535,652,482,529,503,565
542,643,489,531,500,560
545,655,487,523,500,567
527,655,477,526,501,567
541,654,485,524,495,567
544,652,485,524,495,561
543,658,485,527,497,568
547,655,485,508,499,565
534,649,484,525,503,563
546,650,484,515,502,562
546,655,490,519,499,566
547,649,480,527,490,570
546,644,482,527,489,564
546,636,484,520,483,567
533,650,479,528,496,563
535,646,484,525,505,557
530,654,475,527,499,571
536,644,491,522,499,560
545,653,473,521,498,569
535,649,485,526,505,561
549,642,483,527,492,566
535,650,480,528,502,562
549,639,486,525,490,562
549,656,477,523,489,568
544,641,488,521,497,558
548,652,484,515,504,566
536,660,473,528,501,569
547,653,489,514,504,567
549,652,481,516,501,565
546,649,483,525,490,566
547,642,487,526,485,561
546,643,486,524,492,561
547,642,485,517,483,567
543,654,486,516,503,566
535,657,486,524,493,568
543,641,490,525,502,559
542,656,476,518,498,568
548,649,479,515,499,567
544,658,479,513,500,559
542,638,488,524,500,555
537,643,485,524,502,562
544,655,487,524,496,568
532,652,483,524,505,560
550,652,480,514,500,568
534,654,475,527,502,568
536,657,472,528,500,568
539,651,476,522,499,569
544,655,488,518,501,563
544,649,488,516,500,564
549,652,484,513,502,566
538,644,486,523,502,559
546,660,474,524,488,568
542,656,470,524,498,568
546,656,475,523,500,569
539,642,487,524,499,556
546,651,484,513,490,567
534,659,473,528,500,570
546,656,487,520,505,563
535,653,487,516,504,565
545,640,485,528,495,557
547,652,487,515,500,565
534,660,475,529,500,565
550,653,482,516,502,563
536,641,481,518,495,563
543,654,485,527,498,567
544,655,487,524,499,566
546,650,484,527,490,564
542,657,484,525,495,565
539,642,487,530,502,561
546,655,477,522,498,564
548,638,487,527,494,560
543,642,487,524,500,554
544,643,484,524,495,556
546,655,483,527,494,564
543,655,485,528,496,563
536,649,484,529,504,558
544,656,474,519,498,564
545,639,489,521,499,556
544,654,489,519,499,564
547,645,487,510,495,562
534,647,485,523,501,556
549,637,486,525,488,559
546,649,484,527,488,565
544,653,484,523,497,564
547,651,482,514,502,561
547,637,485,526,501,557
547,651,488,517,504,561
544,650,489,518,502,563
548,646,484,527,490,564
545,653,489,518,500,564
536,649,482,527,501,556
548,645,482,527,490,562
548,650,479,514,499,563
541,635,488,524,500,559
546,654,468,514,496,555
542,638,488,524,499,559
546,638,486,526,494,563
545,649,488,519,501,566
547,648,484,517,499,567
547,649,485,526,491,572
542,651,485,529,495,570
545,652,487,524,499,572
547,651,473,520,498,574
544,649,488,520,499,572
538,649,483,528,493,573
543,653,484,524,499,573
547,634,489,526,497,568
547,646,482,515,502,574
547,637,488,520,494,571
544,651,485,526,495,575
545,635,486,525,493,575
544,652,482,528,491,578
537,642,485,529,505,570
535,650,483,528,502,574
549,650,483,530,491,580
537,655,472,529,497,581
535,647,477,529,504,577
540,653,473,512,492,585
543,648,489,519,502,581
545,645,483,528,487,584
548,647,483,525,494,586
548,647,486,515,503,582
546,637,488,526,492,578
547,646,481,517,502,584
546,647,485,520,500,586
542,650,483,528,492,586
543,653,484,529,494,587
544,649,482,527,490,586
547,637,489,522,496,578
547,650,475,519,498,589
534,646,483,527,504,579
536,643,486,524,503,576
549,648,477,508,502,579
533,654,469,529,501,585
543,637,489,526,497,576
537,645,483,527,502,580
543,633,488,524,497,576
545,652,474,525,496,588
537,639,487,524,501,577
544,648,483,527,494,588
538,651,473,525,498,587
533,649,473,527,495,586
546,648,484,514,502,584
546,638,486,526,491,582
545,643,481,514,501,586
539,634,487,524,496,576
541,646,488,517,502,585
540,649,473,525,499,588
534,640,488,525,501,577
533,648,479,528,503,583
542,650,484,528,492,587
541,650,485,528,491,586
545,647,482,516,501,585
544,640,482,527,491,585
548,650,475,515,498,586
540,649,474,526,497,588
543,649,482,530,489,587
542,644,476,528,499,580
543,650,485,529,490,586
545,648,489,520,503,584
539,638,490,523,499,578
535,649,479,528,499,583
542,636,491,525,494,579
544,642,482,530,490,585
541,637,484,527,491,583
543,651,487,517,501,585
534,637,486,524,503,578
544,646,485,519,501,586
547,637,485,526,490,584
545,648,485,516,502,584
534,641,484,525,501,578
544,646,486,516,503,583
541,653,485,524,497,585
543,635,488,524,495,577
545,647,489,516,504,584
536,636,487,524,495,579
533,642,485,526,502,579
544,647,487,515,503,585
535,646,486,524,502,577
547,646,483,529,491,587
547,627,485,527,491,581
542,653,491,520,499,586
543,650,487,523,501,587
546,647,479,520,500,588
545,646,483,527,490,584
547,645,479,516,496,582
545,645,483,528,491,587
547,648,483,515,499,589
541,639,486,519,500,580
537,639,487,525,503,576
542,647,483,529,491,587
541,649,473,523,497,588
540,652,471,527,499,587
544,637,487,524,496,576
537,645,486,526,503,577
537,652,473,527,500,587
538,644,471,526,495,587
547,649,484,518,499,585
544,645,483,528,491,588
542,652,489,519,501,584
546,637,484,527,490,582
541,651,487,518,498,585
542,638,485,526,491,582
527,647,485,526,502,580
540,653,489,526,496,586
538,653,471,527,499,587
542,650,487,517,501,583
546,648,484,515,503,585
544,649,483,518,503,583
545,648,483,516,501,585
542,650,489,519,502,584
546,648,482,516,503,586
544,651,489,520,501,585
545,647,481,517,501,586
543,637,488,525,492,581
541,654,472,526,499,589
533,649,485,521,497,587
541,652,489,520,501,585
547,647,483,516,498,587
540,650,473,527,498,587
540,641,487,526,498,578
530,644,486,524,502,578
541,650,489,517,501,583
546,648,485,517,501,584
547,644,475,518,503,587
542,651,486,524,494,586
545,636,486,526,493,582
542,652,486,526,495,586
544,651,475,523,499,589
541,651,483,525,493,586
538,642,489,525,501,577
546,651,484,516,499,586
530,650,484,525,505,580
537,651,475,527,499,586
535,642,487,523,497,577
543,655,474,523,498,587
544,649,488,516,503,582
547,645,484,527,489,583
542,653,471,525,498,588
536,635,485,523,500,576
544,648,482,531,491,586
544,651,487,519,502,583
544,637,484,528,493,579
547,640,484,521,500,583
543,648,491,514,502,582
544,646,483,527,491,584
543,645,484,530,491,585
547,648,483,515,500,583
545,644,485,526,490,581
542,641,484,530,495,586
544,643,484,528,491,585
541,650,477,521,498,585
544,641,478,521,490,586
544,638,485,526,497,576
541,637,488,523,495,578
537,640,486,525,502,574
541,654,487,519,500,585
539,651,487,527,495,585
542,654,486,522,498,582
538,653,487,523,501,583
530,654,474,528,506,583
546,638,485,527,492,580
531,651,482,529,504,579
533,647,479,527,502,579
542,641,488,519,502,582
546,651,484,518,500,582
539,647,485,516,501,580
542,649,486,528,495,585
541,646,481,528,490,584
538,652,472,529,501,582
547,638,487,525,493,576
538,652,473,527,499,584
533,653,479,521,502,581
533,656,474,529,502,576
544,646,484,529,490,583
543,647,484,527,491,583
543,644,483,528,491,580
542,649,478,522,491,578
532,652,469,526,501,581
541,641,487,526,493,581
546,650,483,519,502,578
538,652,474,524,499,581
541,654,487,524,497,579
539,637,490,525,498,570
542,650,487,520,494,581
535,641,487,526,505,566
541,650,492,515,502,576
543,650,480,511,504,576
543,644,485,528,489,577
531,650,480,526,503,574
542,654,475,525,498,579
540,655,490,525,495,581
538,652,475,523,497,579
544,647,492,516,498,577
540,650,488,527,496,578
543,647,486,529,490,579
544,649,488,528,501,578
545,648,481,519,500,579
546,639,487,525,490,574
540,655,487,523,493,580
547,637,481,511,497,577
540,639,490,527,497,569
542,648,481,528,490,580
545,648,480,517,499,577
543,644,486,528,490,576
539,652,484,529,498,578
535,649,477,523,499,578
532,639,490,524,502,568
532,645,485,527,502,571
542,650,489,519,503,576
538,638,490,522,497,570
539,637,487,526,491,572
535,653,473,532,501,576
531,647,485,526,503,569
537,636,488,517,497,569
541,650,485,528,492,578
531,657,474,528,501,578
534,648,473,520,501,571
539,638,489,523,501,569
539,630,484,525,494,570
540,649,475,526,497,581
547,649,484,514,501,577
533,649,481,528,505,573
532,646,480,529,503,573
532,644,486,527,502,571
543,640,488,512,505,575
541,652,487,524,496,581
542,650,489,517,503,574
546,637,487,526,491,573
543,647,486,527,492,576
537,652,487,522,497,577
541,640,489,525,500,569
547,647,486,513,501,578
541,654,489,520,502,573
541,651,489,524,495,571
541,654,487,518,499,577
545,650,490,517,501,573
539,636,489,524,499,570
541,653,485,530,497,580
542,651,487,532,493,579
547,634,485,529,492,575
541,641,486,514,503,577
540,649,491,521,502,577
544,652,476,525,500,578
532,650,483,527,501,571
539,653,487,523,499,576
541,652,488,521,502,578
531,654,474,527,501,576
540,638,491,522,500,569
532,652,474,529,502,578
543,648,486,529,494,580
545,637,488,508,494,579
531,645,485,524,504,570
532,651,482,527,504,573
534,655,476,516,504,574
542,652,475,523,500,579
532,648,482,524,503,574
532,648,486,526,503,572
544,645,484,529,496,577
543,645,486,526,488,578
540,637,488,524,498,570
542,638,490,525,494,571
541,648,485,530,491,580
544,634,487,527,494,572
543,651,488,515,503,575
547,636,486,525,493,572
545,637,488,524,493,573
543,647,486,529,492,580
545,646,483,515,501,578
529,645,482,529,502,573
537,652,489,521,500,577
550,650,481,518,502,579
546,645,481,517,500,578
552,649,477,520,500,579
540,652,475,525,498,581
542,652,489,517,504,575
543,633,489,524,498,570
545,649,493,513,502,577
542,649,483,527,492,578
533,647,484,526,503,573
543,649,484,528,492,577
543,646,480,516,501,580
537,642,487,524,506,568
543,652,488,524,495,578
546,635,480,527,492,580
531,644,483,526,502,572
544,646,484,527,491,573
541,643,475,517,500,579
532,637,489,523,500,571
538,635,486,531,492,579
533,651,474,527,502,579
536,653,475,527,500,581
540,638,491,524,496,569
540,653,490,524,496,573
540,655,486,526,495,580
539,637,488,524,500,570
541,648,481,520,500,578
534,653,476,525,499,581
545,648,481,519,499,579
542,652,486,528,499,577
538,641,482,527,505,574
536,652,486,528,497,578
544,650,486,527,489,579
532,647,484,528,501,573
535,640,490,525,503,569
543,643,489,529,489,576
542,652,490,519,499,578
532,657,470,522,501,578
536,651,482,517,501,578
541,654,489,520,502,576
535,654,473,527,501,577
537,635,491,524,498,569
539,653,486,523,498,578
543,646,487,513,504,576
543,635,488,525,494,573
544,635,492,526,492,573
535,656,476,528,500,579
543,646,485,531,492,577
542,651,486,526,493,580
532,643,484,527,504,571
540,654,489,528,497,579
541,651,489,517,501,576
546,634,489,525,493,573
544,653,490,520,501,577
546,637,487,526,494,572
546,631,480,528,486,573
532,642,484,527,505,573
532,648,474,527,501,574
540,650,474,525,498,580
535,643,487,525,505,569
545,639,490,523,497,570
544,648,483,515,504,576
545,643,484,529,488,578
547,646,479,523,498,578
545,651,475,520,503,577
538,649,484,531,494,579
532,651,481,529,501,568
541,649,488,526,499,577
540,648,485,516,502,576
540,653,487,527,495,580
538,650,476,526,501,578
536,640,491,522,497,569
531,654,483,525,503,576
539,654,468,524,501,577
542,638,489,525,494,573
540,649,485,529,490,579
532,654,473,526,499,579
543,649,490,516,499,575
542,645,485,528,490,577
544,651,476,520,498,579
532,652,476,528,501,578
546,646,487,516,502,573
538,637,491,526,499,569
538,653,469,521,497,581
534,644,487,524,505,575
544,649,479,517,498,579
539,652,486,520,500,575
531,652,476,529,502,575
545,645,479,517,495,574
542,643,477,525,499,580
540,654,489,524,497,578
539,636,488,527,500,567
543,651,478,521,500,578
541,647,485,530,491,579
544,639,479,521,499,580
539,638,487,528,493,569
536,652,487,529,492,579
542,652,490,518,503,576
538,650,478,519,498,579
534,643,487,525,505,569
540,649,485,530,491,578
545,649,490,517,503,577
544,636,485,527,489,576
543,648,478,520,499,578
543,639,491,513,503,576
540,640,485,517,498,572
533,635,487,523,505,569
547,641,487,528,491,577
539,650,487,528,498,578
540,652,488,521,502,576
528,656,482,531,503,572
540,644,487,526,491,575
542,647,484,529,491,579
542,652,487,528,493,580
539,649,484,528,493,578
538,641,490,523,500,569
541,642,476,527,500,580
542,648,485,514,504,576
538,636,490,524,502,567
542,653,477,526,498,578
531,644,487,526,503,571
545,650,488,516,503,571
540,628,489,526,498,570
538,651,473,527,501,579
543,643,484,527,492,576
532,654,481,528,502,574
540,641,484,516,502,579
543,646,483,517,502,576
540,652,488,517,500,577
542,649,489,515,503,577
543,644,483,529,490,578
542,652,485,529,492,577
543,648,485,530,492,580
546,635,490,525,497,572
533,638,483,528,503,574
543,648,485,515,503,576
544,646,486,516,502,577
545,650,481,517,501,576
533,643,486,524,504,569
535,652,475,528,499,579
543,637,489,526,493,571
545,648,481,517,501,579
543,647,486,530,491,579
541,654,487,527,498,578
538,636,487,524,497,569
544,648,489,520,501,577
545,638,488,520,494,575
542,647,491,519,502,576
538,645,485,526,506,569
536,653,476,526,500,580
544,653,476,521,499,580
547,650,480,516,499,579
542,635,489,524,496,572
539,652,489,522,499,575
545,654,476,521,499,579
543,639,488,527,493,579
545,640,486,526,491,572
544,647,482,512,499,578
538,642,490,523,501,569
539,650,490,521,501,577
545,647,490,515,502,575
544,647,486,527,492,579
545,646,482,518,502,578
541,650,478,523,499,579
545,646,486,527,488,576
546,649,479,529,503,575
534,643,488,525,502,570
534,646,486,524,503,570
530,646,485,527,503,570
544,649,477,521,500,578
537,639,489,522,500,569
538,638,489,525,507,570
529,650,481,528,502,575
544,651,488,529,492,579
541,637,489,525,496,570
534,656,474,527,501,579
544,644,483,528,491,578
544,648,484,515,502,578
541,650,490,515,494,579
538,638,490,524,502,570
540,652,490,519,502,577
543,649,477,524,493,573
546,645,486,517,503,576
540,653,486,516,498,571
544,637,488,524,493,571
545,648,486,509,502,573
542,641,476,517,494,579
541,653,486,537,496,580
541,644,487,531,497,580
542,649,491,521,503,576
533,646,479,519,505,568
543,650,491,517,504,575
545,651,485,516,502,578
537,630,488,518,496,568
535,641,488,527,503,569
533,654,474,529,500,578
543,637,488,525,497,570
546,637,488,526,494,573
546,644,487,527,491,575
544,647,480,519,502,575
545,649,490,519,505,577
543,651,491,518,505,576
544,647,490,516,502,577
541,654,489,519,501,576
546,647,473,513,503,578
542,652,489,520,500,578
533,653,475,527,501,577
547,647,489,516,503,576
536,645,485,520,504,570
542,650,487,528,497,579
540,654,485,530,496,581
542,655,488,525,494,579
541,651,488,521,504,578
545,637,489,524,494,573
542,636,489,525,497,568
533,644,486,524,502,581
541,653,486,520,492,577
540,653,487,524,497,579
537,639,490,525,497,569
544,643,487,530,491,577
535,652,475,526,501,582
539,637,489,525,501,571
544,635,486,525,494,573
542,652,484,525,496,578
535,640,491,524,500,569
542,653,491,524,500,580
544,637,489,525,494,572
544,642,488,528,501,580
541,639,483,523,499,565
548,639,487,528,492,574
533,652,477,530,503,578
546,651,479,518,500,579
532,654,477,527,496,580
529,651,483,527,504,572
548,646,483,518,501,578
539,654,488,526,497,579
535,642,486,524,502,570
546,644,486,527,492,577
531,646,481,528,504,577
543,650,490,519,502,577
540,638,488,524,495,572
545,653,476,521,501,580
545,636,489,526,500,569
532,647,485,527,504,570
532,655,481,530,502,575
542,652,488,524,494,579
530,655,478,526,503,576
546,637,488,526,492,573
542,653,487,528,492,579
535,637,488,526,500,569
540,640,489,523,498,572
533,652,482,527,504,578
545,647,486,530,491,577
541,649,485,530,491,579
543,650,490,516,505,578
544,651,476,520,498,580
545,638,488,515,487,574
542,639,487,528,493,579
532,653,476,529,504,579
533,654,476,528,500,578
546,639,477,515,504,575
539,652,469,528,494,577
532,655,476,528,502,577
544,653,490,521,501,577
532,654,480,528,504,576
543,651,485,531,490,580
540,650,487,525,490,580
543,636,489,527,499,570
547,637,488,527,494,574
542,654,477,524,500,581
544,647,486,529,490,580
535,655,475,521,501,579
530,643,483,525,505,574
544,650,482,518,500,577
542,654,487,530,498,579
532,648,486,526,504,571
530,648,490,526,504,571
543,626,490,518,493,570
542,636,491,527,496,571
541,649,486,530,491,581
546,649,480,516,501,579
540,627,490,523,501,568
532,639,481,526,504,574
538,649,475,521,499,581
535,652,476,528,502,579
543,653,490,519,503,577
545,639,487,527,495,568
543,651,492,515,503,577
533,648,485,528,504,574
539,654,481,531,497,580
530,643,490,525,502,569
537,651,478,520,500,581
530,650,481,527,502,575
535,655,476,526,501,582
542,651,491,521,503,578
545,635,490,526,493,574
540,652,475,525,499,580
542,652,489,524,497,579
542,641,473,516,501,579
539,639,491,516,493,569
532,656,477,528,502,582
541,638,487,524,499,570
543,653,479,518,500,579
543,635,487,525,499,569
542,651,485,528,493,581
542,651,485,530,494,580
541,655,488,522,499,578
546,638,483,510,498,577
545,627,483,522,496,574
540,653,486,524,495,579
539,653,490,523,503,575
543,649,490,521,501,577
542,654,488,527,495,580
536,654,474,528,500,580
543,652,486,529,491,580
533,653,476,528,502,577
547,648,491,517,504,577
532,650,481,526,504,576
541,653,488,531,496,579
544,651,487,523,492,579
542,649,485,530,493,579
532,650,478,530,503,576
541,655,488,519,487,581
541,653,491,521,499,577
545,646,487,531,492,579
538,644,485,531,491,578
543,640,489,526,492,576
540,639,487,526,499,571
545,647,486,530,491,579
543,652,477,524,499,580
542,643,487,517,494,578
545,650,476,520,499,579
540,636,489,526,497,570
546,647,485,527,491,579
546,645,481,529,505,577
536,649,477,520,499,579
543,637,487,525,493,575
543,652,490,526,499,579
534,653,475,527,501,580
542,650,489,518,503,577
536,651,475,526,499,581
548,651,483,517,501,578
542,650,489,517,503,576
544,640,488,526,494,574
545,640,490,525,494,574
546,653,477,532,499,577
546,635,488,522,494,573
542,647,492,515,504,577
546,647,487,516,502,579
543,653,487,526,497,578
533,652,471,529,497,575
534,654,476,528,501,577
539,652,475,525,498,580
545,652,478,518,501,581
534,657,474,529,502,579
537,640,491,526,492,569
533,648,487,528,490,576
541,652,489,525,501,578
539,653,485,524,495,581
546,638,489,527,494,574
536,654,477,526,501,579
544,651,489,519,504,575
542,647,483,528,491,580
542,639,489,525,497,570
543,652,489,516,502,577
547,649,486,515,503,579
543,643,486,526,485,579
544,638,489,525,493,573
533,647,481,529,504,574
531,650,484,528,504,574
