=~=~=~=~=~=~=~=~=~=~=~= PuTTY log 2023.11.02 23:43:44 =~=~=~=~=~=~=~=~=~=~=~=
485,539,427,442,468,602
485,543,429,436,461,603
488,539,427,427,472,600
475,542,417,440,470,603
482,545,429,433,461,601
481,544,414,440,470,603
484,544,415,437,472,600
491,540,422,429,475,600
471,546,421,441,469,605
489,531,427,439,471,592
486,540,419,431,473,598
488,530,427,438,472,598
487,539,428,440,461,600
479,543,416,440,469,603
476,545,414,439,469,602
487,536,425,441,464,601
490,529,430,438,474,593
484,543,413,436,471,601
481,529,431,437,474,598
490,529,428,439,474,593
486,540,419,433,475,599
489,534,427,440,468,593
479,544,413,437,471,601
489,541,427,427,472,599
489,534,427,428,472,601
488,540,432,428,467,601
488,541,419,434,473,601
489,539,425,430,474,599
484,544,430,433,462,602
490,528,429,440,470,601
485,541,423,432,474,599
486,539,426,441,463,597
489,528,431,438,474,595
476,546,419,442,469,600
484,536,428,443,467,594
473,543,418,443,469,604
485,545,429,436,462,604
489,528,432,438,473,593
485,545,429,439,461,601
485,529,430,438,474,594
489,537,429,440,469,592
476,545,425,442,470,604
472,538,426,443,472,600
484,545,431,435,461,604
487,529,433,439,473,592
490,530,431,439,472,591
488,540,427,441,463,601
489,531,432,435,472,592
484,546,430,437,461,602
479,546,417,439,469,604
490,537,429,441,469,593
489,544,425,431,475,601
489,527,433,438,472,592
485,546,416,435,471,601
476,541,429,442,472,605
489,536,430,442,469,595
491,530,433,439,474,594
489,543,426,429,475,600
488,540,428,444,463,594
490,541,430,428,473,602
491,531,431,440,470,593
488,530,431,433,475,593
486,541,423,435,475,601
480,539,429,440,472,606
490,541,425,430,474,601
490,541,427,429,475,600
488,542,426,433,476,601
480,544,424,442,469,605
492,541,435,429,472,601
493,542,424,434,474,600
490,543,435,428,468,601
481,536,431,438,473,601
489,530,433,438,476,594
488,543,420,435,474,600
488,543,431,439,461,601
478,536,433,439,475,601
493,529,433,441,469,593
486,545,435,432,467,603
481,537,431,440,471,604
488,545,435,434,467,604
492,540,435,427,473,601
476,543,426,443,470,603
491,536,434,441,476,593
486,531,436,438,477,596
489,544,436,432,466,605
479,549,426,441,470,605
491,542,427,431,475,602
487,547,434,440,463,604
489,546,436,432,468,604
486,546,421,434,473,602
481,541,422,437,468,603
487,531,437,439,476,594
478,541,429,441,473,605
485,543,435,431,469,602
491,540,436,429,471,601
483,546,419,441,471,603
479,545,423,442,470,605
494,543,428,433,479,601
487,546,433,441,463,599
488,547,433,438,462,602
477,544,427,442,472,593
492,539,429,431,475,601
492,537,431,427,476,601
488,531,437,442,473,594
490,544,437,434,467,605
493,537,433,440,468,593
483,538,437,438,474,604
491,542,437,430,473,602
488,529,437,438,475,598
493,541,428,431,474,600
487,531,438,440,476,597
493,531,434,441,470,595
493,533,435,440,472,595
489,543,436,430,469,603
480,540,434,442,475,603
489,547,434,440,462,604
482,543,422,441,469,602
487,549,438,434,466,604
477,541,430,442,472,603
491,543,437,430,471,603
480,547,422,438,471,604
484,532,437,438,475,598
491,541,435,429,470,603
483,535,433,439,474,601
493,543,432,427,473,603
492,542,422,440,474,604
493,541,429,430,473,601
487,547,432,440,464,599
487,542,433,443,463,604
481,541,434,441,473,601
491,539,432,443,467,595
494,541,439,430,474,604
482,549,423,443,472,606
493,537,437,441,470,595
485,545,424,441,473,603
492,537,436,431,474,603
488,544,431,429,476,600
479,540,430,444,473,606
483,547,424,443,472,604
479,546,427,442,471,606
480,548,424,443,472,606
490,542,440,429,472,602
481,545,427,441,474,605
490,543,433,430,473,601
494,543,436,429,474,603
479,548,421,442,473,605
487,549,438,436,466,606
479,542,433,442,473,603
490,547,439,439,465,604
491,533,437,439,477,595
493,532,438,443,475,593
485,537,440,438,475,602
480,548,424,444,472,605
478,549,426,444,472,606
491,544,436,430,472,604
493,537,435,443,472,593
485,547,439,437,464,607
485,545,428,436,475,602
493,544,436,432,475,599
484,549,424,441,474,603
488,544,435,446,467,597
488,548,439,438,465,607
492,545,440,430,474,603
487,548,425,439,474,603
491,534,434,441,471,593
492,536,435,442,472,592
480,549,432,444,474,606
483,537,442,440,477,600
489,548,425,440,475,602
491,545,442,432,469,604
493,544,431,433,477,601
492,540,436,445,469,595
490,546,441,435,468,605
493,545,436,427,472,604
492,540,436,443,472,592
491,543,428,436,479,603
480,546,431,443,472,606
484,550,425,446,474,605
490,545,438,435,464,606
491,530,437,443,480,595
481,544,425,444,472,605
493,528,436,442,473,595
480,540,426,446,474,605
489,537,443,431,471,603
494,536,424,436,479,601
491,535,437,432,472,604
486,521,433,445,473,603
483,528,432,443,473,605
487,527,434,446,472,595
487,540,423,441,477,601
487,542,434,444,464,601
488,539,425,437,476,602
480,531,435,442,477,601
495,538,431,432,478,602
481,539,433,443,476,604
490,540,432,445,466,598
492,543,433,446,465,600
491,546,436,432,470,602
494,538,437,442,474,593
491,553,433,444,466,600
490,541,437,441,479,598
489,545,437,442,477,595
489,543,432,442,476,595
495,552,432,444,475,593
487,554,430,448,472,594
488,574,418,446,476,602
493,574,421,444,475,599
491,588,436,438,474,602
493,597,430,450,467,598
484,613,420,451,475,604
487,616,420,448,475,601
490,625,422,445,477,599
494,629,430,441,477,599
487,624,437,447,473,599
493,638,438,441,475,602
486,633,437,454,465,599
493,645,441,443,476,602
483,642,438,454,477,603
492,649,441,446,470,602
486,655,441,450,464,602
491,641,440,453,479,594
491,660,443,448,467,603
482,661,428,455,475,602
496,657,432,450,477,601
483,662,429,456,472,605
490,658,441,451,462,604
488,649,445,451,477,598
494,648,444,451,477,595
487,665,431,453,476,604
491,661,441,456,466,599
490,661,446,448,466,605
493,663,445,443,473,605
495,665,438,443,478,602
495,672,440,443,475,604
494,666,442,441,477,605
494,656,446,447,479,598
487,660,447,452,475,603
488,663,450,452,477,604
495,670,446,442,478,604
492,674,451,453,467,606
491,659,453,450,479,599
485,674,438,448,475,604
492,668,451,454,468,601
485,672,445,451,475,610
482,673,451,450,476,609
494,667,461,434,480,605
495,663,465,450,475,599
496,662,468,434,477,604
493,674,467,447,468,606
491,666,469,442,466,607
488,669,470,444,469,606
494,656,468,446,479,600
484,672,453,447,478,609
491,669,468,446,470,605
495,665,470,433,480,608
484,672,457,445,481,609
489,666,471,440,466,610
485,655,473,445,483,602
490,656,474,446,483,601
489,668,472,437,478,612
486,673,470,445,470,609
489,671,460,441,485,608
491,667,466,434,484,608
486,672,456,447,480,611
492,656,468,446,487,600
489,670,469,440,477,611
494,657,465,447,484,607
491,666,462,448,474,605
484,671,466,446,472,608
484,664,469,445,483,612
490,671,459,440,484,607
493,660,470,446,483,602
490,650,470,445,485,599
485,673,464,442,476,612
482,658,468,447,483,613
488,671,468,438,488,609
484,662,480,444,487,608
492,659,478,446,485,601
479,677,466,449,485,612
486,674,477,446,474,610
475,671,471,447,484,611
487,672,469,439,489,608
480,673,465,449,484,611
484,675,463,447,483,611
492,673,473,438,480,611
489,670,467,442,477,610
487,663,446,446,483,607
494,655,452,452,485,599
489,664,442,446,487,609
494,660,448,441,484,609
486,655,441,458,477,603
488,646,439,450,486,604
486,649,439,458,473,605
493,637,436,459,479,599
493,622,437,460,481,601
487,601,438,457,486,603
492,598,432,451,478,611
490,580,419,455,484,607
492,561,433,454,474,612
492,552,428,462,471,608
493,520,431,458,485,602
484,517,427,459,484,608
488,500,422,461,482,611
484,500,414,457,481,609
495,492,430,448,474,611
497,484,423,447,474,609
491,478,425,440,484,608
491,460,422,449,479,612
490,458,420,449,482,613
491,449,424,445,483,609
492,461,423,447,474,603
494,439,425,442,484,607
491,450,423,445,472,603
497,432,426,438,485,604
494,438,423,438,472,609
492,430,425,435,471,608
495,429,425,438,481,607
493,425,425,425,479,609
489,414,420,436,481,611
492,425,426,432,471,609
494,427,425,431,470,610
490,430,420,435,470,607
494,420,429,432,484,601
491,429,422,424,480,604
493,433,427,439,470,609
497,430,430,434,483,600
492,442,427,441,470,605
492,427,427,437,481,607
490,444,428,441,477,601
494,443,429,437,472,611
484,440,417,443,479,611
492,451,426,446,475,602
494,444,430,435,467,608
495,449,429,441,471,609
491,450,425,432,483,608
493,437,431,443,482,609
494,443,432,441,482,608
487,455,424,433,483,608
484,460,418,442,480,608
490,465,429,446,472,603
495,462,432,443,484,601
492,454,428,440,484,608
495,470,429,440,471,608
490,476,430,446,473,603
491,474,431,446,482,600
495,465,436,443,484,603
483,468,420,444,483,609
496,473,436,435,483,609
486,477,423,441,485,609
495,468,436,444,486,601
495,462,437,444,486,605
495,469,435,446,485,600
496,464,434,444,483,604
486,471,422,449,481,612
494,475,431,448,477,601
480,464,422,450,480,612
491,472,427,437,486,609
496,465,435,445,485,611
490,465,430,450,470,604
493,469,433,447,471,609
490,471,427,436,485,607
484,467,422,448,480,612
496,468,435,446,485,602
496,459,436,445,485,606
497,464,437,435,473,611
484,468,418,446,481,611
485,457,421,447,481,612
495,459,433,432,483,608
494,441,433,442,483,610
484,449,421,442,482,610
492,452,431,432,483,607
489,451,431,430,486,608
494,445,435,437,472,610
495,429,433,438,483,603
494,432,436,440,485,606
492,446,432,442,473,607
488,438,424,443,483,611
484,446,423,437,481,608
491,430,428,440,481,611
498,435,437,434,486,603
495,434,433,434,470,607
495,420,437,431,483,608
491,430,432,434,475,604
492,417,431,433,482,613
494,426,436,423,470,611
491,427,431,417,484,609
497,416,435,426,485,601
493,421,432,429,474,604
495,414,436,417,477,612
496,405,436,417,484,600
482,405,419,424,480,612
484,412,421,416,483,609
483,412,419,416,482,611
483,404,417,413,483,609
489,411,422,407,484,608
495,404,429,410,474,611
492,408,426,423,469,608
486,397,417,421,477,612
491,393,423,415,480,609
492,412,418,418,479,601
493,407,422,406,475,611
488,414,409,407,483,608
483,417,406,411,482,607
492,413,417,415,482,602
495,415,416,417,478,600
489,418,411,419,474,601
489,409,408,418,478,612
494,411,415,416,481,604
489,431,412,418,481,607
494,419,414,419,481,605
491,436,407,412,480,607
487,431,405,428,475,612
493,446,413,429,468,609
487,452,406,419,481,607
496,451,415,422,474,609
495,461,412,421,479,608
484,463,399,438,478,610
499,476,416,427,476,609
492,488,411,437,479,598
496,492,411,442,468,606
487,485,406,439,477,609
492,487,410,438,479,611
499,492,413,437,481,607
495,510,408,427,480,606
497,518,401,435,482,608
497,514,412,437,483,599
489,524,413,440,481,605
499,526,413,442,483,600
492,543,412,445,469,607
499,538,410,432,479,606
492,529,412,443,480,605
489,529,412,441,476,609
486,542,402,444,478,608
498,537,410,434,477,608
492,541,399,443,479,606
486,540,399,447,478,608
499,524,411,447,479,597
498,532,407,448,473,599
488,523,411,445,480,607
498,529,411,447,471,602
490,515,414,444,481,606
494,522,412,444,468,606
494,519,401,441,482,607
497,509,414,441,471,607
491,472,409,433,484,609
491,449,409,429,484,607
497,438,417,423,472,605
494,415,418,423,480,611
485,424,415,413,483,607
498,415,428,411,471,607
493,402,428,418,481,609
495,406,432,415,483,600
491,399,424,415,478,609
497,408,434,407,479,608
490,407,433,418,467,605
484,409,423,414,482,607
494,403,435,421,482,600
494,395,433,421,481,610
484,410,424,427,478,612
488,424,426,420,482,606
493,412,433,424,481,610
490,417,434,426,480,611
487,429,423,429,478,612
487,438,424,418,480,608
496,444,431,430,468,605
498,455,434,426,471,609
492,467,427,424,484,606
492,469,428,438,482,612
497,475,431,438,480,608
498,511,436,432,476,610
488,528,419,446,480,610
496,531,435,443,473,610
488,530,431,447,482,608
495,537,426,438,484,606
495,540,433,440,469,607
500,548,438,451,472,610
486,549,434,448,481,609
497,545,438,448,481,598
494,562,440,451,473,604
490,560,447,446,483,609
494,575,450,449,473,604
496,572,452,452,474,602
494,583,445,444,485,606
484,583,460,450,481,610
490,577,473,449,485,606
487,594,460,449,481,610
497,577,476,448,485,600
498,588,468,435,480,607
495,586,478,446,487,601
496,585,478,446,485,601
495,596,474,449,477,601
491,593,476,442,486,608
489,593,474,441,485,601
493,596,470,442,482,601
492,616,467,439,471,611
492,620,470,432,480,612
481,617,461,440,485,611
495,611,465,440,485,600
489,629,448,440,483,609
491,632,459,432,484,608
485,622,454,439,488,604
493,632,453,428,485,607
479,633,441,441,485,611
492,633,444,429,485,607
493,636,444,439,475,605
492,634,437,428,487,606
486,639,437,436,475,606
491,636,432,439,476,603
489,638,427,440,485,605
487,626,427,436,490,601
483,640,415,442,486,609
494,636,413,429,489,605
495,625,415,438,485,596
495,637,415,428,488,604
489,635,420,429,486,603
492,640,404,435,489,598
493,636,420,441,478,600
492,630,420,442,476,602
485,613,420,443,487,602
495,613,423,439,480,604
496,582,421,447,486,594
488,572,425,445,475,603
495,533,421,441,475,599
494,509,423,433,474,602
492,489,422,433,481,596
490,476,421,418,487,599
496,457,428,424,488,593
490,446,423,424,482,589
479,447,419,416,486,599
483,426,428,424,483,601
486,415,436,425,485,594
484,419,434,426,471,601
477,400,435,431,482,600
471,400,425,438,477,601
474,404,439,443,476,590
467,403,426,444,478,598
479,394,443,438,471,599
476,394,441,455,480,588
475,399,439,459,476,587
465,401,432,458,479,596
462,394,432,464,476,597
475,398,447,458,468,596
463,395,433,468,475,596
465,389,442,472,474,596
469,402,447,472,467,593
472,402,449,470,475,584
470,406,446,475,470,588
475,405,449,471,479,584
467,409,438,474,477,597
481,412,448,459,479,595
466,418,439,486,481,594
482,413,454,472,477,595
477,419,451,474,468,593
481,419,454,471,478,596
482,427,445,464,480,593
483,431,454,465,474,597
483,430,456,466,485,592
476,454,444,461,485,593
479,461,444,458,484,592
475,463,440,466,479,596
485,473,454,452,481,594
486,483,453,459,473,596
476,488,440,465,479,597
481,512,437,462,480,595
486,530,448,462,469,594
489,543,450,455,470,595
478,555,438,468,478,596
492,547,451,458,478,594
493,563,447,458,476,593
493,578,448,469,471,594
491,597,449,471,473,597
496,601,441,470,481,595
492,599,449,477,480,587
485,615,433,480,472,596
496,607,448,478,481,589
494,624,452,470,471,599
490,630,435,475,475,597
483,632,435,480,472,601
495,633,448,466,471,600
494,632,436,467,476,596
498,626,443,473,477,590
482,643,438,472,465,603
487,643,444,470,471,602
497,639,445,468,471,592
484,647,439,470,467,605
498,658,445,455,471,602
494,648,448,464,473,595
492,666,446,465,459,601
495,663,444,465,460,599
494,667,435,461,472,603
499,652,445,459,469,595
499,657,448,462,474,596
495,673,449,456,466,607
497,670,438,457,473,603
487,668,445,460,471,604
490,674,435,458,472,603
493,667,448,448,472,604
489,679,430,456,471,607
493,676,446,459,459,603
499,660,446,456,469,598
498,678,447,444,472,606
493,682,440,450,471,608
489,668,457,450,472,601
488,667,457,450,472,605
494,667,459,448,471,603
491,681,462,440,467,610
497,675,448,442,469,607
490,686,451,448,471,609
485,687,455,450,468,613
485,686,460,451,470,612
481,685,466,450,472,614
493,687,479,444,464,612
495,669,478,446,479,602
490,687,479,446,465,611
493,688,483,443,467,613
492,672,483,447,479,605
483,689,476,451,475,614
491,687,478,448,465,611
496,671,477,449,480,602
494,685,477,442,469,613
495,668,473,452,480,604
497,679,470,446,473,612
494,660,457,458,475,598
487,659,438,458,476,610
494,641,449,454,473,610
487,618,441,465,476,610
498,583,432,461,479,605
491,537,440,460,476,605
499,493,430,452,471,608
498,488,429,446,466,604
498,475,431,441,475,595
498,471,429,441,465,604
500,463,428,438,479,597
496,449,427,436,476,605
494,447,421,437,473,609
499,452,429,422,470,606
500,445,428,430,478,597
489,438,421,432,472,604
492,445,427,430,463,601
497,442,425,430,463,603
489,431,420,429,474,606
497,437,428,423,464,604
488,433,425,410,477,604
485,430,414,419,474,606
499,414,427,417,474,602
488,430,415,419,472,606
498,417,428,420,475,602
492,442,418,415,477,601
486,441,415,421,473,605
502,428,429,420,476,601
502,441,428,419,462,605
498,442,426,413,471,604
495,445,427,425,463,603
495,448,426,426,472,596
499,430,431,420,476,602
492,442,422,411,477,605
497,427,433,420,472,602
499,434,432,411,467,604
495,434,429,410,474,604
495,434,428,422,469,595
498,425,432,410,463,606
491,427,431,415,461,605
488,427,417,416,471,605
492,422,428,408,472,602
497,425,429,420,473,595
488,432,419,415,476,601
487,427,420,423,470,607
488,435,422,416,474,604
491,433,429,424,464,601
500,429,434,411,464,606
491,430,430,423,471,596
494,423,435,419,476,594
500,418,434,414,471,595
501,423,435,419,475,595
500,430,435,411,471,603
497,434,435,419,461,605
496,441,433,424,467,592
494,430,433,425,471,603
495,434,436,427,467,603
499,452,437,422,462,604
500,447,436,432,469,598
492,458,431,436,465,601
497,464,433,435,466,600
496,470,435,438,466,602
497,480,436,438,468,598
486,495,424,441,465,602
494,505,435,441,459,595
499,498,440,437,468,593
495,514,438,434,458,603
489,516,436,437,457,602
500,517,436,445,460,600
497,518,438,425,464,602
498,519,440,430,462,602
495,524,439,430,460,602
498,522,433,440,462,596
494,528,435,437,457,600
497,515,440,437,470,594
498,525,440,431,464,602
495,528,439,432,463,604
495,529,438,439,457,604
494,528,425,439,469,601
500,528,427,431,471,600
495,528,435,439,460,600
496,513,440,437,471,595
497,527,441,429,466,602
495,529,439,436,461,603
496,529,436,440,459,599
491,520,439,438,473,598
494,532,425,439,471,602
497,529,440,431,465,603
500,526,433,430,474,601
484,528,432,443,468,604
500,526,435,442,470,604
497,530,438,438,462,604
498,515,438,441,472,594
499,516,435,443,471,593
491,522,438,442,473,600
500,526,427,436,475,601
492,529,424,440,472,602
494,529,438,440,459,601
497,524,436,447,463,598
496,527,422,438,476,599
487,529,431,445,470,605
497,527,435,443,462,600
490,532,423,445,472,601
497,525,432,445,460,598
496,534,436,442,462,602
497,529,436,447,465,598
496,536,440,440,462,602
497,534,435,434,467,604
494,522,440,440,475,598
496,539,426,444,475,603
501,536,431,445,474,594
493,530,441,441,475,602
498,534,435,435,477,601
494,525,441,443,475,602
489,530,436,445,473,606
502,537,434,434,476,601
497,536,440,441,463,603
497,531,430,437,476,602
497,529,439,438,461,603
498,534,443,434,467,604
489,533,432,447,472,606
503,524,442,445,477,594
492,539,440,444,463,602
499,536,440,433,472,604
499,539,435,435,477,601
489,545,431,447,471,606
492,534,443,445,475,602
487,545,436,448,471,606
502,536,437,445,477,594
499,551,442,445,466,604
498,547,440,449,466,598
504,539,441,446,473,594
502,543,441,448,476,594
496,540,445,443,478,600
499,538,444,445,477,597
487,544,443,444,476,604
495,540,444,444,478,598
502,538,444,445,477,596
501,537,444,445,478,596
499,554,444,446,462,602
490,554,432,448,473,606
499,554,434,441,476,602
499,550,440,449,465,598
498,540,444,444,477,596
495,551,444,438,469,606
497,553,443,447,465,603
499,539,446,444,474,598
501,550,441,435,476,604
498,555,442,446,464,603
500,551,446,434,473,605
500,551,441,434,476,604
499,553,435,441,478,602
501,548,442,435,473,604
503,541,445,449,474,606
499,552,445,438,471,604
497,539,447,445,478,596
499,555,446,439,471,604
489,548,439,448,476,606
488,552,439,450,473,606
501,537,445,446,480,596
495,541,445,444,477,601
491,553,431,449,474,605
502,550,444,436,476,602
493,555,440,448,470,605
498,553,438,442,480,604
496,554,431,443,479,604
496,554,447,444,477,600
489,554,443,443,480,596
490,542,440,446,475,608
504,549,440,435,479,602
500,537,446,446,479,597
499,554,445,440,471,606
495,541,447,444,477,601
489,549,440,448,476,606
505,550,434,440,478,603
501,547,442,435,476,603
502,551,440,435,477,602
498,552,446,438,471,606
502,537,443,448,478,594
498,537,446,446,478,598
499,530,444,444,481,598
501,532,440,448,470,599
493,527,445,447,479,604
502,528,442,448,473,595
504,528,443,436,477,603
499,531,439,450,469,601
501,532,447,436,471,606
498,536,443,447,465,605
500,533,441,450,467,598
502,535,430,442,480,603
491,538,426,450,472,603
500,547,443,450,467,601
499,546,440,446,463,601
504,552,445,436,473,604
493,551,441,446,475,607
492,556,442,444,476,605
504,555,438,435,481,601
489,563,443,445,476,611
494,567,443,445,477,602
503,571,443,448,474,596
503,580,447,439,473,604
505,581,445,437,475,604
501,593,444,448,467,606
507,593,438,441,480,605
499,599,434,452,476,605
503,600,436,448,478,604
503,591,446,450,480,596
493,614,431,453,478,605
492,618,440,455,474,606
505,619,445,442,475,605
507,621,447,453,476,596
505,640,440,443,480,604
506,644,441,443,480,604
494,642,445,455,477,608
505,653,444,457,468,600
501,660,446,452,467,605
501,664,432,452,477,607
504,665,449,454,468,606
505,656,446,457,472,598
504,660,442,443,477,606
507,647,445,449,474,597
501,670,447,456,469,605
493,664,446,454,478,610
508,658,448,453,483,598
504,672,449,449,470,607
496,673,436,457,476,609
505,670,451,447,474,609
501,672,435,453,481,607
497,663,448,455,478,606
506,669,448,459,471,604
508,665,438,451,480,606
508,664,440,449,481,604
496,659,443,458,480,608
509,657,441,448,484,605
506,657,448,457,472,606
505,642,452,455,484,600
505,655,435,454,479,608
505,651,444,458,469,605
497,648,442,460,478,609
507,644,453,448,475,608
499,644,436,458,479,607
505,638,448,462,471,600
507,635,452,446,475,607
496,631,439,460,473,611
498,628,450,458,478,607
502,632,433,454,480,606
497,630,437,458,477,608
507,627,440,452,481,605
507,625,450,444,479,607
503,627,448,458,468,606
508,607,452,459,483,601
495,618,447,458,481,603
507,622,440,452,483,606
505,619,445,460,476,607
500,613,449,461,482,603
501,614,449,456,480,608
505,613,449,455,483,605
505,619,446,460,470,602
504,618,448,453,466,607
509,606,449,460,483,599
509,614,448,460,477,599
500,612,451,455,482,605
509,620,443,446,484,606
505,623,451,452,478,602
501,611,451,455,483,601
502,609,450,456,483,605
509,613,447,460,480,599
509,608,450,458,483,599
494,620,441,461,478,610
509,618,453,447,479,608
497,615,438,456,475,611
505,607,450,457,480,599
510,616,452,462,471,609
496,621,441,460,476,611
504,624,450,458,471,606
509,616,447,460,475,599
506,606,452,455,482,599
496,623,436,461,480,608
508,622,452,448,476,610
497,618,447,458,481,608
510,623,439,455,482,606
503,627,434,459,481,608
495,621,446,460,480,611
505,624,446,458,467,606
506,631,437,457,483,606
508,627,448,462,476,598
503,631,433,459,481,608
510,628,449,459,481,599
508,637,448,462,473,605
504,646,438,458,480,610
504,631,454,457,484,603
507,645,454,449,479,611
500,652,437,459,479,609
499,656,439,460,479,610
505,654,447,460,469,609
508,653,440,454,482,608
509,648,449,460,476,599
504,661,451,456,470,610
508,664,452,453,470,610
508,664,452,457,471,608
503,662,447,461,474,603
506,666,440,457,482,607
506,664,449,461,471,605
500,665,445,461,479,611
507,668,451,457,472,608
502,656,452,456,483,610
510,664,445,448,484,607
499,662,447,458,481,610
503,662,436,457,480,608
509,660,448,463,474,602
499,668,439,463,479,612
499,667,440,462,480,611
498,650,439,464,477,610
508,657,449,463,474,604
506,655,449,464,472,605
503,651,438,458,483,609
504,629,455,459,484,604
507,641,452,456,470,608
488,636,445,460,479,603
507,628,447,461,473,603
508,626,447,462,473,603
501,617,452,459,484,605
509,623,450,462,473,603
497,626,437,462,480,609
495,621,437,464,479,610
497,621,439,462,480,611
505,618,446,461,470,607
496,615,446,463,480,611
497,616,442,463,479,610
508,601,446,461,474,599
497,603,437,463,476,610
508,597,445,462,470,603
503,598,446,459,469,607
496,597,435,459,478,609
496,586,444,458,477,611
505,587,442,460,472,602
503,576,447,454,483,603
504,580,443,459,473,600
497,575,448,453,482,603
503,585,434,449,481,608
504,582,445,441,478,607
502,579,434,450,482,609
506,572,435,444,481,607
500,574,445,455,481,605
501,550,444,449,481,603
501,546,445,449,481,605
501,552,432,441,481,608
504,552,440,441,477,609
505,547,438,442,479,609
501,537,444,450,482,604
507,546,438,452,479,602
501,558,439,454,468,606
503,564,444,448,471,611
503,566,443,449,470,611
510,566,437,443,483,606
499,573,426,454,475,607
496,580,431,457,478,609
495,591,432,460,480,610
508,594,436,443,483,604
506,598,447,447,473,608
505,617,446,458,469,607
507,618,443,462,476,600
501,636,430,458,479,607
497,636,445,463,480,612
500,636,447,461,483,606
503,638,450,459,484,602
507,643,450,460,485,599
505,662,452,453,475,609
506,663,453,449,479,610
509,657,448,448,482,607
504,669,435,456,485,609
507,667,452,449,479,612
507,671,455,453,474,615
504,673,451,456,473,610
509,658,452,455,490,601
506,674,441,448,484,611
497,679,441,458,482,614
511,674,450,446,487,612
490,679,445,458,482,615
501,663,460,452,487,606
507,676,452,442,488,613
508,664,462,449,487,606
504,676,461,441,487,613
494,681,452,453,482,616
507,669,465,446,475,615
505,665,471,447,488,606
504,679,469,451,476,609
493,686,467,452,483,615
493,686,461,451,483,616
497,677,474,447,487,616
492,680,470,447,485,617
502,680,473,439,490,614
506,681,473,439,489,614
505,672,481,449,485,606
497,677,485,454,480,615
506,679,487,440,485,616
501,678,491,454,485,609
500,683,502,443,487,617
495,684,492,448,490,616
495,679,512,456,480,619
492,681,519,451,492,616
495,663,521,465,484,613
484,672,521,462,490,610
494,683,513,464,489,620
495,687,522,463,482,617
483,683,513,458,489,618
498,680,525,455,496,618
491,671,524,462,498,611
499,669,521,462,487,611
489,672,520,463,491,608
498,675,520,464,481,618
492,667,520,464,496,610
500,677,513,461,494,617
486,679,503,466,490,622
495,663,498,464,489,607
502,661,485,463,489,607
491,667,463,460,491,619
495,642,469,455,492,612
499,655,464,452,483,615
502,642,455,451,490,616
504,622,444,451,494,612
502,608,440,465,481,610
504,598,437,466,489,602
507,595,436,456,492,610
503,586,436,460,483,612
502,575,424,463,492,611
506,557,430,467,485,600
507,557,427,454,492,607
496,554,420,465,487,610
506,548,424,455,489,608
504,543,434,450,485,609
503,528,437,457,490,599
501,537,424,455,488,607
501,534,437,448,476,608
507,528,430,447,488,602
503,523,429,446,488,602
502,526,443,446,477,607
508,513,440,452,480,597
497,522,443,447,475,605
504,519,448,439,483,602
505,515,447,437,484,603
504,515,445,436,486,599
500,517,454,442,473,604
491,512,442,446,481,603
503,506,458,433,478,605
497,510,453,431,486,600
492,509,443,440,481,601
496,505,450,432,485,600
498,488,459,440,483,596
503,485,460,440,484,599
502,484,460,441,485,597
500,496,457,431,485,599
502,495,459,444,483,591
492,492,448,438,483,601
499,492,458,444,478,593
496,488,452,440,484,600
504,483,462,441,472,602
491,479,448,446,481,601
492,478,449,445,484,603
504,473,461,444,482,593
506,476,464,432,479,604
494,470,453,444,483,604
494,476,450,435,486,601
500,474,454,443,477,596
507,467,458,432,477,604
491,466,444,443,483,606
501,469,453,443,486,604
505,456,457,434,488,598
503,468,454,442,485,594
508,473,452,427,483,604
493,479,438,438,484,603
491,480,439,437,485,603
502,481,446,444,482,597
506,465,447,439,485,602
501,492,444,446,477,600
508,491,447,432,479,606
502,503,441,444,471,601
507,488,445,441,483,601
507,508,444,440,472,607
505,503,442,443,482,605
505,515,439,447,471,602
501,519,439,434,482,605
507,512,443,441,486,598
503,528,431,440,482,608
508,525,442,432,483,607
501,519,444,441,482,602
507,532,444,433,481,606
506,535,444,437,475,608
510,536,442,434,482,607
495,534,435,448,479,609
508,536,436,434,482,605
506,528,441,444,482,598
508,536,435,449,474,599
507,543,439,434,475,608
501,533,436,445,482,604
505,548,435,443,470,608
507,546,422,443,483,607
508,553,432,447,467,605
508,552,429,435,482,606
505,547,433,448,482,605
502,566,420,444,481,607
506,568,424,444,481,607
509,562,428,438,477,606
508,571,432,439,479,609
508,563,433,449,481,600
507,577,431,444,473,610
497,577,423,455,477,612
506,566,429,451,482,601
510,581,431,443,474,610
506,580,425,454,470,604
497,586,417,453,477,609
505,585,430,452,467,606
505,583,427,453,471,606
509,575,428,453,476,599
508,583,427,456,470,604
509,586,433,440,477,610
505,592,433,449,470,609
508,589,422,448,481,606
504,580,436,452,482,602
497,589,431,455,479,611
503,583,436,455,480,605
498,592,430,457,478,610
508,595,436,449,477,607
507,595,439,450,474,612
509,591,434,460,474,603
510,583,436,454,477,599
498,598,424,459,474,604
509,594,437,448,477,609
497,592,432,455,474,610
495,600,425,463,478,610
505,598,440,450,476,609
504,600,438,457,468,609
507,583,440,457,482,600
507,598,439,447,479,608
507,600,436,456,469,607
506,585,440,458,481,601
509,588,438,459,480,599
508,598,435,461,472,602
509,585,438,457,481,600
507,599,438,462,473,605
506,601,442,454,472,607
511,593,439,462,482,599
507,604,442,456,471,610
511,597,437,449,480,608
511,600,439,451,483,606
510,597,440,449,478,608
509,591,428,458,479,604
502,595,431,465,479,610
508,600,444,453,483,599
499,587,445,461,481,605
498,584,446,461,484,609
504,594,447,457,471,610
508,591,448,452,476,610
507,590,449,449,479,607
511,585,440,452,483,607
505,573,450,459,483,598
510,584,450,450,480,608
496,585,441,464,478,611
504,588,447,465,470,606
508,573,450,458,484,599
502,573,452,460,483,602
507,573,451,461,485,601
501,589,436,461,481,605
508,586,450,452,476,608
507,587,447,460,471,604
504,573,453,459,483,601
506,585,435,462,484,598
507,586,451,453,473,610
511,582,447,451,481,607
510,582,442,453,483,605
506,586,438,459,484,605
500,576,450,459,482,607
494,585,443,461,481,610
500,587,434,463,482,609
496,582,446,461,481,606
506,586,431,459,482,608
497,583,437,463,478,610
504,588,447,465,473,605
502,587,435,458,481,610
508,580,440,451,486,608
497,579,451,461,484,609
504,587,435,454,484,607
509,583,452,451,480,605
505,582,437,464,480,610
511,583,448,451,483,607
510,585,448,450,483,607
498,590,437,463,477,609
510,578,451,450,481,607
506,587,450,462,471,608
503,576,452,459,484,605
508,580,452,452,471,610
510,587,452,451,478,609
508,587,449,464,471,606
504,576,452,460,484,606
502,576,448,457,485,603
506,590,451,458,472,610
505,576,452,460,485,604
498,586,443,462,481,610
510,584,447,463,476,602
509,572,451,461,485,600
506,589,452,455,475,609
506,588,447,466,472,605
509,583,452,453,472,611
510,575,450,461,486,600
502,578,451,460,484,608
513,586,443,453,484,606
500,580,445,463,482,612
509,583,448,463,472,606
497,573,444,463,482,612
509,570,448,464,473,605
497,570,440,463,481,612
503,553,451,459,485,607
508,560,450,450,480,611
501,550,450,459,483,609
506,559,433,460,483,608
507,552,449,453,470,611
510,552,443,450,485,606
499,549,446,461,483,609
500,549,447,458,483,611
496,554,443,462,482,612
508,554,445,461,473,604
510,550,448,462,476,607
504,555,440,452,486,608
509,555,442,453,484,609
508,558,447,460,473,607
510,555,444,449,485,609
510,558,446,450,481,607
508,552,450,448,482,611
508,557,445,462,473,604
512,556,446,449,486,607
512,557,447,448,480,609
510,557,448,448,483,610
506,563,447,457,471,609
510,550,447,460,482,601
495,555,447,459,484,609
509,547,448,460,487,600
508,549,450,458,486,600
508,548,448,457,485,601
508,559,447,462,475,604
497,563,438,462,482,614
505,563,448,464,474,609
503,563,435,461,480,611
509,558,447,463,475,603
508,557,440,451,484,608
508,558,448,447,480,611
501,562,448,461,471,607
512,557,450,449,484,609
504,563,448,458,473,609
497,555,448,460,483,613
507,559,444,450,485,608
512,558,438,455,485,609
510,559,440,451,485,607
507,561,451,452,476,611
505,562,448,452,473,610
510,556,448,447,483,610
506,564,452,458,475,611
505,559,439,455,483,608
510,559,451,450,481,610
510,547,453,459,485,601
509,558,451,450,483,610
509,547,452,459,483,601
511,557,449,449,484,610
506,559,438,458,484,610
508,563,452,453,474,613
511,548,449,461,483,601
512,555,448,450,484,611
511,556,446,449,484,609
505,561,452,454,474,612
510,558,448,449,486,609
499,548,448,454,479,611
510,547,450,461,483,601
511,559,446,449,485,607
511,560,444,449,487,608
509,557,440,454,484,608
508,556,451,448,482,609
513,559,447,449,486,608
509,562,452,460,473,612
506,548,452,458,486,605
510,547,450,459,487,603
511,558,449,449,485,609
498,566,446,463,483,615
506,563,452,457,472,611
508,559,441,455,484,608
508,560,440,453,488,608
510,548,450,458,482,600
511,561,447,462,475,604
500,564,438,462,480,609
511,559,448,449,484,609
511,554,447,462,478,602
511,549,450,461,482,601
499,556,446,463,482,612
503,543,453,455,482,607
500,562,439,463,482,613
509,545,448,460,485,600
495,548,447,459,484,611
507,559,451,455,473,611
512,550,448,450,485,608
511,548,440,455,486,609
512,547,447,448,485,608
499,541,445,457,485,605
511,540,442,449,473,608
509,527,432,453,482,606
507,529,449,453,473,611
497,511,435,453,486,608
504,505,445,456,476,605
495,498,437,446,484,607
508,477,443,449,487,601
498,478,433,439,486,606
505,468,442,446,483,601
507,455,444,441,486,601
497,458,429,438,486,610
503,454,439,440,474,606
495,449,425,432,484,607
500,433,429,434,482,609
496,433,429,436,482,612
505,437,439,433,474,609
503,440,436,423,486,609
505,435,438,420,480,610
506,432,441,422,477,610
505,431,440,425,474,611
501,434,435,418,485,609
496,434,430,424,485,609
507,418,440,425,485,604
494,429,426,424,484,610
492,425,428,429,479,613
502,426,438,431,471,610
505,421,440,426,484,604
502,411,436,427,482,616
492,426,428,422,484,609
491,423,426,427,482,611
503,406,439,424,482,610
495,414,429,431,481,613
496,410,428,428,481,613
506,413,443,414,475,613
491,407,424,427,480,610
505,412,441,422,473,612
502,410,438,414,479,610
495,414,431,419,485,607
494,405,428,427,480,612
504,393,439,422,480,608
491,414,430,418,483,609
499,400,436,426,482,612
500,410,436,427,474,600
493,409,427,427,480,613
504,417,438,428,472,607
502,417,440,429,471,611
503,415,443,417,478,611
505,414,442,419,472,612
501,422,428,421,484,610
509,407,443,425,485,605
499,409,435,429,482,611
500,424,434,416,486,609
506,417,439,419,477,609
501,411,439,428,483,610
494,423,427,430,481,611
506,418,441,427,484,604
492,425,426,426,483,610
499,416,433,430,480,613
493,421,424,430,481,613
507,424,439,422,477,613
502,409,435,428,479,613
506,426,439,421,475,612
507,416,438,427,483,602
506,425,432,412,482,608
494,424,419,428,480,608
505,425,436,430,472,611
502,429,432,430,476,602
502,429,430,432,474,607
494,429,421,424,483,610
502,429,432,432,478,603
503,426,433,433,472,611
506,428,435,417,482,610
504,429,429,427,484,601
496,425,422,434,480,611
504,428,433,417,482,612
508,427,438,424,474,614
504,432,434,420,485,610
503,428,438,421,478,613
503,428,434,430,482,601
502,416,432,433,472,607
507,421,434,432,481,603
507,425,437,431,485,613
493,430,438,420,477,612
492,426,426,435,481,615
506,432,437,422,479,611
494,435,424,429,484,611
494,429,423,433,479,612
500,418,432,434,481,612
505,420,437,432,484,609
493,420,431,436,482,612
504,435,434,436,470,609
503,423,433,433,481,615
501,419,431,434,482,612
496,435,428,430,484,609
508,432,434,424,474,612
507,432,440,424,477,611
502,433,437,422,483,611
505,433,434,422,483,611
501,436,436,435,474,607
504,436,435,435,474,607
505,433,439,427,474,613
506,433,438,433,470,612
507,432,440,424,479,612
503,433,438,434,483,601
504,436,437,433,470,610
498,437,433,424,487,609
506,422,435,435,484,608
494,437,425,434,483,610
495,430,427,436,481,613
493,439,425,429,485,610
496,438,428,430,485,610
505,435,437,431,472,610
509,441,430,430,486,609
506,435,435,423,482,612
495,429,425,439,481,611
505,439,436,436,474,605
506,433,435,431,471,611
503,433,442,425,477,612
503,437,434,423,485,610
496,427,427,438,481,612
507,432,441,425,477,612
508,437,443,434,471,611
507,434,438,432,475,611
504,440,436,437,479,603
506,437,436,425,489,610
499,437,431,426,484,609
496,439,426,435,483,613
503,439,438,438,478,605
504,439,438,438,477,606
510,427,442,433,487,605
506,432,440,434,483,602
496,438,431,430,485,611
508,436,442,430,473,611
501,435,441,431,473,612
508,423,436,429,485,607
509,423,441,435,486,608
505,434,437,437,476,605
498,436,430,430,485,610
505,428,441,434,482,602
495,433,427,428,484,610
506,419,444,433,486,604
497,425,428,436,482,613
505,430,439,434,487,612
495,427,426,431,483,611
496,423,428,433,481,612
497,430,429,428,484,611
505,427,441,432,487,602
505,432,435,436,477,602
496,432,424,426,485,610
508,409,438,431,481,603
494,433,428,433,483,610
504,432,436,437,473,608
499,424,428,437,482,612
509,430,441,429,473,613
503,431,440,429,473,611
497,428,428,436,479,614
502,419,439,433,484,611
508,424,443,427,487,602
505,433,438,430,471,610
509,433,440,427,477,613
509,432,440,433,486,603
508,430,440,434,486,604
502,431,441,433,487,602
495,440,429,425,486,610
497,434,426,436,481,614
506,436,438,428,475,611
500,426,424,436,479,611
499,445,428,429,484,608
506,444,437,432,472,609
505,447,437,423,484,608
495,451,423,433,482,608
507,448,439,430,472,608
506,451,439,428,473,606
496,459,437,435,477,597
498,457,439,434,479,595
499,460,441,424,484,599
497,452,435,440,480,602
497,461,445,436,485,589
497,471,444,443,477,588
490,462,441,446,483,596
489,486,435,448,483,593
499,499,445,451,476,585
502,498,449,447,487,589
504,545,451,439,485,588
503,572,448,444,487,588
498,587,448,455,477,587
500,589,452,450,483,588
504,582,451,455,492,579
498,579,453,458,490,585
502,575,453,457,490,582
504,585,448,448,490,585
498,575,454,456,490,585
502,586,449,459,477,588
507,585,448,448,490,587
499,583,448,460,482,581
501,593,440,456,483,590
501,592,440,452,490,590
499,588,433,455,484,589
504,581,451,457,491,584
505,592,451,449,483,594
494,591,437,459,486,595
503,593,436,454,489,592
498,599,431,455,488,593
503,598,450,449,482,596
507,596,446,448,488,592
503,588,449,455,491,590
493,604,441,459,485,596
505,586,450,457,490,586
505,603,448,455,476,596
505,591,444,459,485,585
504,604,445,461,478,593
505,597,442,457,484,586
503,605,447,457,489,588
507,607,435,454,486,596
494,612,441,460,484,597
508,605,447,462,486,587
506,612,434,455,484,591
497,619,443,461,481,597
497,627,434,463,484,596
508,624,444,453,486,594
499,634,436,465,481,596
508,631,446,452,482,594
504,636,452,456,479,599
507,640,452,454,479,595
500,641,447,466,472,593
507,644,439,463,483,592
502,648,450,463,472,597
497,648,448,472,481,596
506,649,445,469,472,590
494,653,444,469,479,598
506,635,451,467,483,587
505,654,448,469,467,592
507,656,447,472,467,590
509,660,439,466,479,594
504,663,451,465,466,596
496,656,445,468,474,596
505,661,453,460,468,597
507,656,446,472,469,589
505,663,454,462,463,596
509,659,450,456,475,593
497,666,436,471,475,596
505,663,453,460,470,596
507,650,449,469,474,587
506,660,447,458,476,594
506,658,448,472,472,588
507,654,448,472,473,586
503,669,448,464,466,594
508,663,447,460,479,593
505,665,446,468,466,590
504,654,452,468,483,587
502,669,449,469,468,595
506,653,446,459,476,593
502,668,437,471,480,598
503,665,438,465,483,596
498,659,448,470,483,597
498,656,450,469,482,596
509,664,446,462,482,596
503,668,437,468,480,598
498,668,437,471,480,598
505,654,449,469,484,596
510,664,440,461,484,597
505,664,440,463,484,595
499,654,452,467,482,594
497,660,447,471,482,597
495,656,450,468,483,594
507,662,446,474,474,593
500,655,450,470,483,598
503,666,452,464,472,601
500,655,452,468,482,592
508,651,450,469,482,591
502,655,450,467,480,595
508,659,446,467,472,592
508,664,441,460,479,598
497,661,444,473,473,603
507,662,447,472,469,595
501,651,451,469,480,591
502,661,450,468,477,598
502,669,450,468,475,601
502,667,436,469,476,601
504,667,449,465,466,600
508,664,453,457,472,603
497,666,437,472,474,602
500,658,450,465,478,600
492,664,443,474,474,603
497,667,438,471,475,602
506,664,452,459,470,602
496,667,441,471,475,600
502,652,452,468,479,595
508,663,440,465,479,599
507,664,452,459,472,601
507,663,447,472,467,596
506,666,437,467,478,599
506,666,450,466,465,601
505,665,436,466,475,599
507,649,450,467,481,594
504,659,435,465,475,598
497,664,446,470,475,603
505,651,454,466,479,595
499,657,447,472,476,600
506,667,451,468,466,602
508,663,438,463,480,599
504,666,437,466,478,599
506,663,437,464,478,598
509,660,449,457,477,597
504,665,448,471,464,597
507,660,447,471,467,595
500,657,447,470,473,603
500,665,450,471,461,598
495,663,442,469,472,599
510,661,448,455,474,597
504,665,436,470,472,598
508,662,454,458,468,598
505,662,448,471,460,594
503,663,452,462,458,597
505,665,438,468,465,595
502,662,453,457,467,594
494,664,438,469,466,596
504,663,447,470,461,588
504,665,438,467,469,593
495,663,445,469,467,595
498,665,437,468,468,592
507,651,450,468,467,585
506,654,448,469,463,585
504,662,449,469,458,592
501,650,451,466,473,590
503,665,437,467,468,592
508,660,447,456,472,593
496,664,438,471,469,597
503,662,444,459,473,593
496,656,445,468,470,597
505,649,454,467,472,588
503,665,437,465,471,594
495,663,443,470,469,597
508,649,453,466,473,587
508,652,450,468,472,585
502,662,443,468,471,597
508,660,445,458,474,594
508,648,451,467,471,587
503,648,453,465,473,590
505,659,449,471,462,590
509,648,449,468,470,585
506,664,450,468,460,593
506,662,439,462,472,594
504,665,451,464,461,596
503,661,448,469,460,593
510,648,452,467,473,587
508,661,446,457,475,593
505,662,444,469,463,586
507,662,452,459,470,596
508,654,451,458,473,593
503,664,451,467,463,595
506,663,441,458,475,593
507,663,441,464,474,594
507,659,451,468,475,588
495,661,443,470,471,598
508,660,449,456,472,594
496,660,438,470,466,595
507,650,452,467,476,587
495,661,447,471,471,599
505,665,450,466,463,595
498,655,449,468,471,594
506,660,447,468,472,595
500,664,449,470,462,593
503,665,449,474,462,595
497,665,437,474,470,596
506,647,453,468,476,588
497,662,443,471,471,598
504,665,449,466,462,594
496,662,444,471,470,598
508,650,449,472,469,598
503,659,451,457,470,596
499,664,440,471,469,598
503,662,447,472,464,590
496,650,439,467,467,598
510,661,446,469,473,597
508,660,446,470,466,591
502,655,451,468,474,597
498,664,445,470,473,599
507,662,454,459,468,597
501,664,437,468,474,598
508,660,452,461,469,598
508,657,442,457,476,595
510,660,452,457,471,597
505,665,449,468,463,597
497,666,439,472,473,598
512,661,439,464,477,594
506,668,450,468,465,595
502,664,453,468,476,594
507,662,448,471,466,592
499,653,451,468,475,594
510,647,452,468,477,590
504,665,449,469,463,594
504,666,450,469,464,596
507,662,455,460,470,599
508,649,453,468,477,591
508,660,442,459,478,595
507,663,452,461,467,600
505,667,450,466,463,597
508,649,452,468,479,591
497,664,443,473,472,600
502,664,435,471,465,600
511,664,438,471,471,600
510,648,448,468,480,599
510,663,450,457,473,599
510,658,446,472,469,589
499,660,443,470,474,599
507,647,446,468,477,589
511,658,442,459,478,596
511,662,450,459,472,599
503,648,450,469,478,588
507,663,440,462,478,597
511,650,450,468,479,591
511,652,446,466,472,590
507,649,450,468,478,592
507,662,437,465,478,596
511,660,448,459,478,597
511,651,447,473,478,588
511,660,444,472,468,595
511,650,446,464,477,587
510,658,445,472,473,589
511,650,445,471,473,590
499,662,440,471,474,600
498,659,439,472,476,600
505,667,449,468,461,599
512,652,449,471,477,588
501,667,436,472,475,599
511,656,445,462,476,589
510,656,444,473,470,591
512,662,448,459,476,597
510,655,446,463,469,599
504,662,440,463,479,594
509,660,447,473,469,594
498,659,441,468,465,598
500,662,446,471,476,599
507,665,446,471,467,599
500,665,437,472,476,601
511,658,446,474,473,601
510,659,450,463,469,600
503,647,449,470,478,595
508,662,447,473,465,598
511,644,449,468,478,590
504,661,436,469,478,598
498,660,436,472,475,600
512,645,450,468,475,602
514,653,446,468,471,591
509,643,450,470,471,601
512,643,450,469,477,590
508,657,435,472,476,601
499,654,434,473,471,599
508,650,436,466,475,595
510,656,451,460,476,601
499,655,437,459,475,597
510,657,451,460,473,601
510,657,451,459,473,600
503,661,435,474,474,600
501,660,449,469,467,600
508,658,436,466,479,597
512,653,445,459,479,598
508,652,443,474,463,594
500,662,435,474,476,601
511,652,447,472,471,591
503,661,433,470,477,596
503,645,450,468,475,599
504,647,450,468,478,597
511,656,450,459,476,599
504,652,449,470,483,586
509,662,449,472,480,599
510,659,449,462,470,599
506,646,449,469,476,591
510,656,447,474,473,591
510,658,451,460,473,599
505,661,435,473,476,598
510,645,450,468,476,596
513,645,436,473,469,592
504,647,450,467,479,594
505,647,450,466,479,597
511,657,449,459,473,599
504,655,436,465,473,600
511,648,449,465,473,591
509,661,451,467,467,601
505,647,448,469,477,596
509,663,450,470,464,597
510,659,438,466,480,598
512,660,439,466,478,598
513,659,442,461,481,596
510,662,449,470,479,590
512,659,452,463,473,599
511,645,451,470,476,598
507,647,450,469,480,594
507,646,451,471,480,593
505,650,452,470,481,598
502,666,437,470,476,602
512,657,448,459,478,598
507,659,439,465,479,597
508,664,446,473,474,592
499,664,436,468,476,600
510,660,447,474,467,597
514,652,450,470,481,592
506,647,449,467,476,598
511,662,452,462,474,600
508,663,449,465,468,599
509,664,451,471,467,601
509,662,436,469,477,599
507,648,451,467,482,598
506,650,453,468,479,595
514,656,452,458,478,598
503,657,445,472,475,603
509,663,452,468,466,602
515,648,448,471,479,591
499,662,436,472,477,600
512,652,447,471,474,588
512,649,446,470,468,599
509,662,448,468,480,600
510,658,451,462,473,599
508,643,450,469,478,595
501,658,445,473,478,600
500,665,439,471,477,602
511,658,452,462,472,602
502,660,444,473,475,603
515,653,447,470,478,590
512,650,443,460,474,596
513,654,447,469,479,590
512,646,446,470,480,597
508,647,452,469,481,595
505,663,437,472,479,601
501,653,448,469,478,597
500,660,438,473,477,602
507,660,447,473,468,598
509,661,448,468,467,598
509,660,451,461,476,595
510,659,451,467,469,600
500,656,444,472,477,603
515,656,441,460,481,599
513,645,451,469,481,592
506,660,435,471,478,601
508,658,436,471,477,598
507,647,451,469,478,599
511,658,452,462,473,601
505,655,436,472,475,601
511,660,447,474,466,599
510,660,449,468,467,599
509,661,448,470,467,599
513,651,445,472,472,590
513,654,449,460,476,599
503,650,450,471,479,600
513,656,450,460,475,601
504,648,452,469,479,598
511,657,449,458,477,600
508,648,449,468,479,596
509,660,446,465,468,602
512,659,437,462,480,598
509,663,449,472,468,598
510,661,449,469,468,600
508,662,448,467,468,600
509,659,451,469,468,602
504,664,436,471,477,602
511,658,444,474,472,594
511,657,450,464,474,601
507,663,434,466,477,599
503,661,436,473,476,599
512,661,446,475,467,598
513,661,438,463,483,599
511,660,450,464,469,602
505,652,450,468,479,598
512,662,451,463,470,602
506,662,436,472,477,601
511,654,447,472,467,597
511,653,448,474,471,597
511,662,451,463,471,600
512,662,452,461,473,602
513,657,442,460,481,599
515,660,444,460,481,598
512,660,452,463,473,601
515,659,452,459,482,598
510,660,451,463,473,601
512,662,437,467,482,599
511,661,439,465,482,600
508,658,439,465,481,598
511,663,451,468,469,602
516,661,442,460,482,597
504,664,436,473,477,602
512,657,447,461,481,600
501,661,441,473,478,603
511,661,451,464,469,604
511,664,454,460,475,600
509,666,435,469,479,599
506,653,451,469,479,600
509,664,435,469,478,600
512,656,446,472,473,592
501,665,441,473,477,603
499,653,447,469,478,599
506,665,434,470,479,601
508,648,451,470,482,598
512,666,452,461,472,603
512,667,448,468,468,599
515,651,448,468,481,593
512,660,446,474,471,595
516,664,444,464,473,603
512,651,450,469,484,594
513,652,449,466,481,595
516,659,446,471,479,593
502,661,444,468,480,603
513,662,435,459,480,600
507,661,449,467,481,599
502,672,438,468,479,604
512,665,447,469,472,595
514,668,446,456,482,601
515,666,447,458,481,601
508,659,450,466,481,602
514,668,438,461,479,599
514,655,451,466,485,593
513,667,454,453,480,602
515,657,454,463,484,595
515,661,445,455,478,599
510,672,439,463,481,603
512,673,452,464,470,603
514,671,441,460,481,601
505,675,440,467,478,605
516,661,454,464,480,596
507,678,441,466,478,605
514,664,452,465,476,595
509,677,441,462,481,603
510,676,457,459,472,606
514,675,458,456,472,606
512,653,459,459,487,596
514,658,458,460,484,596
514,671,456,451,483,603
505,664,453,460,479,604
515,675,461,452,477,604
505,679,448,464,480,607
510,676,460,458,472,607
516,662,460,460,486,597
514,672,458,464,473,600
518,674,451,451,485,603
509,668,459,459,484,604
516,673,456,451,485,605
516,665,459,463,487,596
503,674,454,465,483,606
511,677,448,462,486,605
515,656,459,459,480,598
517,673,448,458,490,604
515,661,457,467,487,598
517,654,453,470,490,596
518,654,444,462,484,601
513,657,446,476,478,599
512,646,439,466,489,603
505,636,434,475,486,604
509,619,444,470,475,604
510,608,427,472,485,602
513,590,447,461,478,606
515,566,448,456,482,605
516,535,443,461,487,593
517,522,440,444,490,603
502,500,432,453,486,604
513,461,445,447,487,603
504,450,430,443,486,605
509,430,441,436,483,593
508,419,440,429,480,593
499,399,446,425,485,601
510,387,446,417,488,595
503,400,441,423,475,594
505,396,445,407,486,599
507,386,449,406,482,601
491,386,435,413,488,599
488,380,436,412,486,598
496,362,449,414,483,595
500,363,451,411,487,594
495,359,449,414,484,601
496,360,453,414,486,597
497,374,454,414,487,589
494,375,454,413,488,589
492,383,448,406,484,596
488,385,448,408,487,596
489,388,452,418,477,591
488,387,453,418,476,593
486,372,449,418,482,601
490,370,455,418,489,589
489,382,461,416,473,597
492,390,470,412,485,600
479,392,464,416,488,595
478,385,460,416,484,594
487,383,479,417,488,588
469,389,466,418,486,595
472,385,466,424,483,598
476,381,467,425,482,600
484,390,480,420,485,599
488,377,483,416,486,596
486,398,477,425,486,589
486,395,484,416,482,601
475,400,467,420,487,597
473,400,468,423,487,600
486,394,482,421,477,600
487,400,482,415,485,598
483,394,483,423,490,594
487,402,477,422,476,599
482,402,474,422,475,598
484,400,458,423,483,601
483,392,472,419,487,595
472,399,454,413,483,600
481,401,462,424,487,593
484,392,462,417,487,595
483,398,459,422,490,595
473,397,438,428,484,601
477,388,440,428,485,605
480,402,435,414,487,602
482,397,432,428,486,593
480,398,430,427,482,604
472,389,417,433,480,606
478,411,423,432,482,595
480,411,419,426,488,593
481,399,425,429,489,600
478,418,419,432,483,595
478,418,418,434,479,596
470,406,409,424,488,603
475,418,418,420,489,603
479,403,421,430,487,603
481,420,417,432,488,608
480,403,420,431,488,604
467,414,425,428,477,605
476,421,413,423,490,603
482,416,422,434,475,603
488,415,423,422,482,606
484,417,421,431,476,605
485,413,424,423,481,606
479,408,409,436,484,607
474,420,409,428,490,604
484,418,416,422,488,604
487,419,422,432,475,606
477,420,409,426,487,606
487,407,423,432,488,604
484,425,419,433,476,600
488,422,421,430,477,603
489,410,423,429,488,602
482,424,420,433,482,597
487,425,419,430,475,603
475,424,412,426,489,604
479,412,411,431,483,607
483,408,421,432,485,608
476,425,409,431,486,605
492,413,424,428,486,599
492,422,425,423,477,606
491,415,426,430,490,598
488,425,422,431,474,603
491,424,424,431,474,603
493,422,422,417,483,606
489,425,426,414,483,605
489,414,423,425,482,605
495,427,430,412,470,605
488,436,418,413,484,604
497,435,432,412,475,608
497,441,430,415,482,605
481,459,416,433,482,606
497,455,429,434,482,607
498,481,431,439,477,598
503,494,431,442,471,604
497,497,430,446,483,608
492,528,420,447,480,605
505,530,434,454,474,601
504,541,427,439,485,603
495,550,435,451,486,603
501,568,437,461,473,605
504,577,439,456,474,606
495,580,433,461,484,607
508,584,444,450,483,605
506,585,437,465,473,599
507,602,432,461,486,604
510,606,441,466,477,600
512,611,433,463,486,607
507,623,446,460,478,609
501,621,437,452,488,603
498,633,433,470,484,610
511,629,439,470,489,598
513,636,442,457,487,602
506,648,434,468,486,606
512,646,437,466,489,605
511,634,448,468,491,599
511,646,445,472,479,603
512,647,448,459,487,608
500,648,446,469,489,611
510,655,449,470,477,607
511,658,447,470,475,605
511,652,448,471,482,600
508,664,448,469,477,607
510,665,448,471,477,605
501,664,445,472,485,612
503,668,439,473,487,608
507,654,454,467,490,604
515,666,450,470,481,600
509,673,441,465,488,607
515,669,457,463,479,612
514,658,455,469,490,608
519,669,453,457,490,606
515,670,458,457,487,607
516,663,453,469,488,610
514,672,457,457,489,607
510,674,458,459,485,608
513,659,461,466,492,601
515,673,459,457,479,607
511,668,457,467,489,606
514,664,461,466,492,600
516,670,454,465,484,597
512,667,461,464,492,603
509,669,460,465,493,605
512,675,458,468,482,602
509,680,447,468,489,607
514,665,463,465,493,602
515,676,458,468,482,603
518,678,462,453,491,607
516,673,460,467,487,599
516,670,459,467,482,602
513,681,462,456,485,609
516,681,460,456,488,608
516,680,454,462,493,607
514,683,463,462,480,609
507,682,444,468,489,610
515,680,465,455,489,610
518,669,460,467,488,600
513,682,454,460,482,604
510,680,446,467,489,609
519,676,452,457,494,607
518,665,457,464,485,600
516,678,460,458,489,607
509,679,448,470,490,609
510,681,446,469,489,610
519,670,456,472,487,601
514,675,445,466,492,607
504,674,452,472,490,610
517,671,454,473,487,599
514,674,456,472,481,606
515,670,455,472,487,607
513,674,458,463,483,610
509,678,441,467,491,606
517,671,456,472,482,604
516,671,452,463,493,606
516,671,455,461,488,607
520,672,453,470,482,602
519,668,456,458,493,606
515,668,455,473,483,603
505,672,448,474,491,611
514,673,456,474,480,604
515,672,457,466,484,595
514,673,458,469,480,608
510,677,444,475,490,608
516,660,457,473,488,599
516,673,460,464,486,610
517,671,456,462,481,605
510,660,459,470,494,601
514,676,441,472,490,608
511,677,442,469,493,608
513,673,458,460,490,608
518,660,454,472,490,598
516,675,442,471,494,599
505,673,443,475,488,611
513,674,449,461,492,607
516,668,449,475,484,602
509,673,452,471,492,609
518,673,452,460,486,608
513,665,450,466,495,601
516,676,455,460,487,610
517,672,449,473,482,604
507,674,448,473,491,610
516,662,455,469,493,602
513,679,440,467,492,608
514,677,451,473,482,604
516,675,449,472,486,612
515,679,455,466,481,612
518,678,442,470,491,610
517,664,454,472,490,600
518,676,457,460,491,610
506,674,450,471,486,603
510,663,453,472,491,600
518,670,448,474,487,601
517,680,448,471,479,607
519,675,450,461,493,608
518,674,452,475,484,604
514,676,442,468,481,609
520,672,445,460,493,606
512,667,453,469,494,607
516,673,451,473,484,603
509,662,451,469,489,605
502,673,450,472,492,611
508,672,450,467,493,610
508,671,447,472,490,610
520,671,455,459,494,608
516,675,456,467,481,606
516,676,455,474,484,604
510,680,445,471,480,606
516,662,456,470,495,599
519,669,450,466,493,606
519,679,454,468,482,606
516,679,459,468,483,608
518,675,458,459,490,608
516,676,455,470,483,603
517,681,460,463,481,610
519,667,458,468,490,599
517,670,461,453,485,610
509,681,447,466,491,610
513,665,460,467,494,600
514,680,459,468,481,606
509,671,460,465,492,611
513,668,463,461,496,605
513,667,461,466,493,598
518,676,464,450,488,610
517,680,460,466,481,606
517,667,464,462,496,600
507,684,455,465,490,612
507,682,452,459,496,601
515,681,464,458,484,611
520,667,461,461,491,605
510,671,462,461,494,607
518,681,462,463,480,607
516,681,464,459,482,610
511,667,466,462,490,612
519,679,459,451,489,610
519,669,462,461,493,600
519,681,466,449,488,611
517,682,464,454,486,612
513,672,463,453,493,604
517,680,466,451,489,611
513,683,464,460,494,608
509,682,456,463,489,612
520,682,451,453,493,609
513,669,467,457,493,607
509,685,452,459,490,613
516,680,466,454,480,610
519,681,465,456,491,610
509,687,452,458,490,612
509,670,468,454,496,604
508,688,450,457,490,612
516,681,462,444,492,609
513,684,470,453,479,612
506,687,460,456,490,614
514,684,473,442,486,612
516,678,460,447,494,607
513,684,474,446,482,614
516,682,469,442,493,610
508,673,476,451,494,608
510,673,477,450,495,607
515,686,475,447,488,613
511,673,472,452,496,599
513,686,475,442,485,612
515,665,478,446,490,605
510,675,475,452,493,610
505,686,467,450,490,610
517,681,471,440,494,611
504,680,473,451,492,613
512,687,475,452,480,609
512,672,478,450,495,604
507,689,464,456,489,612
514,687,470,450,483,604
514,680,473,454,483,606
506,688,475,455,484,606
517,677,478,454,487,604
515,686,475,456,494,613
514,669,478,453,493,602
515,684,476,443,493,610
514,683,475,456,480,608
508,688,479,450,483,615
513,686,465,449,493,610
512,687,460,449,491,609
513,688,478,455,481,611
513,688,478,451,483,614
515,681,476,455,482,611
517,676,472,458,485,610
515,668,473,456,496,603
517,678,467,457,495,601
518,675,460,448,493,609
518,670,458,461,485,604
515,664,460,457,493,603
516,678,443,458,491,610
519,669,456,450,488,608
517,668,450,465,481,603
519,669,452,451,488,609
507,666,445,465,486,609
519,653,447,460,490,597
504,664,442,468,487,609
512,656,451,462,491,605
512,654,446,468,488,598
508,653,446,464,491,605
517,655,442,471,486,598
515,664,431,463,489,604
519,659,440,458,492,604
513,665,442,466,478,607
508,654,440,468,488,606
516,662,439,472,489,596
516,651,438,468,478,598
511,652,442,467,490,601
512,662,427,468,491,602
514,648,442,469,489,594
513,664,428,467,489,600
515,661,432,465,490,598
499,657,435,472,486,600
512,662,445,459,475,600
513,650,430,468,490,597
516,658,437,457,490,595
509,645,445,463,491,596
509,658,441,467,476,595
508,654,444,455,480,598
505,642,444,461,490,590
507,651,439,464,479,592
497,646,432,463,486,597
495,650,428,462,486,597
505,649,437,462,478,592
511,639,437,448,489,594
502,633,427,455,488,593
494,619,429,462,487,597
504,599,438,460,478,588
508,580,440,458,490,584
498,584,435,448,492,592
496,570,437,455,487,594
501,568,428,455,487,594
508,560,427,444,491,588
502,552,429,448,488,593
487,552,435,454,487,597
506,538,437,455,485,586
504,544,437,452,487,594
505,537,438,453,477,592
508,516,441,450,489,586
509,516,439,444,479,596
509,499,442,445,490,590
507,490,442,443,491,592
507,481,439,444,487,588
503,493,433,446,483,588
496,487,425,447,487,599
509,485,440,435,484,598
496,491,427,441,490,589
502,487,430,436,487,595
508,471,440,431,484,599
505,465,435,442,473,595
506,461,434,445,478,595
510,439,437,438,490,596
494,452,424,441,486,600
510,451,440,435,479,601
506,446,435,442,481,595
511,437,439,437,490,593
511,436,440,436,488,594
495,440,424,435,487,599
501,423,432,437,484,602
509,435,441,428,473,601
497,434,427,427,487,600
505,423,436,435,486,603
509,424,443,430,491,593
506,425,435,423,489,598
506,445,438,437,479,596
507,460,438,442,479,603
502,455,437,442,487,603
512,460,444,440,489,598
505,478,440,448,480,595
509,487,440,449,480,595
511,481,445,444,491,593
512,486,446,436,478,593
511,480,445,446,489,602
500,488,431,449,487,604
508,492,441,436,489,600
508,492,444,449,476,601
512,484,448,438,484,604
509,492,439,445,481,595
510,490,444,449,484,593
512,486,446,438,490,601
508,493,441,438,493,606
507,498,443,451,486,596
512,495,450,442,483,605
509,491,447,446,492,599
514,501,447,446,492,598
508,508,442,450,485,606
513,528,443,436,487,602
499,534,439,451,488,605
503,544,443,452,489,603
512,550,444,452,486,596
513,560,447,451,490,601
514,558,446,456,487,594
510,564,449,451,492,601
504,581,450,449,482,606
513,602,438,448,491,600
511,609,445,462,479,599
511,603,449,458,492,600
515,615,447,461,489,597
512,632,434,454,489,599
514,630,447,465,485,596
508,642,434,464,485,603
503,638,444,467,487,605
507,638,451,466,489,600
513,638,448,468,486,594
511,648,448,471,483,595
509,660,439,470,485,606
516,659,454,460,483,605
516,658,454,457,489,605
505,660,445,471,485,606
515,649,454,469,487,595
514,653,456,470,485,595
510,665,457,457,485,604
507,673,446,469,485,606
514,672,449,464,488,605
512,657,462,467,489,600
505,667,458,469,487,607
514,668,459,473,479,601
514,667,460,457,486,608
513,678,463,462,477,610
517,663,460,469,488,598
516,673,460,457,488,606
517,669,460,471,482,598
512,679,460,468,476,606
515,665,463,468,492,600
519,669,460,469,486,599
512,669,459,472,482,601
515,678,463,465,477,610
516,665,464,467,476,603
508,667,460,469,487,609
518,667,457,465,487,601
515,675,459,471,482,601
516,664,463,467,491,600
510,679,457,460,490,607
509,681,447,470,488,610
517,667,461,467,489,598
518,679,453,463,489,607
510,682,447,468,487,608
516,681,463,459,477,610
515,680,461,457,489,608
517,679,459,468,487,601
519,666,460,469,492,599
509,674,459,467,489,608
520,678,457,455,490,608
520,680,461,456,486,610
520,679,459,457,487,610
515,682,463,459,484,609
506,671,451,471,484,610
514,684,448,465,490,609
515,677,458,469,473,606
511,683,449,466,488,609
510,686,461,466,478,608
521,683,452,459,491,607
508,678,462,464,490,609
519,670,463,466,487,600
515,682,453,461,491,609
515,686,452,462,494,603
520,684,464,453,492,609
520,672,465,465,488,601
518,679,465,464,484,604
513,687,456,456,492,607
518,683,473,452,488,609
513,674,472,461,493,606
516,688,474,456,482,612
508,680,468,464,492,608
509,681,468,465,488,601
519,677,470,459,492,599
506,688,460,466,491,611
514,672,459,463,492,610
506,678,472,463,494,608
516,671,474,462,497,604
507,682,466,473,491,613
515,684,466,460,496,607
519,680,467,458,494,609
520,667,470,467,498,602
519,668,466,472,495,600
520,673,461,461,495,606
515,671,458,468,481,612
519,649,455,473,497,599
508,672,438,474,492,607
516,665,447,462,487,609
510,666,434,473,492,607
514,661,448,467,479,609
518,654,444,473,486,599
518,654,446,460,491,608
505,655,442,473,491,609
505,650,445,469,486,598
515,642,450,467,493,597
516,649,448,459,491,604
508,639,447,463,491,593
513,652,453,460,484,605
515,650,449,468,480,599
515,638,454,466,491,596
505,654,450,466,489,607
514,647,451,466,481,597
503,651,446,466,488,608
503,651,450,462,488,608
516,653,458,452,483,606
508,654,454,462,477,603
516,650,454,449,491,606
505,658,443,462,487,607
513,650,451,461,482,599
507,646,453,459,488,605
513,639,454,459,489,598
514,637,451,460,478,596
512,649,453,453,474,608
507,652,450,463,480,600
516,649,451,449,489,606
515,638,455,458,491,601
513,655,455,454,478,609
505,645,451,460,488,606
509,640,458,459,491,601
512,645,448,460,473,607
503,644,442,465,482,608
508,652,444,456,489,608
514,643,457,449,486,609
513,642,454,462,482,601
511,638,458,458,489,605
516,642,452,459,488,597
511,654,458,457,476,610
511,652,455,464,479,604
507,652,461,455,481,611
512,655,457,464,477,608
511,656,459,460,478,611
515,640,462,458,489,602
516,647,454,462,476,610
513,648,458,460,486,602
513,651,458,464,479,605
513,640,461,462,494,602
503,650,457,465,486,611
503,650,461,462,489,612
513,649,451,456,490,609
510,655,463,459,479,610
512,652,453,458,493,608
512,656,445,453,491,608
512,643,463,463,494,601
504,648,463,460,491,609
510,654,463,466,482,607
511,656,452,461,493,610
505,658,464,455,485,613
512,658,463,456,484,612
512,656,463,455,487,612
513,655,455,452,492,609
501,654,463,462,491,609
501,653,458,465,489,613
513,650,460,451,494,608
511,659,460,465,481,611
502,662,450,463,486,612
502,664,450,466,491,611
508,662,463,462,479,612
499,664,450,467,488,612
511,655,459,465,488,601
511,661,461,458,490,612
511,649,458,465,492,599
502,664,448,466,489,609
511,658,462,455,486,611
512,659,457,453,491,609
503,663,445,467,490,611
511,664,444,458,490,609
510,664,456,457,484,612
512,650,453,464,490,603
503,665,438,466,488,611
511,664,455,458,483,614
503,665,439,463,490,612
503,668,438,467,489,613
511,663,446,455,492,615
512,663,446,455,490,610
513,657,445,468,487,605
513,667,434,460,493,609
512,666,448,455,485,613
511,668,442,469,478,611
510,666,444,473,477,611
511,663,442,470,478,609
513,650,442,472,482,606
515,662,440,456,491,611
507,667,431,468,488,613
502,664,435,470,486,616
512,665,446,468,476,614
515,654,444,471,484,604
508,651,446,468,489,613
518,662,443,459,489,613
513,657,441,473,477,611
514,660,442,473,477,611
514,654,446,461,483,613
517,640,445,467,490,605
511,632,447,466,492,609
511,645,429,469,485,612
505,645,443,468,489,617
513,651,447,466,480,612
512,656,433,468,489,612
509,659,446,473,481,605
515,649,449,470,496,607
517,662,453,462,482,611
511,653,453,467,495,611
514,666,440,466,493,614
515,652,456,468,496,610
510,660,454,470,492,614
517,652,456,469,495,610
507,656,447,470,488,615
518,663,458,462,487,614
508,656,440,473,487,613
514,661,445,468,493,614
511,667,454,473,482,614
509,659,454,470,494,617
514,665,453,473,482,617
513,662,453,461,495,616
507,666,442,473,486,607
508,663,449,473,493,617
519,659,454,473,488,606
512,653,457,468,495,610
519,651,456,469,491,604
518,662,442,462,487,617
516,663,445,466,496,614
509,656,456,469,493,613
521,663,459,464,483,615
516,662,454,473,484,607
515,669,456,472,480,610
518,664,445,462,494,613
519,659,453,473,489,608
512,668,442,470,494,614
504,662,453,472,485,618
520,663,446,464,494,613
518,668,459,463,486,615
519,664,459,462,489,615
522,655,454,471,489,605
520,655,455,471,490,605
513,647,453,471,490,606
518,665,458,464,486,616
519,665,460,461,489,614
516,665,457,460,492,615
519,669,443,470,493,613
516,667,443,468,491,612
511,670,457,470,480,613
518,666,458,464,483,617
522,660,454,473,486,609
522,667,456,463,493,613
518,664,454,472,483,609
520,663,455,474,483,608
521,666,449,474,483,609
518,663,460,462,479,616
513,666,441,472,489,615
520,663,454,472,487,617
512,671,458,467,491,614
519,671,445,473,488,617
519,669,458,461,487,615
518,669,455,474,482,610
510,666,452,472,490,615
520,670,446,465,481,616
510,665,453,473,491,617
518,669,455,474,480,610
510,663,448,470,490,615
522,666,458,460,491,614
521,667,453,456,492,613
518,672,457,467,483,615
509,662,454,474,493,614
519,665,455,474,482,612
520,665,454,463,493,616
520,663,450,462,496,611
515,666,458,472,481,613
513,649,461,472,495,609
519,654,455,472,490,605
518,656,460,462,487,613
520,655,454,474,483,609
509,653,448,474,491,616
512,644,458,471,492,612
519,637,458,472,489,615
520,649,450,462,497,611
518,652,443,465,495,611
515,649,458,474,484,611
516,652,461,463,483,614
516,635,462,469,491,604
520,645,461,458,495,611
507,649,454,466,493,609
520,641,469,471,491,603
516,650,463,462,496,610
513,651,462,467,492,613
515,639,477,466,497,604
510,650,470,469,492,614
506,653,470,468,491,616
517,636,476,467,492,603
519,649,466,461,495,609
518,637,469,462,493,601
516,651,474,469,481,609
511,648,474,470,482,611
519,634,473,467,497,604
519,634,473,467,494,602
515,651,472,468,483,610
519,646,469,456,494,610
515,633,472,465,496,605
500,644,469,467,492,615
511,636,469,470,492,615
513,650,472,458,489,614
514,644,470,457,488,612
513,642,465,455,486,612
512,649,466,465,482,612
515,640,455,460,491,606
510,649,463,465,481,610
515,637,463,467,490,601
506,649,463,466,480,609
512,645,452,460,492,603
509,646,446,465,491,599
510,628,456,467,489,602
508,639,453,467,478,595
511,622,454,464,488,594
506,633,451,465,480,593
504,614,453,462,493,596
509,618,436,456,493,588
500,602,447,466,488,590
499,601,448,462,495,586
496,606,439,463,488,588
488,611,438,451,490,585
496,610,427,462,489,586
491,607,441,464,490,586
494,605,445,461,491,585
500,607,438,458,480,584
500,609,445,459,482,580
505,604,442,454,493,579
505,603,448,464,488,573
504,610,440,457,493,580
501,610,450,459,481,584
501,611,450,456,482,583
498,599,452,461,493,580
501,612,450,457,484,585
503,597,451,462,494,575
500,613,448,459,481,586
505,597,446,462,494,579
502,614,429,462,492,588
496,610,435,467,480,589
504,616,441,467,481,588
507,614,443,457,486,591
505,617,427,455,495,589
503,613,428,457,494,591
507,616,440,467,494,591
501,614,424,460,493,592
496,609,434,463,493,591
496,608,431,465,492,594
507,609,435,465,488,587
496,613,436,466,490,596
497,620,427,467,491,586
506,614,431,455,494,593
507,619,437,460,482,595
500,620,429,466,490,598
508,610,437,467,492,586
506,620,439,461,481,595
511,604,444,462,489,588
497,615,439,465,491,603
507,609,447,462,494,595
512,609,446,464,492,590
510,624,437,460,493,598
509,626,448,461,481,601
510,627,448,459,482,602
510,613,449,462,495,591
511,624,434,454,486,601
496,623,444,463,491,604
499,626,433,463,491,604
511,622,445,451,490,600
510,628,448,455,485,603
510,629,448,455,487,605
504,622,449,460,494,599
504,624,447,461,493,600
507,633,437,458,494,602
507,638,447,464,480,601
512,639,444,464,482,604
513,636,442,453,492,599
511,637,453,454,489,604
512,625,455,453,492,593
510,643,452,468,484,601
503,637,450,466,491,603
514,640,453,467,487,597
507,634,458,464,494,600
514,643,456,469,483,597
514,637,458,467,489,593
515,645,457,455,495,598
506,649,454,469,491,602
515,647,468,472,483,599
513,648,460,466,495,604
516,648,463,466,496,601
506,643,472,473,492,604
518,629,477,472,494,594
519,627,477,473,494,595
514,641,476,475,482,602
516,632,466,464,492,603
518,634,477,461,495,602
518,635,472,464,496,602
518,635,480,464,492,604
513,637,482,469,484,605
507,632,477,476,494,606
512,635,468,474,495,604
517,636,482,467,490,607
513,626,479,473,495,602
513,623,480,474,498,598
512,638,478,471,483,605
517,633,473,477,485,596
520,633,463,469,481,605
513,636,458,474,494,605
513,636,459,476,495,606
521,628,467,480,490,597
520,634,472,465,491,603
518,639,466,479,486,605
518,633,470,465,487,607
515,638,465,480,484,603
515,638,454,472,496,604
519,634,460,468,496,602
508,631,457,477,489,604
518,633,466,468,494,605
518,625,466,476,497,601
521,622,460,479,496,596
522,634,460,479,492,597
512,637,465,474,487,609
512,640,448,479,495,606
518,624,462,476,499,597
522,623,462,478,495,599
521,635,462,465,492,607
521,636,453,467,498,605
516,639,459,477,499,600
523,640,448,471,498,605
519,638,455,481,486,601
520,636,463,467,493,606
508,641,449,482,493,608
518,637,456,472,483,605
515,631,460,475,499,601
521,645,459,472,489,607
517,643,454,481,487,602
520,648,443,475,495,606
517,646,444,475,498,605
517,647,458,472,488,606
519,643,454,477,486,599
521,642,457,466,496,605
511,638,457,477,495,606
514,645,445,476,496,606
512,636,458,477,493,607
512,648,444,479,494,607
511,648,441,478,496,607
521,631,459,477,499,597
511,648,447,482,495,609
521,643,461,470,490,610
523,632,458,478,496,599
511,637,456,478,496,608
521,631,456,477,495,605
518,647,464,473,489,609
521,631,460,478,498,598
521,640,459,468,498,606
518,644,447,473,498,605
523,640,456,466,496,605
524,635,455,467,497,605
525,642,452,468,499,604
517,648,462,473,488,608
522,646,451,472,499,606
515,647,448,475,495,607
514,649,450,474,497,602
512,656,448,479,494,599
509,654,451,479,495,610
512,657,447,480,493,609
520,658,459,482,487,604
509,661,458,479,496,612
522,649,465,479,500,600
507,664,459,480,498,614
514,657,468,475,500,604
513,668,452,480,497,612
519,671,454,469,502,607
508,671,454,475,499,612
511,673,470,469,491,611
519,658,471,472,502,610
515,674,469,476,488,608
515,674,469,474,488,609
518,671,470,475,492,605
521,671,473,462,499,611
520,661,473,471,502,604
512,679,459,475,499,612
522,667,469,473,495,603
513,679,473,469,489,612
521,671,472,461,501,613
520,672,472,461,497,612
519,675,474,461,494,612
521,665,472,472,500,604
510,673,469,472,500,611
511,678,466,463,503,609
523,665,472,470,500,601
518,679,468,471,493,604
511,672,465,472,491,614
512,682,453,473,499,613
512,682,467,470,489,613
522,677,461,476,492,606
522,679,455,461,501,610
512,684,452,476,498,615
519,665,463,472,502,603
519,681,457,473,490,610
525,677,455,464,503,609
512,674,455,475,500,614
518,681,445,471,500,612
525,673,455,476,496,612
523,677,455,477,492,605
515,681,443,475,499,610
517,683,444,474,500,613
521,678,456,477,489,608
520,681,454,478,492,607
512,683,443,476,499,612
524,671,454,477,494,604
512,673,453,476,500,610
514,679,454,478,490,608
524,675,453,466,501,607
524,681,450,475,487,612
520,676,452,478,490,607
523,671,455,463,499,612
525,669,446,467,502,609
520,672,447,474,487,612
522,672,449,465,490,613
526,665,438,465,500,610
521,660,444,477,486,607
510,659,443,478,493,615
515,648,450,473,498,606
522,660,449,472,483,611
517,648,448,473,494,608
521,642,451,473,493,602
523,654,442,465,494,608
520,657,451,468,486,611
521,643,450,474,494,602
519,652,446,478,481,603
519,649,439,471,493,608
517,635,451,474,493,603
514,650,439,473,493,607
522,643,448,478,488,599
518,640,444,481,476,603
508,651,441,479,487,610
522,646,442,465,489,605
516,645,449,465,488,606
515,652,451,473,476,607
518,642,449,478,481,598
512,650,438,474,490,605
516,644,449,465,487,604
517,646,445,470,489,606
506,640,450,475,486,608
516,647,452,466,485,605
509,636,456,472,487,600
514,644,434,474,485,603
512,632,453,474,487,599
502,640,441,476,484,607
499,639,439,475,485,607
515,629,449,476,482,597
512,637,452,472,476,607
514,621,450,463,483,606
512,628,451,471,478,606
511,610,455,465,489,600
506,622,441,469,485,607
504,621,441,471,488,602
515,613,455,455,485,605
506,617,441,470,485,606
512,595,455,464,491,597
509,607,455,454,484,606
510,609,439,463,488,605
503,608,441,467,487,603
513,601,453,453,489,605
508,606,440,466,485,606
512,599,449,453,490,607
508,603,442,463,487,605
507,606,442,462,486,605
513,598,452,464,483,597
513,599,452,454,488,604
511,604,455,459,477,606
513,601,451,466,481,599
512,600,452,463,476,601
514,600,442,458,485,604
513,586,456,460,488,595
512,587,455,457,485,594
514,597,456,449,481,601
513,596,457,450,486,601
512,584,457,459,489,591
510,602,453,460,474,600
510,596,451,462,476,591
510,595,449,450,482,595
509,596,447,451,488,595
498,598,446,463,484,598
508,599,455,458,476,598
506,582,457,460,488,588
509,589,452,462,478,589
505,582,454,461,487,588
507,593,452,465,477,588
497,581,449,462,485,596
504,596,452,460,475,590
504,591,454,455,474,593
508,588,452,462,478,587
501,576,454,460,475,593
503,579,456,458,489,583
505,594,457,454,478,595
498,589,456,461,486,592
506,590,452,463,475,591
504,587,452,463,489,585
502,594,454,460,475,591
495,587,447,459,482,591
508,590,452,451,486,588
494,594,444,464,484,591
495,594,443,463,485,591
496,589,447,463,483,591
501,572,457,456,483,587
492,593,443,464,485,589
506,589,454,452,484,590
502,581,448,452,485,590
501,593,457,462,475,591
497,580,456,460,487,593
501,590,456,459,475,592
499,577,457,459,486,588
507,586,448,453,487,590
496,591,443,464,486,593
505,574,457,460,489,584
506,583,455,465,482,592
505,574,456,462,486,582
504,585,456,451,485,593
490,582,454,464,485,594
506,586,455,452,487,591
506,588,441,457,487,589
503,587,452,467,476,589
501,578,455,462,487,588
503,587,445,455,486,595
507,585,449,454,487,591
506,580,452,465,474,588
501,578,458,462,487,589
496,584,443,466,488,593
496,591,446,465,484,595
497,588,454,453,478,587
496,584,457,459,488,591
500,578,456,462,489,591
505,591,456,461,476,595
496,577,457,461,488,590
496,587,449,466,483,596
498,585,443,465,476,586
496,593,451,466,484,598
509,587,456,452,483,594
501,578,456,462,486,595
496,581,452,464,483,597
498,590,443,465,484,597
507,587,454,465,473,591
505,589,442,464,482,597
507,585,448,466,477,591
507,589,458,463,484,586
509,590,457,456,480,598
511,583,458,451,478,596
509,581,453,465,477,590
506,592,456,461,472,597
506,593,456,464,472,595
503,593,441,453,485,598
506,593,455,460,473,597
513,589,449,454,486,596
508,590,453,466,477,591
504,588,444,464,482,595
506,594,454,465,473,597
513,591,452,454,486,596
502,590,451,464,484,597
509,582,460,461,486,591
510,599,453,465,473,595
511,594,454,467,475,590
507,600,443,466,484,594
512,597,460,454,483,596
512,587,458,465,487,586
514,588,460,465,489,586
505,597,454,466,484,594
512,600,454,468,479,587
513,604,460,456,481,597
509,611,457,471,487,599
506,612,443,468,484,596
512,602,455,455,484,595
513,606,456,457,487,595
511,610,451,458,489,594
507,604,460,464,487,591
513,605,456,469,481,586
515,618,451,459,485,593
509,615,456,456,483,591
505,623,458,468,474,597
507,608,457,468,484,585
506,611,462,467,489,592
511,617,461,460,484,596
503,621,453,469,484,598
515,615,452,458,489,595
511,613,455,468,479,590
502,618,443,466,484,596
497,610,455,468,486,597
506,615,459,460,474,597
507,612,457,469,474,591
506,608,455,468,473,595
506,607,458,461,472,599
505,590,458,463,489,592
512,591,456,463,486,599
508,589,457,460,488,589
505,606,443,467,481,597
512,601,444,458,486,594
501,606,447,466,482,599
498,599,449,462,481,599
499,604,443,466,482,599
510,601,446,459,485,596
513,602,454,452,480,595
508,601,447,458,485,595
512,604,453,464,473,596
511,600,454,453,484,596
511,600,447,455,486,595
505,602,457,454,478,596
510,604,444,459,487,588
510,602,458,453,479,596
500,607,443,466,479,598
512,602,453,451,480,597
509,606,454,461,471,595
512,602,454,452,481,598
513,594,449,451,488,595
508,606,454,461,472,595
505,607,442,460,483,597
501,607,443,457,482,595
511,589,457,459,484,588
507,595,440,460,482,593
507,605,454,460,469,597
508,602,456,454,473,597
513,599,453,449,481,594
514,593,451,464,482,588
513,599,441,447,484,592
498,602,449,460,480,597
497,593,456,460,481,593
499,600,449,462,478,597
509,599,454,451,471,584
502,588,456,459,484,590
508,595,452,463,477,588
503,587,456,458,481,593
499,598,449,461,479,597
496,601,442,461,481,597
508,597,457,453,474,596
511,593,453,451,484,595
507,597,458,452,476,597
505,595,453,463,470,594
505,597,456,458,469,598
509,596,456,449,482,595
509,594,456,449,484,595
509,584,450,451,485,596
509,595,450,452,486,592
510,582,456,462,480,588
505,586,457,460,488,594
495,596,446,464,483,599
511,594,454,465,474,593
505,597,443,461,481,597
501,589,456,459,484,589
511,588,454,465,477,588
501,597,444,464,483,598
511,595,444,460,486,595
508,596,459,456,481,597
512,583,455,461,488,586
511,594,455,452,486,595
503,600,442,462,484,596
513,591,453,452,487,595
508,594,453,466,479,591
510,590,459,465,480,589
509,594,449,457,489,594
501,600,443,465,483,600
507,583,455,464,483,587
505,582,459,462,486,595
510,592,449,454,487,594
507,596,458,459,477,596
498,594,447,466,483,598
509,592,447,453,486,597
509,591,454,465,478,591
507,594,455,465,473,593
504,591,447,459,487,595
509,591,459,454,481,597
508,578,458,463,487,586
511,586,454,463,482,586
503,596,455,467,475,594
509,588,456,465,480,589
506,586,455,466,477,587
503,573,458,458,484,590
508,577,460,463,487,585
497,588,452,466,484,595
503,590,457,454,481,593
508,579,458,460,488,584
507,587,459,458,478,595
508,592,445,458,485,593
497,595,448,465,484,592
503,591,443,455,486,592
498,593,445,465,484,592
497,583,455,463,484,590
507,575,455,464,486,582
510,587,455,454,488,590
498,591,442,466,480,591
505,583,459,457,477,593
498,580,458,462,487,590
508,578,455,464,485,582
507,578,454,464,484,582
510,588,450,452,489,590
505,588,460,454,480,593
496,583,454,462,484,593
503,591,458,461,474,594
507,587,448,453,487,590
509,576,457,464,486,584
508,579,455,466,480,585
495,580,457,462,486,591
504,591,458,462,474,595
503,592,458,462,477,594
501,581,458,462,488,590
510,579,456,465,483,584
495,588,453,464,486,585
505,590,455,468,476,592
505,588,445,464,485,591
499,594,444,464,485,596
500,593,444,462,484,593
508,591,457,455,481,589
507,595,457,460,476,595
499,585,454,463,486,594
510,578,456,462,485,586
506,595,456,461,478,595
509,578,456,462,491,585
503,588,453,452,489,599
502,586,457,463,489,593
508,592,458,458,479,596
509,580,459,461,491,589
510,579,458,462,491,587
509,572,459,458,487,589
508,595,456,469,476,597
509,591,450,452,490,596
507,592,461,455,483,596
511,591,455,466,486,598
498,590,452,466,485,597
499,583,453,464,486,595
499,588,452,466,486,597
499,588,449,466,485,597
507,586,453,466,481,587
501,581,457,462,490,593
512,585,454,466,486,585
510,595,456,458,477,597
499,593,451,466,487,597
508,592,446,462,489,594
509,590,460,452,480,596
501,579,454,463,485,597
509,593,454,465,476,592
507,593,443,463,487,596
507,592,459,458,478,597
511,589,456,453,489,594
501,586,457,463,489,592
507,596,458,457,481,597
511,579,458,462,490,584
513,584,447,453,487,592
504,593,443,463,487,593
510,594,444,459,489,594
511,581,457,464,488,586
513,588,453,454,490,592
510,595,457,469,476,595
509,580,460,463,489,590
511,592,455,466,481,592
514,591,454,454,489,592
512,578,459,462,490,587
512,593,446,459,487,593
501,586,458,464,488,595
497,595,445,468,485,597
511,592,458,457,483,597
511,589,450,468,476,587
510,595,459,457,481,597
511,591,458,456,482,596
514,592,456,454,485,595
506,594,459,458,481,598
500,597,443,467,485,596
515,591,455,454,488,593
512,588,453,466,481,596
501,591,450,466,485,598
511,580,460,464,489,589
509,595,455,466,477,592
500,595,443,468,483,596
510,594,443,466,489,595
510,596,459,464,478,598
500,594,443,467,486,596
503,597,446,466,486,598
505,585,457,464,489,593
516,591,449,458,488,595
514,592,454,455,490,593
515,591,455,455,492,594
504,584,458,464,490,592
515,591,456,454,490,595
511,592,459,454,485,597
512,593,447,457,489,593
512,579,457,466,486,586
503,582,457,464,489,592
512,590,450,456,491,595
502,587,457,463,490,595
510,596,456,466,477,596
507,595,444,464,488,597
514,591,459,456,485,596
502,584,455,466,487,597
500,597,446,467,487,597
512,594,444,461,488,595
511,593,460,455,484,596
515,581,458,464,489,588
509,593,445,463,488,595
502,598,444,468,485,597
500,598,452,469,486,599
503,591,455,467,487,597
511,589,453,468,479,591
510,595,455,463,477,597
514,582,456,466,485,588
514,580,457,464,486,586
511,594,455,468,478,594
513,591,449,455,491,594
510,582,458,464,492,589
509,595,458,462,477,597
511,596,460,460,478,599
515,593,456,452,490,593
514,592,459,453,488,594
503,598,445,467,486,598
503,592,456,465,489,598
509,596,444,464,488,596
509,596,454,466,477,594
512,594,445,467,487,598
515,588,455,467,484,589
507,580,460,462,491,590
510,597,458,465,477,595
509,597,456,465,477,595
511,579,459,464,491,587
511,587,453,468,485,587
506,595,455,469,479,593
509,595,458,460,479,598
504,600,445,466,487,598
514,584,455,468,487,588
510,598,459,459,479,598
512,597,456,465,477,596
511,598,459,459,487,600
508,583,457,468,487,587
503,597,445,467,487,599
508,594,445,461,489,594
515,583,456,466,488,588
509,596,444,465,489,595
510,597,457,467,477,597
502,593,451,468,488,598
513,589,458,454,482,598
511,596,443,464,488,595
507,600,443,467,487,598
506,598,455,467,473,595
513,591,454,468,487,588
510,600,454,463,479,598
513,594,459,456,482,597
513,581,458,465,487,589
503,600,445,467,487,599
514,595,447,460,490,594
512,600,454,466,478,593
504,599,441,467,486,599
504,586,458,464,489,598
509,594,447,462,490,596
514,593,457,454,489,595
507,597,458,455,483,598
513,583,457,464,490,586
508,601,443,463,488,596
514,582,456,466,490,587
509,600,458,463,478,599
514,590,455,467,484,589
510,602,458,462,477,599
514,593,450,451,492,593
502,600,447,469,485,599
511,596,458,455,484,589
503,587,459,465,488,595
509,588,456,467,488,587
502,601,452,468,487,598
511,597,455,467,478,598
504,593,455,466,488,600
511,598,453,469,480,592
505,592,453,459,490,593
511,598,459,462,478,598
506,600,443,468,485,598
514,593,456,453,492,595
510,601,457,465,477,599
501,594,451,467,488,597
511,583,459,464,491,588
513,581,458,464,491,589
511,600,458,463,478,597
511,584,459,464,491,591
514,598,445,460,490,597
514,595,460,454,486,596
503,597,452,469,486,600
510,599,456,463,477,597
507,597,455,468,478,591
511,598,457,462,476,599
504,598,443,467,486,598
517,585,455,464,488,588
513,595,453,468,482,592
505,590,454,465,488,597
516,594,454,469,482,590
513,595,458,454,486,598
504,595,452,466,486,600
517,589,450,452,488,595
513,596,459,457,481,599
505,600,445,467,485,599
506,587,459,463,490,594
509,590,458,465,490,597
509,587,461,463,490,594
516,594,452,455,491,596
513,593,454,469,480,592
511,601,444,465,488,598
516,591,453,468,482,590
514,595,453,468,480,593
513,586,456,464,489,600
514,595,451,455,490,596
504,594,454,466,487,600
505,595,454,466,488,597
510,600,455,464,478,599
503,599,446,468,485,599
512,584,459,463,490,592
515,596,455,454,487,597
517,590,454,454,488,597
512,599,454,469,478,597
513,601,455,467,478,596
512,595,459,458,474,600
512,602,456,464,480,598
513,596,446,463,488,597
512,603,458,463,478,600
512,602,457,463,477,600
509,591,457,465,489,597
512,596,449,462,488,598
510,587,459,465,490,591
511,591,455,466,481,590
515,593,456,467,484,589
508,589,455,463,492,592
514,597,458,454,483,600
505,596,455,466,489,598
519,597,445,459,489,597
511,601,455,462,478,598
517,595,451,456,489,597
516,598,459,455,483,600
504,605,446,467,488,601
510,601,450,457,490,599
503,593,455,466,487,599
514,593,449,468,483,591
517,587,455,461,493,590
510,585,459,463,491,594
514,603,452,462,478,595
504,592,452,467,486,601
513,604,455,466,476,597
518,599,452,457,491,597
512,586,458,464,491,591
509,584,459,465,488,592
514,600,461,454,483,601
513,599,461,467,489,596
510,585,459,464,489,593
513,599,459,457,483,600
508,600,446,462,484,602
510,595,450,467,487,601
510,594,453,468,481,590
512,598,458,456,484,601
515,597,459,455,486,601
503,605,446,468,486,602
508,587,459,462,492,594
510,593,454,459,475,597
512,603,457,462,480,600
510,586,461,465,490,589
517,596,452,458,492,598
517,596,455,454,491,595
513,602,457,465,477,600
512,598,453,469,477,595
506,589,459,465,489,597
503,602,449,469,486,600
512,601,455,465,478,600
507,594,455,466,487,600
514,600,454,468,482,593
513,600,459,459,480,600
516,597,456,456,488,597
504,593,457,466,488,597
515,600,459,455,484,599
515,587,457,467,487,589
512,602,458,463,478,598
515,596,449,460,488,597
515,598,453,468,480,594
503,589,459,464,491,595
506,588,454,463,486,602
508,603,444,468,487,603
513,600,455,460,478,601
511,602,460,460,478,604
510,588,459,465,490,598
518,596,456,455,488,602
508,605,445,463,487,603
516,600,460,460,482,604
512,585,461,464,493,594
515,601,461,454,481,605
509,602,457,466,479,603
512,600,454,470,478,598
515,599,456,469,479,600
520,598,457,455,489,602
518,600,448,462,491,602
505,599,451,467,488,606
516,594,456,456,479,602
516,589,458,466,494,594
513,603,458,464,492,603
505,604,447,468,487,606
510,605,447,466,488,604
518,587,455,467,486,594
506,601,453,464,487,606
515,598,447,460,490,601
515,598,459,455,486,603
504,605,446,468,487,607
517,596,455,469,483,597
517,590,457,462,491,594
515,594,460,456,485,605
513,600,447,461,494,603
513,600,444,461,491,603
515,600,455,454,486,605
516,601,460,455,486,605
515,600,457,467,478,602
516,601,459,457,484,604
514,600,460,457,484,606
507,604,445,467,489,605
519,591,453,453,488,601
514,587,460,463,494,600
513,600,445,465,491,603
514,600,455,458,482,603
519,600,449,455,493,602
504,602,442,467,489,603
506,592,447,469,485,604
519,586,458,466,495,595
505,604,445,471,487,605
516,598,455,469,479,599
513,589,462,464,493,599
514,605,455,458,479,606
513,590,460,464,492,600
519,586,457,465,491,594
507,604,446,469,489,606
517,597,455,457,490,603
507,593,455,466,492,605
510,605,445,465,490,604
518,601,450,456,492,602
506,598,452,468,488,604
517,599,449,458,492,601
516,588,460,465,492,595
506,601,450,469,488,605
515,597,455,466,478,602
515,601,445,465,490,604
512,587,459,464,492,596
512,592,458,464,491,600
518,589,456,466,487,594
505,603,450,467,489,606
516,587,456,466,490,595
518,586,459,465,489,595
519,589,458,467,494,595
513,602,453,467,476,599
515,603,460,459,484,605
511,606,443,467,489,605
518,595,454,468,483,598
509,604,458,462,479,605
515,602,461,461,481,605
513,602,458,465,479,605
513,599,454,457,491,602
518,594,455,468,486,595
517,603,460,458,481,605
518,600,455,470,481,600
518,593,454,455,489,603
518,603,447,463,493,603
511,594,457,465,491,602
517,598,453,455,488,603
518,587,458,465,493,596
516,603,444,465,491,603
508,609,445,469,488,606
520,589,459,468,491,593
520,600,453,455,484,604
518,600,459,467,487,607
503,594,459,466,491,603
514,596,444,461,489,603
513,588,459,465,492,602
510,602,459,458,481,606
513,585,459,464,492,600
507,604,446,469,488,607
520,596,457,468,485,597
506,606,445,469,489,607
518,601,451,455,490,604
520,599,451,456,492,602
517,598,454,468,483,600
515,601,460,456,485,607
506,598,452,468,489,608
511,605,445,467,488,605
515,604,458,465,478,604
516,599,460,454,479,606
506,604,446,465,484,607
515,588,459,461,489,596
507,596,452,462,486,604
520,601,451,446,486,598
513,606,456,455,473,603
518,598,453,448,486,601
502,601,448,461,483,606
505,594,456,460,486,601
506,599,452,460,487,601
502,607,443,463,481,603
511,608,455,461,475,603
517,603,450,450,488,605
513,599,450,463,472,599
513,592,458,460,487,596
516,604,448,450,486,602
512,606,443,460,488,602
516,586,456,457,484,594
512,595,457,461,488,600
518,604,456,450,486,601
510,593,458,460,490,600
506,595,458,461,490,599
518,595,455,465,487,595
516,601,453,466,482,595
515,594,458,462,491,596
511,610,442,464,487,604
514,609,454,467,475,599
516,607,453,453,486,603
510,603,457,463,487,598
515,612,454,467,478,598
505,613,450,464,484,604
514,602,459,463,484,598
514,620,458,459,476,603
513,604,460,464,490,596
505,613,454,466,484,604
514,623,455,464,475,602
511,613,457,467,486,601
508,625,443,463,485,604
514,626,458,464,476,605
519,611,456,463,487,595
517,626,455,454,485,602
507,629,445,467,484,606
517,612,458,463,488,595
510,625,459,455,483,602
516,622,453,466,479,595
517,613,458,465,488,594
518,620,456,469,483,595
518,605,454,465,486,592
515,622,454,469,478,599
511,624,445,470,485,605
518,624,460,457,481,603
502,624,447,470,484,606
515,600,460,463,488,597
512,616,453,469,479,599
513,619,455,465,476,601
517,613,455,464,488,603
515,611,455,469,483,595
518,614,453,456,489,601
515,615,460,459,479,604
520,612,449,456,490,601
514,603,459,463,490,598
512,600,460,463,489,596
506,611,449,458,478,598
518,613,451,454,487,603
507,616,446,468,484,606
514,601,461,465,488,600
519,607,455,468,480,595
519,611,453,455,484,604
513,607,455,470,482,595
505,612,453,466,485,607
515,601,459,463,490,596
515,609,443,466,487,598
505,616,445,470,485,606
516,616,460,461,478,605
509,618,446,469,486,605
520,612,452,455,491,600
510,617,446,468,484,603
519,616,457,456,484,603
512,614,460,457,483,604
515,614,454,471,477,598
508,614,442,469,485,604
514,601,460,464,490,595
509,616,446,466,487,603
509,618,445,469,488,604
518,609,454,470,482,595
511,609,458,466,489,601
507,622,449,470,486,605
516,610,458,466,488,595
516,634,457,462,477,605
519,637,450,459,491,600
516,643,460,459,482,603
518,645,448,460,491,601
514,651,460,462,478,605
520,647,456,457,490,603
518,638,457,467,488,594
517,654,446,462,489,600
519,645,458,469,484,594
510,654,446,472,485,606
523,658,454,457,490,601
522,656,456,457,491,602
519,653,461,455,480,603
516,658,451,458,491,601
522,654,455,471,482,598
522,659,455,455,487,604
511,665,446,470,487,605
521,651,458,468,487,594
520,662,458,457,487,603
511,660,447,466,484,606
522,652,460,467,489,595
513,670,462,465,478,604
510,664,460,465,489,602
521,659,461,467,478,603
523,665,466,455,486,605
521,665,458,454,492,604
511,666,461,467,489,605
523,656,463,464,490,597
521,655,464,464,488,597
509,667,457,466,490,606
521,665,465,453,488,605
520,668,468,455,485,606
520,656,453,462,491,606
521,670,470,455,485,607
517,672,467,459,481,607
522,662,466,469,484,598
521,665,467,452,491,603
512,672,455,463,488,605
519,658,469,463,493,597
519,672,467,464,477,602
519,670,472,456,486,607
519,670,459,461,491,606
518,672,473,454,485,608
512,671,472,461,480,606
516,656,472,460,492,600
519,656,471,462,492,597
519,667,474,453,488,606
522,667,474,453,486,608
524,663,465,453,492,604
511,668,460,464,488,607
520,651,474,461,493,599
519,666,473,460,480,608
515,663,462,459,493,603
521,655,475,463,493,602
518,665,470,469,480,605
522,649,473,462,491,598
522,662,466,455,493,605
520,648,473,464,495,597
512,654,471,464,491,605
511,654,469,465,491,606
523,653,470,467,484,601
518,659,460,461,491,605
520,654,469,469,484,601
522,645,470,468,486,598
514,652,457,468,489,608
515,635,472,467,492,602
513,648,468,467,491,603
525,642,467,456,491,605
514,645,471,466,481,609
511,631,461,468,485,608
518,637,466,473,480,603
512,634,453,471,488,606
511,619,461,470,485,603
505,620,462,470,488,605
509,611,463,470,490,606
522,608,462,474,481,595
508,608,456,472,487,606
518,600,451,465,489,603
504,601,459,473,488,604
519,602,466,462,485,606
517,584,466,466,491,596
520,588,458,470,487,597
507,590,454,470,490,604
519,586,456,457,490,602
509,590,454,470,487,605
519,588,449,463,489,603
522,584,449,459,491,603
517,589,460,463,478,605
517,574,457,462,492,594
513,576,458,468,490,602
515,573,459,468,492,599
515,588,444,469,489,603
504,584,453,469,489,604
519,584,458,456,488,604
524,583,448,456,492,600
523,582,458,457,489,602
516,585,455,470,486,594
519,579,455,472,480,599
516,585,458,468,480,603
509,580,455,469,488,608
518,585,457,464,479,603
519,580,455,457,491,602
519,580,447,461,490,603
519,581,454,457,490,602
512,572,456,466,492,601
509,586,447,471,483,607
508,588,452,469,485,606
519,580,455,471,481,598
514,571,459,466,491,599
523,580,457,457,489,602
523,575,459,454,483,604
509,580,459,467,491,596
519,585,448,465,492,602
522,582,457,469,483,604
521,572,457,470,488,595
516,588,458,466,477,606
510,580,454,472,488,608
522,566,460,468,492,597
522,573,459,470,488,597
516,588,445,468,489,604
520,583,456,465,479,603
509,590,453,470,488,605
521,587,459,470,478,605
522,575,459,470,485,596
514,576,462,467,490,601
521,574,462,470,492,596
521,584,456,460,491,604
516,576,464,468,489,604
518,590,462,468,478,606
519,590,463,464,485,607
518,587,461,474,478,603
510,586,458,471,486,608
522,586,459,460,491,605
518,589,462,474,479,602
523,588,465,460,490,606
519,593,461,472,477,603
516,593,451,471,489,605
511,590,462,472,488,606
519,595,466,468,479,607
523,590,468,458,489,605
512,588,449,472,483,607
520,590,461,473,482,600
522,590,463,459,491,605
522,588,463,474,483,598
517,594,452,471,488,607
524,582,462,467,487,594
508,586,463,470,489,606
513,586,466,469,492,605
520,596,454,465,489,607
511,596,458,474,487,609
516,596,470,461,485,607
522,585,460,473,481,595
519,599,466,474,477,606
511,601,454,474,487,609
511,591,463,470,490,608
522,596,463,473,480,601
509,603,459,473,487,609
512,592,466,471,490,608
523,597,465,460,488,605
519,588,470,471,491,600
512,603,457,472,486,609
512,592,468,470,490,606
511,599,465,473,489,609
523,595,465,474,483,598
525,588,467,472,485,597
523,587,462,472,482,596
524,597,462,459,492,605
519,588,469,471,492,599
518,587,470,468,491,601
516,586,470,468,484,599
516,600,472,462,484,607
522,599,467,457,484,607
521,599,469,468,480,608
523,596,468,460,487,606
521,595,467,458,489,606
514,597,472,464,483,609
514,599,456,473,488,607
523,583,466,471,489,598
512,601,461,475,488,608
525,593,462,461,494,605
513,598,455,472,488,606
518,599,452,468,490,607
523,584,468,471,492,598
514,597,455,470,487,607
515,582,471,470,492,602
518,581,471,470,491,601
522,581,469,472,491,598
515,598,455,472,487,609
513,593,460,468,489,606
513,598,461,471,488,609
513,589,468,472,490,608
516,583,470,469,490,605
520,591,464,473,483,599
519,582,469,471,491,600
522,594,466,462,490,606
511,598,456,474,485,608
521,594,463,462,492,605
519,598,455,471,490,606
522,594,472,459,487,607
522,598,468,462,483,609
519,580,471,471,491,599
521,593,458,465,488,606
521,588,464,473,483,601
516,596,471,466,481,609
522,588,470,458,487,608
520,588,467,471,482,601
524,586,474,455,487,606
524,580,455,463,488,601
520,580,473,455,484,607
520,574,473,455,487,610
521,555,471,463,491,598
509,565,464,466,485,610
522,565,467,452,489,600
519,549,474,460,490,599
518,567,471,461,476,606
516,565,472,458,476,607
516,565,471,461,477,608
519,561,468,450,486,606
519,552,474,460,491,600
511,566,459,464,486,610
520,557,468,462,486,600
517,567,459,459,488,608
515,553,474,460,491,603
517,571,471,459,477,607
523,568,472,451,485,606
519,555,472,462,486,599
510,574,465,466,486,610
511,573,461,464,487,609
523,571,469,455,488,603
517,574,475,454,477,610
520,561,471,464,488,597
521,570,470,452,488,606
522,561,471,466,486,597
509,578,459,465,487,610
519,575,471,462,476,604
521,566,470,465,485,596
510,570,470,465,489,607
520,575,476,456,481,609
527,575,465,457,490,604
521,569,470,465,484,599
520,577,461,459,490,605
511,575,465,467,487,610
523,567,470,465,487,598
512,568,473,463,476,609
514,576,462,461,489,607
519,577,471,468,478,604
519,577,474,460,478,607
512,570,469,467,487,606
521,562,473,464,490,599
512,566,475,464,490,605
514,570,472,465,488,607
511,579,459,467,486,609
518,579,469,469,478,601
507,580,460,468,480,602
519,579,473,463,478,606
520,579,475,458,483,609
518,579,470,467,481,602
521,565,471,465,489,597
521,576,475,458,484,607
517,574,468,464,473,604
516,565,477,465,492,604
520,578,470,470,478,604
515,567,475,466,491,604
521,574,470,468,482,599
513,571,473,463,488,608
523,574,471,470,485,599
520,567,475,464,492,601
516,566,475,465,490,603
518,577,462,461,490,604
520,565,475,466,492,601
517,567,475,465,492,603
521,577,463,463,490,606
520,576,475,459,481,609
517,567,475,467,489,604
512,580,458,465,487,608
517,581,472,464,479,606
520,576,471,468,482,603
518,576,476,455,485,608
523,576,472,456,489,608
522,571,472,469,485,599
519,574,471,466,475,606
521,577,471,470,483,601
522,577,463,464,491,605
515,572,471,466,489,608
523,577,463,455,491,606
522,576,475,455,488,604
514,578,464,471,486,609
520,579,460,463,491,606
511,579,466,469,487,611
518,566,475,465,492,604
523,574,469,470,484,599
524,577,476,457,484,608
518,582,461,466,488,607
518,582,471,472,478,605
524,575,470,468,488,599
516,567,471,465,489,605
520,565,473,467,493,597
517,580,461,465,489,605
519,579,474,461,480,608
522,566,476,465,492,602
523,566,472,468,490,600
513,567,474,465,489,603
521,579,474,457,482,608
511,583,461,470,487,608
517,566,476,465,492,601
510,579,468,468,488,610
522,567,474,466,491,598
519,582,472,470,478,605
524,577,468,458,490,606
522,580,462,463,491,606
519,582,471,468,477,605
517,582,472,469,478,606
518,568,475,465,491,601
519,578,473,461,483,608
514,570,474,465,490,605
510,582,459,471,486,610
511,573,468,467,490,607
525,580,464,463,490,606
524,579,462,465,492,606
517,567,472,465,492,600
522,577,476,456,487,607
522,577,475,457,486,608
515,570,475,466,490,603
523,566,474,466,489,598
515,574,473,468,489,605
512,584,463,470,487,609
522,579,472,457,487,607
519,581,474,460,481,610
520,583,472,466,477,608
519,567,474,467,492,600
520,580,472,464,474,607
524,569,472,468,488,598
513,576,469,469,489,610
511,576,470,469,487,608
516,581,461,467,491,605
511,583,462,469,484,609
506,580,464,470,477,606
509,582,462,471,488,609
516,581,471,470,478,602
520,579,461,462,490,605
520,569,475,465,491,601
521,566,475,467,491,599
520,567,474,467,493,599
520,583,471,471,477,604
512,582,460,468,488,609
511,581,460,466,487,606
521,574,471,471,481,601
514,573,472,467,488,607
513,573,473,468,489,605
511,584,460,471,487,608
515,577,471,468,490,608
516,570,475,467,491,605
522,574,475,453,481,607
521,580,471,470,478,604
525,579,465,459,491,604
523,579,464,459,490,605
518,582,459,467,487,608
517,567,474,465,492,598
523,579,471,459,487,607
514,572,472,467,489,606
524,581,473,461,484,607
521,579,466,456,490,604
519,582,476,468,484,599
520,581,474,465,492,599
521,583,456,461,490,607
520,583,473,464,479,608
524,580,466,459,491,605
520,583,462,463,489,607
512,579,469,468,487,609
523,579,463,461,492,604
520,582,471,468,476,605
521,566,474,467,492,598
525,569,474,468,491,597
511,583,465,467,487,610
508,573,472,468,489,605
519,582,473,469,481,602
518,583,460,468,489,605
522,580,476,459,485,608
524,570,471,469,490,597
519,582,472,473,478,607
513,585,470,472,477,606
522,580,469,472,483,600
518,584,455,467,487,606
519,568,474,466,492,599
524,581,463,462,491,604
523,570,470,469,486,597
514,573,477,467,490,604
522,586,458,468,488,608
522,582,473,460,483,606
518,580,475,456,489,605
512,585,461,471,485,610
522,571,471,468,488,599
521,591,458,466,489,606
523,583,468,469,483,598
524,582,470,457,488,606
520,589,470,460,479,608
524,585,471,458,487,606
511,585,462,471,486,609
525,588,465,454,489,603
524,583,470,470,488,598
518,581,473,468,491,603
522,599,473,462,480,609
526,598,465,460,492,604
520,606,471,465,478,607
516,607,456,466,485,604
521,607,470,470,478,602
511,615,468,470,489,611
520,622,479,462,482,609
512,629,467,470,488,610
512,629,465,469,488,608
525,624,475,470,483,600
521,635,480,461,485,607
509,643,466,469,487,609
522,637,476,468,487,597
514,644,468,465,489,608
522,634,479,470,486,597
523,644,477,457,492,605
523,633,477,456,486,604
523,642,478,469,485,599
511,652,467,467,489,608
512,655,471,467,488,609
510,655,474,469,487,610
519,652,482,466,479,607
514,642,484,463,492,604
519,642,486,464,493,599
515,655,481,469,480,605
524,654,482,455,491,608
524,639,484,466,498,597
523,658,486,456,485,608
525,654,476,466,491,598
522,644,479,460,495,597
512,652,476,469,491,605
521,640,480,466,494,600
520,654,478,466,481,609
522,652,476,473,483,601
524,645,472,472,487,601
524,632,475,468,496,600
518,648,470,473,480,603
519,644,469,472,481,604
507,644,460,473,490,610
515,624,471,469,494,601
524,634,468,460,493,607
521,632,463,475,481,604
521,629,467,470,480,607
524,623,466,463,493,606
524,611,466,473,491,599
516,623,454,476,490,608
527,606,467,470,494,597
522,618,454,469,491,599
521,618,468,467,482,607
516,602,464,474,493,605
526,597,465,473,495,597
524,606,465,460,491,608
521,592,467,471,495,600
512,606,460,475,491,609
518,606,451,472,491,606
524,595,462,476,484,599
526,603,454,467,494,606
522,604,461,474,479,606
509,603,455,475,489,608
521,602,464,466,486,609
513,604,448,475,491,606
521,590,460,467,494,603
523,598,458,464,494,606
524,592,457,476,488,599
520,598,448,468,494,607
514,600,450,476,491,609
522,601,463,472,481,606
521,600,451,469,494,605
521,595,459,477,483,601
523,586,459,465,485,609
523,598,451,469,493,605
526,589,459,475,491,597
513,591,458,475,491,607
519,584,465,472,494,603
521,596,459,477,483,600
525,595,457,464,492,605
524,581,465,472,493,602
519,600,449,471,494,608
523,598,450,469,495,605
515,588,461,474,492,608
511,601,451,477,490,609
523,599,462,476,481,606
515,601,448,477,485,606
512,589,465,472,493,607
523,590,460,476,487,600
512,601,451,471,489,610
514,602,451,475,490,609
517,583,465,470,493,604
514,600,450,476,490,609
507,599,451,475,490,609
521,598,460,477,480,603
511,598,457,475,490,610
514,590,459,474,490,607
512,600,451,476,490,609
527,595,459,463,492,606
522,595,465,463,489,608
526,595,462,461,490,607
512,593,448,477,485,608
521,594,459,477,486,601
517,586,467,473,491,603
525,596,463,462,489,608
523,597,461,476,480,603
508,600,451,476,490,610
524,591,461,476,484,599
524,598,465,464,485,609
515,599,447,471,491,608
526,596,461,464,494,605
525,596,457,465,494,606
522,595,466,464,484,610
512,595,452,477,486,610
520,594,463,462,488,608
517,585,465,472,493,602
515,602,451,476,489,609
513,600,451,475,489,610
525,595,466,462,489,609
520,598,454,468,492,607
515,601,465,473,480,608
511,595,458,476,490,611
514,594,458,476,487,610
525,596,464,463,491,608
519,584,467,470,493,603
517,599,450,473,491,609
522,598,463,478,479,606
516,590,465,467,493,603
524,596,456,465,494,606
521,596,460,477,481,601
523,595,460,475,484,598
510,597,451,477,489,609
516,600,463,476,482,605
513,597,451,473,490,608
521,592,461,477,480,604
523,597,466,464,489,609
523,585,462,473,492,598
523,596,455,467,495,606
526,586,464,473,491,598
522,595,455,467,494,605
512,597,462,474,492,612
519,584,467,471,493,602
522,598,455,465,494,603
525,594,462,462,492,608
510,596,458,475,489,610
518,585,464,470,492,604
521,585,465,472,495,601
522,600,466,471,482,611
521,601,467,468,482,610
522,590,460,476,489,599
517,587,467,471,493,605
522,599,462,476,482,606
513,602,451,475,489,609
517,600,451,473,491,607
511,599,453,478,488,612
516,600,466,479,479,607
521,587,467,471,493,604
512,596,461,474,490,608
524,596,466,473,487,607
522,595,466,464,487,610
514,591,465,473,494,609
523,596,459,464,494,607
525,594,461,464,494,607
518,601,447,470,490,606
522,597,456,467,493,606
521,598,451,471,492,608
508,599,459,477,489,610
525,598,463,461,485,606
523,597,466,461,489,608
521,600,466,469,482,610
524,585,464,473,492,598
520,597,460,477,483,601
525,586,461,472,483,599
515,594,459,474,490,608
525,597,468,463,491,606
525,596,463,464,488,608
521,585,468,471,493,603
520,601,465,470,479,608
525,586,463,473,492,600
523,577,463,472,492,598
523,583,468,473,494,600
514,594,462,474,491,608
524,595,466,464,490,607
517,599,456,467,494,605
526,595,457,461,490,608
526,595,463,464,492,608
521,586,469,472,494,601
519,600,451,473,492,608
519,585,468,471,493,602
519,588,467,471,493,605
520,601,466,469,483,611
526,595,459,472,486,601
516,601,452,475,491,608
521,599,466,466,486,608
525,594,462,464,492,606
520,598,463,476,480,606
520,600,462,476,481,605
512,597,460,474,492,609
522,600,453,472,493,608
525,596,458,464,494,605
512,601,454,478,489,610
524,596,465,462,493,607
524,591,463,476,486,598
523,595,463,475,484,602
526,596,466,463,489,609
517,601,453,475,490,610
513,600,456,476,490,611
523,598,455,469,493,607
523,596,464,464,488,608
524,596,461,463,490,606
524,596,456,471,493,607
527,587,463,475,491,598
521,602,467,471,482,608
526,585,468,474,495,600
527,586,466,474,491,599
521,601,464,475,479,607
511,596,457,475,490,607
521,599,453,470,493,609
524,597,461,464,492,607
514,598,454,476,489,609
520,598,452,473,491,606
515,587,465,474,492,610
526,583,461,476,487,601
514,595,453,478,489,609
518,579,452,475,491,609
525,591,467,469,495,603
525,592,467,464,489,607
523,596,463,477,482,604
522,598,466,471,478,609
527,587,463,472,485,599
522,589,467,472,495,601
524,599,463,477,485,599
523,606,462,466,482,607
525,591,453,477,481,605
513,610,450,479,490,609
525,594,462,478,491,597
514,599,461,477,492,608
528,605,457,465,494,606
520,602,460,478,488,600
526,600,460,477,492,600
525,602,460,477,488,600
527,594,462,474,495,598
524,609,464,467,487,609
522,606,464,469,487,610
526,604,462,464,495,605
524,607,466,466,489,611
525,592,464,475,492,598
521,610,463,476,482,606
523,606,465,469,484,610
526,595,462,476,492,599
517,605,462,477,483,603
521,600,449,470,490,607
513,600,451,472,488,611
511,606,456,477,490,611
517,594,466,473,495,605
512,606,450,475,491,608
521,601,460,478,483,604
521,602,462,477,483,603
521,588,465,471,496,600
523,600,464,465,491,607
522,601,460,475,481,605
526,584,460,475,487,600
524,596,462,463,491,607
524,591,461,462,492,608
521,589,457,475,486,599
526,589,458,475,490,599
520,600,459,475,485,605
515,589,459,473,494,608
520,595,458,474,481,607
521,593,457,477,482,606
520,593,459,474,482,607
524,577,459,476,492,599
526,568,457,474,495,598
523,579,463,463,489,609
526,577,449,470,493,607
522,573,447,475,492,609
516,560,460,472,492,608
517,552,463,471,495,604
512,556,455,474,491,609
526,534,456,459,493,605
512,532,450,469,490,611
526,518,455,456,493,608
524,514,447,462,493,604
520,509,454,453,494,606
527,495,460,460,493,599
516,495,445,455,492,606
525,486,459,449,487,608
521,470,453,456,490,611
511,471,445,460,487,610
524,473,459,449,483,609
512,476,443,453,492,606
523,459,458,454,491,604
524,465,459,454,492,600
522,469,460,446,487,609
521,455,454,455,489,606
519,461,455,442,489,607
520,442,452,452,491,606
510,455,437,447,489,606
515,454,451,439,490,605
519,449,453,450,478,607
519,451,453,450,477,607
516,453,451,454,481,601
518,441,450,450,490,609
518,442,455,448,489,605
513,459,449,440,492,605
507,457,440,451,487,608
518,457,451,451,494,597
520,452,454,442,484,608
513,463,445,441,493,604
520,451,450,449,488,596
508,468,438,452,488,605
516,470,447,449,484,596
518,468,451,441,488,606
519,466,454,448,479,608
512,459,445,455,487,609
516,470,456,444,485,607
517,481,451,457,479,601
515,481,452,457,480,601
519,478,456,441,487,605
512,469,445,456,486,608
515,481,451,444,491,604
511,486,442,448,491,606
508,480,437,458,488,608
516,483,450,444,492,604
518,469,454,449,479,604
516,466,449,456,487,609
516,476,450,448,483,605
516,482,450,457,481,600
505,480,438,454,488,603
513,481,450,457,484,594
516,484,451,458,482,596
518,480,454,454,493,594
510,476,440,457,487,604
518,482,453,453,494,596
513,489,449,446,493,603
515,495,453,456,477,600
507,494,449,459,488,606
520,505,457,451,479,604
509,504,451,460,489,605
515,505,454,457,491,602
520,518,454,458,486,594
511,527,445,454,486,603
520,528,453,458,488,591
512,541,443,455,490,600
519,533,452,459,492,590
519,546,453,461,485,593
510,557,458,458,479,604
516,559,451,460,489,604
521,560,451,453,494,599
513,556,461,460,494,597
508,568,450,463,490,604
508,577,448,461,489,600
516,579,458,465,482,596
512,576,461,464,492,598
508,582,458,464,491,598
512,581,461,461,488,601
512,602,449,467,490,601
512,599,448,465,488,603
519,603,460,470,483,594
508,615,451,472,489,601
522,615,458,460,493,600
520,608,464,469,491,592
514,621,448,469,493,602
509,627,455,472,489,604
515,620,466,469,491,595
517,624,466,468,493,596
520,636,462,473,489,593
518,644,464,460,493,601
516,652,467,467,481,604
521,648,465,473,486,594
504,653,458,473,490,606
519,645,468,470,495,594
514,657,456,471,491,602
512,652,467,464,493,600
516,663,457,468,493,601
523,651,471,468,496,594
508,657,467,468,493,603
509,661,465,467,492,602
521,654,469,468,493,594
516,668,462,465,493,601
519,654,474,466,494,595
512,662,472,468,491,594
518,669,461,461,492,601
517,671,472,465,480,603
517,655,474,466,494,598
510,665,470,466,493,604
517,670,463,462,494,603
509,674,461,467,489,606
514,674,462,462,492,604
521,669,472,454,492,604
515,673,463,459,492,605
509,673,467,468,489,607
518,674,474,468,480,601
518,673,475,467,480,602
522,672,475,454,489,604
514,675,461,467,490,605
512,664,475,462,492,604
520,673,467,456,494,603
510,666,463,465,488,606
519,676,473,463,481,603
515,667,474,466,488,597
523,666,476,462,495,596
523,675,468,457,494,605
511,668,474,465,492,603
511,677,463,459,494,604
510,682,466,463,492,606
520,675,473,462,484,598
522,659,477,463,495,598
517,679,477,464,482,606
520,676,478,462,482,606
520,676,474,457,486,606
520,673,475,453,494,603
523,655,472,464,487,594
521,675,475,453,494,604
521,673,473,454,493,603
518,676,479,456,486,608
516,677,464,462,494,604
508,679,464,466,492,605
521,669,477,463,494,605
521,675,480,454,487,607
512,672,473,463,492,606
509,673,473,466,492,608
524,671,474,465,489,597
518,668,477,463,494,596
519,664,480,461,495,598
510,677,465,467,492,607
516,671,465,458,490,606
523,663,478,463,498,598
520,676,480,453,491,604
512,681,462,467,490,610
521,674,475,451,493,605
524,668,476,450,491,604
521,671,474,466,494,605
515,667,477,463,494,602
524,676,464,459,494,605
517,678,463,464,494,605
517,668,479,463,493,605
523,676,479,454,489,605
515,676,475,468,483,601
512,676,470,465,491,608
519,673,473,456,496,602
518,677,464,464,495,604
523,668,473,465,488,597
511,667,473,467,493,609
523,656,474,466,496,596
519,668,469,457,489,605
517,670,465,465,483,604
508,655,456,467,491,601
518,664,456,471,493,598
520,655,449,458,491,601
516,653,451,458,487,604
513,642,448,466,493,597
520,647,443,470,490,595
521,638,441,466,492,593
516,647,434,465,489,603
514,650,442,456,484,601
509,641,437,463,489,603
516,633,440,462,492,594
517,647,433,466,490,598
520,646,435,461,480,599
519,629,436,460,490,593
515,641,431,463,480,598
518,638,436,449,489,603
511,631,436,458,492,600
518,637,432,450,492,598
510,636,432,462,489,602
512,629,435,459,492,598
517,645,428,463,490,603
517,644,435,455,481,603
519,634,431,461,487,595
518,639,432,464,482,597
519,640,432,455,476,602
520,630,433,460,493,592
517,635,430,461,487,593
520,635,427,462,487,594
509,644,417,463,488,604
513,646,417,458,490,602
509,648,416,463,490,602
499,641,425,462,489,602
502,641,422,463,489,603
515,642,426,463,481,597
513,643,423,450,492,599
522,645,421,450,493,598
518,641,423,450,489,597
513,634,425,461,489,587
517,633,429,460,496,589
505,648,423,463,490,598
513,649,427,467,484,593
511,636,430,461,496,587
503,652,418,470,490,597
513,648,432,457,491,596
504,651,415,464,494,591
515,650,419,455,496,589
507,655,426,475,485,590
512,645,424,472,488,587
503,645,425,468,493,591
496,651,421,472,493,595
509,648,424,460,498,591
511,653,416,475,489,589
516,648,418,462,498,588
511,639,428,474,486,590
510,637,428,474,487,589
509,638,431,471,484,593
512,621,420,460,494,593
509,600,435,466,497,588
510,596,427,457,499,593
503,585,431,467,497,592
511,574,431,466,496,584
505,584,432,460,488,595
512,581,435,456,490,595
502,584,420,466,495,596
511,585,431,466,487,594
505,576,424,467,499,595
507,584,417,466,493,594
510,583,431,465,486,593
511,587,433,465,487,594
516,579,431,468,490,584
511,577,425,469,483,586
510,577,435,464,499,586
504,587,432,466,489,594
512,586,432,468,496,582
502,589,431,467,496,596
504,591,429,456,500,593
508,584,436,465,499,592
502,592,431,467,497,596
509,600,421,471,496,595
501,593,431,455,498,595
511,583,435,465,499,588
515,593,429,457,500,595
509,595,436,459,492,597
510,592,428,462,499,594
505,598,423,468,495,597
510,587,434,472,489,587
501,597,432,471,493,598
509,593,435,470,488,592
508,593,428,463,499,596
501,582,440,465,497,595
498,578,427,467,496,598
512,582,439,467,496,587
509,593,442,464,486,599
505,591,440,469,487,595
512,585,433,459,498,596
508,583,437,472,487,593
506,592,427,471,496,597
505,575,443,468,499,594
509,588,441,460,492,598
497,585,437,470,495,598
509,582,438,473,491,590
497,588,435,472,497,596
503,581,440,469,495,585
508,586,439,458,500,594
508,588,439,470,498,596
511,577,440,472,499,588
509,581,439,471,497,588
510,576,440,471,500,587
504,574,442,470,503,586
499,584,443,470,504,596
502,580,444,470,505,591
497,578,442,474,502,585
508,587,437,475,495,585
507,591,439,475,495,592
504,581,438,463,505,596
509,587,440,477,500,588
507,593,444,463,500,597
498,587,442,472,505,596
497,595,430,477,502,597
507,593,432,468,506,595
511,584,440,474,501,587
508,593,440,477,494,592
507,590,443,462,500,596
511,572,442,470,505,587
511,591,436,463,507,594
508,590,443,464,501,597
510,572,442,473,504,587
507,576,445,472,507,588
508,580,444,470,505,589
508,583,441,476,498,590
502,587,437,476,507,600
498,575,444,472,509,590
506,589,439,473,494,595
507,581,438,475,505,595
501,588,441,478,493,595
508,571,444,470,507,589
497,584,436,475,504,600
503,588,444,468,493,598
507,575,440,473,503,588
501,590,443,469,496,600
507,588,443,469,494,598
508,586,443,473,501,592
510,585,447,461,503,596
498,584,439,475,501,599
502,587,438,474,502,599
500,582,441,471,501,595
500,582,439,470,502,597
511,587,446,470,492,599
503,583,448,471,503,592
513,585,437,465,502,597
512,572,447,472,502,590
513,572,446,471,500,595
508,583,449,470,501,589
515,582,451,462,500,600
511,570,448,468,501,591
510,588,448,473,488,599
510,575,451,471,499,596
509,585,447,473,486,599
512,592,448,476,486,599
510,584,441,463,500,598
514,579,447,473,484,598
514,583,445,475,489,594
518,585,440,467,498,600
514,582,449,460,496,599
512,585,450,465,491,604
498,581,445,473,496,602
514,584,446,476,488,598
515,587,452,465,491,603
510,589,450,469,486,604
510,587,451,467,487,603
506,583,444,462,499,599
512,583,447,474,487,595
502,584,451,469,499,594
513,586,449,462,489,601
514,587,449,471,498,599
511,587,448,474,487,598
511,587,451,468,501,594
501,584,443,472,494,604
511,588,452,462,494,604
509,586,436,471,495,602
517,585,446,461,499,599
514,587,449,473,484,598
505,577,450,471,498,602
511,587,448,472,494,594
505,587,444,475,491,605
512,586,449,461,494,602
515,576,449,473,495,593
516,586,446,462,496,601
506,578,451,470,496,602
505,582,445,473,494,604
508,590,436,473,494,604
510,589,437,474,494,604
515,587,444,472,495,602
516,575,450,472,494,595
513,589,454,463,490,605
512,589,449,472,486,601
507,580,449,471,497,602
514,589,452,465,486,605
520,586,445,463,497,604
504,580,447,473,496,608
516,574,452,470,497,596
509,577,454,469,486,604
505,591,444,472,494,606
513,574,448,465,498,602
510,579,448,467,497,603
515,587,454,463,490,605
506,591,452,469,486,604
503,591,437,472,493,606
508,590,438,474,493,606
516,587,450,460,485,607
509,589,441,463,497,604
509,591,437,469,493,606
508,579,451,469,499,602
504,585,447,471,494,608
517,577,449,471,494,595
507,583,443,473,493,609
504,587,448,459,497,603
516,590,448,472,483,601
512,592,436,471,492,605
515,588,440,461,497,604
515,575,453,466,495,606
510,593,436,471,492,606
513,588,442,458,495,603
513,594,450,465,483,607
511,592,434,468,494,609
513,591,434,461,496,605
516,591,442,467,490,599
516,592,439,468,485,601
507,594,428,466,494,607
508,595,430,467,495,609
516,578,445,463,498,600
507,594,430,468,494,610
520,590,438,454,497,607
519,581,432,468,495,609
519,586,441,469,491,601
518,579,444,466,500,601
514,596,430,466,497,611
516,592,446,456,494,611
509,595,432,464,496,611
522,589,443,457,499,609
519,579,445,461,496,611
521,577,445,468,501,607
510,594,435,469,497,612
517,592,446,466,486,610
510,582,448,469,501,611
513,578,448,467,501,604
517,577,445,473,486,604
516,586,446,466,484,612
517,591,437,467,500,608
520,589,447,459,496,612
519,583,445,472,495,603
518,590,447,473,488,607
514,591,435,470,497,612
517,588,439,464,501,608
520,578,434,469,498,611
522,589,447,460,496,610
516,594,446,467,488,607
516,589,443,460,500,608
520,589,441,460,500,609
513,592,435,473,494,611
511,592,449,465,489,612
518,589,445,473,487,609
509,591,442,473,495,613
509,594,444,461,500,611
519,588,443,472,493,604
509,584,446,470,501,611
520,589,445,459,499,610
520,590,451,460,498,611
520,586,446,474,493,605
515,580,446,474,490,612
516,594,449,468,488,612
520,584,445,473,495,606
521,590,452,458,499,612
519,589,446,474,492,612
509,595,448,470,500,612
510,590,444,470,498,612
512,594,434,469,498,613
516,579,441,458,502,608
520,581,447,473,499,604
516,593,448,471,489,612
517,594,450,464,490,615
521,588,446,459,502,612
520,589,445,460,500,612
516,595,445,461,487,615
516,578,449,470,501,608
516,583,450,461,502,611
519,590,448,461,501,611
518,590,446,475,491,607
520,591,450,460,498,612
511,587,445,472,499,612
512,594,435,472,498,614
518,580,451,468,502,606
523,592,441,462,502,611
509,596,435,476,497,614
519,580,448,472,501,605
518,596,447,476,489,611
517,588,446,474,493,608
511,590,433,473,498,615
518,590,448,467,489,612
524,593,438,461,501,610
521,592,449,467,490,613
521,593,439,464,502,611
517,595,443,471,489,611
510,590,446,460,499,612
511,596,437,475,496,616
515,584,449,470,500,611
519,595,449,471,491,616
517,595,448,460,502,610
509,598,447,467,499,609
511,591,447,473,497,603
518,595,449,472,498,603
523,593,442,463,502,612
519,593,448,470,485,612
522,592,443,461,503,611
510,583,445,475,498,614
522,593,436,470,500,615
513,597,434,473,499,615
521,583,449,472,504,603
519,595,447,473,490,608
519,593,450,462,495,615
515,584,445,468,501,608
517,598,451,473,496,604
522,591,443,461,502,611
514,597,436,471,499,613
510,597,438,473,497,615
522,583,449,470,498,613
511,587,448,474,492,607
510,596,442,474,499,615
522,590,438,471,502,604
512,596,451,469,499,612
522,580,451,470,503,605
521,591,447,473,493,604
511,586,437,460,499,612
520,591,454,471,501,610
522,592,452,462,495,613
513,594,449,472,489,610
522,593,452,459,496,613
523,586,448,474,494,604
518,592,448,473,502,604
515,593,451,463,493,612
509,598,453,472,502,604
519,594,453,462,493,616
522,591,453,472,498,604
524,596,447,462,502,612
521,590,446,461,499,612
521,580,437,467,490,614
522,591,447,466,500,612
522,591,450,460,502,612
521,589,446,462,502,611
522,586,449,474,497,604
521,581,449,474,498,603
509,594,451,469,501,605
523,591,451,462,501,610
518,593,452,471,499,613
520,580,450,472,501,603
512,599,438,474,497,610
519,587,448,474,494,605
519,595,441,462,503,609
519,596,438,471,502,612
518,579,451,469,500,606
517,595,450,472,500,612
515,596,436,471,499,613
525,592,446,459,503,611
521,588,448,474,496,604
512,590,443,475,498,616
517,581,449,472,499,603
519,595,448,460,503,611
518,593,451,466,485,613
519,591,450,472,487,611
521,587,453,463,494,613
519,591,456,461,495,614
522,593,443,465,501,612
517,594,452,472,503,604
521,591,449,476,488,614
509,592,447,472,499,615
519,591,449,475,493,606
522,591,445,462,500,610
510,582,454,471,501,609
509,593,450,475,496,603
522,587,450,469,495,601
514,585,451,472,500,611
523,586,446,462,501,609
521,581,445,471,501,609
513,596,438,473,498,614
519,593,453,464,490,614
523,593,447,461,501,612
521,594,451,470,489,613
517,584,450,462,497,612
518,603,451,471,488,611
523,589,439,470,500,608
521,601,453,474,492,601
519,609,453,464,487,611
522,610,452,467,487,613
522,609,450,476,493,611
509,615,447,477,496,612
521,623,448,463,500,610
519,630,436,465,500,611
520,633,451,470,498,609
523,636,444,470,496,610
522,635,456,468,487,613
520,643,445,469,497,610
516,648,458,468,489,611
517,638,460,470,497,609
522,637,448,474,493,612
512,646,460,469,495,611
524,643,450,464,489,612
523,642,465,473,491,601
514,659,464,470,495,611
517,647,467,469,495,610
520,659,453,461,492,610
523,645,468,468,497,602
517,650,468,472,494,611
511,661,471,471,494,602
523,660,458,466,487,611
522,662,467,472,484,606
512,654,463,472,494,613
514,663,451,471,494,612
516,652,472,469,497,607
523,659,469,468,499,608
512,663,457,474,494,612
523,662,470,464,487,612
521,658,472,462,497,607
526,652,467,472,495,602
523,654,467,462,486,609
527,648,456,472,495,610
526,644,464,469,498,609
524,645,468,462,493,609
514,643,462,470,498,606
514,633,467,472,498,603
521,637,470,469,496,607
514,626,469,475,495,614
514,627,466,468,489,612
514,628,459,476,494,613
525,625,466,475,494,602
518,614,471,476,486,607
524,615,466,475,487,606
525,606,470,476,485,605
527,609,465,475,491,605
525,608,470,470,485,612
524,607,467,477,487,607
513,617,462,476,494,614
523,612,462,463,494,612
523,599,466,472,499,605
514,609,466,473,497,613
514,617,456,475,495,614
522,609,472,462,496,611
524,611,471,463,495,612
523,611,471,473,493,613
525,599,468,476,495,614
522,611,466,475,487,608
512,612,460,473,497,612
522,609,457,466,489,613
522,610,454,474,493,611
523,609,455,476,491,614
520,611,466,464,494,610
524,596,468,467,498,610
522,610,465,462,493,610
523,597,469,472,498,604
521,613,468,472,485,611
522,609,456,473,496,610
512,611,456,477,494,613
521,610,455,475,494,611
515,613,471,473,500,601
524,605,466,473,494,612
526,607,464,463,497,609
522,606,467,476,493,613
527,606,459,462,498,610
521,609,466,475,486,608
521,589,467,465,490,611
525,574,460,473,495,609
523,567,459,465,486,611
512,563,454,470,497,604
510,558,454,473,492,613
515,546,459,469,496,609
521,558,447,466,498,609
523,553,456,461,487,605
524,553,445,473,494,610
522,552,449,467,498,601
511,560,454,469,490,598
523,545,450,469,486,602
521,550,447,467,496,605
523,555,430,458,490,604
522,568,437,468,493,591
517,586,421,468,497,598
521,587,430,468,496,598
529,595,423,453,500,593
512,603,428,465,497,597
515,613,416,468,495,598
519,614,415,462,499,595
521,616,426,469,488,592
520,621,414,470,496,589
523,609,423,469,498,586
515,620,419,466,498,592
522,613,425,467,488,590
521,628,426,462,490,594
523,625,417,471,488,592
526,616,424,470,500,583
523,626,427,456,500,594
518,630,412,469,499,594
526,629,425,472,493,588
516,620,429,471,488,594
526,628,424,466,500,595
515,634,423,470,496,597
525,623,425,471,494,595
522,615,432,467,502,589
526,627,429,468,501,593
520,629,418,464,500,595
521,630,418,467,494,597
528,626,429,465,503,588
523,630,429,460,502,594
525,627,433,457,498,597
515,624,434,470,496,589
527,630,420,467,498,598
518,620,434,470,489,593
523,632,435,461,494,598
527,616,434,470,502,590
522,633,435,473,489,596
521,619,438,472,502,589
524,635,434,468,492,599
525,636,439,465,495,600
524,636,431,473,500,598
523,638,438,462,493,597
518,641,430,473,490,600
517,645,430,477,497,588
525,627,446,481,489,596
527,637,444,481,490,595
524,628,451,477,501,593
529,641,450,467,493,601
527,639,447,478,495,591
524,648,452,474,495,590
520,647,435,476,499,598
526,642,456,479,497,604
525,643,456,479,496,601
527,641,443,471,498,600
527,638,451,478,497,592
525,625,457,471,499,594
515,629,449,479,496,603
516,634,458,479,502,592
521,629,459,470,491,602
523,613,457,474,497,599
525,606,460,476,498,600
527,616,456,479,489,596
526,600,458,473,486,605
523,611,460,468,493,604
528,609,455,479,495,604
528,607,457,465,499,602
521,598,460,475,498,600
528,597,458,476,499,594
525,611,462,468,491,606
524,596,462,479,499,601
516,600,451,479,496,608
525,604,459,478,502,601
520,606,450,476,497,606
515,604,459,465,498,604
529,603,464,481,489,601
528,601,464,478,492,594
527,586,470,476,502,596
517,607,469,467,498,603
529,592,472,477,500,600
526,608,469,481,488,600
523,595,472,477,502,595
515,595,474,477,501,598
527,606,469,469,502,602
516,605,471,480,499,606
524,611,473,469,499,605
525,608,470,481,498,598
526,613,470,477,493,606
524,601,471,476,505,598
517,598,469,475,503,597
526,611,469,473,507,609
512,611,469,478,497,606
517,607,472,475,509,608
512,610,470,475,508,612
523,614,467,464,509,609
521,620,474,468,498,612
523,602,474,472,508,602
510,612,466,477,506,614
518,618,457,474,506,615
524,604,470,464,509,611
523,616,462,477,508,612
523,616,470,459,506,616
525,620,471,476,495,613
522,620,471,474,496,613
522,617,474,468,496,613
513,605,471,474,506,612
513,615,457,477,504,612
522,612,458,476,506,609
513,615,460,477,502,601
528,615,471,472,493,612
525,599,470,468,495,612
514,599,461,469,503,608
523,607,467,478,502,610
514,599,473,474,505,601
510,596,464,473,497,612
507,611,462,478,504,613
510,609,454,474,509,606
519,607,474,467,501,612
512,609,458,473,507,611
512,608,457,477,500,606
524,605,459,472,506,613
518,603,468,463,504,612
519,587,473,473,509,611
517,604,474,467,501,614
521,600,476,465,503,614
522,601,469,478,498,610
524,600,466,463,507,612
523,597,472,474,505,617
523,595,470,475,504,605
513,599,471,478,498,610
509,599,464,478,504,617
524,590,468,463,505,610
521,599,476,470,498,615
514,601,460,475,504,614
517,583,474,472,504,606
512,583,471,471,504,613
523,591,470,476,504,604
522,597,475,467,500,616
509,598,464,480,505,616
519,595,463,466,505,615
510,597,460,479,508,616
513,583,474,467,497,609
508,587,471,479,511,605
510,591,471,467,510,613
504,583,471,480,510,612
516,583,470,472,508,605
516,588,469,468,503,613
516,584,461,475,517,612
507,573,476,479,512,610
502,579,466,485,517,608
504,574,475,478,520,600
508,585,474,485,521,606
506,578,464,477,524,607
510,564,475,486,526,595
509,576,476,484,525,595
501,579,461,488,521,602
511,564,474,486,523,596
512,571,469,488,519,598
510,574,470,478,514,600
504,565,474,485,524,599
500,572,471,473,519,596
509,578,473,481,512,599
509,578,460,488,521,602
506,573,471,491,516,596
510,558,474,487,525,588
505,576,473,487,513,595
502,574,459,490,524,596
506,566,470,490,518,589
504,571,474,479,515,590
506,569,476,475,523,590
503,572,472,488,525,585
493,573,460,490,523,588
507,558,475,485,527,579
509,568,469,490,525,576
509,565,470,486,527,579
502,572,470,489,516,585
510,573,468,489,527,584
502,564,468,484,520,578
508,583,467,490,518,583
499,579,462,491,522,579
509,583,465,488,524,577
511,583,466,476,525,581
512,571,470,486,523,574
501,572,466,489,528,576
509,587,468,488,517,578
509,587,451,486,522,580
503,582,453,484,523,580
498,589,452,490,516,580
515,579,462,484,508,581
515,576,462,488,519,573
512,589,461,490,508,576
513,576,461,488,516,573
510,577,461,484,516,569
510,591,455,475,512,579
513,591,454,488,499,574
511,580,454,478,511,570
515,578,456,484,511,569
505,588,447,487,507,578
516,588,444,485,503,580
506,593,444,487,503,581
505,593,444,481,502,580
517,578,459,483,510,568
513,596,457,486,502,568
506,593,456,483,492,578
507,593,452,472,504,576
510,586,458,483,502,577
516,579,461,483,504,569
519,590,457,483,489,577
514,598,461,481,499,569
519,588,459,482,500,576
518,599,464,481,497,580
513,607,460,483,487,578
514,610,462,479,485,580
521,599,461,485,500,576
511,616,447,485,498,577
518,607,458,483,498,579
515,602,464,480,495,581
511,599,463,482,500,579
516,617,464,476,493,579
514,617,462,483,498,571
507,620,450,485,488,576
519,608,460,485,500,576
513,614,450,483,498,579
517,610,466,474,499,575
520,602,462,482,494,571
512,611,450,483,490,582
518,607,465,475,495,578
508,611,453,485,487,575
514,597,467,477,494,579
519,597,461,483,492,574
514,598,467,477,493,581
516,604,458,470,492,583
518,609,452,476,492,584
518,606,462,482,485,577
520,595,463,480,489,589
519,604,462,484,491,587
521,592,455,475,489,584
519,604,461,484,485,580
520,592,465,480,479,586
508,603,466,479,489,584
515,607,466,478,478,589
516,606,464,478,483,579
524,603,458,469,492,593
510,602,465,468,490,591
519,595,467,468,487,593
511,602,452,478,489,589
515,605,452,477,487,594
522,589,467,477,490,587
516,605,467,476,478,595
522,592,461,481,481,591
512,587,466,473,487,596
521,598,462,468,488,597
516,604,467,475,482,598
519,606,468,473,479,599
517,596,468,478,493,591
523,599,470,470,486,599
519,604,467,478,478,600
520,599,469,467,487,601
520,586,467,475,493,595
517,604,468,469,484,608
522,597,469,465,487,610
517,597,462,473,485,610
518,595,454,471,482,614
510,577,463,464,494,612
518,599,460,462,498,614
515,597,458,463,493,615
521,593,461,457,496,616
520,596,461,456,484,619
511,595,447,462,491,619
516,579,463,457,498,615
521,587,456,448,486,621
517,589,452,466,493,624
519,589,459,459,494,611
523,585,453,447,497,620
521,589,459,450,499,616
523,590,463,446,496,625
518,594,460,455,484,623
523,590,454,450,498,619
525,589,450,450,498,614
519,593,455,459,489,618
518,591,453,460,484,619
521,584,455,459,488,614
511,583,460,458,495,622
516,587,460,445,492,621
518,590,455,443,498,620
511,589,450,455,495,613
521,589,448,443,500,618
520,591,444,455,494,624
520,589,455,443,489,612
521,586,454,441,499,620
520,575,454,454,496,612
522,587,456,444,497,615
523,577,455,455,493,619
523,587,448,445,495,623
521,590,458,456,487,621
523,583,454,447,499,623
518,577,459,456,498,617
521,591,453,458,487,619
520,589,457,458,494,621
520,574,457,462,487,617
523,577,458,459,498,611
524,585,453,449,498,620
513,592,449,462,496,624
520,589,447,453,499,619
519,591,461,457,487,621
519,591,446,457,500,619
510,588,452,461,495,623
522,583,455,465,489,614
521,584,457,464,487,621
513,579,457,462,496,617
521,587,448,466,493,620
520,587,462,452,489,621
507,587,460,463,496,608
518,585,457,464,498,616
514,590,446,464,493,617
507,587,453,466,498,611
521,586,462,452,499,615
516,588,458,461,493,613
520,588,448,451,494,617
522,586,457,464,491,612
522,587,461,463,486,616
523,578,463,462,497,613
525,587,461,454,487,615
524,589,461,465,484,609
521,587,464,455,489,616
522,587,455,458,493,613
513,592,459,465,492,616
519,575,470,463,497,608
520,593,455,462,491,615
524,583,464,467,485,615
510,580,464,454,494,613
517,589,454,468,495,615
524,585,464,467,487,607
518,574,471,463,497,609
525,589,455,458,495,613
520,586,465,455,494,611
524,569,469,458,484,616
524,576,467,465,499,602
511,587,463,466,486,608
524,586,458,458,481,611
517,590,453,456,496,611
517,590,452,465,495,605
520,574,463,462,482,615
515,579,463,465,487,601
523,586,443,452,486,615
521,585,452,469,483,609
525,589,456,462,496,606
520,590,450,453,490,613
526,582,451,454,494,612
524,586,447,468,484,610
512,582,443,462,495,609
509,580,429,467,491,616
514,591,439,462,481,611
521,589,435,466,492,613
521,589,427,456,483,610
517,577,438,459,494,611
508,593,438,462,489,615
511,594,426,461,488,617
520,583,434,461,489,605
519,591,437,457,482,616
522,585,437,447,491,615
515,588,443,450,486,618
522,583,444,454,484,617
512,586,447,458,490,617
521,576,448,457,495,617
517,590,444,449,492,616
526,587,435,454,494,613
524,574,448,451,489,617
520,574,435,461,493,617
519,590,446,463,481,618
527,581,447,464,488,608
526,591,451,462,495,608
525,586,445,452,496,615
524,586,438,448,495,613
525,574,453,463,497,615
522,587,454,461,495,611
523,584,451,453,498,614
520,589,455,459,494,617
521,580,441,467,492,608
522,590,442,466,493,617
526,576,455,460,486,618
515,579,452,463,496,616
526,587,452,468,486,613
517,589,441,465,496,617
522,587,454,466,484,612
525,582,452,454,497,606
524,573,458,468,495,611
527,582,454,467,490,608
524,574,443,468,493,618
525,574,455,465,498,606
514,581,456,466,491,616
523,585,459,461,484,617
523,588,460,453,492,617
513,587,450,467,493,619
523,589,445,463,494,616
525,574,445,462,496,615
525,585,459,468,499,614
520,588,454,460,498,614
519,588,443,467,493,617
523,573,457,467,494,619
526,576,450,458,496,614
526,586,452,468,486,606
525,567,459,464,499,606
525,579,453,467,491,617
520,589,456,466,484,616
515,588,445,469,488,606
524,588,443,464,495,615
519,576,458,463,497,619
514,585,456,465,486,614
525,585,453,470,484,614
526,573,457,464,494,616
518,579,453,465,491,615
517,589,454,467,481,607
523,583,455,456,490,613
523,590,457,466,474,613
510,593,447,472,483,616
520,594,444,466,482,615
519,591,454,468,481,613
529,588,457,456,484,611
514,597,453,470,480,613
515,602,449,466,479,613
527,593,463,468,482,612
523,611,449,467,481,610
522,618,448,462,475,613
515,617,462,475,469,608
514,624,452,474,479,613
523,628,452,466,483,612
524,633,466,467,483,610
528,627,463,473,482,609
528,622,468,469,483,613
528,633,462,462,486,610
519,642,456,469,483,611
516,646,456,472,481,613
526,643,472,459,484,603
527,633,471,470,479,614
524,633,472,468,473,603
524,647,474,467,470,611
516,648,477,465,481,610
513,650,474,456,478,611
517,647,463,465,476,609
516,650,462,467,480,610
524,645,476,468,476,601
522,650,464,467,480,610
517,633,480,465,482,611
521,647,477,465,485,601
525,649,476,463,472,603
513,652,465,465,481,612
510,653,466,466,479,611
524,636,482,464,484,603
513,649,476,464,483,609
526,649,465,466,480,611
516,640,480,462,485,608
523,636,482,464,484,602
524,651,482,455,477,609
527,652,482,468,485,600
521,657,479,464,472,609
525,655,478,468,473,602
525,654,479,461,485,608
526,640,483,467,483,602
524,657,483,459,472,612
527,641,482,459,475,611
517,651,483,465,488,605
525,650,479,468,480,602
515,654,478,460,485,611
523,650,478,465,485,610
521,642,480,468,482,614
529,649,481,467,482,602
524,653,475,457,488,608
524,657,482,463,473,609
530,652,475,458,487,610
526,652,480,471,483,613
520,657,468,469,484,612
527,648,478,471,477,602
512,646,476,471,484,611
516,646,472,468,488,606
524,646,481,472,488,609
529,642,468,464,487,610
526,637,466,461,478,612
524,638,478,461,487,608
519,627,469,469,487,606
522,632,482,460,482,609
516,621,483,459,482,610
529,613,476,468,478,601
527,621,468,472,481,600
528,625,471,465,483,608
527,624,478,469,469,606
527,620,481,461,476,608
524,622,468,464,481,599
515,621,474,472,477,597
523,620,484,474,469,602
524,614,483,463,473,608
513,611,472,473,474,607
524,612,475,469,464,602
526,600,481,465,476,598
525,604,471,464,480,605
524,590,480,469,482,599
521,606,480,464,469,606
520,600,474,471,470,601
524,583,474,465,482,602
513,590,478,465,480,608
520,592,478,462,481,604
521,590,476,469,470,601
519,573,480,468,471,595
520,570,480,462,478,603
526,572,477,466,480,597
511,585,469,467,476,609
517,581,466,462,480,606
520,565,467,463,481,605
511,577,474,459,480,601
523,576,484,457,481,606
523,577,472,455,483,604
525,563,483,461,479,596
508,578,470,465,476,608
512,567,484,455,469,606
513,573,476,464,477,608
522,574,484,452,476,599
518,575,471,457,480,605
523,567,486,447,479,603
510,573,478,457,482,595
524,568,478,451,482,602
519,571,473,461,480,595
520,558,479,457,484,595
520,569,486,459,480,602
512,574,471,461,478,599
510,569,478,459,477,604
517,572,471,459,479,603
510,570,476,460,479,594
522,556,482,463,479,593
511,572,471,460,482,599
515,561,482,463,479,602
511,573,469,462,479,600
511,571,475,464,480,600
520,572,477,451,481,597
515,560,486,464,475,590
519,570,486,457,480,593
518,573,486,463,472,596
520,556,485,459,483,590
511,570,473,460,480,596
510,563,482,463,480,597
515,571,476,456,478,598
521,570,485,462,482,594
523,559,479,467,470,586
520,574,480,460,471,591
515,572,467,464,481,594
520,558,483,464,481,584
512,574,471,453,480,591
521,569,480,459,482,592
516,575,485,461,469,594
519,567,482,465,475,587
518,569,487,454,479,593
513,575,471,464,482,589
517,570,482,456,478,597
518,573,484,466,470,593
517,571,484,467,473,591
522,570,479,454,483,595
516,572,471,463,482,597
509,567,484,463,484,596
520,571,483,467,469,595
519,575,484,467,467,597
521,572,487,454,476,600
519,574,486,463,469,600
516,573,472,468,467,601
520,573,487,464,468,603
522,572,489,456,474,601
511,572,472,465,476,602
517,572,474,468,477,605
519,571,485,460,467,603
519,574,470,460,477,600
513,578,475,468,476,604
519,569,480,455,481,600
522,559,489,464,481,593
511,568,483,467,479,604
511,568,479,466,479,602
513,575,472,467,478,602
517,559,488,464,484,594
521,559,487,464,470,601
514,564,484,462,484,601
520,576,476,462,487,600
519,577,490,463,479,602
507,586,483,470,486,603
505,597,478,467,492,591
514,597,490,475,482,596
511,608,483,469,495,596
510,618,497,468,485,599
513,619,496,477,482,597
506,632,496,475,494,599
503,622,502,473,493,589
507,636,501,473,492,598
508,636,503,464,494,598
507,639,496,474,489,597
510,641,500,464,497,594
506,648,500,477,502,585
508,656,492,479,498,596
508,649,490,481,491,586
501,655,472,472,499,591
510,657,465,482,488,590
513,639,453,477,497,584
509,655,448,472,501,591
510,640,443,473,503,586
508,657,434,475,490,594
511,658,430,475,490,590
514,652,422,464,502,589
512,656,425,480,486,590
512,656,431,473,489,593
507,658,418,478,492,594
507,657,421,475,501,591
513,655,432,480,490,590
505,648,435,475,500,592
510,656,425,478,500,593
503,658,434,478,498,594
519,652,433,471,503,591
519,654,435,466,503,591
515,649,439,478,502,590
517,652,435,472,503,590
503,653,438,475,499,592
517,640,447,466,490,590
512,650,436,474,499,592
513,658,450,467,501,592
516,653,453,468,501,592
506,651,446,479,500,592
516,652,449,478,499,594
512,656,455,480,498,593
510,659,443,475,497,595
507,659,453,478,496,594
514,658,462,467,486,591
519,654,457,468,499,590
516,643,470,479,492,594
517,643,470,475,497,583
513,655,473,474,485,591
516,643,471,477,493,581
508,654,470,480,495,591
520,655,469,481,481,587
512,660,463,476,490,593
511,646,469,476,492,590
516,653,474,464,490,590
517,653,476,476,490,582
519,656,474,465,490,589
512,659,465,477,488,591
521,649,474,477,484,582
520,651,475,472,474,592
514,658,478,470,477,593
519,643,478,475,490,584
515,658,464,473,487,591
517,654,476,478,474,587
522,653,471,464,486,590
519,651,475,477,480,591
522,634,477,472,477,583
523,651,481,465,480,591
522,642,484,460,478,589
522,648,484,462,476,592
512,649,472,477,477,594
520,645,485,471,480,589
513,630,485,471,478,591
511,639,480,475,476,596
519,633,487,470,468,594
519,622,485,474,481,594
518,621,489,473,479,588
523,617,483,460,485,595
519,616,494,468,475,601
524,611,494,458,486,598
512,617,485,469,489,605
512,607,496,467,489,605
522,602,498,466,490,599
513,620,487,463,496,601
520,603,502,467,496,609
514,621,487,464,495,610
507,621,492,464,496,619
518,614,501,464,494,608
513,619,501,464,490,612
516,621,494,459,499,619
519,622,499,464,498,620
516,619,501,451,501,616
517,625,491,466,497,618
509,628,493,465,497,621
