=~=~=~=~=~=~=~=~=~=~=~= PuTTY log 2023.11.03 01:32:10 =~=~=~=~=~=~=~=~=~=~=~=
556,672,642,632,475,566
558,676,641,639,484,566
562,673,646,646,481,566
561,674,647,631,484,570
550,667,641,643,476,562
559,674,632,646,486,566
563,673,642,637,482,569
560,674,641,647,480,570
562,671,636,645,484,568
549,671,635,643,484,559
549,672,635,641,484,559
560,669,646,632,486,569
550,679,631,643,488,560
562,673,645,633,488,569
564,670,641,641,475,567
558,678,630,645,485,564
561,679,644,627,488,564
559,665,645,647,476,563
560,658,647,641,470,569
567,667,640,643,481,569
564,675,630,648,486,567
555,680,634,645,487,561
566,679,646,644,476,567
571,674,634,644,483,572
561,679,630,646,486,562
567,682,644,626,488,565
568,681,644,633,484,569
570,675,642,642,484,570
572,663,643,646,479,571
574,677,633,645,485,568
570,682,646,633,489,566
568,667,646,645,475,567
575,678,645,647,477,571
572,679,646,634,483,567
574,681,648,633,487,570
577,675,647,637,484,573
579,667,643,649,476,573
564,680,641,640,486,571
577,667,644,648,477,574
577,666,644,633,483,570
571,681,633,648,483,563
569,683,631,640,490,560
577,678,646,640,482,573
574,681,644,644,484,559
580,678,647,640,483,573
578,678,647,634,487,571
573,679,648,634,486,570
579,673,642,647,480,572
572,664,649,648,474,570
578,676,647,646,475,567
574,665,647,643,476,568
580,678,640,644,482,576
579,666,643,649,476,573
578,681,628,651,487,568
575,682,633,649,485,568
576,679,646,640,482,574
580,677,646,640,483,573
580,679,642,647,480,574
579,676,647,643,479,574
568,682,637,648,485,565
576,680,645,637,487,571
572,677,639,646,483,563
581,676,640,645,482,574
571,668,648,647,474,572
576,680,642,637,482,574
575,681,643,649,483,572
577,677,645,642,484,571
581,670,649,635,486,573
578,675,649,636,484,572
578,679,644,642,482,574
578,679,647,647,473,572
582,676,641,644,484,577
576,682,646,635,488,570
576,681,647,636,487,572
576,674,647,630,487,573
572,668,639,644,484,565
579,666,633,646,478,569
577,682,634,642,480,566
567,681,636,647,483,576
580,671,634,641,485,571
577,681,644,633,485,573
577,681,645,638,485,572
582,666,645,650,475,574
572,681,643,635,486,571
579,681,633,650,485,571
572,682,633,644,482,565
579,677,633,649,472,571
582,676,646,646,473,575
578,665,647,647,483,576
579,680,642,647,486,569
583,678,645,642,481,574
576,683,649,634,483,572
569,678,633,645,484,564
575,664,648,650,471,573
578,679,648,633,482,573
578,679,631,640,484,563
576,683,634,650,483,568
579,681,635,644,480,568
571,675,644,649,481,565
584,677,639,647,478,572
584,677,645,649,466,566
582,665,644,638,479,567
572,668,640,650,467,568
570,671,640,642,479,557
578,680,650,642,476,568
582,663,648,651,465,566
569,669,646,648,467,559
570,681,649,642,476,564
579,679,651,638,477,561
580,670,647,650,469,563
575,677,647,650,476,556
580,661,650,650,469,565
578,661,650,651,463,563
575,676,652,639,477,562
569,679,639,652,475,564
582,670,647,649,463,564
580,661,651,647,470,563
564,677,643,647,478,554
577,669,653,637,477,563
568,667,644,643,473,562
569,672,643,647,479,554
580,673,652,646,468,565
575,662,650,652,463,564
577,675,648,643,473,565
577,676,652,637,476,564
578,675,652,639,475,565
568,672,647,650,469,558
574,660,651,653,465,566
568,674,646,643,471,567
578,661,651,653,464,565
579,669,654,654,463,564
579,672,648,653,467,566
572,667,650,649,470,558
570,669,649,648,469,557
575,667,647,652,471,568
579,674,643,640,473,566
578,657,653,650,463,565
579,668,650,644,473,568
581,673,652,643,474,568
568,673,646,648,474,560
583,671,654,646,475,567
577,672,652,651,475,568
577,672,648,651,478,561
576,674,654,637,477,566
576,656,653,649,469,559
574,670,640,654,475,570
580,670,643,643,474,567
575,674,651,639,477,567
578,660,644,654,479,566
580,667,652,642,477,568
579,654,651,654,468,571
581,664,655,652,466,568
565,655,651,652,466,568
575,668,638,648,473,563
569,668,638,651,480,563
569,660,649,649,471,563
573,672,653,648,470,562
581,666,644,649,477,560
577,669,655,641,479,568
571,662,651,654,466,571
574,653,653,652,468,567
577,652,649,655,466,571
578,670,652,641,472,570
578,652,651,654,477,565
583,667,645,649,475,561
579,668,655,642,474,572
580,652,651,649,473,572
583,661,650,654,473,570
582,666,649,648,474,571
574,654,653,641,477,567
579,669,654,640,476,568
579,662,653,636,480,567
580,653,640,649,478,562
574,668,638,653,478,566
577,669,639,650,471,572
577,669,638,649,471,561
570,662,650,650,469,562
573,672,656,653,466,567
580,665,634,642,476,568
582,665,651,654,467,571
580,668,648,650,475,571
576,667,641,654,474,570
568,665,652,654,465,571
577,656,655,652,472,568
578,666,650,652,463,567
577,670,648,651,478,562
577,668,651,642,477,568
579,654,653,645,474,572
578,668,652,640,471,569
578,668,639,653,464,572
577,668,652,648,472,569
578,674,642,652,479,562
572,658,652,654,465,572
577,670,652,652,472,563
582,666,652,651,475,572
581,666,643,654,470,568
573,655,648,652,462,562
581,655,653,651,481,562
581,654,645,649,474,571
580,667,642,652,476,570
575,655,643,645,469,563
573,667,654,642,473,571
575,654,654,643,461,567
577,670,653,645,474,573
579,665,652,644,472,574
579,672,637,652,479,564
575,655,654,653,474,570
580,654,652,641,478,569
572,657,655,651,467,566
579,668,655,639,475,569
582,655,651,654,467,572
577,673,653,639,477,568
579,668,655,639,477,569
580,661,648,652,471,572
576,671,646,641,475,569
577,672,650,643,480,568
578,669,653,640,477,569
577,673,652,641,478,568
572,657,653,650,468,567
573,656,653,651,465,570
580,666,652,640,473,572
579,670,655,639,478,571
569,660,653,652,465,569
569,655,656,651,467,569
582,652,653,655,467,572
564,666,648,650,472,562
569,665,647,649,474,561
580,654,654,653,466,572
576,668,652,643,478,569
578,669,641,653,476,569
578,668,641,646,475,574
577,669,639,645,479,564
580,662,651,653,464,568
572,656,653,649,469,568
582,665,649,651,470,574
579,670,652,643,478,569
580,666,653,643,475,571
578,667,649,647,477,571
578,670,655,640,478,570
577,669,651,642,479,569
583,667,650,648,470,574
576,656,655,649,466,569
577,656,651,653,468,574
580,660,650,648,477,570
580,668,650,642,478,569
570,664,647,655,477,568
570,670,645,648,477,562
579,668,655,654,478,570
580,670,644,653,476,573
573,673,638,653,478,567
571,655,655,652,466,570
580,661,653,641,477,572
579,668,655,640,474,574
575,674,641,650,481,564
577,669,654,639,473,575
577,672,653,644,478,570
580,668,638,637,475,566
582,661,649,639,479,572
578,671,652,639,475,567
577,671,653,650,473,574
579,670,638,655,479,567
581,667,655,650,480,564
581,668,654,648,477,575
578,658,653,653,468,574
578,674,655,654,478,572
581,668,655,650,479,559
577,657,650,644,477,572
571,673,639,647,477,564
572,673,639,650,470,568
580,668,643,641,476,568
581,666,649,648,478,564
578,674,640,651,482,565
582,667,648,649,476,574
583,671,645,649,478,573
577,653,654,652,467,573
582,655,652,654,467,573
579,674,654,640,480,574
576,657,654,638,481,572
579,673,652,638,480,575
578,672,651,636,477,575
581,664,652,652,473,576
573,659,647,650,467,567
581,670,650,641,478,571
570,676,640,649,481,564
575,670,650,647,478,574
582,659,652,655,471,574
584,671,642,654,480,574
581,669,649,640,480,573
577,671,651,641,480,572
573,674,640,652,468,572
581,654,652,653,470,574
579,671,651,646,479,572
579,672,654,639,478,575
584,670,646,653,476,576
580,671,654,652,480,572
580,664,649,651,478,576
569,674,642,641,480,573
578,671,654,648,480,572
579,668,651,646,476,575
580,666,648,649,475,574
570,674,640,647,483,572
579,657,653,651,467,572
582,657,651,651,477,573
574,657,654,654,478,572
582,667,650,638,480,574
578,666,650,650,475,565
579,657,653,648,465,576
569,665,652,653,481,572
582,674,637,654,481,572
570,662,652,640,482,567
582,670,641,649,479,572
581,666,647,645,478,572
575,674,640,650,483,571
579,657,651,653,469,574
577,673,651,654,482,574
577,673,652,642,482,575
579,667,649,650,481,573
579,667,649,653,479,575
577,655,652,654,470,574
577,671,640,649,478,575
575,670,656,640,479,575
578,654,658,654,470,575
581,666,654,650,477,572
570,655,648,647,482,576
581,661,649,644,478,576
584,667,648,648,480,577
568,671,646,648,481,566
580,668,655,642,479,576
575,666,649,647,479,574
570,669,646,644,468,570
577,672,639,652,483,572
583,662,653,645,472,569
576,661,649,648,474,569
576,654,641,652,481,570
582,665,651,646,479,574
570,663,652,652,470,574
580,665,646,650,478,567
581,659,651,656,473,575
582,667,645,652,481,572
571,671,651,642,482,573
572,672,638,649,470,575
582,666,646,645,481,576
572,662,652,651,479,577
583,669,653,639,480,575
582,667,648,644,482,575
577,671,654,651,478,572
583,667,655,642,482,577
584,660,649,646,473,577
584,667,642,652,481,574
577,656,655,654,479,572
575,657,652,651,471,573
571,661,650,648,474,567
569,672,649,648,477,568
582,666,650,645,484,569
578,671,638,653,482,571
571,670,644,640,485,566
580,668,651,644,478,578
581,662,647,653,476,576
580,664,650,647,477,568
577,673,638,651,482,570
578,671,654,637,480,575
571,662,653,648,480,578
579,665,650,648,474,576
574,668,654,640,480,576
575,670,655,652,483,574
584,659,649,651,475,576
581,679,653,638,483,575
574,674,639,639,471,571
583,656,649,651,471,572
583,674,653,630,484,573
569,668,644,646,482,567
580,673,654,637,475,576
582,665,650,649,477,576
581,659,649,647,479,579
579,672,644,641,483,572
571,663,650,647,474,569
582,663,638,652,482,571
577,655,653,653,469,575
582,656,649,654,469,576
581,668,652,649,475,569
576,671,654,640,481,574
581,658,651,652,473,578
584,665,651,652,476,576
579,655,648,652,468,576
572,671,639,650,485,566
580,656,651,649,472,576
574,660,653,650,472,570
579,672,648,643,481,574
571,667,646,648,479,567
580,672,652,636,481,575
575,673,642,653,483,574
582,671,639,652,483,575
572,674,638,648,484,569
569,670,646,647,478,567
581,655,653,632,482,576
577,671,642,651,481,573
585,667,652,651,479,578
574,673,637,652,481,571
572,670,639,650,481,575
582,667,648,636,483,577
580,670,649,645,478,575
569,674,645,648,482,575
572,674,634,650,480,566
570,672,644,649,481,578
575,658,654,650,478,577
580,673,637,650,483,570
583,663,648,650,471,574
581,666,650,645,480,578
573,663,651,648,471,573
584,667,651,638,485,574
585,672,649,642,482,579
574,659,652,651,472,575
577,656,654,651,469,575
582,669,653,646,480,578
582,668,649,642,480,576
576,672,649,641,482,574
577,659,653,648,472,571
580,673,654,632,482,575
583,663,637,655,484,573
583,669,646,647,477,565
578,673,653,632,483,574
574,657,654,650,472,574
583,669,650,646,472,578
574,673,640,651,483,575
582,657,653,652,471,575
572,674,637,650,484,574
579,676,653,636,478,578
575,674,638,649,484,568
584,673,651,640,483,575
584,669,647,647,481,566
583,670,647,645,468,574
573,676,653,648,474,571
576,675,637,648,471,576
580,669,649,645,482,577
581,657,653,652,479,577
584,672,641,652,483,576
581,658,652,651,472,577
583,673,643,648,482,578
583,665,649,647,476,579
583,666,650,650,474,576
583,670,639,649,481,575
583,669,653,637,482,577
585,665,648,650,474,579
583,659,650,648,480,577
572,653,650,640,479,576
582,670,647,644,474,572
576,676,638,649,483,572
584,670,645,648,480,579
571,667,648,645,478,567
582,667,649,644,479,568
583,660,642,648,482,577
583,671,649,645,480,570
578,677,634,645,483,568
581,672,653,639,486,574
571,675,645,648,480,578
574,673,651,642,475,578
581,675,650,642,482,575
582,674,653,645,467,578
574,662,651,647,474,572
571,667,651,646,476,570
574,664,652,647,477,570
584,672,650,646,475,577
577,670,638,647,480,571
580,676,652,635,480,579
575,660,653,647,484,571
583,664,649,646,481,576
571,676,643,645,481,578
583,658,652,650,473,577
574,663,652,646,477,573
578,661,653,648,473,578
580,671,647,643,481,576
582,660,652,648,475,573
581,675,637,649,483,569
575,678,652,650,473,578
586,673,643,649,482,580
582,674,638,646,486,569
580,676,651,651,472,576
574,676,636,647,476,579
583,672,653,636,482,577
584,663,644,649,472,576
581,674,650,637,483,575
581,678,650,639,486,572
577,664,651,647,477,569
586,669,648,652,478,578
581,674,654,635,475,576
579,676,652,635,481,578
581,677,651,636,484,572
585,660,651,649,473,579
575,664,652,646,484,577
585,667,649,647,485,576
580,673,652,649,473,577
571,668,650,643,482,579
581,675,655,635,483,577
580,671,649,636,485,577
575,676,649,639,484,574
582,674,653,651,480,570
582,674,649,640,486,577
580,670,651,642,483,576
584,672,644,646,485,569
572,676,644,646,479,569
576,671,651,635,485,575
581,672,654,634,473,573
577,664,652,646,482,577
576,678,648,648,475,577
578,658,653,649,470,579
583,672,655,635,482,569
579,677,650,641,481,575
575,672,648,646,477,568
571,669,640,648,483,577
575,658,652,645,477,579
579,677,649,642,481,576
586,669,648,651,479,577
579,660,652,648,484,576
578,660,650,647,478,577
578,657,653,645,474,573
583,660,650,650,483,568
584,674,644,646,486,576
579,678,639,647,485,570
569,671,643,644,475,580
586,671,645,644,482,580
582,673,639,648,483,574
581,674,637,648,483,576
584,671,655,637,482,580
580,675,651,632,483,575
576,667,655,634,483,577
582,676,654,633,482,576
580,676,651,637,484,576
583,660,652,649,472,574
579,677,641,648,485,577
582,660,652,647,479,575
581,673,653,636,480,579
581,676,653,633,483,576
580,675,651,635,480,576
585,655,650,648,469,580
574,677,637,648,480,577
580,676,655,640,481,580
579,669,653,646,473,574
571,677,653,634,484,576
579,675,638,648,483,575
579,676,652,633,477,577
572,678,645,645,481,568
579,662,645,645,484,569
578,665,651,645,478,574
582,680,641,645,484,568
579,677,655,632,485,576
578,676,644,645,482,579
582,670,647,649,484,578
579,654,654,647,472,576
573,668,651,643,480,571
577,677,649,647,475,575
571,671,645,645,482,579
572,669,650,645,477,569
579,674,651,636,484,575
581,667,650,648,478,580
578,661,652,648,470,576
573,676,638,647,486,576
579,675,653,632,486,576
579,675,653,644,472,575
577,668,638,646,486,577
571,678,652,639,481,578
570,673,644,642,482,570
569,670,648,642,480,578
572,670,640,649,485,574
583,660,651,648,481,576
572,671,645,643,483,575
580,675,637,646,486,570
582,671,646,644,482,579
584,672,649,643,487,581
584,660,651,650,472,579
582,659,653,648,471,578
585,659,651,644,473,573
572,675,640,647,485,576
584,661,650,649,474,579
584,672,639,638,484,576
573,670,640,644,486,577
584,668,639,647,480,572
581,676,641,648,483,577
584,660,638,648,482,577
582,673,639,647,483,578
573,678,649,643,478,577
580,670,652,638,479,570
573,667,648,643,475,579
571,677,643,643,483,576
577,655,638,646,487,570
573,666,653,639,482,579
574,673,647,641,481,570
581,659,653,646,472,577
579,677,642,646,481,581
570,672,645,644,484,570
583,667,649,648,471,579
575,675,636,647,484,580
572,674,642,641,486,580
574,678,639,648,485,572
585,669,648,647,478,577
579,676,637,647,480,570
584,672,638,643,486,570
581,675,637,647,484,574
580,663,652,646,473,577
583,671,654,646,471,579
579,675,642,647,481,579
578,677,650,646,475,579
583,672,649,640,481,578
579,671,640,647,482,577
584,663,650,648,476,579
583,667,648,646,478,570
583,661,653,647,484,578
583,669,647,641,477,580
585,670,644,643,481,570
584,671,642,646,484,582
583,659,650,648,473,580
585,670,638,648,484,571
581,673,639,643,478,575
581,675,650,638,483,577
585,672,648,638,482,577
584,659,650,643,473,574
572,672,645,646,483,569
584,663,648,643,485,570
581,667,649,643,478,579
580,671,637,646,486,573
583,671,650,641,480,568
584,675,642,644,482,580
574,674,643,642,480,579
572,677,649,637,480,580
582,671,651,644,478,579
583,673,655,633,483,580
573,665,648,642,476,567
579,680,652,633,482,577
579,676,643,632,483,578
571,669,649,642,480,580
585,673,651,646,483,577
583,670,645,641,480,581
584,672,638,647,473,578
583,669,653,646,471,578
581,660,649,648,473,580
571,671,649,642,481,571
582,660,652,646,473,576
576,666,651,643,473,573
571,662,653,645,473,570
581,667,645,636,482,577
578,653,653,641,484,580
574,675,637,644,484,571
582,661,650,647,475,580
580,676,649,646,484,579
570,668,646,642,480,580
583,671,653,637,480,580
572,675,653,635,481,580
579,671,644,645,482,582
582,671,652,645,476,575
576,662,653,646,473,575
574,673,641,642,484,569
573,673,640,645,484,570
575,664,652,644,473,571
581,660,651,648,471,578
583,661,643,645,482,581
582,673,652,637,480,581
576,662,654,646,485,573
577,660,653,640,480,581
582,667,656,635,481,578
579,674,652,633,484,581
583,666,648,644,477,579
581,677,654,633,485,577
584,671,644,643,481,582
577,665,653,643,484,575
570,669,647,646,487,570
584,671,635,635,482,576
578,676,637,645,484,572
581,672,649,635,483,577
580,675,653,632,485,576
570,670,649,642,479,579
576,675,651,640,482,580
580,674,650,633,484,577
574,675,645,642,487,570
571,677,649,649,474,578
579,675,648,642,483,578
582,668,646,645,479,578
572,668,650,647,472,577
579,661,653,646,474,577
572,678,638,645,486,573
570,673,654,648,484,580
580,672,649,638,482,578
578,677,645,633,482,580
579,678,637,648,481,576
579,675,646,646,483,574
577,675,633,646,481,579
582,672,649,634,482,570
580,676,640,645,473,575
582,674,649,640,479,582
575,666,649,644,478,571
579,677,652,648,486,577
574,666,651,645,475,573
585,672,654,633,484,577
575,664,653,645,475,574
574,678,637,645,486,578
579,675,654,632,482,573
581,660,652,648,466,574
580,676,638,645,483,581
582,677,653,632,482,579
580,677,649,643,480,570
572,678,637,645,486,571
575,665,652,633,483,580
580,670,652,637,483,583
583,672,648,644,487,572
578,676,650,639,481,579
583,673,654,640,479,582
572,676,639,644,486,573
578,677,654,633,484,579
573,668,647,643,482,570
580,676,651,644,482,578
581,659,651,648,472,581
570,673,652,641,480,582
571,670,646,643,472,572
579,673,651,634,484,577
580,671,648,643,481,579
580,669,646,642,478,573
584,668,647,641,479,580
565,673,644,644,485,579
569,671,647,643,482,577
576,678,638,648,478,581
583,660,650,649,473,581
580,677,652,633,484,581
585,675,637,646,483,580
577,662,653,645,477,580
582,670,647,646,479,576
578,675,637,633,483,579
572,678,637,644,487,582
571,670,652,643,476,574
570,671,646,642,475,574
580,675,639,643,484,569
571,682,645,642,487,577
579,661,652,647,474,575
572,678,647,643,483,570
583,659,650,647,472,579
580,675,653,644,483,580
571,676,642,643,487,571
583,661,653,645,482,582
583,667,648,641,479,580
576,661,654,646,474,576
583,671,646,644,481,580
585,671,648,644,481,581
583,673,648,640,482,580
579,675,637,647,485,578
582,671,655,647,480,580
580,673,643,641,478,584
571,673,645,643,477,574
585,666,648,639,480,583
581,673,651,640,481,582
583,664,654,648,473,582
579,676,645,645,483,578
579,676,636,643,484,579
574,664,652,648,479,582
585,673,635,648,473,580
577,660,652,646,475,575
571,668,649,643,479,572
570,669,648,632,483,578
583,659,650,648,474,582
582,672,636,645,483,578
573,677,639,641,486,571
584,671,645,635,486,578
572,665,651,643,476,576
571,672,644,642,486,571
580,675,650,645,486,574
577,663,653,646,475,575
579,676,646,642,482,580
567,672,644,643,484,572
581,679,648,636,487,576
576,657,651,645,470,577
577,662,652,644,474,576
577,674,638,645,485,577
583,660,650,648,473,580
570,670,647,632,484,578
584,658,643,643,480,579
572,672,642,643,485,572
580,672,650,636,486,577
578,658,651,646,474,577
582,669,647,642,480,582
579,657,652,646,472,579
583,669,648,635,480,582
584,669,650,637,480,576
575,675,638,647,484,581
586,660,648,648,477,582
572,666,647,643,483,571
577,674,637,647,485,579
582,677,637,646,486,573
583,659,651,644,477,585
582,674,638,646,484,580
579,673,652,643,470,582
578,659,651,644,473,577
580,671,651,641,478,583
581,670,648,641,483,580
583,667,647,644,477,579
582,671,648,640,483,580
580,672,647,636,485,578
582,671,647,639,485,580
581,658,650,646,472,585
572,676,638,643,473,581
584,670,648,635,485,580
583,668,646,644,477,583
586,668,648,642,487,575
576,660,647,645,472,577
579,675,648,636,486,579
579,672,649,637,484,579
576,675,636,645,487,580
576,662,650,644,476,575
580,672,651,633,484,580
580,674,639,645,483,583
584,671,651,632,483,576
584,674,639,646,482,580
572,677,638,643,482,571
583,668,646,639,479,581
578,659,652,641,485,572
580,674,649,636,486,579
583,666,647,643,479,579
582,674,638,647,481,582
572,666,650,641,477,574
585,661,649,647,474,582
579,675,651,634,485,578
585,670,652,640,478,579
576,676,649,636,483,582
579,674,635,646,484,582
577,659,652,646,472,579
583,670,651,645,486,575
585,672,647,641,481,581
582,671,647,638,482,580
572,676,635,643,484,579
572,680,638,642,486,573
571,676,637,631,485,580
576,662,651,644,477,581
575,664,651,644,478,574
578,674,647,636,484,580
580,675,637,647,483,576
581,671,640,641,485,577
585,672,643,644,480,581
572,671,639,643,480,583
580,673,640,645,481,584
571,666,649,647,473,578
577,662,652,647,472,578
572,669,647,642,484,571
570,671,645,635,472,579
585,661,647,637,475,582
582,672,648,646,483,581
583,664,647,647,473,583
571,676,639,639,482,582
574,677,636,648,485,573
577,677,650,643,476,573
583,673,644,645,483,583
569,672,644,641,483,582
583,672,651,640,483,581
578,659,652,647,473,581
577,661,652,645,473,579
576,676,638,648,483,578
574,665,650,644,478,576
584,659,648,642,473,581
578,659,652,646,473,579
571,679,636,642,483,570
584,671,643,633,484,578
569,676,641,641,488,572
576,659,651,645,484,578
580,672,648,633,486,578
580,676,637,640,486,575
578,676,648,638,481,582
581,671,651,632,481,581
577,676,648,645,473,577
581,669,648,641,480,582
579,673,652,630,473,582
581,659,651,646,474,582
584,675,638,647,481,583
581,659,649,647,486,582
582,674,647,629,484,578
580,676,649,631,485,579
582,670,651,636,482,582
582,672,642,638,483,580
580,659,651,633,475,578
572,666,650,641,476,577
569,678,641,641,484,571
571,664,650,644,485,577
570,671,643,639,486,573
578,674,648,642,482,580
577,657,652,645,472,579
575,665,649,644,475,575
572,664,651,643,478,574
576,676,650,646,482,573
580,673,648,635,485,581
571,670,646,642,483,581
583,667,638,634,484,578
582,671,648,637,483,582
575,676,635,645,483,570
571,676,637,643,487,572
576,676,651,631,481,581
571,681,644,642,488,571
577,659,653,646,472,580
569,668,648,642,477,574
580,676,651,630,476,582
582,672,651,638,480,582
577,674,649,633,481,580
570,670,646,640,482,573
581,673,640,645,483,579
579,667,637,646,483,580
577,677,649,633,484,579
582,664,651,633,484,580
583,672,652,630,483,580
570,675,642,646,484,579
583,671,645,643,477,583
579,660,648,641,471,576
582,669,644,641,486,580
580,674,649,629,484,580
581,663,646,649,472,582
578,667,639,644,485,579
578,675,648,635,476,575
579,675,651,631,482,579
570,680,636,642,486,574
567,668,647,641,481,572
578,656,653,631,482,581
580,660,652,645,484,576
580,660,652,649,473,579
574,661,651,631,486,577
580,675,651,637,482,581
579,674,649,636,485,579
577,669,647,636,483,580
580,658,651,630,472,578
584,669,648,639,481,582
577,674,636,643,485,579
579,669,649,635,483,581
578,676,652,645,487,578
573,669,645,635,474,581
585,671,646,642,485,578
577,662,651,641,478,575
581,673,638,644,485,581
584,671,649,636,481,583
572,676,637,638,485,573
583,670,648,633,487,571
585,669,648,639,480,581
581,660,649,644,472,581
580,678,652,638,485,579
584,663,647,641,477,581
580,673,638,635,481,582
581,660,648,640,479,572
584,672,648,637,482,583
583,674,648,631,485,581
584,670,645,640,473,578
576,667,649,640,479,582
581,673,651,629,480,580
583,669,643,638,482,580
583,670,646,639,481,582
572,669,645,638,478,575
579,676,651,629,482,581
579,657,651,642,472,579
579,655,650,643,472,580
584,664,645,645,480,581
580,673,649,630,484,578
584,652,636,639,486,571
583,657,647,645,474,582
580,656,651,644,472,573
572,672,636,643,488,573
580,674,648,636,482,582
580,673,647,633,485,577
577,657,652,643,472,577
576,657,652,631,482,581
583,666,650,635,481,581
580,668,646,640,474,575
580,667,640,645,484,578
578,672,651,631,485,577
581,663,648,641,481,571
584,667,649,635,483,579
576,671,637,643,485,577
584,670,642,641,481,582
573,656,651,646,472,579
581,668,652,632,482,580
567,670,646,640,470,579
579,654,652,641,484,571
569,657,649,643,485,579
583,670,640,646,481,581
580,667,645,642,482,577
582,666,648,641,481,582
577,670,645,638,483,580
575,668,652,631,482,581
572,660,647,642,486,572
576,659,649,642,480,582
578,670,634,646,479,581
581,667,650,640,483,582
580,661,646,629,483,580
574,658,649,637,475,573
564,665,647,642,477,573
578,667,642,643,483,581
571,661,646,640,474,579
578,674,633,643,486,573
576,671,635,645,485,577
570,672,643,639,487,570
583,656,647,647,486,579
575,656,649,639,470,580
579,660,645,643,475,582
579,672,647,633,483,575
575,670,647,629,487,575
577,664,645,644,479,581
570,660,647,641,479,573
581,667,649,631,483,581
577,672,634,643,485,574
571,666,646,640,481,572
582,657,643,640,483,580
575,669,634,644,485,579
573,659,648,631,479,573
584,666,645,637,474,581
574,668,635,646,485,580
584,668,640,644,482,580
582,657,646,645,486,569
584,656,647,644,474,581
569,675,634,642,486,573
581,668,642,639,483,583
580,657,646,644,472,577
576,671,633,644,482,575
570,668,640,639,481,576
569,668,643,641,485,569
575,659,648,643,484,583
569,668,639,639,488,571
582,665,645,642,482,581
578,672,635,645,473,572
580,664,645,640,481,580
580,654,649,643,483,570
578,674,648,629,483,580
581,666,647,641,481,571
579,670,648,631,483,579
575,671,648,630,485,578
581,664,643,639,480,582
582,670,636,645,485,580
578,671,633,630,486,580
579,669,652,631,482,583
569,673,643,641,482,580
574,670,633,643,486,574
579,663,646,639,479,581
582,655,648,644,475,581
577,657,651,642,475,573
580,654,650,645,475,571
568,672,642,639,483,571
581,656,647,644,482,583
582,663,646,643,481,582
572,661,646,640,477,573
582,668,641,640,481,583
583,669,635,643,485,583
579,669,634,646,484,581
575,656,649,642,474,576
582,663,645,641,487,572
570,668,639,640,485,581
575,661,649,640,476,576
582,667,643,638,482,583
581,654,649,645,472,578
579,671,648,630,483,582
582,668,651,631,479,582
580,671,649,631,486,579
584,668,638,643,487,572
583,673,649,636,483,582
583,663,645,642,480,581
583,655,650,642,474,578
577,667,646,636,475,581
580,672,648,632,486,571
571,674,635,642,487,574
577,670,635,643,484,578
583,668,650,631,483,579
578,656,650,642,472,577
578,673,648,631,486,580
582,657,645,646,475,581
567,669,637,640,485,572
578,670,634,636,482,584
582,667,650,635,484,578
579,671,645,632,486,578
573,660,649,641,487,578
573,673,630,640,486,574
580,669,651,632,484,582
580,666,647,636,481,582
581,648,650,634,486,584
584,666,643,641,471,572
575,674,648,631,487,579
570,666,645,641,481,572
577,672,650,631,480,579
582,667,648,637,485,579
580,667,645,639,482,580
584,656,646,644,475,581
580,669,650,629,484,581
583,670,636,643,484,582
575,657,647,643,473,577
583,664,643,641,479,580
582,664,645,642,483,581
573,669,648,631,485,578
571,675,635,639,487,572
578,674,646,632,485,582
576,671,633,643,487,574
581,664,649,643,473,578
576,657,647,644,472,579
575,660,645,639,478,577
583,662,644,642,479,581
575,670,649,630,487,578
578,674,647,631,487,579
579,674,650,629,473,580
584,670,636,644,482,583
580,666,646,638,483,580
581,659,647,646,474,580
569,665,645,638,486,582
573,673,633,644,486,574
585,669,641,642,482,583
581,667,648,637,483,582
579,656,648,643,474,577
576,659,649,639,486,577
570,673,638,638,483,573
578,656,647,642,474,578
582,668,651,630,476,581
585,657,646,645,472,583
583,656,646,644,488,580
582,659,644,643,472,576
573,660,647,641,475,576
577,657,648,643,472,578
577,672,634,641,485,578
580,672,647,629,482,583
581,654,648,642,473,582
572,656,650,640,484,582
570,673,636,638,487,573
570,674,641,637,488,573
583,670,636,644,483,578
572,662,647,640,472,574
579,656,642,644,470,581
581,655,646,644,473,582
579,655,649,644,473,578
580,669,643,635,484,576
577,657,649,642,473,580
569,674,635,639,485,579
584,663,645,640,477,580
579,666,648,628,485,580
582,654,640,642,479,579
570,671,639,638,477,578
584,668,637,640,487,578
580,656,647,644,473,582
579,666,650,627,485,580
577,669,645,631,484,582
578,672,647,627,486,579
582,670,636,642,483,582
581,668,651,631,482,582
582,662,646,639,478,583
574,673,634,638,487,573
569,668,638,639,479,583
572,654,648,642,471,582
579,673,645,632,485,584
583,655,647,641,475,580
583,660,644,643,475,581
580,671,645,630,484,582
569,661,645,639,483,580
584,668,638,640,485,572
583,665,643,636,485,579
579,671,646,632,486,578
563,670,640,637,487,576
578,672,648,629,485,580
584,659,642,639,475,584
584,667,635,640,484,582
579,666,648,629,486,579
584,669,635,642,483,581
570,668,643,628,481,582
565,670,644,636,483,572
580,656,647,644,473,582
582,665,650,630,482,582
578,672,647,627,486,573
583,673,635,642,474,578
580,664,643,636,481,578
572,660,648,640,482,578
570,662,645,638,479,573
581,669,635,641,486,576
579,671,648,640,477,582
580,670,650,630,484,581
579,670,635,643,486,580
583,669,636,641,483,582
580,670,650,627,487,579
580,672,649,626,484,580
577,673,647,631,488,579
580,669,646,627,483,581
564,675,640,638,489,572
571,669,642,635,488,573
582,663,643,638,478,582
572,673,633,640,475,581
577,665,643,637,482,580
585,664,644,636,481,579
575,670,646,630,484,577
583,667,647,634,481,583
579,668,649,627,486,580
582,657,645,642,475,581
579,669,648,629,484,579
575,670,633,642,486,584
583,666,639,635,484,583
581,672,648,627,485,581
580,654,639,640,486,575
572,660,647,637,477,575
576,655,647,640,473,581
582,665,648,640,475,582
572,671,648,627,486,576
585,658,645,641,476,582
583,662,643,637,477,576
578,654,648,640,473,580
570,657,639,636,482,572
580,665,643,638,479,574
581,667,647,633,483,582
578,671,644,634,485,579
574,660,648,638,478,583
582,667,638,638,482,582
569,666,646,638,477,572
576,673,646,627,486,584
571,664,643,630,483,573
580,656,646,642,475,574
573,660,647,638,478,575
580,670,646,627,486,572
582,656,646,642,474,579
570,664,644,636,480,582
570,673,635,638,487,574
583,668,638,638,483,582
577,672,647,641,474,582
573,668,647,629,484,579
568,666,642,636,483,572
581,667,650,626,478,581
578,655,649,640,473,583
579,667,650,620,479,580
583,665,645,638,476,582
581,671,647,627,487,581
583,666,639,637,486,584
576,658,647,639,477,575
577,668,644,636,481,582
580,669,649,628,482,584
570,672,632,637,487,574
580,668,649,626,484,573
579,658,645,638,480,582
582,658,645,642,478,583
581,668,646,625,483,583
565,668,644,636,483,574
582,667,640,637,483,580
569,664,646,637,482,572
583,666,644,636,484,580
573,672,635,638,486,581
582,670,650,627,484,581
571,667,639,635,483,572
580,668,647,640,481,582
580,670,634,640,485,581
577,656,649,640,472,577
570,666,640,637,487,571
579,668,634,639,486,580
570,673,634,637,487,574
579,674,648,628,485,579
570,662,646,636,478,575
580,670,645,631,482,583
579,662,641,636,482,579
578,671,648,626,485,572
573,672,636,635,487,573
583,668,639,639,484,584
582,665,636,640,484,583
579,653,648,640,472,583
580,663,644,637,478,582
583,665,643,633,472,571
573,658,649,638,475,576
580,667,644,633,482,572
584,667,644,634,484,579
575,672,633,640,488,583
573,657,649,638,475,577
583,667,640,635,484,584
573,661,640,633,483,572
573,666,639,635,482,573
583,661,644,638,480,581
569,666,632,640,484,577
583,668,651,627,483,581
581,653,645,641,474,578
582,668,640,629,486,582
578,673,644,632,485,579
569,670,639,633,488,572
582,663,644,634,481,580
578,672,632,638,487,578
577,666,644,629,482,583
567,660,647,637,472,577
568,661,645,635,479,572
572,664,643,634,480,573
570,667,644,635,485,573
572,672,634,636,486,573
581,666,646,629,484,577
575,660,645,636,477,575
572,674,633,636,485,582
583,667,644,631,481,582
578,657,648,638,476,577
578,672,647,627,481,573
578,668,636,637,483,582
584,668,642,633,485,578
588,655,644,641,476,583
583,652,649,639,469,581
584,649,644,642,475,584
580,671,645,627,486,580
577,658,647,636,476,575
565,664,644,636,480,573
584,668,640,634,482,582
582,666,644,636,480,582
577,668,642,632,481,580
578,670,633,639,486,579
578,656,648,640,474,581
571,667,639,634,484,577
578,670,632,637,487,578
578,669,647,624,485,582
582,664,643,635,480,582
570,672,648,639,474,580
580,668,644,633,483,581
570,674,640,634,485,573
580,664,648,621,486,581
582,670,631,633,484,582
578,656,648,635,485,576
576,656,649,637,473,576
583,667,644,632,482,583
583,658,645,637,481,582
577,672,648,626,487,577
583,669,636,638,480,584
580,670,646,625,483,581
585,669,639,637,482,582
581,663,643,635,481,580
581,669,639,635,482,581
575,663,628,639,486,576
582,669,645,629,486,579
574,674,631,637,485,584
582,665,646,633,481,583
581,663,644,635,478,581
579,671,646,629,486,573
583,665,640,635,483,584
583,655,645,634,487,572
582,666,643,637,482,582
578,668,640,633,484,579
575,672,632,635,488,579
577,662,643,634,480,581
582,665,644,632,481,580
581,671,644,627,486,579
580,671,648,625,485,582
576,671,645,629,486,580
577,672,647,624,486,580
571,672,633,635,487,574
578,669,647,625,485,580
582,665,644,638,481,582
569,674,636,636,488,572
580,670,643,625,486,582
584,668,635,636,485,583
585,665,641,633,482,583
580,667,650,626,484,582
581,655,643,639,475,581
576,671,633,637,482,576
571,669,634,636,486,576
582,666,633,639,484,579
570,669,634,639,486,580
584,657,643,639,479,582
581,661,644,635,480,581
582,659,643,634,477,581
579,669,644,632,486,581
583,669,633,637,485,579
580,654,645,640,472,582
583,665,643,634,482,582
575,660,645,636,478,582
577,670,632,638,483,580
583,667,632,637,485,582
581,662,642,635,482,581
571,673,634,636,486,573
573,672,631,637,488,581
581,654,646,640,473,583
577,670,647,626,487,578
583,646,648,635,475,582
572,660,643,633,481,573
572,668,633,638,485,582
582,666,646,632,482,582
572,664,644,633,483,573
578,667,649,626,483,583
581,663,643,633,474,574
584,666,640,631,483,584
579,671,645,627,485,579
582,666,647,631,484,578
582,659,644,637,479,581
580,666,634,638,486,580
578,668,644,628,486,581
572,667,649,626,483,584
578,663,642,635,483,582
572,668,646,626,488,582
579,664,643,632,483,585
576,669,644,630,484,581
581,657,645,637,480,576
573,669,634,635,486,573
563,667,634,630,481,571
575,657,644,640,478,583
575,670,634,639,486,581
571,670,647,626,487,580
572,669,632,639,486,583
573,666,649,623,483,583
566,671,647,625,485,583
568,657,648,637,473,583
574,659,641,638,481,585
572,670,648,625,484,583
579,668,636,637,487,586
564,660,645,635,477,577
577,666,641,636,484,586
572,667,634,638,484,581
572,656,648,637,474,582
575,666,637,641,486,589
576,664,645,629,483,586
571,658,647,636,477,578
578,662,644,636,478,585
570,662,644,634,478,575
577,668,649,623,486,583
561,661,643,635,480,579
577,663,642,639,479,585
566,671,632,636,488,575
567,667,634,637,487,576
568,670,635,638,489,575
567,667,642,633,485,584
575,669,648,624,477,582
577,661,644,636,474,582
576,654,644,640,474,582
570,672,636,636,486,578
579,668,637,638,484,586
570,659,644,635,479,578
577,670,650,624,483,582
573,655,647,637,476,579
574,666,636,629,486,583
570,671,637,637,485,578
579,667,649,627,484,584
578,667,650,624,484,575
580,653,644,638,476,584
579,667,635,639,485,583
576,671,643,620,487,583
571,669,646,625,487,582
578,669,645,627,488,582
576,670,634,637,486,579
569,661,646,635,479,577
575,667,644,634,483,584
575,666,644,624,480,583
580,657,640,635,477,582
577,672,648,626,486,582
573,674,632,636,489,575
578,670,643,623,487,579
581,667,649,625,484,583
581,663,641,634,483,585
577,664,641,624,487,579
579,657,644,629,474,585
575,667,648,624,486,582
569,653,647,637,475,582
576,646,650,637,474,582
579,665,644,633,484,587
576,653,648,638,474,583
580,658,643,634,480,583
579,658,646,638,475,585
577,670,647,627,469,581
571,656,650,635,477,580
575,655,650,638,474,581
578,666,644,632,479,579
580,667,635,635,486,582
571,668,633,636,481,577
566,669,632,637,488,579
581,663,643,632,482,584
566,669,637,635,481,576
579,661,643,638,475,582
576,651,647,639,476,586
575,670,645,625,487,581
580,664,643,633,484,585
576,670,646,625,488,581
567,668,645,627,486,581
580,665,639,635,484,586
577,667,648,625,485,584
573,667,648,625,484,586
576,668,634,639,488,582
576,668,645,624,486,582
575,669,644,628,487,587
579,667,646,633,483,585
579,646,641,638,476,586
567,670,637,633,488,571
579,652,645,636,475,585
577,668,650,623,485,584
567,671,641,633,483,574
577,666,642,629,484,584
577,663,641,635,482,585
577,664,645,631,486,582
569,668,641,634,484,574
575,669,633,637,488,580
580,663,644,630,483,586
569,670,634,634,487,582
570,662,645,632,479,578
575,670,647,624,486,582
581,653,649,637,474,584
574,667,632,627,480,583
580,666,650,622,484,586
565,664,641,633,483,575
568,671,633,634,488,575
577,669,633,633,477,578
571,670,632,633,488,579
572,661,632,636,486,586
576,667,648,625,485,584
574,667,645,619,482,582
578,664,644,633,482,584
565,670,633,637,487,579
578,665,648,624,486,585
577,668,648,623,488,582
576,661,645,622,487,583
569,667,639,632,483,575
570,654,646,635,477,578
571,657,647,633,478,579
575,651,647,636,475,584
576,654,648,636,473,583
568,667,637,634,484,576
577,654,647,635,474,580
568,661,643,632,481,574
574,669,634,636,487,582
569,664,630,634,488,576
582,659,637,632,481,586
580,665,641,624,486,578
574,669,634,637,483,580
573,656,649,635,475,583
579,665,648,630,483,585
569,654,649,635,476,577
573,671,632,635,485,578
576,654,646,636,474,581
578,671,642,628,487,584
581,665,636,635,484,583
574,655,647,634,476,580
579,664,641,633,482,586
574,670,646,624,489,582
568,660,644,631,481,575
577,670,643,624,489,582
574,653,648,636,475,581
579,666,643,630,485,582
575,668,633,635,486,581
577,664,642,630,486,582
578,654,646,635,475,585
577,668,633,635,487,580
579,665,647,626,483,584
579,661,645,632,479,585
579,650,648,634,474,583
577,667,645,627,487,582
582,667,637,634,485,586
568,665,640,630,484,574
579,665,644,627,484,586
570,662,640,628,482,575
568,665,642,627,481,576
580,650,647,634,476,584
572,667,634,634,486,584
578,674,647,617,488,582
580,666,649,620,485,585
580,661,644,634,476,584
566,669,638,629,486,573
576,668,632,628,486,580
580,668,634,633,487,582
581,667,634,630,485,588
562,672,640,628,488,576
581,656,644,634,475,586
577,668,644,624,487,582
579,659,643,634,479,584
568,672,641,628,484,575
570,672,632,624,489,573
577,670,646,620,485,583
581,665,641,629,483,587
580,656,645,634,476,586
579,653,647,633,474,585
579,666,642,631,485,587
574,667,633,634,486,578
577,654,648,632,474,584
580,653,648,632,473,583
579,665,635,631,486,583
581,663,636,633,485,587
586,665,637,631,482,587
574,668,633,634,487,581
577,668,650,620,486,584
579,653,648,633,474,585
576,667,634,636,486,582
579,665,644,625,485,583
577,670,642,614,486,581
577,666,645,628,484,582
581,651,646,632,474,585
574,655,647,630,478,581
569,658,647,631,475,579
575,667,649,617,487,581
572,668,635,630,488,577
576,668,646,620,487,578
580,666,634,632,485,584
570,665,640,628,488,575
576,668,645,621,487,583
580,659,643,631,483,583
578,650,651,633,473,584
578,668,645,624,485,583
581,654,646,636,476,586
571,663,640,627,484,575
578,669,646,620,489,582
579,668,633,633,482,583
579,664,647,634,470,585
580,664,642,628,485,577
576,668,644,620,487,582
581,665,647,631,486,581
579,675,645,619,474,586
579,669,645,633,476,588
584,652,643,632,482,586
580,644,647,632,476,585
569,663,643,630,480,576
579,667,632,629,488,580
583,664,634,631,480,581
578,651,648,629,474,581
579,653,648,632,474,585
577,653,650,631,473,581
578,669,632,625,488,582
577,667,646,621,487,583
581,653,646,635,476,585
582,665,645,626,485,580
572,670,632,629,488,577
580,667,640,620,484,583
568,669,633,627,486,575
582,651,646,631,470,584
572,672,639,628,483,576
581,665,651,622,484,587
569,669,636,628,488,575
577,653,649,631,473,584
580,669,649,618,486,583
574,653,647,629,474,583
585,652,646,633,476,585
578,653,646,633,474,587
572,667,643,625,486,583
583,668,632,631,485,585
574,669,633,630,487,578
573,669,646,620,486,583
568,664,644,626,482,577
579,660,641,627,482,585
568,672,640,622,488,575
582,665,637,627,485,587
570,662,641,625,487,575
571,660,645,629,477,579
579,668,647,620,485,583
575,654,650,629,473,581
580,650,648,633,475,585
581,662,643,629,484,584
569,664,638,628,480,572
583,664,646,626,483,586
568,661,644,628,479,577
576,653,647,630,476,585
582,652,645,632,476,584
575,665,648,619,482,586
571,670,632,630,485,576
577,671,647,620,488,581
582,667,640,630,482,587
576,669,649,620,487,581
578,669,645,621,486,582
578,670,650,619,485,581
574,672,632,631,487,578
572,673,635,630,490,576
579,652,647,633,476,586
580,667,645,621,486,582
582,644,648,631,475,583
578,666,648,619,485,583
576,656,648,628,476,582
569,665,640,628,485,575
578,670,636,629,488,584
577,670,626,631,486,581
581,660,645,616,486,581
580,651,648,632,473,583
581,663,645,633,481,585
578,660,641,617,486,579
578,663,645,621,481,583
571,662,644,628,483,576
578,670,647,621,488,582
580,666,644,623,481,586
581,665,643,624,487,585
568,667,640,625,484,575
572,666,633,622,485,572
581,664,643,629,483,585
579,669,633,630,486,583
583,666,641,628,478,586
583,659,646,630,475,584
574,671,633,631,488,578
571,669,639,628,483,571
574,672,629,630,489,574
583,667,647,621,484,583
583,665,649,620,484,584
582,664,644,624,483,582
581,655,645,631,475,585
577,670,646,617,487,581
572,670,650,628,486,574
582,669,627,632,488,582
574,658,647,628,477,578
582,652,646,633,475,585
583,664,646,623,485,585
579,667,645,614,481,582
579,653,647,632,474,584
569,661,643,627,480,576
581,656,646,632,473,585
584,655,647,626,481,586
571,657,641,627,483,580
580,652,647,630,474,584
573,672,632,629,488,577
577,669,650,617,486,582
584,655,647,632,474,583
582,655,646,633,477,585
567,657,647,626,479,577
579,671,649,616,487,585
579,671,646,619,487,582
570,669,637,627,487,577
582,668,648,618,484,584
576,671,634,628,487,577
572,664,635,628,487,576
582,665,635,631,486,583
585,665,643,625,482,584
571,666,637,626,491,574
582,667,643,625,485,583
569,664,639,627,483,574
586,665,641,627,484,585
584,668,644,624,485,583
582,669,644,625,486,581
577,664,635,630,487,578
581,663,644,619,487,582
582,668,644,623,487,582
582,670,644,620,485,582
582,668,644,621,486,582
579,655,649,630,475,580
581,668,632,632,486,580
583,668,635,628,485,587
571,668,635,629,485,579
572,667,644,628,482,577
582,666,643,628,484,584
576,658,648,628,480,578
581,662,640,627,478,585
582,668,651,617,485,582
586,654,640,633,470,581
583,668,632,629,485,584
585,669,641,629,484,585
584,668,628,633,486,583
581,670,632,632,485,581
577,659,647,627,477,580
580,666,646,622,484,583
583,651,646,630,476,583
586,654,645,632,476,583
587,665,645,623,482,585
582,669,648,619,478,583
579,653,646,632,475,583
585,667,641,626,484,587
578,657,649,627,480,574
581,668,647,618,488,582
584,670,647,617,486,582
583,666,649,617,484,583
581,668,640,618,482,582
583,669,650,619,488,583
586,656,643,631,476,585
578,669,631,629,487,579
571,665,637,627,485,574
583,660,643,628,483,582
583,665,648,615,487,585
583,664,649,627,483,585
575,666,647,620,485,581
584,669,633,632,486,585
573,658,641,630,486,586
571,663,639,620,485,574
583,668,634,630,485,583
583,667,650,615,481,583
567,672,633,630,489,580
573,671,637,620,488,574
585,666,635,630,486,588
583,654,647,630,476,583
588,666,637,630,484,574
585,665,634,632,486,585
580,665,642,627,484,588
579,669,646,620,490,582
577,656,641,621,476,581
574,671,630,628,486,578
581,665,643,621,483,585
577,657,646,632,479,579
586,658,641,629,484,587
573,662,643,625,483,576
582,664,643,621,485,584
578,670,633,634,488,579
566,669,638,627,485,576
582,654,647,631,476,584
584,661,640,629,483,587
579,652,645,632,468,579
582,667,644,624,486,583
582,664,646,628,483,584
582,666,649,619,488,585
585,660,639,632,477,583
572,664,647,625,481,577
585,668,636,629,484,586
580,667,633,631,487,584
578,668,632,630,488,582
582,669,633,630,488,583
586,653,645,630,470,587
583,653,646,631,475,584
581,667,644,621,487,582
582,667,635,629,483,586
587,665,644,621,483,586
583,666,643,626,487,584
582,666,648,617,485,582
582,659,636,630,486,588
574,660,645,629,481,577
573,658,647,628,479,577
586,656,646,631,477,586
572,668,633,630,486,582
581,672,646,620,490,582
573,670,635,625,488,576
582,670,646,619,489,583
576,658,647,628,477,580
582,671,648,617,490,582
571,674,639,623,488,575
587,665,646,623,485,586
586,665,644,625,484,587
586,661,644,627,479,586
579,673,633,629,490,582
588,665,645,621,483,585
583,668,650,618,487,584
576,671,633,627,482,580
583,656,644,630,481,587
574,665,638,627,488,575
575,661,644,628,481,576
582,670,645,620,488,583
572,665,639,626,485,576
585,655,643,628,482,585
575,657,645,625,479,580
580,670,645,617,489,583
574,669,633,628,488,577
580,669,651,616,487,584
577,661,643,626,482,576
586,662,645,627,477,586
578,655,645,627,476,581
583,660,645,627,480,584
585,659,644,629,479,586
581,667,647,615,487,586
572,671,637,625,488,576
585,652,645,630,476,586
576,672,632,627,488,579
587,664,644,623,487,586
575,668,636,625,488,575
583,666,649,622,484,586
572,661,643,625,483,579
581,670,650,615,486,585
586,666,639,627,485,588
583,668,649,616,487,582
580,665,634,632,487,584
583,670,649,617,488,583
586,665,647,621,485,587
573,670,632,628,487,583
583,668,649,618,485,586
584,666,637,629,485,586
584,666,646,623,483,587
584,663,642,629,483,587
582,670,647,617,489,585
579,655,647,631,475,582
582,665,645,624,483,586
583,654,648,631,474,585
578,656,647,628,476,582
585,667,639,630,489,585
585,667,636,630,486,586
580,668,633,631,486,580
581,669,647,617,489,585
578,655,649,627,475,582
578,654,646,630,476,586
581,668,647,617,486,583
585,668,637,630,481,584
576,670,634,627,488,577
580,669,640,621,487,584
584,657,644,627,482,586
584,654,647,630,476,587
579,669,633,632,488,581
586,663,645,621,484,587
584,659,646,631,480,587
584,663,643,624,484,585
578,669,645,619,489,582
583,670,634,630,486,581
583,643,648,625,475,584
583,666,649,618,484,586
585,667,648,616,486,585
580,652,647,629,489,580
580,668,631,630,487,581
585,663,643,624,485,586
582,670,647,618,489,584
583,664,643,624,485,586
584,662,641,625,485,586
584,655,647,630,477,586
584,657,643,625,485,587
581,669,644,619,487,582
586,655,647,630,476,583
581,651,649,630,474,583
582,664,650,619,486,585
581,666,636,631,488,582
584,665,638,629,486,585
572,666,637,627,487,576
576,669,633,630,489,577
586,651,646,631,475,583
584,657,644,626,480,586
582,664,643,617,483,580
584,656,644,628,480,585
582,668,649,617,489,585
573,663,643,626,479,577
575,666,645,621,487,582
581,666,651,617,485,583
576,665,649,616,487,584
587,665,637,629,485,587
586,653,641,627,480,586
583,665,643,622,487,583
579,662,650,625,486,581
586,656,635,632,485,587
576,670,633,622,490,574
577,669,635,632,485,581
581,668,647,617,488,583
576,667,646,619,488,583
584,658,643,634,481,585
579,663,648,618,486,585
586,649,645,631,476,586
584,661,647,623,484,585
575,663,640,627,485,577
581,665,648,617,491,583
580,667,647,617,486,585
582,665,646,617,487,584
590,662,634,629,485,584
581,649,648,632,477,585
580,651,649,632,475,582
583,663,649,617,487,584
575,669,633,628,491,576
582,666,647,617,488,584
582,666,632,631,486,584
585,648,648,630,476,583
584,664,641,631,486,584
585,650,645,633,474,587
576,665,648,616,486,584
586,661,633,628,490,577
586,664,636,631,488,584
577,667,632,630,487,579
583,650,645,631,476,585
583,668,648,617,489,585
579,666,632,630,487,581
579,653,645,631,477,583
583,667,649,616,489,584
584,666,644,619,487,583
583,665,645,625,487,583
583,663,631,629,492,577
585,659,641,628,484,586
586,650,647,632,476,586
570,657,645,630,487,586
571,656,643,628,482,577
584,664,649,619,486,584
585,664,651,618,486,587
581,665,647,618,489,582
584,660,643,626,485,585
584,663,645,619,484,584
583,666,644,619,486,583
575,666,640,632,474,583
575,654,646,627,480,581
584,662,650,618,484,586
581,659,644,628,482,585
587,655,643,629,481,585
585,662,628,631,488,586
577,664,633,631,485,587
579,667,647,618,487,582
586,647,644,630,481,587
585,660,643,624,487,584
581,664,632,631,486,585
573,655,645,627,481,578
584,656,638,630,477,583
586,659,635,630,481,585
581,663,644,620,487,584
583,664,645,622,487,583
586,659,643,627,480,585
571,659,644,625,475,577
581,665,647,619,489,584
586,656,644,626,481,586
580,659,642,625,476,584
585,661,635,630,487,588
574,656,642,628,480,579
587,659,641,628,485,588
573,661,637,626,487,576
581,663,646,620,486,584
582,665,645,620,489,583
582,662,643,625,486,583
582,666,645,617,488,583
585,652,645,631,479,586
582,662,647,617,489,583
578,664,644,619,487,583
586,642,645,632,478,587
575,664,633,630,491,579
578,648,647,630,477,583
579,666,631,632,488,583
585,656,642,631,481,586
584,664,643,625,488,585
581,650,647,630,475,582
581,664,647,615,488,583
586,646,646,630,472,586
586,655,645,631,477,587
579,651,647,628,477,581
584,660,644,625,485,584
581,664,646,617,488,584
585,660,636,630,486,585
586,661,636,626,484,589
584,662,643,625,488,582
585,662,640,630,485,587
575,662,648,617,487,583
584,650,646,625,484,587
582,648,647,632,477,584
578,664,632,630,487,582
581,666,646,619,488,582
581,663,647,616,488,582
585,663,647,618,486,585
577,665,631,630,489,581
580,667,631,630,488,580
576,656,644,628,482,579
587,662,636,631,480,584
580,664,647,619,488,584
585,650,646,631,476,587
582,663,646,619,489,583
586,664,640,626,487,588
583,664,642,619,488,584
583,659,648,616,488,585
574,666,633,629,488,578
571,661,640,625,484,576
584,645,645,631,477,586
581,664,648,617,487,584
576,663,629,629,484,583
581,652,643,630,481,588
583,663,645,619,490,583
581,659,629,628,488,579
583,659,646,623,484,587
582,664,647,617,485,586
582,648,641,632,476,585
574,661,638,628,491,577
580,664,630,630,488,580
577,662,632,632,487,584
583,663,644,619,488,583
582,647,646,629,477,585
578,648,646,629,472,579
581,656,641,629,482,585
568,655,642,628,482,574
586,658,643,621,485,587
575,653,644,627,481,577
581,658,631,628,487,582
574,656,643,622,477,578
573,660,640,626,482,579
572,658,640,626,486,577
583,664,646,617,488,584
582,661,648,618,488,585
584,655,643,627,479,587
586,659,633,631,486,583
582,660,632,629,487,582
573,656,644,628,483,579
581,659,639,628,484,587
579,646,645,629,476,582
579,666,630,628,491,577
583,647,646,629,474,582
581,664,644,617,490,583
579,663,647,617,489,583
577,664,630,631,490,580
575,665,632,625,484,579
568,662,638,628,487,576
578,664,632,628,489,578
585,659,636,619,486,584
575,659,643,626,481,579
575,649,647,630,476,585
588,659,636,630,486,587
583,663,632,628,489,580
587,648,644,632,489,582
576,664,645,619,490,581
582,663,641,621,483,580
578,650,646,629,476,583
579,657,642,629,482,587
584,661,633,633,486,585
585,649,643,631,477,588
583,662,633,632,485,585
578,659,645,622,485,587
577,664,627,630,489,581
585,658,638,630,484,588
587,653,636,631,477,584
582,662,643,618,488,584
581,653,643,632,482,586
585,646,646,631,475,585
581,666,644,615,488,584
574,662,630,627,489,578
587,647,640,631,479,587
586,658,645,623,484,586
573,656,639,626,479,577
571,664,629,629,490,577
588,649,644,632,481,587
583,663,643,615,484,582
576,663,630,629,488,578
577,663,630,628,490,579
580,650,645,631,477,581
577,662,647,630,489,587
579,666,625,627,488,580
583,658,644,616,479,587
582,663,648,618,489,584
584,666,630,629,490,579
581,664,633,627,484,584
580,663,645,617,488,583
583,663,647,619,487,586
581,648,643,633,478,585
585,658,637,628,484,587
579,661,642,620,489,585
588,659,635,625,482,586
582,661,641,623,487,584
576,663,646,617,489,582
574,664,631,627,490,576
583,648,646,632,475,585
579,662,628,630,487,581
579,664,631,630,488,579
578,651,646,628,478,582
584,659,649,619,487,586
578,666,631,628,489,579
572,661,634,621,488,577
586,652,644,625,484,588
585,659,647,623,484,588
587,652,641,627,483,586
582,665,646,617,489,584
585,660,646,619,486,587
574,657,642,627,484,576
574,663,630,630,489,581
584,661,642,624,485,585
582,663,644,615,488,585
579,660,648,624,486,588
588,648,646,623,478,587
586,660,647,620,487,586
584,646,645,631,478,586
580,666,643,617,488,584
580,663,630,630,488,581
578,652,646,628,476,581
585,646,645,630,476,585
583,641,643,629,477,588
586,659,638,628,486,588
586,659,638,627,486,587
585,657,642,628,485,590
573,658,631,627,484,573
580,663,641,620,490,583
584,663,643,617,490,585
573,660,639,627,486,578
583,661,641,626,487,584
579,664,630,627,488,583
582,663,645,617,490,585
582,659,643,623,487,583
567,666,635,626,484,577
583,656,643,629,480,588
576,660,640,625,485,581
573,650,641,626,483,577
582,662,631,630,489,587
577,665,630,630,491,580
577,649,644,629,477,582
580,665,644,618,477,586
574,664,630,631,489,581
574,656,642,627,482,577
583,649,644,632,478,587
576,656,629,629,489,580
573,658,641,622,484,576
572,661,641,628,483,577
577,648,645,630,475,585
578,665,629,630,488,582
577,653,645,627,475,582
575,661,638,625,487,575
580,647,645,630,477,583
585,661,632,630,487,585
582,662,643,630,482,588
584,661,639,618,486,587
584,655,640,632,484,588
573,654,641,626,484,578
586,651,643,623,484,588
582,649,644,625,477,583
571,660,639,627,483,578
583,647,646,628,476,583
585,641,646,632,477,587
573,660,637,626,478,584
587,659,640,625,486,588
584,661,646,612,489,582
585,646,643,632,476,589
583,661,638,630,486,588
579,662,631,632,489,582
572,662,638,627,486,578
575,653,649,629,479,582
583,662,642,627,482,585
588,649,643,631,476,586
577,665,626,625,489,577
585,662,642,612,487,585
584,657,639,626,482,587
584,663,647,615,488,584
576,666,629,630,490,580
582,647,646,632,475,586
579,665,643,619,488,583
586,647,640,629,482,587
576,654,644,628,479,575
581,664,643,620,483,581
575,665,631,632,490,577
576,663,637,628,489,577
588,660,644,626,481,587
584,650,642,626,478,585
584,658,639,624,484,588
580,647,645,631,476,583
583,661,646,618,485,587
580,662,647,617,487,586
580,665,646,616,488,585
582,664,630,631,487,585
582,666,643,618,490,585
587,647,644,632,475,587
587,647,643,632,476,586
584,655,637,620,488,576
574,667,637,625,490,576
579,648,647,630,476,581
586,661,644,627,484,587
586,662,648,619,486,587
586,655,642,629,483,586
584,656,642,633,483,589
582,665,646,617,488,584
586,649,644,631,475,587
585,660,644,619,481,588
577,652,646,620,474,582
586,662,643,618,487,584
582,650,645,632,478,585
576,663,628,630,488,581
583,654,648,618,488,587
583,656,646,617,488,585
586,655,642,629,482,588
586,661,646,620,486,586
574,666,632,629,490,577
573,664,646,616,488,585
582,663,646,619,485,586
573,658,644,631,478,587
587,662,636,630,485,587
575,665,636,627,488,576
584,660,644,625,485,587
581,663,642,617,482,585
588,660,638,628,483,588
585,654,636,632,488,586
582,649,644,619,487,587
584,664,648,618,488,584
584,647,643,631,477,586
586,648,644,631,476,586
576,656,644,628,481,576
571,660,636,629,491,577
587,656,643,630,479,587
586,661,632,631,488,586
583,662,642,624,486,586
572,668,633,628,490,577
584,655,640,629,484,586
582,665,635,629,482,579
583,665,646,619,490,586
575,662,638,627,487,578
584,653,640,619,485,584
569,657,641,627,482,579
569,660,637,629,488,585
581,665,646,614,491,579
579,663,629,632,488,582
587,648,644,633,478,587
576,664,643,622,489,583
586,653,642,634,481,587
588,659,647,627,485,586
588,657,641,629,485,588
586,657,641,632,483,585
576,667,631,633,488,579
579,649,645,635,477,581
573,657,644,632,480,580
582,665,646,624,491,583
574,651,645,634,477,580
581,664,645,623,487,581
579,666,643,626,490,585
579,660,642,628,485,588
583,648,645,637,477,586
582,660,641,625,489,585
582,657,642,633,477,584
575,663,645,626,489,583
586,653,638,631,486,585
586,649,644,638,476,586
580,663,646,624,487,584
575,660,642,633,485,578
582,665,631,637,488,582
575,663,628,636,491,579
583,664,631,638,488,587
587,657,643,632,487,588
581,662,648,623,489,583
584,661,646,629,484,588
580,663,639,634,488,587
579,649,643,637,476,582
582,662,632,632,489,585
585,661,641,627,482,589
586,650,643,636,482,588
585,663,632,637,489,586
573,662,635,628,492,574
582,666,627,640,489,583
575,652,644,637,478,580
582,648,645,640,477,586
576,664,628,636,489,580
577,651,647,623,489,588
583,657,640,629,484,582
572,658,641,633,483,578
572,655,633,635,486,575
573,661,629,636,489,580
578,650,646,635,478,583
581,664,643,626,489,583
571,653,642,635,481,579
582,664,646,623,489,585
579,664,645,624,488,584
583,660,640,634,485,587
582,641,645,639,476,585
582,660,646,632,484,587
573,665,631,630,486,580
577,652,645,635,479,580
572,656,642,637,482,582
583,647,643,642,478,584
583,655,644,633,482,587
584,665,631,639,491,583
578,650,648,633,477,583
573,654,643,635,481,581
582,661,648,636,482,583
580,664,644,626,489,585
585,656,642,639,484,587
572,655,642,636,482,578
572,657,640,633,484,577
582,663,633,637,489,584
575,653,644,635,481,579
581,664,643,628,488,584
581,646,646,640,476,586
580,664,645,625,490,585
581,664,644,624,490,587
576,645,644,640,479,581
581,646,644,637,476,585
585,651,643,638,480,588
576,665,631,635,491,580
572,662,635,630,487,584
582,659,642,630,484,588
573,660,636,634,487,578
569,652,645,636,480,582
577,666,631,638,489,581
572,653,642,634,484,577
580,655,646,624,489,587
586,642,643,635,481,586
582,648,642,637,481,588
582,662,644,637,484,586
570,662,640,633,486,578
575,666,630,639,491,579
578,652,647,635,478,580
572,658,639,633,487,577
572,661,638,632,487,585
581,663,643,637,481,587
586,656,642,638,481,587
582,654,644,635,486,586
575,666,631,637,493,580
572,663,636,634,489,578
581,665,629,638,490,583
570,658,639,635,484,578
576,648,643,637,477,585
584,659,631,636,482,583
578,663,632,638,488,584
580,659,641,634,488,578
579,661,631,635,487,583
579,664,644,626,491,584
580,659,647,628,485,586
581,658,642,636,486,585
584,660,641,627,485,588
574,663,632,635,489,578
573,663,631,635,491,577
583,663,639,636,486,588
578,650,646,636,476,586
582,651,642,638,478,590
582,647,643,639,478,585
576,666,631,637,488,584
575,651,648,635,481,581
584,658,642,635,486,587
585,661,643,631,484,588
575,667,633,636,491,581
583,656,641,636,482,588
571,656,641,634,485,579
577,665,629,637,490,582
582,650,645,632,486,589
581,646,647,636,476,586
571,657,641,635,484,579
584,662,642,627,479,589
586,660,641,632,487,588
583,660,633,636,486,586
583,658,642,631,486,588
580,660,646,627,489,587
582,657,640,637,484,588
578,652,645,635,472,575
582,651,645,638,478,587
581,659,635,636,485,587
581,662,646,623,481,587
585,661,649,631,484,586
574,660,642,632,482,577
586,656,643,632,480,590
584,656,642,630,479,586
581,664,644,626,488,585
585,661,646,628,484,589
586,659,640,631,484,590
584,662,636,635,484,589
578,646,644,639,478,583
586,653,643,637,480,587
582,664,646,625,489,586
583,666,646,626,487,583
572,662,637,634,487,578
583,662,646,624,488,585
584,658,641,637,483,584
582,667,643,627,491,584
573,657,640,635,484,578
582,663,645,625,489,584
573,668,631,632,492,578
583,653,642,623,487,586
583,663,629,638,490,584
574,650,641,634,484,578
580,649,640,639,479,583
574,656,640,636,482,579
581,661,636,635,488,587
577,665,629,634,491,579
584,660,643,629,479,585
579,647,647,636,479,584
572,667,630,636,491,579
587,658,638,633,480,587
575,664,631,635,491,580
583,657,646,625,489,585
573,659,638,633,488,577
576,646,647,635,476,584
582,661,642,632,487,586
572,653,645,633,480,580
576,664,630,637,491,579
584,654,646,628,484,587
585,656,644,633,486,578
584,661,645,628,485,589
584,661,636,635,488,585
586,652,640,637,479,584
583,658,640,633,486,586
584,649,642,638,477,589
581,663,642,624,491,586
587,658,641,630,487,589
585,661,640,632,486,588
585,648,642,637,477,585
573,655,642,632,483,580
585,650,641,635,478,587
582,665,644,622,489,586
575,647,645,638,476,585
583,657,640,636,481,588
569,662,636,634,487,578
584,658,644,625,487,588
574,655,638,634,483,579
578,664,629,638,492,578
584,656,638,627,483,584
572,660,638,634,483,580
570,664,629,635,490,580
575,663,642,627,490,585
572,658,638,634,486,578
586,662,640,631,488,590
580,665,628,635,489,582
573,657,639,633,486,576
578,646,646,638,478,586
581,662,641,629,488,585
579,665,629,639,489,580
582,665,643,626,489,585
582,650,642,638,478,586
577,661,631,638,490,587
586,659,645,626,488,586
579,651,645,634,479,582
586,660,641,633,488,587
587,665,638,633,483,587
584,663,641,627,490,586
580,664,627,638,489,584
580,665,642,624,492,584
573,652,643,634,483,582
587,659,640,634,486,589
585,649,643,637,477,589
573,657,641,634,483,578
582,664,643,623,491,585
583,662,642,631,487,584
569,666,628,634,491,580
578,651,644,635,481,584
582,662,640,631,486,587
576,656,641,632,486,579
579,660,633,636,487,588
567,658,637,633,488,577
572,659,646,634,481,583
588,659,641,629,484,589
585,654,645,625,486,588
572,662,636,633,490,577
584,662,631,639,491,586
579,664,643,623,490,586
582,664,644,621,489,585
579,663,628,636,490,582
580,661,646,623,489,583
582,659,639,629,490,585
580,660,644,624,489,586
584,657,638,635,485,586
582,649,644,637,479,584
584,664,631,638,488,586
580,664,642,622,492,586
574,666,629,636,490,579
574,658,641,633,481,577
574,661,636,634,482,579
570,659,637,634,484,587
581,663,644,623,490,583
583,660,632,636,489,585
573,657,632,634,488,577
575,650,645,634,482,581
573,647,644,636,476,586
581,657,646,625,489,586
571,660,636,633,485,579
576,650,643,635,480,579
575,657,642,632,484,578
572,657,638,633,483,577
584,647,644,640,478,586
582,660,644,626,486,588
582,661,644,615,486,586
585,647,641,639,478,587
581,657,641,629,489,584
578,652,643,636,479,580
585,657,641,630,486,585
585,649,630,633,487,585
574,662,628,636,490,580
576,645,643,630,481,581
583,660,632,637,483,584
574,663,631,637,492,578
587,657,642,631,488,589
584,655,642,638,484,587
583,661,645,623,488,586
580,662,630,633,492,582
583,655,640,635,482,586
575,664,628,630,491,579
583,654,641,635,480,584
576,662,628,634,490,580
578,649,644,636,479,583
578,647,642,637,477,584
583,660,632,637,488,584
583,662,630,637,488,586
584,658,638,631,487,588
572,658,639,633,485,578
575,648,637,631,479,578
568,655,638,634,484,579
581,644,644,635,474,585
582,659,635,636,487,585
584,653,640,633,483,586
580,651,641,635,482,590
581,661,631,637,489,582
583,654,639,630,489,587
583,646,643,638,480,590
571,663,631,634,490,577
585,655,635,634,486,590
580,652,646,624,490,585
585,646,642,639,475,585
575,659,642,632,488,584
576,662,642,629,491,585
583,651,640,639,484,587
583,645,643,640,477,587
582,658,632,637,489,586
585,658,637,633,486,590
585,657,647,628,488,584
580,645,645,637,478,585
570,662,628,635,491,580
573,652,644,633,482,581
580,638,640,636,478,587
582,655,641,631,487,586
580,661,638,624,485,588
584,656,640,636,488,585
582,644,646,634,476,585
586,652,642,627,486,589
581,644,644,637,477,585
580,663,644,624,491,585
567,654,644,634,486,580
580,663,645,624,490,585
579,661,642,627,487,586
583,652,640,635,480,589
580,659,628,637,491,584
572,664,631,635,491,579
581,662,642,625,490,585
572,657,635,631,491,578
583,659,631,636,492,585
572,651,633,632,489,578
577,662,629,633,490,580
581,657,641,630,490,585
580,646,645,638,477,585
581,645,644,635,478,585
577,650,644,635,478,581
584,650,639,636,484,586
573,656,641,632,481,577
583,657,646,625,488,585
571,657,638,630,485,577
571,658,639,633,489,577
575,662,631,635,492,578
573,655,639,633,488,577
572,663,636,631,486,591
581,662,643,624,483,590
584,647,641,639,477,583
584,651,640,636,482,588
586,656,638,634,486,589
585,657,639,629,487,588
582,659,641,628,488,586
580,660,642,626,489,586
586,657,639,630,483,588
576,663,628,635,491,581
581,645,643,637,475,585
584,658,644,630,486,588
577,661,630,638,489,584
577,663,628,636,490,576
578,660,629,638,491,584
571,662,635,632,494,576
584,658,646,624,482,588
568,657,639,633,483,579
580,643,639,637,477,583
578,648,646,637,478,585
586,660,632,635,488,586
578,648,642,634,478,583
580,661,645,623,491,586
575,650,645,633,481,581
584,657,646,627,485,588
586,657,634,636,487,586
582,642,638,638,474,588
581,663,645,622,489,586
582,658,646,625,488,587
584,655,634,635,487,588
575,647,643,634,479,581
582,658,639,631,492,583
575,665,629,635,490,578
583,661,643,624,490,587
584,647,643,638,475,588
583,660,644,626,490,587
581,654,640,624,489,586
572,663,630,628,491,575
583,657,645,627,487,588
573,649,642,631,483,580
577,659,638,630,487,587
584,660,641,619,488,588
578,647,644,641,478,582
572,651,639,634,486,580
572,652,643,629,481,579
584,659,632,637,484,583
583,658,647,626,489,586
581,646,645,635,479,585
584,657,645,631,485,590
583,645,644,638,478,586
574,660,633,632,488,577
582,661,645,622,489,586
583,644,641,636,477,588
582,662,644,625,488,588
580,659,643,621,490,583
577,657,639,629,487,586
582,658,641,631,482,583
583,644,644,640,480,586
577,646,644,635,478,584
572,663,633,632,487,578
582,657,642,628,488,585
580,662,638,619,489,583
574,661,631,635,490,578
584,661,631,636,487,585
575,662,630,637,490,580
579,661,641,625,490,585
584,656,641,633,484,580
575,644,645,636,477,584
582,654,639,631,482,588
579,659,628,637,490,581
580,659,629,638,490,584
573,650,644,634,482,582
579,645,644,635,478,585
580,654,641,626,491,580
579,661,645,625,490,588
580,659,641,635,483,587
584,656,636,633,487,589
583,656,640,628,486,590
578,646,643,636,478,586
573,661,628,637,491,580
576,648,643,633,481,581
578,644,644,636,478,589
584,646,646,637,477,587
583,654,645,626,486,588
585,660,645,624,487,585
572,655,638,634,487,578
581,658,634,635,486,589
585,654,639,633,481,588
579,663,642,624,486,581
583,653,642,634,485,587
568,647,644,634,481,583
577,660,642,615,485,585
571,657,636,627,490,575
575,647,644,633,482,581
580,659,643,630,488,585
570,663,629,636,491,579
573,661,632,636,485,575
580,645,640,638,479,590
568,655,636,633,488,577
574,651,644,634,481,583
586,655,635,636,487,589
576,651,645,636,480,582
586,658,641,630,485,589
586,646,642,638,480,588
587,658,633,638,489,586
573,662,629,635,491,579
583,657,641,626,484,587
572,656,637,632,487,578
574,655,638,632,488,582
580,660,644,622,489,587
577,645,646,635,481,583
580,645,646,636,478,584
570,663,634,631,488,577
584,658,640,630,487,585
581,657,646,615,483,587
579,646,645,635,479,585
584,657,640,636,487,587
583,654,638,631,484,588
574,649,641,632,481,579
577,659,643,637,476,588
583,655,637,636,486,587
583,643,645,636,478,587
583,661,640,629,489,588
571,656,638,632,488,578
584,657,638,634,486,589
583,656,630,635,487,590
584,654,639,634,482,588
577,646,646,635,478,583
579,661,643,622,489,584
581,646,645,635,477,584
582,659,646,622,486,587
584,656,638,631,486,590
580,661,647,624,488,588
583,647,643,635,478,588
576,663,632,635,490,588
583,656,643,636,477,587
585,662,642,629,487,590
578,660,639,627,490,583
577,653,641,631,483,587
574,660,630,628,486,591
586,656,640,631,486,588
576,657,641,631,487,584
578,665,629,633,492,583
582,643,644,634,476,587
587,657,635,635,487,586
580,657,639,630,488,587
584,657,647,624,485,588
576,662,630,634,492,580
580,659,629,636,490,585
575,650,643,632,482,582
584,656,643,632,487,591
583,660,647,622,488,586
580,660,645,622,489,587
583,645,645,633,479,585
581,662,626,637,492,585
573,653,640,634,485,579
583,650,641,632,485,588
582,661,645,622,489,586
584,660,645,621,488,587
583,656,642,628,486,589
577,661,629,635,491,582
582,644,645,636,477,586
583,652,639,631,482,588
584,657,637,631,486,588
575,658,645,623,489,588
585,656,644,627,487,589
575,661,630,634,490,580
579,657,646,621,490,586
573,662,632,630,492,578
575,661,628,637,490,583
578,647,646,636,478,582
586,649,635,634,487,590
584,659,645,626,487,590
583,650,640,632,482,588
582,661,644,626,489,585
582,658,645,625,488,587
586,651,635,635,486,586
582,646,641,635,483,589
585,659,633,634,489,587
580,659,631,635,484,583
584,643,635,637,474,585
579,638,643,634,478,583
573,662,637,632,494,577
573,660,630,635,491,579
580,660,644,623,491,586
583,655,637,628,488,590
577,660,628,635,490,584
586,645,637,633,483,588
575,660,631,630,490,580
584,647,641,633,481,588
584,657,635,632,487,586
581,662,642,621,489,586
577,648,642,630,484,579
578,660,636,632,477,583
580,657,644,621,490,587
573,659,630,631,490,579
575,656,636,629,487,579
583,652,641,631,485,588
580,657,630,635,488,586
576,650,641,631,482,582
584,644,642,636,479,589
573,662,635,632,491,577
579,661,642,624,489,585
579,662,641,626,486,580
582,656,645,623,489,587
581,659,639,627,489,582
584,659,639,629,485,590
580,660,640,619,489,585
586,656,634,634,485,587
575,662,631,632,490,579
584,645,641,636,481,591
581,657,630,636,487,586
580,660,641,624,490,585
585,656,636,631,486,588
585,645,639,634,481,588
584,655,646,623,488,587
583,647,647,618,489,587
580,658,642,624,490,586
576,660,627,635,488,580
578,658,630,636,492,583
576,645,644,634,476,585
577,647,644,633,481,581
574,644,644,634,478,581
577,644,644,632,481,582
571,659,631,631,492,579
579,645,644,634,479,583
576,660,646,620,491,586
585,656,637,629,485,590
583,643,643,636,477,587
583,642,638,636,474,584
583,655,643,627,488,588
584,658,641,626,489,585
576,645,644,631,480,582
575,647,644,631,482,579
571,654,634,628,489,578
582,655,639,631,485,587
575,660,631,632,491,579
582,658,645,621,487,586
572,654,634,630,488,576
582,653,641,630,480,587
581,655,638,632,485,587
581,659,646,620,490,588
574,661,630,630,485,578
574,661,632,631,491,581
584,655,642,625,487,589
584,654,638,630,486,589
580,660,629,635,489,587
574,653,640,631,486,580
581,656,644,622,487,587
573,660,631,632,491,578
582,655,642,627,487,586
583,643,638,636,476,589
579,653,640,629,484,587
579,659,630,635,489,583
586,655,640,626,487,588
585,650,640,631,487,590
573,659,629,635,490,584
576,660,645,619,490,586
579,650,643,626,489,585
580,655,646,621,487,587
581,661,642,625,491,584
587,654,633,633,485,588
583,637,643,634,477,587
584,653,639,635,485,587
585,653,644,625,487,588
583,643,641,635,480,588
580,659,629,632,488,584
586,655,635,632,480,589
579,660,630,633,489,582
575,648,642,632,480,577
574,651,638,630,485,578
584,657,632,635,488,585
580,658,641,624,483,583
580,657,629,636,488,582
586,653,634,633,488,585
582,642,642,634,476,588
584,657,641,627,484,589
582,658,641,626,483,582
576,661,630,633,490,581
573,652,646,630,479,581
579,655,646,622,487,588
582,643,645,631,477,584
586,654,638,627,486,589
577,649,642,631,481,579
582,657,646,621,489,585
585,645,643,629,489,583
574,651,644,632,487,590
583,656,644,624,487,590
572,656,634,633,489,577
582,656,644,619,487,587
576,649,641,631,487,579
581,657,624,634,489,585
576,657,631,635,488,586
581,658,631,633,491,585
575,658,645,619,489,585
581,660,643,619,489,585
584,643,641,633,480,588
575,644,644,633,477,585
580,657,645,620,488,590
584,658,641,619,482,583
585,659,639,629,488,588
574,662,630,631,492,580
580,661,643,622,489,585
584,660,644,622,490,585
573,661,630,630,491,588
583,661,628,632,491,585
585,652,641,636,485,588
587,652,638,629,487,591
584,644,642,628,475,588
573,653,639,630,486,577
576,662,629,632,490,583
581,659,642,622,489,584
576,653,631,631,490,579
578,645,645,632,473,579
584,664,643,621,492,585
584,658,645,618,490,585
579,660,628,631,490,581
584,657,628,633,489,584
582,658,642,621,490,586
576,658,632,628,489,580
582,652,628,633,491,583
583,643,643,635,478,587
584,656,644,624,486,589
586,657,633,631,487,589
576,658,630,633,491,582
582,657,630,633,488,587
580,643,644,634,475,587
585,651,641,637,484,587
575,648,639,628,485,580
584,658,641,629,482,584
587,656,637,629,487,589
585,651,639,628,485,587
576,649,642,631,482,583
581,660,643,618,489,585
581,652,629,633,490,583
582,660,630,631,490,584
581,660,643,622,490,585
580,636,643,632,480,582
586,647,640,634,479,587
583,654,639,627,487,587
584,650,641,618,488,588
583,656,645,622,486,587
571,663,638,628,492,577
583,644,644,631,477,585
577,661,631,632,488,579
583,653,642,621,489,584
577,652,642,630,485,579
583,657,646,623,489,587
575,659,625,634,490,585
586,648,641,632,484,588
586,651,640,636,480,584
588,655,639,630,487,585
586,655,646,625,485,588
582,659,646,612,484,588
587,657,635,626,488,588
581,644,644,631,479,583
581,653,638,632,481,589
575,654,637,628,488,579
580,646,645,633,478,584
585,654,641,629,483,589
575,662,631,629,493,578
583,657,644,624,486,590
586,645,643,633,478,588
581,661,642,626,490,586
583,647,636,627,486,588
585,651,640,625,487,588
582,658,646,621,489,588
576,661,630,630,490,580
576,656,639,630,483,579
584,645,641,634,478,589
587,646,643,634,480,590
572,646,643,632,480,585
585,656,638,630,485,590
575,648,642,630,481,581
587,662,641,625,487,590
575,650,643,628,481,586
588,658,631,631,488,586
578,665,630,629,492,580
586,656,640,626,488,585
587,645,641,633,482,588
579,659,627,631,491,581
584,651,640,633,483,589
575,652,640,628,483,579
581,661,644,620,490,585
584,657,628,632,481,587
587,653,636,635,485,589
584,649,636,633,488,588
579,660,629,634,489,585
588,655,641,627,487,591
582,655,639,627,487,587
584,653,639,628,487,588
580,660,630,633,490,581
582,648,632,635,488,588
580,660,643,622,489,588
586,643,642,634,476,589
584,660,634,631,490,585
575,653,643,630,486,581
582,661,643,621,492,585
584,658,640,628,487,587
582,653,642,622,491,587
582,657,630,632,489,587
585,656,642,628,487,588
586,656,635,632,486,590
583,656,639,627,488,588
581,658,641,623,489,587
585,648,629,631,488,589
567,656,640,630,490,580
575,660,628,631,488,581
585,645,639,634,479,589
583,662,644,619,491,587
582,657,640,623,484,586
582,641,637,634,472,583
583,645,643,632,478,588
587,654,647,623,487,589
587,659,638,630,490,589
575,657,641,627,488,587
573,655,642,631,481,581
583,657,628,635,490,587
584,655,639,626,486,589
573,655,638,628,487,578
577,648,643,631,478,584
572,664,635,630,489,576
581,642,645,634,478,589
576,662,631,630,491,580
581,661,644,621,491,586
585,655,640,630,489,587
580,659,644,619,490,588
579,647,645,632,478,585
574,644,639,628,486,579
579,646,642,633,480,583
576,648,644,631,478,584
583,658,644,619,489,587
575,660,627,632,490,584
580,661,628,631,489,585
584,662,642,620,492,587
577,660,641,618,488,580
584,647,641,631,486,588
575,646,645,629,478,584
583,656,632,632,481,585
585,646,642,633,479,589
582,657,640,629,489,588
586,656,635,631,486,589
579,660,630,632,492,580
586,657,631,626,487,587
587,654,641,627,487,590
580,643,645,631,485,590
583,659,643,629,478,589
585,659,644,620,489,589
583,650,642,619,488,589
572,647,645,632,479,583
582,662,643,623,492,587
582,655,640,628,488,587
577,661,626,625,490,579
582,659,631,632,489,585
586,655,642,627,487,591
584,654,639,631,484,587
575,659,635,628,489,579
573,655,638,629,488,579
583,657,645,613,484,587
582,657,646,618,490,586
572,652,634,628,481,577
585,656,635,624,483,591
575,655,643,633,477,587
584,652,631,628,490,586
587,637,643,634,477,589
571,655,635,629,492,579
588,657,641,630,487,589
576,662,630,634,492,579
581,659,643,620,491,585
583,642,643,634,479,589
581,660,641,624,489,586
583,662,645,617,493,586
572,652,641,630,486,579
585,657,646,621,488,589
576,656,646,621,487,578
575,646,643,631,480,583
585,655,640,627,488,586
584,656,643,621,488,588
579,649,643,630,481,581
586,655,636,629,486,591
573,660,632,627,487,579
584,656,646,617,483,590
585,656,637,630,488,590
585,654,639,627,487,589
583,644,638,634,479,589
588,654,638,631,488,590
578,644,642,634,479,588
583,660,646,620,489,586
584,656,644,625,488,590
585,647,639,630,484,589
583,660,642,620,490,586
585,650,631,630,489,579
583,660,642,624,489,581
584,643,642,635,477,587
579,658,628,631,486,581
582,660,642,624,490,585
581,657,641,620,488,586
580,656,630,633,489,588
579,642,642,630,482,583
577,649,642,632,484,581
574,663,630,630,491,581
584,659,641,622,487,586
587,658,632,632,487,590
580,657,641,626,487,592
584,658,633,633,488,589
574,662,630,630,491,579
580,662,643,620,492,586
585,657,631,632,488,587
581,657,639,627,487,587
580,660,647,621,491,587
583,652,640,629,484,588
587,654,637,628,488,589
582,660,643,613,490,584
583,652,641,629,483,590
586,647,641,635,491,587
575,652,642,631,480,582
582,654,644,620,490,586
582,660,643,620,490,588
581,655,628,630,490,590
583,652,640,631,482,587
584,643,643,632,478,590
583,658,643,626,483,584
586,649,640,632,484,588
581,660,646,614,489,585
581,644,644,632,481,586
573,659,629,631,490,583
583,658,629,636,481,585
585,648,641,634,481,589
585,654,638,628,488,590
583,658,642,627,487,587
575,660,645,619,491,588
584,642,643,632,479,591
586,656,641,624,485,589
582,642,643,632,478,588
585,650,642,633,482,588
579,653,647,620,487,588
583,644,641,633,478,589
578,645,645,630,478,583
577,660,630,628,487,586
577,655,642,628,487,588
585,647,640,631,483,589
585,644,640,634,480,590
586,653,635,627,487,590
575,661,629,632,492,582
587,647,641,630,482,589
585,655,637,621,486,588
577,660,626,632,492,580
580,661,643,619,493,586
586,655,636,621,486,591
577,648,645,632,479,581
576,660,631,631,491,580
586,655,637,629,487,590
586,656,644,620,489,586
580,641,643,634,478,589
585,654,644,626,486,587
580,661,643,620,492,585
586,655,642,628,488,591
584,656,635,632,486,590
583,642,639,633,479,590
584,654,647,620,486,590
579,659,630,634,488,588
583,653,642,628,488,588
580,645,644,630,479,583
584,656,636,623,490,588
582,660,641,621,491,586
580,657,645,619,488,587
571,654,633,621,487,579
570,654,637,628,488,579
585,656,645,620,488,588
579,657,629,633,492,585
576,656,633,632,491,579
584,658,645,620,487,588
573,658,631,630,491,582
577,659,629,624,487,589
583,651,642,630,487,589
572,656,634,630,488,580
578,653,642,628,486,590
583,642,644,634,477,589
577,658,628,633,489,583
582,659,641,623,489,585
584,656,646,620,490,588
586,647,628,631,487,588
581,643,645,633,477,588
581,658,640,625,487,588
579,659,645,619,489,587
573,661,629,631,494,581
576,649,641,632,483,582
577,659,629,633,492,582
571,651,641,629,482,586
576,661,630,630,492,579
574,662,628,631,490,581
582,650,639,627,487,588
579,659,631,633,489,586
571,657,632,630,489,586
580,641,644,631,478,587
581,658,646,621,488,587
582,644,642,633,478,591
579,654,638,628,489,586
582,654,638,630,483,579
581,659,643,620,489,582
583,644,644,634,478,588
579,657,641,627,488,579
581,650,638,632,482,588
582,653,644,624,486,589
577,660,627,633,491,585
581,659,644,621,492,587
581,651,638,629,483,586
577,644,644,631,478,585
580,657,630,632,489,587
585,646,641,633,479,589
579,659,644,620,489,586
578,635,640,629,479,585
580,642,642,632,478,587
583,644,642,634,479,589
577,645,644,629,483,583
569,656,634,630,491,579
582,657,631,632,489,585
582,657,641,625,493,588
585,649,639,631,484,588
584,641,636,635,475,590
584,641,642,634,476,590
584,654,636,628,487,590
585,653,641,625,488,589
584,641,640,638,478,590
577,658,627,630,489,592
583,638,643,633,478,588
586,653,640,624,486,590
583,642,641,633,488,587
580,655,629,632,490,585
581,657,643,622,490,586
575,643,644,630,481,584
583,642,641,633,479,588
567,659,629,629,491,579
583,653,640,627,482,589
580,655,629,631,487,591
579,644,644,631,479,585
586,654,641,626,485,589
572,646,636,629,490,580
574,654,633,633,487,592
579,659,642,621,486,589
575,651,637,628,488,580
579,659,644,621,490,587
581,658,641,620,492,587
583,642,642,635,477,590
586,636,638,634,482,590
575,652,629,627,494,582
576,659,630,633,491,581
582,656,643,619,489,587
583,656,630,633,488,586
583,648,640,629,484,589
575,660,629,633,492,582
584,654,642,624,485,590
582,655,642,623,491,586
572,648,634,630,490,577
572,661,634,629,491,579
573,649,640,628,487,579
581,658,641,619,490,587
584,652,643,626,481,585
583,651,639,625,483,585
582,655,643,619,489,586
586,653,638,628,488,592
574,658,624,633,489,587
573,647,644,631,482,584
573,649,638,629,483,589
581,650,639,628,484,589
584,654,641,629,488,590
575,658,636,630,491,579
574,658,629,631,491,580
578,642,645,632,491,583
587,651,640,630,487,591
579,649,637,621,492,587
581,643,644,631,477,585
578,655,634,633,488,590
584,643,643,634,479,588
583,653,641,628,487,588
575,656,630,631,488,588
581,658,643,618,489,587
580,639,643,634,478,588
572,649,638,627,486,580
582,661,631,630,493,580
569,650,641,630,485,579
578,642,646,626,473,587
583,655,631,633,491,586
577,659,626,631,492,584
572,656,629,631,485,590
579,658,643,620,491,586
576,657,628,634,483,588
581,642,644,633,479,586
583,641,642,634,479,589
574,660,625,631,489,587
577,646,644,631,483,579
583,652,635,631,482,590
582,652,638,629,487,588
583,650,637,631,483,590
583,643,643,633,478,589
582,659,644,619,491,585
587,653,638,629,483,585
572,648,644,627,483,582
581,652,642,624,483,579
582,645,642,632,480,590
581,660,630,630,492,578
586,655,637,618,486,587
583,641,641,625,490,587
572,659,631,630,489,580
577,646,643,630,479,582
580,658,644,613,485,587
575,656,623,632,486,576
578,659,630,632,491,582
578,635,645,630,480,582
577,659,628,632,485,583
575,643,646,631,479,583
581,643,640,623,492,581
582,654,644,619,487,588
585,640,644,632,478,589
583,656,642,621,492,587
586,645,641,634,481,591
573,657,630,628,491,580
573,659,630,629,493,583
580,658,628,632,491,585
580,657,639,618,490,587
582,656,636,630,478,588
578,659,629,629,490,584
579,642,647,630,480,585
583,653,644,621,490,587
568,647,642,627,484,581
574,658,632,627,488,580
579,643,644,628,479,586
580,657,645,616,491,588
577,657,643,627,479,588
580,658,628,629,485,581
583,642,640,625,481,588
583,655,641,620,490,587
570,646,644,626,479,583
583,648,641,627,484,589
583,653,640,623,486,589
586,652,630,620,489,586
577,646,644,630,480,586
571,646,643,626,481,583
577,660,643,615,491,586
578,659,629,628,492,582
574,662,631,625,489,579
585,656,627,628,490,586
586,653,638,625,487,589
574,656,646,614,487,587
583,656,630,627,490,586
578,643,645,625,479,583
585,652,641,623,483,590
581,658,644,615,490,587
581,656,631,627,484,588
584,645,635,622,487,589
573,657,635,624,478,585
583,654,648,615,488,589
572,653,636,622,488,579
578,641,639,623,485,579
581,655,642,619,487,588
589,654,638,623,482,590
581,656,642,626,488,588
583,653,632,624,490,592
580,645,642,624,483,588
585,641,634,622,494,579
583,640,643,628,477,590
585,656,628,627,490,585
573,651,638,621,487,578
576,645,646,624,479,585
576,658,629,624,491,582
583,641,644,625,477,585
578,642,644,625,479,584
574,649,641,623,481,581
580,654,645,615,486,590
585,641,644,625,478,590
571,645,645,621,480,583
585,648,642,621,484,589
576,659,629,623,491,581
574,648,644,619,484,589
579,643,645,622,480,583
574,656,646,609,489,588
582,652,634,623,487,591
584,655,643,610,490,587
588,653,635,611,486,591
574,650,641,609,489,590
577,646,643,620,476,579
582,659,642,603,492,583
582,657,628,622,489,588
584,656,629,622,488,590
579,642,645,621,478,586
580,641,637,617,487,592
572,662,629,619,492,579
578,659,628,621,486,582
585,643,642,622,486,579
581,656,640,614,490,586
574,651,639,617,484,580
578,661,624,620,487,589
583,660,644,620,479,587
579,658,645,608,492,588
582,655,635,615,483,588
577,642,628,621,492,582
587,651,639,612,489,587
567,652,641,616,484,581
580,657,643,606,490,588
574,649,644,617,482,590
586,640,643,624,480,587
573,652,635,617,487,582
582,655,639,610,492,586
582,656,633,620,487,588
580,651,645,614,496,579
577,656,629,608,492,588
586,654,635,619,488,588
583,653,640,615,487,588
580,650,641,617,483,591
585,640,644,620,480,587
583,658,625,623,490,587
585,654,647,608,488,590
571,650,639,617,486,581
573,643,649,621,478,589
580,659,627,620,492,582
580,658,645,606,491,587
585,653,640,615,483,588
587,636,640,620,483,590
583,657,644,605,489,588
582,655,645,608,489,590
578,657,642,616,489,589
584,655,646,606,488,589
570,655,636,615,486,580
575,651,639,617,482,579
587,644,644,611,488,591
585,640,641,621,481,590
583,654,646,608,487,591
583,652,644,609,487,592
583,654,646,607,490,590
583,651,632,620,490,587
572,638,634,617,484,586
582,655,642,611,489,586
583,659,639,601,489,590
583,642,642,622,477,590
584,652,645,609,486,591
574,649,643,617,481,583
571,654,630,617,491,581
579,652,632,607,490,587
587,641,640,622,477,590
581,655,642,608,491,589
586,644,644,615,486,590
578,658,628,619,491,583
574,658,628,618,490,580
578,642,643,617,482,583
580,653,630,621,491,584
587,648,635,619,484,590
587,654,633,625,488,590
572,648,641,615,484,582
583,639,642,618,478,590
584,652,644,606,486,588
583,656,639,614,487,588
569,657,634,615,490,585
586,644,642,617,478,590
572,639,646,617,479,586
581,638,644,618,476,587
572,657,633,608,492,578
574,649,639,616,486,581
579,656,628,617,492,585
573,656,636,616,487,580
582,653,643,611,487,590
584,648,640,620,493,590
586,652,641,613,488,589
576,656,627,618,491,583
583,655,630,621,490,587
573,654,645,606,487,588
587,655,628,621,490,590
584,657,632,620,489,589
588,655,636,617,489,589
586,653,638,615,486,592
579,640,644,621,479,589
581,654,631,618,491,585
585,639,642,612,488,589
574,652,637,614,487,581
573,654,636,615,488,580
569,657,634,616,487,580
588,656,628,618,488,586
581,657,643,608,492,586
582,657,643,608,491,588
586,648,628,618,488,589
575,657,631,614,486,581
584,651,639,618,493,581
572,655,629,615,491,579
583,655,641,613,486,588
581,640,640,611,492,581
576,640,643,617,479,583
579,642,644,619,480,587
579,642,644,615,478,586
587,652,640,615,487,592
581,656,629,618,489,584
574,648,641,616,485,581
585,653,641,614,479,589
586,655,641,602,487,589
589,646,639,617,482,588
587,652,644,607,487,589
588,652,637,616,487,590
584,655,644,607,490,580
584,640,644,607,489,588
580,657,624,614,490,582
584,652,643,617,491,583
582,658,644,606,490,588
573,646,642,615,484,584
583,658,645,605,489,587
585,639,643,621,481,591
579,658,645,607,488,588
578,656,626,619,491,585
582,654,640,612,488,588
585,652,643,614,479,586
584,652,643,613,486,591
581,654,641,611,492,587
573,660,628,618,492,580
583,648,640,618,484,587
585,651,632,619,487,589
579,642,645,616,478,586
586,651,642,616,488,591
583,647,641,607,492,585
583,653,648,607,487,591
585,647,639,618,484,590
575,653,637,613,486,579
572,657,631,609,484,580
582,655,639,612,490,586
583,657,644,605,483,581
568,653,639,614,487,580
579,652,639,615,487,586
579,640,646,618,479,585
587,653,635,615,487,590
587,652,638,618,487,592
580,656,641,609,490,586
579,659,642,605,491,587
575,657,629,618,492,580
577,654,648,606,488,589
582,655,644,606,479,586
574,659,629,616,490,581
576,658,629,618,492,580
577,645,641,617,481,587
585,650,633,617,487,590
582,654,630,619,490,588
583,651,641,610,485,587
575,650,641,615,484,581
572,654,637,616,489,580
587,640,640,616,487,589
584,645,642,616,484,589
581,656,630,622,488,587
582,640,645,624,479,587
589,652,633,620,488,592
586,650,639,617,486,587
573,655,635,617,481,580
582,653,629,620,488,589
587,652,639,614,486,590
579,642,645,612,479,583
575,654,638,617,484,581
573,653,639,617,484,579
585,653,632,618,489,590
573,653,637,615,489,579
586,658,630,620,490,589
575,653,638,614,486,579
580,657,642,611,490,587
585,652,645,607,488,588
587,654,638,616,485,591
582,656,640,615,491,589
580,656,629,620,491,583
584,641,642,620,482,590
587,649,639,617,483,589
581,657,630,621,490,588
580,656,644,608,492,587
579,658,640,606,492,588
586,654,637,616,488,590
584,652,641,612,486,590
585,654,644,614,487,589
575,660,630,617,492,580
583,653,645,612,487,585
568,657,629,619,490,580
572,643,644,618,478,583
585,653,635,617,488,592
587,654,632,621,488,589
586,645,638,617,487,592
584,645,641,618,482,589
583,652,639,613,486,588
585,652,638,616,491,589
579,642,644,618,479,585
585,648,645,603,490,589
579,647,641,617,484,587
578,657,644,602,487,588
583,656,642,613,488,587
578,642,643,618,482,581
577,657,627,619,491,582
585,652,640,614,485,590
586,651,637,620,488,590
567,651,641,618,487,579
583,643,640,621,482,590
573,655,633,617,490,579
582,650,638,615,486,591
582,652,638,619,486,588
575,660,629,621,492,582
586,649,640,618,484,589
574,648,640,606,490,587
583,656,629,621,490,586
584,642,644,620,480,589
580,656,643,608,489,587
583,654,645,606,488,588
580,643,644,619,478,584
584,641,643,623,478,590
585,651,640,620,484,589
574,652,633,617,487,579
570,656,630,617,491,581
579,657,639,609,490,587
573,651,637,618,488,581
587,642,642,623,478,590
580,640,644,621,477,588
574,647,631,617,489,580
572,647,641,618,482,582
575,641,644,620,478,587
574,659,628,605,487,580
572,649,632,618,490,580
581,656,632,622,488,589
585,653,635,618,486,589
587,650,643,617,482,589
582,661,642,607,492,587
583,645,640,622,482,590
586,639,639,620,483,590
581,659,643,608,490,586
579,641,645,622,479,585
586,651,641,618,481,588
574,648,642,618,484,581
581,648,637,612,490,587
567,652,640,617,484,581
585,641,640,622,479,589
580,652,641,618,488,588
587,651,646,616,487,590
573,656,631,618,491,580
587,652,637,617,486,590
582,639,643,620,477,586
579,655,627,618,491,582
577,660,629,621,491,585
585,655,631,622,489,588
578,650,649,610,487,589
578,636,646,622,478,585
585,654,642,614,486,591
581,637,643,623,477,588
581,651,640,618,488,590
586,639,640,623,479,590
575,651,641,617,485,587
576,646,642,620,484,583
580,653,640,614,489,588
585,650,643,614,486,591
580,656,643,610,490,587
580,654,630,622,485,585
585,647,630,624,488,588
575,648,641,620,481,579
572,651,633,615,488,577
578,641,643,622,475,580
581,653,644,612,487,588
586,636,639,622,484,589
585,646,639,623,483,590
578,643,645,621,480,584
581,654,635,615,486,583
580,655,642,605,490,585
580,653,641,617,490,586
585,652,635,621,487,590
580,637,635,613,485,588
584,638,641,617,475,590
575,657,629,623,491,583
581,656,635,614,491,586
583,640,641,626,478,590
575,655,630,621,492,581
582,654,644,615,487,589
573,649,632,621,482,580
576,642,645,621,481,585
574,652,637,622,490,580
585,638,644,625,478,588
584,645,642,624,480,590
583,653,632,625,487,587
586,652,642,618,485,589
578,655,630,623,491,582
574,648,640,621,485,579
577,658,628,623,494,581
576,644,646,622,480,583
584,639,639,627,478,588
580,650,638,623,484,591
576,650,635,625,484,580
584,639,643,627,479,590
578,641,645,623,479,583
586,651,642,621,487,591
583,638,644,627,478,588
581,656,629,626,492,589
585,654,631,622,479,587
582,651,633,625,489,587
577,658,633,624,491,579
574,638,638,623,483,581
572,657,638,624,490,580
584,640,641,629,478,590
573,656,632,623,493,580
582,651,646,614,488,588
585,649,643,620,485,581
574,657,636,624,487,580
584,649,642,619,486,589
583,650,640,621,484,588
574,645,642,624,483,581
572,647,636,624,490,579
578,642,644,628,474,581
573,648,633,625,490,579
578,639,641,629,478,590
584,641,641,622,481,588
575,644,643,626,483,582
582,637,643,629,477,591
577,658,630,628,490,583
578,638,645,630,477,587
583,651,641,624,488,591
586,651,640,625,486,590
581,656,643,616,490,586
586,651,636,626,487,590
584,639,645,629,475,588
585,651,646,619,486,589
577,645,644,626,481,583
582,660,645,616,492,587
585,652,627,628,485,589
579,656,632,630,489,588
584,653,648,614,489,589
586,654,631,628,487,585
585,652,643,617,486,590
579,640,646,625,479,586
583,656,643,618,491,587
574,653,638,624,487,579
581,638,645,628,478,589
583,653,647,616,488,589
584,637,646,630,473,589
578,657,631,629,491,583
588,650,645,622,487,590
585,652,632,629,486,589
581,649,630,628,489,587
586,644,643,627,482,588
584,649,641,623,485,588
587,653,639,623,487,591
580,655,643,616,491,586
583,657,646,617,491,583
579,655,630,628,489,584
583,652,647,614,487,588
583,640,643,630,479,587
586,652,640,621,487,589
586,648,643,629,482,591
585,651,638,623,486,590
587,649,642,622,486,590
574,643,638,621,488,579
584,654,649,615,489,588
582,653,645,619,491,585
585,640,645,614,483,590
585,653,648,614,488,588
574,654,644,615,490,586
581,655,632,628,489,586
584,638,644,630,480,590
582,639,646,629,477,589
585,653,633,627,489,589
582,652,643,623,486,587
586,649,643,620,484,586
580,656,633,629,490,585
584,655,645,616,488,587
584,647,643,620,480,587
583,653,645,625,483,584
584,655,649,615,488,588
582,652,633,628,489,587
588,649,647,621,488,590
584,639,644,629,479,591
581,655,647,626,482,583
575,656,634,627,493,581
583,653,637,629,487,590
586,643,644,631,481,589
582,653,648,615,487,586
587,652,640,627,488,588
583,649,641,626,486,589
575,646,646,627,480,585
573,652,641,626,486,578
585,643,643,628,481,587
585,654,634,629,490,588
585,656,644,611,488,584
584,651,648,622,486,589
581,632,648,628,480,583
585,642,644,631,480,588
579,645,646,625,483,580
582,654,633,631,489,584
581,637,648,630,476,588
579,641,648,629,473,584
587,657,635,628,491,587
574,648,645,625,483,581
581,657,633,628,491,582
575,657,635,626,490,580
572,654,642,624,487,578
586,650,646,622,485,589
584,652,645,622,486,587
585,641,646,629,480,590
583,654,649,618,489,588
578,641,648,629,480,582
581,657,635,628,491,590
583,650,650,615,487,588
586,652,644,624,487,590
582,655,648,614,491,589
583,649,645,626,484,592
583,641,639,623,491,583
580,655,649,625,488,580
574,657,636,625,490,579
583,652,644,622,487,587
585,656,648,615,490,585
582,638,650,631,477,587
582,655,647,618,488,586
587,650,645,621,485,590
584,655,647,627,479,585
580,641,651,629,477,585
579,651,641,627,486,591
581,648,645,615,489,587
578,655,634,627,492,581
583,648,648,620,488,586
573,657,636,628,484,580
573,657,636,627,490,579
580,656,648,616,489,587
574,649,646,631,479,590
584,657,646,616,490,587
585,649,645,620,482,590
572,646,644,626,480,579
573,657,635,628,492,579
585,648,645,630,484,588
581,655,649,616,490,585
586,640,649,627,478,590
584,655,648,618,488,585
581,641,647,630,475,588
583,653,651,617,487,588
580,646,645,632,481,587
586,647,649,628,482,582
571,644,646,627,480,582
577,638,650,628,477,585
586,650,644,626,484,579
582,652,635,630,488,585
579,655,634,630,489,582
573,650,640,618,485,591
583,656,634,630,489,585
584,646,651,630,480,589
572,651,637,629,487,585
584,645,645,623,487,586
581,656,648,616,489,586
578,656,635,629,490,582
573,648,642,626,488,579
575,656,634,627,489,580
585,650,645,622,487,587
582,653,634,629,487,586
577,641,650,629,476,583
580,649,641,627,485,589
583,648,646,626,484,587
583,654,650,615,487,587
586,643,648,631,477,588
585,650,643,627,486,590
585,654,646,618,488,586
581,639,648,630,476,583
586,654,645,620,489,587
582,653,646,621,487,585
584,650,649,624,486,588
581,637,650,626,486,589
585,655,640,630,485,588
574,643,650,627,478,580
579,653,634,630,491,582
587,638,647,627,486,589
578,632,648,627,477,585
584,653,649,615,487,584
586,640,646,632,472,589
576,659,635,628,490,578
574,644,649,627,478,577
586,633,650,632,477,588
581,652,649,617,487,586
581,653,645,620,485,585
582,653,650,615,487,587
572,650,641,624,485,577
584,652,646,619,487,584
581,652,646,620,491,588
582,653,636,630,488,584
582,654,650,615,489,585
582,647,651,616,487,585
586,650,645,625,484,590
584,647,643,626,482,587
584,646,646,629,482,588
576,655,634,628,490,580
567,649,644,625,485,578
581,652,637,627,486,586
585,649,645,621,485,587
585,644,642,624,486,587
582,636,649,631,475,587
582,650,647,620,489,586
574,641,649,628,483,579
585,639,646,631,479,590
581,656,631,630,490,584
579,655,652,620,487,588
585,648,641,626,486,590
582,651,651,619,490,584
586,652,637,628,487,587
586,637,647,630,478,590
582,637,649,630,477,587
582,652,634,628,485,588
585,650,642,625,487,579
577,640,650,628,477,584
587,643,645,628,484,588
583,652,650,617,487,587
583,638,650,630,477,585
565,652,641,625,486,578
577,638,647,631,476,588
573,649,639,626,488,579
578,632,650,628,477,584
572,650,645,626,482,579
581,638,644,623,488,588
583,655,650,616,485,587
579,652,635,630,489,586
576,641,649,629,477,582
582,651,644,617,487,583
579,639,650,629,478,585
581,655,649,618,490,585
583,654,635,629,488,584
584,652,646,617,488,586
573,640,645,628,483,580
583,651,651,617,482,588
586,654,637,630,486,587
584,649,646,621,485,587
588,656,642,626,487,590
580,654,650,617,490,586
584,645,649,617,487,589
575,656,634,629,491,583
587,638,647,631,476,587
585,649,643,624,486,590
585,649,640,628,486,587
585,650,648,631,486,588
585,651,644,624,485,588
577,655,633,627,490,583
580,652,635,630,488,586
580,649,644,626,488,587
582,630,651,630,478,588
579,652,646,623,486,584
582,649,647,621,485,590
583,648,651,622,485,590
580,654,652,614,488,586
583,650,635,616,490,585
583,649,643,628,488,591
570,651,641,623,485,578
584,640,646,633,479,589
581,628,646,631,479,584
572,650,646,623,486,580
583,643,645,628,482,587
571,649,643,624,486,577
571,645,648,627,482,583
583,637,650,630,476,586
584,655,636,628,490,587
575,639,650,627,478,586
582,652,637,629,489,588
573,642,650,626,481,581
581,656,635,631,489,583
582,645,646,632,482,589
578,654,650,613,490,588
581,651,650,618,488,589
578,652,636,629,487,587
581,652,645,622,486,587
582,648,646,625,485,588
581,657,642,625,490,579
585,643,648,631,477,589
584,651,641,627,486,590
575,637,647,627,479,581
585,645,646,620,485,589
581,654,636,628,488,587
582,647,646,624,487,588
584,651,644,627,487,588
574,646,647,624,482,580
570,649,645,625,485,578
583,652,636,629,487,586
580,652,650,615,491,586
581,653,650,617,487,587
583,651,648,623,488,587
575,642,650,627,476,583
576,658,634,629,490,584
571,644,647,625,486,579
582,650,647,623,484,591
583,650,646,623,489,588
582,651,651,616,487,588
581,653,631,624,482,589
572,640,647,621,488,579
576,636,650,628,472,584
579,656,650,614,489,588
583,651,646,620,489,588
581,651,652,616,490,589
581,639,649,630,477,587
577,640,650,626,478,585
576,656,636,629,490,582
585,639,647,630,477,590
581,654,647,623,489,586
573,657,634,626,489,588
579,655,649,615,489,585
581,653,647,618,489,586
583,653,647,619,486,587
584,639,648,632,477,588
579,656,649,613,489,588
570,650,640,625,488,580
573,657,636,625,491,579
582,646,631,631,489,587
584,644,645,627,484,591
584,652,642,628,486,590
581,648,646,623,487,592
582,653,637,628,488,587
581,654,648,622,484,585
578,652,651,616,489,588
584,653,639,627,486,590
582,636,650,629,476,589
573,653,641,625,488,581
583,638,646,629,480,588
572,648,646,624,485,591
573,653,636,626,491,580
583,650,645,621,488,587
566,650,642,623,487,580
584,642,649,628,480,583
577,656,632,629,492,584
580,655,633,628,489,579
582,654,647,620,489,586
573,655,638,626,491,579
581,650,651,615,487,589
572,653,642,620,482,589
578,654,650,616,491,585
580,652,635,627,486,584
581,647,650,615,489,589
572,648,641,624,490,578
586,651,637,630,488,589
571,654,634,625,492,579
580,653,636,628,489,586
573,656,641,626,488,579
584,652,637,629,487,588
580,650,645,622,489,585
578,649,646,624,488,585
582,651,651,616,486,588
585,637,649,631,472,589
584,640,645,625,479,586
572,654,634,627,491,583
572,644,648,625,483,581
584,637,650,629,478,589
579,650,641,628,486,589
583,643,645,625,482,589
583,653,635,628,483,583
583,640,648,630,479,581
584,637,649,629,475,588
586,651,641,627,487,590
584,651,638,623,484,588
583,650,646,623,485,590
583,648,644,623,488,588
582,655,649,615,490,587
579,647,635,630,489,585
580,652,651,617,487,589
572,656,634,628,490,581
583,650,649,624,488,589
576,643,649,627,482,581
566,654,642,625,485,579
577,640,650,626,479,586
576,641,651,626,480,580
588,651,640,627,486,587
585,649,639,626,482,588
582,652,647,619,485,589
584,649,646,624,486,589
569,654,638,628,490,579
580,652,633,628,491,584
578,644,649,621,488,587
582,631,648,631,472,585
581,640,645,625,487,588
581,643,647,618,487,588
582,643,650,616,489,588
576,626,650,625,479,584
581,625,652,629,476,585
580,622,649,628,478,586
573,635,646,627,484,588
572,635,641,625,483,577
582,624,634,628,489,588
578,623,650,628,477,586
579,638,645,622,489,589
575,624,645,622,486,587
583,636,645,620,482,591
577,640,633,628,489,584
584,635,651,619,487,589
578,638,634,629,489,586
586,624,648,630,478,590
583,638,650,616,490,587
581,643,649,616,490,588
582,644,649,629,489,587
577,641,646,619,489,585
582,642,635,629,490,585
570,639,641,625,488,580
583,639,637,631,488,589
586,639,649,621,486,590
580,625,649,627,478,586
570,639,639,625,491,580
581,642,635,630,491,590
575,630,651,625,480,585
585,628,646,630,477,585
578,644,646,615,482,579
580,627,649,626,477,586
576,641,648,617,490,588
581,642,633,630,484,583
582,625,648,629,478,592
586,628,647,631,479,590
578,642,634,629,488,588
581,644,651,613,491,588
575,644,635,627,492,582
583,633,648,625,479,584
585,641,636,629,488,587
584,635,646,624,486,587
583,641,636,630,485,586
583,640,649,621,487,590
578,647,650,615,492,585
582,627,649,628,477,585
584,636,648,620,485,590
575,644,635,630,490,582
585,640,637,628,489,588
585,630,646,629,481,590
583,625,649,629,476,588
582,642,650,615,488,587
584,627,646,631,477,590
582,641,649,617,488,589
573,646,637,625,478,582
582,633,645,627,483,590
584,641,651,616,486,591
586,621,648,630,479,590
579,644,651,615,490,585
583,629,646,629,480,590
584,632,645,629,481,589
580,635,648,628,478,588
572,638,641,624,480,579
583,640,643,625,486,591
570,640,642,625,487,579
578,642,636,629,488,587
570,643,634,627,487,581
576,644,633,628,489,586
575,628,649,626,471,584
576,644,634,628,491,590
584,638,646,621,488,583
571,635,652,614,488,586
573,628,650,628,478,586
582,634,645,624,483,590
571,634,646,623,480,579
580,640,650,615,487,588
573,646,636,625,491,589
580,636,648,611,491,585
577,642,634,629,490,584
581,634,645,628,484,588
586,628,647,629,477,590
581,640,651,613,487,588
575,644,646,618,488,586
572,632,637,626,491,581
583,629,652,620,482,588
586,639,635,628,489,586
569,643,639,623,488,584
585,635,642,627,482,586
583,641,647,617,490,588
584,633,646,628,476,586
584,627,648,627,478,589
571,637,644,622,485,579
585,629,646,625,481,591
580,642,649,615,487,590
570,640,637,625,490,579
571,637,634,626,492,582
582,624,649,627,477,588
566,641,643,622,486,580
582,628,645,626,481,579
584,618,646,624,478,589
583,631,645,626,479,589
576,627,649,626,476,590
572,632,647,624,481,588
570,635,648,624,480,584
569,643,638,623,488,580
572,624,649,618,488,589
585,638,647,623,485,590
581,625,649,628,477,589
580,642,641,629,480,583
572,632,642,624,488,579
570,640,640,625,487,580
576,628,644,630,478,591
584,632,643,623,487,592
582,626,645,622,488,581
576,643,633,626,489,585
583,639,651,623,486,589
581,637,644,622,487,587
577,637,646,622,485,588
584,641,650,612,486,589
573,631,645,624,487,581
576,626,648,629,476,588
588,629,646,629,477,586
576,630,648,625,480,583
578,642,633,628,488,586
571,631,646,623,484,587
583,641,634,627,490,589
577,643,634,626,490,580
577,628,650,625,478,584
583,638,644,623,488,590
581,635,646,624,484,590
582,635,646,624,483,588
582,635,642,622,483,587
579,643,634,629,488,585
581,633,646,630,482,590
582,638,643,621,487,592
577,627,647,624,478,584
583,640,639,626,483,586
581,643,651,615,482,587
580,625,650,625,477,587
572,635,648,626,481,582
575,637,646,623,486,590
577,644,635,627,491,584
583,639,651,613,488,588
580,640,650,614,487,587
572,634,636,625,491,581
581,625,647,630,478,590
573,636,641,619,482,580
582,640,642,623,486,591
581,642,651,613,490,589
571,646,630,619,487,577
578,643,648,615,490,587
581,643,646,620,480,588
583,637,641,624,485,592
577,629,650,626,478,585
583,641,651,615,488,581
580,641,644,621,489,587
583,634,641,619,481,587
582,629,647,628,477,590
577,642,635,626,490,587
576,644,634,626,490,588
585,641,648,623,485,592
572,637,634,625,491,580
579,639,643,623,487,591
586,638,640,624,485,589
578,643,648,615,490,587
579,641,634,620,485,588
576,639,643,623,486,588
583,634,647,624,484,591
582,640,651,615,484,588
581,628,650,627,475,587
582,642,645,624,484,590
581,641,633,627,489,581
579,640,646,621,487,587
582,641,650,613,487,588
574,628,648,628,477,590
584,633,645,628,482,589
583,639,636,628,490,588
574,644,634,625,489,582
580,643,649,614,490,586
584,639,634,621,489,589
582,638,651,615,486,587
584,640,642,623,485,592
582,637,649,624,482,582
580,641,635,627,489,587
573,640,645,623,485,588
581,626,649,628,476,589
579,644,634,629,489,585
579,643,636,628,489,589
580,640,646,621,489,588
581,644,649,615,477,585
581,643,650,615,487,588
578,641,648,612,489,588
579,643,633,627,489,583
580,634,651,614,488,588
583,642,649,615,488,590
578,641,649,614,487,586
571,632,649,627,477,583
582,633,646,626,490,585
578,643,650,615,490,587
584,637,645,618,490,588
574,646,636,627,491,585
579,639,646,619,487,587
575,640,645,617,487,589
570,639,643,622,487,580
578,645,646,618,488,590
581,639,650,614,487,592
576,629,647,620,482,580
571,645,635,625,490,579
582,639,650,614,489,587
584,640,646,622,486,590
571,633,643,619,491,579
578,641,633,628,489,587
582,627,647,627,478,585
579,628,649,627,478,588
572,643,633,625,477,581
574,646,635,623,492,580
583,627,647,627,479,591
581,634,645,618,478,589
572,635,647,626,481,581
583,640,636,627,488,590
574,642,646,615,489,586
573,645,633,624,491,579
571,627,643,625,484,580
575,644,634,626,489,582
580,642,648,617,489,589
583,638,637,627,488,587
576,643,633,625,489,588
573,643,635,627,489,584
581,638,633,615,490,588
574,633,647,625,482,584
571,641,641,624,485,581
580,644,651,615,487,587
575,642,649,613,487,590
585,629,646,628,478,591
580,644,636,627,488,588
579,645,651,612,479,591
584,637,638,628,489,590
584,627,648,627,479,590
581,643,646,619,488,586
573,645,638,622,486,579
572,647,635,625,490,581
579,637,646,620,488,588
585,638,639,626,486,588
583,639,647,617,486,590
576,627,649,624,476,585
577,638,644,625,484,590
584,641,645,622,485,590
579,645,648,614,490,587
585,638,643,623,485,591
574,632,650,625,481,584
577,633,650,612,487,579
569,632,647,626,480,583
586,635,645,625,478,588
584,639,646,622,486,590
578,630,650,625,479,581
583,639,651,619,487,589
580,628,651,627,478,586
582,641,644,623,485,592
582,629,650,626,487,590
580,625,649,628,476,587
575,634,649,625,481,584
583,643,647,615,488,587
571,639,633,625,489,583
584,636,644,626,482,589
583,640,645,622,485,591
579,643,648,615,490,585
582,633,645,629,483,590
570,646,644,623,487,589
575,631,648,624,481,584
583,640,634,627,483,586
579,627,649,620,477,587
582,639,642,624,486,579
581,639,652,611,487,590
578,644,648,613,492,584
582,642,648,628,481,590
570,642,640,625,490,580
583,628,648,630,479,589
573,646,637,622,490,579
583,641,646,622,485,591
582,638,644,620,488,587
582,641,647,622,486,589
585,640,639,627,487,589
578,643,634,629,489,588
581,638,645,619,488,589
584,636,647,623,487,591
582,641,637,624,481,588
583,628,648,628,478,591
579,641,650,614,489,588
585,627,640,623,486,582
582,638,649,617,487,590
580,642,650,620,485,592
574,623,648,624,486,588
575,629,650,626,476,588
583,636,646,624,484,589
571,634,647,625,481,583
577,630,651,625,478,591
571,646,633,622,490,582
576,643,636,627,489,587
582,635,644,622,481,590
578,638,631,627,490,584
582,638,645,623,485,592
585,639,648,615,487,587
583,629,648,628,477,590
571,636,647,624,482,581
581,628,649,628,477,590
581,629,647,624,479,586
572,637,648,624,491,580
575,644,646,615,491,586
579,627,650,626,477,587
571,633,647,623,481,583
585,637,644,622,487,591
581,643,651,613,488,589
580,641,650,625,477,576
583,631,647,625,482,589
577,645,650,606,486,587
579,642,649,615,490,588
571,642,640,627,488,587
579,645,648,614,492,586
571,642,641,623,486,579
573,646,637,617,488,580
580,625,649,625,476,588
581,639,641,621,487,588
582,639,644,619,486,590
584,640,640,626,487,587
572,635,645,623,483,579
582,638,647,620,486,591
578,642,638,627,488,587
574,645,632,625,490,583
573,644,642,620,489,578
571,633,648,623,479,584
581,638,650,625,491,580
580,635,646,618,477,592
580,640,652,615,489,590
579,627,648,627,476,589
581,636,645,621,485,588
580,627,649,623,477,583
579,625,650,625,471,587
578,645,645,612,489,588
580,638,645,623,487,587
581,638,645,620,486,589
582,630,646,626,482,590
583,638,643,624,486,590
572,647,634,625,491,581
565,647,635,623,491,581
583,642,637,626,489,591
579,645,633,626,490,584
571,636,646,622,489,584
580,643,651,615,489,587
586,631,648,629,480,591
580,632,641,617,488,587
581,643,634,625,490,588
577,644,648,613,487,586
582,630,646,626,481,591
580,633,644,626,476,582
579,643,650,608,484,588
582,645,633,627,488,584
580,641,644,623,485,590
577,628,650,628,477,586
578,646,649,611,489,588
581,639,646,619,486,589
579,644,648,616,491,586
581,635,644,622,483,590
571,637,646,622,485,581
572,645,633,623,489,580
577,630,650,620,477,583
580,641,643,624,487,587
579,644,644,609,489,589
584,630,647,626,477,590
575,630,650,626,478,585
582,627,648,623,486,590
583,635,634,628,489,588
577,625,647,627,478,591
581,641,637,625,483,589
574,624,649,619,480,583
578,642,646,617,487,588
569,638,643,622,486,580
579,625,649,625,474,588
581,637,640,624,487,593
583,642,642,627,489,591
578,643,646,625,478,589
571,642,648,615,487,588
580,644,648,607,489,585
569,628,644,623,485,591
580,633,647,625,483,591
573,645,634,624,490,580
578,643,649,615,490,587
581,639,646,628,488,584
582,634,639,623,490,580
575,640,643,621,486,585
576,630,651,625,478,586
583,634,645,624,482,590
581,640,652,613,482,590
576,647,647,614,491,588
569,644,640,622,486,583
584,632,642,622,485,591
582,633,645,623,491,575
582,641,644,620,485,591
577,645,634,626,489,587
569,641,643,622,479,581
577,645,635,625,490,584
581,640,644,623,485,586
582,629,647,629,479,590
569,642,639,622,485,580
578,639,646,620,487,587
572,638,644,619,485,590
582,633,645,628,482,589
583,628,648,625,476,590
582,628,648,627,481,588
578,628,649,626,478,588
578,646,651,613,490,586
567,644,634,626,491,581
578,644,649,607,489,588
570,641,642,622,487,587
572,644,635,625,489,579
572,636,647,627,476,590
580,644,650,613,492,587
580,631,647,621,485,588
579,647,648,614,490,587
579,643,648,614,490,589
583,628,649,629,477,588
579,628,649,626,478,588
579,628,650,627,472,589
578,628,648,625,476,589
570,627,639,621,484,580
579,643,651,613,488,590
570,637,641,621,490,580
581,642,650,614,487,588
583,640,647,620,492,587
579,642,650,614,486,590
584,637,639,624,481,588
583,631,641,627,474,586
574,646,632,628,488,582
582,627,648,627,477,591
570,643,640,624,488,579
582,643,634,627,487,583
574,630,650,625,478,586
583,639,647,620,485,591
578,627,649,627,476,588
571,633,648,623,480,584
569,641,642,621,484,581
581,634,646,625,485,589
577,645,650,611,489,588
580,629,649,628,473,587
579,641,636,627,488,587
581,636,645,621,485,590
583,635,646,623,484,592
582,643,647,624,478,591
577,644,649,605,484,590
577,644,648,621,486,589
568,633,649,625,480,580
582,640,638,628,490,580
578,626,650,624,480,585
577,644,634,627,491,584
579,640,638,625,487,588
581,640,646,618,484,591
570,636,647,623,484,584
585,640,635,628,489,588
573,643,633,624,490,582
578,641,652,612,486,589
579,641,647,616,489,586
576,645,632,626,490,583
579,644,649,611,489,588
575,644,636,626,489,587
579,644,628,626,484,579
583,619,641,627,481,591
571,636,646,623,483,583
580,646,645,608,491,588
579,627,650,627,477,587
579,644,648,616,490,588
575,628,651,626,476,588
577,632,648,627,481,589
574,646,635,616,484,590
570,642,642,623,485,579
580,633,644,610,491,585
565,646,635,624,489,580
571,632,648,621,476,583
583,641,645,618,484,590
581,643,645,619,489,587
580,643,647,616,487,587
582,640,641,622,486,592
583,633,642,624,482,589
575,642,645,616,489,588
572,646,639,623,488,579
563,640,641,623,484,579
575,627,651,624,478,585
580,642,645,622,486,587
570,635,645,621,482,582
572,642,645,619,489,588
576,628,649,626,478,587
577,628,651,630,476,588
579,644,646,616,489,588
578,644,647,613,489,588
581,630,647,625,476,589
576,629,649,626,477,587
587,641,640,622,486,590
576,629,650,624,477,585
581,644,649,613,487,589
570,639,641,622,487,580
582,640,639,625,487,591
583,627,648,622,485,592
575,641,643,623,487,589
581,642,653,613,486,588
579,640,645,620,485,588
578,636,646,617,485,589
579,645,647,614,484,589
580,643,646,616,483,588
570,644,639,624,489,580
582,634,651,613,485,590
580,641,650,622,484,589
574,628,650,625,478,587
581,643,646,608,486,589
583,635,645,622,485,589
580,639,649,614,486,587
570,646,636,623,489,582
580,641,646,617,489,587
579,644,649,612,490,588
575,643,633,626,491,584
581,643,651,613,487,589
580,643,648,615,492,588
584,638,645,617,486,592
577,645,633,628,489,584
571,644,640,623,488,582
581,643,642,614,488,588
574,646,636,623,492,582
570,644,640,621,486,581
581,642,647,608,486,587
575,627,648,623,478,584
578,643,645,619,483,588
572,632,648,625,475,584
578,628,650,627,478,586
578,642,635,625,488,588
579,638,642,620,485,592
583,638,641,625,486,591
578,640,648,618,485,589
575,644,636,624,492,580
582,640,650,620,477,588
581,634,647,615,485,591
580,640,645,617,487,588
573,626,649,627,476,587
577,644,650,613,491,586
580,646,648,626,477,590
578,643,646,616,489,588
579,641,645,615,489,585
582,629,646,626,486,583
584,625,644,624,482,591
578,644,650,613,488,588
584,641,651,613,486,590
575,638,635,619,492,580
573,645,635,621,484,586
581,630,644,621,478,588
583,629,648,626,481,591
583,628,648,626,479,589
582,638,645,623,488,589
571,641,640,625,475,588
584,633,643,621,485,590
576,631,649,623,479,586
572,646,636,617,491,583
574,630,647,626,476,589
587,641,638,626,492,591
566,642,643,620,484,582
580,628,643,626,478,589
580,644,650,612,488,588
581,645,634,626,488,581
584,640,643,620,486,592
582,642,644,623,485,589
575,633,649,623,480,585
583,630,644,621,475,587
571,647,636,623,490,580
573,635,647,622,481,585
583,639,643,617,485,591
584,640,644,619,487,592
572,644,633,623,491,584
579,643,627,626,487,586
581,640,649,613,487,589
582,633,644,622,480,589
583,637,645,626,480,589
576,631,651,619,475,586
574,634,646,620,482,582
579,645,634,625,489,586
581,638,645,621,485,591
580,643,647,613,489,586
569,644,642,615,481,580
583,630,646,627,476,590
582,638,642,620,486,591
586,641,638,622,487,590
576,644,633,625,492,583
582,628,645,623,477,591
579,642,633,624,490,585
571,645,637,621,488,579
580,646,645,613,490,589
577,627,647,621,480,583
577,644,632,628,489,586
584,640,640,621,485,591
578,643,646,612,489,588
581,641,648,611,481,585
576,631,648,623,477,588
584,631,644,614,488,592
584,639,648,615,485,590
577,645,633,622,490,584
578,635,636,620,477,589
576,627,648,622,479,587
570,639,638,614,486,578
572,643,641,620,487,580
571,632,646,619,482,582
575,628,647,622,477,585
578,642,639,622,487,589
582,647,636,622,489,589
582,641,645,616,487,588
568,635,644,621,481,584
567,646,634,620,491,588
577,644,648,613,486,580
580,642,642,616,487,588
584,628,646,625,478,591
573,637,646,620,485,581
574,636,645,619,485,590
576,643,647,610,489,586
575,643,635,618,484,581
572,646,638,623,491,579
583,627,645,626,478,590
585,631,641,622,477,590
581,633,642,621,482,587
583,621,643,625,478,591
580,642,648,611,489,585
571,640,641,621,487,579
584,628,647,626,475,589
577,641,637,623,486,588
570,641,639,621,476,581
582,636,644,622,483,589
573,646,637,622,488,577
582,643,635,626,489,590
580,627,648,625,478,589
571,642,635,619,486,579
578,627,648,627,476,588
570,644,640,622,488,580
583,629,647,626,477,591
585,635,644,628,483,590
581,646,647,612,491,586
582,640,650,612,488,588
571,639,640,621,487,587
572,644,633,623,489,579
571,643,638,624,486,590
577,628,647,627,475,587
576,634,649,623,481,584
582,636,644,623,486,591
582,642,645,618,487,588
581,645,645,614,488,588
582,636,645,624,480,591
576,629,651,624,477,586
586,639,644,619,487,590
582,639,645,620,487,588
573,644,650,621,483,590
583,628,645,626,478,589
581,643,636,625,488,588
575,645,633,626,489,584
580,642,644,620,485,591
582,641,648,618,486,590
573,646,628,624,485,579
581,646,647,614,488,587
583,628,645,627,477,590
583,642,644,622,487,591
582,644,633,624,489,589
576,637,645,624,482,590
580,628,648,627,477,588
580,644,645,611,486,586
580,644,648,612,488,588
568,632,647,622,481,584
570,636,642,622,477,580
580,643,643,613,484,588
580,642,649,625,477,589
580,644,645,613,490,585
579,644,634,626,489,586
583,642,644,618,487,590
575,644,649,611,490,588
583,635,649,616,485,591
581,642,645,614,488,581
582,642,643,618,487,588
575,629,648,623,484,582
584,627,644,622,481,590
582,643,644,619,487,587
573,645,635,622,488,581
566,639,643,620,483,581
579,629,648,623,476,587
576,643,634,625,491,584
581,644,649,612,487,588
584,633,642,622,487,592
583,641,648,621,486,592
579,642,643,618,486,589
585,640,646,621,485,592
585,643,646,620,482,583
581,640,644,617,485,591
583,644,646,608,486,588
578,645,633,624,486,589
577,645,632,625,489,581
576,632,647,623,480,584
581,642,649,614,485,589
583,642,642,623,485,591
581,645,650,612,489,588
580,642,645,616,488,590
569,646,632,625,489,581
570,640,645,621,483,588
583,636,644,616,479,590
579,628,648,625,478,588
580,646,648,612,488,588
581,644,646,615,490,587
570,641,646,621,482,579
580,626,646,626,476,589
582,642,644,622,487,589
582,640,643,621,485,588
578,638,644,611,491,588
571,647,635,622,490,581
575,629,650,623,479,587
586,635,643,626,483,590
574,634,647,622,480,584
582,643,648,612,488,588
585,634,644,624,481,591
580,642,645,620,484,585
584,638,645,626,482,586
584,641,637,624,486,591
581,642,635,624,488,589
581,644,643,615,487,587
585,641,643,615,491,587
582,635,646,625,481,586
583,631,646,625,479,591
579,647,643,615,490,585
573,647,633,622,491,582
582,642,642,618,487,591
569,643,642,620,489,590
582,640,646,622,485,591
571,641,637,622,487,579
581,644,635,626,487,589
581,642,646,614,487,590
584,639,643,614,485,593
580,642,647,612,486,591
583,629,645,626,477,590
571,647,633,622,489,581
582,639,642,621,483,589
583,641,639,625,487,589
580,645,646,613,490,587
575,635,646,618,483,580
584,636,644,621,486,591
582,629,648,625,476,590
576,627,648,624,477,587
572,648,635,620,490,581
584,641,644,617,487,591
572,644,632,624,490,580
581,634,640,619,487,588
583,642,637,626,482,588
585,641,643,625,486,592
572,637,643,622,484,580
572,647,639,620,489,580
581,643,647,611,486,588
581,644,647,611,490,588
574,647,632,625,490,583
571,644,637,621,489,582
575,623,647,622,480,591
571,649,639,614,488,581
583,641,640,623,486,589
583,632,646,626,477,587
573,646,631,623,489,583
572,647,634,623,491,582
580,642,642,611,485,590
582,638,644,623,483,589
583,642,646,618,485,590
578,629,646,626,476,590
579,647,631,618,490,583
584,641,639,622,487,591
581,644,643,619,489,588
583,642,642,621,480,592
582,640,643,619,487,590
581,628,647,626,478,590
579,644,633,625,489,588
584,643,641,621,486,590
581,647,648,612,490,586
571,645,639,621,487,580
570,641,638,621,489,580
570,637,642,620,482,581
583,632,643,625,482,591
585,631,642,624,480,589
570,648,640,621,490,580
571,641,645,618,485,591
582,646,645,615,488,588
571,637,641,621,485,581
579,642,637,624,486,590
579,644,649,609,490,590
582,641,649,614,488,589
577,629,645,626,477,588
578,645,633,625,490,587
578,648,646,611,489,587
584,640,641,618,485,592
582,643,648,611,486,589
581,637,642,621,485,590
582,643,647,616,487,587
583,628,645,627,479,592
573,645,634,621,491,579
579,643,635,624,489,587
585,643,637,623,488,591
572,636,644,620,480,580
583,629,644,626,479,590
583,628,645,625,476,590
579,646,649,611,490,588
569,639,640,623,484,581
583,633,642,621,482,589
575,647,632,624,489,588
572,637,643,623,478,578
571,641,640,621,492,579
568,646,637,621,492,579
580,628,647,624,476,587
585,639,633,622,486,586
579,621,647,622,478,591
584,642,648,613,487,590
572,647,633,623,491,582
569,634,644,622,480,584
579,628,648,624,477,587
583,642,641,614,484,590
573,632,645,622,482,586
571,632,642,622,485,580
579,644,644,614,491,587
585,643,643,620,487,592
576,642,642,618,489,587
583,629,645,625,480,591
582,642,642,615,489,587
585,636,634,626,489,589
581,645,643,614,489,587
577,630,647,623,477,586
583,642,644,617,487,588
582,638,643,621,486,590
578,628,647,623,478,585
580,644,643,616,488,592
580,642,643,612,486,585
580,645,646,611,489,590
584,630,646,626,474,587
573,638,641,623,487,580
583,635,644,624,485,590
568,636,646,620,483,580
580,643,647,612,489,589
583,641,642,622,485,592
579,633,643,627,483,590
576,643,649,612,487,590
575,642,640,622,488,586
586,630,645,626,478,590
584,645,633,627,488,589
580,643,644,613,489,587
584,640,642,623,485,581
579,645,645,624,491,580
579,629,647,624,479,586
584,641,636,623,487,591
581,629,645,624,477,591
581,639,649,620,486,591
579,644,631,625,490,583
580,643,631,625,488,589
580,644,642,619,489,588
582,621,643,625,479,591
573,644,632,624,492,582
586,639,637,620,488,590
577,642,648,619,486,590
582,641,648,613,486,589
581,640,647,613,486,590
583,635,643,626,483,592
572,646,633,621,490,581
584,642,642,620,487,592
581,642,649,613,490,589
582,633,636,618,485,590
570,643,642,620,485,582
578,629,647,624,476,590
579,636,642,612,492,584
574,644,632,620,485,581
578,636,644,624,483,589
583,640,647,617,488,591
587,640,640,623,486,589
573,639,642,621,487,580
581,646,629,622,489,586
584,640,647,619,486,590
582,643,634,623,489,587
580,647,646,612,489,588
573,635,644,622,483,583
582,642,648,614,487,589
582,646,647,613,488,590
579,646,646,611,489,587
571,638,641,620,488,588
569,642,639,620,485,581
585,637,643,624,481,589
579,646,632,624,489,586
582,642,642,622,486,587
583,631,640,625,481,589
582,645,646,612,486,590
580,646,631,625,486,586
582,629,644,624,476,589
581,643,632,627,487,587
581,641,648,612,488,590
579,647,645,612,490,585
571,645,641,622,487,580
586,629,642,619,484,588
580,644,631,626,489,587
577,632,646,625,478,587
580,644,631,626,488,586
581,644,631,625,489,588
579,646,646,612,490,588
580,645,646,611,488,589
586,638,643,623,484,591
584,641,637,621,485,591
571,646,638,621,487,579
579,642,641,617,488,588
584,637,642,620,485,589
584,640,641,621,486,590
583,645,633,626,489,590
585,642,637,623,487,591
576,648,629,624,491,582
573,645,638,621,490,591
585,640,643,616,486,590
584,644,630,621,488,585
571,647,638,621,491,580
570,643,635,622,491,580
571,648,637,619,491,580
573,636,643,622,481,583
584,635,643,625,482,590
571,631,638,622,482,583
571,634,647,622,483,582
588,641,637,624,487,591
583,641,643,620,486,591
579,647,641,614,491,588
580,643,647,613,489,588
582,640,641,620,487,588
573,648,626,624,490,583
580,630,648,625,476,589
583,642,641,621,487,589
584,642,638,622,487,590
580,644,633,625,489,588
583,635,641,622,484,583
572,638,643,622,483,580
581,640,641,622,486,588
580,645,630,625,489,583
583,646,646,612,489,586
571,641,641,622,485,582
581,631,644,624,476,590
584,640,645,615,486,591
576,627,645,625,477,589
584,642,635,616,488,589
584,641,637,624,485,588
584,641,639,619,485,589
576,645,628,625,489,583
581,643,631,626,489,588
582,641,642,620,483,585
572,638,637,620,485,581
582,628,643,627,478,591
583,641,643,619,486,589
584,644,641,612,487,591
583,638,641,620,485,589
574,651,635,619,490,579
575,635,644,623,481,583
576,646,630,624,490,583
570,639,638,619,486,580
581,644,645,611,488,587
582,627,644,626,477,590
582,644,631,625,489,589
583,634,642,620,486,589
585,629,643,625,476,590
584,637,641,621,481,589
583,636,645,622,484,590
573,642,636,621,485,580
586,642,634,624,489,591
574,646,645,611,491,587
573,646,628,624,492,584
572,638,641,621,485,581
580,643,644,612,487,591
580,646,625,620,489,583
583,629,645,627,478,591
583,636,639,624,486,588
578,630,644,620,478,588
573,642,642,623,482,582
584,648,632,624,490,591
578,644,643,611,489,588
573,648,632,622,489,580
573,644,631,622,492,580
585,641,643,618,486,590
572,649,635,620,482,580
579,627,646,621,486,580
577,628,644,628,476,587
582,630,640,627,477,590
583,645,645,613,488,589
582,649,644,613,490,589
575,646,644,614,489,587
583,634,641,625,481,590
579,646,628,624,489,584
583,622,646,621,480,589
583,643,635,626,486,591
578,638,639,620,486,588
580,642,638,616,486,584
583,644,646,612,489,588
577,629,645,623,479,588
581,642,631,627,490,588
578,638,639,622,485,588
575,634,645,622,479,584
576,631,646,624,477,586
576,640,630,624,491,581
583,630,643,629,477,590
572,647,628,612,486,589
582,628,646,626,473,587
573,628,645,624,478,586
581,643,641,618,488,587
581,648,643,613,491,588
586,641,632,626,489,588
579,645,644,614,491,588
583,642,637,624,487,592
573,648,631,622,491,582
574,647,628,624,490,586
573,634,643,624,480,584
582,630,643,625,478,591
581,646,642,618,489,588
581,642,643,617,489,587
578,643,629,625,490,590
583,646,641,623,482,590
575,644,628,624,490,583
583,642,633,629,488,589
579,637,641,611,490,588
582,645,628,625,489,585
577,641,636,625,487,583
572,642,640,624,483,579
572,645,636,621,491,581
585,634,636,621,490,589
583,642,631,625,489,587
585,634,641,625,479,591
582,632,644,627,479,590
579,631,644,622,479,584
578,631,645,624,479,585
584,641,640,612,482,592
572,643,638,621,487,580
571,646,629,623,491,581
577,630,643,623,478,586
577,630,644,623,479,585
581,641,640,620,486,589
579,629,645,625,477,588
581,639,636,622,486,592
585,634,641,626,482,591
576,632,642,623,482,584
578,630,646,623,479,586
579,645,642,616,490,588
582,636,646,613,488,590
578,641,642,616,486,589
574,647,645,611,490,587
577,632,645,625,479,585
582,638,640,621,487,588
576,646,631,625,491,582
582,643,632,626,484,588
583,646,631,626,489,590
582,629,641,621,479,591
582,641,641,621,486,589
581,641,644,623,478,585
578,631,646,620,478,586
570,648,636,620,488,581
583,634,642,625,480,592
572,646,629,623,491,583
572,639,640,622,487,581
578,647,629,624,490,583
576,646,630,624,490,582
582,645,646,612,484,589
581,646,643,612,491,587
588,632,640,628,479,590
585,630,643,626,477,591
581,650,644,612,492,588
581,646,642,617,490,588
582,644,645,613,488,590
584,641,645,616,487,590
577,631,643,623,478,584
571,643,636,620,487,581
582,645,631,625,488,590
584,636,641,621,482,591
582,647,636,622,488,591
578,647,644,607,487,588
581,644,637,612,490,586
584,638,639,619,486,591
574,644,635,623,490,580
584,644,640,619,488,591
580,645,643,614,490,587
579,622,645,624,477,586
583,637,640,622,483,589
577,634,642,622,481,583
586,636,642,621,486,592
573,633,638,622,485,581
581,647,643,613,490,589
572,634,642,621,482,580
579,645,629,626,484,588
569,643,636,621,486,579
573,634,643,622,483,582
576,645,631,622,492,583
574,647,628,617,491,581
580,644,645,613,488,589
584,642,638,621,486,590
579,644,643,626,489,581
578,629,643,627,478,590
574,637,635,617,481,582
583,631,642,627,479,590
583,638,641,623,477,591
581,645,645,612,488,587
586,637,636,620,482,589
579,628,647,625,476,587
583,645,636,612,486,588
582,644,645,612,489,589
571,640,641,622,483,583
574,647,631,623,491,582
582,644,645,611,484,590
573,640,641,622,483,580
572,645,634,620,489,580
574,646,628,623,491,583
580,647,644,612,489,588
584,641,640,620,488,592
582,639,636,623,485,590
573,647,631,622,491,583
580,631,643,627,478,589
579,645,628,627,491,586
576,631,645,623,479,582
583,642,641,622,485,590
575,640,632,625,491,581
581,643,646,612,488,590
567,642,639,622,485,582
585,640,642,620,484,592
583,642,645,612,488,590
581,645,643,613,490,588
580,646,644,610,491,588
582,645,632,625,489,589
587,641,636,624,486,588
583,642,642,619,482,587
586,630,641,628,479,592
574,642,641,621,489,581
581,646,645,611,489,587
583,645,626,622,489,590
574,646,629,624,491,582
571,641,637,621,488,581
577,642,638,623,485,589
584,645,640,616,486,589
581,629,643,624,478,588
582,645,647,611,488,588
587,637,640,626,482,591
580,646,629,623,490,584
578,647,643,615,489,587
578,649,643,613,489,587
576,649,630,622,484,582
575,652,629,622,491,580
577,635,643,624,476,584
579,649,642,614,491,588
584,644,647,621,482,589
572,649,633,622,490,579
585,634,639,623,479,589
574,649,629,624,491,582
583,647,645,615,488,590
575,635,642,621,481,585
584,649,644,611,491,590
574,646,641,612,491,588
579,644,641,616,486,589
586,639,641,627,482,590
585,648,629,625,488,589
579,649,630,625,489,585
581,649,642,613,490,587
582,647,644,617,486,590
572,650,629,621,490,581
585,646,638,622,485,591
578,635,644,621,479,584
582,646,639,622,487,588
585,647,643,612,489,591
574,641,642,622,483,583
583,644,645,616,488,591
575,638,643,623,477,581
578,648,629,625,488,588
581,633,645,627,477,587
579,651,629,625,491,584
584,646,646,614,486,590
580,650,647,610,489,588
576,654,629,622,494,581
580,650,642,614,483,588
583,644,640,617,486,593
578,634,644,625,472,585
580,649,626,627,489,585
574,639,642,624,475,582
586,647,645,611,489,588
584,647,629,628,489,588
580,649,642,615,490,588
574,638,642,624,482,583
582,649,643,611,490,589
584,650,630,626,490,588
584,647,638,614,485,589
583,650,645,617,488,590
574,640,644,624,482,583
579,651,642,613,491,588
585,640,641,623,483,591
582,652,645,611,489,589
584,648,644,611,487,590
584,647,639,621,483,589
579,651,641,623,482,580
583,649,646,612,487,589
583,643,637,617,488,589
574,648,642,620,486,582
571,653,635,620,487,582
585,647,636,624,487,591
582,648,644,615,487,589
575,653,630,623,491,580
574,646,629,624,489,581
583,648,642,616,486,590
582,653,644,604,490,585
580,651,645,612,483,589
583,636,643,626,477,590
584,648,635,624,487,592
582,643,640,619,489,588
581,635,644,624,477,587
585,651,632,627,488,589
580,656,642,610,492,587
572,653,630,623,490,580
584,649,637,624,486,591
580,654,632,627,489,589
581,653,643,614,489,588
586,650,633,624,487,588
582,650,641,617,488,589
583,650,630,622,486,579
580,652,640,617,486,589
584,637,641,627,479,591
579,637,644,623,478,588
573,651,636,619,489,581
584,647,638,618,486,589
584,647,639,623,487,587
581,652,642,614,489,587
581,646,641,620,480,589
574,655,629,624,490,582
572,652,638,622,487,579
581,651,642,612,490,586
581,649,640,621,488,587
583,648,639,623,481,587
579,648,639,622,485,592
570,647,637,620,488,579
573,654,630,622,490,579
577,638,645,623,478,586
580,643,639,624,483,587
580,649,639,614,487,586
578,652,629,626,490,585
578,636,643,623,478,585
585,650,642,620,486,590
580,638,644,619,478,585
581,646,646,611,490,587
585,640,638,622,481,589
575,652,627,625,492,583
578,653,629,625,491,585
577,638,644,624,477,586
570,650,634,620,491,579
580,652,647,613,489,588
581,644,638,619,489,587
574,654,630,624,491,582
573,642,638,618,480,579
578,655,625,622,490,583
583,635,644,628,479,587
570,653,629,623,493,579
579,652,628,627,491,586
580,650,646,619,487,589
584,647,634,626,488,586
583,645,639,626,483,586
570,650,634,623,487,579
580,652,640,618,490,586
579,634,645,626,477,587
578,655,645,614,492,586
578,652,627,625,486,580
578,654,642,612,491,586
585,647,637,621,484,590
578,631,644,619,480,586
580,649,632,625,489,591
573,649,639,623,487,580
584,646,635,623,489,590
573,654,629,617,492,580
580,651,641,617,490,589
572,654,633,620,488,580
571,647,634,620,492,580
582,646,637,620,485,592
580,636,644,626,475,589
570,652,635,621,487,581
575,655,629,624,491,580
574,641,644,624,482,583
582,644,640,623,482,589
581,649,645,614,488,588
578,654,645,608,487,589
570,645,639,621,483,588
578,651,629,625,491,587
583,650,647,613,488,590
580,653,630,625,490,585
571,645,642,619,491,587
578,654,643,613,491,587
583,635,643,626,487,590
573,651,645,613,489,586
572,652,627,625,491,583
586,650,630,621,489,589
584,644,636,624,483,589
580,654,643,611,490,588
570,645,640,621,483,580
583,630,643,628,480,589
572,653,629,623,490,582
579,652,629,623,491,584
580,637,646,628,479,586
585,648,638,619,486,587
579,652,642,615,492,586
584,647,639,621,487,590
567,649,638,620,484,580
571,647,637,621,485,580
573,652,630,625,491,582
572,648,641,613,487,585
581,649,640,617,487,588
585,646,642,619,484,590
578,637,644,624,478,584
582,635,641,627,479,587
574,650,629,623,490,582
582,634,641,626,479,589
577,651,645,612,490,587
570,653,635,622,490,580
571,651,636,623,486,580
583,633,642,627,478,590
580,646,643,616,486,590
583,645,639,622,486,587
572,651,631,625,490,581
573,651,629,626,493,583
584,635,640,626,481,590
581,632,646,627,478,588
575,650,645,611,489,588
578,652,643,608,487,587
582,629,646,626,478,589
581,643,642,610,489,587
582,648,645,612,489,588
579,633,645,626,476,588
584,640,640,619,485,590
579,652,644,611,491,587
580,647,634,624,487,588
582,648,646,613,489,586
583,645,643,619,486,589
580,649,647,613,488,588
580,651,629,625,492,584
581,646,642,628,483,589
579,635,648,628,477,586
584,648,647,619,490,588
584,648,642,619,485,591
583,648,636,625,487,588
582,648,643,620,486,588
571,652,634,626,479,587
583,644,644,626,481,590
581,647,646,610,491,587
582,651,634,627,489,588
581,651,649,615,492,588
581,635,647,627,476,590
583,644,645,628,485,588
584,637,647,614,491,588
585,649,639,628,487,589
582,648,646,621,485,589
579,651,647,615,492,587
583,649,645,619,487,588
586,642,640,624,488,589
581,650,652,614,488,587
579,644,643,626,486,590
583,651,648,613,490,588
581,638,651,628,477,587
578,654,634,628,492,585
584,637,650,630,479,589
576,653,649,615,491,587
581,652,651,616,490,588
581,652,649,616,487,588
582,643,651,611,490,587
586,635,648,629,474,590
588,651,638,626,490,590
577,652,633,628,491,585
584,649,647,619,488,590
583,648,649,621,486,591
580,651,646,621,489,587
574,648,640,625,488,581
577,639,650,628,478,585
584,638,647,631,479,590
585,643,646,625,485,589
584,638,645,630,478,588
582,647,644,623,486,591
582,636,647,630,481,589
582,650,636,631,489,588
577,651,647,619,491,586
585,649,641,629,487,590
579,651,655,617,489,589
584,643,644,623,485,589
584,642,646,628,482,591
578,651,648,617,491,588
585,648,641,628,487,592
585,634,648,632,477,590
578,648,646,621,488,588
579,638,650,625,478,587
577,646,636,627,489,583
586,643,647,629,482,590
582,652,648,617,491,587
570,647,646,622,482,582
587,636,650,625,483,584
581,652,650,618,491,586
583,648,646,625,487,589
573,647,643,626,487,580
580,653,647,617,491,587
584,644,647,629,482,590
577,639,647,626,479,583
580,653,649,620,489,587
575,646,645,627,483,580
575,653,637,628,490,582
580,645,646,626,486,591
580,653,651,617,491,586
582,651,650,615,490,587
585,643,635,629,488,588
578,635,650,629,479,587
580,652,646,619,489,586
582,647,639,629,487,589
583,646,646,625,488,588
589,650,638,630,488,589
578,639,649,626,480,583
581,650,636,629,489,585
572,644,641,626,487,580
583,652,650,617,491,585
576,653,638,629,491,581
587,630,649,630,477,590
576,644,648,629,484,583
582,645,648,617,491,588
575,650,644,626,489,579
583,651,652,616,488,587
578,650,638,630,489,588
585,648,648,624,488,591
581,647,652,617,488,588
584,642,647,628,484,589
580,653,645,618,490,588
578,654,636,631,491,584
576,656,637,628,491,581
586,637,648,630,478,590
577,637,652,628,477,585
583,646,640,628,486,591
583,650,638,629,489,591
577,636,649,629,478,588
581,645,648,616,489,587
583,644,646,628,484,590
580,651,649,624,491,588
583,651,647,620,490,587
570,645,644,626,486,582
579,646,631,628,491,583
580,652,647,620,490,587
576,651,648,620,490,582
579,651,635,630,488,584
581,651,651,616,488,587
580,653,634,631,490,584
572,643,651,627,480,585
579,655,636,628,493,582
580,635,651,629,478,588
572,649,642,626,487,579
582,653,634,623,492,582
582,652,651,616,490,587
579,654,635,627,490,581
582,652,634,623,488,585
583,636,647,631,478,591
573,646,645,625,485,580
572,644,648,628,483,583
584,646,645,628,486,591
574,648,646,626,487,579
578,651,634,629,492,581
578,651,637,630,492,582
573,644,646,628,486,580
572,644,647,628,485,579
585,648,646,623,485,590
581,652,652,617,486,589
574,643,648,625,484,582
572,644,643,626,487,579
587,654,650,631,492,587
583,647,646,626,486,587
575,642,645,623,485,582
584,638,649,632,478,589
582,646,649,624,487,587
585,648,649,627,487,590
584,636,648,633,478,589
571,645,646,627,485,580
581,655,650,615,492,587
584,645,646,628,486,587
582,635,647,629,475,583
572,637,649,627,482,582
583,650,648,625,489,588
571,649,643,627,487,580
583,648,647,623,489,587
585,635,650,631,475,589
583,648,640,631,488,592
580,651,651,618,490,587
575,640,649,625,481,585
584,637,648,633,480,590
576,639,648,628,481,583
585,638,647,631,480,590
581,634,652,630,476,587
579,633,652,630,477,587
581,637,650,633,477,590
576,650,652,619,487,589
583,648,648,621,485,592
586,644,647,632,485,589
574,656,636,628,490,581
574,647,645,628,481,578
585,644,648,631,483,588
585,635,650,631,477,591
584,635,649,632,477,590
585,648,652,623,487,590
581,651,652,617,490,588
569,652,637,628,491,579
581,645,649,622,484,589
573,641,649,625,484,582
582,650,635,629,489,587
582,648,648,619,490,586
581,650,649,618,490,588
587,644,648,624,486,588
586,642,648,631,485,588
585,647,650,623,484,591
581,652,650,617,491,587
577,649,651,619,487,591
575,652,650,619,490,587
580,652,648,618,486,590
575,647,647,628,483,581
581,654,648,621,491,585
573,647,643,625,488,578
580,634,649,632,476,589
585,647,647,620,487,590
572,649,641,620,483,586
585,646,647,620,486,590
585,648,646,631,483,591
573,652,641,627,489,579
583,652,648,612,490,590
588,647,640,631,489,589
579,653,636,630,491,584
580,647,652,619,487,590
583,653,635,631,491,585
579,628,650,626,482,586
573,645,645,628,484,582
579,653,635,632,489,588
583,651,651,615,490,589
579,636,650,630,479,591
579,652,650,616,491,587
574,648,644,627,490,580
586,647,641,631,487,588
572,647,645,626,483,581
583,646,642,627,485,591
585,636,647,630,479,590
575,652,635,628,489,581
587,649,641,628,486,591
584,636,650,633,478,589
587,638,647,632,478,590
575,653,637,628,491,581
585,645,648,623,486,591
576,640,652,629,481,584
585,628,645,632,479,589
587,639,650,633,478,591
573,655,643,627,487,581
582,654,651,616,492,587
579,650,635,632,489,586
582,655,649,615,491,588
579,648,647,623,487,587
583,649,646,625,487,588
578,635,651,633,479,589
577,639,652,628,480,583
584,635,647,619,486,584
574,648,645,626,487,580
574,646,634,631,491,580
578,651,630,631,487,580
572,653,642,628,489,580
581,653,647,619,491,588
573,653,640,628,492,581
588,642,646,629,482,589
573,644,637,622,493,581
580,652,646,621,490,586
582,635,650,631,476,590
587,648,642,628,487,589
565,651,645,627,489,581
582,651,636,630,489,584
569,637,653,629,479,585
577,641,650,626,479,584
578,635,651,628,478,585
581,652,653,617,490,587
580,637,651,630,477,588
581,651,652,617,492,589
584,649,634,629,487,592
581,651,652,615,490,588
577,653,636,631,490,585
579,648,652,618,488,590
573,641,649,628,480,585
585,648,645,626,487,592
573,653,637,627,493,580
578,654,635,632,491,586
583,645,650,624,486,590
586,635,649,629,478,590
577,655,636,629,492,582
579,653,650,619,488,588
576,651,635,630,492,582
585,642,647,626,482,590
