=~=~=~=~=~=~=~=~=~=~=~= PuTTY log 2023.11.02 23:48:09 =~=~=~=~=~=~=~=~=~=~=~=
597,496,662,659,417,614
603,497,657,651,425,613
605,482,657,656,424,602
607,493,659,646,429,608
609,486,663,647,427,612
595,482,647,658,428,608
603,467,657,656,424,602
595,479,647,660,427,612
597,462,654,655,427,601
593,467,646,659,431,607
600,474,655,654,425,614
595,458,651,655,427,603
603,463,658,646,434,611
603,450,658,656,426,605
595,461,649,658,431,614
602,454,656,660,424,615
604,449,660,645,433,614
601,425,657,652,431,604
601,437,660,646,435,613
594,438,654,656,433,613
585,431,644,660,435,612
589,421,652,657,435,604
596,430,659,648,437,612
591,413,656,656,432,604
593,411,657,656,428,604
596,421,659,662,420,614
593,423,659,648,436,611
583,417,645,657,428,614
595,411,659,657,424,609
591,422,656,661,424,615
585,412,651,657,435,606
579,412,644,659,434,609
583,418,650,661,430,616
580,415,644,658,433,606
580,416,645,662,430,611
581,410,647,658,426,613
578,404,643,658,433,609
586,411,654,654,428,615
577,411,642,662,429,614
590,409,654,653,429,612
586,414,652,659,427,612
592,395,657,659,420,607
592,398,659,650,423,614
590,391,655,659,422,605
582,405,648,659,426,613
586,402,650,655,426,614
586,400,657,649,427,612
583,399,647,658,414,610
585,399,656,649,426,612
573,405,641,661,426,611
581,407,654,651,428,611
585,400,654,659,418,610
582,408,655,650,426,610
579,397,651,658,426,604
573,411,642,661,427,610
587,410,655,648,428,610
586,408,654,662,416,610
586,409,654,662,418,610
580,418,649,659,424,614
586,422,649,656,429,612
591,421,654,649,436,614
589,424,652,664,425,612
585,411,642,658,440,604
583,413,640,659,436,613
585,405,645,659,439,603
583,422,634,664,439,609
594,415,651,651,441,611
593,404,653,659,430,604
598,416,655,649,435,610
594,421,652,664,422,615
593,422,652,656,434,613
587,416,640,660,441,608
586,424,638,663,439,612
598,415,655,664,428,609
600,424,655,655,436,614
593,414,645,661,439,604
586,426,641,662,443,611
598,425,653,656,441,611
593,415,643,660,439,603
602,423,657,650,441,612
602,423,657,648,441,616
598,412,645,658,443,603
597,412,651,657,438,604
603,414,655,661,432,609
599,428,649,655,439,614
599,430,650,659,440,617
605,425,658,649,443,613
600,434,654,664,434,616
598,438,653,659,441,616
595,444,657,649,444,614
604,429,655,659,439,607
598,431,652,658,442,605
604,442,660,649,445,614
606,444,664,658,445,618
601,446,654,659,444,616
594,446,647,665,445,617
602,444,657,662,445,610
607,439,660,664,436,613
596,452,655,664,444,614
604,441,662,662,436,611
604,454,659,652,451,612
603,456,660,653,449,613
600,460,655,653,453,610
601,461,658,666,440,613
600,452,659,664,443,604
596,453,656,661,448,603
589,466,647,663,452,604
582,471,648,666,451,608
596,465,660,666,441,612
591,472,656,658,449,613
594,457,663,662,443,605
588,457,655,661,445,600
582,478,653,665,449,611
587,479,658,661,447,609
579,473,649,663,455,600
580,472,650,664,452,600
576,480,648,668,453,602
578,486,651,667,451,610
585,485,661,655,454,605
584,488,660,659,446,609
578,490,656,662,448,609
587,488,665,654,450,604
587,479,664,664,441,601
583,482,658,663,445,596
580,499,656,664,446,607
588,497,662,649,452,600
574,503,645,666,448,605
584,498,662,659,446,607
580,501,659,660,449,601
583,498,661,670,441,604
576,489,653,663,454,595
582,498,663,653,448,605
573,503,653,664,449,607
571,510,650,667,449,604
577,510,661,658,449,605
579,515,653,667,454,605
571,518,650,667,455,601
568,505,655,663,450,594
571,517,662,660,451,603
556,520,655,665,454,593
565,510,660,664,448,593
565,523,663,653,453,601
556,517,654,663,450,596
559,523,649,667,454,600
566,520,664,668,440,604
571,505,665,664,445,597
568,515,659,664,447,601
564,509,658,662,452,593
566,522,661,656,453,599
569,518,659,663,450,604
568,518,656,666,449,604
564,522,663,653,453,601
570,516,664,653,449,602
570,518,664,653,451,601
572,515,664,651,448,604
572,514,659,666,448,602
561,517,650,664,451,594
575,513,654,666,446,605
567,508,649,663,450,595
579,499,665,666,435,598
570,508,652,661,447,594
577,511,661,658,443,601
576,513,649,668,441,604
582,510,666,655,440,604
578,511,663,659,437,605
587,512,666,662,435,603
588,500,659,662,441,596
582,516,653,665,443,599
589,515,662,655,441,603
592,512,652,669,439,606
585,508,651,665,442,598
583,517,650,666,442,600
599,509,665,654,439,604
597,509,665,653,438,606
596,513,663,655,439,604
598,503,666,664,425,604
594,491,664,666,426,600
597,487,662,665,433,598
599,488,664,667,427,603
589,502,652,666,436,605
591,487,656,657,440,595
584,488,653,663,440,597
596,496,660,661,434,607
587,500,650,667,438,604
595,499,662,659,440,604
599,485,663,664,432,601
596,487,663,665,434,605
589,501,649,668,443,604
595,506,659,667,438,605
601,483,664,662,428,602
590,493,650,667,446,602
587,498,649,668,445,604
600,490,664,664,433,604
598,496,661,657,448,605
599,497,663,658,446,605
600,496,661,658,448,604
596,499,657,661,444,608
590,497,649,668,446,605
599,484,661,663,443,600
589,493,651,666,448,599
601,496,664,668,431,606
591,499,647,667,450,603
593,504,649,667,444,608
602,501,661,661,442,609
604,502,662,659,444,609
607,499,660,656,445,608
593,492,650,664,450,601
603,500,659,663,443,611
602,502,658,664,443,609
595,486,648,664,448,600
598,500,652,666,444,610
605,494,663,667,434,607
606,487,665,664,437,604
607,496,664,656,443,610
604,495,662,657,443,607
605,479,661,665,441,601
591,489,650,664,448,604
605,491,661,656,445,610
604,495,659,664,444,609
606,485,663,668,436,605
601,478,655,663,446,600
608,490,660,656,447,611
599,484,650,664,450,602
612,478,665,664,439,605
606,477,663,663,445,600
606,492,655,664,440,608
598,494,651,665,445,610
610,493,649,662,449,611
604,492,663,656,449,608
599,490,649,666,453,608
607,493,660,662,448,612
599,489,649,667,452,607
609,489,662,667,440,608
609,496,660,660,448,610
607,478,657,664,448,599
612,489,664,670,440,606
608,498,659,656,447,611
607,499,661,662,450,612
610,496,661,668,442,611
611,495,665,653,453,606
604,502,659,663,451,610
606,493,661,666,438,604
600,496,650,666,455,599
612,501,661,658,451,606
597,508,654,667,450,608
604,497,657,658,443,604
601,505,664,671,439,606
597,495,665,666,440,596
590,509,661,670,437,602
589,511,661,663,444,601
583,497,657,665,444,589
586,506,668,669,432,599
573,503,653,666,442,593
584,507,668,656,444,600
582,506,667,655,449,597
581,497,668,667,436,591
579,495,667,665,437,591
578,514,666,655,448,597
578,496,668,666,438,589
579,494,664,666,434,586
580,508,669,655,443,598
578,507,668,655,442,599
577,510,663,662,442,596
574,495,655,664,438,589
578,494,667,666,435,592
579,505,668,655,442,596
584,506,667,655,443,596
577,493,663,665,443,588
575,508,663,664,438,598
575,506,666,660,442,598
572,489,660,664,443,588
578,487,668,668,429,592
578,493,664,669,430,598
572,497,657,668,439,598
574,497,662,665,434,598
568,496,652,667,442,595
570,497,654,670,440,599
579,488,668,671,440,601
580,482,668,667,430,593
579,496,665,669,429,599
581,496,663,662,437,600
569,498,649,669,439,594
580,499,663,670,432,600
581,483,663,664,436,593
571,500,653,669,440,600
579,484,660,666,440,590
577,499,663,668,436,600
582,494,664,657,444,599
582,490,665,670,429,601
580,475,661,664,441,591
580,486,665,659,439,602
588,480,668,654,440,600
582,485,661,665,436,602
587,477,668,655,443,601
582,481,660,663,441,605
575,479,650,664,445,598
584,482,662,668,438,603
588,465,668,667,434,598
586,465,662,661,439,593
576,482,652,668,445,600
575,468,655,665,445,593
584,475,668,659,442,604
585,473,664,671,431,604
583,477,662,667,437,604
588,472,666,663,441,602
575,472,651,664,439,598
579,461,652,665,433,604
584,470,664,662,439,604
585,456,664,665,431,597
576,471,656,669,437,603
588,468,664,659,441,601
579,466,664,672,429,603
584,469,663,662,438,600
588,466,666,656,440,600
581,471,664,661,440,600
588,470,667,655,440,602
586,473,664,660,438,603
582,466,667,669,430,601
580,474,664,673,432,604
577,476,651,669,443,600
586,473,665,661,446,601
585,477,662,664,437,604
582,470,660,663,439,606
588,464,670,669,429,600
587,471,666,670,430,603
585,471,666,671,428,602
583,461,662,665,442,594
587,460,665,665,437,593
585,473,662,668,436,606
587,469,665,670,430,603
589,470,665,657,442,602
588,456,667,667,425,597
586,463,663,660,439,602
587,446,666,667,431,597
582,443,663,664,435,595
588,437,666,666,432,595
582,439,667,670,427,601
575,421,659,664,433,595
577,431,664,670,428,604
576,428,665,659,434,606
565,428,652,671,437,600
574,432,663,663,435,603
575,425,668,667,428,602
571,435,662,665,436,605
564,439,653,668,439,604
561,438,652,668,443,599
572,433,667,654,443,603
560,442,654,668,442,608
567,436,667,656,444,601
566,443,663,658,443,603
563,428,656,663,445,593
555,438,651,671,445,599
555,444,654,669,445,603
567,428,661,664,437,593
564,438,664,671,433,605
560,444,653,670,442,602
567,438,666,656,447,602
561,444,652,670,445,603
570,444,663,662,442,606
560,439,652,667,448,596
571,430,663,668,437,597
573,439,668,656,439,604
572,438,668,666,434,598
558,440,651,668,447,600
574,443,665,657,445,603
569,443,662,668,437,605
569,437,667,669,433,605
569,446,661,659,445,605
568,446,663,670,437,606
571,444,663,659,443,603
572,440,664,670,431,604
573,443,664,662,440,603
573,446,661,663,437,605
561,447,656,669,440,603
572,441,658,664,439,602
575,430,664,666,437,596
574,443,661,650,444,603
572,442,664,672,431,604
571,438,663,670,429,604
573,441,660,672,433,606
566,443,652,670,442,603
577,426,661,668,427,601
564,447,650,668,443,599
576,446,663,660,437,605
573,448,662,661,441,604
572,444,664,655,444,603
579,443,666,652,441,603
572,449,659,665,441,605
565,449,655,666,440,608
571,434,658,664,441,597
577,447,662,655,444,603
571,449,655,667,441,607
566,441,652,667,443,597
578,438,664,669,431,604
573,450,661,666,439,605
575,446,663,659,443,603
573,437,652,663,442,595
582,448,657,655,441,604
576,449,659,659,444,604
575,451,659,667,438,607
575,449,662,666,438,606
575,447,662,668,436,607
576,450,664,665,436,608
579,431,662,664,438,596
577,437,663,665,434,600
578,433,663,666,437,597
577,435,656,660,441,596
571,445,650,665,446,602
569,443,651,666,446,601
582,440,665,667,433,603
578,451,661,669,438,608
569,449,650,668,445,605
581,434,662,665,432,599
580,454,660,666,440,605
579,452,660,669,439,608
572,449,651,668,442,602
566,454,652,669,445,607
572,442,651,666,445,599
575,439,654,665,444,597
584,440,662,666,432,604
584,446,665,655,448,604
583,450,660,662,443,605
582,449,661,670,435,609
571,444,650,669,445,602
586,435,665,665,434,604
584,438,666,668,432,606
585,446,665,655,444,606
571,443,650,666,441,601
581,449,661,663,436,609
570,450,649,669,436,604
582,446,665,655,439,606
576,438,656,665,439,598
576,435,657,664,437,600
582,445,663,655,440,607
582,442,660,670,426,607
580,433,663,666,427,603
583,445,665,655,438,607
576,446,663,657,438,606
582,446,665,658,435,608
574,438,653,666,440,598
578,449,660,669,429,610
576,447,659,670,434,609
576,451,658,663,432,611
579,435,664,665,429,605
569,450,650,668,442,605
569,449,649,668,440,605
579,432,661,665,436,598
569,451,652,668,442,607
571,435,648,665,444,600
573,451,652,668,440,610
580,436,660,665,434,600
582,440,663,670,432,606
573,450,656,665,437,610
576,449,660,660,446,606
578,435,662,664,438,599
578,452,660,659,444,606
582,451,656,659,439,607
570,455,653,667,440,611
575,457,658,664,437,612
568,456,649,668,439,605
569,445,655,664,441,600
576,446,659,664,436,600
576,454,662,669,428,609
575,449,662,665,431,604
577,449,664,668,429,604
576,456,657,659,435,610
575,465,661,660,436,608
567,467,652,663,437,613
564,456,648,665,441,599
569,465,651,668,440,610
567,469,652,667,443,613
561,467,648,667,444,605
566,468,646,667,443,608
572,468,659,671,438,609
564,467,648,667,444,603
577,468,664,655,443,609
574,469,661,659,443,611
567,459,650,665,447,600
575,469,660,660,444,610
566,472,649,667,444,607
578,461,663,669,436,609
563,467,646,670,448,603
565,459,645,667,443,602
573,467,660,656,449,608
577,465,662,654,449,607
572,467,658,663,443,612
567,471,650,667,446,609
576,456,663,666,437,605
577,453,661,664,441,601
571,455,656,664,446,601
573,455,663,666,437,603
565,468,648,667,448,606
569,454,652,663,446,599
577,458,661,654,448,610
567,470,650,667,445,608
566,465,647,667,448,603
573,468,659,668,444,609
573,469,657,662,444,612
575,462,663,668,437,610
571,455,655,664,442,600
565,470,647,667,449,607
574,467,659,666,442,611
578,465,662,654,450,607
577,459,663,668,437,605
579,453,664,667,436,608
579,453,663,665,439,604
567,460,650,667,448,604
575,468,655,665,440,610
574,467,659,668,443,611
574,469,656,665,444,609
581,452,662,665,441,601
564,457,648,668,451,601
568,460,649,664,450,602
575,468,659,660,445,608
579,465,663,653,449,609
571,456,653,666,451,600
576,468,659,670,438,612
574,467,656,663,445,612
569,463,646,669,443,610
579,466,662,655,450,608
578,465,659,654,450,608
577,466,659,661,448,608
579,453,663,668,437,607
580,462,661,653,449,606
583,465,661,660,448,611
576,468,652,662,452,609
570,457,649,665,452,608
580,461,663,669,437,610
572,461,648,670,452,603
575,457,653,666,453,598
571,470,652,668,451,609
582,468,660,657,452,608
573,467,648,668,451,609
582,452,661,664,445,601
578,468,653,664,448,609
582,470,658,662,454,610
580,471,657,665,445,612
582,452,660,665,449,601
582,469,659,659,452,609
573,456,655,663,452,602
585,456,664,667,444,607
581,471,656,667,447,609
577,469,660,658,453,608
584,455,660,665,444,604
581,470,660,667,448,611
584,467,661,660,450,613
584,464,661,656,457,609
577,456,656,664,453,600
580,468,660,659,451,611
586,456,662,665,446,607
577,471,649,666,454,613
581,470,656,663,452,612
571,462,650,664,457,602
588,463,660,670,444,610
578,466,647,665,454,604
576,468,647,666,456,604
586,471,661,657,451,609
579,472,651,667,454,611
586,457,661,659,449,600
587,471,660,663,453,611
583,458,655,663,451,603
589,472,662,657,454,610
583,472,655,664,450,615
590,463,665,667,442,609
588,469,660,661,451,614
583,460,657,665,451,603
591,468,664,658,449,613
578,463,652,667,455,606
590,471,661,665,445,614
576,468,649,667,453,609
594,471,662,660,451,611
591,470,662,662,449,613
585,472,657,666,450,614
591,471,660,664,444,613
594,467,668,659,452,613
595,455,660,666,442,609
591,467,665,660,452,615
594,463,667,654,454,613
585,460,656,664,451,602
594,467,662,668,443,613
584,471,655,667,453,614
592,470,662,662,454,612
591,460,657,664,443,611
593,470,663,659,454,613
583,459,654,666,454,604
593,464,665,670,441,611
588,469,662,665,452,615
582,459,657,664,451,603
580,456,652,667,455,610
592,459,667,668,433,611
588,467,660,666,448,616
587,468,658,666,450,615
591,466,665,657,451,610
579,468,653,670,448,614
581,464,652,666,451,607
586,469,662,664,447,611
580,464,651,668,450,610
586,469,658,668,448,611
589,469,662,660,448,611
588,468,661,663,448,612
592,462,667,655,450,609
593,460,668,655,449,613
591,458,667,669,439,609
592,463,667,656,453,611
592,460,664,670,440,613
591,463,664,657,452,611
588,462,667,655,452,613
594,458,668,657,449,613
591,461,666,670,442,614
593,451,667,667,444,607
580,467,654,670,450,612
595,464,668,657,451,612
589,467,663,666,449,614
590,466,662,663,445,617
580,464,653,669,452,611
589,450,660,665,451,603
590,463,662,670,440,614
588,463,663,668,438,614
592,461,668,653,452,610
587,449,662,665,450,603
592,459,666,655,452,610
594,460,666,659,448,612
587,448,659,667,448,602
592,460,667,655,451,609
589,460,665,657,451,610
585,448,659,665,451,602
588,459,663,665,451,609
589,459,664,670,441,614
584,460,651,669,454,608
590,463,662,667,446,612
591,458,663,657,454,610
594,449,666,666,445,606
596,461,668,657,450,614
591,462,663,668,448,614
591,460,665,657,455,611
579,458,651,668,454,607
587,462,660,666,448,616
587,463,661,664,449,611
593,457,668,656,450,614
591,442,661,662,443,604
585,462,657,670,450,613
589,463,662,658,454,609
594,459,667,658,452,612
583,454,652,667,453,605
592,460,665,657,455,611
582,465,651,668,452,612
592,462,662,664,451,613
599,457,668,655,450,612
600,462,667,659,453,614
597,456,665,670,436,614
596,459,667,657,446,615
591,465,654,669,447,616
593,447,655,665,446,603
601,447,666,667,439,609
591,465,662,667,444,612
602,462,669,661,444,614
595,450,657,664,444,603
597,462,660,666,438,613
598,463,661,666,440,613
604,455,666,668,433,611
600,459,664,670,434,613
601,460,663,669,434,616
606,451,666,665,431,609
603,463,662,660,439,614
593,462,649,669,443,610
597,451,660,665,441,603
604,464,663,670,431,614
597,462,651,665,445,608
607,457,663,667,431,612
604,470,662,670,437,615
606,463,667,668,430,610
608,469,664,655,445,610
598,463,656,666,441,604
605,474,664,662,439,612
604,475,662,662,444,611
595,471,652,666,441,605
607,478,664,658,443,611
604,481,662,666,435,605
595,480,652,668,442,605
609,478,657,665,438,601
608,469,668,666,422,610
606,480,666,655,441,607
598,487,652,669,432,611
608,477,665,670,425,609
596,481,651,669,442,600
605,488,664,664,427,609
608,487,665,656,440,606
599,481,651,670,437,601
610,482,666,670,424,606
599,493,652,669,435,604
607,491,664,670,427,606
610,493,663,667,430,599
597,492,652,668,436,599
611,484,653,665,438,597
608,493,663,658,435,603
601,497,659,665,434,604
611,490,666,668,426,603
612,492,668,657,435,604
609,496,660,658,433,605
608,495,664,667,422,606
612,495,666,652,433,604
603,499,654,668,433,605
610,495,665,667,423,604
606,487,658,663,433,595
607,502,663,663,428,604
613,496,666,652,431,604
610,495,664,655,431,603
601,491,653,664,436,597
610,493,666,666,424,605
606,499,659,662,433,607
611,498,665,651,437,603
606,502,661,661,433,607
611,497,663,666,426,606
609,503,661,662,431,607
605,502,657,662,434,607
613,498,666,653,435,605
612,490,666,663,433,608
614,494,666,649,434,602
607,503,662,668,426,604
599,496,651,663,438,594
611,497,667,652,436,602
609,489,664,664,428,598
604,490,659,662,435,593
606,501,661,668,433,602
603,498,666,652,436,603
590,503,651,667,438,599
598,502,653,666,436,604
606,485,662,662,430,593
597,502,653,665,435,601
606,492,665,668,428,600
599,499,662,662,438,600
594,487,655,660,440,592
596,497,661,667,434,600
600,481,665,664,434,590
584,489,649,666,444,591
597,498,662,657,441,595
587,498,650,667,442,595
585,494,651,667,445,590
587,498,656,665,443,593
593,496,661,660,443,596
597,491,666,667,435,593
594,497,666,651,447,591
595,494,651,664,450,587
590,507,661,663,441,594
589,506,661,659,449,589
580,501,653,663,450,586
580,506,649,664,452,587
590,510,664,667,438,593
591,512,660,663,448,596
588,519,649,667,451,590
577,512,654,664,453,584
588,505,659,661,450,584
593,515,662,668,445,595
595,512,662,670,441,593
593,521,663,670,447,595
595,529,653,666,452,595
587,534,652,668,451,596
585,532,658,663,456,596
591,537,650,667,456,591
599,534,658,668,452,588
600,537,654,666,454,598
595,540,662,656,457,595
599,536,662,660,447,595
601,530,664,666,446,596
600,537,654,663,448,596
596,525,664,664,445,593
598,535,661,661,450,597
600,536,665,655,452,595
590,539,658,662,452,587
602,537,663,658,451,597
603,528,664,668,445,596
597,542,665,654,457,596
595,529,667,663,445,591
596,529,665,665,449,594
591,539,664,668,444,597
600,544,653,667,455,595
604,538,662,669,447,598
602,543,668,655,455,595
592,546,658,663,457,588
601,533,665,666,443,596
603,543,664,665,450,595
596,553,664,656,459,592
600,538,665,669,449,591
600,557,664,658,466,590
602,546,664,668,456,592
591,565,652,665,470,587
593,564,652,666,470,584
603,549,655,664,472,580
603,550,664,665,462,589
596,551,666,664,462,584
601,567,664,655,473,588
601,562,668,658,470,588
604,564,659,662,470,588
600,561,662,667,467,587
600,564,661,657,473,585
598,567,664,660,473,583
598,567,664,653,474,584
598,567,666,651,474,585
600,559,660,658,475,585
604,552,664,666,465,588
605,561,659,662,470,589
601,550,667,665,459,586
602,563,652,666,471,589
605,561,664,657,466,590
609,555,664,663,464,585
608,563,662,658,463,593
599,560,661,662,467,583
607,562,659,664,464,593
596,570,655,662,470,585
610,564,667,653,466,593
600,559,663,662,458,585
606,560,661,666,456,594
613,563,665,658,460,596
613,552,665,669,451,593
601,566,659,661,461,587
614,553,667,666,451,597
605,563,657,661,462,587
611,551,664,666,449,596
615,555,664,665,451,599
612,563,651,666,464,595
608,570,652,665,463,593
617,564,654,665,461,599
618,563,657,664,460,602
614,553,663,664,450,597
620,555,665,663,453,596
620,557,661,661,458,605
611,548,664,663,451,595
620,550,662,654,458,595
609,558,654,663,457,606
624,555,666,655,454,604
607,556,657,659,448,595
611,556,651,663,454,598
622,553,664,656,451,603
622,548,664,662,447,608
620,546,664,663,448,605
607,550,652,658,449,595
615,530,665,666,436,607
617,538,664,657,446,608
608,540,655,664,451,599
617,539,666,651,450,604
612,538,655,665,449,601
620,536,654,665,448,607
616,523,665,667,440,602
622,539,668,653,448,605
623,524,665,659,440,600
609,533,656,661,451,597
618,536,665,652,451,603
611,519,665,657,438,600
618,517,666,665,441,602
621,525,664,659,445,608
614,519,666,663,448,598
612,514,666,663,446,599
612,523,663,665,457,601
620,520,663,665,453,605
614,522,665,650,457,604
619,519,652,665,456,609
619,507,664,663,448,601
622,525,656,661,459,596
620,524,650,663,457,600
618,527,665,653,456,604
619,527,651,662,457,599
619,519,665,649,458,604
619,524,662,659,456,605
621,519,659,658,453,605
621,522,655,666,451,610
622,522,667,652,455,605
621,518,661,667,451,607
622,522,658,663,458,600
621,527,660,656,458,604
614,520,660,667,448,608
621,526,664,659,453,606
619,532,653,663,454,594
620,527,668,653,455,606
614,525,659,662,456,597
618,514,665,664,446,601
617,531,666,651,456,606
619,530,660,654,456,605
620,531,661,659,456,605
613,524,666,662,452,600
622,518,665,667,446,606
616,518,667,664,449,601
619,531,664,660,453,604
618,528,662,663,453,605
620,530,654,664,454,604
619,529,663,663,453,606
621,528,663,659,455,606
618,517,668,666,445,603
616,532,665,651,454,603
621,523,662,659,446,606
621,517,666,666,448,606
618,531,661,666,452,604
620,529,665,651,462,604
611,524,655,660,468,595
623,512,665,665,454,601
619,524,654,664,461,607
609,519,660,662,466,597
612,522,658,661,463,596
621,525,668,651,465,605
625,516,662,662,457,607
623,522,662,656,465,595
622,514,660,666,455,608
616,505,655,662,472,596
628,493,665,663,458,601
627,504,651,666,467,606
617,498,666,652,461,607
631,500,665,652,463,607
629,503,661,662,455,611
632,500,667,652,460,610
632,500,664,665,448,610
630,507,664,656,460,609
625,504,654,662,460,614
630,508,663,654,456,609
633,497,668,664,447,608
629,493,665,664,449,604
634,501,667,653,456,612
632,500,665,654,460,610
624,501,654,665,458,610
626,486,659,660,457,601
632,494,660,663,449,610
622,489,652,664,462,603
626,496,652,665,460,610
631,491,664,667,447,612
622,481,657,664,457,603
630,497,664,665,450,612
620,494,653,665,461,612
631,494,663,658,461,607
631,492,662,663,450,610
624,487,651,664,462,605
631,492,662,656,456,611
632,481,658,661,460,601
620,495,650,666,462,610
622,495,662,658,459,612
621,496,647,665,462,608
630,494,661,669,458,612
633,493,663,669,449,612
623,496,650,665,463,607
631,499,661,660,457,615
634,486,665,664,453,607
631,501,666,658,459,612
622,499,667,650,463,610
633,503,653,663,464,603
633,502,666,660,461,612
626,495,661,660,455,611
631,491,659,668,456,612
622,502,661,660,460,614
632,502,656,664,465,602
625,496,662,657,462,610
627,491,657,661,465,600
624,488,663,667,449,610
622,488,665,668,453,610
622,476,661,663,458,601
613,483,655,663,453,603
617,477,662,663,459,601
617,491,663,661,458,607
616,486,664,652,459,610
607,480,666,652,459,602
599,479,650,665,460,601
606,479,663,668,449,606
594,481,653,667,458,607
598,472,662,668,448,606
590,474,660,663,456,604
587,473,662,664,451,602
585,463,667,666,446,599
577,471,660,664,446,591
577,472,651,668,454,595
565,471,651,666,451,598
569,465,668,655,449,594
563,458,663,666,443,592
559,452,659,662,444,583
555,457,661,663,441,590
547,450,663,655,450,590
549,460,664,668,437,590
542,463,655,665,436,589
546,448,664,654,446,585
534,461,651,667,443,585
541,463,663,667,436,585
531,461,662,665,437,585
537,450,661,668,432,589
533,443,661,666,446,575
531,448,658,664,448,576
534,463,653,668,448,584
536,456,667,655,441,586
534,451,667,669,435,581
532,444,666,667,437,577
535,452,662,672,441,584
523,457,653,669,448,579
529,450,654,666,449,573
537,445,668,666,439,575
532,458,662,663,444,583
530,462,663,660,445,580
530,459,661,666,444,580
537,457,667,655,447,578
522,460,652,669,449,577
524,456,653,671,448,576
537,456,667,655,450,580
533,455,660,660,447,576
523,458,659,664,450,571
532,445,663,664,449,572
536,459,664,659,446,582
536,458,667,668,443,573
537,458,667,657,451,579
532,456,665,656,452,578
538,445,662,665,448,571
540,458,663,662,446,581
547,457,668,656,448,580
549,441,668,666,439,577
546,450,667,669,437,580
538,439,653,666,443,571
539,460,660,666,445,584
534,459,652,665,448,580
534,450,651,666,449,574
542,459,667,655,449,581
541,448,656,666,448,575
547,460,665,660,444,582
540,450,659,664,445,574
547,455,669,656,446,583
547,460,664,660,448,581
548,460,651,669,447,581
551,452,664,656,441,578
543,461,657,668,439,586
543,463,654,669,444,584
555,461,669,662,441,586
552,461,668,658,441,588
557,460,667,656,440,587
556,460,664,661,434,589
550,466,660,666,438,591
558,460,667,656,437,583
559,454,666,668,432,582
558,459,666,663,437,591
552,450,666,666,429,581
561,462,668,656,442,588
558,462,666,670,428,591
560,463,668,655,441,590
559,462,662,670,423,596
568,465,670,656,431,596
570,459,667,666,420,594
570,478,664,662,427,602
566,484,654,667,425,604
578,477,670,667,416,601
582,483,668,668,416,601
580,499,658,664,426,600
583,502,663,658,428,607
590,501,668,657,424,608
583,510,662,665,425,610
595,495,667,666,417,604
600,507,665,655,428,608
596,513,667,656,426,609
598,498,668,669,416,610
600,499,663,664,423,602
596,496,663,665,420,603
601,508,667,654,429,609
599,511,668,664,420,606
600,497,666,664,426,602
599,513,652,668,428,608
599,514,663,656,428,609
604,515,665,668,417,611
600,510,668,654,429,608
603,513,672,653,428,610
596,504,659,664,431,601
600,508,666,658,430,607
606,509,665,656,431,608
608,498,667,664,422,604
613,513,652,670,426,608
607,512,653,667,427,606
612,514,661,666,425,609
611,501,666,665,422,600
610,515,666,655,430,603
611,512,663,670,416,605
613,510,667,667,417,603
620,513,664,664,423,609
615,500,666,666,420,601
616,511,653,665,426,605
613,500,667,667,417,600
611,516,663,654,428,603
605,503,650,668,427,600
617,496,667,663,413,601
607,500,654,666,428,597
618,507,664,661,425,609
615,506,665,661,425,608
604,497,653,668,431,599
606,505,668,669,417,603
612,504,662,668,428,608
611,494,665,671,419,606
606,485,661,666,432,596
609,496,668,659,433,605
597,495,652,669,434,600
608,492,652,670,440,596
606,491,667,670,428,601
603,481,667,657,442,599
608,492,667,654,441,598
606,477,667,656,442,598
608,481,665,669,432,598
598,496,664,660,441,601
605,478,665,667,435,594
604,480,665,665,436,595
599,483,652,669,444,594
600,495,649,666,440,604
612,489,667,655,441,599
601,484,655,665,439,593
604,491,665,655,437,599
595,486,666,666,424,598
585,478,659,664,432,591
583,478,656,663,435,589
574,490,663,661,436,598
573,492,652,667,432,600
580,488,662,657,432,599
572,485,662,668,428,597
570,486,651,669,437,595
559,480,651,665,440,588
556,475,652,666,441,588
552,483,668,656,437,595
555,475,653,665,440,585
560,475,659,663,439,588
548,479,653,666,443,587
549,489,652,663,437,592
549,486,665,659,441,591
537,485,650,667,441,588
543,488,658,665,437,595
544,486,662,665,438,592
534,476,655,664,441,582
538,492,661,667,438,592
539,469,665,665,436,586
538,481,667,656,441,592
538,470,666,666,433,584
534,484,662,660,444,590
531,483,662,665,442,591
534,480,663,661,440,592
525,468,649,668,444,584
537,463,667,667,437,588
530,463,655,666,450,582
535,472,666,666,438,590
531,466,656,665,452,583
534,475,652,671,448,588
539,463,655,668,448,594
540,470,664,668,448,590
536,458,667,669,437,592
540,454,665,666,438,588
537,475,654,670,445,591
546,461,661,660,449,592
543,472,651,666,442,586
550,457,666,667,428,593
544,473,661,662,434,596
539,475,657,665,436,588
550,471,663,659,436,599
541,468,668,667,441,593
550,478,666,655,438,597
552,476,662,667,431,600
548,475,653,670,437,598
559,477,668,655,436,600
566,476,663,662,432,606
563,464,661,664,435,597
573,480,665,655,437,603
581,469,668,653,436,598
584,483,662,661,432,610
587,469,662,660,434,608
585,487,656,666,429,609
589,472,665,653,435,607
592,485,665,652,435,608
580,491,653,662,435,611
590,486,666,650,435,608
590,490,662,659,433,612
585,478,656,660,441,601
593,487,665,649,438,609
581,485,666,651,434,612
584,487,650,665,439,610
591,481,664,652,441,609
596,483,656,658,439,600
590,485,656,659,437,615
582,479,649,664,442,606
582,481,649,665,443,608
595,466,656,660,442,601
587,469,651,660,445,602
591,472,662,664,433,613
597,458,663,661,435,603
585,467,663,659,442,613
595,457,663,661,435,608
589,472,656,662,443,613
595,472,660,664,440,611
585,462,649,664,448,602
599,458,659,658,443,601
598,462,663,664,435,607
595,471,649,666,448,611
587,467,650,663,447,603
600,471,664,649,446,610
602,468,665,654,446,611
597,474,660,660,443,600
598,468,661,653,447,607
590,463,660,661,447,605
602,468,659,664,434,610
602,458,662,664,436,605
601,467,659,655,443,611
587,471,648,661,447,602
586,464,651,661,448,602
589,461,660,660,448,602
589,459,660,656,447,607
595,467,649,655,444,608
589,472,661,664,439,611
593,465,650,663,448,602
581,475,652,663,440,610
587,476,657,657,446,610
591,471,649,665,445,608
588,476,659,664,436,608
589,463,656,660,441,600
584,476,659,655,439,610
578,479,653,664,443,610
571,474,660,661,440,600
585,468,663,664,434,606
578,464,664,664,434,608
584,472,664,649,447,606
584,473,665,655,445,607
583,474,665,651,448,606
575,468,659,664,435,609
583,479,666,652,446,610
577,482,647,662,444,611
588,475,664,649,446,608
588,472,666,665,432,609
590,480,660,664,432,602
594,475,666,665,433,611
591,477,648,661,437,609
592,479,644,660,442,607
594,467,664,663,433,608
593,466,659,665,432,611
597,478,665,650,444,610
586,478,648,665,443,608
584,480,660,661,444,604
596,484,658,664,439,615
599,479,665,651,448,611
597,484,646,665,436,614
601,481,664,663,448,616
598,482,660,654,445,613
589,470,649,659,452,605
592,485,659,658,447,614
588,480,661,662,449,610
597,466,661,661,451,605
589,475,662,661,440,607
588,482,662,665,448,614
589,480,647,662,449,610
598,478,656,662,439,615
601,473,663,663,436,613
600,473,661,645,447,611
598,476,659,661,450,608
594,474,650,658,444,603
589,469,657,657,448,604
598,463,657,661,445,610
589,447,662,661,447,604
601,444,662,662,435,606
590,442,648,659,450,599
597,445,658,659,445,597
598,447,658,660,433,604
586,450,648,661,448,594
594,455,659,652,444,599
584,458,644,658,441,602
584,468,649,664,443,600
598,467,663,664,443,600
600,473,664,650,443,600
590,468,656,662,443,591
593,483,661,651,439,597
595,472,662,662,436,597
595,483,660,652,438,595
591,488,655,662,437,597
595,490,661,655,433,594
594,491,660,662,440,585
588,491,654,663,439,592
596,496,654,664,439,593
582,496,652,665,440,586
595,503,665,661,443,580
603,512,649,664,443,587
597,501,661,662,445,580
591,519,653,665,444,589
589,519,658,662,440,590
604,524,664,666,435,591
596,523,660,660,442,586
597,532,652,651,446,583
590,537,644,663,447,582
595,540,657,662,439,587
598,539,666,656,448,585
584,545,657,667,441,586
594,544,665,664,450,586
596,532,662,666,448,590
585,548,652,664,444,582
595,532,649,656,457,586
584,546,650,665,457,587
590,544,667,651,460,588
576,537,658,662,460,577
585,524,664,666,452,587
583,534,666,652,455,588
576,521,650,666,459,587
571,533,656,663,472,580
570,523,659,660,469,582
583,516,661,663,474,582
585,523,660,661,471,592
573,528,650,664,476,586
577,525,662,654,475,587
576,509,656,651,476,591
585,512,664,666,467,592
578,524,650,664,478,585
575,526,650,663,477,584
588,524,665,651,473,591
592,528,663,654,474,588
586,520,663,663,464,586
598,518,662,650,473,589
597,530,664,656,466,596
593,536,645,660,470,587
601,529,659,659,467,584
599,533,650,662,470,587
599,519,665,664,459,591
598,537,663,657,466,595
603,534,666,657,466,595
603,534,658,662,471,589
598,537,657,657,470,597
591,534,649,660,471,589
595,522,664,661,463,600
601,504,663,664,466,602
595,492,663,666,454,602
584,487,663,662,461,593
595,474,664,663,461,604
586,454,656,663,464,597
592,455,659,657,462,608
591,458,661,665,459,609
597,443,663,662,454,602
593,439,663,663,459,597
587,450,650,667,461,606
586,445,650,667,461,608
593,444,657,665,453,610
596,433,651,663,449,601
593,439,660,663,458,607
594,436,662,653,460,609
596,436,662,660,456,610
594,433,662,658,453,612
593,432,657,663,455,609
596,419,663,666,442,607
592,420,648,651,454,607
592,415,657,651,449,613
596,400,663,665,438,613
589,410,658,660,439,613
593,392,663,664,435,605
595,381,662,666,439,609
593,388,655,658,436,613
595,372,655,662,431,605
588,389,652,656,435,611
596,387,659,653,434,612
596,392,641,663,437,602
597,397,652,655,438,609
599,401,653,666,428,612
592,395,647,663,438,601
597,405,635,656,440,610
584,405,637,656,444,607
583,408,636,662,449,604
584,408,651,666,436,612
597,414,652,655,448,613
591,419,644,658,450,612
585,409,640,661,455,603
590,419,646,666,440,614
587,408,639,663,447,614
578,425,630,663,461,611
580,427,630,664,459,617
579,410,636,659,460,604
576,410,627,662,456,604
589,419,640,662,451,612
590,425,632,651,456,611
579,428,621,663,465,614
581,428,632,658,461,615
589,422,637,649,464,614
587,425,634,650,462,608
588,415,635,660,455,615
581,427,623,647,465,612
591,424,636,660,466,616
591,419,635,660,455,614
580,429,620,660,462,613
580,429,621,657,458,609
579,428,625,657,464,617
593,424,634,657,467,615
584,428,624,658,463,607
588,415,630,661,468,616
588,428,636,662,469,611
590,415,633,659,457,611
581,423,623,660,470,607
594,420,639,662,459,611
586,432,634,657,467,619
581,437,624,661,471,613
596,431,647,653,468,615
589,424,641,655,472,616
592,423,642,661,460,608
598,433,646,659,468,615
598,434,649,664,463,608
600,436,649,664,463,607
601,444,648,664,466,616
602,449,650,664,467,616
598,442,647,654,467,607
598,456,649,664,468,613
611,452,643,664,470,606
601,462,645,665,470,605
609,458,655,653,465,604
601,463,644,667,464,613
611,456,654,666,448,615
607,466,655,669,455,614
600,466,643,668,461,615
598,457,656,668,447,612
609,465,652,666,459,606
606,467,649,665,452,614
616,461,660,655,451,608
617,463,659,655,457,615
609,463,645,667,457,604
616,473,660,653,460,612
616,483,656,665,457,615
611,471,647,663,463,606
612,488,657,669,449,613
620,487,660,655,459,611
617,489,657,669,447,614
616,486,654,668,451,614
616,491,656,663,455,611
621,487,657,669,444,609
619,490,657,664,448,609
618,485,655,666,442,608
619,466,658,651,448,597
622,464,662,665,431,601
617,460,653,663,444,597
622,470,657,664,430,599
614,458,658,662,434,589
620,469,660,653,441,598
625,465,660,669,427,596
624,470,659,659,429,599
621,458,658,665,429,588
624,465,659,654,439,595
621,452,654,665,438,590
623,467,656,661,434,597
620,468,657,662,435,597
627,468,656,662,435,596
625,467,657,666,427,599
622,477,650,663,439,600
626,471,657,659,435,592
623,475,657,654,442,598
624,470,658,652,438,598
623,473,659,654,441,597
622,476,662,658,437,597
612,473,644,667,441,590
618,462,653,663,437,584
613,472,662,653,435,594
616,464,651,659,432,587
623,472,662,652,436,597
611,468,650,660,433,587
620,461,658,665,425,594
607,468,646,660,437,590
617,469,661,654,430,588
606,478,644,663,438,594
610,475,659,663,428,597
611,473,657,664,428,597
613,476,655,664,431,596
612,474,658,655,436,594
601,467,645,659,441,587
606,472,652,660,436,594
607,457,657,658,433,583
607,474,658,656,436,592
610,473,658,665,429,591
603,476,650,660,440,589
610,473,657,654,437,592
606,473,655,656,441,593
597,478,662,649,446,589
607,464,660,659,437,583
599,478,645,664,448,587
605,476,657,663,436,589
609,481,658,658,447,590
598,482,645,665,445,587
612,478,645,665,448,589
609,481,661,664,436,595
610,484,662,650,450,588
599,497,647,664,449,592
609,495,660,653,451,590
609,494,660,666,438,597
610,491,662,666,437,595
601,494,647,664,451,595
600,497,646,663,454,595
608,487,661,663,448,589
610,500,664,658,450,597
602,499,662,650,442,598
614,500,662,651,453,594
612,503,661,653,452,599
613,502,662,652,455,595
611,506,656,662,456,596
606,505,659,656,453,595
599,495,662,661,451,590
602,502,660,660,461,585
607,512,656,663,456,595
606,517,662,651,467,594
602,522,659,660,472,594
597,509,660,661,475,586
593,527,649,661,484,585
601,520,658,664,471,588
601,522,652,659,482,593
605,517,662,662,476,586
600,524,660,652,488,594
591,520,659,659,483,586
592,519,658,657,483,596
597,512,661,663,483,585
600,525,660,660,489,592
601,521,658,657,487,593
598,524,660,650,488,593
590,526,661,658,484,594
599,520,663,652,486,594
589,526,656,661,489,585
600,525,658,655,488,592
596,528,660,654,487,596
599,523,656,658,487,595
586,524,660,656,489,592
587,513,660,650,492,592
597,524,662,655,485,595
596,523,650,663,488,596
592,512,661,665,476,592
589,527,647,666,491,592
592,524,649,664,490,598
592,528,660,651,489,596
582,530,647,658,494,587
586,515,661,668,489,592
582,520,661,657,489,596
576,532,649,663,495,587
588,527,659,664,491,595
588,528,659,659,487,594
589,529,653,663,493,596
584,533,660,651,494,592
586,533,661,655,494,593
591,530,657,661,489,597
588,533,663,650,495,594
587,534,663,651,495,595
584,532,662,666,482,595
587,533,664,651,494,594
591,538,663,657,486,594
578,535,658,660,485,588
588,536,661,660,482,591
591,547,656,660,487,598
579,539,659,661,477,595
583,554,660,651,492,594
586,539,662,653,491,594
588,544,657,664,489,596
578,552,652,660,487,586
581,556,646,650,485,588
589,550,659,658,493,598
577,552,653,659,480,592
587,541,661,650,483,598
578,548,657,657,487,598
582,541,661,663,479,599
588,552,660,663,481,597
589,555,652,663,490,600
586,543,661,663,480,598
587,557,663,653,494,596
588,555,667,650,491,599
583,559,661,652,492,598
586,546,662,648,494,597
587,559,648,661,492,599
573,555,656,659,489,600
585,570,653,659,491,590
585,572,659,659,482,590
575,575,646,661,483,595
576,568,659,660,469,588
583,581,657,654,477,596
578,583,644,663,477,594
586,578,661,658,470,595
584,578,658,658,476,595
583,572,659,651,475,596
589,575,652,661,475,597
584,578,662,652,467,587
577,583,651,660,476,587
578,569,660,662,480,594
584,582,662,650,482,595
589,578,662,651,475,588
590,579,656,656,478,598
590,576,656,664,471,599
588,582,659,656,481,597
582,583,652,657,483,588
581,587,646,661,481,598
581,582,664,654,482,597
589,585,652,659,483,600
594,585,664,655,482,599
578,589,654,660,487,592
592,587,663,650,477,596
590,585,658,654,484,600
590,587,657,660,479,599
591,589,657,654,486,596
594,575,659,666,473,595
581,592,648,660,488,586
579,588,652,658,483,588
590,575,662,663,473,595
592,579,658,662,475,599
591,584,659,664,472,593
580,583,658,657,479,600
578,583,656,658,480,586
588,582,656,657,476,596
583,580,656,662,478,596
579,577,657,666,475,593
565,584,662,651,474,593
570,580,647,663,477,588
566,579,648,664,476,586
570,557,660,658,467,589
569,572,660,657,474,591
578,570,658,661,472,593
566,569,654,662,476,581
581,556,659,670,465,593
566,572,659,656,476,589
578,570,657,662,472,592
579,569,658,662,473,591
579,567,663,653,476,591
580,567,658,662,475,591
575,570,645,666,480,586
573,567,646,666,481,584
584,562,661,657,475,594
584,558,645,667,477,590
582,547,663,667,466,591
593,547,660,669,467,594
581,545,662,665,479,590
585,545,660,668,476,588
593,554,660,664,473,584
593,554,656,663,474,596
593,554,650,667,475,595
596,552,659,664,470,594
596,545,662,666,472,595
604,549,661,666,465,596
606,561,661,658,474,596
607,557,659,664,469,597
602,562,661,667,465,596
611,553,663,665,467,592
616,559,658,668,478,592
615,562,657,667,477,600
616,553,662,653,479,596
615,567,664,651,481,596
618,549,661,651,477,597
609,567,647,665,484,591
618,561,657,664,479,600
617,565,662,651,482,598
612,551,658,666,478,589
618,552,662,669,472,600
607,561,659,662,479,591
614,571,659,660,479,600
621,568,665,653,478,600
620,555,663,667,485,597
618,559,664,664,475,595
617,574,647,665,486,594
623,561,663,665,475,599
612,575,649,661,487,591
624,572,657,662,484,601
626,561,659,667,479,603
622,579,662,652,490,597
623,562,659,656,490,603
625,578,658,661,489,605
613,574,654,663,490,596
620,581,662,652,494,604
615,575,658,661,492,593
606,582,654,662,498,594
624,579,661,663,499,595
623,581,652,663,495,604
616,588,647,660,500,599
621,586,646,664,499,598
617,586,661,662,496,596
622,582,660,655,497,605
621,586,648,666,491,603
613,584,655,662,499,603
619,586,664,651,500,605
611,585,653,660,500,604
621,590,661,654,502,604
623,584,664,653,502,607
624,574,654,662,499,603
613,570,659,661,494,597
626,571,659,663,500,607
625,558,659,666,488,606
621,571,662,652,503,603
612,558,657,662,499,596
627,556,664,653,501,606
615,558,657,661,495,596
614,555,652,663,500,597
613,549,657,661,497,597
623,555,655,662,502,600
619,538,656,659,501,598
625,524,655,660,498,608
618,532,659,662,497,598
623,533,648,663,502,603
624,527,663,665,487,605
626,523,648,664,496,608
614,511,657,661,496,601
614,502,658,664,495,603
628,501,660,667,480,607
616,504,652,664,491,611
626,494,662,665,478,603
615,479,648,662,492,612
626,485,648,664,489,605
622,484,659,656,485,607
623,476,664,651,481,598
614,481,650,664,475,611
623,462,664,651,474,607
611,476,648,665,474,610
618,463,654,653,473,611
624,462,654,662,470,612
624,472,661,666,459,609
621,475,659,662,467,602
625,459,661,658,468,609
624,465,665,652,465,611
611,455,648,662,466,603
621,462,656,650,466,609
623,459,660,664,454,614
618,445,653,662,466,602
625,449,663,665,454,609
624,455,658,659,462,612
616,448,662,662,465,603
626,450,660,653,466,613
624,453,655,658,472,610
631,445,663,651,463,614
615,441,647,665,465,609
628,451,658,655,473,611
628,440,655,665,463,612
618,451,648,662,477,614
632,458,663,654,474,610
618,463,647,666,477,611
633,444,660,660,466,609
623,444,653,660,478,609
621,456,655,662,471,618
629,436,661,661,464,603
628,450,663,662,469,606
624,455,653,664,473,617
626,457,660,660,472,613
628,462,660,662,473,615
631,457,666,651,473,614
629,460,663,661,467,610
620,463,649,665,475,613
627,463,659,665,466,617
630,462,647,651,470,610
632,448,662,663,470,617
631,460,647,649,475,615
634,460,661,666,464,615
623,464,653,664,475,617
619,464,648,664,477,605
627,451,661,665,469,612
632,466,648,664,477,611
630,464,665,666,472,615
628,471,662,666,475,612
631,460,648,664,481,611
620,471,663,664,475,614
624,480,658,660,474,613
632,476,662,665,468,612
630,473,650,664,478,611
618,483,652,665,479,609
614,483,650,669,479,608
629,473,661,668,466,608
621,480,665,654,479,605
627,468,666,667,465,604
615,483,654,665,475,609
613,473,650,664,479,604
619,483,661,669,466,604
620,475,663,655,478,604
619,478,663,652,465,604
608,474,650,664,478,598
608,468,663,655,479,600
614,467,659,663,474,593
620,467,650,666,479,595
613,468,651,668,476,606
617,468,663,664,476,594
615,485,661,662,477,601
609,471,655,664,478,603
618,469,663,666,470,598
612,482,660,669,468,594
616,469,665,660,480,601
611,468,660,664,483,593
617,473,666,668,466,603
607,478,650,666,480,596
618,481,664,658,479,603
614,466,661,663,474,594
614,481,664,655,479,603
617,482,662,657,476,602
606,482,654,664,480,596
621,480,661,664,468,606
608,484,652,663,471,599
613,467,657,669,468,603
614,475,664,669,467,604
616,465,663,663,472,599
615,468,662,663,475,604
612,479,663,668,468,603
611,476,663,654,476,599
594,478,651,668,478,594
601,476,657,665,467,598
597,478,665,665,475,591
596,464,667,668,462,596
595,480,661,666,470,595
595,463,663,667,475,588
584,475,651,667,475,591
596,475,667,654,476,591
594,468,664,669,464,592
593,473,664,657,472,590
593,474,665,654,476,594
588,478,661,656,480,592
595,480,666,654,479,589
583,470,652,668,471,585
592,478,664,663,475,596
593,474,667,669,475,595
583,476,648,667,479,592
596,477,666,659,479,596
596,475,666,655,483,592
593,473,663,656,473,593
586,478,661,666,472,596
589,477,664,667,467,594
588,475,659,664,476,595
582,477,663,669,471,593
590,473,660,662,472,598
587,460,664,665,469,589
576,477,652,667,479,591
591,463,667,667,467,590
586,477,663,669,470,590
590,473,665,662,474,587
587,476,663,667,475,596
583,476,657,665,476,598
588,476,664,661,478,596
591,472,662,662,478,596
589,476,664,657,480,593
585,478,663,670,474,587
589,475,664,666,483,588
594,471,668,652,478,594
580,468,653,668,478,597
589,475,663,659,479,595
588,472,664,670,465,597
581,477,654,670,478,595
591,473,666,655,477,596
585,468,653,665,479,596
585,478,664,660,474,589
589,465,658,664,476,588
583,472,651,663,474,598
596,471,666,654,477,596
596,473,666,668,465,597
596,464,667,665,465,596
585,480,654,665,474,600
595,470,663,657,477,596
598,473,667,657,476,600
597,461,661,664,476,588
588,464,651,662,476,590
598,474,666,653,474,600
602,473,665,653,475,600
593,477,647,665,476,602
594,476,648,651,475,601
596,479,643,665,475,600
611,472,655,647,474,599
607,461,652,658,469,604
604,477,646,660,469,607
613,473,654,661,469,604
613,472,652,648,472,603
605,472,648,655,465,604
604,480,637,660,468,603
615,476,646,653,468,604
613,462,646,654,469,600
619,474,651,645,465,605
620,474,645,660,458,608
607,470,633,655,470,598
616,462,644,655,469,602
620,474,650,644,466,606
619,462,649,653,454,606
617,476,647,647,469,604
618,468,649,659,456,606
617,471,649,657,455,605
613,476,642,654,467,606
620,460,651,654,459,602
618,461,653,649,463,610
617,473,641,652,463,607
617,477,648,649,465,609
608,477,640,656,471,605
612,461,645,652,470,598
619,461,647,654,464,599
620,471,654,649,470,607
617,477,650,648,472,605
616,477,649,658,466,608
608,469,640,648,475,607
620,473,649,647,475,605
608,476,639,654,479,605
613,475,651,649,479,606
607,466,639,655,485,598
617,471,655,642,485,601
608,463,647,653,481,595
616,471,650,650,483,604
614,473,648,651,481,607
604,472,640,656,480,602
613,467,653,644,475,602
599,464,639,657,472,602
611,449,648,651,470,594
607,464,643,658,460,597
616,459,652,642,469,601
618,448,653,652,454,606
608,460,639,656,462,604
612,450,647,653,463,595
616,449,650,653,455,595
612,451,644,652,458,595
623,466,650,652,455,604
616,467,654,654,452,594
616,466,655,659,442,604
619,464,657,646,451,601
602,471,642,663,452,600
616,467,656,649,449,604
616,468,657,647,452,602
613,477,656,661,457,598
615,483,658,660,445,604
614,480,659,658,452,593
613,493,658,662,454,605
614,499,658,660,457,602
613,489,655,657,464,596
603,501,646,659,472,597
615,508,643,660,478,595
616,504,660,661,466,599
612,512,658,658,470,599
600,513,651,657,483,593
612,502,658,658,481,592
614,503,660,662,485,604
607,518,645,665,484,602
600,509,658,660,478,597
605,524,643,662,492,598
599,518,644,659,490,595
598,526,645,660,493,593
606,524,660,647,495,596
605,530,660,657,492,588
603,516,660,659,489,590
609,527,660,656,493,599
611,530,651,658,493,600
605,522,661,662,485,593
608,521,660,663,486,597
601,531,658,659,496,588
600,544,646,660,502,591
612,538,656,658,490,595
610,529,658,664,491,597
609,540,656,657,497,599
613,527,661,663,485,594
613,521,661,657,481,599
613,530,658,661,481,592
606,528,653,659,488,591
616,512,661,664,489,598
613,524,655,656,483,602
611,514,661,659,482,604
616,519,659,649,482,600
620,514,657,664,474,604
620,511,660,662,461,601
622,509,663,649,472,605
610,518,645,664,473,602
611,508,647,660,467,598
617,514,657,660,459,600
621,510,661,648,466,605
622,494,661,664,467,598
616,501,658,656,460,606
611,496,651,663,448,607
614,473,655,659,449,608
618,483,658,651,462,599
622,476,661,658,456,607
613,480,649,660,460,604
613,480,650,660,456,609
614,478,652,658,455,608
609,465,646,662,455,605
611,454,652,659,462,596
618,453,659,656,454,604
609,461,653,662,448,606
615,459,652,658,456,605
622,453,656,662,456,606
607,454,645,661,449,598
612,453,657,659,456,603
608,440,647,657,458,591
614,450,656,656,464,603
616,442,658,661,454,602
619,430,658,661,454,600
618,425,660,661,457,599
612,412,660,660,469,600
612,420,654,659,463,605
616,406,661,660,466,606
606,411,650,661,472,610
601,407,645,650,467,610
608,418,653,659,475,615
604,421,651,661,480,609
616,423,658,659,476,615
609,412,651,658,484,604
613,427,657,648,469,612
602,414,652,658,486,604
602,428,654,653,480,613
615,421,660,649,479,614
613,409,658,657,475,609
609,412,651,649,483,615
613,405,655,659,468,610
602,426,645,646,484,613
611,429,656,657,480,615
605,426,656,660,478,616
611,426,657,661,472,616
614,428,651,660,476,610
611,430,654,664,475,616
612,428,658,651,485,613
610,415,660,658,477,607
611,430,656,652,481,615
604,421,651,657,487,604
610,433,656,655,483,614
610,436,661,661,477,611
611,419,655,657,483,605
605,424,646,657,484,606
609,436,656,652,473,612
617,426,660,646,480,608
612,423,655,656,475,603
603,439,647,658,479,609
614,423,660,657,472,604
616,428,657,658,466,604
611,435,662,649,476,610
616,435,659,647,480,603
614,440,656,652,479,608
615,435,657,661,464,606
614,439,663,651,472,609
614,439,659,649,475,605
612,436,659,662,466,608
605,429,653,655,471,608
614,427,658,657,464,602
610,446,654,654,465,604
599,447,644,661,475,603
606,461,655,658,478,603
607,466,656,658,479,604
607,463,656,656,476,604
610,449,659,659,477,602
609,463,660,647,480,604
609,463,661,648,474,608
603,468,654,655,478,606
603,463,659,662,470,603
603,453,658,657,475,593
603,456,660,659,476,601
599,460,655,654,478,592
599,462,659,659,485,594
597,481,657,657,489,600
599,483,664,655,483,601
596,479,661,661,475,595
594,493,658,665,477,599
592,495,660,647,484,597
585,490,653,660,490,589
593,502,663,655,489,599
588,504,658,668,486,599
578,509,650,663,492,600
586,495,659,657,490,588
587,512,663,651,496,596
590,512,663,650,493,596
588,515,660,660,496,589
578,512,653,660,496,596
586,519,646,662,497,588
592,515,659,662,489,599
590,520,649,663,495,598
587,512,651,660,498,596
596,523,648,663,496,599
596,509,663,664,498,592
594,524,659,658,494,596
595,525,647,663,484,598
591,516,660,660,489,590
596,526,660,654,483,596
595,528,661,654,491,593
588,531,650,660,490,591
598,528,653,662,498,597
594,517,664,663,487,596
601,527,658,658,501,597
600,528,664,651,496,600
591,526,659,660,502,594
599,516,663,665,484,595
595,517,664,662,484,591
597,524,649,664,481,598
599,517,652,664,487,602
602,506,662,655,484,598
606,486,665,654,469,602
593,478,665,664,459,596
605,475,664,667,464,596
604,476,662,653,459,603
605,472,662,666,451,602
607,461,664,664,446,599
604,466,662,652,451,603
606,473,660,658,455,604
603,477,660,660,454,605
601,470,649,664,459,597
610,467,665,652,457,602
610,478,662,652,458,603
610,463,665,664,448,600
610,461,662,662,450,598
609,474,664,652,459,605
608,465,661,655,453,607
600,466,647,666,453,605
606,469,658,662,449,600
612,463,659,655,448,610
608,464,661,654,452,607
599,455,649,662,453,601
613,451,663,663,446,607
613,444,663,664,440,604
612,453,666,665,450,608
611,450,659,653,449,609
606,452,659,661,449,606
606,434,657,658,446,596
606,446,657,659,447,605
608,441,659,654,452,604
612,436,663,651,450,603
604,440,651,663,452,606
601,440,648,663,451,598
613,436,661,650,451,606
611,434,661,664,442,597
610,440,658,652,444,604
600,442,653,660,449,610
597,442,645,662,452,597
597,444,645,664,453,607
614,441,660,648,456,607
609,442,658,656,456,607
601,440,646,663,454,608
612,444,661,664,443,607
615,446,659,650,444,607
608,454,661,660,448,603
615,439,659,660,451,599
611,455,658,658,453,610
616,442,661,659,457,604
606,443,650,661,458,608
610,456,655,660,454,610
616,453,660,666,446,597
613,455,662,652,460,607
605,456,650,662,454,606
613,449,664,659,455,610
616,447,664,651,454,607
612,440,654,661,453,611
614,437,661,661,455,610
603,426,649,663,459,603
612,430,660,659,458,608
609,417,656,660,455,600
611,429,658,662,450,602
599,427,650,665,455,609
612,425,658,651,445,602
612,411,657,658,446,607
601,426,648,662,458,605
597,438,646,661,447,611
610,423,660,648,460,608
608,440,663,648,459,609
610,443,664,647,460,612
607,451,659,653,462,600
602,449,660,660,460,609
603,453,657,661,451,611
604,447,660,659,450,611
602,451,659,659,462,609
600,454,657,656,463,609
606,441,663,656,451,607
603,449,660,660,451,609
601,438,656,653,461,601
601,455,657,654,456,613
601,440,659,654,459,601
596,441,655,654,464,610
602,450,662,646,452,612
599,456,658,659,453,612
594,456,657,656,467,605
603,452,663,644,453,609
603,445,660,655,454,611
590,458,647,657,466,611
603,455,658,660,457,613
600,461,651,656,469,603
607,457,662,651,464,614
608,462,658,647,464,613
606,456,659,648,458,609
603,452,646,648,463,606
608,468,661,644,468,608
599,463,647,643,465,612
601,470,648,656,467,609
611,467,662,655,468,604
614,477,658,645,469,610
610,479,657,646,462,614
610,483,657,644,468,611
601,484,647,635,469,611
608,484,660,638,460,610
606,488,652,645,461,610
611,484,664,634,466,603
610,488,658,646,468,604
608,479,654,638,472,603
612,495,659,634,476,610
614,497,661,640,482,607
602,508,647,639,480,611
615,509,659,622,479,609
612,510,661,619,482,613
610,512,664,614,483,609
595,515,654,618,488,601
603,501,654,617,487,612
612,511,662,606,490,609
606,518,657,609,487,609
605,514,649,609,493,605
602,514,660,600,493,606
592,514,652,603,489,598
602,518,663,592,498,605
600,512,662,591,496,605
597,516,660,604,497,600
598,513,649,604,497,608
606,501,662,600,491,600
601,515,659,604,483,607
591,503,653,598,501,597
591,516,648,600,500,604
601,516,651,603,496,608
591,517,655,600,494,595
602,519,661,591,499,603
595,520,648,602,503,597
600,520,649,603,499,598
602,522,657,593,498,601
606,508,664,601,493,599
602,514,651,601,500,606
607,512,660,606,498,602
605,509,663,601,494,593
596,513,659,601,496,595
601,522,662,595,505,604
607,518,659,600,488,599
602,505,659,604,500,601
602,509,662,607,489,602
596,522,659,609,505,599
598,523,660,606,501,599
596,513,663,618,492,595
595,531,659,613,508,595
583,521,658,625,505,595
593,531,664,618,506,592
592,520,660,631,503,593
595,520,661,626,509,597
593,524,663,627,511,592
584,524,649,639,509,597
596,520,665,628,510,593
586,525,651,641,512,586
596,523,665,631,511,592
592,521,652,646,510,597
602,511,662,632,510,595
598,507,660,641,494,598
601,485,662,648,494,597
602,483,660,638,494,597
604,478,658,642,481,601
609,467,667,635,477,600
608,443,662,645,460,605
599,437,649,643,461,597
597,440,649,645,457,608
610,438,662,632,460,603
603,441,651,647,457,608
612,436,658,640,459,607
614,427,661,635,462,608
602,426,645,645,461,602
609,415,654,643,456,607
611,435,662,634,456,610
606,437,657,647,449,611
606,431,653,643,456,609
611,446,658,637,464,610
609,452,654,649,458,601
601,452,646,646,464,606
604,457,645,647,468,606
609,471,657,645,457,608
611,483,657,647,464,597
615,488,662,632,473,605
614,489,659,646,460,604
602,501,645,645,481,605
617,493,658,637,480,605
609,513,661,631,485,609
616,506,661,650,473,607
614,512,658,637,480,604
614,508,663,631,482,607
616,508,658,640,479,604
610,497,653,642,471,610
611,462,658,642,462,595
618,446,661,641,449,604
616,441,661,645,446,603
617,439,656,632,460,607
608,437,647,645,446,605
615,431,662,631,456,608
612,430,659,635,457,603
614,430,661,631,457,611
600,432,644,647,457,610
607,425,653,642,454,600
611,440,655,638,459,608
606,442,648,645,454,612
615,438,661,633,458,608
616,448,660,635,455,602
604,447,646,644,459,607
611,440,657,643,452,602
602,445,650,643,459,604
612,456,659,639,458,612
611,445,654,643,458,613
604,449,653,644,462,608
602,471,644,647,464,609
610,482,656,643,460,610
611,487,653,641,467,610
613,493,657,648,459,611
604,503,646,646,472,611
612,506,656,645,470,611
614,498,656,649,464,610
613,504,657,638,475,609
604,501,647,645,470,607
616,503,661,633,478,601
612,504,656,639,478,605
613,505,657,646,469,610
610,499,660,649,467,609
617,497,660,635,478,606
605,488,646,647,475,603
603,478,646,648,471,605
609,476,649,647,457,609
605,458,651,645,469,601
607,466,657,644,465,607
602,451,645,650,469,600
612,449,657,648,463,610
607,461,652,649,466,610
609,463,655,657,463,610
610,463,655,656,463,609
617,447,659,654,458,601
610,459,655,649,466,606
610,445,655,651,467,609
611,460,658,643,470,600
614,460,660,643,468,607
610,462,659,643,471,606
601,452,649,652,471,598
605,467,649,655,468,607
612,456,652,653,468,599
615,458,661,657,459,605
603,458,645,655,472,602
611,451,659,654,467,599
617,462,663,650,469,597
609,467,657,656,470,607
614,453,662,655,474,608
610,453,655,654,470,602
614,447,662,654,464,601
614,447,662,655,462,600
614,459,664,650,468,605
611,463,659,657,464,606
616,463,664,647,468,603
618,464,664,644,468,604
613,448,661,655,464,595
610,474,651,657,467,602
600,478,648,657,463,599
614,463,663,657,451,604
607,466,656,653,458,591
614,477,663,660,448,599
610,472,655,658,455,594
614,487,661,653,457,605
616,487,663,644,458,601
609,492,657,659,451,606
607,481,653,655,459,596
614,480,664,656,451,601
611,482,658,654,454,600
611,497,660,653,455,603
615,488,665,658,444,604
614,497,663,646,459,609
612,500,659,660,448,610
614,499,664,649,456,609
609,509,656,656,456,608
616,500,667,645,458,599
614,500,664,645,460,608
614,491,663,657,450,606
611,502,660,650,459,607
609,494,664,659,448,611
605,490,655,655,461,600
603,506,650,659,459,610
612,500,662,648,461,608
614,491,665,646,460,606
602,499,649,660,460,607
608,481,660,658,454,597
610,493,658,650,456,608
610,486,663,662,447,606
613,489,664,644,459,606
616,488,661,647,458,608
612,482,661,648,460,609
606,481,651,658,457,609
615,470,662,645,457,598
604,474,649,661,454,610
602,457,645,657,459,600
613,462,657,647,458,602
600,456,645,657,458,598
611,456,662,654,454,605
605,452,647,657,456,608
610,450,657,652,457,603
611,437,658,659,446,605
603,439,648,661,457,604
614,429,661,646,458,604
610,430,654,655,449,604
605,421,642,654,463,604
612,433,654,654,460,608
613,434,658,644,467,605
612,427,658,657,452,606
604,431,654,653,462,608
606,417,650,652,468,605
597,423,646,656,467,601
607,429,654,654,462,606
597,430,647,658,462,603
608,422,660,658,455,608
605,428,653,653,465,607
599,423,645,656,469,604
598,428,647,657,468,609
597,421,647,658,460,601
612,414,659,645,470,610
604,415,658,649,465,611
608,408,660,644,468,611
602,411,656,654,467,609
606,396,656,653,467,608
601,411,656,653,465,612
606,404,659,645,468,608
606,394,660,655,461,603
603,403,652,654,468,610
607,395,659,658,456,609
596,405,644,658,468,603
594,401,643,659,470,607
607,401,655,645,471,600
608,393,656,656,464,604
607,413,654,650,469,610
600,402,644,655,472,603
607,413,657,647,472,609
611,421,650,651,466,601
602,412,642,657,473,606
614,416,655,645,471,609
614,407,656,654,463,611
610,413,649,653,469,599
618,422,660,650,468,611
614,427,658,645,471,609
614,433,656,649,471,607
606,427,644,655,473,605
606,427,644,657,464,604
620,432,660,645,467,611
615,435,655,653,459,611
622,431,660,644,466,609
619,421,657,654,462,604
607,426,652,654,464,601
617,434,657,649,462,609
609,438,646,658,466,604
610,444,647,656,460,607
616,436,657,658,448,608
609,435,650,652,461,596
607,440,654,657,455,607
603,446,651,658,457,605
606,430,660,656,454,597
594,443,660,659,451,602
586,437,656,652,462,590
582,444,652,657,471,601
577,458,650,659,470,602
587,457,661,648,472,598
586,459,661,648,471,595
582,470,660,653,474,595
569,466,647,661,480,597
583,468,664,648,479,598
582,460,662,658,477,591
583,473,663,650,486,598
572,482,646,660,492,592
582,483,662,660,483,593
577,495,658,659,491,598
583,496,659,650,500,595
578,504,659,661,493,598
579,492,657,659,502,589
573,508,647,662,505,586
585,496,662,661,495,593
581,512,657,653,504,596
582,510,656,649,512,596
583,517,658,656,508,598
575,520,646,660,514,587
581,521,662,648,514,598
578,508,662,659,508,589
586,517,661,659,511,589
577,501,652,657,507,587
578,518,662,648,514,599
578,522,659,652,518,594
582,515,658,659,511,599
579,518,663,644,512,597
584,519,653,659,513,590
575,522,646,659,515,588
581,524,665,648,517,599
573,517,661,658,512,598
577,515,662,661,509,592
580,517,662,663,509,594
576,533,648,662,519,589
581,532,653,660,523,595
579,535,665,649,522,599
579,521,663,663,510,593
582,533,665,656,519,597
579,531,656,655,522,597
577,525,664,662,514,597
578,522,664,665,512,597
579,536,661,658,520,596
571,533,657,667,521,591
585,533,656,662,519,597
585,522,661,668,511,599
584,533,659,664,517,595
584,534,665,654,523,596
579,526,654,663,519,591
592,527,660,657,519,602
580,528,655,663,525,601
585,525,663,661,515,596
590,531,662,657,519,596
593,524,659,664,515,598
595,518,663,663,519,594
595,530,661,658,516,589
596,527,654,665,516,593
599,525,663,658,516,602
600,524,661,661,514,598
590,521,660,664,517,598
601,507,666,666,508,597
604,511,666,662,517,600
592,513,656,661,513,596
605,509,664,659,511,596
598,510,660,664,512,599
597,498,657,663,514,594
593,501,650,666,512,592
597,507,655,664,510,603
597,509,654,663,508,602
596,500,651,666,511,596
599,493,661,664,510,594
607,503,666,653,508,603
605,506,662,659,506,604
609,503,666,654,508,601
603,499,649,663,512,593
604,506,660,664,506,604
603,506,663,662,510,600
605,496,663,657,509,602
608,496,667,653,510,601
600,492,656,664,511,595
602,500,658,664,506,605
595,494,652,665,512,593
594,500,651,668,510,600
606,488,661,663,506,593
606,500,662,667,500,602
595,491,651,666,512,595
609,496,669,654,511,602
606,498,666,655,511,601
610,498,666,653,512,600
607,500,661,652,511,599
606,505,661,664,503,603
602,504,660,663,509,604
603,503,664,655,512,600
597,492,658,663,511,594
603,488,664,663,507,594
602,488,665,663,506,594
589,497,651,668,515,593
599,492,667,668,503,602
588,498,649,666,513,595
599,499,663,658,513,602
599,498,665,654,515,601
593,485,660,661,511,594
590,494,652,664,518,593
601,496,664,654,517,603
591,498,663,658,517,600
584,492,651,663,518,591
586,483,662,663,512,599
589,495,663,668,510,603
582,499,655,665,517,595
588,489,665,667,511,599
589,484,666,661,513,600
577,495,652,667,520,591
582,500,661,663,519,597
578,487,658,662,524,594
579,502,663,665,516,597
583,488,667,664,513,601
577,495,657,660,519,599
579,501,663,661,524,597
581,500,669,658,521,601
580,501,660,660,521,600
571,496,651,663,524,590
585,501,665,654,525,599
583,494,667,666,511,600
574,503,652,666,523,590
587,499,664,668,508,602
579,507,652,666,518,595
575,507,651,666,520,592
591,507,664,654,518,602
586,506,651,665,515,595
597,501,664,654,512,601
590,489,653,661,512,594
587,497,651,664,510,597
586,488,650,664,507,598
602,493,667,651,505,605
590,483,652,663,504,597
588,485,649,665,505,600
600,472,666,663,490,596
588,486,651,663,498,606
602,465,665,663,486,603
600,461,663,660,492,598
592,474,651,665,492,604
594,463,655,661,492,600
602,473,661,658,485,609
597,458,656,659,482,596
600,468,662,656,485,609
603,461,665,662,469,606
605,457,663,661,473,602
606,463,666,650,478,608
602,458,664,662,468,608
602,453,663,663,467,605
602,456,665,650,478,608
600,460,659,661,470,611
595,461,651,651,477,602
603,457,664,651,476,612
591,460,650,661,468,610
596,453,655,657,478,602
593,466,654,659,473,613
597,471,659,660,473,607
606,468,661,648,480,609
595,473,651,661,480,615
604,464,662,660,470,610
605,468,663,648,483,608
597,474,652,656,481,614
601,472,660,649,487,601
602,477,658,655,488,610
595,478,650,660,489,611
597,462,658,656,488,600
606,474,667,647,489,611
605,461,665,658,481,607
606,472,663,645,493,609
595,470,646,654,481,612
607,470,662,660,480,611
604,470,661,661,481,611
593,472,648,659,493,605
599,467,655,653,489,613
604,469,659,651,486,612
596,469,659,662,479,612
605,466,664,649,487,612
608,460,665,660,478,607
603,466,662,652,486,612
604,465,661,661,479,612
603,465,661,652,488,609
592,455,650,660,486,609
595,449,648,657,483,612
593,446,648,661,483,607
595,450,651,660,481,607
606,431,661,655,470,606
601,443,661,661,470,613
601,443,660,661,471,611
606,440,664,646,481,610
604,446,648,659,482,611
604,442,663,644,483,610
601,444,657,652,479,615
598,446,659,654,482,612
600,445,657,655,479,612
592,438,650,657,484,604
603,441,662,645,484,610
589,443,649,658,485,611
604,444,664,645,482,611
601,447,659,649,483,611
594,452,651,659,484,614
595,453,653,656,482,616
595,448,651,656,487,603
601,458,657,656,480,617
607,458,656,645,486,612
598,455,652,659,487,614
602,460,660,650,489,610
609,448,664,656,478,605
593,456,648,658,489,610
608,458,665,643,489,613
606,451,662,659,480,611
599,452,661,653,485,614
603,444,658,652,489,603
607,457,660,640,490,608
604,455,662,657,478,612
607,457,664,644,490,609
610,456,665,645,488,611
605,453,665,644,488,610
605,449,664,657,476,611
602,441,659,655,484,603
606,439,663,656,476,608
600,440,659,654,485,603
595,455,658,655,480,613
604,449,666,645,484,611
606,441,664,656,475,607
603,441,659,660,473,611
603,440,663,657,483,605
601,448,660,653,479,612
591,447,648,659,484,609
591,451,649,656,483,610
595,451,651,659,482,612
594,439,652,655,486,603
590,445,649,658,484,611
603,440,663,646,485,611
601,447,659,658,479,612
599,445,659,661,478,614
605,435,664,656,471,609
599,419,658,655,483,604
587,432,647,657,483,611
604,419,660,657,467,607
601,414,663,657,474,613
602,421,665,659,468,613
595,427,656,655,476,615
601,424,659,650,480,611
591,424,649,656,477,613
593,417,656,654,476,612
598,415,660,654,465,610
600,414,656,654,479,613
601,411,659,657,468,613
593,402,650,654,479,604
598,400,655,654,475,606
599,414,658,660,467,616
590,411,646,658,481,610
598,421,657,657,469,615
600,411,663,656,469,610
602,427,662,648,479,613
603,430,659,644,479,614
600,440,659,655,474,614
604,430,662,641,475,613
591,442,649,657,477,612
600,440,656,656,473,615
600,441,659,652,478,615
590,443,658,659,477,615
601,439,660,654,473,607
601,441,658,656,481,603
602,421,660,645,480,616
599,440,663,643,480,613
589,443,645,656,483,612
595,432,654,650,478,605
601,441,661,657,469,615
601,438,662,657,467,613
595,446,657,653,475,615
599,443,658,654,473,616
602,440,661,641,480,613
604,431,661,656,470,610
591,439,647,657,480,609
602,444,658,648,479,614
597,432,652,651,480,606
603,430,662,655,468,609
599,429,661,653,467,607
605,422,656,654,471,603
601,442,658,648,477,616
605,435,662,643,475,613
598,423,647,654,473,604
590,439,650,656,475,612
603,435,660,649,471,616
598,424,654,650,477,605
593,439,649,657,477,614
601,438,657,652,472,614
600,433,659,661,464,615
598,437,658,651,472,615
599,435,662,647,475,613
598,430,659,654,466,608
584,438,646,658,475,609
587,436,645,657,477,609
583,442,644,658,478,611
582,432,651,654,478,606
593,442,659,646,485,612
589,443,657,653,480,615
590,443,655,652,477,616
588,442,656,654,482,615
593,435,661,645,486,614
578,437,644,658,486,613
588,440,654,656,478,614
592,421,655,656,484,607
589,433,656,656,478,617
590,430,656,660,476,615
592,415,658,657,481,609
589,432,655,650,483,616
591,420,652,657,486,615
587,433,649,659,487,617
590,433,658,647,486,614
581,428,644,658,490,607
581,431,643,657,489,608
594,430,658,656,477,612
590,436,653,653,484,618
584,418,648,657,489,607
593,427,655,660,476,617
579,432,641,659,490,615
592,426,655,660,476,618
590,434,655,656,488,605
587,437,653,659,481,616
592,427,655,653,483,607
583,431,641,656,493,609
587,438,651,650,482,619
588,445,653,650,492,616
592,442,656,657,482,616
592,436,657,655,485,610
588,453,652,649,496,618
584,458,650,659,491,618
591,464,653,650,499,615
591,471,648,642,501,615
591,469,654,653,504,610
581,474,642,655,502,614
589,471,653,654,491,615
589,465,657,653,490,616
590,471,655,643,503,613
588,473,654,644,496,617
589,475,657,640,505,614
579,475,639,651,507,609
588,483,654,646,500,616
589,482,654,654,493,618
588,474,650,649,502,611
588,470,649,652,495,611
593,480,660,645,502,616
595,473,659,651,493,612
588,470,650,649,508,606
582,479,642,653,504,616
595,481,656,636,503,613
584,485,647,653,502,619
590,485,652,649,498,618
595,474,658,655,489,615
594,477,658,639,504,615
584,481,650,649,499,618
594,469,660,651,487,611
594,478,660,641,503,609
594,464,658,652,495,609
583,481,646,653,503,615
592,480,655,648,497,615
588,464,650,647,506,604
591,475,656,654,492,614
596,464,655,638,497,614
596,468,657,651,488,612
588,472,657,643,499,614
585,452,647,650,496,603
592,468,659,639,498,613
581,459,647,650,499,605
591,461,657,654,485,615
596,467,653,646,493,614
583,462,645,653,494,614
594,443,657,649,488,605
588,456,656,645,494,609
587,456,648,650,491,614
588,452,650,649,490,615
592,449,654,651,483,613
597,435,658,652,480,608
595,444,652,644,486,614
602,438,658,638,488,611
588,440,651,650,481,613
598,435,652,645,484,613
587,434,647,651,484,611
592,431,650,647,484,611
596,420,654,641,481,610
586,419,636,647,485,598
596,425,653,654,474,610
593,423,653,653,469,609
592,424,651,653,469,609
594,421,651,649,471,607
595,417,654,651,460,607
598,413,656,635,468,604
588,420,645,653,463,607
599,417,653,643,465,605
594,424,650,650,463,607
596,423,655,655,454,606
588,415,646,649,467,597
594,410,651,649,466,597
596,425,657,644,465,605
593,417,650,649,468,596
598,427,659,654,456,605
586,436,648,652,464,610
601,438,664,645,465,608
598,448,655,648,472,609
597,456,659,646,474,610
598,456,661,640,479,606
590,465,646,652,481,606
591,470,652,652,479,611
597,455,659,649,481,600
592,473,652,653,479,611
594,473,659,648,478,612
600,457,662,651,475,603
588,473,647,651,486,609
601,474,661,643,487,606
597,464,659,651,482,598
594,461,659,650,486,598
596,475,661,657,479,608
595,480,661,657,479,606
590,488,658,651,488,606
594,485,664,642,496,603
583,477,656,652,494,596
589,490,659,652,494,608
593,485,663,659,493,604
591,492,662,649,494,606
588,498,659,659,488,603
579,499,645,654,500,603
579,490,656,656,502,591
592,500,665,647,504,601
579,496,655,655,505,592
575,510,655,656,502,603
587,504,662,660,496,599
580,501,664,658,498,591
577,507,651,657,509,593
581,516,664,646,510,598
583,517,662,654,508,595
585,505,661,659,506,603
581,511,659,656,508,591
584,521,657,660,503,600
590,519,660,662,498,603
577,527,655,657,509,593
578,533,648,661,510,597
589,531,655,658,506,602
580,524,662,658,504,595
585,536,661,650,508,599
591,531,664,651,507,603
592,531,658,647,508,600
579,529,654,657,510,592
578,536,648,653,505,600
589,516,662,660,495,599
587,534,660,655,503,603
593,513,664,660,488,601
582,534,652,656,499,590
595,522,661,660,481,601
597,535,648,661,489,600
598,527,661,661,482,599
591,540,651,664,493,595
594,543,660,654,490,597
585,542,657,656,490,588
593,552,662,647,495,594
593,556,660,656,487,597
593,567,665,645,488,592
593,553,663,659,480,591
593,577,649,657,489,591
591,568,665,659,477,588
598,576,662,662,476,590
589,597,650,659,488,584
597,593,659,661,481,592
594,584,664,660,474,586
587,600,653,653,490,578
595,588,664,657,476,581
598,589,664,662,477,585
595,588,665,661,480,583
602,597,659,658,487,590
603,592,660,655,493,590
590,591,650,662,498,587
604,578,659,659,497,593
592,570,654,659,506,583
606,553,655,660,498,597
603,539,650,663,500,596
604,516,663,660,481,596
608,521,666,650,491,600
610,508,666,651,485,600
602,489,657,660,482,590
611,496,665,648,479,596
609,494,662,654,480,594
598,494,648,665,479,597
612,490,662,664,470,594
613,496,661,647,483,597
606,491,657,657,484,589
603,509,651,663,484,601
615,495,665,660,478,593
607,483,659,660,485,588
611,490,663,652,492,589
611,487,661,649,488,587
609,487,662,664,473,584
608,465,658,659,486,576
607,477,658,665,485,583
609,469,660,655,490,583
599,465,648,661,491,578
610,458,662,663,482,580
608,464,662,649,494,584
606,463,660,665,483,587
598,465,659,655,493,587
594,463,646,662,497,586
594,464,648,663,501,587
606,462,660,653,500,589
602,466,654,655,497,589
605,466,656,660,494,594
608,460,662,649,500,592
602,462,659,649,504,591
608,452,660,659,489,589
610,455,662,647,501,591
607,459,660,650,502,590
604,460,657,661,491,595
594,465,645,662,502,594
598,456,647,657,504,588
601,454,654,654,501,587
606,464,659,644,504,594
597,460,645,656,506,591
604,461,656,653,502,595
608,463,657,647,503,596
603,462,650,657,501,599
604,455,656,657,493,599
598,453,654,655,499,600
601,448,655,646,504,597
603,439,658,650,498,600
593,445,647,654,497,601
595,440,651,654,499,599
597,437,654,652,498,601
591,427,641,657,494,596
594,430,646,655,496,600
599,425,652,651,499,598
597,421,649,651,496,599
588,408,641,655,502,593
592,403,645,652,506,590
596,413,654,650,487,601
597,398,653,653,490,601
598,411,656,643,498,602
592,400,651,653,491,594
585,410,633,656,498,600
600,409,651,641,497,601
598,391,647,653,495,596
597,400,650,641,500,601
595,401,646,646,499,602
596,399,645,653,493,607
600,396,644,643,497,602
591,403,642,657,489,609
593,389,639,651,495,599
600,402,642,644,498,606
589,395,635,651,498,609
593,411,640,650,486,611
597,409,643,639,500,607
584,404,630,652,499,600
599,409,644,652,488,608
588,420,631,652,499,603
596,421,640,645,496,612
598,421,642,641,485,609
601,423,642,638,499,610
597,427,639,647,496,614
598,427,644,642,498,609
599,428,639,646,494,612
597,406,636,648,491,603
594,429,642,651,489,613
604,423,644,643,495,613
605,424,646,638,498,610
605,420,646,653,502,608
610,426,648,641,498,608
598,414,638,652,494,599
597,427,643,654,492,608
607,423,644,646,495,607
608,415,647,658,482,606
612,413,647,658,480,605
607,425,642,652,491,602
604,423,636,656,489,608
605,425,636,657,488,610
609,416,645,652,487,606
617,409,647,660,478,604
608,424,644,657,481,610
608,421,644,659,479,610
608,412,643,656,485,600
609,418,648,659,480,608
612,410,645,654,486,601
612,424,645,661,479,611
610,427,644,661,482,610
612,427,643,652,488,611
611,427,643,653,488,611
611,427,644,649,491,610
601,426,632,657,495,603
600,438,633,659,492,608
609,440,643,652,488,612
616,439,651,647,490,610
603,433,642,655,495,601
600,440,636,657,493,603
608,445,649,656,488,610
604,448,644,659,481,611
610,444,652,650,490,610
611,435,656,660,479,606
611,446,653,661,479,610
601,444,643,657,495,604
606,431,650,652,494,600
599,441,642,659,492,606
612,442,657,644,492,609
608,447,655,658,481,609
611,444,658,650,491,610
608,446,658,655,493,610
613,434,657,660,486,603
611,435,660,658,484,602
612,447,662,649,489,608
609,446,658,663,479,607
608,447,659,648,494,605
602,435,652,661,490,599
607,448,659,654,493,606
603,449,657,659,491,607
591,449,648,663,492,599
608,449,659,664,482,606
610,448,663,650,488,606
596,453,647,662,494,604
607,451,660,663,483,606
604,443,656,660,494,596
612,458,658,647,494,603
609,463,660,665,483,607
598,466,647,666,494,604
602,460,649,661,496,599
603,465,648,663,493,604
613,471,661,654,495,607
618,470,664,652,489,608
604,475,646,666,491,607
607,477,647,665,489,607
615,474,660,666,481,610
617,472,662,667,480,609
618,467,662,664,473,609
607,471,647,664,491,605
620,471,661,665,478,607
608,479,647,667,490,610
617,468,653,661,492,600
623,476,663,651,491,608
620,465,662,660,481,603
621,475,660,655,488,609
620,476,660,655,484,612
617,479,659,663,486,611
622,467,663,651,491,609
619,462,662,664,483,603
616,477,659,664,481,612
610,478,650,663,490,613
610,468,648,665,491,604
616,472,662,654,492,610
614,476,657,661,487,613
619,475,659,658,487,614
608,474,649,665,492,605
609,470,646,668,489,606
615,459,658,663,482,603
622,472,662,651,489,610
613,475,656,664,486,613
610,474,653,664,486,612
617,473,660,658,488,611
618,470,660,653,495,608
618,455,659,662,486,602
623,468,663,652,491,610
614,474,660,661,487,612
616,475,659,657,491,610
615,470,663,652,494,608
613,469,662,668,483,608
603,481,660,662,489,609
608,476,663,655,495,608
600,482,659,660,491,607
600,479,662,666,486,605
602,466,663,663,486,602
598,467,664,666,487,603
592,480,660,659,487,610
582,485,654,667,493,610
581,470,657,666,493,596
585,468,664,665,487,601
581,484,665,660,495,606
573,481,655,666,496,609
579,475,661,662,498,606
569,476,646,669,499,605
571,477,650,665,499,601
573,480,651,668,495,608
574,478,657,666,496,610
584,463,665,668,489,601
574,478,650,668,499,604
581,478,660,664,496,606
584,471,665,655,499,604
581,472,659,665,495,608
590,467,665,657,496,605
584,457,661,664,497,593
581,475,659,660,494,605
584,466,662,668,486,606
587,465,665,655,497,606
580,464,660,662,495,604
574,458,648,667,499,600
571,452,646,667,497,598
577,448,656,664,495,596
572,456,655,667,497,597
570,453,650,667,499,598
575,460,658,664,495,606
578,456,665,653,498,600
580,450,666,668,486,601
583,457,666,657,497,604
583,446,664,663,489,600
574,452,652,667,499,598
582,462,655,665,495,608
572,462,649,668,497,604
582,445,661,664,495,596
582,460,661,660,495,606
580,455,652,664,495,608
585,446,660,664,493,599
584,459,661,659,498,604
576,462,649,667,498,602
587,459,661,663,488,605
583,459,654,667,494,608
586,460,659,665,490,607
585,449,655,668,497,597
591,452,665,654,497,607
587,447,651,661,500,595
586,462,656,662,496,610
584,462,654,662,497,611
583,449,652,663,501,598
591,461,660,663,493,607
589,459,657,661,493,609
600,456,666,653,497,605
586,452,650,664,496,610
600,445,661,667,491,600
597,461,659,659,491,607
589,458,649,664,496,603
603,455,665,651,495,602
599,461,657,661,489,610
590,460,649,664,494,610
603,447,665,663,483,604
604,453,663,670,482,609
606,447,665,664,484,605
598,462,650,666,492,609
611,449,662,664,482,605
597,461,648,664,492,604
610,449,662,662,485,601
597,463,648,664,490,611
614,450,660,663,482,603
615,460,664,666,478,609
612,470,659,666,484,611
616,467,664,655,488,611
610,472,659,662,485,613
607,475,658,661,485,611
604,467,651,662,491,604
613,467,666,649,478,612
615,472,664,651,491,610
617,473,664,652,492,609
612,478,659,665,486,614
615,473,663,665,480,610
613,480,661,667,479,613
601,478,649,665,492,606
612,480,660,661,485,612
610,467,660,661,487,602
600,482,649,667,494,608
604,483,657,661,491,612
596,471,655,663,495,601
606,480,664,651,494,606
603,472,665,665,484,602
601,467,663,664,487,600
591,471,653,661,496,599
593,483,658,659,489,607
593,481,658,660,491,607
597,480,664,652,488,606
592,480,659,656,486,604
593,479,662,664,478,605
587,466,651,661,483,591
593,475,663,651,487,602
587,471,656,656,483,601
589,473,662,651,491,599
584,476,660,666,480,602
584,477,658,668,484,601
581,462,653,660,491,590
578,467,652,662,493,592
585,477,666,656,492,602
569,476,651,664,498,592
584,485,658,658,492,601
577,488,660,660,493,597
573,493,652,666,498,598
586,474,659,660,497,588
587,493,665,651,499,597
588,497,664,652,504,598
581,506,656,661,500,599
580,507,655,665,501,603
578,505,650,659,502,591
585,511,655,660,502,600
581,498,657,663,508,586
593,503,664,654,507,595
579,513,650,664,509,588
578,511,650,666,509,591
592,509,665,665,497,594
593,504,664,665,500,590
581,521,650,666,512,587
591,521,659,659,509,597
582,527,649,669,515,585
588,526,657,664,513,592
573,518,664,665,508,589
583,526,661,668,511,596
584,534,655,667,517,590
573,528,657,664,517,587
583,519,662,670,508,594
580,518,665,667,509,592
577,534,662,660,521,590
579,533,660,662,519,592
574,514,662,666,513,593
575,523,665,668,511,587
577,538,666,654,523,591
572,536,661,661,523,589
573,540,665,658,526,591
578,536,662,662,523,589
574,535,663,660,523,590
574,523,667,669,515,591
576,540,652,670,527,581
576,538,654,668,524,585
575,536,662,662,528,588
570,540,666,656,532,589
577,536,658,664,531,586
565,540,649,668,535,579
574,534,665,656,536,589
564,523,661,666,529,585
571,530,661,664,536,589
575,529,651,668,534,583
578,523,660,661,533,589
572,524,666,658,536,589
569,526,651,671,538,583
580,518,667,658,540,593
576,520,661,661,536,589
579,518,653,667,534,587
571,520,648,669,541,583
579,518,665,656,535,595
568,516,650,668,534,585
582,498,663,666,527,594
586,498,665,668,522,598
574,507,648,668,532,588
588,509,663,662,525,601
587,505,658,666,514,601
575,504,652,669,520,596
593,500,665,656,513,604
597,496,663,656,514,606
591,495,649,669,511,598
588,485,662,656,506,601
590,472,662,665,494,595
596,479,661,655,498,601
597,476,661,654,500,597
586,474,646,660,500,594
590,477,650,663,496,601
594,473,657,655,498,598
585,468,645,664,499,591
584,466,645,663,496,593
584,466,644,665,495,593
580,468,644,664,494,595
598,464,660,663,481,598
591,477,650,660,492,603
598,472,659,650,496,599
586,463,643,661,496,594
600,460,659,649,495,601
584,460,646,663,494,608
595,445,658,659,485,599
595,443,656,664,485,607
596,441,658,649,495,609
585,432,644,657,498,605
594,430,653,654,494,609
596,425,658,648,492,608
588,422,654,650,490,605
579,415,641,659,492,602
586,420,651,651,491,605
583,417,649,658,489,606
581,415,653,647,489,608
576,407,649,654,488,601
577,415,655,645,491,611
565,408,639,657,492,610
580,406,655,657,479,611
579,411,653,660,479,615
574,414,641,659,489,615
586,405,655,646,485,614
581,410,652,660,483,615
576,400,641,657,491,606
579,406,654,660,479,612
586,406,655,659,477,612
587,409,657,648,489,614
572,411,640,657,491,612
586,410,655,646,492,616
578,412,646,658,488,617
582,413,649,656,486,613
590,396,655,656,483,617
579,413,649,654,490,617
575,408,639,661,491,611
582,398,648,654,491,607
583,413,649,654,489,620
586,407,652,660,483,617
577,409,640,660,492,613
577,413,641,660,492,616
591,397,654,657,484,609
587,411,651,659,488,616
586,410,652,649,492,612
587,408,656,646,495,615
590,408,656,646,491,616
575,409,640,659,492,613
579,406,641,652,496,608
591,413,654,646,494,613
590,398,658,646,488,615
586,415,650,658,484,617
584,397,647,654,490,606
584,399,646,653,495,606
584,412,650,662,486,617
588,411,654,644,494,613
587,411,654,650,489,617
577,414,638,658,491,615
582,402,644,656,494,607
585,413,650,647,492,614
587,413,652,651,493,616
586,413,649,650,494,614
592,410,655,646,485,611
582,417,643,656,490,616
579,419,645,656,490,617
592,414,655,645,493,613
575,412,638,655,492,608
585,419,648,651,489,613
585,418,649,654,489,612
582,403,646,653,494,606
588,408,651,647,493,613
581,418,645,655,488,616
586,417,650,656,483,616
583,404,644,651,488,604
577,413,638,656,492,607
577,419,640,658,491,614
584,420,649,653,485,615
588,405,652,653,483,605
584,422,650,645,482,613
586,418,650,646,497,612
579,416,638,655,492,610
585,408,647,652,493,612
587,418,645,656,492,610
587,421,651,646,491,611
593,419,654,641,492,612
588,422,649,648,487,613
584,426,648,656,488,616
590,409,654,655,481,607
588,411,653,652,473,613
587,424,649,655,480,613
592,410,650,649,481,603
579,416,639,653,494,607
582,424,649,645,482,616
589,420,654,641,494,610
591,416,653,642,494,606
591,422,656,642,488,612
577,426,639,654,492,612
581,411,646,652,491,603
590,416,651,655,481,611
590,423,653,645,493,611
586,422,646,648,488,615
588,408,649,648,486,604
590,421,655,641,492,609
582,415,645,652,492,602
579,427,642,654,488,614
584,421,647,650,483,614
587,428,648,648,488,614
584,413,644,652,493,604
589,422,652,657,479,609
591,423,653,641,490,611
588,426,653,646,494,610
580,433,652,660,484,613
591,425,652,661,483,611
589,425,653,647,496,611
590,429,637,653,495,603
587,430,651,660,482,613
586,424,648,654,494,604
588,434,650,659,486,613
579,428,641,659,496,606
593,420,655,656,487,608
590,433,653,663,487,614
581,437,640,658,494,613
588,436,648,655,490,616
595,436,657,648,492,612
595,425,656,657,490,605
594,430,655,657,485,609
598,444,658,645,487,615
599,439,656,657,489,611
599,449,658,647,500,616
596,458,650,651,504,614
600,453,659,645,512,614
599,460,655,649,515,615
600,457,658,645,515,617
600,462,654,647,516,615
600,460,653,658,507,616
600,460,659,645,519,617
587,460,640,658,519,606
602,448,656,655,510,612
600,465,659,654,518,617
591,470,642,659,521,609
598,462,655,649,520,620
597,466,657,651,519,618
600,458,659,657,511,613
585,462,641,657,522,609
594,470,653,655,517,615
599,463,658,643,523,618
598,457,652,653,511,615
599,461,659,643,520,619
589,458,641,656,522,608
600,462,656,645,524,616
596,460,654,658,512,619
596,459,658,644,520,619
595,461,653,649,520,615
596,458,654,649,517,620
599,456,655,654,508,614
599,442,656,654,513,613
589,442,651,652,517,611
597,454,655,658,508,617
596,447,653,658,509,618
586,446,644,653,517,608
599,435,657,655,505,612
597,448,654,643,516,615
598,444,661,643,516,620
579,446,642,659,513,610
592,430,648,653,514,612
590,440,652,653,510,619
592,427,649,654,510,607
586,433,640,651,515,605
596,436,652,659,501,618
583,443,640,656,512,608
597,430,655,651,499,613
581,443,641,655,511,615
591,438,652,647,511,619
592,425,655,654,495,613
589,437,650,646,511,615
589,441,652,645,500,618
580,438,639,654,509,617
589,447,652,648,499,617
592,441,650,647,501,613
579,439,639,653,508,609
588,432,655,654,496,612
586,442,653,655,495,614
579,440,638,652,506,612
584,435,642,647,506,614
594,438,655,640,505,613
588,446,651,653,502,615
577,445,641,657,505,611
587,444,647,653,504,616
578,445,641,655,505,614
593,441,658,643,508,614
580,447,641,656,502,613
593,431,655,652,501,608
590,451,652,653,502,617
588,449,653,649,506,618
591,434,655,652,503,605
584,451,650,652,506,616
592,454,651,651,508,616
587,456,645,654,507,618
589,459,652,650,509,615
595,454,652,658,502,615
592,460,654,645,513,613
597,461,658,642,513,615
593,471,654,647,513,612
582,477,644,655,513,603
594,480,658,643,516,611
585,468,650,649,509,602
593,481,658,655,503,608
589,492,654,650,514,606
591,486,653,649,512,612
594,489,657,656,503,608
579,498,644,652,511,608
591,497,655,647,516,605
586,490,654,653,513,603
589,493,653,651,516,606
587,503,656,657,505,606
586,497,653,653,515,600
590,508,658,643,519,604
577,515,648,654,520,597
592,500,658,653,510,595
582,505,647,653,521,598
589,510,658,657,506,602
580,508,649,653,518,595
588,517,656,644,517,605
577,517,641,655,519,591
576,518,641,656,517,590
583,500,651,654,520,594
582,502,654,651,516,595
582,519,656,646,523,598
581,516,659,643,522,598
572,518,645,654,526,587
583,514,656,648,521,600
574,516,645,657,523,589
575,519,659,646,527,597
576,519,645,659,528,584
579,512,659,660,516,594
573,520,657,644,530,594
569,507,657,657,522,593
573,515,643,659,530,586
572,515,658,646,533,593
562,519,647,655,535,583
562,523,646,656,535,583
574,519,654,657,533,588
576,521,654,656,535,590
571,519,654,654,535,590
568,527,659,647,539,592
563,514,658,659,531,592
570,527,658,652,538,590
570,523,659,643,539,593
572,518,657,662,530,590
569,534,656,655,541,589
562,528,657,658,536,588
567,536,661,647,543,593
558,537,644,660,539,592
567,535,660,647,543,592
571,534,647,658,536,585
560,531,655,658,541,587
560,527,655,658,533,586
566,533,651,658,542,587
569,532,656,655,541,589
573,528,655,663,535,590
560,526,659,657,535,591
569,532,649,660,543,585
566,532,660,648,545,590
557,531,648,658,548,583
558,519,658,659,540,589
570,513,656,664,536,593
568,518,653,657,537,589
566,517,655,654,543,590
570,511,659,650,543,591
567,511,652,662,537,590
566,489,652,657,544,584
567,495,659,651,545,590
575,487,656,657,533,590
572,487,658,653,540,592
572,485,656,652,542,589
573,481,654,653,539,591
578,475,661,646,540,594
575,477,656,654,540,590
569,461,653,657,540,587
579,467,646,658,543,584
575,470,656,661,533,592
570,472,646,658,534,595
580,460,659,659,526,595
584,466,659,652,531,598
581,458,659,659,523,597
581,465,658,648,535,595
580,465,658,655,521,599
579,464,657,661,520,597
582,460,657,652,532,596
575,455,646,656,530,590
581,460,655,662,521,598
576,457,654,653,521,599
586,449,659,647,520,606
585,451,656,663,508,605
584,450,654,654,512,606
579,439,646,656,510,607
577,443,643,657,503,606
590,440,656,651,505,611
580,440,644,659,509,612
579,431,644,655,510,603
588,431,658,659,499,612
578,432,643,659,508,611
588,433,654,656,502,613
577,431,643,658,513,605
591,420,658,658,499,609
579,429,645,656,514,601
591,422,660,658,501,611
578,431,642,660,513,604
580,424,650,654,511,606
591,431,656,657,503,614
583,425,651,655,511,606
591,421,655,657,509,605
589,421,654,656,510,607
588,420,653,655,512,607
581,430,641,657,513,606
588,421,649,654,513,608
594,417,655,657,505,611
591,432,653,659,505,617
593,436,653,648,514,615
586,434,652,654,510,618
595,427,654,658,501,617
592,433,651,654,509,616
583,421,648,655,510,607
588,432,646,657,502,617
598,429,656,643,508,613
586,435,638,655,506,609
587,426,640,656,506,608
595,437,652,660,501,612
598,425,657,645,505,612
599,425,655,657,496,610
598,428,655,658,497,612
585,434,640,657,507,609
596,436,654,648,506,611
597,420,654,653,499,606
601,420,656,658,497,614
596,435,651,652,505,611
587,436,642,658,506,607
590,437,652,649,507,609
599,421,656,656,499,604
595,419,651,654,501,602
594,435,653,659,497,611
598,433,656,646,508,610
595,436,655,643,507,608
586,437,641,656,503,609
588,432,640,657,507,603
598,429,655,657,493,607
587,435,642,657,505,612
599,422,655,653,494,600
598,430,656,644,503,608
591,434,649,649,502,607
593,431,651,651,495,605
599,413,644,655,497,601
591,423,650,649,495,599
592,420,652,651,489,594
595,421,653,656,484,598
587,420,640,654,497,598
595,416,653,657,484,598
585,413,640,652,497,591
588,415,641,652,496,591
595,421,653,645,498,597
598,420,656,641,495,598
590,423,645,651,492,598
592,418,653,656,483,596
598,418,653,641,498,594
588,417,640,647,492,588
598,416,656,642,495,595
593,421,652,643,497,594
594,412,656,655,486,596
594,421,653,643,500,594
595,420,652,644,497,594
596,414,652,656,485,594
594,422,649,649,493,599
597,421,651,645,501,595
594,422,651,662,488,599
595,421,650,649,494,600
598,416,651,642,492,597
598,412,653,651,491,594
586,420,640,655,502,593
587,420,640,654,500,594
586,428,640,656,499,596
591,427,644,652,497,601
594,411,650,653,491,592
598,413,651,652,493,591
595,426,651,650,491,598
594,410,649,652,491,587
587,414,640,655,494,593
596,408,652,651,488,590
587,420,638,655,492,591
601,419,655,644,491,601
593,407,650,651,489,590
588,423,640,656,492,598
600,409,655,656,482,590
597,406,651,652,486,589
594,422,650,650,487,599
594,408,654,653,487,590
587,425,642,656,493,598
596,422,650,653,484,599
602,420,653,644,493,595
596,421,651,654,484,598
597,421,651,655,483,598
599,415,654,655,481,598
601,409,654,653,483,591
600,422,651,647,489,601
585,426,640,657,495,597
600,408,654,654,484,592
594,425,650,652,492,600
592,421,652,657,482,600
596,408,651,652,489,590
591,408,647,653,494,589
591,413,641,654,490,590
595,422,647,654,489,600
598,407,652,651,486,589
593,424,643,654,490,598
604,415,657,645,488,599
599,422,652,644,493,598
589,423,638,656,489,596
597,406,652,652,484,587
598,421,653,644,494,597
593,411,656,650,484,590
601,409,655,655,478,593
598,425,653,652,489,597
590,415,642,650,495,590
588,425,639,657,492,596
599,422,652,644,495,598
590,414,646,652,492,591
601,421,656,642,493,599
596,426,653,659,482,602
596,408,645,652,492,591
587,416,646,653,495,591
600,422,655,657,484,600
589,430,641,656,494,599
600,418,655,654,489,596
596,430,652,658,487,604
593,416,641,654,494,590
596,435,651,647,500,603
584,432,637,655,501,603
597,411,653,651,489,598
597,427,652,646,500,606
595,403,652,650,488,599
586,410,645,653,501,597
591,419,650,657,495,608
585,414,641,658,500,605
592,410,654,646,496,606
594,400,653,655,488,605
583,410,638,659,502,606
589,415,645,655,498,611
593,414,649,649,500,608
596,409,651,659,488,611
596,398,651,655,495,601
590,413,649,652,499,610
597,411,654,644,494,607
595,415,645,647,497,610
585,408,638,656,501,604
593,402,644,654,501,600
598,409,656,644,500,612
596,412,655,647,497,609
601,404,653,656,497,607
594,412,643,657,494,612
582,415,636,656,499,608
579,414,637,656,501,608
597,401,653,652,489,607
595,401,650,653,494,604
597,413,651,647,497,612
585,410,636,653,499,606
597,415,653,643,500,610
594,422,651,650,500,613
599,420,650,646,502,609
594,424,649,650,500,611
592,418,652,658,491,609
599,419,650,645,500,612
587,414,641,654,504,605
596,420,654,644,498,612
596,408,651,654,494,602
586,418,638,655,504,603
585,420,639,655,502,604
594,427,646,650,499,610
596,424,654,644,499,612
587,430,652,657,491,614
587,413,644,653,502,604
596,425,653,642,503,609
593,415,650,652,498,603
591,413,647,650,502,601
595,414,654,655,494,606
590,430,649,651,501,609
593,422,652,644,502,608
579,431,638,656,502,607
583,425,638,654,504,605
583,434,641,657,500,613
585,435,643,655,502,609
591,435,647,654,501,607
592,434,650,649,495,610
598,423,654,653,495,600
580,443,640,644,504,609
585,441,641,654,509,600
591,447,654,659,496,604
584,437,644,654,510,596
589,455,652,658,501,604
591,438,653,655,508,597
582,460,643,656,508,605
590,464,652,650,510,600
593,454,657,644,510,600
579,453,642,657,512,589
586,459,652,652,511,598
587,445,660,657,502,594
586,446,654,650,509,590
575,450,638,657,510,593
583,464,653,650,513,591
586,464,660,651,511,597
577,467,647,653,512,597
575,468,651,655,512,592
582,468,655,659,507,595
585,468,658,659,506,592
578,463,652,653,515,589
579,483,655,655,517,592
577,472,654,654,521,590
581,485,661,647,524,594
583,487,660,646,527,594
569,492,641,659,524,586
580,493,655,661,518,592
574,500,652,646,525,590
568,503,647,662,524,582
567,493,640,660,527,583
580,500,661,651,530,595
567,498,641,658,527,584
577,503,655,652,527,591
567,493,651,656,535,585
567,497,644,659,534,583
576,499,653,654,528,593
570,492,652,658,538,585
579,502,660,649,533,591
567,494,651,658,532,585
566,490,652,658,536,583
575,507,661,647,531,592
577,508,662,647,532,592
572,513,657,653,536,587
572,497,659,660,531,588
568,514,646,660,536,580
570,514,645,663,536,580
570,515,659,653,536,587
563,507,659,652,539,587
570,523,663,648,538,589
566,525,657,655,534,586
569,529,661,650,537,587
557,525,655,657,530,584
575,529,651,661,534,582
572,533,648,662,531,580
566,522,661,661,524,591
569,518,660,663,520,589
561,535,646,664,534,578
567,521,661,663,525,589
572,530,663,650,534,590
574,517,657,662,526,589
571,525,664,650,535,591
561,529,648,660,536,581
573,518,656,658,527,587
572,512,657,660,527,589
563,510,647,662,534,583
572,515,645,663,535,582
567,507,647,662,536,579
563,504,650,663,530,584
577,493,659,650,535,590
567,485,647,660,534,583
576,488,658,652,527,592
579,478,660,647,531,596
582,476,664,647,531,593
581,475,658,656,522,593
584,468,663,647,524,598
580,466,662,660,511,599
577,467,653,658,521,593
582,466,659,651,517,601
574,462,642,655,519,591
578,451,647,652,520,593
575,457,648,657,516,591
578,457,657,657,510,600
574,444,649,655,512,595
581,441,657,653,509,601
583,440,658,661,496,605
582,440,658,651,506,604
572,423,646,657,505,599
572,425,643,658,502,601
574,421,645,656,499,600
575,412,647,657,498,598
572,417,645,658,496,606
577,398,658,656,489,598
579,414,655,655,485,609
573,412,644,660,494,604
586,404,662,643,492,608
580,409,654,653,485,607
580,405,655,649,491,608
582,401,659,644,489,606
571,395,644,655,492,602
582,390,658,655,481,604
569,391,651,653,489,600
571,392,644,657,490,604
571,392,643,655,492,601
575,399,644,658,486,609
582,393,653,648,484,610
586,393,655,643,487,608
571,395,643,657,485,609
585,392,658,644,488,609
581,394,655,647,485,611
584,389,653,644,486,609
585,389,655,642,478,612
583,388,652,651,486,612
583,384,657,643,482,606
585,379,655,657,476,609
570,390,641,658,490,610
582,373,652,653,481,603
582,371,653,656,482,606
584,384,656,644,482,609
576,374,644,653,491,607
579,388,649,653,487,613
586,382,653,645,487,615
573,387,637,655,492,614
585,374,653,653,482,609
573,390,639,657,490,614
579,385,652,656,479,615
568,379,637,654,493,609
585,383,652,643,493,612
579,378,641,653,493,606
573,382,638,656,493,612
586,377,652,644,497,614
587,380,653,643,493,614
580,386,647,646,496,617
579,389,642,654,494,620
585,385,651,642,493,618
572,393,636,657,495,617
579,377,647,651,494,612
580,375,646,654,490,609
576,380,640,652,496,609
584,380,650,656,484,615
581,391,646,649,496,618
583,385,651,656,483,616
581,378,642,653,495,609
580,390,644,657,488,618
582,393,644,651,491,620
586,386,649,642,491,619
582,389,647,646,497,617
584,382,651,656,485,613
583,388,646,658,485,620
579,391,643,652,493,619
572,387,635,656,497,614
580,388,648,656,486,619
579,389,646,646,497,618
566,394,636,655,496,619
577,392,644,653,495,620
575,378,642,652,493,610
572,386,635,657,501,615
569,394,633,654,500,615
580,388,650,642,497,620
583,377,647,654,489,612
571,387,634,656,500,617
583,387,650,642,499,617
580,396,644,659,492,620
579,394,644,654,495,620
584,392,647,657,487,620
583,389,648,658,487,620
579,379,641,654,497,611
574,390,635,656,495,612
586,381,649,654,492,610
583,395,645,653,494,623
584,391,649,658,488,620
583,395,647,650,497,621
582,394,649,649,498,620
585,392,650,644,499,617
588,392,652,645,495,619
580,398,646,655,491,620
573,398,637,658,499,620
586,391,652,658,487,617
584,395,648,660,487,621
574,396,637,659,498,619
587,393,652,647,497,620
587,393,652,644,498,620
587,391,652,659,485,619
582,399,646,655,497,618
584,394,648,644,500,616
583,382,647,655,494,610
574,392,636,656,499,610
583,400,647,646,496,617
584,398,649,658,494,609
575,403,637,660,500,621
581,386,646,655,499,608
579,402,644,657,495,620
585,400,652,644,502,616
579,403,648,653,497,619
583,403,645,655,498,619
573,405,639,659,496,620
575,406,640,659,497,615
586,394,651,652,491,605
583,408,653,653,498,616
583,415,650,649,500,614
587,411,656,651,499,613
582,410,649,660,493,617
586,411,654,647,503,615
578,404,646,655,506,607
587,414,654,647,503,615
581,401,651,656,504,605
584,407,656,660,497,607
585,413,657,646,508,612
572,420,639,657,506,615
576,404,650,656,508,604
576,400,647,657,503,601
578,422,652,655,506,613
573,412,645,658,512,605
576,423,645,654,508,616
583,419,655,647,514,612
579,420,655,653,511,616
575,423,646,658,510,616
576,407,649,656,512,603
585,418,656,648,511,614
574,417,636,657,513,605
578,421,652,658,513,613
583,419,654,647,515,615
584,402,654,657,503,609
580,416,648,656,506,614
580,424,649,651,510,614
584,419,656,648,513,616
582,407,651,656,510,607
580,412,657,662,500,611
574,407,643,656,514,607
571,420,640,661,512,606
581,422,652,658,509,616
575,422,649,660,511,618
584,408,656,659,504,611
579,410,647,658,508,606
590,407,656,659,503,607
584,412,657,648,509,615
583,418,653,662,498,616
583,421,656,649,512,616
574,421,646,660,504,619
582,419,652,662,503,617
580,423,653,652,504,616
577,411,644,657,507,607
581,400,652,653,507,606
583,407,654,658,511,607
577,408,647,658,512,609
573,409,637,661,506,616
576,412,646,658,514,606
585,412,656,661,499,614
584,418,652,654,508,616
582,419,657,650,509,615
584,421,655,648,513,616
584,418,658,647,511,613
576,423,644,660,514,608
572,419,642,661,513,607
584,420,653,656,511,616
581,424,652,664,504,617
585,407,654,658,505,607
575,409,638,658,509,606
586,418,656,647,511,615
581,422,651,661,505,617
579,422,643,660,509,615
584,421,654,653,503,616
586,419,652,653,508,616
588,415,657,647,509,615
577,412,643,659,510,610
581,405,650,656,507,608
582,420,652,652,506,619
577,423,646,660,505,617
578,412,642,656,505,607
588,415,656,661,498,615
590,406,654,659,503,605
590,403,656,657,499,605
587,412,652,657,508,604
587,428,653,655,507,613
591,422,656,662,497,611
577,434,643,662,508,609
578,437,649,660,506,612
578,434,653,655,507,608
577,424,651,655,512,597
580,421,655,656,505,601
580,432,657,664,500,605
570,437,655,664,501,606
567,441,648,659,508,608
574,440,655,663,505,606
575,435,656,653,513,606
573,438,656,655,505,604
576,438,655,665,501,602
568,443,650,657,512,603
564,438,643,664,508,603
576,439,661,649,512,603
574,438,657,663,502,602
569,432,649,660,516,591
570,444,657,662,505,597
567,446,656,663,511,599
570,445,655,659,512,600
568,444,651,661,515,595
576,429,660,661,511,592
565,434,647,663,517,588
567,446,651,664,515,592
575,443,658,654,518,596
574,437,659,665,506,595
575,442,661,651,517,597
566,444,657,665,505,597
565,448,644,665,514,590
568,445,656,656,514,594
563,443,647,664,515,591
572,435,660,664,507,592
569,438,654,652,515,594
564,442,652,662,513,592
565,424,657,661,514,587
553,439,647,665,513,588
566,433,658,653,514,591
559,438,651,660,511,596
567,430,661,652,513,595
557,432,659,667,502,592
564,433,657,667,502,593
565,431,661,652,513,597
564,428,659,664,500,593
563,434,658,652,514,593
557,435,650,662,509,594
563,433,657,655,512,591
553,433,644,665,512,583
567,431,655,649,513,591
567,419,657,662,509,583
564,433,657,666,512,587
558,421,650,662,513,581
567,430,661,651,511,591
565,433,655,665,500,590
559,428,647,662,506,593
558,430,646,665,514,585
566,429,659,655,512,595
566,431,656,656,511,594
559,426,647,663,514,584
560,423,645,664,514,586
564,423,645,666,515,583
571,430,658,658,511,592
577,420,663,653,508,591
577,417,659,663,508,585
580,431,644,666,511,592
568,430,647,667,512,593
575,431,650,663,506,598
584,429,660,665,498,599
566,431,647,667,510,594
580,433,657,663,502,599
576,433,651,663,503,601
585,433,660,663,507,594
584,431,658,659,505,599
584,434,658,664,499,601
589,419,658,661,495,591
579,419,654,662,504,590
586,434,655,659,505,599
582,436,658,667,495,602
576,436,651,664,505,604
585,436,655,660,500,602
584,436,653,661,502,604
587,421,657,661,502,593
585,436,658,664,497,603
583,424,657,661,505,593
585,435,655,659,503,603
590,426,660,662,497,597
580,440,648,666,506,602
587,438,658,654,506,600
574,432,647,661,507,593
585,440,654,664,502,604
592,436,661,653,506,601
585,440,658,667,500,603
586,440,662,658,503,605
588,437,659,658,502,603
577,440,648,666,503,603
579,440,648,665,503,606
586,442,657,659,504,603
587,427,661,664,494,598
577,438,645,666,502,600
584,433,663,665,495,599
588,440,663,652,505,602
587,427,657,662,502,594
576,436,662,666,496,601
588,429,661,666,494,601
586,444,658,660,503,604
579,445,654,663,504,605
574,440,647,665,510,599
586,444,659,654,509,601
587,434,663,663,499,596
583,444,662,659,508,604
587,445,659,657,507,602
586,444,663,653,511,600
586,443,661,667,495,602
575,432,655,667,507,604
582,452,654,659,503,601
573,453,648,668,509,604
574,452,647,667,512,593
582,437,657,662,507,593
581,452,659,668,501,604
582,448,660,664,496,604
585,440,663,662,496,599
587,451,665,657,510,604
585,446,663,665,499,599
584,448,662,667,502,600
580,442,663,664,502,599
581,455,660,660,509,604
585,450,663,667,503,603
584,444,663,665,503,598
580,453,664,654,512,602
577,462,655,661,511,606
589,457,665,655,512,608
573,450,650,664,516,591
580,458,654,662,511,604
574,465,652,666,513,597
583,457,663,667,508,600
578,455,657,665,518,597
579,469,660,667,510,605
584,457,661,664,510,597
582,458,664,664,509,598
577,455,659,663,513,600
566,465,648,665,520,596
578,467,662,656,523,603
580,465,664,654,520,605
576,473,658,664,513,600
575,470,654,663,518,601
578,467,663,653,523,603
566,458,652,662,521,595
567,464,647,664,522,595
579,463,660,664,509,603
578,463,664,652,522,603
570,467,652,665,518,600
579,464,664,653,519,607
582,466,664,655,519,604
582,462,664,652,520,604
582,466,667,652,521,608
582,467,662,659,518,606
581,465,664,651,516,605
581,456,652,663,521,595
579,467,661,658,519,602
579,467,663,653,520,605
570,460,648,663,521,595
581,464,661,671,507,604
572,461,650,665,520,595
571,467,648,666,520,595
574,455,655,662,517,599
579,452,661,662,514,601
569,471,648,667,517,595
566,463,649,667,518,595
575,467,652,665,517,600
580,452,662,660,511,597
570,464,649,666,518,595
580,464,664,653,518,606
579,465,658,661,511,605
571,461,647,665,514,593
580,455,663,665,503,604
580,465,658,663,511,603
579,460,660,668,504,606
579,461,660,658,512,602
582,460,661,654,515,603
570,456,648,665,516,595
583,448,660,664,512,596
571,456,650,663,517,597
568,462,647,665,515,595
575,450,657,662,515,600
579,468,658,664,510,605
579,464,659,658,514,601
582,450,663,662,507,598
578,465,659,662,512,602
578,465,659,665,504,603
576,450,657,662,514,598
582,450,662,665,506,599
579,458,661,653,518,602
578,462,661,656,517,600
575,462,661,655,516,599
563,463,648,664,519,593
576,462,660,657,520,597
565,464,650,666,521,592
574,468,658,662,519,596
565,469,648,666,523,588
572,469,659,665,520,595
572,460,659,668,516,595
566,478,648,666,527,586
574,488,660,660,523,595
580,484,665,653,527,597
567,485,654,667,522,587
568,495,656,663,529,592
576,482,658,660,528,588
577,496,662,652,536,594
569,486,658,663,533,589
577,477,665,661,518,594
567,501,652,665,531,589
579,504,655,664,533,589
570,486,663,665,529,593
573,495,664,666,523,594
572,503,658,662,532,591
567,503,658,661,534,593
574,501,665,654,535,595
572,494,665,665,524,593
563,494,655,664,535,593
571,495,659,661,531,590
568,508,664,666,524,593
566,514,663,655,536,590
569,517,662,648,541,592
570,515,654,663,542,583
561,520,649,667,541,581
562,520,647,667,540,581
563,507,661,663,538,587
557,511,663,663,532,590
567,515,660,665,537,589
557,520,651,664,539,593
564,525,664,655,531,588
567,521,660,663,538,587
568,509,662,663,541,586
571,512,660,670,532,588
567,512,662,664,540,587
555,527,663,653,544,588
562,515,664,667,537,590
564,525,663,653,541,588
566,526,661,659,542,592
568,523,657,664,541,589
572,520,660,660,541,590
568,513,664,667,532,591
569,514,662,668,536,591
568,512,662,668,538,589
569,524,661,654,548,593
564,521,649,667,548,584
559,514,656,664,550,584
571,509,663,666,539,591
579,506,662,656,537,596
579,505,664,653,547,599
582,505,663,657,550,597
582,508,660,668,533,600
582,509,655,662,542,598
589,504,662,667,534,603
577,506,649,665,544,595
591,491,663,662,534,604
592,499,662,666,541,600
595,504,662,652,535,609
590,510,657,659,535,607
595,495,662,661,520,610
589,510,658,660,536,607
583,505,656,662,539,598
592,510,660,662,527,609
594,505,662,648,534,609
585,508,659,657,534,608
584,500,647,661,538,602
585,509,654,656,532,609
590,504,652,656,533,607
590,503,660,656,532,611
593,501,658,661,525,611
591,501,654,656,531,610
596,498,664,648,536,615
591,498,659,655,528,611
592,495,658,646,532,613
594,478,657,654,530,610
593,495,658,661,523,611
588,478,652,656,533,614
595,473,661,657,526,612
588,483,658,649,527,614
592,476,660,661,520,612
595,469,662,658,519,611
592,473,661,649,526,614
583,466,647,659,531,602
591,453,659,656,524,608
593,458,658,657,516,611
582,449,654,654,527,603
589,455,656,654,524,606
592,446,657,651,524,607
592,441,657,654,515,607
596,435,664,646,520,606
596,422,659,659,506,604
598,419,660,662,499,606
593,421,645,657,503,597
599,403,659,661,496,605
604,404,660,650,507,603
600,387,659,663,503,605
599,394,660,646,511,605
595,400,657,657,509,609
588,386,643,657,512,606
600,393,660,662,496,611
599,391,656,661,500,612
590,395,647,659,511,612
597,400,660,660,511,606
598,384,657,658,507,605
596,383,654,661,505,617
586,402,647,661,511,619
597,386,651,656,510,609
589,406,647,661,511,619
601,401,655,656,508,617
602,404,662,648,509,619
597,392,659,659,506,610
602,406,664,647,509,621
601,406,657,664,508,622
602,402,655,653,503,618
590,404,644,662,511,616
599,408,657,652,509,620
599,394,658,659,512,620
590,405,640,662,507,612
595,411,655,660,507,624
592,414,645,662,511,621
589,408,662,655,511,620
603,396,659,660,504,615
600,413,655,662,508,620
602,407,661,649,511,618
607,399,660,660,502,613
601,409,645,662,511,617
598,408,656,651,511,618
599,412,656,662,507,618
601,406,656,658,500,615
599,404,659,665,498,619
601,411,659,648,509,617
598,413,656,662,508,615
597,413,655,656,508,614
596,413,654,660,498,614
596,397,657,647,508,608
594,397,656,659,498,601
597,411,660,649,503,606
587,415,651,658,496,608
596,405,659,660,489,599
586,402,652,657,499,595
583,404,653,657,494,595
589,412,656,658,491,595
572,428,642,663,499,602
573,425,644,661,501,600
571,428,641,658,501,602
581,432,652,651,508,602
570,436,647,663,510,603
578,420,654,658,504,595
578,431,655,661,497,602
581,432,657,663,499,600
570,432,644,662,510,603
578,436,658,648,514,597
569,436,645,657,519,591
571,439,646,654,517,594
575,455,655,657,518,598
566,460,645,647,521,598
566,454,642,650,520,593
569,467,647,660,525,594
580,461,659,661,514,598
578,451,656,658,520,597
579,464,660,649,526,597
577,463,663,659,526,588
576,475,657,657,523,595
579,468,660,654,524,594
582,469,663,659,519,596
584,480,662,663,514,597
579,479,653,659,528,593
585,489,662,663,525,590
586,495,658,667,519,597
590,498,660,666,521,598
595,496,663,650,524,602
583,497,664,650,526,601
593,507,659,663,516,599
595,509,661,658,517,603
589,502,650,662,525,591
595,512,663,652,525,602
588,516,649,663,527,591
598,518,650,666,525,593
594,523,661,655,523,599
599,528,664,666,511,601
591,534,651,664,523,590
592,528,662,661,517,600
601,537,665,652,524,601
598,525,666,668,513,600
591,531,660,654,524,603
605,537,658,665,519,598
589,543,651,663,524,590
594,526,666,666,512,599
591,544,657,660,522,592
589,537,658,663,523,592
594,528,666,666,509,597
601,536,660,666,517,597
599,543,664,657,523,596
597,531,665,665,516,598
597,531,666,667,514,599
599,543,652,667,524,590
602,540,658,662,522,596
603,530,664,662,520,596
600,535,655,662,524,593
604,540,662,664,522,596
601,539,662,663,518,597
594,537,661,651,527,598
597,542,664,651,527,597
590,538,667,663,518,594
601,539,647,667,515,600
601,540,667,655,525,600
588,540,657,666,529,592
599,524,663,666,513,600
593,539,663,660,526,598
588,528,660,662,525,593
599,524,663,665,517,599
597,533,662,660,527,597
592,528,663,663,523,594
592,529,651,666,528,588
591,525,664,661,525,598
592,522,661,666,522,593
584,526,652,667,528,586
580,516,660,663,527,589
587,518,661,662,525,595
588,524,666,654,529,595
591,521,663,659,528,592
588,505,661,666,528,591
581,517,654,666,529,587
596,505,667,662,517,595
593,515,669,657,525,597
592,503,664,669,515,597
593,511,668,670,517,596
581,512,654,669,532,584
580,516,659,665,528,592
591,492,658,665,530,589
583,501,653,670,527,587
591,506,667,659,530,592
594,490,668,669,519,596
593,501,666,656,531,596
588,504,664,663,528,593
592,498,666,670,519,598
582,503,653,669,532,587
579,499,653,671,532,588
594,483,665,667,524,595
593,498,664,664,528,594
590,492,669,658,528,597
585,493,660,666,528,595
589,475,667,669,524,596
584,475,657,665,536,589
580,481,653,668,533,589
592,476,668,668,522,598
588,476,660,665,525,596
582,478,652,668,532,589
588,472,657,665,535,592
593,465,667,668,520,599
591,464,665,664,527,595
587,482,658,668,528,592
582,472,652,668,535,588
590,480,661,664,528,597
582,481,652,669,532,590
594,462,667,665,528,597
589,479,664,670,523,599
595,464,668,668,517,601
591,473,663,661,527,598
593,464,667,668,510,598
591,474,663,663,523,600
593,468,664,656,529,601
583,468,653,668,531,593
589,457,658,664,524,596
596,465,668,653,519,606
588,471,656,667,520,599
596,465,666,655,512,596
587,459,659,664,515,599
591,457,660,665,516,600
592,474,663,664,515,606
594,481,662,666,515,603
589,481,655,667,513,603
597,481,663,659,518,607
595,486,661,664,511,609
603,482,667,653,514,611
598,482,659,661,510,611
599,467,661,664,509,602
599,484,662,665,506,611
597,481,658,664,509,612
597,469,655,663,512,600
591,485,649,667,508,609
593,476,650,667,504,610
593,477,651,666,507,612
606,472,666,652,504,610
603,476,660,667,499,610
601,459,664,664,499,603
606,470,666,660,495,609
599,478,652,660,502,612
599,467,652,664,508,606
599,466,653,663,507,603
606,479,663,653,500,610
604,479,662,659,499,613
611,475,663,653,502,611
614,467,665,664,493,606
603,471,653,663,503,603
610,467,661,663,495,604
604,469,656,666,503,604
596,485,651,665,499,612
612,482,663,654,503,611
614,470,667,663,486,607
613,476,664,666,490,609
602,480,652,666,503,610
601,476,649,667,502,606
616,473,664,666,489,610
615,465,665,662,493,605
609,478,659,661,499,614
614,475,663,655,502,610
617,472,663,656,499,613
615,471,666,658,496,613
614,457,664,660,493,604
604,470,649,665,498,612
605,469,655,665,499,610
601,461,650,666,500,608
613,468,660,666,489,615
611,470,660,663,491,614
615,465,667,652,500,612
611,468,662,660,496,611
604,462,647,667,504,603
616,464,663,655,500,611
617,462,666,654,497,611
603,466,652,666,498,611
603,460,651,665,501,605
615,461,664,653,496,605
610,466,661,663,494,612
615,452,663,664,493,604
616,456,666,665,490,608
602,460,647,666,501,608
615,465,663,651,503,610
611,473,660,669,496,611
616,464,664,652,502,609
609,472,655,664,498,614
608,471,650,656,496,611
614,471,666,652,503,612
611,471,664,659,500,612
615,470,663,666,491,613
605,472,651,668,503,610
613,457,662,661,501,604
617,454,664,662,492,608
619,459,665,667,491,611
609,472,655,665,500,615
613,469,663,666,492,613
615,469,663,655,501,614
612,472,661,665,497,614
620,463,666,654,505,613
615,470,662,667,494,613
615,464,664,666,492,612
604,466,651,664,508,605
614,471,659,661,503,614
610,473,656,662,504,616
600,473,652,666,505,614
612,473,661,662,509,611
612,470,659,658,505,615
613,466,665,667,497,611
616,455,663,663,500,603
616,453,664,664,497,608
604,472,651,665,508,614
614,467,663,653,511,609
603,466,648,665,511,607
606,473,658,661,504,614
605,472,651,665,510,615
611,470,660,666,503,614
616,465,661,647,511,609
614,463,662,666,500,613
614,466,664,651,513,617
607,459,655,660,512,608
613,470,661,656,511,612
608,457,657,659,512,611
615,469,661,647,511,613
618,469,663,651,513,611
603,472,657,662,510,617
602,474,651,662,511,608
599,470,648,661,515,605
600,466,649,660,515,603
596,475,651,662,513,608
611,460,665,661,503,611
607,473,659,656,512,614
601,458,652,658,518,606
611,468,660,649,515,613
604,473,650,656,513,610
608,471,663,652,516,614
604,455,664,658,509,605
599,471,649,661,516,608
600,463,649,656,516,606
604,471,657,655,509,617
602,473,651,660,514,608
613,466,666,648,515,617
612,464,664,660,504,610
605,457,654,657,515,607
614,454,662,657,506,608
612,456,666,660,505,611
612,464,662,662,503,611
606,470,652,659,511,617
607,459,653,656,518,603
617,462,665,647,517,616
614,464,665,646,515,616
609,450,659,657,513,612
615,461,663,648,516,615
604,459,652,658,516,605
616,459,663,661,501,611
613,461,661,649,512,615
613,464,660,662,505,615
617,462,665,647,511,613
616,454,661,663,502,609
618,461,663,648,515,615
618,460,664,650,513,614
618,460,665,650,511,612
613,466,660,660,506,615
618,463,661,649,507,609
606,467,651,665,510,612
615,449,660,659,505,604
617,467,660,656,510,611
613,463,656,668,508,616
617,462,661,657,509,615
608,460,650,664,512,603
619,456,660,666,493,611
617,466,661,658,505,612
617,465,663,668,497,614
609,460,652,664,507,606
618,465,663,651,506,610
619,446,662,659,503,603
621,464,666,654,509,610
623,458,667,664,508,602
619,468,662,649,511,609
624,464,661,652,508,608
622,467,665,657,512,611
610,467,651,664,514,603
619,459,662,664,503,603
617,458,660,663,516,608
623,460,665,665,508,607
616,478,663,657,515,610
615,465,662,666,519,604
609,474,650,662,516,609
619,482,662,663,509,614
613,481,653,667,518,606
618,467,661,661,519,609
624,473,666,651,517,616
623,468,662,659,512,611
624,476,666,666,509,613
620,462,663,662,515,610
616,483,662,662,519,608
615,485,656,666,519,607
617,467,661,662,520,610
620,479,668,653,520,616
623,473,662,654,517,614
620,482,662,656,521,611
609,475,652,665,521,602
621,478,666,652,522,611
617,480,664,668,509,613
620,477,668,653,518,613
618,479,665,656,516,615
615,482,664,660,516,612
616,484,664,661,516,610
609,483,658,665,517,607
614,481,665,658,519,610
615,483,663,663,513,608
613,467,664,663,512,608
604,469,653,665,516,599
613,480,665,658,521,611
613,481,663,665,508,613
603,478,653,668,520,601
604,476,653,666,518,603
612,482,654,667,510,608
611,481,660,664,517,611
606,482,654,667,518,602
613,482,663,658,518,608
614,479,669,660,517,612
615,480,668,660,514,609
606,477,652,666,523,602
606,464,659,663,516,606
619,461,666,668,507,606
615,477,667,655,523,612
616,475,665,660,513,611
616,481,663,657,519,609
617,478,666,668,523,601
608,483,653,667,521,603
621,473,667,669,510,610
609,483,656,666,518,607
619,465,665,663,520,609
614,480,661,664,518,611
605,476,653,669,521,604
620,481,667,655,525,614
620,475,667,655,518,612
609,476,653,667,524,604
617,481,663,668,522,604
621,477,669,655,520,614
619,476,663,659,519,615
615,480,662,664,513,611
619,476,667,664,523,607
619,475,667,654,523,613
615,464,661,663,521,608
618,477,663,660,519,611
615,480,663,662,521,612
616,478,665,668,515,611
615,465,658,664,522,608
615,467,658,663,526,606
610,468,659,663,525,605
623,466,668,665,512,614
621,461,667,661,516,612
609,470,652,667,524,604
611,466,652,667,524,603
622,463,665,661,520,603
614,457,661,665,518,609
608,470,653,668,524,604
612,473,666,664,523,613
619,463,668,668,521,612
607,466,660,664,524,606
619,474,664,660,524,612
621,470,667,655,526,613
619,459,663,666,518,612
619,459,664,664,516,612
619,457,665,666,515,611
620,469,652,670,524,606
623,470,669,655,521,616
618,473,661,662,518,613
622,464,666,657,523,614
621,458,666,666,513,614
621,460,668,667,513,614
616,456,661,664,518,609
620,471,663,660,525,613
617,459,663,665,519,609
621,471,667,655,523,615
619,476,661,665,520,609
620,470,665,670,512,613
609,476,652,670,522,605
608,473,650,666,518,612
623,472,666,655,517,612
618,471,662,670,508,614
618,460,662,663,516,607
619,471,660,671,508,615
622,459,659,664,510,607
621,467,666,665,508,609
609,465,653,665,520,600
619,456,658,670,518,608
622,456,663,667,511,608
617,469,663,659,518,613
613,473,658,663,515,609
617,468,665,669,508,613
613,470,661,668,507,615
620,459,665,666,508,609
620,468,663,651,518,615
617,469,663,668,509,613
618,453,663,664,513,612
618,468,664,655,515,614
620,466,667,666,518,604
620,464,667,668,518,609
617,463,665,669,502,608
608,470,655,668,515,608
619,467,667,657,518,613
615,472,662,661,514,612
609,473,668,668,502,610
615,459,662,664,512,612
615,466,663,666,503,613
615,475,664,659,515,609
613,475,665,669,507,612
617,471,666,666,511,613
615,478,664,657,515,611
604,483,651,669,514,603
614,482,663,669,507,613
614,470,668,667,509,604
615,482,664,663,512,610
618,482,670,657,513,613
604,487,654,669,506,603
613,474,665,668,508,609
608,488,660,665,508,613
610,485,666,670,504,612
606,490,652,668,513,604
616,489,664,659,510,612
610,479,659,665,510,603
614,479,665,665,509,603
615,481,660,667,509,602
615,496,664,667,509,612
617,496,668,656,516,612
612,495,667,654,515,613
619,494,669,653,514,612
617,497,665,655,517,611
611,485,661,663,509,601
616,500,663,662,509,611
602,502,655,669,510,614
616,495,652,667,513,600
612,501,668,669,507,608
605,501,663,667,505,610
615,492,667,667,499,606
613,485,670,667,502,600
611,482,664,663,509,608
602,499,659,666,507,607
603,499,663,672,505,604
591,491,654,667,511,602
599,483,667,668,504,596
594,490,662,670,501,601
592,487,660,666,507,600
584,480,662,669,513,588
580,487,664,671,510,596
590,477,667,656,520,597
582,478,663,662,517,595
580,474,666,670,512,596
567,477,651,669,525,586
571,478,660,666,521,596
572,479,663,666,520,591
565,480,658,668,524,591
569,480,669,656,526,597
563,480,664,670,520,593
563,485,664,656,525,593
562,470,666,667,525,593
560,481,665,670,523,595
557,485,663,669,527,592
551,485,662,665,536,599
555,485,666,655,542,596
541,481,652,671,541,587
545,481,664,669,530,594
553,469,651,670,539,594
545,477,659,667,543,593
548,475,663,662,543,593
551,475,663,662,542,600
553,460,665,665,538,595
547,472,662,665,542,593
553,462,667,658,548,593
543,459,653,666,547,587
542,457,654,666,548,587
550,468,662,656,538,596
551,455,661,664,545,592
547,466,664,657,549,596
555,467,667,656,549,597
552,457,660,664,549,591
559,467,668,655,549,598
550,472,657,664,547,593
556,464,662,664,545,595
562,455,667,668,538,598
561,462,668,670,538,597
550,464,654,667,550,587
559,454,661,665,545,594
558,468,665,659,548,594
560,464,669,655,545,598
563,453,668,668,539,598
558,453,663,668,545,591
556,470,657,668,544,594
557,473,658,669,546,594
553,473,653,666,549,588
567,474,663,665,545,594
567,472,668,668,548,599
560,466,657,667,548,592
563,476,667,662,543,600
568,472,666,673,532,598
566,481,664,670,535,597
572,476,671,656,545,600
567,483,664,668,537,595
568,484,664,669,545,591
571,484,664,665,540,597
564,487,654,668,540,594
567,487,658,669,538,594
578,478,669,669,529,600
568,476,655,668,539,587
572,488,653,671,533,594
580,485,667,665,536,599
568,482,656,669,537,591
567,483,654,670,540,592
576,473,668,668,539,593
579,473,669,667,528,601
576,489,662,665,532,600
570,484,672,655,536,602
582,471,669,668,526,602
569,480,655,668,538,592
576,486,669,670,524,602
579,484,666,670,527,600
577,484,668,663,534,600
579,482,669,659,531,600
572,475,654,661,535,593
581,477,669,654,535,600
571,475,655,667,537,593
578,482,667,658,536,602
579,478,666,667,527,600
579,481,664,656,534,603
573,469,661,666,538,594
580,465,668,667,529,602
582,472,668,671,524,603
582,465,670,667,525,604
578,474,665,674,523,598
583,452,669,666,525,601
571,470,654,669,533,595
583,459,670,671,523,603
580,452,670,667,526,602
581,462,668,669,524,603
581,464,669,671,526,601
577,462,668,667,526,602
574,474,666,672,527,601
580,470,672,656,541,603
573,472,666,672,525,597
573,473,666,672,538,596
575,459,670,669,528,599
573,468,669,670,531,600
562,475,656,670,539,594
570,473,667,661,540,596
561,464,656,667,543,590
571,471,670,657,543,601
559,472,654,670,544,588
573,472,671,656,544,600
559,475,659,668,544,592
557,474,654,670,546,587
561,462,660,665,545,594
562,474,667,664,543,600
559,477,658,668,543,592
565,472,665,672,528,595
554,474,654,669,547,588
564,460,666,665,541,596
563,476,667,663,541,597
556,471,655,669,545,590
567,467,663,662,539,600
563,464,668,665,534,595
566,471,667,657,541,597
551,481,668,661,543,599
559,486,665,662,544,594
564,487,669,658,547,595
564,481,669,669,535,595
561,496,664,662,541,595
552,502,656,670,544,589
559,488,668,668,536,593
564,488,668,666,538,592
551,506,655,670,545,584
563,494,666,670,531,593
557,497,657,666,548,588
554,512,654,668,545,583
554,508,654,671,547,584
564,514,670,665,541,595
560,517,665,666,541,592
566,508,670,668,534,593
556,524,653,670,543,583
566,520,673,662,541,595
553,523,665,666,542,587
559,530,652,670,542,583
555,535,661,666,544,583
553,526,662,666,540,586
564,528,670,656,541,593
565,524,665,670,528,589
563,531,667,664,538,590
568,526,667,669,526,589
567,538,667,663,533,591
563,525,669,667,525,591
564,531,663,665,534,585
564,537,666,665,533,586
561,542,650,656,537,592
567,541,667,658,540,587
570,526,669,669,527,588
569,541,666,657,536,588
574,536,666,671,527,585
572,545,667,657,537,584
577,540,670,657,526,583
578,545,667,656,527,584
576,536,666,660,517,580
589,542,664,664,514,582
583,544,662,663,519,575
595,550,667,656,516,583
587,551,660,663,515,573
598,552,670,652,511,579
606,543,665,663,501,583
601,551,655,666,511,581
596,552,659,663,502,580
608,548,664,669,506,583
609,551,664,663,511,584
609,557,668,654,515,583
601,558,654,664,515,573
602,550,669,653,515,584
604,557,655,665,518,572
611,556,663,659,512,587
614,548,671,660,513,590
617,553,672,659,512,589
617,541,668,667,506,588
606,560,669,653,520,589
613,556,665,658,515,589
615,546,670,656,518,588
607,562,655,665,521,584
614,556,663,659,516,594
609,562,655,666,521,597
620,561,671,650,519,599
619,563,665,658,521,593
624,548,666,663,508,598
620,563,670,651,522,600
616,550,670,661,515,590
620,545,669,665,510,596
611,557,661,661,514,593
618,555,655,665,526,591
624,540,668,667,514,598
626,545,665,661,525,599
623,550,665,657,526,603
627,544,665,664,520,601
621,551,665,659,527,600
616,548,653,662,527,592
621,541,665,660,525,600
624,535,663,661,523,602
619,525,660,652,526,603
625,532,659,662,524,601
612,531,660,662,529,598
620,528,656,665,527,594
625,524,670,652,525,605
618,510,661,660,529,598
626,519,665,655,519,602
626,516,664,661,521,601
617,524,656,664,528,596
622,525,668,653,529,603
624,519,665,662,531,603
626,518,658,659,534,598
615,524,669,649,534,607
622,514,663,660,527,604
614,508,654,660,533,598
617,493,659,658,538,603
620,490,668,661,522,608
624,490,667,648,536,610
616,489,658,659,531,605
624,483,666,651,531,610
622,479,664,653,530,613
623,470,663,657,530,610
623,470,667,660,525,615
611,482,650,660,533,606
618,485,665,646,535,615
611,491,654,658,531,610
614,492,659,658,527,614
616,478,668,657,519,615
622,476,668,657,521,617
614,476,667,656,524,616
614,489,662,649,527,615
607,479,655,656,533,605
614,474,666,653,522,615
605,473,663,652,526,613
609,486,668,646,527,619
606,486,665,645,529,616
612,484,667,643,529,612
598,475,651,654,531,603
597,484,651,657,529,614
598,473,658,658,527,615
604,480,667,656,511,610
601,484,664,645,524,610
598,486,660,649,526,610
594,483,664,659,512,612
600,478,666,645,523,614
584,480,650,654,527,603
593,472,662,653,522,606
587,490,653,658,524,604
597,473,661,653,525,606
598,474,664,654,515,609
584,489,664,647,520,607
586,486,649,658,522,600
600,475,663,641,519,611
593,476,664,657,513,608
589,465,655,653,520,598
582,481,653,659,522,601
585,467,651,653,525,611
598,469,666,653,516,607
581,487,650,656,525,612
589,472,659,648,522,604
594,483,665,654,514,608
580,481,650,654,527,600
592,468,663,654,513,601
583,487,661,651,525,608
584,480,665,655,515,608
585,478,665,655,514,610
582,481,666,643,526,611
579,475,655,652,528,608
585,487,662,655,520,605
581,486,659,651,518,599
573,466,659,652,521,603
574,480,655,655,522,603
581,465,661,652,520,603
578,480,662,651,519,603
569,484,651,656,522,597
580,474,665,643,522,606
576,474,666,643,521,607
563,477,647,655,523,595
574,473,660,649,520,603
572,472,663,655,525,592
564,457,659,654,518,597
560,472,652,657,519,594
566,472,652,644,522,603
562,457,655,653,519,594
566,466,662,658,509,600
566,461,666,657,510,599
555,462,656,653,522,591
563,460,663,654,516,596
565,465,662,643,519,600
559,460,662,654,504,591
550,468,654,652,518,586
554,475,665,644,515,594
546,483,651,655,512,595
554,480,665,646,511,591
541,482,647,659,511,589
548,484,662,660,496,593
540,477,651,655,510,584
540,490,653,657,505,591
547,490,665,660,497,591
544,489,663,652,505,583
547,491,665,645,507,580
538,501,654,659,504,588
540,503,665,652,504,584
544,507,668,653,498,586
542,512,657,656,502,585
542,525,664,650,507,582
540,529,662,652,506,583
537,523,665,659,497,575
545,532,668,650,505,583
549,531,663,662,493,585
542,547,663,650,507,581
535,551,651,660,507,577
542,546,662,653,503,585
547,543,662,654,502,587
545,546,660,661,501,585
544,534,662,664,492,586
538,535,665,660,495,578
547,547,661,655,503,585
548,548,652,663,501,580
549,546,666,651,503,582
538,535,660,656,504,575
539,543,660,659,499,575
550,545,662,657,500,586
543,550,651,663,505,580
537,549,652,663,508,579
554,530,665,665,493,584
552,542,661,664,497,587
554,543,663,656,502,585
541,545,657,659,507,576
553,542,660,663,496,585
551,548,667,650,505,582
541,543,666,650,505,584
543,551,652,663,508,580
552,552,652,663,504,583
550,552,663,664,494,586
549,548,666,652,504,583
551,537,667,662,495,582
548,539,671,663,494,581
557,549,658,661,502,588
543,546,658,660,500,584
551,553,665,653,506,581
554,548,668,650,504,583
555,544,661,662,498,586
551,549,651,663,504,587
562,544,664,655,501,584
557,548,664,655,504,585
558,543,668,651,505,583
559,548,653,665,502,585
560,534,667,663,491,582
563,546,664,657,499,586
563,533,663,657,502,586
559,547,662,658,503,586
552,539,660,660,497,577
560,548,663,653,504,585
560,545,665,653,507,585
566,542,655,662,502,586
564,539,655,662,502,588
566,537,665,659,501,587
561,541,651,664,506,581
567,533,661,661,497,589
563,534,661,663,498,589
566,537,663,659,500,588
568,533,662,657,498,589
562,533,652,662,503,583
569,540,664,662,503,579
573,530,663,664,494,591
574,533,663,654,501,590
575,536,660,659,500,591
566,526,666,660,495,585
572,535,654,662,503,590
573,534,663,660,489,590
563,539,658,662,503,581
573,539,652,664,503,593
575,538,654,665,501,591
584,525,662,664,491,592
575,539,651,664,504,591
572,529,664,659,496,585
577,534,664,652,505,590
585,539,656,664,496,585
575,545,650,662,505,587
584,541,666,649,504,591
582,546,663,656,501,593
575,545,659,657,504,583
589,550,655,662,498,595
579,544,663,660,498,583
581,545,664,659,497,587
590,558,667,652,506,591
595,562,654,661,505,595
594,559,663,653,504,597
595,554,663,657,497,593
593,567,665,647,509,594
587,568,651,660,509,595
599,547,664,663,497,595
590,559,666,661,496,594
587,568,662,660,504,585
599,572,668,649,509,592
597,571,662,656,507,592
598,573,670,648,509,595
597,573,663,656,507,590
595,572,650,663,510,589
601,561,657,661,500,593
605,575,653,663,505,593
603,574,666,649,508,589
598,580,664,650,509,588
605,569,662,659,506,593
603,570,664,661,504,593
606,575,659,659,506,594
605,575,667,651,506,591
606,573,661,659,505,594
605,574,660,659,505,592
596,567,666,657,497,583
596,568,649,660,511,589
595,582,659,659,511,580
603,580,664,657,508,589
593,581,654,662,510,584
601,582,653,664,511,587
606,584,666,651,507,591
608,568,662,659,509,582
597,583,658,659,510,580
608,577,664,649,512,589
608,582,662,659,508,589
600,576,664,660,504,583
607,580,664,651,514,591
613,581,657,660,509,594
608,586,653,663,513,582
609,585,666,650,512,591
608,587,665,652,513,590
611,581,669,656,508,589
605,587,651,664,513,585
602,582,653,664,514,583
605,581,652,663,516,592
608,573,667,650,515,594
614,569,663,657,514,594
612,556,664,663,506,593
599,570,652,660,519,591
598,562,653,662,521,583
611,565,668,652,517,596
608,567,652,661,518,587
610,566,664,657,517,593
607,563,667,652,519,600
606,553,667,661,512,596
608,563,669,645,518,595
610,559,667,649,523,598
608,540,667,660,517,601
600,540,661,656,524,597
608,545,655,663,525,594
614,532,665,652,523,604
612,538,654,662,523,595
606,536,651,659,524,594
610,532,653,658,524,594
615,524,663,652,521,605
614,517,665,662,520,596
610,521,652,659,520,594
615,514,668,645,514,608
617,511,664,648,515,605
617,504,666,645,519,606
616,507,666,646,516,605
615,491,663,655,508,598
602,500,651,656,517,607
616,500,665,647,513,607
620,498,666,641,512,608
615,499,662,655,510,609
616,500,665,651,510,610
613,499,663,660,502,611
610,488,658,654,509,599
607,497,649,656,512,598
607,496,649,657,511,599
614,497,663,648,510,606
616,491,663,661,495,609
618,482,665,656,495,605
611,479,659,653,506,599
606,486,652,644,508,607
613,479,663,655,505,601
607,490,651,654,508,606
615,493,663,646,506,608
605,495,650,658,510,604
615,495,661,652,507,610
615,493,661,648,510,604
618,485,665,644,506,609
616,484,660,651,499,602
614,479,660,649,501,608
605,471,650,656,504,605
610,475,658,654,501,613
615,472,660,645,505,609
614,474,660,654,497,611
617,457,664,656,493,606
617,465,662,656,495,611
606,461,649,657,503,605
613,469,659,649,498,611
610,446,655,652,501,602
615,461,666,656,488,605
619,454,664,657,487,610
616,457,663,659,489,612
620,455,663,657,495,613
616,455,661,650,496,614
619,449,666,644,495,613
608,454,651,655,493,615
608,443,650,654,496,609
615,448,658,650,491,615
607,448,650,657,494,603
613,441,665,645,491,612
612,443,653,657,481,612
621,440,664,643,492,613
614,441,662,653,484,605
608,441,649,654,494,612
618,440,665,643,492,613
608,439,647,655,493,610
603,437,650,655,498,606
618,440,664,644,491,612
616,446,657,653,487,614
613,434,654,652,493,610
617,435,656,654,491,604
608,446,647,651,491,616
620,448,663,649,490,615
620,444,663,643,493,616
620,451,659,647,491,614
616,449,661,647,496,611
617,454,661,643,493,612
618,440,659,652,491,605
615,457,660,650,492,614
605,457,649,655,497,612
619,455,663,642,497,611
619,455,665,643,496,614
618,458,662,656,492,614
615,460,659,654,489,614
619,445,664,655,489,607
607,464,651,655,497,614
609,452,648,654,500,606
620,458,663,645,496,613
613,462,654,651,497,612
612,460,654,655,496,615
616,448,659,653,497,602
620,458,664,655,488,611
618,462,659,651,499,612
617,462,660,646,501,611
612,464,658,649,496,614
612,450,656,651,503,604
606,464,648,656,497,610
618,462,660,657,491,614
612,465,651,654,500,613
612,463,660,650,497,613
619,449,661,653,501,614
617,460,660,655,492,615
607,456,660,650,498,615
605,461,659,655,492,614
617,465,659,648,497,614
606,465,647,653,500,615
618,462,664,643,500,614
609,465,651,655,501,609
612,451,657,650,504,605
610,468,650,649,499,614
620,452,663,653,494,607
616,464,659,645,504,610
615,461,660,656,489,612
619,456,665,655,493,607
619,453,663,653,492,608
617,459,663,656,494,611
617,459,661,643,505,613
614,463,661,655,493,613
616,464,663,641,507,612
617,453,664,649,496,608
617,463,661,655,494,612
608,467,653,654,502,615
607,466,652,654,498,610
604,465,648,656,504,610
614,463,662,645,506,612
612,469,657,653,497,615
609,462,654,652,501,614
610,454,655,652,508,602
615,458,662,655,489,612
616,452,663,653,494,606
617,454,662,654,494,608
604,457,648,650,499,607
613,467,659,657,493,613
616,459,663,656,491,608
619,460,662,656,491,611
614,466,657,651,498,615
612,467,658,648,502,613
618,459,666,643,503,613
611,468,658,647,503,611
617,462,665,643,497,609
616,461,664,642,504,611
613,444,658,650,501,603
608,451,655,652,507,603
621,452,662,652,495,606
615,456,661,653,494,610
605,454,653,651,503,603
603,460,648,651,505,605
610,452,655,649,503,604
603,465,648,654,502,610
606,466,653,651,499,615
610,460,655,650,500,612
602,456,647,652,502,605
599,451,649,650,502,602
611,456,661,641,490,607
611,457,663,641,502,608
607,453,661,651,501,600
605,446,660,649,500,600
594,455,647,654,508,598
602,463,660,658,499,606
601,469,661,646,513,603
593,480,654,653,515,601
600,478,665,643,517,606
597,488,660,646,513,602
596,484,655,654,519,602
594,481,660,654,518,599
592,486,659,653,520,597
590,505,658,654,519,598
586,500,649,654,527,593
584,502,648,655,526,592
581,508,649,656,527,591
585,509,654,656,521,599
588,513,648,659,524,593
585,515,663,645,526,599
578,512,648,659,526,589
588,499,659,654,520,599
585,500,658,655,521,593
585,515,663,645,528,600
573,510,648,656,528,587
585,516,648,659,526,591
574,518,648,660,527,588
577,516,664,647,529,598
578,504,660,657,524,592
584,511,664,647,530,599
575,513,650,661,530,585
581,502,659,659,523,592
576,518,652,662,530,588
584,513,666,649,528,591
577,506,655,660,532,590
586,511,665,647,528,598
577,508,650,659,534,588
586,507,664,664,520,597
572,510,649,663,533,588
586,500,666,659,520,598
588,509,666,645,528,599
576,516,650,659,534,587
585,499,663,660,526,597
586,512,666,651,526,597
580,514,651,665,529,585
588,498,664,662,527,594
580,510,656,659,530,594
577,508,650,662,533,588
586,507,661,663,525,594
585,505,660,665,522,597
577,508,650,662,532,591
589,501,666,651,531,600
588,500,663,659,523,596
575,504,650,662,532,589
589,499,664,649,533,599
587,502,662,663,522,599
578,493,655,659,533,591
588,500,666,648,535,599
589,500,667,651,531,601
572,495,656,660,532,592
583,490,661,659,532,597
584,503,663,664,520,601
572,509,651,663,532,592
583,492,662,660,528,597
579,496,655,659,530,593
573,511,653,660,529,598
581,507,661,658,527,598
573,512,653,661,527,596
583,508,666,652,527,604
576,500,660,657,527,596
582,502,664,660,518,602
578,516,665,649,527,604
577,519,665,648,527,603
570,520,657,657,524,596
578,518,663,662,513,600
569,516,663,661,517,603
565,527,655,656,529,597
576,528,659,664,519,600
564,535,659,658,522,598
573,539,650,660,523,595
574,529,665,664,512,599
574,531,663,660,512,603
578,542,664,652,519,601
576,541,662,650,523,603
564,535,659,652,525,600
576,535,657,664,511,602
566,549,649,661,526,591
571,535,664,660,517,601
565,541,659,655,523,599
568,550,661,650,524,600
572,554,661,652,524,600
571,551,650,661,523,596
563,550,655,658,520,599
564,544,662,658,520,593
575,552,658,657,519,597
572,557,664,660,517,601
561,554,652,658,524,592
575,552,655,657,519,601
574,557,651,661,521,597
571,562,661,660,513,603
576,558,658,660,518,600
575,547,662,662,512,601
576,558,660,662,512,597
574,552,660,655,512,601
573,559,664,647,523,603
571,562,660,649,523,600
574,547,663,661,511,600
570,562,660,649,524,601
572,564,661,649,524,602
575,553,659,655,518,600
572,563,664,647,524,602
578,560,654,659,520,597
563,555,646,662,524,594
572,551,660,663,512,602
574,563,660,653,523,600
567,566,647,659,524,592
563,557,658,657,525,597
579,560,655,658,520,604
572,560,659,653,522,599
574,564,660,659,525,594
572,560,660,655,520,601
574,563,649,662,526,594
575,563,660,649,524,600
573,563,648,660,524,593
576,561,664,647,525,601
568,558,664,655,524,591
577,545,665,659,512,604
580,557,664,647,522,604
572,559,648,659,523,594
576,558,648,658,522,593
582,552,664,646,521,605
588,549,654,656,517,601
581,550,649,655,522,593
591,545,666,647,517,604
593,546,648,658,518,595
594,542,653,658,518,596
598,535,660,663,511,604
598,542,651,660,518,595
595,530,661,655,513,601
600,527,664,658,506,600
601,539,659,653,516,600
595,536,655,649,516,601
603,541,650,659,518,593
607,538,666,646,520,603
610,538,660,659,511,604
611,539,660,648,517,604
612,538,662,653,517,604
612,539,660,655,516,601
604,545,653,658,522,593
615,540,667,646,519,606
615,537,662,652,519,601
615,529,664,660,510,603
608,543,647,660,522,593
613,541,663,648,523,602
616,538,666,644,522,602
616,539,662,652,520,600
607,536,655,658,521,596
617,535,663,648,517,601
622,521,660,660,524,602
621,526,659,661,514,600
610,531,654,651,518,596
612,517,667,658,512,604
615,531,649,660,520,593
618,516,665,658,512,597
621,512,664,660,510,602
621,525,669,648,519,605
612,529,656,655,522,596
614,526,651,660,524,593
621,503,660,652,519,599
618,516,662,657,513,601
617,522,654,659,520,595
614,510,656,657,518,595
614,520,652,658,522,595
615,521,650,657,523,595
622,513,662,653,519,603
618,521,665,645,522,606
623,507,663,656,520,596
618,523,665,647,525,603
613,512,661,654,520,601
610,524,657,656,520,596
619,516,658,654,521,599
619,517,669,645,521,606
623,503,665,657,517,598
620,494,663,655,513,601
620,499,663,655,504,605
610,499,652,658,519,595
621,504,662,648,518,602
610,506,654,657,515,600
618,503,662,645,517,602
622,483,664,657,510,595
624,495,666,651,511,607
611,491,650,657,513,596
619,493,662,658,497,607
620,488,662,661,503,607
615,484,655,654,512,601
615,477,657,655,508,598
622,483,666,645,513,610
617,495,661,657,507,607
608,496,651,659,511,610
614,495,661,652,511,607
618,479,662,656,507,599
612,479,660,655,512,599
607,496,649,659,515,599
610,484,650,658,517,609
609,480,656,653,520,603
606,496,650,658,517,597
611,495,657,657,516,605
615,478,662,654,514,608
612,484,658,653,523,603
612,491,662,654,516,610
613,501,653,652,526,610
611,488,657,648,528,603
602,500,645,653,530,600
614,499,663,640,531,609
618,486,662,651,530,611
615,485,662,639,533,610
615,500,660,641,530,612
617,500,661,641,529,600
611,500,657,645,530,610
607,498,650,651,531,607
607,490,653,650,537,603
609,498,652,648,531,607
611,497,659,654,524,609
612,499,662,642,531,613
611,486,662,649,526,609
597,505,648,652,532,601
609,483,655,644,534,605
613,505,658,648,529,608
613,504,652,652,528,610
614,502,659,644,530,607
612,484,661,644,525,607
616,487,665,651,521,610
615,498,662,638,534,610
614,493,662,637,534,612
607,485,657,644,531,604
612,493,662,653,521,612
606,489,651,646,535,602
609,502,659,648,525,610
610,499,660,641,532,610
613,490,659,637,530,612
613,488,663,637,533,611
604,473,653,648,529,606
599,479,648,652,531,600
606,479,655,648,526,609
608,476,657,650,520,609
612,473,660,639,530,611
603,467,653,649,529,604
600,472,644,652,529,601
611,462,662,649,515,613
608,473,658,642,522,611
611,463,656,641,515,611
610,452,661,650,514,601
605,461,660,652,514,611
