=~=~=~=~=~=~=~=~=~=~=~= PuTTY log 2023.11.03 01:34:12 =~=~=~=~=~=~=~=~=~=~=~=
653,587,639,644,671,571
648,572,645,641,664,570
645,585,639,640,672,567
655,571,646,645,661,570
652,588,644,630,674,570
655,583,645,633,667,569
642,582,636,641,672,563
655,584,648,632,670,571
648,582,632,645,674,561
655,575,639,640,669,567
646,588,633,643,673,561
652,570,645,645,661,569
651,582,647,632,675,570
657,584,637,643,674,563
644,589,633,643,672,562
649,588,646,633,673,570
653,584,644,641,669,569
653,583,644,639,670,570
653,580,641,650,665,568
638,588,638,642,678,567
648,586,648,632,671,563
637,585,638,644,674,561
644,575,646,644,663,567
648,585,635,644,672,564
647,581,642,648,664,570
639,591,633,645,676,563
636,589,631,644,675,562
634,590,632,638,663,573
634,584,638,643,670,567
646,583,644,643,667,569
631,583,636,642,675,567
646,585,640,636,669,571
634,578,645,642,670,570
633,585,641,644,672,567
644,587,646,628,672,574
644,574,645,647,661,570
631,573,646,642,669,572
639,584,649,632,674,574
644,567,645,650,661,570
640,576,646,635,672,570
641,572,637,648,671,564
646,558,644,647,664,565
644,555,641,644,670,566
641,561,645,636,674,569
639,556,633,642,672,561
638,553,648,631,670,571
631,545,645,643,665,571
643,545,638,644,669,564
638,543,644,637,672,569
638,544,645,638,671,568
636,539,645,637,671,568
643,527,646,648,661,569
638,538,646,635,672,569
641,534,650,635,669,571
644,532,641,645,669,565
644,530,638,644,673,566
642,515,648,648,663,568
637,528,646,641,669,567
641,520,646,648,661,568
636,533,648,632,672,571
627,529,641,643,667,565
640,526,642,644,663,567
640,525,644,647,666,567
632,534,646,635,672,570
627,527,638,642,673,564
636,531,649,631,672,571
625,531,639,644,673,563
636,520,645,647,659,568
639,529,646,640,668,568
639,520,644,647,661,568
641,517,642,647,659,571
630,534,648,633,671,569
640,530,635,643,665,566
632,519,648,645,659,571
640,532,643,640,668,568
637,520,647,646,666,569
636,531,634,638,660,568
637,530,648,638,668,572
634,528,648,631,672,571
624,524,638,642,671,562
638,514,639,643,668,565
633,516,645,640,670,565
635,500,643,643,665,566
628,499,638,644,670,562
633,501,642,638,670,566
629,493,646,642,663,565
622,508,633,647,671,559
632,505,638,643,667,564
638,499,650,631,669,568
636,487,649,644,659,568
638,495,649,633,665,565
625,499,632,646,671,558
623,499,633,646,670,557
634,496,641,645,667,559
634,494,644,643,665,563
638,490,648,633,669,568
626,488,632,645,673,557
636,489,647,632,673,566
640,478,648,647,657,566
637,482,649,632,668,566
635,478,646,646,659,568
639,480,648,634,669,567
637,480,647,633,670,567
631,467,645,643,665,563
631,479,644,640,667,563
637,475,652,633,668,568
637,472,647,632,674,565
622,477,633,646,671,557
624,477,633,648,670,557
636,473,643,640,667,565
632,475,638,644,668,559
638,469,648,645,659,567
638,471,650,632,671,569
638,474,640,642,667,562
636,474,643,646,664,564
637,472,644,634,671,565
635,456,646,643,664,567
634,473,642,645,662,558
634,472,645,638,671,564
636,470,648,633,673,567
634,470,647,633,671,565
632,471,641,643,668,563
638,465,649,636,667,565
629,454,638,642,672,562
635,450,647,645,664,567
638,456,647,645,658,568
639,457,649,648,657,567
632,462,640,644,667,562
635,447,645,641,665,569
628,448,641,644,672,567
636,462,641,647,662,568
627,454,636,644,667,566
637,455,649,647,658,569
638,461,646,632,671,567
630,466,640,643,666,563
635,466,644,634,670,567
640,464,647,633,668,569
635,453,644,641,665,568
635,466,645,633,670,567
629,453,636,640,669,566
638,462,649,631,669,571
627,469,643,644,663,566
632,470,643,640,665,566
632,468,644,636,669,567
636,463,648,632,670,569
628,464,645,634,667,570
623,463,633,643,671,560
624,469,632,645,668,559
637,467,648,631,670,569
619,463,633,644,671,559
633,467,644,633,668,568
633,460,645,645,657,569
627,470,639,642,659,565
623,469,631,644,669,560
631,468,644,642,665,567
631,465,641,647,663,568
636,460,648,632,666,570
635,463,645,632,670,571
632,462,645,640,665,567
633,462,641,640,658,572
634,461,645,638,665,569
622,457,632,644,670,562
635,458,644,631,665,572
636,455,648,632,667,572
635,444,647,643,657,569
635,435,642,642,661,571
632,458,639,632,667,569
622,456,632,646,669,562
639,441,647,645,658,571
631,443,645,644,658,571
634,447,645,644,658,570
624,457,633,642,668,565
631,459,640,643,663,568
634,456,644,634,670,570
632,455,644,635,669,569
631,457,644,634,668,569
622,458,634,642,670,563
621,449,633,643,672,564
636,456,644,645,657,572
635,457,648,630,669,574
626,460,635,644,660,565
636,452,647,630,668,572
623,455,631,644,668,564
623,454,631,644,671,561
635,437,646,642,660,573
627,453,632,646,666,565
636,450,646,630,669,574
636,439,643,642,653,571
632,451,648,635,662,575
631,456,642,643,663,571
633,457,644,633,668,570
635,456,637,639,666,571
632,458,641,641,661,572
626,451,627,641,669,563
639,442,647,642,658,572
637,454,639,641,654,572
638,442,645,644,658,574
631,442,639,639,664,569
628,460,635,645,665,567
633,460,640,640,664,571
624,456,631,643,670,564
628,449,634,641,671,567
639,456,642,636,664,574
636,456,643,645,660,571
637,445,647,644,657,574
635,459,642,639,666,570
635,466,641,644,662,571
631,447,644,641,660,575
633,464,641,638,665,573
637,461,644,645,659,572
628,459,631,645,668,565
635,461,639,635,668,575
627,456,632,642,670,566
626,467,632,643,667,566
624,459,631,644,671,567
628,465,632,642,666,568
638,461,644,644,658,574
641,461,646,633,666,577
640,463,647,631,666,576
628,464,631,643,672,567
636,469,640,638,664,573
627,461,632,642,670,568
629,458,634,641,673,569
642,460,645,644,657,574
630,468,640,641,662,573
626,460,632,642,669,567
639,470,645,641,665,569
641,467,642,635,664,576
635,470,640,645,659,573
628,471,631,644,667,569
633,454,638,640,665,572
634,457,647,644,655,577
632,456,637,639,670,570
629,472,634,642,666,572
637,463,643,639,657,574
639,457,645,642,660,577
636,471,642,641,659,571
636,450,639,643,664,574
641,458,645,642,660,576
638,467,642,647,654,572
636,471,642,644,656,575
633,473,636,641,665,569
627,469,629,643,668,566
630,473,642,634,666,572
637,471,641,646,656,576
636,471,642,632,669,578
636,459,642,639,658,575
634,477,635,641,664,572
637,466,643,645,656,577
627,464,635,639,672,571
634,475,641,639,664,573
627,472,629,641,670,567
625,475,629,645,668,566
634,461,639,640,665,574
635,479,639,641,660,576
632,476,636,641,666,571
627,477,630,644,665,574
631,475,644,632,665,574
635,476,641,631,668,576
626,479,634,641,664,570
633,477,637,640,663,572
634,463,637,637,663,572
633,462,640,641,662,574
637,468,643,630,664,572
631,476,641,632,668,576
635,473,643,643,655,575
635,464,643,641,659,574
641,476,645,638,663,573
634,468,640,641,660,574
624,475,631,641,669,566
635,461,643,637,656,574
633,485,644,634,664,574
634,470,643,643,658,575
631,485,636,639,664,571
636,471,643,642,656,573
625,473,636,642,667,569
631,488,637,642,664,574
638,488,644,634,665,576
633,482,644,632,669,575
624,492,639,633,667,572
636,478,644,642,658,574
637,489,645,630,666,579
635,483,643,645,654,576
622,484,630,640,669,566
637,485,643,643,653,576
634,493,640,636,667,572
621,496,629,645,664,569
632,493,637,641,657,573
636,479,644,642,656,576
634,494,641,632,667,576
623,487,629,641,669,567
634,494,641,631,668,577
638,480,644,643,656,577
635,478,641,641,659,575
631,495,632,642,664,571
636,492,637,637,664,575
634,480,644,641,659,578
636,482,643,643,656,577
626,488,630,642,669,568
635,489,642,647,655,574
633,494,641,638,663,576
638,493,642,634,664,578
634,497,640,642,659,574
637,485,640,629,661,578
633,481,642,641,663,573
627,486,629,640,668,569
633,480,641,641,658,578
636,481,643,642,656,577
634,481,639,640,662,576
636,494,640,635,664,577
628,487,633,640,668,570
632,496,641,640,663,573
633,500,638,638,660,576
631,501,639,643,661,576
625,495,627,644,668,569
636,496,642,630,668,579
626,489,634,641,668,578
634,498,638,636,666,578
626,487,636,640,670,571
624,485,635,641,665,573
626,502,630,643,665,571
633,501,638,639,660,577
635,486,642,641,657,579
635,500,641,644,655,577
633,502,637,636,663,576
625,503,628,644,667,570
636,495,641,635,665,580
636,499,643,629,668,579
632,502,636,639,661,575
638,501,642,633,664,578
635,497,642,629,666,580
632,505,637,637,662,576
627,495,639,643,655,579
624,499,627,641,666,570
631,500,642,632,669,578
627,504,628,645,666,572
630,487,638,641,661,576
633,487,638,649,657,577
635,495,635,636,665,578
634,500,642,633,664,578
635,495,642,643,655,581
622,500,625,641,668,571
624,507,625,642,669,570
635,493,635,636,658,580
635,504,642,626,668,582
626,496,633,639,666,575
622,505,625,640,667,572
629,511,637,638,668,572
634,497,640,644,664,579
628,492,629,635,666,572
625,495,635,640,666,574
632,507,638,629,660,580
633,509,635,644,657,577
635,497,639,640,660,580
633,506,638,644,656,578
632,504,636,634,666,578
632,511,635,638,666,576
624,506,627,640,669,572
635,509,635,632,663,581
634,496,640,642,655,580
625,513,624,643,667,570
633,510,638,632,668,580
632,504,631,633,663,579
631,510,636,630,667,579
632,497,631,641,667,579
627,512,638,629,667,582
633,510,638,635,663,581
630,513,640,642,660,578
623,507,624,640,669,572
626,514,625,641,668,571
637,511,635,634,662,579
628,497,638,638,660,581
629,499,634,639,664,576
634,510,636,630,666,581
624,507,625,641,669,572
632,512,628,641,665,572
630,514,624,639,665,570
636,509,636,632,668,579
631,511,638,628,668,580
630,516,626,641,670,567
632,515,639,628,670,579
635,511,636,645,656,575
627,501,626,639,670,568
636,511,638,633,664,576
639,511,642,631,667,576
631,514,627,644,668,565
635,511,636,644,659,572
635,515,641,628,669,572
639,509,641,629,670,573
642,508,641,627,667,573
627,502,633,639,670,566
639,499,640,641,660,571
640,512,641,628,670,570
637,512,637,637,665,568
640,507,640,628,669,570
640,507,641,629,670,570
642,507,643,629,666,572
635,511,631,629,670,567
640,511,637,636,667,566
643,511,641,636,666,572
645,502,644,625,664,570
646,510,641,634,665,568
641,513,625,642,670,557
640,507,634,641,662,564
638,513,643,630,670,569
634,510,627,642,671,557
645,506,643,642,656,566
634,512,634,631,671,567
644,500,640,638,675,569
645,515,632,641,668,563
645,516,643,625,669,570
648,504,641,640,656,569
644,524,640,628,671,565
647,511,642,642,659,569
639,513,641,641,660,568
635,521,633,639,670,561
645,525,639,634,669,565
642,514,643,641,659,567
636,533,631,640,670,562
647,522,639,640,663,564
645,528,639,630,666,567
646,534,628,639,672,555
650,518,639,644,658,566
645,534,642,630,671,570
647,529,640,643,660,567
650,531,630,641,671,561
646,532,642,628,670,570
647,529,637,638,667,565
637,524,642,638,663,567
636,533,633,643,670,567
643,530,638,635,668,567
645,531,643,628,668,570
646,531,631,643,669,560
644,520,644,644,659,572
646,525,640,636,668,566
648,533,646,628,668,563
644,535,630,638,661,567
651,519,642,643,659,568
639,537,642,630,672,571
644,539,641,631,671,570
645,537,641,628,671,567
647,524,644,644,659,569
648,539,640,635,670,567
647,524,641,646,661,568
637,540,629,641,675,562
648,531,639,646,667,567
636,533,637,639,673,565
639,536,628,643,673,560
634,537,630,644,661,569
645,538,649,630,672,572
635,524,642,637,668,569
647,531,639,637,670,567
647,523,644,644,661,571
643,541,644,628,674,570
645,524,644,643,660,568
648,524,643,646,662,569
647,525,644,645,662,568
642,538,646,632,671,572
649,538,637,643,670,564
640,541,629,643,675,559
647,536,642,639,670,567
648,536,645,632,673,570
638,524,645,645,660,571
649,536,638,638,670,570
641,543,645,629,674,572
645,535,639,640,667,568
645,537,642,637,671,568
643,542,640,639,670,569
634,534,635,639,670,568
647,539,630,643,674,563
644,535,644,631,670,573
636,530,644,641,665,571
644,540,645,630,674,573
643,536,647,630,672,571
644,535,645,632,673,572
647,534,641,640,670,569
645,525,641,641,665,569
644,534,645,632,672,574
639,519,645,643,664,573
647,530,644,633,671,572
639,533,631,646,674,560
643,533,630,645,673,563
642,534,645,632,674,573
644,528,634,645,672,566
646,515,641,645,661,574
632,532,632,642,674,568
643,531,631,644,673,564
641,514,645,642,662,574
642,527,647,630,671,575
642,530,644,634,673,574
637,529,632,643,679,565
633,527,642,637,670,572
641,527,634,643,670,567
647,526,643,637,669,572
645,529,633,644,667,567
643,525,646,629,672,576
634,532,631,643,674,564
641,525,632,646,672,564
647,526,636,641,672,568
635,515,646,636,669,574
649,522,634,641,670,567
646,510,643,643,662,575
645,525,647,631,670,576
632,523,638,639,670,570
648,522,636,644,669,569
630,518,639,640,668,573
633,519,640,640,669,569
637,513,646,643,672,565
646,522,639,638,669,573
637,515,643,641,665,575
647,521,640,638,668,572
638,526,629,642,675,564
644,521,635,643,670,569
647,519,637,643,662,575
646,520,635,637,659,574
635,523,631,638,669,567
643,508,630,643,672,566
641,525,630,643,674,566
645,508,643,638,668,573
646,518,647,630,667,576
643,524,644,629,674,574
640,508,643,640,662,576
640,524,627,628,673,575
646,507,644,641,661,576
648,519,636,640,669,569
632,514,631,638,671,569
645,508,644,638,663,575
644,520,645,629,672,576
642,520,629,644,670,566
648,517,633,643,665,571
645,511,639,641,660,574
644,521,629,638,673,567
640,508,637,639,669,573
632,524,635,641,674,567
647,520,640,636,671,576
643,521,628,641,672,564
633,522,628,640,672,568
646,518,631,641,669,569
642,523,641,628,673,575
638,523,639,638,673,567
645,519,633,640,669,571
636,516,640,635,666,574
644,512,645,627,670,578
640,514,643,632,666,577
644,517,639,635,668,573
636,521,644,628,666,578
639,521,642,628,672,576
646,506,644,640,658,575
642,506,637,638,660,577
641,519,638,629,668,575
647,514,639,635,671,573
643,516,640,629,669,569
641,514,642,631,667,574
629,510,633,637,672,568
643,504,641,638,661,578
640,506,641,638,662,576
639,506,636,636,668,570
640,517,628,636,665,574
647,509,643,640,656,577
643,515,633,637,668,571
642,513,634,635,667,570
633,518,629,637,671,567
643,518,638,635,673,571
647,513,635,636,666,573
641,517,640,635,656,569
646,512,638,641,657,576
645,511,629,636,664,569
640,512,629,641,669,567
645,500,642,635,657,577
643,514,644,626,666,579
646,511,644,628,665,579
643,507,631,635,670,569
634,516,629,638,668,569
632,517,626,640,666,569
644,512,643,627,663,581
634,507,629,640,661,577
636,517,626,638,669,568
642,493,636,634,653,580
643,513,642,625,667,578
646,511,641,624,667,580
645,514,639,629,664,567
643,500,641,635,656,579
645,507,628,627,666,577
635,506,628,637,667,569
644,511,638,630,660,576
638,514,625,639,667,568
641,511,643,638,652,577
637,512,643,625,665,579
638,499,638,640,665,569
641,514,641,626,667,579
649,510,643,626,663,575
641,512,639,627,658,577
644,509,637,634,662,577
645,495,640,635,657,579
646,496,642,642,658,577
645,510,636,631,661,581
644,495,639,630,665,569
642,510,636,634,665,574
636,498,632,634,665,573
630,503,625,636,668,571
641,510,638,642,656,577
646,496,644,623,664,581
643,502,638,629,662,579
635,506,629,639,664,572
641,490,640,633,665,569
639,507,633,636,658,576
638,490,631,636,664,575
645,489,640,636,657,579
637,489,637,636,661,578
645,489,637,633,660,577
638,488,634,634,663,576
637,499,641,625,666,579
644,489,642,635,658,579
641,503,638,631,663,577
645,499,639,627,663,580
644,483,634,636,659,578
640,501,641,624,665,580
641,504,627,631,662,577
643,488,639,639,655,579
632,494,620,635,664,572
641,499,635,631,662,579
640,504,633,639,663,575
637,489,634,634,660,578
642,503,638,634,664,579
643,487,641,637,665,576
643,503,638,628,665,578
644,499,640,624,664,581
631,498,625,635,667,571
644,493,641,640,653,578
630,506,626,637,667,571
645,500,642,624,664,581
644,499,641,625,666,581
642,505,638,631,663,577
641,501,636,640,652,580
631,506,630,638,664,572
640,502,634,630,662,577
642,497,632,630,661,577
644,502,643,626,663,581
638,488,633,635,666,574
635,491,632,634,663,574
635,504,635,637,657,578
642,489,636,633,657,577
633,503,624,638,667,570
641,505,636,637,657,577
634,494,627,636,668,572
634,504,624,638,666,569
644,496,639,639,654,580
645,500,640,625,663,581
641,489,633,634,662,576
642,489,637,634,658,578
642,499,637,640,647,575
641,505,634,640,654,577
641,499,638,626,665,571
637,491,630,636,665,573
630,500,623,637,667,571
641,505,635,635,666,569
644,500,640,628,662,580
638,506,633,631,663,578
642,506,634,631,665,578
638,505,629,636,663,576
639,507,633,636,662,577
631,499,622,638,667,568
637,501,636,639,654,579
640,502,639,623,666,581
630,501,623,639,668,573
635,494,629,635,662,573
645,490,638,638,656,580
642,504,634,635,658,578
645,502,637,632,662,578
640,507,633,635,659,577
644,500,637,625,666,580
642,505,632,631,668,580
642,497,633,633,662,576
632,506,635,639,654,580
632,506,622,637,666,569
637,499,637,641,654,578
646,501,635,629,661,582
632,505,624,637,666,570
637,503,633,635,662,576
646,498,636,626,666,582
642,487,636,636,656,579
643,501,638,626,663,580
644,489,639,636,654,579
637,490,633,631,665,580
633,506,625,640,663,572
632,504,623,639,665,569
644,495,638,640,653,580
640,502,634,635,660,572
642,488,637,638,655,579
631,502,623,638,667,571
634,506,626,640,663,572
639,504,635,631,664,578
646,499,641,636,668,578
643,490,636,636,657,579
639,504,636,628,663,579
639,506,632,637,659,579
637,505,629,638,664,574
634,505,624,638,663,572
646,493,637,641,655,579
638,505,634,630,662,580
636,492,629,635,667,573
640,502,630,636,662,577
640,502,635,632,662,579
631,498,622,625,663,576
640,505,634,629,663,580
632,499,622,637,667,570
640,506,635,629,663,578
640,506,633,625,665,569
642,499,641,629,662,583
641,506,634,637,660,578
640,506,636,629,664,578
630,504,623,637,666,569
645,500,639,625,665,580
635,490,634,636,658,574
640,502,638,625,662,580
645,498,639,636,651,578
643,490,639,638,654,580
644,500,640,626,661,582
643,491,637,637,655,576
640,496,638,641,653,579
641,509,634,632,664,577
630,501,624,636,667,570
630,509,625,638,668,568
644,491,639,635,657,579
639,506,636,636,662,576
634,495,628,636,664,574
644,501,640,628,665,578
643,503,636,641,655,577
632,501,624,637,669,569
639,492,633,635,663,576
642,499,631,640,664,575
645,499,640,641,655,576
641,507,636,640,661,576
635,491,631,637,656,575
634,494,630,636,665,573
644,502,639,627,669,579
644,499,638,645,655,578
645,490,643,638,656,579
635,506,629,639,665,570
646,497,636,639,655,577
641,505,638,628,668,575
644,501,641,628,665,577
644,504,640,627,670,575
639,506,629,637,665,571
643,503,640,627,670,577
639,505,632,638,666,571
643,490,637,636,662,572
642,504,635,641,660,575
644,501,642,626,669,578
628,508,625,643,667,568
635,497,623,641,672,568
644,501,636,643,657,575
643,502,642,630,664,578
632,500,624,642,662,564
644,497,639,641,654,575
642,504,640,627,670,576
643,498,637,644,656,574
637,506,631,640,666,571
638,490,633,637,666,572
640,506,638,640,662,574
642,504,637,634,667,574
646,490,642,643,659,576
644,491,642,641,657,578
633,494,631,638,668,570
643,490,641,637,659,576
642,507,636,637,665,574
636,492,630,637,665,569
633,499,623,634,668,567
643,505,638,635,660,574
644,490,642,640,658,577
632,501,627,641,669,567
643,503,640,637,665,574
645,504,639,632,663,575
635,506,628,641,665,571
646,497,641,637,656,577
641,500,639,645,656,579
643,503,643,631,666,574
642,505,635,638,666,575
634,494,632,637,666,571
631,507,627,640,668,565
645,501,640,631,664,577
642,503,638,629,668,576
638,488,636,636,666,574
644,499,640,643,657,576
647,500,639,631,666,579
644,496,640,643,656,575
633,493,631,636,666,569
640,504,637,634,665,576
644,499,643,627,664,578
643,499,641,641,657,577
642,503,636,631,665,575
641,505,638,639,669,567
631,499,625,640,668,566
642,506,638,638,661,574
644,501,639,633,665,578
632,501,625,641,670,567
643,500,642,627,668,577
647,501,643,629,667,579
640,503,636,640,664,574
642,504,640,628,669,576
643,502,639,634,663,578
646,484,638,632,666,575
645,500,642,625,669,578
645,498,639,642,655,575
632,507,627,641,668,568
646,502,640,641,657,576
646,487,637,637,664,575
636,505,639,635,664,577
645,488,641,638,660,578
642,506,635,637,665,574
628,498,629,639,669,569
637,491,637,636,666,573
641,504,638,640,665,575
633,500,625,640,669,567
647,489,643,640,656,579
643,504,639,643,657,575
640,503,639,637,661,575
646,501,642,628,665,578
641,504,636,641,660,575
641,497,638,634,664,577
649,489,641,640,658,579
648,488,642,637,656,578
633,495,629,639,666,571
638,504,634,642,667,572
641,505,636,638,665,571
633,504,627,641,669,568
645,500,642,627,668,578
634,506,628,642,666,569
633,491,626,638,669,570
644,502,638,635,665,576
643,496,638,636,654,575
645,497,643,627,668,577
644,484,640,638,662,577
632,496,626,641,667,567
646,493,643,627,667,578
638,496,638,638,659,570
644,485,641,627,666,573
643,492,639,633,668,569
637,482,633,637,670,571
643,489,636,644,656,575
640,493,637,636,663,572
644,494,627,642,669,566
645,492,638,644,657,572
637,492,637,632,666,574
644,477,638,634,664,573
646,488,643,628,665,575
643,489,641,627,668,574
637,480,633,636,666,568
644,475,641,639,661,574
631,480,624,639,670,564
640,489,638,638,664,572
641,489,640,632,669,575
641,481,635,632,663,570
638,474,636,636,664,569
636,490,630,642,665,568
644,475,642,638,659,574
641,487,636,634,663,568
648,486,645,627,666,574
633,477,631,637,670,567
646,480,642,638,655,573
633,480,629,637,668,567
641,489,638,634,663,571
635,488,634,639,656,571
633,489,626,641,669,564
631,485,626,640,669,564
643,484,638,631,667,569
644,482,640,628,668,574
636,484,637,635,665,573
643,480,642,627,668,574
643,480,639,643,656,572
640,484,636,637,664,570
646,474,641,627,665,573
633,475,626,640,669,565
634,468,633,636,666,568
637,481,629,638,665,566
643,475,641,625,667,574
645,465,642,640,650,573
642,476,641,629,668,571
639,477,640,628,669,571
643,472,641,643,656,571
643,462,641,637,659,572
644,476,637,633,665,568
641,472,640,634,666,570
642,470,640,640,656,569
643,457,636,638,661,567
638,472,629,642,666,564
643,468,641,628,669,571
632,462,627,637,670,560
641,467,640,628,669,571
630,466,627,639,669,561
643,469,640,631,666,570
634,471,627,642,665,562
639,475,637,638,661,568
639,473,634,637,664,569
634,474,629,641,666,563
647,470,642,627,668,570
641,457,639,637,663,568
641,459,639,636,660,568
637,472,638,637,664,568
641,469,637,629,668,567
637,460,630,636,669,560
637,457,634,636,666,564
633,463,628,643,658,569
640,451,637,638,662,568
643,464,639,642,654,569
643,472,640,632,665,565
641,469,642,629,670,572
636,473,629,641,664,563
632,475,628,642,667,561
642,466,641,627,663,570
636,476,631,641,665,565
646,471,643,632,664,569
641,474,639,642,659,568
633,461,632,638,667,564
648,471,643,631,665,572
642,470,639,642,655,571
643,468,639,640,659,568
642,476,636,643,655,571
635,466,628,637,670,562
643,474,642,624,668,572
646,468,644,628,668,573
644,462,644,637,657,572
640,477,637,637,663,567
646,473,644,642,656,572
644,462,640,639,658,571
645,474,643,628,665,574
643,475,640,628,668,571
647,476,642,633,664,574
642,475,637,632,667,568
641,476,637,634,668,569
640,469,642,641,655,571
632,469,626,637,668,561
644,474,640,627,667,572
646,462,641,639,658,574
639,482,640,635,664,570
644,477,643,631,664,575
644,478,638,641,659,571
636,468,632,635,666,568
633,479,626,637,668,566
643,478,639,642,655,572
642,467,638,639,663,571
645,479,640,640,655,574
642,488,638,636,659,571
634,487,628,642,666,563
643,487,638,640,657,575
642,478,639,642,655,574
644,487,643,627,667,575
642,486,638,645,662,572
644,487,638,631,664,574
643,487,640,639,666,569
639,482,642,640,654,576
641,490,637,628,668,565
646,486,639,643,669,569
633,484,627,637,666,568
642,485,634,633,666,573
636,473,634,634,671,570
634,481,631,637,670,569
644,484,636,633,666,574
646,491,638,624,665,579
641,483,643,641,655,576
634,489,630,639,669,567
644,487,640,641,657,570
641,493,637,639,660,572
631,489,626,637,668,571
634,489,626,641,665,567
642,495,636,637,666,571
644,479,642,640,655,577
643,490,643,627,670,575
636,481,634,636,669,570
633,493,623,637,667,566
642,487,638,640,660,574
642,496,638,632,666,573
645,491,644,629,665,577
641,493,635,635,665,574
646,492,642,624,667,574
641,495,634,636,664,572
635,497,637,634,664,572
632,497,627,641,668,569
644,487,642,642,655,577
640,496,637,635,664,575
645,481,643,638,659,577
639,480,642,640,656,578
641,488,636,631,667,574
641,479,641,636,661,575
633,495,630,641,662,569
641,494,638,629,669,577
643,492,644,626,668,577
643,480,641,638,659,577
639,479,642,636,659,576
640,481,637,636,665,575
641,494,638,637,658,575
642,496,638,636,664,573
637,498,637,627,666,566
641,490,643,627,668,577
642,491,637,642,654,576
639,495,633,644,659,574
639,493,636,633,667,575
638,480,633,636,663,571
633,479,629,636,664,567
643,492,641,627,667,576
645,494,642,626,667,578
641,494,636,640,664,569
641,496,633,638,666,570
647,490,641,627,666,577
640,496,637,639,663,577
632,479,640,636,663,573
645,481,642,638,657,577
642,497,638,632,666,575
641,496,636,639,663,575
646,493,637,635,665,579
639,494,638,632,669,576
642,486,642,642,654,576
642,481,640,638,658,575
646,483,641,639,655,577
640,495,636,642,654,577
634,494,643,630,664,575
631,498,627,639,666,569
636,483,631,637,671,572
646,486,643,641,654,576
640,496,638,641,656,575
645,494,642,636,656,577
644,491,641,641,654,576
639,493,640,629,668,575
641,495,637,641,656,576
630,494,625,642,667,565
634,497,629,640,665,572
640,498,627,641,665,569
641,497,637,634,663,576
636,494,635,638,664,575
636,478,630,637,664,573
646,493,643,627,668,579
644,491,642,626,665,578
640,499,637,628,664,572
630,497,626,641,668,565
645,499,638,638,661,576
643,486,642,642,655,575
636,495,638,638,664,573
645,494,642,634,663,576
642,497,637,632,664,575
645,493,642,629,667,578
641,494,638,636,663,574
641,495,636,641,656,573
642,500,632,632,660,574
638,482,636,637,661,575
648,495,626,642,667,568
630,494,626,641,666,569
641,491,641,627,667,578
643,489,640,642,654,577
630,499,628,641,668,569
640,481,635,637,663,576
639,498,642,641,668,568
649,482,642,639,657,577
638,483,635,638,666,576
645,494,641,625,667,578
639,496,638,632,655,578
645,481,641,637,656,577
643,493,642,627,665,579
644,483,643,639,657,577
640,499,637,643,661,575
641,497,636,640,659,576
647,494,642,629,663,580
634,481,636,635,662,575
642,496,638,642,656,575
639,497,637,641,660,576
644,494,627,640,668,569
644,491,641,641,656,576
641,493,637,636,663,574
639,498,637,637,662,576
634,492,628,638,668,570
631,489,627,639,662,573
634,487,628,638,669,570
644,488,640,638,652,578
638,498,638,637,663,577
642,491,636,639,655,576
642,496,638,637,662,576
638,484,630,633,664,574
646,495,637,635,663,575
633,496,629,642,665,570
638,484,631,637,667,571
644,482,641,636,656,579
645,494,641,633,664,577
645,483,642,639,662,570
644,498,639,630,667,575
643,493,644,629,663,578
644,492,640,626,667,578
642,496,639,632,663,577
644,492,643,629,666,579
638,495,638,634,664,577
645,490,642,626,664,578
636,487,633,636,663,570
636,496,636,634,662,575
638,482,634,638,662,576
645,494,631,635,661,578
635,498,628,640,666,571
631,488,622,640,665,567
637,481,631,627,667,579
645,489,628,638,668,568
640,495,637,634,661,576
643,491,640,644,655,576
644,497,641,624,668,578
643,482,642,636,658,577
633,496,629,639,665,571
638,497,631,638,665,573
632,490,627,639,666,569
643,492,640,627,668,577
635,486,627,634,665,571
641,481,637,638,661,575
639,495,638,632,665,577
641,482,634,635,665,572
643,491,640,628,665,580
632,497,626,641,668,569
642,498,639,635,662,577
638,495,632,636,663,572
642,495,638,629,665,578
643,487,641,641,669,571
644,485,642,642,653,579
634,495,628,639,665,568
645,487,641,640,652,578
646,488,641,635,652,575
641,493,639,630,667,577
645,490,643,627,666,577
638,496,635,638,659,575
638,481,634,635,666,571
641,498,637,634,664,576
647,491,643,627,666,579
627,491,626,640,667,568
636,491,635,637,662,575
644,491,639,628,666,577
637,499,633,638,663,572
639,479,637,636,663,577
645,494,643,628,663,576
631,494,625,639,659,569
642,493,642,628,665,579
638,498,632,637,662,574
644,484,641,639,655,578
641,495,637,630,667,577
645,486,643,642,653,580
635,492,626,642,654,579
638,483,641,641,652,579
641,488,639,642,653,579
635,486,631,637,653,577
644,487,637,627,663,575
635,498,630,638,663,571
632,495,625,644,665,569
637,496,640,630,667,576
640,484,633,638,666,574
635,482,632,637,668,574
635,501,628,641,664,572
644,492,642,627,664,579
638,499,637,632,663,576
641,485,631,636,664,570
645,494,641,627,665,580
632,491,628,642,665,570
640,484,642,641,653,569
643,487,640,636,654,577
642,496,640,629,665,577
643,500,637,634,661,575
641,497,636,634,662,577
641,498,637,640,657,576
640,496,638,637,658,575
644,483,643,638,654,579
641,498,638,629,666,576
643,496,641,629,666,578
637,484,632,637,666,572
635,482,635,637,663,569
632,495,628,639,666,569
636,484,635,635,663,573
639,483,635,637,663,573
632,498,626,642,665,569
631,497,627,642,665,569
642,491,641,641,654,579
644,484,642,640,652,579
646,494,640,624,663,579
643,489,640,641,653,578
642,482,638,636,655,567
637,485,642,642,652,580
645,489,642,641,652,578
641,492,644,627,666,580
637,497,640,635,663,576
643,489,641,642,653,579
632,484,632,627,666,580
640,498,632,639,661,572
635,496,639,633,661,578
640,496,637,640,652,576
640,499,637,637,659,569
636,473,635,632,657,572
641,496,637,632,661,577
640,480,638,636,659,576
639,495,638,634,666,572
640,496,636,635,661,578
643,494,643,627,664,580
642,497,633,642,655,577
631,486,629,637,666,568
641,497,639,643,658,576
640,496,639,636,661,573
641,496,639,632,662,576
640,486,642,641,660,575
634,491,625,639,667,569
643,492,634,628,662,579
646,491,639,641,652,577
631,493,625,643,665,567
638,500,638,633,661,577
642,484,644,640,653,580
641,497,637,632,660,569
642,497,636,636,659,575
641,481,638,638,656,574
635,496,628,639,658,568
645,492,642,628,661,579
637,482,636,637,662,574
644,483,642,640,654,581
642,496,638,630,666,578
641,496,639,631,662,578
642,499,642,629,665,574
643,495,640,627,667,578
644,482,640,638,652,569
635,495,639,629,665,578
642,489,643,628,665,580
637,498,637,637,656,577
641,489,643,628,664,580
633,478,631,636,660,572
629,486,627,639,665,567
637,484,632,636,661,573
642,486,637,636,660,578
641,478,642,625,666,576
631,470,628,638,665,568
641,476,640,625,666,577
628,470,625,639,666,566
635,463,634,636,664,571
643,460,642,640,653,576
634,478,631,639,662,571
638,474,638,641,663,570
642,472,638,631,661,576
635,457,638,638,659,573
639,470,639,631,663,575
643,467,640,628,663,575
637,473,638,638,659,572
637,473,638,636,660,573
635,457,642,626,664,579
640,467,643,627,663,576
641,453,640,639,657,576
638,469,638,629,665,572
644,457,641,640,653,576
639,466,640,642,647,571
641,463,639,622,666,575
638,469,638,631,664,570
640,467,637,636,660,570
629,452,629,638,664,562
640,462,639,641,653,572
642,460,643,628,665,576
643,463,641,634,663,573
643,463,637,625,665,574
640,465,637,633,664,571
642,464,637,635,663,576
643,462,637,623,664,576
640,463,638,630,665,572
639,461,643,632,661,568
642,451,643,624,656,575
642,459,642,629,663,572
642,461,627,627,666,574
632,451,633,636,666,568
632,451,628,637,665,564
629,462,628,639,657,565
641,458,642,627,664,574
643,448,643,642,651,574
642,457,641,627,664,574
638,460,638,638,658,571
641,458,640,629,663,573
644,456,644,627,664,576
642,456,643,626,664,576
627,461,628,644,665,563
637,445,633,637,664,569
639,458,638,641,653,572
639,459,640,627,664,571
641,454,641,642,651,573
631,453,628,637,660,564
634,462,630,634,661,565
640,445,640,639,657,573
642,460,638,629,664,573
640,459,637,636,661,572
637,462,638,636,659,570
644,458,643,629,661,575
636,461,636,638,664,571
630,455,627,640,664,566
637,465,636,634,660,570
638,458,642,642,650,576
642,451,635,637,661,571
635,464,634,639,662,571
637,463,636,632,660,573
635,448,635,639,664,567
637,448,635,637,663,573
637,464,642,639,654,576
642,461,644,627,663,576
630,461,627,639,659,566
642,459,642,627,662,573
640,459,639,641,652,571
642,444,643,635,649,576
631,468,626,640,656,575
627,464,630,640,664,566
628,465,640,627,664,577
639,464,639,627,663,580
631,467,627,640,664,567
630,460,628,638,665,567
641,466,640,628,661,576
642,464,641,628,664,576
630,466,628,640,667,567
628,468,629,641,662,570
631,468,630,639,663,571
629,449,623,637,663,569
641,462,640,629,665,576
639,467,638,635,661,577
638,468,638,634,660,574
640,464,638,642,653,575
637,451,637,637,658,576
639,449,639,637,658,576
644,458,643,628,664,575
632,465,626,641,664,567
637,468,636,636,661,574
638,464,639,632,663,576
634,469,632,638,656,573
632,459,627,638,664,569
643,453,642,640,654,579
639,468,635,636,659,578
642,465,640,628,663,574
641,466,639,629,666,578
641,469,633,635,660,576
634,447,634,634,659,572
639,466,639,644,653,576
635,468,630,641,663,572
641,466,639,641,651,576
629,463,641,627,666,579
635,472,631,637,660,572
640,466,642,627,664,580
645,460,646,628,663,578
632,473,628,641,662,571
642,460,641,640,649,579
644,466,639,631,658,577
642,454,641,636,655,579
631,460,631,637,665,572
628,476,625,639,664,568
644,466,642,628,664,579
634,458,632,637,664,572
643,457,640,639,652,577
641,469,635,633,661,576
640,468,639,628,663,579
643,458,640,639,652,579
633,458,631,634,657,574
637,470,637,634,661,578
631,466,628,638,666,569
642,457,641,639,653,574
643,468,642,627,659,581
639,458,640,636,657,578
641,468,638,643,651,577
638,469,640,630,662,577
642,468,642,627,661,577
629,470,625,641,663,570
631,461,628,638,664,570
645,470,644,628,660,582
638,470,637,641,657,572
634,459,634,638,659,571
631,457,634,636,661,572
636,474,637,638,659,575
631,472,625,639,664,580
636,457,638,637,662,574
637,469,637,632,662,577
641,465,640,640,651,579
631,474,639,633,661,580
632,458,639,639,654,580
643,460,642,638,653,578
639,467,638,638,655,577
640,473,637,632,659,578
644,464,641,642,651,578
638,467,642,626,662,580
631,473,625,640,664,579
642,471,637,630,660,578
633,475,634,639,660,573
646,469,640,630,659,580
643,467,643,627,662,579
640,464,637,628,658,577
635,461,634,637,662,581
643,469,637,633,652,580
644,459,639,639,653,579
630,458,630,636,662,572
632,474,629,638,664,574
635,456,636,635,664,576
638,471,636,642,652,575
640,471,637,634,659,576
640,472,628,640,662,575
646,463,635,628,663,580
642,462,641,640,652,580
631,473,626,640,663,570
633,474,631,638,659,576
642,460,642,640,650,579
640,469,635,635,651,578
638,473,633,638,658,577
631,466,626,636,665,572
642,460,637,637,655,577
634,473,630,639,661,572
642,464,637,638,652,580
630,477,625,639,664,570
630,470,625,638,664,570
636,473,631,638,661,578
630,475,626,641,662,571
644,465,639,642,650,577
640,473,636,633,663,579
636,476,636,634,660,578
641,470,639,627,657,580
638,474,633,636,660,571
637,474,632,637,660,576
642,471,641,628,661,577
638,477,636,638,656,577
628,462,640,628,661,581
631,467,625,638,657,582
638,474,637,633,660,577
642,467,636,641,650,579
637,474,633,637,659,576
638,470,636,643,654,579
634,467,638,640,651,577
638,466,637,634,662,573
637,458,641,626,663,579
638,461,635,634,659,577
635,447,634,635,660,573
637,463,636,633,659,576
642,454,642,626,662,579
630,451,625,640,662,568
643,450,641,639,651,578
638,456,637,641,653,575
631,460,632,638,659,572
641,450,640,640,650,577
640,456,638,627,663,576
639,459,637,642,657,574
636,445,636,636,656,575
641,453,638,640,649,577
643,455,642,629,662,581
642,457,641,629,660,580
635,460,632,637,659,574
638,445,635,635,658,571
637,460,637,635,659,574
637,453,635,635,659,574
641,446,640,638,654,577
636,461,628,638,661,572
636,444,636,636,657,571
634,467,628,639,662,569
638,460,637,628,663,579
629,458,625,640,664,567
643,455,642,627,665,579
641,445,634,639,658,577
632,453,627,636,664,576
638,463,635,637,657,576
628,450,625,637,664,568
636,449,635,637,657,575
642,454,641,642,653,578
638,461,637,630,662,577
643,447,642,638,652,577
639,465,635,632,661,576
643,454,640,639,652,569
641,459,641,621,659,577
634,463,631,637,660,572
639,445,635,635,661,574
636,447,633,635,662,574
644,460,641,626,659,579
640,463,636,637,658,576
632,464,629,638,661,571
634,448,630,635,663,572
644,451,638,625,662,581
640,447,640,635,656,575
642,455,639,626,663,566
636,461,636,631,658,576
637,449,633,635,663,571
632,464,626,640,662,571
644,458,641,627,660,580
633,450,635,633,665,575
642,454,640,628,663,579
628,464,625,639,662,569
641,454,639,642,650,580
637,463,637,638,654,572
641,463,638,640,663,578
639,461,638,629,662,576
631,450,631,635,665,569
642,459,638,642,651,577
643,458,638,631,659,575
644,460,642,628,660,579
645,448,640,636,656,578
635,452,631,635,660,573
637,463,636,640,655,579
631,449,629,637,665,569
630,458,625,640,663,576
632,451,633,635,659,573
642,460,640,627,662,579
633,458,627,632,666,567
638,464,636,630,662,576
632,466,632,637,659,575
637,463,637,629,664,576
642,449,641,637,654,578
637,466,636,636,658,576
638,464,634,632,662,576
631,466,630,640,660,573
637,464,634,635,659,577
639,461,638,641,652,577
637,465,635,635,650,578
629,460,624,636,663,569
632,465,630,639,662,570
642,451,641,634,652,580
640,465,633,630,660,576
638,467,636,637,655,577
640,462,642,624,662,575
642,463,637,630,664,577
639,450,641,637,654,578
630,459,626,639,663,577
639,461,639,639,650,577
630,462,624,640,664,568
644,463,640,626,663,579
643,451,643,639,651,580
636,445,629,634,663,573
632,463,628,638,660,573
643,461,637,630,661,575
629,455,628,636,664,569
643,458,640,638,650,580
642,463,634,638,660,576
636,466,631,636,660,574
630,469,627,639,661,571
631,463,624,641,664,568
638,467,632,642,653,575
636,467,632,636,660,575
642,462,638,626,660,575
641,464,639,627,663,577
637,443,634,632,656,575
634,466,632,637,659,575
635,452,635,635,659,578
637,465,636,642,654,573
639,464,637,631,659,580
638,451,635,637,655,579
636,468,635,632,661,576
640,468,636,632,660,575
630,458,626,637,665,570
630,458,631,636,664,572
631,458,625,635,663,571
640,467,637,639,657,577
638,452,641,640,662,580
636,470,636,641,652,579
640,453,638,635,657,578
639,453,637,636,655,578
638,468,637,640,657,578
642,462,638,629,663,577
630,455,631,635,659,573
638,469,636,634,659,579
641,468,635,636,656,576
640,466,640,626,664,580
635,454,634,636,658,575
636,468,630,638,660,573
632,468,626,640,661,570
637,452,636,635,659,576
637,470,635,640,654,577
644,464,642,626,660,581
641,467,640,625,665,580
643,454,641,637,644,580
643,465,638,621,659,581
624,464,625,638,663,570
643,455,643,637,650,580
642,449,640,638,652,580
643,456,639,635,652,578
643,460,638,640,650,579
644,460,639,640,650,579
644,465,636,641,650,578
641,465,639,625,662,578
630,460,627,636,663,569
641,465,639,624,662,580
642,465,643,626,662,580
643,455,641,640,651,580
640,469,638,635,661,576
645,466,643,630,661,580
631,470,625,640,663,570
635,468,634,635,660,574
640,454,638,634,655,578
642,462,640,638,650,580
644,460,640,640,650,578
641,465,642,626,661,577
631,466,624,636,664,569
644,455,640,641,651,579
643,454,641,637,652,580
640,464,638,640,651,579
642,453,640,638,652,579
636,456,631,636,660,572
630,464,621,641,664,570
642,459,640,622,662,578
629,465,625,639,664,570
641,471,638,631,662,578
640,465,642,631,660,578
641,459,640,640,650,581
643,466,640,631,659,582
632,472,629,638,659,574
636,469,632,637,657,572
644,462,640,640,649,576
631,472,624,640,664,570
641,455,640,636,658,576
637,470,636,633,659,577
637,472,636,636,659,578
638,471,638,628,663,579
627,465,624,637,668,570
629,470,625,639,660,572
641,471,640,637,654,580
631,464,627,637,661,572
635,455,634,634,659,574
642,472,628,639,663,572
643,449,641,634,654,579
642,469,638,632,658,580
638,471,638,631,663,578
630,464,625,638,664,568
637,470,636,634,659,577
638,471,636,639,655,576
641,470,636,641,652,577
628,465,626,637,664,571
643,465,638,642,649,581
644,464,640,640,649,580
643,462,640,639,649,580
640,465,638,639,651,580
632,458,630,636,660,572
636,471,631,635,661,575
644,468,639,627,653,579
640,467,637,642,649,575
640,472,635,632,661,576
632,474,626,639,660,572
642,466,642,627,660,581
632,459,630,639,661,572
641,468,642,626,660,580
643,467,639,625,660,581
629,469,627,638,663,569
632,471,628,636,661,573
627,469,626,639,665,569
636,457,632,636,659,574
642,466,637,643,650,577
639,455,636,635,660,575
643,458,641,637,652,580
639,471,641,630,662,580
644,456,639,638,653,579
637,471,636,637,655,578
643,470,638,629,657,578
639,469,638,628,662,578
642,467,638,626,663,579
640,468,637,626,663,577
638,472,635,636,656,576
637,473,632,635,659,577
631,472,633,629,659,579
642,459,638,638,651,582
642,457,640,638,653,579
638,472,638,639,647,578
637,465,636,630,663,579
639,470,636,641,652,578
638,471,634,641,657,577
629,459,621,639,662,571
631,465,626,638,656,571
633,459,633,636,664,574
638,469,635,640,660,583
643,466,641,627,657,578
638,471,629,636,660,576
641,469,636,630,661,579
643,467,640,626,663,580
630,464,626,636,664,572
638,468,640,628,662,578
641,470,635,640,652,579
638,471,634,635,654,578
641,463,636,637,652,579
639,469,639,627,660,580
640,469,637,641,652,577
643,470,641,623,661,580
637,458,635,635,660,575
632,471,636,630,660,575
632,472,627,639,662,571
639,458,639,635,650,580
637,471,636,641,653,577
638,473,635,632,661,578
637,457,629,632,658,576
644,456,639,638,651,579
638,474,635,636,658,576
646,463,639,640,650,579
640,457,637,630,655,576
637,471,635,641,656,577
637,470,635,641,651,577
642,457,639,637,651,581
640,465,637,641,650,578
640,471,638,625,662,580
635,460,632,635,659,575
642,468,635,640,649,580
644,470,639,624,659,582
638,457,636,637,664,570
636,473,632,633,658,579
640,469,636,638,653,578
633,460,633,631,662,573
641,460,633,638,654,578
642,470,641,626,660,581
636,471,642,632,660,581
633,476,628,639,659,573
628,467,624,638,663,568
627,470,625,638,663,571
631,465,626,636,663,572
635,463,632,634,661,575
641,472,641,626,660,577
643,472,636,631,658,579
640,458,640,637,652,581
642,470,640,640,661,578
638,474,637,639,652,578
623,472,623,639,661,569
640,475,636,634,657,578
629,471,624,632,659,572
642,475,634,639,654,578
642,472,637,637,651,579
632,477,627,638,660,574
629,469,624,636,664,578
638,460,635,636,659,575
641,474,639,625,660,583
640,462,638,636,654,582
640,474,636,635,659,578
643,466,631,641,650,580
638,477,633,637,654,579
642,457,641,638,652,581
638,478,633,634,655,577
636,463,629,636,661,574
633,478,627,640,660,576
643,469,632,632,661,580
635,476,633,641,655,578
638,476,627,635,662,573
634,478,627,638,660,576
643,470,637,640,649,583
635,462,634,635,654,580
631,458,628,635,660,575
642,455,633,636,656,580
637,475,631,641,654,578
636,465,636,638,651,580
638,462,630,632,656,579
639,473,638,624,660,579
640,474,633,630,657,578
641,473,638,627,660,582
639,474,635,631,657,582
630,470,623,637,663,571
643,472,636,625,662,581
636,462,631,636,656,575
641,463,636,640,647,580
643,474,636,626,660,581
636,480,628,634,664,574
636,459,635,636,656,580
643,472,637,625,661,579
636,462,631,633,657,577
635,476,627,636,657,577
629,472,622,636,662,572
630,470,622,636,663,572
636,476,632,636,657,579
641,473,636,625,661,571
633,477,625,639,659,571
642,463,631,639,649,580
630,480,621,633,659,579
639,472,638,625,661,583
631,479,623,638,661,571
643,472,635,626,661,581
643,476,634,631,659,580
639,461,635,636,656,579
637,478,631,636,654,579
637,476,633,636,659,579
630,470,622,635,663,572
642,472,637,623,661,583
631,478,620,640,661,572
639,464,635,637,650,576
644,474,635,640,661,571
640,460,637,637,652,582
641,474,637,625,661,581
642,475,637,626,662,581
643,475,636,625,662,579
642,473,635,625,661,582
629,469,622,637,661,571
639,472,632,638,650,580
641,464,636,638,649,575
635,480,628,636,657,576
633,462,629,635,658,578
632,465,626,636,657,580
638,478,633,630,660,582
638,477,633,632,656,577
628,474,620,639,651,583
641,469,634,640,651,578
642,462,635,636,652,579
641,473,641,626,658,583
631,477,623,638,659,572
641,475,639,623,659,581
631,470,620,637,664,571
631,480,624,636,658,573
640,461,634,635,662,571
637,474,634,625,660,582
639,474,637,626,663,580
639,462,635,634,653,580
638,479,632,639,653,578
637,461,630,636,656,577
635,479,629,635,657,576
637,479,631,632,656,578
636,481,630,636,658,580
642,458,636,641,653,581
637,477,632,636,657,580
636,476,630,637,653,578
641,473,633,631,659,583
636,461,632,634,657,578
639,465,635,640,647,575
639,475,632,641,650,580
632,462,634,636,655,580
635,479,632,636,657,574
634,465,628,635,661,575
640,478,628,635,660,574
641,475,635,625,663,582
636,480,631,635,657,579
636,475,633,631,657,581
624,479,622,639,661,573
640,474,636,625,662,581
641,471,633,640,649,580
636,479,632,638,654,578
639,472,636,626,663,580
636,479,630,636,654,578
637,452,628,636,654,579
638,477,633,641,649,580
635,476,632,630,661,579
644,473,635,625,661,581
640,476,634,627,663,581
631,477,620,639,661,573
639,474,636,627,659,582
627,470,621,637,662,570
636,463,633,636,656,578
632,481,626,639,658,574
632,477,631,638,654,577
640,465,634,636,663,577
639,473,635,624,662,582
640,473,638,627,657,583
636,475,632,638,655,579
631,477,623,633,660,576
639,475,634,626,654,573
632,466,625,636,664,572
635,463,634,635,656,579
640,462,634,637,651,581
636,471,631,634,658,579
640,470,636,641,649,581
638,475,635,626,662,581
627,473,623,637,662,571
628,475,621,638,662,572
630,474,620,639,662,572
640,472,634,634,657,580
641,477,637,632,658,581
638,462,636,635,658,575
629,480,633,636,657,578
634,460,628,633,662,576
632,480,626,637,657,575
633,462,628,633,661,574
631,476,635,631,657,580
627,465,624,636,662,572
636,480,630,637,655,577
629,466,627,636,658,575
630,473,622,639,661,572
640,466,636,637,649,580
641,466,635,639,650,581
637,480,629,635,658,577
630,478,624,640,659,574
628,481,622,640,660,575
641,474,637,626,661,583
641,474,635,625,660,582
640,476,635,626,659,581
637,478,632,635,659,576
634,463,632,635,660,576
629,470,621,638,663,573
626,474,620,637,662,570
638,474,636,625,659,582
639,472,632,640,651,577
636,478,632,636,656,578
635,471,636,638,649,576
639,462,636,634,655,579
637,477,631,626,662,580
636,464,633,635,656,579
636,479,632,633,662,578
633,464,627,635,660,576
637,462,635,636,654,580
639,473,633,625,662,582
635,461,631,635,658,576
629,470,622,637,663,574
639,463,636,635,656,580
637,481,628,634,654,579
635,480,633,633,656,578
638,463,636,636,651,580
638,470,633,624,660,580
635,477,630,635,657,577
638,477,632,641,651,580
642,468,636,640,648,581
638,465,636,637,649,581
639,470,635,640,649,581
641,471,632,643,649,581
629,481,623,638,660,574
635,478,634,628,660,580
638,465,636,637,652,581
627,484,622,639,659,575
633,477,628,636,656,579
632,482,620,635,657,573
636,480,631,636,656,580
635,464,635,637,652,582
636,481,632,636,651,576
638,480,631,633,656,577
640,465,633,633,648,582
639,475,634,624,663,581
637,477,632,639,650,581
626,472,620,638,662,571
639,472,635,640,648,580
638,477,634,640,649,580
638,466,635,636,652,579
629,482,621,639,649,580
638,476,630,631,656,581
633,472,635,638,647,577
637,479,633,639,649,580
627,482,621,639,661,573
637,478,633,640,649,580
637,478,629,635,659,580
629,481,623,641,663,574
637,464,631,636,655,579
629,477,623,638,658,575
635,478,632,639,661,573
639,465,636,640,650,583
641,473,637,625,659,579
642,476,636,637,656,579
641,471,635,629,655,582
635,463,631,635,649,582
640,469,629,624,659,582
641,475,636,625,662,582
634,480,626,638,658,575
637,475,634,641,650,581
636,480,631,631,656,578
638,475,636,626,662,582
625,474,621,639,662,571
635,481,629,634,657,578
640,476,636,626,657,583
628,479,621,642,657,573
628,471,620,630,663,569
634,465,630,634,659,578
641,477,637,633,657,579
639,465,636,636,650,581
641,473,636,624,660,582
639,477,621,634,654,579
638,478,620,639,661,570
635,479,632,633,658,578
637,480,630,633,659,581
635,463,632,633,655,579
639,474,633,640,648,583
627,471,622,637,656,572
627,479,622,638,655,578
634,465,628,635,663,574
637,478,633,633,660,582
640,470,634,625,659,582
632,479,632,633,658,579
627,477,623,639,660,573
637,479,633,628,659,583
638,479,632,633,660,580
637,464,634,634,652,580
637,465,634,634,653,579
638,475,634,632,657,581
637,463,632,635,655,580
629,483,620,639,658,573
638,475,635,625,659,582
629,468,622,635,663,581
634,464,633,633,656,579
638,468,636,638,648,583
626,479,621,640,658,579
636,480,631,638,650,579
639,466,635,638,652,582
636,475,631,639,649,581
636,463,631,635,656,579
634,481,630,636,656,578
641,465,637,637,648,582
642,475,637,626,657,584
626,479,622,639,661,572
635,481,631,639,654,577
627,463,635,636,652,579
626,480,623,640,659,574
635,464,631,636,659,580
630,468,626,637,664,573
640,471,633,640,649,582
641,467,635,642,649,583
637,477,634,628,659,580
637,480,633,636,656,579
636,481,631,634,658,580
636,481,632,631,658,579
636,463,633,635,654,579
638,465,635,637,653,582
630,481,626,638,659,576
639,472,635,639,648,580
631,474,621,638,662,571
638,472,636,641,647,581
634,463,630,636,655,578
641,475,636,626,657,581
627,475,622,638,663,573
639,475,632,625,660,583
638,471,635,641,648,582
639,471,634,639,647,581
638,472,636,636,647,581
632,482,627,638,657,576
641,476,636,623,660,582
639,475,637,625,661,583
626,474,621,639,661,573
642,478,633,639,648,580
627,472,622,635,660,581
640,476,637,624,663,581
637,462,634,635,653,575
632,468,624,635,662,574
637,472,634,641,649,581
641,474,633,627,660,583
637,477,632,636,649,579
641,478,638,629,657,580
635,477,633,627,661,581
636,477,635,628,661,581
633,465,628,634,659,575
635,483,629,636,652,578
638,471,636,626,663,582
638,478,633,634,660,578
634,480,631,634,658,580
639,475,636,624,660,581
638,479,633,627,662,579
635,481,630,634,653,580
634,479,625,636,658,578
638,476,635,625,658,581
627,471,622,636,663,573
637,478,633,630,661,579
627,480,633,639,658,573
636,479,632,636,654,579
635,480,633,629,661,581
629,470,624,634,663,573
636,476,634,641,649,581
626,473,622,637,662,572
636,479,632,635,655,579
639,472,636,640,648,582
638,476,635,625,661,581
626,472,623,637,662,571
627,474,621,635,656,574
638,465,634,636,654,580
638,474,635,624,660,583
635,464,630,634,658,578
634,479,632,636,651,579
637,481,632,643,654,579
638,478,634,640,652,580
639,477,636,627,657,583
640,475,634,640,649,578
626,473,620,638,661,571
630,467,627,636,662,573
638,473,636,641,649,579
638,480,635,630,655,582
642,467,633,639,650,583
639,476,635,625,661,581
632,480,626,638,657,578
625,475,620,638,662,570
634,467,624,635,661,576
642,476,637,626,659,579
638,477,630,639,650,580
634,472,635,637,650,583
639,469,636,638,647,581
634,464,632,633,659,578
638,476,636,623,661,581
628,481,619,642,661,572
629,468,625,636,662,582
639,471,636,641,648,581
639,468,636,638,650,582
637,477,635,626,661,580
636,478,630,632,656,580
638,477,635,640,647,580
629,470,625,635,664,573
639,464,633,631,652,579
631,463,631,637,657,579
632,476,620,637,660,583
628,473,620,636,662,573
636,477,637,624,658,583
640,464,635,636,653,582
636,476,633,625,662,582
637,472,635,639,648,581
634,485,632,636,652,579
628,482,622,638,661,572
640,470,637,627,659,582
635,481,635,634,657,578
639,464,633,635,655,579
636,483,632,635,657,573
640,474,636,639,648,582
635,473,639,637,648,583
642,469,635,626,659,582
641,476,634,621,661,583
633,482,627,639,660,574
629,481,627,636,658,582
639,475,636,639,650,579
633,480,628,636,657,574
641,479,634,631,658,582
628,472,625,636,664,572
643,475,639,626,658,581
640,464,640,637,645,578
632,466,630,635,659,575
643,478,638,624,658,580
641,476,641,626,658,582
629,481,624,640,661,572
638,481,638,630,658,578
642,477,638,628,663,579
638,479,637,628,662,578
640,480,638,627,661,580
637,481,635,631,660,576
638,478,637,630,658,575
644,465,637,638,649,581
630,481,631,639,658,572
634,468,632,633,662,572
628,477,621,640,661,571
642,472,639,640,648,579
630,477,626,637,661,571
642,473,640,635,647,580
631,471,626,634,662,571
639,466,640,636,653,577
640,480,639,630,661,579
634,480,629,638,658,574
638,476,640,639,650,579
637,480,634,635,655,578
637,467,632,635,657,578
635,465,634,633,657,575
639,464,640,634,654,580
639,478,638,627,661,579
629,481,623,639,660,572
639,478,638,640,651,576
630,483,628,640,659,573
639,480,642,641,652,579
628,478,625,638,664,569
642,466,641,636,652,580
631,484,625,638,660,571
640,477,640,629,657,580
642,467,639,638,650,581
646,479,637,626,659,579
638,480,637,631,660,577
640,478,640,624,663,580
640,481,638,631,659,578
630,471,629,634,662,571
635,482,630,637,652,579
642,482,628,635,664,570
632,482,627,638,660,574
636,466,633,635,665,573
633,468,631,635,663,573
641,477,639,640,648,580
635,482,635,633,655,577
641,476,640,637,648,579
636,480,637,630,659,578
642,474,639,639,650,581
644,475,642,625,659,581
639,482,633,635,661,574
637,483,635,633,657,575
638,482,636,636,653,577
639,481,636,637,653,577
628,479,625,637,662,570
630,471,626,636,662,571
629,476,626,638,660,571
641,480,638,634,658,580
638,480,635,635,660,577
629,479,625,638,661,578
643,477,640,625,662,575
642,481,640,625,660,581
641,480,639,626,661,580
637,477,640,623,661,581
640,465,640,637,650,580
640,467,639,638,647,580
636,481,637,636,651,578
643,473,641,639,649,580
638,483,637,632,661,579
627,475,624,636,662,571
639,479,636,640,650,579
632,463,630,634,661,573
640,473,633,640,645,582
640,482,638,625,662,582
630,476,627,638,662,572
639,479,636,640,648,581
632,482,636,637,655,578
640,483,637,633,657,578
634,467,626,636,659,575
629,475,627,636,663,572
642,476,641,624,659,583
637,480,637,627,662,579
642,473,640,640,648,581
639,479,641,624,661,579
640,467,639,636,655,578
642,479,642,626,659,582
638,480,636,630,660,579
639,480,638,631,658,579
632,484,628,638,659,576
639,482,635,641,658,580
640,482,633,633,660,580
643,477,641,625,660,582
640,477,640,639,648,579
627,480,627,638,660,574
633,484,630,637,659,574
643,478,638,626,662,580
640,475,641,624,660,582
635,481,631,635,659,576
640,473,640,639,648,582
630,483,627,639,659,573
640,477,640,626,661,581
645,466,640,636,652,581
638,473,636,639,649,579
642,466,639,639,647,581
627,477,626,637,664,571
641,475,638,631,649,578
630,480,625,638,661,572
639,480,636,625,662,579
633,482,639,638,651,579
633,474,626,635,663,574
638,467,633,632,654,579
642,467,639,636,661,573
638,460,633,634,663,580
639,466,636,634,657,577
643,468,639,636,652,581
641,467,638,634,656,581
631,469,632,635,663,578
641,476,638,639,649,582
642,463,636,636,655,578
642,476,638,638,646,580
640,474,637,639,649,582
636,478,638,639,648,582
640,476,638,625,661,581
638,481,635,636,653,579
642,468,640,636,652,581
638,465,637,635,655,579
643,478,640,630,658,580
639,475,640,639,647,581
629,472,626,634,664,572
642,476,642,626,659,582
630,481,625,638,660,571
637,482,635,635,655,578
625,483,625,640,659,573
638,480,634,634,657,579
640,467,636,636,653,581
639,479,637,627,661,580
638,482,635,634,652,579
629,477,626,637,660,572
642,469,638,638,649,583
636,467,631,636,664,579
629,477,626,635,661,572
642,475,639,639,646,582
632,468,631,634,663,576
625,481,625,639,662,572
642,472,639,637,649,582
632,475,626,635,662,570
636,483,636,635,653,579
633,468,631,635,658,575
624,474,627,637,662,574
640,477,638,625,661,581
631,482,626,639,659,572
640,478,641,624,658,581
638,466,639,635,653,581
640,467,640,636,650,581
640,480,637,633,657,579
638,481,635,640,655,579
641,476,636,625,661,582
638,480,635,631,657,578
628,482,625,638,661,572
639,479,638,630,660,580
643,478,642,627,657,582
639,480,639,640,645,581
635,480,639,641,648,581
639,481,635,633,657,578
641,474,638,630,657,582
640,460,639,638,653,581
638,472,640,638,648,582
641,482,635,639,651,578
633,471,633,635,658,575
635,467,634,635,656,577
636,467,636,634,657,577
630,479,625,637,661,572
628,482,630,639,662,572
642,477,640,624,661,581
632,470,631,633,664,577
633,467,634,635,661,577
640,476,640,624,659,584
635,478,637,639,649,581
632,480,636,640,650,580
637,483,635,634,654,576
629,476,623,638,663,571
634,478,641,631,658,580
637,481,635,634,656,581
638,475,634,631,656,580
638,478,637,630,655,582
641,478,639,626,661,581
641,475,639,641,648,581
638,482,635,630,661,579
647,466,641,637,650,581
645,473,640,638,649,581
637,479,637,640,648,581
641,475,637,640,648,581
641,473,626,635,663,572
629,477,626,637,661,572
629,471,628,636,662,572
639,477,636,640,648,581
642,472,642,622,661,583
640,468,635,638,651,583
642,469,641,637,649,583
632,467,633,632,658,574
629,476,623,638,662,573
634,465,637,636,656,580
636,466,634,635,656,578
640,479,638,638,648,582
637,479,638,627,659,579
634,464,636,633,659,579
628,482,624,638,660,572
632,480,627,637,661,572
630,475,624,637,661,572
640,476,641,625,659,583
638,466,637,635,653,581
644,482,638,630,657,581
627,478,627,640,659,578
629,474,623,635,662,573
630,477,626,637,662,571
640,460,636,633,654,580
636,481,638,627,659,580
632,483,629,636,658,575
638,476,637,640,648,581
642,465,638,635,652,582
643,480,644,628,657,583
635,466,636,636,656,578
638,481,635,627,654,582
643,480,639,623,664,582
630,479,624,635,660,574
641,476,640,624,661,582
633,469,630,634,659,575
640,463,639,634,654,581
640,478,639,625,664,580
637,486,634,638,654,578
629,476,625,638,662,572
643,474,640,638,648,582
629,468,642,636,651,582
641,479,640,627,662,583
640,468,641,636,649,573
641,478,641,628,658,583
632,473,632,634,660,574
637,467,634,634,657,580
639,480,637,632,656,579
630,472,622,637,662,574
625,475,626,638,661,572
629,479,625,637,660,571
637,484,636,634,658,577
632,484,627,638,657,577
630,470,627,634,664,574
641,480,640,625,658,581
643,477,643,624,659,580
642,480,640,631,657,582
639,467,638,634,655,579
630,483,627,639,660,572
643,465,637,634,653,582
640,472,640,638,648,583
635,481,634,636,661,572
641,478,639,624,660,572
638,477,638,640,647,581
632,484,625,637,658,573
629,467,638,635,648,575
641,466,637,635,654,579
637,482,636,630,659,582
628,476,626,638,662,572
638,482,634,630,659,580
639,482,637,630,658,579
637,474,633,640,647,581
640,480,639,629,657,580
642,478,640,624,660,581
633,470,631,635,664,577
637,478,639,640,648,578
641,477,635,624,657,581
642,480,635,629,655,573
642,467,641,637,648,582
634,482,632,634,657,579
636,481,636,635,656,579
629,484,627,638,660,573
640,482,637,627,660,580
637,475,633,635,653,580
640,480,638,625,660,584
635,478,639,629,658,583
635,482,634,638,652,580
638,478,636,640,653,580
636,480,635,632,659,579
638,479,635,629,661,580
637,467,634,630,657,576
635,482,635,633,653,581
629,482,626,638,660,572
635,478,638,626,660,582
641,473,640,640,648,579
637,479,639,628,659,580
642,477,641,622,660,581
636,463,636,637,656,579
638,482,631,633,660,580
632,459,630,633,661,575
634,467,629,634,660,574
631,466,630,635,664,574
638,477,637,628,663,579
631,470,631,634,663,576
635,482,637,638,659,579
641,465,642,639,650,582
639,477,635,628,657,580
641,479,638,631,657,581
641,465,639,636,654,580
628,475,627,634,659,578
635,483,635,633,655,577
638,479,640,629,658,581
638,480,644,631,657,582
641,475,640,625,661,581
639,479,643,625,660,584
628,477,625,637,662,572
639,467,641,637,652,581
631,484,627,637,660,574
633,482,635,640,655,577
637,480,636,631,658,580
627,477,631,638,647,582
639,466,638,636,653,580
642,478,641,626,660,582
631,476,629,635,656,573
639,466,640,635,649,579
638,466,637,635,655,579
636,466,639,634,653,578
637,465,635,635,660,578
636,483,636,635,654,581
639,465,639,638,651,579
637,481,637,640,651,580
640,477,642,625,660,581
637,481,637,630,661,578
642,479,641,625,660,581
642,466,642,637,651,581
623,474,625,636,662,572
630,484,637,634,656,579
627,484,627,641,660,573
637,481,638,630,660,580
627,483,627,640,659,573
638,482,636,633,659,578
640,478,641,625,656,584
633,468,633,633,658,576
636,482,636,638,650,580
635,482,636,636,656,579
629,477,625,638,662,572
627,482,624,639,662,572
629,481,624,638,661,571
641,478,639,626,662,582
628,483,625,639,660,576
629,483,625,639,660,573
631,469,627,635,663,573
629,485,627,638,658,575
641,481,637,625,661,582
637,482,636,629,660,580
632,484,624,641,658,574
631,482,626,638,661,573
632,471,632,635,660,574
639,485,641,632,656,581
636,484,636,628,659,578
639,477,642,625,662,580
636,484,635,639,651,578
638,483,635,641,654,578
640,474,640,638,648,582
632,482,633,637,657,576
629,482,625,642,660,572
634,472,629,635,662,573
628,472,628,636,661,573
641,478,636,628,658,584
641,472,637,627,654,579
628,477,625,636,661,571
631,468,631,635,658,574
637,476,637,632,658,582
636,484,636,636,654,579
638,470,641,638,648,583
638,481,637,631,661,578
627,480,625,636,661,574
640,479,634,626,659,583
629,480,625,638,660,573
637,482,635,632,658,579
640,478,637,640,649,581
629,483,625,638,661,572
642,477,636,629,655,583
631,472,627,636,661,572
637,485,636,632,659,576
640,470,635,640,648,582
638,478,636,641,649,580
642,480,640,631,657,582
633,482,629,637,659,575
628,472,627,637,661,573
643,477,641,626,660,583
642,478,640,623,661,583
626,483,625,639,662,572
640,477,639,624,661,583
631,484,628,637,660,578
640,473,638,637,648,582
642,479,634,638,655,582
635,482,633,631,655,579
636,466,637,636,656,580
635,482,632,636,657,580
638,482,635,634,653,580
636,481,638,627,660,580
638,466,637,635,647,580
641,469,639,637,649,582
638,481,636,632,657,579
630,472,628,637,662,572
631,475,627,635,663,573
633,483,630,634,658,581
643,476,640,624,660,583
642,465,638,635,653,581
639,466,637,631,652,580
637,487,635,633,654,579
635,482,629,635,657,580
638,478,637,641,649,582
628,478,625,636,661,572
633,483,632,636,657,577
638,475,635,633,657,583
639,484,634,633,657,580
629,481,625,639,660,574
642,477,642,626,660,582
638,482,635,632,656,579
642,477,638,641,647,580
630,484,628,639,657,574
640,466,639,636,652,580
636,468,636,634,653,581
642,474,639,638,647,582
635,473,638,638,647,583
634,469,632,634,661,579
643,481,641,623,659,583
643,467,639,638,646,583
640,479,638,626,661,580
636,480,639,625,661,583
643,472,640,630,656,582
637,476,635,633,661,580
627,484,625,638,661,571
630,474,626,636,662,574
638,484,637,634,657,579
637,485,636,636,660,582
628,478,625,637,662,573
640,469,636,623,656,580
641,470,642,636,647,583
633,485,635,635,654,582
640,469,639,636,649,581
638,477,640,638,647,582
639,478,640,624,660,583
636,481,636,630,656,579
630,485,630,631,655,576
640,469,638,637,648,583
640,480,640,624,657,585
639,476,640,638,648,584
633,481,633,635,657,580
638,482,636,632,656,580
638,482,639,626,661,582
640,466,639,635,652,583
639,462,635,635,651,581
641,468,640,638,649,584
641,480,639,625,658,585
636,480,642,630,658,583
640,479,641,624,661,583
628,485,626,637,659,572
629,486,626,635,659,574
639,474,642,638,647,583
638,475,640,638,647,582
628,481,625,638,661,572
631,469,631,633,659,577
628,475,626,637,660,573
628,474,625,634,663,573
642,469,640,638,649,583
634,485,635,634,654,580
631,483,626,637,660,571
638,479,637,626,660,581
642,480,641,625,658,583
640,479,641,625,660,583
639,478,641,625,657,584
638,483,639,625,661,582
641,479,637,622,658,585
641,481,642,625,659,581
640,474,642,638,647,583
629,483,629,639,662,576
628,484,625,637,659,574
636,486,633,633,653,580
638,475,640,638,647,584
639,475,641,638,646,583
641,470,641,637,647,583
640,482,625,637,659,573
641,478,641,624,659,583
637,483,636,630,658,580
634,475,638,641,647,583
639,475,638,624,663,581
637,476,639,632,643,582
639,477,639,639,645,580
639,468,637,638,649,583
636,481,638,625,660,584
642,478,638,629,658,585
639,469,638,636,651,582
638,481,639,625,660,583
638,476,640,638,646,583
639,478,638,638,645,581
639,480,638,626,660,581
627,484,630,637,657,576
640,469,636,634,651,583
640,480,641,626,658,583
639,470,640,635,649,582
633,468,631,634,659,577
631,486,635,636,653,576
628,476,624,636,661,574
639,476,640,637,646,583
626,483,624,638,659,574
636,470,637,626,655,579
639,474,639,639,647,584
638,468,637,636,651,582
631,482,633,633,656,580
628,480,625,637,660,573
636,483,636,628,659,581
627,487,625,638,657,574
633,482,633,634,657,580
634,487,635,636,652,581
634,468,633,635,659,580
642,482,638,624,660,583
632,472,629,635,657,572
640,479,636,638,647,580
635,484,631,633,657,579
635,468,638,634,651,583
627,485,625,638,658,570
624,477,624,638,661,569
634,483,630,633,657,578
630,473,630,635,661,574
627,479,624,637,659,572
639,478,641,625,657,585
634,467,636,633,657,579
640,480,637,631,654,581
637,466,638,639,650,581
639,480,638,628,658,582
626,485,625,639,659,576
629,472,629,635,658,577
632,480,637,630,656,581
637,483,634,635,655,580
640,474,640,638,647,584
631,483,637,628,657,579
627,484,625,639,658,573
639,479,638,624,660,582
640,467,639,636,652,582
635,486,635,633,653,577
639,459,637,631,656,579
637,485,636,642,649,580
632,470,629,636,659,575
640,482,637,628,657,585
638,467,638,635,649,583
634,467,638,634,658,569
637,469,640,635,649,581
634,484,636,631,658,579
637,481,637,630,658,581
641,480,641,630,655,582
636,480,636,634,656,582
639,474,639,640,647,581
639,471,639,638,645,583
631,469,631,636,661,578
636,468,635,636,656,579
628,472,627,636,659,573
639,478,642,625,658,583
637,480,640,621,659,583
627,482,624,637,659,571
640,481,641,620,662,583
640,480,635,639,648,582
632,482,636,630,658,579
631,468,631,634,658,577
637,466,637,634,653,581
632,484,629,636,656,576
639,468,634,638,652,581
634,482,638,626,661,582
634,468,633,633,658,580
636,484,635,633,657,581
635,484,635,633,656,580
629,488,623,639,659,573
628,475,625,636,660,576
629,484,632,637,657,576
640,477,641,625,661,583
636,484,628,637,657,577
636,483,637,641,650,580
638,470,639,636,641,584
639,479,632,635,647,584
641,480,642,625,656,584
637,482,638,627,659,580
639,478,641,624,659,582
633,467,634,633,655,579
635,467,639,636,652,579
636,467,633,634,657,576
631,482,636,638,648,581
636,481,637,635,656,582
638,481,638,624,660,578
631,482,629,637,656,578
640,480,637,629,661,583
640,479,641,625,659,582
627,479,624,637,660,572
627,474,627,634,662,573
638,479,638,639,648,581
636,461,633,636,652,580
638,480,638,626,660,582
636,483,634,635,656,580
639,474,640,638,647,582
643,478,642,625,655,584
635,479,637,640,647,580
635,483,636,635,653,578
628,475,635,631,659,582
625,480,624,638,659,572
636,467,642,634,652,580
639,475,638,638,648,583
636,480,638,623,657,579
629,483,627,636,655,575
636,483,636,633,653,578
632,480,637,626,659,580
638,479,638,637,647,579
640,467,638,637,654,580
638,479,636,630,657,583
642,469,642,639,647,583
629,481,625,637,658,573
638,476,637,632,647,581
641,479,641,625,660,580
638,466,641,637,650,586
630,476,625,638,659,572
627,478,621,633,662,574
626,485,625,638,658,569
638,478,641,624,659,579
638,483,635,634,653,579
628,482,626,638,659,573
640,478,639,624,658,583
631,480,630,636,656,577
638,483,641,640,649,581
631,466,633,634,660,576
642,473,639,640,645,580
641,472,641,638,647,583
637,481,636,639,651,581
634,481,630,636,657,579
639,465,637,637,650,583
636,479,636,641,647,579
636,467,635,636,655,580
644,480,642,631,656,583
638,461,638,635,651,582
638,482,636,628,659,581
641,469,641,623,652,583
627,483,624,631,660,571
633,478,640,626,661,581
626,482,625,631,660,572
630,466,627,631,664,573
627,478,624,639,660,572
632,481,628,637,650,577
638,468,640,638,648,583
638,477,639,625,660,582
638,475,637,639,648,580
637,480,638,629,656,579
623,471,630,636,660,571
625,478,625,637,661,571
636,465,634,634,654,577
629,470,631,635,658,576
630,478,632,635,656,581
640,474,640,639,643,582
638,480,638,625,660,580
636,484,635,637,655,576
629,467,632,634,660,576
640,479,641,626,656,581
641,476,636,627,657,581
638,480,634,623,660,580
637,476,639,626,659,582
636,472,629,634,653,579
624,481,624,638,660,572
637,474,634,629,656,580
629,481,633,635,657,578
635,476,639,642,646,584
639,479,638,638,648,581
639,477,639,628,659,582
641,478,637,623,661,583
639,477,640,624,660,581
628,480,631,636,656,578
628,478,624,638,660,573
627,479,625,637,660,571
636,481,636,636,651,580
642,468,639,636,649,581
637,479,636,626,661,574
636,482,636,633,653,579
632,467,633,635,652,573
631,470,628,636,662,573
627,478,624,639,659,574
634,486,635,633,650,581
627,478,624,639,659,568
640,466,639,635,647,583
630,482,627,638,658,575
636,480,636,638,651,581
626,476,625,637,656,570
634,484,636,633,651,580
637,482,637,631,655,583
635,482,635,638,651,579
637,477,638,639,646,583
639,468,640,636,649,581
627,478,625,636,661,572
634,482,633,633,654,581
632,481,629,638,656,575
636,482,635,635,653,581
628,484,627,638,657,576
627,484,624,638,660,574
639,474,639,637,647,582
631,483,630,635,658,577
627,467,625,635,661,575
642,478,638,624,659,583
633,484,629,636,657,576
635,483,635,636,653,580
632,467,629,633,661,574
637,480,636,632,655,581
626,483,625,638,658,574
626,476,625,636,660,572
637,478,636,639,646,581
641,475,639,640,645,582
628,481,626,638,657,573
633,472,632,634,658,578
631,468,633,634,658,576
638,483,635,633,654,579
632,468,631,625,658,583
637,482,635,637,649,581
632,483,634,632,656,582
636,482,634,635,653,580
638,467,641,633,645,583
635,479,638,638,646,582
637,480,638,630,660,582
641,473,637,637,646,583
632,484,627,636,655,576
628,481,639,625,659,583
639,469,641,620,654,584
627,470,621,638,661,574
633,483,629,639,656,580
627,483,626,639,657,575
640,471,640,621,662,584
640,478,642,623,659,584
629,471,631,634,659,576
628,472,629,634,660,574
641,474,640,638,646,581
634,467,635,635,654,580
638,478,640,626,660,584
639,474,639,637,645,583
629,479,625,638,660,575
628,479,625,636,661,573
627,484,626,639,659,575
637,466,637,636,650,586
638,465,636,633,652,581
634,483,634,633,656,580
629,472,632,634,658,576
622,476,626,637,659,574
634,484,635,637,657,581
639,481,638,629,656,583
623,481,627,637,658,574
636,481,638,627,658,580
628,477,625,635,661,573
638,474,639,638,648,584
640,477,639,637,647,582
627,482,625,638,660,572
634,469,633,633,655,579
628,482,626,637,658,572
638,478,642,625,658,583
636,484,636,636,653,581
627,485,635,636,646,583
635,468,637,634,652,581
635,483,636,641,653,580
638,461,639,636,647,585
641,475,641,637,647,582
637,480,637,640,648,579
638,478,636,640,647,582
638,484,631,632,657,579
640,478,641,625,655,584
637,480,640,624,660,583
640,478,642,633,655,586
636,483,637,638,647,583
626,480,623,638,656,573
635,468,636,632,656,579
638,480,637,626,660,581
625,478,625,636,659,572
638,481,636,638,648,583
641,481,638,640,647,581
635,484,635,631,656,580
639,477,639,623,657,583
636,484,637,638,656,577
637,478,637,628,654,581
634,484,636,633,651,581
641,474,638,628,657,585
635,481,639,625,656,583
638,480,637,623,656,580
636,481,639,624,659,582
637,481,638,627,660,582
638,477,642,624,659,583
635,480,635,633,656,582
637,481,633,636,644,582
636,483,631,635,656,577
637,479,639,640,647,583
626,480,624,636,660,573
636,466,636,635,654,581
640,480,640,625,656,584
632,483,635,634,657,578
628,484,624,638,657,574
630,485,629,637,654,575
640,473,640,638,646,583
628,480,623,638,658,573
636,483,633,630,656,580
642,481,640,627,656,584
625,478,624,636,660,574
627,483,624,636,660,574
640,467,637,633,651,583
636,478,636,641,646,582
638,476,638,626,653,581
642,478,640,624,655,584
639,476,639,638,646,583
636,478,626,633,650,585
626,469,631,633,661,580
628,484,626,639,655,572
640,470,635,631,650,583
636,481,638,638,647,583
627,480,624,638,657,575
632,470,632,633,659,575
637,468,638,633,653,582
638,482,635,639,649,583
627,485,625,638,658,574
629,476,625,634,660,575
632,484,630,637,657,576
641,469,639,637,648,584
629,473,628,638,656,578
627,477,625,634,660,573
636,481,638,626,660,583
632,469,631,631,656,579
635,469,633,632,656,579
638,477,639,639,647,582
634,470,640,637,647,581
639,482,634,630,654,581
628,474,627,635,659,575
639,477,639,640,644,584
635,469,640,636,647,584
628,484,627,636,654,577
641,482,640,626,654,582
639,481,640,624,660,583
638,479,637,631,656,584
637,483,633,633,654,580
636,483,636,638,646,583
638,471,639,637,646,583
640,474,638,629,654,585
624,486,626,640,658,574
637,483,637,633,653,583
642,479,641,626,657,586
642,482,632,626,654,582
625,481,624,637,659,574
636,484,634,632,655,581
636,481,640,628,654,581
631,486,627,637,657,583
634,470,635,630,654,579
639,469,638,636,648,584
634,486,635,640,652,583
631,474,631,633,656,576
627,483,624,636,660,574
640,479,640,625,657,585
639,469,640,637,655,581
641,482,638,624,657,587
630,474,630,626,660,576
631,468,635,634,656,581
632,485,631,636,655,578
641,480,641,625,657,586
630,474,628,636,662,575
638,468,639,637,653,582
639,479,640,626,657,585
641,482,637,636,655,584
636,465,634,635,655,580
637,471,638,629,646,582
637,484,638,626,658,582
638,481,641,625,657,585
639,481,637,625,657,582
635,485,634,632,655,581
640,484,637,637,646,584
635,487,635,633,655,582
638,484,636,626,659,582
630,471,630,633,659,579
637,484,635,628,655,582
624,484,625,638,659,573
637,483,636,629,658,584
640,484,635,637,654,583
638,481,638,625,659,584
639,477,639,627,658,583
639,481,640,626,656,584
633,465,637,634,655,580
627,481,625,638,658,573
640,481,641,626,656,585
640,479,639,624,659,584
627,485,623,636,660,574
641,476,639,637,646,585
628,485,624,639,658,574
636,482,641,624,655,586
640,480,642,626,655,585
636,482,637,628,658,582
639,470,639,636,647,583
630,485,625,637,655,576
628,486,626,639,660,575
633,482,637,626,658,583
638,485,637,632,656,581
641,469,637,635,649,582
638,478,639,624,659,583
636,478,633,633,653,581
628,476,632,633,660,576
632,471,639,635,644,584
638,483,635,631,654,582
636,485,637,630,658,580
629,484,630,636,656,580
634,483,635,635,649,580
636,484,636,628,656,581
628,487,625,637,658,576
628,486,627,638,657,575
634,487,635,632,655,582
633,479,632,634,655,580
640,467,638,634,651,583
640,479,641,623,657,585
636,483,637,631,653,584
636,486,635,628,657,579
639,482,635,633,655,581
638,480,636,620,660,584
638,487,639,622,658,585
626,476,626,635,662,574
623,479,626,635,661,574
637,468,638,636,649,583
628,483,625,638,658,574
635,486,636,632,654,581
625,472,632,632,657,577
639,484,636,631,655,583
632,468,633,635,658,580
638,481,638,639,645,582
635,469,633,634,658,579
631,471,635,634,661,580
630,483,636,636,654,580
636,469,638,635,653,582
634,484,636,631,655,583
639,476,640,639,646,583
637,484,638,628,659,582
642,482,638,629,654,581
622,474,625,635,660,574
635,483,631,634,654,579
636,482,638,639,647,581
628,480,624,638,657,574
639,478,640,638,646,584
641,469,638,633,651,582
629,474,632,635,656,577
628,487,626,638,654,572
627,487,624,637,659,574
637,469,634,635,656,580
633,468,633,634,657,577
636,469,636,634,655,580
640,480,641,623,658,585
638,481,637,624,658,583
637,482,640,629,656,583
631,481,638,640,647,581
641,482,636,622,658,585
640,470,640,636,647,584
629,485,636,632,655,580
634,487,632,634,655,579
639,483,638,628,657,581
639,481,638,637,646,583
629,485,628,639,653,577
631,484,632,637,655,579
630,487,626,635,658,573
640,480,639,623,659,584
634,484,634,633,654,580
628,486,627,638,653,576
640,474,638,639,646,584
636,467,635,634,657,578
640,481,640,624,657,583
632,484,636,631,655,578
632,486,636,633,652,581
634,485,638,632,654,581
639,481,642,625,657,584
627,488,626,638,657,574
629,481,633,634,655,577
629,486,626,639,658,576
635,483,635,633,654,582
628,486,626,640,656,575
641,482,635,627,656,584
638,483,638,625,659,583
640,471,639,637,647,584
642,473,640,637,644,583
638,472,624,637,660,574
637,479,638,636,645,583
629,476,625,635,660,575
640,479,636,623,657,585
636,485,636,632,655,580
639,469,640,636,648,583
640,482,637,627,654,584
631,479,637,637,645,582
633,484,632,637,654,576
633,487,635,633,652,582
627,477,624,638,660,571
642,478,640,622,658,584
635,482,636,640,646,582
639,470,637,636,650,579
634,485,636,635,650,580
635,470,638,633,649,582
642,480,640,623,657,586
637,485,635,633,656,581
633,485,632,635,656,582
630,474,632,635,658,577
637,468,636,634,652,582
638,479,638,629,656,585
638,468,639,631,650,583
635,484,637,626,657,582
640,477,640,638,643,584
631,471,631,633,658,578
636,483,636,630,656,581
632,471,633,633,655,579
639,482,639,626,659,583
638,476,638,638,646,583
637,471,639,636,650,585
633,472,633,633,658,578
629,474,627,634,659,574
635,483,635,630,655,581
638,475,640,637,645,581
623,475,625,635,659,574
630,482,636,629,655,582
640,479,641,626,657,584
629,482,627,639,655,575
625,469,630,632,657,578
638,475,638,639,644,580
627,473,627,636,656,572
641,467,641,637,648,583
627,475,626,636,660,575
636,479,636,630,658,580
639,465,637,633,655,581
636,480,636,626,655,578
640,465,641,636,645,583
631,472,629,630,660,576
636,480,633,641,649,582
630,472,626,634,656,573
630,467,627,635,654,577
632,467,635,634,656,580
637,479,636,629,657,581
636,477,635,640,646,582
634,479,636,639,647,580
640,476,640,624,658,585
630,474,628,633,657,577
630,480,628,635,655,578
629,465,628,633,657,578
640,477,638,621,658,583
635,481,635,635,652,579
636,471,634,634,652,580
632,477,631,636,655,579
642,474,642,628,658,583
628,480,625,639,657,575
638,480,636,624,654,579
640,471,639,642,645,583
641,464,640,635,648,584
636,477,635,630,655,582
636,480,633,636,654,580
642,476,641,629,656,583
639,462,637,634,654,582
628,478,624,637,660,573
639,475,640,625,657,584
628,482,629,639,655,577
630,481,627,637,658,574
639,463,634,636,647,583
627,469,626,636,660,575
639,472,638,637,645,583
628,471,629,634,659,574
637,479,636,629,657,580
642,469,640,636,648,581
636,463,637,633,650,580
632,467,630,635,657,576
633,481,637,627,657,585
630,482,629,638,654,576
626,474,624,637,659,575
639,475,639,634,656,574
637,462,638,634,652,582
637,478,635,640,651,581
625,475,624,636,661,574
638,477,638,626,657,583
632,480,635,630,655,580
637,480,638,627,658,581
637,470,634,625,655,583
625,474,624,637,660,573
638,476,637,638,645,580
625,475,626,637,658,574
640,460,639,633,648,585
625,482,625,638,658,575
625,474,624,636,659,573
634,481,635,634,651,580
632,477,638,625,658,583
637,464,638,632,648,585
640,476,641,627,656,586
631,480,625,635,655,575
630,467,632,633,656,577
635,480,632,636,656,579
639,465,639,638,646,583
634,478,635,639,651,579
641,476,637,636,646,583
637,476,636,637,646,583
639,463,640,635,651,582
638,479,636,629,653,583
642,476,641,625,654,583
634,464,642,633,656,586
635,475,633,636,651,581
640,459,642,636,649,583
637,477,638,626,659,580
638,480,636,630,653,580
636,479,636,638,643,583
636,478,634,634,654,580
634,481,635,636,654,578
641,475,638,627,656,584
638,477,640,625,659,584
628,477,623,637,657,573
638,472,640,637,647,583
637,480,635,628,655,583
627,482,626,636,655,574
640,476,642,622,657,583
633,467,631,633,654,579
627,478,624,637,657,574
637,471,639,638,646,581
641,473,638,638,645,584
634,480,630,638,656,577
637,477,637,624,659,585
641,478,638,627,653,584
638,478,639,623,659,583
626,479,624,639,659,573
640,475,640,624,658,584
635,482,634,630,656,580
636,477,638,628,654,583
628,468,630,633,655,578
639,474,640,638,647,584
637,463,637,632,654,579
634,480,630,635,655,579
636,477,639,624,658,585
620,483,624,637,657,572
635,478,634,633,651,581
626,479,624,635,657,572
636,464,639,633,651,580
627,478,623,637,657,570
630,468,631,633,661,578
636,480,636,628,658,580
628,470,631,633,660,574
632,478,635,631,655,582
631,481,635,631,655,580
636,478,636,637,647,582
634,476,641,623,656,585
633,481,625,632,655,578
631,466,634,632,657,579
634,474,631,631,653,578
627,481,623,637,658,573
624,479,624,636,659,574
637,477,640,621,659,582
630,482,627,634,656,578
625,482,627,636,655,574
642,465,639,635,647,582
628,471,626,634,657,573
641,466,638,634,648,583
639,477,639,624,655,584
635,480,632,631,654,581
635,481,637,632,654,582
631,476,626,634,651,580
626,472,627,634,660,573
634,481,635,634,653,581
633,478,637,637,646,581
628,472,626,633,659,575
640,470,640,635,644,581
633,481,628,630,653,581
634,479,633,631,658,583
633,468,633,632,653,580
638,469,638,637,647,583
640,476,641,623,656,584
634,466,632,632,655,578
638,472,640,634,654,582
628,477,625,635,658,573
637,473,637,637,646,583
631,483,628,634,656,579
640,470,640,631,645,582
637,475,639,638,645,582
628,483,624,637,655,573
638,465,639,634,649,583
637,480,637,624,658,581
637,477,642,624,659,583
638,479,637,624,657,581
635,481,638,625,654,582
639,464,638,634,647,583
640,465,636,630,655,584
635,465,637,634,649,579
625,477,626,636,658,574
627,476,625,634,659,573
627,484,626,635,656,574
638,476,640,623,655,584
636,479,637,623,659,581
638,471,638,637,645,582
635,480,640,624,658,584
636,483,631,631,654,580
641,477,641,625,655,584
640,476,642,622,654,584
638,473,639,637,646,584
640,477,640,623,657,582
632,472,625,635,660,573
636,466,639,634,650,583
634,483,634,631,655,580
639,471,639,633,647,583
637,481,638,626,657,582
638,464,638,634,650,582
635,484,634,636,650,580
638,476,639,624,657,583
639,469,639,636,648,584
626,484,624,637,656,573
641,472,639,637,645,583
636,481,635,634,648,580
631,468,631,633,656,574
627,468,633,632,657,577
637,474,639,637,645,583
635,483,636,629,655,582
627,476,624,634,658,573
638,480,638,628,655,581
636,481,636,625,657,583
636,482,631,632,654,580
629,481,635,634,655,581
638,475,640,638,646,582
638,467,640,632,648,579
625,481,624,638,658,569
632,475,639,638,645,582
639,479,633,633,646,583
637,467,642,634,647,583
626,471,631,633,655,575
640,480,638,628,654,584
638,479,637,618,659,582
636,481,636,637,646,580
638,479,640,623,658,580
624,484,624,635,657,572
635,480,636,627,657,582
627,483,625,637,656,573
639,478,640,622,657,584
636,479,638,624,658,583
638,478,640,624,656,582
636,485,635,632,651,581
625,475,623,635,659,573
640,477,641,623,657,584
635,482,635,629,655,581
637,472,640,625,656,580
635,481,635,627,655,585
638,479,639,624,655,585
638,467,638,633,652,581
625,480,624,636,657,573
639,470,641,635,645,583
637,484,636,628,658,582
638,480,638,624,657,583
637,477,637,624,658,582
631,483,627,636,654,578
629,472,627,634,660,575
638,471,641,636,645,584
641,477,640,624,656,584
632,469,629,630,653,575
625,481,623,638,659,574
635,474,633,630,653,580
629,469,630,635,655,577
641,480,639,621,657,583
637,482,636,636,646,582
638,479,636,623,656,583
629,470,629,633,656,578
637,479,637,637,645,581
622,475,624,634,650,580
639,480,635,619,658,582
640,469,639,638,645,582
639,467,637,634,653,581
635,485,634,636,651,579
634,485,634,631,655,580
628,471,625,634,658,575
639,469,640,634,646,583
631,469,633,632,654,578
628,466,622,634,656,575
636,483,634,633,652,581
628,484,625,637,655,575
632,480,636,637,645,583
637,478,638,638,644,582
637,467,635,630,654,580
627,480,624,636,657,574
626,481,625,635,659,573
636,481,634,634,654,578
628,483,626,636,657,573
641,476,638,633,647,583
639,479,635,628,655,585
628,475,625,632,660,572
637,480,638,624,658,583
636,482,637,621,659,581
636,475,639,638,645,583
641,474,639,634,646,582
640,478,639,623,655,584
635,485,634,632,649,579
640,480,640,623,658,583
627,476,625,633,659,572
637,470,640,635,647,583
641,478,644,632,657,577
640,481,635,621,658,583
632,484,631,633,653,579
642,467,638,634,652,581
638,480,640,623,657,585
636,483,636,632,650,580
635,468,635,631,652,579
627,483,630,632,654,577
635,480,634,628,653,580
642,477,641,622,657,583
636,482,635,627,658,580
637,460,634,633,646,584
635,468,631,632,657,577
626,483,625,635,657,572
629,477,625,635,659,574
625,467,625,635,660,576
635,483,635,634,649,581
641,479,637,626,655,584
636,482,636,639,652,580
638,480,637,629,654,585
640,467,640,633,646,583
635,470,634,632,652,580
642,477,641,623,656,584
630,468,632,633,657,577
637,480,638,626,657,581
638,479,640,623,660,581
638,467,638,633,649,583
632,469,634,631,656,579
634,467,632,632,654,576
630,479,624,636,659,572
639,470,635,636,646,584
638,478,638,624,655,583
638,473,640,637,646,584
628,486,627,635,654,576
627,477,623,635,658,572
634,480,638,626,655,584
628,471,625,634,659,575
633,483,635,634,651,581
633,484,632,635,653,579
634,483,636,632,652,580
640,474,638,637,648,583
638,476,639,636,644,584
627,471,622,633,659,573
641,477,642,624,657,585
638,486,633,636,651,580
638,477,637,623,658,582
630,482,627,636,655,577
638,478,640,623,658,583
637,481,637,637,645,581
631,465,635,634,654,577
634,486,635,628,656,582
636,481,637,626,655,582
639,480,636,624,659,583
639,474,638,635,645,583
634,467,633,629,653,577
637,467,635,628,650,582
633,469,629,632,660,575
637,485,627,636,656,571
637,485,637,627,655,581
628,471,630,632,658,577
634,475,639,636,645,584
636,478,636,637,645,581
636,482,637,628,654,581
636,482,636,624,658,583
638,476,640,624,657,582
628,477,624,637,656,570
638,477,637,637,643,580
637,479,640,623,655,581
624,474,626,633,659,575
639,478,638,636,646,582
636,484,635,635,654,580
625,478,624,636,657,574
636,473,640,638,645,584
628,471,630,632,654,576
638,477,639,622,654,585
638,478,636,637,645,582
633,485,633,633,652,576
628,482,625,638,652,573
639,477,634,624,653,585
629,476,626,632,660,574
627,481,623,638,658,573
634,468,633,631,657,577
633,467,635,632,657,579
635,481,630,633,655,581
639,469,640,635,647,583
640,479,641,624,659,584
636,466,637,631,651,581
630,470,631,633,661,579
636,481,630,637,642,582
633,483,637,630,654,581
636,468,639,630,652,580
638,480,637,629,656,582
636,482,635,629,655,580
628,484,627,637,656,572
639,468,639,633,646,583
639,468,639,633,650,582
635,481,635,637,646,580
640,480,641,625,655,582
629,484,626,635,658,574
636,481,633,637,653,577
635,481,636,633,655,582
639,474,640,636,645,581
638,470,638,635,645,581
625,483,626,638,656,573
629,470,633,631,657,577
637,479,638,622,657,580
635,481,635,634,656,575
637,482,635,628,655,585
635,481,636,637,646,580
630,470,632,633,659,576
637,479,636,636,645,579
638,481,624,637,658,573
629,483,627,634,655,574
637,485,628,637,655,575
632,490,635,632,653,580
637,481,640,624,658,582
633,467,632,633,657,577
633,467,634,632,654,576
639,488,634,637,650,579
634,483,629,636,654,577
627,469,632,631,658,575
641,479,640,628,655,581
637,478,640,623,655,584
626,484,625,635,657,573
635,484,632,629,654,580
639,475,638,637,646,581
624,469,631,630,657,575
626,476,624,632,658,572
637,480,634,635,649,579
640,476,639,623,657,583
636,476,639,637,644,581
626,485,625,636,658,571
627,484,629,635,656,573
624,484,629,635,653,573
630,477,637,638,645,579
636,474,637,622,660,579
623,477,624,636,660,569
621,477,624,638,659,570
624,481,623,636,659,569
632,469,632,633,656,574
622,485,624,635,655,572
635,480,639,623,658,579
630,481,637,626,658,578
632,482,636,636,646,578
628,480,626,636,657,571
633,475,637,621,660,576
622,481,622,637,658,567
636,481,638,622,656,579
630,484,633,633,653,571
624,485,624,636,656,569
632,486,633,628,654,574
633,471,638,635,644,576
632,485,632,632,653,573
635,476,636,633,647,575
631,469,634,630,653,573
624,486,626,637,657,567
632,486,630,634,656,568
634,469,636,632,652,574
638,483,634,624,655,574
635,481,639,625,653,575
633,485,634,640,648,569
623,476,623,634,659,566
633,488,628,633,654,570
621,482,622,637,659,566
637,484,636,625,655,576
636,483,636,629,654,573
627,485,628,633,655,568
635,480,639,622,657,575
638,476,638,636,646,575
637,477,638,623,657,576
630,471,627,632,658,567
634,482,634,637,649,573
637,471,639,635,646,575
632,468,629,632,657,569
623,482,628,635,656,571
628,483,628,634,656,570
626,471,627,634,658,566
638,466,637,634,649,575
635,464,636,634,652,574
632,484,633,637,650,572
635,475,633,635,651,574
636,462,636,633,652,572
634,479,634,637,647,573
634,461,634,632,651,572
635,468,637,637,643,574
631,461,632,632,656,572
634,477,634,636,651,572
637,468,635,621,660,576
628,473,632,637,647,573
632,469,639,635,646,576
636,461,638,633,651,573
633,475,637,622,660,575
634,463,638,640,647,575
628,465,630,632,658,565
625,465,620,637,659,565
638,470,639,622,659,576
635,478,632,635,656,572
636,470,624,636,657,564
633,473,637,623,659,571
635,478,634,628,658,574
636,466,637,622,662,573
638,472,636,624,661,575
636,463,631,633,655,571
631,463,628,634,656,569
622,474,623,634,659,565
638,473,636,624,655,577
634,475,634,633,646,571
633,474,632,630,655,576
637,476,635,631,654,575
634,483,633,633,649,573
625,470,639,623,658,578
639,464,639,619,654,575
625,474,623,635,659,566
626,476,628,631,655,571
634,475,635,638,648,574
634,470,636,639,645,575
631,474,628,634,654,572
640,468,637,622,656,577
641,471,636,630,655,578
625,475,629,634,655,572
635,473,634,633,658,568
627,473,631,632,655,569
634,458,634,631,653,575
624,468,623,635,661,566
630,467,637,635,645,577
639,471,638,622,659,576
637,457,637,632,651,576
638,470,636,638,645,575
636,465,638,635,645,577
637,471,621,637,660,567
639,462,638,623,661,576
631,468,638,623,661,574
634,457,633,634,653,572
636,467,639,624,656,577
634,458,636,633,651,576
634,473,627,637,658,570
625,470,638,623,657,576
638,469,639,627,655,572
637,470,635,625,660,575
635,467,636,637,645,573
635,470,630,634,647,574
633,467,635,638,658,575
624,472,629,634,653,572
637,462,635,632,656,572
635,472,631,631,654,574
635,465,636,637,645,575
624,461,624,634,661,567
636,454,637,633,649,576
631,463,636,638,646,575
634,469,636,619,655,575
637,466,639,623,656,578
638,467,636,625,649,570
625,466,634,639,646,574
636,470,634,636,645,577
635,470,633,635,649,573
637,469,632,631,654,572
640,467,634,628,655,574
628,464,621,635,659,567
628,467,624,635,661,567
621,455,629,631,658,569
630,469,622,636,660,566
626,469,622,634,658,567
636,453,636,634,652,575
625,460,624,632,655,567
625,472,623,636,657,570
638,466,638,624,657,574
635,462,637,636,644,576
636,468,636,625,659,574
637,467,638,623,657,578
628,472,624,632,657,564
628,470,634,629,655,574
627,462,627,633,660,568
636,455,631,632,656,570
637,467,637,619,658,574
625,462,623,632,661,566
637,457,637,633,647,577
627,465,623,635,659,566
636,464,638,635,644,576
626,471,633,635,650,573
629,458,628,633,658,571
634,460,630,633,658,569
634,463,639,625,655,578
636,457,639,638,648,577
635,469,635,636,645,573
639,459,634,635,648,577
637,463,638,622,659,577
627,467,622,635,659,569
637,467,622,636,658,568
636,473,634,632,656,573
638,472,632,630,655,569
626,460,637,625,655,571
638,476,637,634,647,578
633,455,633,632,652,574
638,461,628,633,657,571
634,472,635,632,653,575
635,472,635,635,644,578
632,473,627,635,656,571
636,473,624,636,657,568
631,457,632,634,657,568
627,463,625,633,660,569
627,470,621,634,659,566
625,473,632,635,651,574
632,475,634,631,652,574
630,470,622,636,660,569
638,456,634,632,652,574
624,468,622,634,658,567
634,473,632,634,652,573
637,469,632,631,654,568
633,466,636,638,645,577
625,474,635,623,657,575
638,468,636,636,647,578
633,473,635,627,657,574
636,468,636,623,657,575
635,469,636,637,643,577
628,476,624,637,655,571
637,469,636,635,645,576
627,475,631,633,654,573
634,470,634,624,659,576
626,474,635,634,647,576
634,473,634,631,653,574
637,472,630,626,656,575
636,460,637,636,646,577
638,470,638,623,657,578
637,469,634,624,660,576
637,458,635,633,649,576
637,471,637,623,658,578
636,464,636,620,654,577
625,477,622,639,657,566
638,473,633,632,652,574
635,474,630,636,647,575
635,476,626,635,655,572
638,469,636,623,658,579
635,470,634,635,645,577
626,456,633,637,651,575
626,474,623,638,656,568
637,470,636,627,654,579
636,457,638,636,647,580
634,470,639,624,655,579
637,462,637,636,647,579
627,464,623,632,658,571
636,470,637,637,646,576
637,472,637,625,652,579
631,471,636,624,659,579
636,472,631,636,652,576
637,467,637,625,659,578
637,449,636,627,657,578
638,463,636,637,644,578
634,469,637,622,656,580
624,474,626,638,657,572
626,466,622,633,660,569
636,471,632,633,650,576
633,473,630,631,657,574
634,472,632,631,654,576
638,470,638,622,654,575
635,470,635,630,655,576
636,468,636,637,645,570
635,471,636,626,659,577
637,472,632,631,654,579
637,470,634,636,646,577
635,474,633,636,654,575
638,469,639,624,655,581
635,476,619,636,659,570
629,461,629,633,657,573
625,469,623,633,657,569
635,473,632,637,649,573
637,462,623,634,660,570
624,466,623,634,660,569
633,477,633,632,652,577
634,471,634,635,652,578
631,472,634,628,657,576
637,467,623,637,658,572
634,473,633,625,658,578
636,458,638,635,648,578
638,469,637,622,657,578
633,468,635,637,646,578
635,471,633,629,654,577
627,463,623,631,660,570
632,471,632,631,656,578
627,463,624,632,660,570
638,460,639,636,645,579
625,476,623,635,656,572
631,475,625,638,656,574
633,473,635,636,649,576
636,471,635,643,646,578
625,469,638,636,646,578
639,470,635,627,654,581
628,480,623,637,659,570
636,458,637,632,652,579
637,456,637,635,650,577
636,456,635,633,645,577
635,472,636,627,658,577
637,474,630,635,655,573
636,472,633,637,646,578
629,474,637,633,647,579
632,476,632,632,654,576
622,475,623,637,656,571
634,473,636,634,649,579
631,460,629,631,654,572
633,474,634,631,656,577
637,460,637,633,648,579
635,457,638,635,647,579
638,477,630,628,656,577
634,456,634,632,653,577
640,459,633,631,647,578
627,466,624,634,660,569
627,470,621,636,659,570
636,468,638,626,652,581
637,466,637,634,642,578
625,470,620,635,657,569
625,470,626,636,657,572
625,473,636,640,646,577
630,473,633,628,653,577
634,474,633,627,655,578
638,461,637,637,640,580
640,469,640,624,656,579
635,474,633,620,656,576
638,467,635,627,653,583
641,461,637,635,646,579
624,471,624,636,659,569
633,473,634,628,657,577
630,462,630,633,656,574
639,460,639,633,646,579
638,468,638,635,643,580
636,470,638,637,644,579
637,476,635,630,654,576
630,470,625,634,657,569
642,468,640,623,656,580
635,471,639,623,654,580
635,464,635,635,639,579
640,471,626,632,659,570
633,474,633,634,650,577
633,457,629,632,653,576
635,472,634,632,655,577
636,471,632,630,653,579
640,470,641,625,655,579
636,469,640,627,654,580
636,459,635,633,652,578
637,473,637,626,653,581
637,469,629,634,657,574
628,476,626,635,657,571
633,476,633,640,648,576
635,457,635,632,652,577
626,461,630,632,658,575
638,458,636,633,651,581
627,464,630,632,660,571
627,471,635,633,651,576
635,471,632,633,652,577
629,465,629,634,657,573
639,467,638,639,644,579
636,475,635,633,649,578
637,468,638,639,644,578
636,471,638,628,656,579
640,471,634,619,656,581
640,471,630,630,654,575
639,465,639,635,645,579
622,471,625,636,657,570
638,465,638,637,645,579
635,465,639,636,645,579
637,462,635,632,650,577
634,453,623,634,659,570
625,474,622,638,657,567
633,473,635,629,654,578
627,462,637,639,646,579
635,473,628,636,658,572
636,474,636,626,656,577
635,476,639,637,645,580
633,476,632,634,656,575
637,475,625,637,657,571
625,477,625,633,657,570
631,477,629,635,655,573
627,472,626,636,654,572
634,469,634,635,646,577
626,471,625,636,657,570
639,470,622,633,655,574
635,473,639,635,648,581
627,468,624,634,659,570
637,463,639,637,647,579
631,460,635,633,652,577
637,472,639,628,657,578
639,471,641,625,656,581
638,473,636,626,657,577
627,472,625,634,660,568
637,472,636,630,655,580
635,475,636,628,655,577
627,476,635,631,649,576
630,474,637,638,643,580
635,473,629,636,655,577
633,475,634,636,654,574
637,471,625,635,658,571
631,461,630,633,657,574
636,474,635,636,648,577
626,465,625,635,653,567
635,468,635,637,649,578
627,476,625,636,655,572
642,473,639,619,655,581
639,471,639,627,654,579
636,461,636,641,646,578
635,475,635,634,649,578
640,471,637,623,658,579
627,475,627,637,656,573
626,469,625,635,657,569
632,471,638,624,658,579
638,460,639,635,648,581
635,471,642,630,654,581
637,474,635,623,658,569
639,470,638,637,645,578
628,477,623,636,656,572
633,460,636,637,657,572
639,470,641,624,658,582
638,462,639,635,650,578
639,470,639,623,656,582
636,473,630,637,655,574
625,471,623,636,653,572
633,458,638,633,647,579
639,472,642,623,656,581
634,475,636,633,652,577
628,476,624,637,654,578
635,461,640,635,646,579
633,475,634,631,655,579
640,460,630,637,644,580
635,458,631,634,655,576
634,477,628,634,657,574
638,467,636,628,656,581
637,474,636,636,655,575
636,473,636,634,651,579
631,462,640,633,653,579
629,476,633,635,654,577
629,476,640,636,644,582
634,476,633,635,653,579
640,468,638,636,646,581
642,473,636,627,656,579
629,477,626,638,657,571
640,471,637,637,645,580
638,461,630,637,646,580
634,462,631,632,654,574
630,476,627,635,654,575
631,463,637,631,657,571
628,467,626,635,660,573
635,459,634,630,658,578
636,459,636,632,655,575
635,477,634,630,654,579
635,474,634,633,651,577
636,470,638,637,656,578
639,460,637,625,656,579
627,471,634,634,651,579
632,476,628,636,654,574
629,462,631,633,657,577
630,475,634,636,657,571
641,465,639,623,658,582
638,460,636,633,656,578
639,472,625,634,661,570
632,461,635,625,652,575
637,476,635,632,655,578
635,476,636,636,650,578
633,463,630,632,659,573
637,459,636,633,648,581
629,475,625,631,655,575
626,474,636,638,647,580
640,471,640,636,646,581
631,475,630,633,655,577
627,476,627,639,656,573
628,468,626,634,657,570
640,474,637,629,652,581
639,467,639,640,645,580
638,470,639,632,651,580
634,475,635,629,654,581
635,459,635,635,654,578
640,472,641,624,658,580
630,476,640,626,656,583
640,473,639,622,650,579
629,462,636,632,653,577
640,472,633,625,655,583
635,477,634,631,652,578
639,472,642,631,655,580
639,467,631,626,657,579
638,465,637,634,649,579
624,470,624,636,658,570
628,462,631,631,658,575
637,468,638,628,654,578
625,470,622,627,658,570
640,460,639,635,648,578
642,462,639,636,643,580
632,474,630,632,648,578
631,470,628,635,655,569
636,471,639,624,658,580
639,461,637,634,648,580
634,475,634,634,659,571
634,460,636,638,645,579
639,465,639,635,646,581
638,471,639,623,656,581
636,461,635,633,654,577
633,459,636,634,649,579
635,475,638,635,645,580
640,459,637,634,646,576
633,472,634,634,658,572
641,467,640,623,656,581
642,466,642,623,655,581
638,460,637,636,659,572
627,462,623,635,659,571
637,469,637,628,655,577
634,470,634,636,650,578
627,470,634,623,657,582
635,471,635,627,657,579
625,468,623,636,657,571
634,470,633,631,654,578
640,460,632,638,646,579
627,465,624,636,658,572
625,470,638,632,658,575
634,471,629,631,654,579
634,465,633,632,649,579
633,470,635,637,648,578
638,463,637,637,645,580
635,468,640,625,656,582
642,463,637,635,646,582
625,465,623,635,657,570
637,455,633,630,654,580
626,472,634,628,657,579
636,471,634,631,656,578
634,472,636,631,655,578
633,457,634,633,658,577
636,454,632,631,650,579
638,467,637,617,659,578
635,456,637,633,657,578
626,466,623,635,660,572
636,464,633,627,655,579
628,462,635,631,654,575
627,470,636,635,656,572
628,473,624,635,645,580
626,465,634,633,660,572
635,469,634,627,653,578
634,455,635,632,651,575
639,460,637,635,657,573
633,471,634,635,647,577
638,470,637,635,652,581
636,466,636,622,658,580
634,472,637,618,658,580
626,474,636,635,659,573
636,467,636,634,649,581
637,459,638,623,656,582
632,461,627,626,656,575
637,467,624,631,650,579
625,469,624,635,660,571
634,474,634,635,650,577
640,470,635,625,655,580
630,462,624,628,658,573
635,474,634,631,652,575
635,457,637,631,647,581
621,475,622,634,660,571
626,466,638,633,648,581
630,474,628,632,654,575
641,468,629,630,660,572
639,467,638,624,656,584
638,466,636,633,643,580
637,470,632,635,648,579
626,461,624,630,661,572
636,466,637,635,644,581
635,466,636,633,655,573
634,471,633,627,657,579
637,458,637,629,650,579
638,468,638,631,654,578
627,464,624,631,660,578
629,472,628,630,658,572
634,473,634,632,656,574
630,460,629,630,663,574
638,467,638,625,657,582
635,456,634,634,656,572
635,469,634,634,646,579
637,469,633,622,657,583
637,469,635,619,660,579
639,461,638,619,658,582
638,457,638,633,647,579
637,470,637,621,659,580
633,471,624,618,658,580
635,467,636,632,656,573
633,472,633,626,655,574
628,459,628,630,647,582
633,457,637,629,648,581
625,466,638,628,648,582
635,470,634,627,655,576
631,469,635,628,659,571
633,469,622,620,657,580
636,458,637,628,656,574
635,469,636,629,645,578
629,473,630,628,652,578
638,467,634,621,654,583
638,467,638,632,658,581
633,471,631,629,657,571
636,464,624,620,656,580
635,456,634,615,648,580
633,474,634,620,655,584
623,470,624,629,659,572
638,464,638,628,645,582
637,470,638,619,657,576
625,471,624,628,647,582
636,472,634,626,655,575
625,469,623,628,655,576
637,467,639,631,645,576
638,470,622,630,657,571
636,468,637,630,645,581
631,457,631,616,653,582
637,458,632,626,648,580
632,473,633,628,661,572
623,473,624,613,647,583
633,474,633,618,656,579
632,457,631,629,659,580
632,470,636,616,658,577
626,468,621,625,657,576
629,473,627,629,654,575
624,470,623,629,657,572
635,469,636,618,657,576
636,472,636,617,656,579
629,462,630,625,656,575
635,473,633,632,649,578
637,470,635,627,660,571
625,467,624,628,660,571
629,459,627,615,656,572
633,459,637,627,647,580
637,462,637,614,659,580
636,458,635,626,654,579
625,466,624,627,658,570
635,473,635,622,646,578
629,462,628,627,653,577
632,474,633,631,646,579
628,472,634,628,652,580
635,472,641,622,654,581
636,471,637,621,655,581
625,470,638,614,656,582
625,468,623,617,654,581
632,472,635,625,659,571
624,469,623,628,659,571
633,458,635,630,645,580
630,456,638,626,649,580
626,466,624,624,654,577
635,475,633,631,652,578
626,473,630,627,656,577
633,473,632,626,653,576
629,460,630,623,655,575
632,474,630,615,655,582
627,461,630,625,658,573
624,475,623,630,656,572
633,473,632,623,656,575
638,470,638,630,655,572
631,472,633,628,651,578
624,474,625,629,658,572
627,477,624,629,655,573
636,467,638,628,644,579
635,473,623,627,657,572
625,476,624,629,656,572
627,463,626,628,658,571
637,468,638,614,657,582
633,472,633,623,653,579
635,470,639,617,655,580
626,464,637,630,656,574
639,469,640,616,655,572
638,465,639,629,646,580
635,471,633,622,654,581
633,474,632,628,660,571
636,472,635,629,647,579
632,475,630,624,656,573
626,457,631,625,655,575
636,470,639,616,657,579
636,465,637,615,656,579
639,469,636,621,654,581
633,471,633,620,648,582
638,465,635,623,645,579
625,469,623,630,660,569
634,469,638,627,650,577
633,474,633,624,653,575
635,473,635,618,658,579
634,462,626,625,660,572
625,465,623,627,658,571
626,470,623,628,658,573
633,472,635,615,657,581
634,459,634,628,653,579
633,471,625,625,655,579
626,467,624,625,655,583
626,466,626,622,653,574
632,473,632,621,656,574
627,464,623,627,655,575
633,471,636,622,655,579
626,466,624,626,651,572
631,461,629,627,659,574
626,462,632,630,655,574
631,472,631,625,654,578
633,457,634,628,648,581
624,470,639,616,655,583
638,468,638,630,644,579
632,471,638,620,654,583
639,470,637,617,656,581
637,476,624,629,655,573
634,471,636,631,648,579
635,457,637,629,658,571
633,474,636,625,650,581
635,469,637,629,657,581
638,469,639,624,655,584
624,475,634,625,653,576
637,469,639,618,655,582
637,472,634,622,651,579
635,477,623,631,658,567
633,458,634,630,659,570
637,463,629,626,657,572
635,458,636,627,647,580
635,474,635,628,645,579
634,457,634,625,654,576
635,474,625,629,657,573
627,461,630,627,656,573
628,465,625,628,658,570
627,466,623,624,660,571
630,460,631,624,656,576
638,461,640,628,648,579
637,469,639,613,658,580
627,461,631,626,656,574
635,459,637,618,656,579
638,469,637,617,658,580
627,470,639,616,657,580
637,464,640,628,644,581
630,460,632,617,657,581
637,469,636,615,657,580
638,457,637,615,654,568
638,462,638,634,644,579
636,468,629,627,654,577
635,451,634,625,652,576
636,464,636,619,657,579
633,451,634,624,659,576
630,466,628,616,657,570
635,464,635,620,656,574
633,461,637,627,657,578
638,461,641,620,656,569
636,464,637,618,659,575
638,454,634,625,651,578
639,449,638,626,646,579
629,457,638,630,645,578
638,453,632,626,661,575
626,450,638,628,648,579
631,450,632,626,659,572
634,458,640,616,658,578
636,462,637,624,654,574
626,461,624,629,658,567
634,463,635,627,654,575
631,460,639,630,646,578
625,456,623,630,646,580
636,461,636,626,655,579
633,446,635,627,654,575
631,464,632,627,654,571
627,463,630,628,655,572
637,461,640,616,658,579
635,464,633,625,653,575
626,458,625,629,659,568
630,449,635,624,653,575
642,457,642,616,656,579
627,454,625,628,660,570
632,464,630,628,653,572
640,462,635,623,654,577
640,449,637,629,650,575
636,449,639,629,647,577
629,452,626,626,659,570
627,464,630,625,645,579
638,462,637,619,657,576
639,456,622,628,658,568
636,462,636,622,659,569
636,464,634,632,659,577
639,465,628,631,657,570
632,462,641,617,657,579
639,450,635,627,652,576
637,461,636,631,646,577
640,461,639,618,657,573
634,467,641,617,656,579
641,459,638,617,655,580
636,460,636,632,645,577
635,464,634,630,654,576
626,460,623,626,656,572
640,460,642,620,655,580
629,463,624,630,656,572
641,465,636,620,656,576
639,462,637,617,657,577
630,466,625,627,646,579
626,450,631,624,655,572
636,465,636,624,645,580
627,465,635,631,645,577
636,466,635,623,655,576
640,449,638,629,650,578
627,467,626,630,656,570
640,454,638,626,645,578
636,442,640,628,646,577
630,450,629,627,659,573
634,464,635,625,653,575
636,464,636,626,654,574
640,449,639,628,649,578
639,462,639,617,655,582
632,461,639,618,655,579
635,465,634,620,659,577
640,457,638,631,656,574
627,465,625,630,657,577
634,464,634,625,659,568
629,463,631,627,654,574
637,462,636,627,656,580
628,465,624,629,656,580
639,457,640,617,658,578
637,461,635,632,645,576
640,460,640,627,655,572
634,448,636,626,658,578
637,462,632,633,647,579
635,458,637,628,652,576
641,451,640,617,645,580
627,466,628,630,655,580
637,463,640,617,657,580
640,461,640,623,654,576
637,449,636,626,647,577
629,466,626,627,654,580
640,451,624,630,657,570
641,462,638,616,646,579
625,465,624,630,654,572
635,466,640,618,659,577
627,457,626,626,659,570
634,449,631,626,644,578
627,465,626,630,655,572
640,462,641,614,658,580
635,466,638,630,647,578
626,457,625,629,647,578
635,464,635,627,655,577
640,466,625,631,656,570
639,451,640,628,646,579
629,466,626,625,654,578
639,461,641,617,654,579
634,464,635,620,653,572
633,464,639,631,646,579
626,467,625,630,656,570
636,465,634,626,643,579
626,466,625,631,658,576
636,450,637,627,650,573
634,464,629,627,655,573
640,451,638,631,653,578
639,461,641,617,657,579
639,454,630,627,659,572
635,449,634,626,657,575
626,460,624,629,658,570
634,464,635,626,654,576
623,456,627,628,660,568
637,461,635,632,649,576
631,459,625,628,644,579
630,463,640,618,656,582
634,468,638,630,645,579
639,447,637,624,645,578
639,454,635,632,645,577
632,462,627,629,656,573
639,453,637,629,645,577
638,448,637,618,654,569
639,449,639,631,645,578
638,453,641,617,656,579
639,452,641,618,658,578
637,441,639,627,650,571
627,435,630,629,652,573
640,452,640,617,653,575
631,444,634,627,652,576
635,455,638,631,646,578
638,447,639,629,654,571
627,459,623,629,656,569
630,449,637,630,646,577
634,458,634,628,651,573
639,459,636,632,656,574
638,453,624,628,660,568
635,455,634,620,652,576
627,446,625,626,647,575
638,451,625,630,660,568
629,451,625,627,658,570
633,441,632,626,654,574
636,454,634,631,646,576
636,455,636,632,646,576
636,455,635,626,654,577
629,457,634,627,649,574
636,456,639,629,645,578
634,457,638,631,644,578
630,449,628,627,659,578
640,454,637,619,657,577
636,453,636,631,657,575
635,459,639,627,646,577
638,455,640,617,656,576
634,441,634,629,657,578
636,456,638,615,654,575
626,461,624,631,657,570
638,455,625,630,659,568
641,456,642,617,655,579
632,463,625,625,658,576
630,447,627,619,658,572
638,446,625,627,657,569
632,444,635,627,655,572
638,455,625,629,659,569
635,454,639,619,656,578
626,457,623,630,656,568
634,460,635,629,648,576
640,457,637,618,656,577
639,458,635,621,653,579
637,438,635,626,647,578
630,462,627,629,655,578
636,459,636,632,645,572
636,456,636,630,656,576
639,455,638,622,651,572
627,452,623,628,658,573
640,458,636,625,654,571
636,465,639,630,645,578
639,456,636,627,652,577
634,460,635,625,653,578
634,443,635,625,651,575
625,460,624,630,645,572
628,452,641,617,657,581
629,459,625,629,657,570
636,463,635,624,654,576
629,449,635,629,649,577
640,443,627,630,654,572
625,457,635,624,653,577
636,446,636,628,653,574
635,446,636,627,644,573
643,454,637,615,656,581
635,460,636,631,647,577
638,464,634,632,653,573
632,451,632,626,657,579
625,464,625,630,653,572
634,460,623,629,657,569
630,464,634,633,653,578
629,456,634,626,654,578
640,462,639,618,644,571
635,465,633,626,654,576
636,463,637,633,643,579
637,458,638,617,658,579
641,464,636,622,656,580
635,465,633,630,656,581
634,457,625,630,657,570
640,461,636,616,656,581
636,464,633,626,656,575
637,448,637,628,647,581
640,461,639,617,653,583
642,464,633,622,654,579
627,456,634,627,654,576
635,465,636,622,657,580
641,453,637,632,646,580
635,464,635,630,647,578
640,462,623,631,655,572
636,465,637,617,656,579
640,451,638,630,644,580
637,451,637,627,647,581
638,455,638,631,641,579
634,466,635,627,657,575
639,459,638,635,645,579
636,469,632,625,657,577
625,449,631,626,654,573
633,466,633,625,652,572
637,452,633,626,659,571
637,459,638,615,657,580
637,453,630,625,660,574
627,467,638,630,646,581
637,459,635,631,643,580
634,461,639,617,655,578
639,452,638,629,645,577
635,463,632,624,651,577
636,463,637,618,657,579
637,461,639,617,658,581
635,466,635,626,654,578
639,451,637,629,646,581
640,460,640,617,655,580
638,460,640,618,655,582
634,463,633,624,654,580
635,463,635,619,658,579
636,463,636,622,652,581
630,456,628,627,659,572
637,466,635,619,656,578
634,463,635,632,646,580
639,457,638,630,654,578
638,459,631,626,653,576
633,466,631,625,652,578
637,458,638,631,650,571
638,452,633,628,648,580
635,466,638,617,654,582
636,462,634,628,644,580
627,469,625,629,654,572
624,460,639,629,652,576
641,461,639,618,656,572
638,454,635,629,648,577
637,463,638,622,656,576
636,466,630,626,652,579
627,458,623,630,656,571
630,463,630,627,653,576
634,467,619,621,656,579
627,463,623,628,658,570
625,466,622,629,660,583
637,466,637,616,658,578
634,467,635,628,650,583
632,466,632,626,650,578
635,468,626,631,656,574
641,460,637,617,656,582
631,453,629,626,657,580
628,469,624,631,656,573
637,466,635,620,645,580
637,451,637,627,648,575
636,465,634,620,657,580
629,466,624,631,653,578
637,451,624,627,657,572
626,467,623,630,656,571
631,452,636,631,646,580
634,467,634,621,656,579
625,462,623,630,655,572
637,463,637,616,655,581
634,464,635,632,656,574
627,464,636,630,645,580
638,452,636,627,647,580
630,449,629,625,654,580
636,452,632,626,650,581
627,456,638,630,655,577
632,461,634,633,643,581
626,464,622,630,655,573
637,463,637,618,645,583
641,464,640,619,653,582
638,460,623,630,655,573
637,459,636,631,644,581
627,467,625,629,650,573
636,464,633,632,645,575
625,460,620,628,658,572
635,453,635,626,649,578
636,452,634,627,657,572
638,459,629,629,645,581
631,469,620,629,655,572
638,450,622,629,658,573
624,462,622,627,659,572
638,462,636,617,656,577
630,467,633,621,655,579
637,465,638,622,654,572
640,462,636,617,653,582
635,465,635,618,656,580
639,454,637,627,658,581
636,464,621,630,657,571
638,459,624,628,654,574
621,470,620,630,657,572
635,469,631,628,650,581
637,461,635,630,643,580
636,465,629,627,653,577
638,464,635,616,655,581
630,467,630,630,655,572
638,465,634,623,652,573
633,466,631,627,649,570
627,469,621,630,657,571
633,453,621,629,655,573
638,458,632,630,642,581
633,452,631,623,652,577
632,465,628,626,651,582
636,458,634,628,644,582
625,467,619,629,656,572
639,451,633,630,645,582
638,464,636,630,645,582
625,470,621,629,655,571
633,467,631,627,649,574
630,468,633,629,656,571
633,468,630,621,652,579
635,469,630,616,657,580
631,453,626,625,659,582
639,457,636,629,644,580
634,452,620,625,657,571
641,465,632,616,656,580
632,452,627,625,653,576
633,465,628,627,652,578
632,471,630,619,649,576
635,468,633,618,657,582
638,453,634,630,642,582
635,468,626,624,652,575
636,460,630,619,657,580
633,468,627,625,652,581
641,466,633,616,654,582
636,467,633,624,653,579
638,465,631,612,654,582
626,459,619,625,652,583
625,473,634,626,660,576
638,455,635,627,644,583
636,470,627,617,655,579
629,468,628,625,653,575
637,469,632,618,656,581
631,456,634,626,648,581
636,465,629,631,649,580
625,462,619,627,656,572
637,473,627,624,653,581
635,455,634,627,644,581
637,466,632,616,657,581
633,455,632,628,646,581
636,470,631,622,654,580
627,462,618,628,656,577
636,469,633,615,655,581
640,462,634,629,644,580
629,472,622,616,653,582
635,470,629,620,650,582
634,469,619,624,652,579
634,472,629,623,649,580
638,466,631,627,656,576
637,467,632,625,652,578
632,472,632,630,641,581
634,470,630,630,647,579
636,454,627,622,652,579
632,471,625,627,658,580
636,463,633,629,643,578
630,459,620,624,653,577
624,465,618,628,655,572
625,458,634,628,644,583
620,468,619,630,657,571
636,455,634,628,654,573
634,470,630,622,652,579
637,472,623,627,654,575
641,469,634,621,652,581
634,463,631,628,648,582
638,467,634,630,655,572
630,458,627,625,652,578
627,461,619,624,652,579
624,455,619,630,655,571
637,465,634,615,656,583
634,472,631,626,647,580
635,468,631,621,653,581
632,455,629,626,658,574
636,465,630,629,643,582
635,467,629,631,644,582
633,466,635,616,656,583
631,456,626,625,652,582
624,474,615,629,654,572
632,473,629,625,651,579
626,472,620,628,654,573
628,472,622,622,646,582
636,469,636,615,656,582
638,468,626,615,655,581
632,471,631,622,654,581
636,462,634,629,643,582
631,471,627,621,653,580
632,457,627,630,644,580
625,462,620,627,658,575
640,469,634,623,651,578
627,463,630,628,640,582
641,468,633,618,653,582
636,455,633,630,656,574
633,470,631,615,659,582
635,469,627,623,653,578
634,472,629,627,651,577
639,468,634,630,642,580
631,452,625,624,656,581
630,472,627,626,654,574
623,463,620,628,658,571
626,463,621,625,658,580
634,473,627,626,651,579
636,469,632,616,646,582
636,455,632,622,646,583
621,472,621,629,654,574
626,463,620,629,656,573
637,472,631,621,655,579
635,465,628,624,651,580
637,467,631,631,645,581
639,467,635,616,654,581
636,468,633,631,653,578
622,473,623,630,654,574
635,466,634,616,655,582
628,471,623,631,644,583
635,470,631,618,655,580
635,470,631,621,653,582
639,469,636,615,655,583
637,468,634,624,653,581
639,466,635,623,651,579
636,470,630,630,647,579
639,465,634,630,644,580
634,454,622,624,657,575
629,458,626,629,655,574
638,466,634,616,656,582
635,467,631,616,655,581
638,466,634,617,655,580
634,456,631,626,658,577
640,467,635,615,653,580
638,463,636,629,654,571
633,456,629,631,644,579
640,470,635,619,655,573
636,456,632,625,651,575
640,462,636,627,643,580
629,472,625,631,653,574
636,458,630,627,657,574
641,469,632,623,653,578
641,467,634,630,644,579
638,469,632,629,651,576
633,468,624,631,654,570
646,454,636,626,653,576
645,452,636,626,651,576
645,452,638,628,644,579
645,465,635,630,646,577
645,466,632,628,649,574
644,464,632,628,658,568
642,465,630,627,655,571
642,464,633,631,657,564
645,451,638,630,658,568
647,457,637,631,644,574
641,466,633,626,653,573
647,452,640,629,646,575
644,464,631,617,658,574
644,465,634,627,655,574
640,452,627,627,656,570
648,454,638,626,647,572
643,464,632,627,652,576
647,443,637,627,643,575
641,464,633,627,651,573
647,462,632,623,647,576
641,464,632,625,653,573
644,448,631,628,659,575
628,460,621,633,657,566
648,467,636,619,658,574
643,463,635,634,655,575
634,460,624,632,658,566
648,450,633,633,643,576
635,467,621,635,658,565
649,460,638,618,659,573
637,454,630,628,658,570
648,462,638,631,655,577
647,461,636,635,656,577
648,457,639,619,658,575
643,464,631,632,645,577
647,459,635,619,657,579
636,466,621,632,660,567
636,447,620,629,659,567
644,465,633,634,649,574
644,463,634,632,653,565
647,457,637,625,655,574
647,461,636,621,657,576
644,461,634,630,650,568
643,465,633,628,651,573
644,460,635,634,646,575
645,449,631,635,644,574
647,457,638,624,656,574
643,462,634,627,653,575
641,465,629,630,653,574
630,461,622,629,650,574
641,465,627,631,655,573
645,464,632,619,656,578
635,465,618,620,657,577
646,462,635,634,656,571
633,454,628,629,656,568
646,450,636,632,645,572
643,464,632,631,657,571
636,463,625,634,654,569
648,467,628,628,653,574
644,463,631,625,655,574
642,465,637,620,656,577
639,450,632,629,653,573
648,462,636,619,657,574
649,460,636,620,655,576
640,466,627,620,656,576
641,453,629,634,644,577
645,457,636,633,644,575
641,450,631,632,647,575
649,459,637,620,656,577
643,466,634,635,658,569
636,467,623,633,657,567
646,455,637,633,659,566
643,468,631,629,650,576
635,459,623,630,657,567
644,466,632,624,655,573
641,465,632,630,659,568
642,451,627,630,655,575
646,443,631,622,651,573
639,467,627,632,659,563
635,462,622,633,658,566
645,464,629,628,654,574
642,451,631,632,654,572
641,452,631,630,657,572
644,466,637,626,656,578
645,451,635,635,658,566
641,455,630,629,654,572
645,467,633,633,656,569
642,456,638,634,646,573
648,457,636,632,645,577
647,466,633,622,656,574
633,468,621,633,660,566
644,469,635,623,655,574
647,451,635,629,651,575
647,462,635,635,655,573
643,469,632,629,655,574
649,455,635,630,649,576
646,468,633,623,659,576
638,456,627,629,657,575
650,465,637,620,656,577
646,470,632,633,647,574
647,465,638,622,659,575
643,467,633,624,659,575
642,469,631,633,652,568
649,454,636,633,650,575
635,469,622,630,661,567
648,467,632,624,656,574
641,455,628,631,657,572
641,468,629,628,656,574
645,468,634,619,659,577
642,470,629,629,655,574
642,471,632,630,660,574
649,468,633,622,660,575
634,461,621,633,661,568
645,467,635,620,650,577
635,464,619,634,658,570
635,459,622,632,649,576
646,467,634,622,660,574
644,467,632,625,659,577
643,445,631,627,655,572
651,465,629,632,658,574
641,460,630,629,657,572
647,467,633,621,660,576
635,462,621,632,662,567
642,469,629,632,658,571
645,466,635,632,647,577
650,461,632,636,648,576
648,467,635,632,656,574
644,468,639,625,655,575
639,470,624,635,658,578
643,456,634,632,656,574
646,462,635,632,656,576
636,458,625,633,661,568
644,467,631,622,651,577
643,453,627,633,658,570
648,464,635,621,659,577
643,464,633,635,653,574
646,457,637,636,649,578
645,469,639,628,658,579
639,454,628,629,657,573
648,467,635,622,660,578
645,469,633,630,658,574
650,466,635,621,658,574
646,465,638,621,660,578
642,473,630,630,653,573
646,468,632,638,648,577
647,450,632,633,651,576
645,466,635,623,661,576
635,463,622,634,663,570
632,465,621,634,663,574
643,471,631,636,652,575
632,464,621,622,658,574
643,468,635,627,658,576
647,470,637,627,657,576
640,469,637,625,657,579
646,466,638,621,660,579
642,471,630,632,659,572
641,472,631,629,651,575
640,473,631,634,652,575
643,471,636,631,650,578
646,468,636,623,658,575
642,468,634,632,658,573
643,467,631,621,659,578
641,468,635,622,659,578
632,470,621,629,661,567
642,470,631,637,654,577
638,456,628,630,659,572
636,471,634,632,659,580
639,456,631,634,658,575
646,465,636,635,647,579
645,468,636,621,651,578
644,458,636,632,647,579
638,459,628,623,656,579
635,462,624,633,658,576
646,455,627,626,657,578
636,459,627,631,662,569
643,471,632,627,655,576
645,462,636,635,655,571
644,467,636,622,656,579
636,468,634,622,659,578
632,472,622,635,661,570
641,456,634,623,658,570
644,471,633,623,659,578
640,472,633,623,656,577
644,474,633,633,649,577
634,471,638,630,657,572
643,457,622,634,658,572
645,468,637,624,657,581
642,471,632,627,661,570
643,462,634,624,660,578
644,467,635,618,647,579
640,470,632,631,652,575
632,474,623,631,642,578
645,468,637,621,658,579
637,471,631,631,658,571
640,467,633,636,661,571
639,471,631,638,656,576
644,454,635,632,655,577
641,472,631,632,654,576
637,459,627,630,661,576
644,458,635,629,652,576
641,470,633,630,658,578
640,472,632,630,655,577
632,467,622,632,662,570
630,466,621,632,651,577
638,473,628,637,659,567
646,465,636,634,647,580
630,474,621,635,659,569
641,468,633,634,660,577
631,468,621,636,660,568
632,474,623,634,656,576
646,467,637,621,657,580
634,461,622,632,659,577
639,463,636,629,649,578
631,466,622,632,660,570
646,468,632,628,656,579
631,465,621,635,648,579
642,457,633,622,647,581
636,473,627,633,655,574
635,459,626,630,652,576
647,467,637,621,658,571
641,472,629,630,657,571
645,469,634,621,660,579
644,464,634,635,650,572
647,469,638,620,657,580
645,468,637,631,651,578
630,464,623,631,659,570
633,467,621,632,658,576
635,466,623,631,661,570
644,468,638,621,657,579
647,469,635,622,657,581
645,470,632,617,659,580
641,471,632,628,656,576
636,460,627,630,660,573
643,469,635,627,657,577
640,474,632,630,656,575
632,462,624,630,661,571
641,473,631,632,656,576
632,463,622,631,652,575
641,457,634,631,653,575
631,467,623,631,660,579
637,474,630,630,656,580
641,460,634,631,652,578
639,466,636,633,646,579
638,472,632,620,659,579
641,465,633,629,648,578
631,468,623,633,656,573
638,470,631,634,647,578
638,470,634,627,658,579
638,463,634,632,647,577
627,467,620,632,655,569
638,474,630,627,651,576
640,469,635,635,645,578
641,468,636,622,658,580
640,467,633,622,658,570
639,472,632,629,655,572
629,462,622,631,659,571
638,471,631,626,651,577
640,470,635,621,660,579
636,458,634,632,656,581
641,471,635,615,657,579
643,472,638,620,654,580
643,468,636,623,656,581
639,468,630,628,654,577
634,460,628,625,655,576
639,470,635,620,646,577
635,459,635,633,646,582
638,459,631,631,654,578
629,463,622,627,653,577
639,466,632,623,656,578
639,471,636,620,657,574
635,470,636,621,656,581
640,467,634,635,643,581
638,473,632,636,643,576
627,465,622,629,655,581
645,470,634,627,653,581
637,470,633,636,646,579
641,470,635,635,646,579
638,457,633,630,652,579
640,472,637,623,656,578
637,474,631,626,650,578
641,472,630,625,643,578
635,474,624,632,658,571
640,458,635,632,648,581
633,470,632,624,657,579
643,467,635,621,656,581
633,473,624,632,654,577
641,459,632,634,651,578
639,470,634,622,657,580
638,469,633,633,645,579
633,460,626,629,657,579
641,457,631,630,657,581
637,473,631,630,659,571
642,464,636,634,644,581
640,472,635,626,655,581
641,465,635,634,656,570
638,476,626,626,652,577
630,463,628,632,658,573
642,460,635,631,646,580
629,472,621,633,656,572
642,465,635,633,657,578
642,473,634,624,657,580
635,459,628,630,658,571
630,465,617,632,656,573
638,472,634,623,653,577
629,468,622,633,659,569
645,471,637,626,653,580
638,455,631,632,653,578
642,469,636,623,659,578
640,476,631,631,652,577
630,475,622,635,646,581
639,474,628,630,646,573
641,466,635,633,644,579
637,459,630,629,657,576
640,474,634,625,658,578
633,470,635,632,646,577
635,474,624,632,654,576
634,458,627,630,654,574
640,473,632,636,657,572
642,470,637,615,655,583
636,453,630,627,655,575
640,472,632,634,654,579
631,466,621,634,659,569
639,457,633,632,654,577
636,458,630,622,651,577
630,476,622,634,655,571
636,460,626,630,654,575
639,458,630,629,654,576
628,470,622,621,656,580
642,471,635,622,658,579
640,467,633,634,645,577
641,463,633,633,644,577
637,473,631,635,655,577
630,460,621,627,662,571
640,474,631,633,648,577
633,470,618,633,656,570
629,474,620,633,656,572
631,462,629,629,656,575
630,473,627,632,653,574
631,475,625,622,654,578
629,465,620,630,658,571
636,458,629,629,646,573
635,473,631,633,657,580
628,471,619,631,656,580
640,460,635,631,644,581
642,471,631,615,654,580
641,475,632,628,652,578
637,474,633,622,655,577
638,471,632,633,651,581
642,459,635,630,639,579
637,470,636,620,654,582
640,472,634,620,657,576
624,474,620,633,655,578
631,470,621,632,660,572
641,469,634,634,643,578
638,471,636,625,652,583
643,468,635,620,653,579
645,469,634,619,653,581
643,459,634,630,655,580
642,472,631,624,652,582
642,459,636,633,647,580
642,461,635,629,644,580
633,476,628,625,651,575
637,473,631,627,652,577
638,476,630,624,651,577
642,466,633,633,641,581
641,464,634,631,643,582
636,459,629,628,653,575
640,467,635,632,645,581
638,461,635,632,643,580
640,472,630,625,651,582
643,471,636,628,651,581
642,460,633,632,642,579
641,460,634,633,643,582
637,473,631,632,647,579
642,469,632,634,643,577
641,470,633,618,656,578
636,464,634,634,643,581
637,477,630,624,654,578
638,473,627,631,645,579
642,471,636,633,643,581
638,474,629,631,646,577
629,467,621,630,657,572
639,457,630,631,648,579
635,471,634,621,655,580
638,477,630,628,650,580
643,461,634,629,645,580
641,461,635,630,648,581
642,470,634,632,652,580
642,469,634,633,651,576
641,470,638,628,648,580
630,473,624,633,655,572
641,471,634,618,654,581
639,472,632,633,644,582
624,469,621,630,656,572
639,473,631,623,655,578
642,470,633,633,644,577
639,467,630,625,653,571
642,458,633,628,649,580
644,473,633,625,653,579
643,465,635,632,642,579
644,470,636,619,653,582
644,471,635,617,653,581
639,460,632,628,655,573
633,475,622,634,651,574
628,463,627,624,652,575
638,468,635,633,643,580
643,470,636,620,655,579
640,471,632,621,656,581
629,475,635,625,650,579
640,472,632,634,642,575
630,465,622,629,657,573
643,471,636,620,654,583
638,473,630,634,652,575
641,460,635,631,640,581
628,473,620,632,655,578
640,471,632,618,655,580
634,476,624,629,654,575
643,459,637,629,648,580
642,472,634,620,654,582
638,474,632,628,641,574
642,472,636,620,643,578
641,469,637,619,654,582
642,461,634,625,639,581
635,476,627,631,646,577
638,475,629,629,655,579
640,471,632,633,644,578
630,468,619,629,655,571
636,473,626,631,652,578
640,474,629,629,652,579
638,475,630,621,655,579
637,460,629,627,649,578
638,458,632,629,647,579
637,472,632,633,644,581
643,470,636,617,655,582
644,468,634,619,651,581
639,460,632,629,647,579
638,470,633,633,644,579
643,466,635,633,640,581
635,461,625,629,655,575
638,475,631,633,644,578
632,463,627,627,644,582
641,470,636,619,653,582
640,477,631,630,647,581
628,462,627,630,657,574
641,472,633,618,654,580
632,476,623,631,643,571
642,468,635,632,642,578
629,476,620,631,655,571
634,468,624,628,649,577
639,471,632,632,642,576
638,460,627,626,649,578
642,471,635,617,654,577
641,474,634,619,654,579
641,468,635,633,641,581
633,475,628,628,652,577
630,477,622,633,652,573
640,475,631,628,649,577
635,477,622,631,652,575
633,475,626,628,650,577
639,472,632,624,651,582
637,474,630,627,648,581
628,463,628,627,651,576
638,477,629,628,649,575
638,475,627,628,651,580
635,477,630,624,650,579
635,458,630,629,648,580
636,472,637,617,655,583
642,467,634,633,642,582
629,469,619,632,654,571
642,468,631,633,645,582
642,473,633,619,652,578
637,475,631,633,643,580
632,474,623,631,654,572
627,471,619,631,654,572
636,472,631,626,653,580
642,475,629,627,653,581
637,478,632,629,656,573
642,470,636,619,653,583
630,470,620,629,657,571
636,475,628,629,647,574
639,472,632,620,654,581
643,464,635,631,643,583
640,472,634,620,656,581
631,464,626,628,655,580
630,465,622,629,655,572
633,463,626,628,653,582
643,469,633,618,655,582
635,476,626,630,655,580
640,471,634,619,654,580
640,459,631,630,647,582
640,460,631,629,649,579
631,474,618,633,655,571
632,477,621,629,654,575
631,466,621,629,656,572
628,469,619,631,657,582
644,471,637,624,651,580
637,476,629,630,650,579
637,474,631,627,651,578
642,471,634,618,655,581
627,472,619,633,655,572
640,467,634,634,643,581
643,472,635,619,653,581
636,476,629,625,652,579
629,470,620,628,653,579
637,476,631,626,650,579
637,477,630,628,651,581
635,460,630,628,651,578
638,473,631,631,647,579
627,472,619,630,657,579
632,475,623,635,643,580
644,470,635,622,654,582
638,476,629,627,651,579
636,477,630,629,650,582
639,464,631,628,649,579
639,478,629,629,648,579
642,469,634,619,656,582
643,471,634,620,655,577
628,471,619,632,655,572
643,462,631,628,640,581
644,471,630,619,652,576
639,475,629,628,650,576
637,471,632,621,654,582
628,471,619,631,657,574
631,460,623,625,655,575
630,476,619,632,653,574
641,472,628,628,652,582
635,476,632,627,649,580
639,470,634,619,654,580
628,470,620,631,657,572
636,460,629,629,648,579
639,475,629,626,655,578
633,464,628,627,657,575
635,461,627,630,652,576
635,464,627,628,661,576
627,477,620,631,655,577
629,476,621,633,654,569
638,474,633,619,655,580
634,476,623,630,653,575
640,474,631,628,652,580
629,474,619,632,654,571
635,475,625,628,652,579
639,451,631,630,647,579
629,474,619,632,656,571
630,470,620,626,653,571
644,472,636,620,652,581
640,471,634,620,657,581
641,475,631,620,654,580
641,473,634,619,652,583
633,476,623,631,653,577
641,460,636,630,651,568
640,475,628,628,645,578
641,459,634,630,645,573
638,467,632,625,647,581
631,477,630,624,651,581
629,468,621,630,656,572
643,462,633,631,644,582
633,463,623,629,653,575
638,468,633,633,642,578
639,476,631,633,649,579
635,478,622,631,653,577
643,472,635,623,653,581
636,454,630,629,647,578
641,471,636,620,652,584
642,472,636,626,653,585
634,477,626,633,652,574
639,460,631,628,649,578
637,476,629,631,648,578
638,474,632,622,655,582
636,476,625,628,651,577
634,463,626,629,655,575
631,479,617,630,655,572
637,474,630,626,650,584
644,464,636,620,652,580
638,460,630,628,650,580
642,471,636,619,652,580
642,470,634,619,655,581
631,469,629,630,649,579
636,476,630,630,648,580
644,474,630,628,651,579
629,469,619,629,655,573
632,466,621,629,655,580
635,478,630,627,650,579
629,479,620,632,656,574
643,475,630,619,656,582
643,467,635,632,644,580
628,463,619,630,644,582
627,471,620,631,658,573
629,477,619,632,653,572
631,476,618,632,653,574
641,467,634,633,641,582
638,473,631,622,641,582
637,475,631,620,654,581
643,475,629,626,652,580
638,474,632,621,656,581
643,473,635,620,653,582
636,459,628,628,648,578
640,473,632,624,647,582
640,476,632,621,656,581
639,474,631,632,642,582
642,472,631,634,645,579
642,462,629,626,646,581
639,474,632,622,654,579
637,475,632,621,654,580
642,472,633,620,653,584
636,477,627,629,650,577
633,469,618,631,649,575
634,473,630,623,655,579
636,478,625,630,655,573
643,466,632,622,652,582
629,468,619,630,656,571
639,465,631,633,643,581
641,467,632,632,642,584
636,476,627,631,652,577
646,474,629,626,649,574
631,476,619,632,653,572
640,477,630,628,649,578
642,472,634,630,653,582
640,476,630,624,652,583
637,474,633,619,656,582
639,473,632,620,657,580
639,475,631,622,654,578
637,475,629,632,647,580
638,477,626,630,649,579
637,476,630,622,652,578
636,477,630,627,650,584
642,461,633,629,646,572
644,463,636,629,643,582
639,477,621,631,653,574
630,462,626,628,655,575
638,468,629,625,650,579
642,467,628,623,650,582
629,467,620,629,656,571
640,474,631,625,650,581
644,465,638,620,652,583
633,477,625,628,653,577
644,472,631,625,652,581
636,459,629,630,651,579
638,458,631,629,648,578
639,471,634,620,654,580
639,458,632,631,647,580
641,474,636,619,653,573
639,460,631,627,648,580
627,477,619,632,655,573
636,476,631,624,652,579
635,471,633,618,654,578
641,476,629,624,654,579
638,471,629,624,650,582
633,465,625,628,646,573
636,478,630,628,644,581
630,471,616,627,654,572
642,471,634,617,653,583
637,477,629,625,650,580
631,471,615,629,652,573
644,474,632,622,652,583
638,473,630,632,643,582
643,473,634,619,653,582
641,461,633,631,645,582
641,469,637,621,654,584
639,475,632,621,654,581
628,477,622,631,653,574
642,461,633,629,644,580
638,477,630,624,652,580
642,464,634,633,642,583
643,465,633,631,642,582
640,467,633,632,640,583
643,472,634,620,651,583
633,479,622,631,651,576
637,470,626,633,647,580
631,464,627,629,657,575
640,477,631,625,653,579
633,459,625,629,655,577
641,470,635,620,652,584
639,476,630,624,651,582
638,475,630,622,654,580
635,460,627,628,653,576
636,462,629,628,652,580
635,465,627,628,656,577
632,464,625,628,653,577
639,476,623,629,657,576
641,465,628,633,642,581
640,472,633,619,653,583
632,477,632,631,649,579
636,478,630,626,649,579
630,469,619,631,656,573
640,474,630,632,654,574
641,461,634,631,643,583
641,473,631,634,644,581
639,470,631,633,642,581
634,474,632,632,646,580
631,468,622,629,656,573
640,478,629,629,649,580
628,472,618,631,655,576
638,469,628,620,656,581
641,472,632,619,654,581
640,451,632,626,648,583
638,459,630,628,650,579
637,475,625,632,652,579
643,471,634,620,654,584
630,476,621,632,653,573
641,473,637,621,653,583
629,471,620,630,656,573
637,475,631,626,652,580
638,460,629,626,652,580
637,477,632,624,656,580
632,463,626,629,654,578
627,471,614,632,653,573
640,472,635,619,654,583
632,476,620,632,653,575
632,462,627,628,655,578
640,462,632,628,650,577
630,476,619,633,655,575
637,476,631,624,655,582
633,475,633,623,656,581
635,475,630,633,643,580
636,477,630,630,650,581
639,472,635,617,655,582
628,476,619,633,655,573
629,478,619,631,655,573
642,461,633,631,650,575
631,465,625,628,658,575
638,477,631,626,651,576
637,464,633,619,648,583
637,462,629,627,643,573
631,463,624,628,655,571
634,461,629,628,654,578
635,478,629,626,647,579
629,479,618,632,656,570
639,464,630,630,650,579
642,466,635,631,643,579
639,477,631,629,646,579
633,473,631,621,655,577
630,472,618,631,656,570
637,477,631,631,644,578
637,476,630,627,649,575
642,473,634,618,655,578
632,468,621,630,656,570
642,453,632,628,656,569
641,461,636,619,656,578
630,477,622,632,650,565
629,472,620,631,657,568
629,476,619,632,656,569
629,477,620,633,656,571
640,476,632,620,654,578
638,478,631,623,653,577
640,477,633,623,654,577
629,476,620,631,652,565
646,465,631,624,651,580
635,463,630,628,651,575
637,479,630,629,653,573
631,467,620,631,659,570
630,479,618,630,656,571
630,477,620,632,655,572
642,463,635,628,643,580
638,478,629,630,651,579
637,477,629,630,655,571
643,472,634,622,653,582
636,465,630,627,647,576
641,477,631,621,656,579
630,475,619,626,657,571
628,474,619,624,658,569
642,476,630,627,657,581
639,479,632,632,648,579
643,476,634,621,644,579
639,481,630,626,649,579
638,478,627,627,653,580
641,471,634,633,638,582
642,476,635,618,655,584
631,479,624,631,652,576
637,478,632,625,655,580
643,473,636,620,654,584
644,463,634,631,645,581
641,466,635,632,645,581
634,480,624,631,654,575
632,466,625,629,652,577
637,478,630,625,653,578
629,480,620,633,654,574
642,475,636,619,654,584
638,480,631,629,650,580
642,470,633,634,642,582
641,476,635,622,650,584
639,467,635,632,643,583
638,473,636,621,653,581
628,480,620,632,656,573
635,481,625,628,654,578
639,477,631,626,652,583
637,480,624,623,652,579
630,480,622,632,654,581
629,465,620,626,653,573
641,465,635,630,652,574
636,481,629,628,653,580
636,469,623,627,654,576
637,463,629,627,653,579
643,463,633,629,646,576
639,476,632,617,656,583
631,468,621,632,648,574
631,480,622,630,654,577
637,464,630,630,648,578
627,475,620,632,656,571
633,464,630,627,651,575
642,461,629,628,648,575
635,464,634,631,657,573
637,472,630,620,655,583
637,466,630,627,652,579
638,477,630,631,640,582
639,480,633,632,646,582
631,476,632,618,655,582
640,478,632,621,656,580
631,481,621,631,654,575
639,479,631,620,654,582
640,477,633,618,656,583
626,476,632,624,655,581
629,481,621,630,654,575
638,477,632,633,641,582
641,464,634,629,638,582
638,481,630,627,652,578
643,472,634,631,643,583
631,468,627,627,654,576
641,464,631,630,645,584
641,476,636,616,652,584
638,479,631,622,653,581
638,475,632,632,643,582
638,480,627,631,645,581
640,479,629,625,650,582
633,481,622,625,652,576
639,465,631,629,650,578
628,477,620,632,651,573
629,476,632,623,652,583
637,480,627,627,652,579
628,476,619,630,656,574
633,478,626,630,652,578
626,479,625,632,651,579
637,479,628,626,651,581
639,465,635,629,645,584
638,477,632,621,656,582
633,463,630,628,649,580
629,476,619,632,656,574
629,475,619,634,656,574
641,477,635,624,652,585
639,479,627,632,648,580
629,478,620,630,654,573
640,475,635,616,654,584
640,477,631,619,655,583
639,477,632,622,649,579
641,465,635,631,643,584
630,471,621,628,654,574
636,478,625,632,647,581
642,468,632,616,655,585
637,474,636,619,653,585
641,466,635,631,643,584
636,481,630,628,652,575
644,475,634,623,653,582
627,479,618,632,653,572
632,465,625,623,649,576
636,472,634,633,643,583
641,466,634,631,641,584
639,479,632,622,652,581
637,479,631,631,648,579
636,479,630,630,647,579
632,480,621,631,653,574
642,465,637,632,643,584
629,476,623,633,655,574
639,481,630,628,648,580
636,481,631,625,654,581
642,475,638,619,653,585
638,463,631,627,654,580
645,476,635,621,652,584
640,475,633,631,654,585
636,466,634,631,643,583
637,478,631,630,647,581
637,461,631,627,649,581
640,476,633,632,641,582
639,481,632,631,648,580
641,477,632,628,652,579
629,474,620,633,654,571
634,469,633,634,641,581
630,481,619,633,654,571
629,479,619,632,653,572
640,464,635,627,646,581
643,472,635,631,642,582
637,480,632,622,653,582
641,465,629,617,650,581
639,480,629,623,648,582
630,470,620,630,656,573
632,480,623,628,651,577
638,478,631,623,653,579
641,464,633,627,646,579
631,481,622,631,653,573
638,476,628,626,650,574
640,463,632,629,649,579
638,476,624,631,638,578
631,480,622,629,653,575
629,481,619,631,653,575
633,474,636,619,650,581
636,468,635,632,643,581
634,467,623,628,655,575
639,463,631,628,645,582
641,461,628,631,640,580
640,475,632,616,654,582
642,473,635,617,652,583
631,466,626,628,652,574
641,476,629,623,651,584
631,483,621,630,652,573
635,479,630,623,650,577
641,477,632,622,653,579
641,474,634,618,654,582
643,473,634,617,653,581
642,473,632,629,643,583
642,475,636,611,653,582
642,474,632,631,642,580
634,465,627,626,650,576
642,466,637,612,646,584
628,472,619,630,655,572
644,463,633,629,644,582
636,476,629,625,650,577
639,470,625,627,646,579
641,467,630,617,655,582
637,475,627,627,651,579
637,470,635,630,640,582
636,477,628,624,649,580
639,475,630,626,650,582
631,477,622,630,653,575
639,460,631,627,649,580
639,461,631,626,645,580
634,460,628,624,652,577
628,469,621,627,655,574
630,471,621,630,655,572
637,459,631,625,648,579
631,475,632,622,651,581
640,459,631,626,647,582
631,476,624,629,650,576
629,472,633,617,650,573
633,471,624,624,652,577
640,475,632,617,653,581
640,463,633,616,650,580
642,475,633,614,654,582
642,464,633,627,642,583
637,467,629,617,650,584
637,478,632,624,646,579
628,466,626,626,653,575
635,478,631,628,641,582
638,461,630,620,651,579
642,467,633,616,654,583
638,468,633,629,640,584
637,475,631,621,650,585
629,478,619,628,652,573
640,472,635,616,654,582
631,468,621,627,653,573
643,463,635,627,644,583
627,475,618,629,654,574
633,466,625,628,652,576
633,465,628,627,655,576
627,478,620,630,650,576
633,468,622,626,653,573
635,466,622,620,652,578
632,477,624,628,651,577
641,463,633,628,641,583
636,463,631,626,644,583
640,475,632,618,654,583
633,474,633,615,652,584
640,475,634,616,652,583
633,461,635,627,644,582
641,467,629,628,648,584
632,464,625,624,655,577
631,476,629,624,647,579
637,472,630,625,647,582
639,463,637,628,639,586
639,475,631,629,641,583
639,474,631,622,648,583
627,464,627,627,651,578
641,474,635,614,652,584
639,462,634,627,643,584
641,474,634,616,652,583
641,462,632,627,640,586
635,475,630,618,649,581
631,467,625,625,652,577
633,463,630,626,646,579
632,473,619,629,653,575
637,477,631,625,648,583
633,475,625,628,639,584
633,453,628,624,643,581
629,479,619,628,651,574
641,470,633,618,652,582
640,473,636,617,647,585
636,461,632,628,642,584
633,477,622,629,649,578
628,469,621,626,645,582
641,474,635,617,651,585
626,479,627,629,646,579
628,474,618,629,653,574
633,480,624,629,647,577
636,477,630,631,644,582
641,474,635,615,651,585
634,474,633,617,652,584
637,476,632,616,650,583
642,473,634,617,650,585
636,475,633,617,651,583
638,468,635,630,638,585
638,471,633,629,637,583
641,462,632,627,641,585
639,464,628,626,642,580
628,480,621,628,651,574
636,479,630,618,651,582
633,470,627,626,651,578
636,479,630,618,643,580
637,474,632,630,638,581
635,475,633,617,651,583
637,480,632,623,647,581
636,479,632,623,648,581
638,474,630,629,637,581
637,476,632,620,652,583
630,480,624,629,649,577
628,475,621,629,652,574
637,477,631,619,649,581
