=~=~=~=~=~=~=~=~=~=~=~= PuTTY log 2023.11.02 23:49:57 =~=~=~=~=~=~=~=~=~=~=~=
663,495,656,652,594,601
662,475,660,652,586,600
659,495,660,637,601,604
650,495,643,653,603,596
648,498,658,653,590,604
662,489,645,652,603,592
649,492,644,653,603,593
661,493,657,654,590,600
659,499,655,651,595,600
660,495,657,640,604,602
659,498,652,646,596,596
661,498,659,638,602,602
653,490,652,648,595,598
652,503,643,653,602,588
664,500,661,641,598,593
657,502,652,651,598,590
649,505,654,655,591,589
653,492,657,649,592,590
657,504,653,654,593,586
659,482,655,645,590,585
651,507,646,652,598,575
656,492,659,652,589,582
649,505,643,652,601,573
657,510,655,650,592,577
659,510,656,642,596,577
660,513,662,639,598,574
662,509,660,653,598,560
660,498,657,653,591,569
658,517,660,642,599,569
650,513,654,649,594,565
651,510,648,651,599,558
664,505,660,648,597,565
660,517,660,643,600,563
662,512,660,652,596,556
652,520,659,655,590,564
660,502,656,651,593,565
651,514,652,652,598,560
662,503,658,652,596,563
664,514,649,655,600,556
661,501,648,654,595,566
658,513,657,653,594,565
660,515,644,657,604,553
664,511,657,650,600,566
660,512,657,649,599,568
657,499,655,652,602,565
660,511,659,644,605,569
652,499,653,651,603,566
651,508,642,644,603,568
663,504,657,649,599,570
663,505,656,652,601,566
660,509,646,642,604,570
665,505,646,656,605,560
657,511,652,658,595,569
658,509,654,651,601,569
655,510,649,655,603,564
659,493,657,653,596,574
653,495,650,653,599,567
660,507,655,653,606,563
644,501,645,653,607,573
664,504,661,643,602,573
663,501,662,644,602,574
665,504,656,649,602,573
658,505,657,645,606,571
657,502,658,642,607,572
655,493,659,642,606,571
662,507,656,653,603,569
658,507,657,648,604,572
663,494,660,646,601,569
655,493,656,659,595,571
657,509,645,655,610,563
660,504,656,644,607,570
650,509,644,658,610,562
662,492,660,658,596,572
663,504,663,650,605,570
651,499,647,654,606,567
660,506,652,647,609,571
658,509,658,643,611,572
660,491,658,658,599,569
657,508,656,642,610,573
659,506,658,646,613,572
661,505,660,644,613,570
649,503,656,647,609,570
663,496,660,656,600,571
652,499,662,656,600,569
650,508,657,657,601,569
648,503,646,652,614,563
653,498,653,658,615,560
649,498,652,652,612,564
663,508,660,644,612,567
649,501,647,652,619,558
656,512,652,652,614,561
662,509,656,659,613,554
659,511,660,647,620,559
659,497,658,654,614,557
655,513,660,657,620,548
650,509,644,656,625,545
651,503,647,654,626,548
662,498,662,659,611,553
663,506,660,659,613,550
660,497,657,654,618,545
658,498,655,653,625,546
659,496,658,655,617,549
661,495,661,655,617,549
649,507,657,649,623,551
652,496,654,654,624,542
652,499,653,645,628,550
651,501,658,659,618,547
655,499,653,656,627,544
660,511,656,655,625,543
652,510,644,657,634,537
656,498,654,645,630,543
653,505,646,657,636,532
651,505,648,655,635,532
664,509,660,656,630,539
649,509,645,657,633,535
660,511,655,656,630,541
658,496,661,655,626,540
662,505,660,660,626,537
663,499,661,659,630,534
658,510,651,656,640,530
664,506,661,661,640,525
657,509,658,656,637,530
658,496,659,657,631,535
662,509,647,657,646,522
650,507,647,656,636,533
663,501,655,659,639,529
662,509,655,645,646,524
659,510,658,646,649,531
659,511,656,657,644,528
661,509,646,645,649,533
660,508,659,661,645,529
659,511,659,649,649,531
663,502,663,658,636,533
653,497,659,657,649,524
650,507,647,658,651,521
654,491,654,656,648,535
663,498,663,658,653,524
655,512,649,661,648,524
659,509,659,651,648,532
659,510,658,657,646,531
664,507,659,655,648,529
659,510,658,649,650,534
653,497,653,647,654,533
660,508,659,661,639,532
664,503,659,652,648,529
659,509,657,658,654,524
661,507,662,646,651,534
654,500,653,655,657,526
661,505,660,660,641,530
661,508,658,659,648,530
664,506,663,645,655,533
658,509,658,647,659,530
651,504,647,646,659,529
667,508,660,652,658,526
664,505,662,646,663,530
658,494,659,657,655,530
662,492,647,661,666,531
650,509,646,648,668,529
660,509,659,652,665,528
662,508,661,661,667,520
662,508,661,662,657,527
658,511,658,658,667,527
664,504,661,654,667,529
662,492,660,657,661,529
663,492,661,658,661,527
661,503,660,648,674,531
662,493,662,657,676,530
652,493,654,655,670,526
651,506,645,658,667,529
654,508,649,659,674,522
664,502,662,661,672,523
658,506,652,655,662,532
654,490,660,658,667,532
662,504,661,646,673,532
651,504,648,660,675,523
655,490,658,657,668,530
662,503,659,657,666,532
663,502,659,662,663,532
664,499,663,663,662,533
663,490,663,660,664,533
650,495,662,662,659,533
662,500,656,657,670,529
661,500,661,654,672,533
653,502,650,661,672,527
661,497,658,658,667,534
654,485,653,663,660,537
663,495,660,660,676,528
652,486,653,658,676,531
664,482,662,655,670,537
664,494,654,653,671,534
664,492,662,646,674,540
658,494,657,657,671,536
660,496,658,654,671,534
654,494,650,660,673,529
661,494,657,656,677,530
662,490,664,645,675,539
665,477,662,660,664,541
660,494,658,654,665,540
662,493,655,647,671,542
663,474,659,659,661,542
657,495,648,662,678,534
661,494,659,650,675,542
656,482,655,655,674,540
662,487,662,647,676,536
661,494,659,651,675,541
666,484,663,664,662,543
661,494,658,654,663,541
650,489,648,661,675,535
663,477,661,657,665,546
664,488,662,642,674,545
664,483,662,662,662,545
667,489,664,648,672,544
657,497,645,661,676,535
656,494,657,654,672,542
665,486,662,662,663,546
662,487,664,649,673,545
652,487,646,660,676,536
662,487,659,661,673,540
662,483,663,648,676,539
659,483,658,656,673,542
660,484,657,656,669,544
667,482,663,647,672,548
664,481,661,645,677,548
663,481,662,660,675,538
666,476,663,649,675,546
661,484,654,659,664,548
664,482,658,658,670,546
657,484,649,660,674,539
657,482,654,657,673,542
664,476,649,657,678,540
656,487,659,663,668,543
665,481,663,646,662,547
665,484,647,659,675,539
663,479,660,660,663,546
654,490,647,661,675,538
661,470,657,656,670,547
657,483,648,655,678,540
665,484,664,647,673,550
662,475,659,657,668,547
663,487,663,647,674,551
661,490,658,659,668,548
661,488,657,644,676,549
658,477,657,657,667,549
653,481,654,659,672,546
665,487,664,647,674,552
660,477,658,657,673,543
654,487,647,660,678,541
666,479,666,660,662,552
661,490,661,657,673,545
667,490,661,652,675,549
657,478,653,656,672,548
655,493,647,660,671,551
666,477,661,654,663,549
663,477,662,645,662,550
662,490,646,660,675,541
660,494,649,661,675,542
663,489,661,647,675,551
661,492,654,646,671,551
664,489,660,657,675,550
652,491,646,657,677,544
666,488,660,651,663,550
663,479,653,656,671,547
660,489,659,653,671,550
655,482,652,656,678,545
659,493,657,652,673,549
663,487,662,646,675,551
657,471,654,656,667,550
664,492,655,655,671,546
655,479,653,657,672,548
663,489,656,656,671,548
659,481,661,659,662,552
652,491,648,660,677,541
665,489,663,653,671,552
665,486,661,660,673,550
664,490,659,657,665,551
653,492,647,658,671,550
664,488,662,648,674,552
663,489,661,646,668,547
652,476,655,659,671,547
654,483,647,659,674,551
655,480,651,647,676,542
654,488,647,661,676,543
660,481,648,660,675,544
663,478,661,658,666,550
665,489,662,646,673,556
660,492,662,650,674,552
666,489,661,651,675,545
662,493,656,656,674,545
664,480,661,658,673,549
665,489,663,658,677,554
664,481,662,660,662,553
649,494,647,662,677,547
664,483,662,660,675,545
665,494,659,646,675,554
663,496,658,654,673,553
661,496,661,650,676,552
660,498,646,661,675,544
661,499,657,654,670,553
666,498,655,657,672,550
654,500,647,661,676,545
664,498,657,665,666,553
664,499,658,655,678,545
661,498,658,661,676,551
658,490,654,657,665,554
666,496,646,659,677,545
657,499,663,651,672,553
662,502,659,655,672,550
654,493,657,654,670,553
666,486,661,661,662,556
666,496,663,644,672,551
651,500,657,660,671,553
657,499,658,656,671,549
660,501,657,646,676,545
661,499,658,657,670,553
661,500,653,660,673,549
668,486,661,658,663,556
664,496,661,654,669,554
668,497,656,655,676,553
653,493,646,657,674,552
660,496,660,661,664,554
663,493,661,645,669,553
652,484,651,656,674,547
663,484,662,658,661,557
663,497,658,655,677,547
663,498,655,655,671,549
663,495,663,647,671,557
664,495,661,646,676,556
662,496,661,647,673,554
664,497,656,654,672,553
654,497,660,654,674,555
662,498,658,649,673,553
655,489,659,648,671,555
662,498,658,652,665,557
666,496,655,656,673,554
666,485,661,648,663,555
665,496,655,653,671,554
666,490,661,655,671,559
661,498,657,656,671,553
662,497,659,648,678,555
661,482,658,657,666,553
664,495,663,647,674,558
657,485,652,652,676,549
662,498,650,653,672,552
658,498,652,657,675,548
653,502,647,660,675,543
665,493,664,646,675,558
652,494,647,654,677,545
663,486,658,657,669,554
659,483,656,654,670,556
666,484,662,658,673,557
664,488,656,661,660,555
655,496,652,654,674,556
654,498,647,660,674,549
658,482,648,659,676,548
666,489,661,660,662,559
662,495,655,654,670,554
652,490,647,657,678,552
658,492,649,659,673,551
663,494,658,651,672,554
655,498,651,660,674,549
661,497,658,656,676,549
660,496,657,656,669,554
664,481,662,657,673,555
663,493,660,647,674,560
666,495,658,649,674,559
655,495,661,646,668,560
665,494,664,651,673,554
648,489,649,656,675,553
651,498,660,661,664,557
661,479,659,656,669,557
661,482,656,656,671,557
665,490,663,646,671,557
660,492,650,660,675,550
665,494,660,647,677,558
662,496,658,658,677,560
660,496,657,657,670,558
655,483,650,655,673,554
653,495,649,662,676,549
664,490,663,646,675,559
664,496,661,642,675,555
663,480,661,657,662,562
662,492,660,647,676,561
656,480,655,655,673,555
652,491,659,660,663,558
656,482,657,657,666,560
662,486,657,661,663,559
661,494,657,657,668,559
663,491,662,657,670,559
665,485,659,662,660,559
662,477,661,659,675,551
664,487,657,651,674,560
655,480,652,656,663,561
646,491,646,657,662,562
659,490,662,645,673,560
665,486,661,661,659,561
661,493,658,652,663,559
663,491,658,656,671,558
664,489,662,653,676,560
663,478,661,658,663,561
664,485,659,649,675,560
662,492,658,652,665,552
661,492,653,652,674,558
663,492,660,659,660,560
662,494,657,657,668,559
651,488,647,657,673,560
662,487,659,661,662,561
663,488,658,661,662,555
660,488,657,656,674,562
664,487,661,660,665,561
654,493,648,658,678,552
655,481,653,655,670,561
663,478,660,656,663,553
664,487,662,646,672,564
661,491,658,662,663,561
665,484,661,660,670,560
664,479,658,656,665,559
647,490,647,657,678,556
654,494,643,659,677,564
662,495,660,649,678,563
655,483,653,655,662,554
662,492,658,651,675,553
651,495,649,660,667,554
653,485,663,646,674,566
663,479,659,648,675,561
659,481,657,655,674,564
665,486,661,660,673,559
664,483,657,658,667,560
656,482,653,654,674,561
649,494,647,660,674,566
666,496,658,651,670,564
664,493,658,659,662,561
660,498,652,656,669,557
652,485,651,659,670,554
657,500,652,659,673,555
666,496,662,654,672,561
662,496,658,661,661,561
662,499,663,646,669,564
664,487,663,646,673,565
662,500,659,655,671,560
664,488,661,651,673,564
660,479,659,652,663,562
666,495,663,644,664,560
667,485,662,658,663,565
662,486,657,653,675,559
651,500,651,653,674,558
663,486,655,654,668,561
665,497,662,646,664,559
662,498,659,641,675,561
660,502,657,664,662,564
652,500,662,659,662,563
662,499,658,653,668,559
665,497,660,651,672,557
660,485,662,658,665,564
662,499,657,657,672,561
665,496,649,651,674,562
666,496,663,645,673,561
651,498,647,658,675,554
664,498,657,654,671,562
663,500,658,649,675,561
661,501,655,658,671,557
662,497,658,656,670,562
658,495,661,644,673,564
660,498,658,646,665,565
666,491,659,652,670,562
661,499,658,654,670,558
665,494,658,652,671,562
660,483,658,656,666,564
666,496,657,659,665,561
664,492,659,659,672,563
662,499,659,651,675,566
665,495,662,646,675,564
660,487,647,657,676,555
652,499,647,659,674,555
663,498,656,651,673,563
652,493,646,658,668,566
660,483,660,655,665,564
662,483,657,658,664,565
652,492,648,657,669,555
657,499,651,658,670,556
664,497,655,652,676,564
661,492,657,654,673,565
659,482,660,659,661,564
664,496,658,657,666,560
664,490,660,660,663,563
665,492,661,659,659,554
656,500,650,659,671,555
661,498,656,654,676,563
652,494,646,657,675,555
664,493,662,645,676,564
663,493,660,660,663,562
658,495,660,644,673,563
658,486,654,654,672,561
657,500,646,656,674,558
652,495,648,656,672,559
654,497,654,658,671,557
667,495,659,645,667,559
662,499,659,649,671,564
662,482,660,655,674,565
659,481,662,658,661,565
664,495,660,660,665,564
667,495,656,651,672,563
664,491,660,660,659,560
662,495,660,650,670,564
666,486,662,654,672,565
660,498,657,657,671,564
653,498,661,656,666,563
663,481,661,655,666,566
652,494,647,657,674,555
661,499,652,654,672,557
657,484,657,655,671,562
662,496,663,656,659,563
666,496,660,646,674,564
661,497,648,656,667,564
665,486,655,655,669,559
651,496,646,658,675,554
664,495,661,644,675,554
652,491,649,655,676,558
662,487,661,655,661,562
664,492,647,656,677,555
653,492,657,656,666,563
666,496,661,646,674,564
666,494,659,652,670,567
666,492,661,655,660,563
665,496,660,643,673,559
665,485,662,660,657,564
655,491,647,655,676,562
665,485,657,655,670,560
663,492,661,660,661,559
655,489,658,652,672,563
666,494,662,661,674,561
660,500,657,653,673,562
664,491,661,660,661,564
662,485,661,656,662,566
664,484,661,656,665,565
651,495,645,657,676,554
656,485,649,655,666,564
663,496,662,645,674,565
660,484,655,655,670,555
659,493,660,660,670,562
660,500,653,655,672,561
660,496,659,659,661,565
660,497,659,660,660,565
665,493,659,646,670,567
666,481,658,655,661,566
663,499,659,653,671,561
664,496,661,649,670,558
663,495,662,645,674,566
666,495,662,656,672,562
662,497,656,653,671,563
660,500,651,655,671,565
661,497,657,655,670,563
654,490,657,655,664,561
653,494,647,657,676,558
658,485,655,658,670,566
663,494,660,659,663,565
665,495,657,652,655,560
665,485,665,660,661,564
663,495,663,645,672,569
653,501,649,657,671,562
664,489,661,641,677,565
662,497,657,650,674,564
663,493,659,660,663,563
660,498,653,657,662,565
662,494,662,661,661,564
663,495,663,645,670,567
655,483,655,659,674,556
651,493,647,657,675,557
665,482,661,658,663,555
664,496,646,659,675,556
661,479,657,652,670,563
664,482,653,656,672,559
665,492,663,645,669,567
657,498,651,658,672,558
659,494,657,644,659,566
652,493,648,659,674,560
663,491,655,647,671,568
662,494,655,658,664,564
658,482,658,654,665,558
652,489,662,645,673,569
664,490,661,644,671,563
657,496,649,659,671,559
665,492,661,644,671,567
663,489,653,657,670,558
655,483,648,654,677,559
660,493,653,655,672,562
661,496,658,651,672,564
664,490,651,661,660,564
662,494,657,660,666,562
665,491,659,662,661,566
652,491,658,656,671,559
661,492,659,650,671,564
666,490,659,658,668,564
664,493,658,653,670,563
663,493,656,654,665,563
651,485,643,657,675,566
651,486,646,657,676,557
662,490,660,646,675,566
659,494,657,651,671,564
663,490,658,660,664,556
663,492,656,655,672,561
660,493,658,652,673,563
663,477,662,659,660,568
663,477,661,651,664,564
661,491,657,658,669,564
667,490,649,654,670,564
662,476,653,651,665,565
663,491,658,647,674,565
664,476,650,655,669,562
658,478,661,659,662,568
664,489,661,644,673,568
667,481,663,641,672,567
664,492,658,646,673,567
663,491,657,644,678,566
652,490,655,657,674,557
661,493,657,652,669,564
663,490,656,656,670,564
662,492,658,658,667,564
659,476,658,655,665,563
662,489,652,645,675,566
654,479,663,652,673,560
652,493,647,659,675,557
658,490,656,656,670,563
660,492,657,655,666,563
662,490,660,647,674,565
662,493,657,657,667,563
664,486,663,660,657,565
651,482,659,651,667,563
654,485,651,654,675,565
664,487,655,659,659,566
661,494,656,652,670,562
655,491,654,655,675,569
661,487,657,655,671,565
662,476,662,647,675,567
664,487,659,656,670,560
654,479,652,655,669,564
655,477,652,655,672,562
655,476,653,655,671,563
662,474,660,655,663,567
660,489,658,653,668,566
663,476,659,656,664,568
660,486,650,656,671,562
663,488,657,657,666,563
653,487,646,659,674,557
654,489,646,659,676,558
663,488,659,647,674,568
661,489,657,657,669,565
663,486,657,648,673,566
660,489,658,646,674,566
662,487,660,645,672,567
662,481,656,660,661,563
666,486,663,646,668,568
661,473,658,646,672,570
661,489,660,643,674,567
667,485,663,647,669,561
662,472,650,659,675,557
667,486,662,655,673,568
660,486,658,651,673,565
654,490,648,657,665,563
660,491,657,655,668,561
668,486,657,656,662,568
665,475,657,654,669,564
666,479,659,651,670,568
656,477,654,656,673,564
655,489,649,658,672,564
665,485,663,657,662,567
665,478,663,645,670,568
659,488,650,657,672,559
652,485,645,657,674,558
659,488,657,656,665,566
663,482,659,660,662,566
664,473,662,658,660,568
664,482,664,644,671,569
660,487,646,661,659,568
653,484,661,659,671,559
661,484,657,661,661,567
658,485,659,659,660,566
660,487,658,643,671,568
654,477,650,655,671,562
665,482,647,662,664,563
666,482,661,652,669,565
658,471,662,657,662,568
663,483,660,647,674,568
660,486,659,646,674,570
660,471,652,656,666,569
664,478,662,661,660,568
654,487,657,652,670,570
663,484,660,646,673,569
651,487,647,658,674,557
663,485,656,654,668,566
650,484,646,654,671,569
664,482,662,656,671,561
664,485,655,658,668,562
657,488,650,648,673,568
654,488,647,661,672,559
663,482,662,645,672,570
666,477,659,659,661,569
662,484,657,656,664,565
657,490,655,655,669,565
663,487,656,656,666,565
660,483,658,661,664,568
653,479,646,656,674,560
662,485,656,660,658,563
662,486,657,652,670,565
667,477,662,643,667,570
662,485,657,656,665,565
662,482,661,644,661,563
652,488,646,661,673,559
662,486,659,647,672,566
658,487,649,658,672,561
665,473,662,646,673,558
653,479,646,662,671,565
654,483,646,659,674,559
662,483,662,647,671,569
666,475,662,645,673,570
657,488,648,659,669,560
668,482,663,647,670,570
665,467,662,656,663,570
660,477,649,656,676,563
665,484,663,646,671,568
661,469,658,656,674,559
652,480,647,659,673,571
652,486,646,656,676,562
661,486,659,659,659,567
660,486,655,658,670,564
654,472,654,656,672,565
664,470,660,656,662,570
665,479,660,660,660,568
662,483,660,656,671,571
661,484,660,645,672,567
664,472,663,656,661,570
660,486,657,654,668,566
664,480,663,658,671,559
664,482,660,654,670,567
661,485,657,660,657,570
651,486,647,660,671,560
662,470,660,655,669,568
652,482,647,658,673,559
652,480,648,658,667,569
655,487,657,652,673,568
651,484,646,657,671,556
664,480,656,655,661,568
662,471,660,655,666,566
661,483,658,661,663,562
663,471,662,656,669,567
657,488,650,657,672,561
665,472,662,657,664,568
654,474,654,654,673,564
655,474,662,660,661,570
660,473,657,655,670,566
653,486,656,660,672,560
656,489,649,658,673,568
663,484,659,652,668,565
665,483,663,658,662,570
653,490,646,654,667,567
661,488,654,654,669,565
654,474,654,655,675,563
667,481,660,660,660,570
660,486,657,652,672,567
655,481,645,657,675,561
665,484,665,649,669,570
663,471,663,661,660,568
653,488,648,658,674,560
661,485,658,653,667,567
651,485,645,657,674,560
654,488,644,659,675,560
665,484,659,655,668,570
665,483,663,657,667,565
655,489,649,657,674,560
663,469,660,656,659,569
664,484,660,651,668,569
662,471,660,649,674,560
664,484,662,651,669,570
663,487,657,658,667,566
665,483,662,645,668,567
665,477,647,658,674,559
663,472,660,656,665,569
660,488,653,660,672,569
664,483,663,647,671,570
654,475,652,655,673,565
656,477,653,655,670,563
664,484,662,655,674,569
664,485,657,658,663,569
667,486,658,650,668,566
666,484,662,646,670,571
662,487,658,645,673,565
660,486,654,653,670,568
659,474,656,654,665,568
653,486,659,653,669,566
665,472,661,659,659,570
664,473,662,657,672,562
661,490,660,647,674,568
656,490,650,657,672,562
664,486,661,645,673,570
651,488,646,657,673,571
663,486,658,653,668,565
659,489,658,655,671,562
661,472,659,656,668,570
652,486,646,652,673,565
661,486,654,656,671,570
650,489,647,660,673,559
663,486,662,644,672,570
664,484,661,647,672,571
662,487,658,659,672,572
659,490,657,656,673,561
658,490,649,659,671,561
656,474,654,655,672,564
653,483,648,657,675,567
664,476,662,659,659,571
659,490,653,653,672,565
654,492,649,657,674,558
659,475,662,657,662,570
665,486,662,645,671,569
660,494,656,655,668,568
656,493,657,656,669,565
663,490,660,647,673,569
666,492,658,650,672,567
658,492,656,656,670,570
664,491,659,654,670,568
667,491,664,655,668,568
663,488,657,650,674,563
662,494,656,647,674,569
650,482,650,656,670,565
652,494,650,659,674,560
662,493,654,655,672,568
666,490,661,646,671,570
662,490,662,649,664,568
661,493,656,647,670,568
653,487,647,655,675,563
663,493,658,656,669,567
664,484,662,660,675,562
652,488,647,657,674,560
663,485,649,657,674,561
658,495,657,655,664,568
657,492,657,661,664,566
660,473,654,655,667,569
659,496,657,655,669,565
666,492,659,646,673,568
653,486,652,655,677,564
661,489,657,655,671,568
654,495,647,658,660,568
662,495,658,652,672,568
664,489,659,651,670,570
664,491,658,660,667,566
656,480,652,654,671,566
662,490,659,646,669,573
661,494,659,653,665,566
661,479,663,660,673,560
660,491,658,660,663,566
663,480,660,656,671,564
662,493,658,646,673,568
662,496,657,652,668,564
667,489,658,662,674,560
663,491,656,656,668,568
664,476,659,646,673,561
665,491,660,651,670,568
665,492,657,660,662,565
661,488,659,653,670,563
651,487,662,659,661,570
659,477,657,654,666,569
652,494,646,647,676,569
657,489,658,660,664,569
657,481,653,656,673,565
662,475,659,655,667,560
659,485,657,653,671,571
665,490,658,650,669,574
662,491,657,658,674,567
666,485,661,644,664,570
663,476,661,656,662,571
657,478,654,654,672,566
654,492,648,660,672,563
659,492,655,655,659,562
656,477,654,654,673,570
661,476,658,653,668,568
662,488,657,659,662,567
662,489,660,652,661,571
666,487,662,656,669,568
665,489,659,645,675,564
653,493,646,660,674,572
664,483,660,660,661,571
666,488,662,656,672,570
655,478,646,659,673,560
657,492,649,657,671,563
657,493,663,657,660,570
664,488,659,645,672,571
664,488,663,646,670,570
652,492,646,659,671,572
663,486,662,646,672,570
666,488,662,644,674,570
661,487,660,654,669,566
660,492,648,661,673,558
660,491,659,659,664,563
653,490,648,659,673,558
663,485,660,656,668,562
668,478,662,659,660,568
663,492,656,656,665,564
665,488,662,647,673,557
664,477,661,659,658,566
657,489,660,647,673,566
658,492,652,658,673,558
662,475,657,647,669,564
662,485,660,655,660,566
650,477,651,653,669,558
659,476,659,657,665,570
660,487,656,657,663,567
665,478,661,659,669,565
652,486,647,655,667,566
659,491,656,660,673,567
652,486,648,658,674,561
663,488,661,645,671,559
663,483,659,654,660,569
665,479,663,657,669,568
662,489,659,660,661,568
654,484,647,656,673,566
658,475,660,657,668,571
652,487,647,656,661,571
654,493,646,655,670,565
660,493,658,652,668,566
660,478,660,658,667,572
664,490,662,646,665,569
663,487,661,644,673,571
655,481,651,654,661,570
659,494,659,653,669,571
662,477,646,658,674,561
663,489,658,645,659,571
662,484,656,653,667,569
663,491,662,643,672,571
664,486,661,659,659,572
657,480,656,660,665,571
665,481,661,658,659,573
662,493,657,647,674,572
661,491,656,658,663,568
652,482,648,654,673,563
652,494,646,659,673,562
662,488,659,661,670,568
662,494,659,649,673,573
658,487,660,659,662,571
665,490,659,649,668,572
664,479,661,656,660,573
655,495,648,660,659,563
664,490,662,644,675,570
663,471,659,657,660,564
649,492,647,659,674,562
664,492,661,646,673,572
662,489,660,655,673,561
665,489,661,645,671,572
660,492,659,651,668,573
657,475,657,656,660,574
667,490,665,653,671,573
662,489,658,659,662,569
657,494,660,648,671,570
657,476,654,655,670,573
659,480,656,654,668,571
663,489,658,658,655,572
649,492,648,658,671,563
656,478,655,654,662,572
660,491,657,663,670,573
664,480,656,659,660,571
655,487,660,659,659,572
646,489,648,657,673,563
665,482,662,658,669,566
656,478,655,656,669,565
651,488,647,657,668,563
667,478,661,656,664,570
659,480,654,654,671,568
664,484,661,659,667,569
652,492,647,660,669,563
663,486,660,659,664,561
653,496,647,654,671,567
666,491,659,651,669,573
666,488,657,652,669,571
665,490,659,646,670,569
666,486,661,660,659,572
663,489,662,644,671,574
665,488,661,645,664,572
659,492,653,655,659,563
659,477,657,655,669,570
661,492,657,657,665,569
663,489,662,661,657,573
665,482,647,660,668,559
659,495,658,647,674,568
660,488,660,659,660,571
663,486,660,659,659,569
665,487,658,660,659,570
664,485,661,659,662,571
659,494,657,658,664,569
660,494,654,655,674,567
665,487,661,644,671,562
660,494,658,653,667,571
662,479,659,656,664,572
662,493,657,654,667,570
666,477,662,657,668,571
655,494,648,656,673,565
659,492,654,654,668,569
664,487,662,643,671,570
663,485,659,662,659,571
665,485,661,660,670,570
655,488,647,659,671,563
665,488,663,646,670,574
655,479,652,655,670,565
653,493,647,661,672,564
659,494,658,652,668,569
664,489,658,652,669,568
660,487,650,656,669,567
650,492,647,657,673,562
664,489,655,654,667,571
651,487,646,657,672,563
662,491,659,644,674,564
655,492,649,659,670,564
660,492,659,647,670,572
658,477,657,655,671,575
664,490,657,655,658,566
654,490,649,659,670,567
664,480,658,659,658,565
658,488,652,658,669,573
662,480,653,656,665,571
662,489,659,656,667,573
656,487,659,651,671,575
664,471,661,658,658,567
652,490,661,661,671,567
662,476,660,645,671,577
651,483,645,658,669,579
662,484,660,645,669,576
654,489,646,654,671,566
663,484,662,646,670,577
662,486,664,649,668,576
665,484,664,647,657,575
666,490,659,655,668,575
663,486,660,646,669,577
661,472,661,657,662,577
661,489,656,655,667,573
654,490,647,659,670,575
667,485,663,646,667,577
655,490,647,660,673,569
661,491,656,655,663,576
651,488,646,658,672,570
663,488,662,644,666,580
663,494,656,658,671,576
651,495,645,659,670,568
662,491,657,659,662,574
663,497,654,655,667,574
661,484,659,657,661,576
657,489,657,656,665,572
657,496,654,654,667,567
653,515,652,653,669,561
660,518,659,648,670,570
652,521,647,659,667,564
645,524,648,655,672,559
663,508,660,654,660,567
656,509,658,656,661,567
655,509,659,655,671,559
657,525,659,647,668,562
657,523,661,645,669,561
649,528,646,658,673,553
656,524,659,651,670,559
659,512,658,661,668,556
657,512,658,661,659,559
656,522,656,654,667,559
657,513,657,660,661,560
645,521,646,645,671,558
658,519,656,655,665,560
661,523,658,655,669,558
660,520,656,658,664,563
654,521,655,653,670,562
657,524,647,659,670,557
657,525,661,644,671,562
647,520,656,655,665,563
655,521,652,656,660,565
652,509,660,657,664,563
662,519,650,659,670,566
658,518,657,651,670,564
657,508,660,658,673,569
658,514,649,659,672,568
658,522,647,659,673,559
656,518,656,656,669,566
655,522,645,657,665,568
658,518,665,643,666,569
655,515,657,655,667,568
650,520,647,656,670,562
661,511,659,660,659,567
659,514,658,657,668,566
659,503,659,657,665,570
659,511,658,661,670,569
650,514,655,654,667,566
661,518,662,645,673,569
662,497,662,659,658,570
661,511,659,661,657,570
656,515,646,659,672,560
662,503,660,657,662,571
657,502,656,656,665,569
650,509,650,655,672,564
662,508,661,659,669,573
659,515,660,646,671,573
664,504,651,655,676,563
662,501,661,656,662,570
659,508,657,648,671,574
664,513,651,658,657,564
661,513,648,659,669,565
647,512,650,656,671,566
663,511,661,645,670,571
651,516,647,656,673,567
650,516,648,655,673,567
655,496,656,653,671,574
661,511,659,647,672,573
660,503,657,658,663,572
661,510,660,655,656,572
664,507,660,646,671,575
662,509,662,645,671,576
658,512,660,648,670,573
658,511,659,646,672,574
661,506,660,661,659,573
663,506,658,656,659,578
655,512,647,660,668,571
654,498,652,654,667,575
656,510,654,652,665,576
661,496,659,656,659,578
658,511,660,659,656,574
662,507,661,645,666,583
660,509,659,648,666,577
659,509,657,652,666,577
663,506,662,645,664,582
658,513,659,645,667,578
651,501,646,657,667,571
654,495,653,655,664,578
653,510,646,660,666,568
666,503,662,645,663,578
660,507,654,656,652,579
653,509,648,658,663,572
660,510,656,658,653,581
661,499,660,660,653,577
659,507,654,657,662,575
660,508,655,653,661,580
657,505,658,652,663,580
656,507,649,658,662,573
661,508,649,659,664,571
663,505,657,651,658,579
666,503,663,645,659,581
658,489,656,655,653,578
666,502,662,647,661,583
662,502,660,660,650,581
663,492,659,656,652,575
656,493,653,654,657,577
652,505,645,657,662,582
665,494,662,657,649,582
659,501,659,659,648,580
666,505,657,649,654,573
662,505,661,645,661,580
662,510,656,655,652,578
666,500,660,660,645,583
659,509,651,658,657,574
665,505,660,650,656,583
662,511,659,648,658,580
651,506,642,658,658,581
661,504,659,660,648,580
657,493,661,656,653,581
659,509,652,659,656,575
666,505,661,646,657,579
653,499,648,655,662,572
666,506,658,649,657,572
653,498,652,655,659,574
664,502,661,662,651,578
657,506,658,651,663,578
661,485,657,655,657,576
660,510,660,654,664,575
652,507,646,659,667,565
650,501,647,657,668,563
661,503,659,645,667,572
662,500,659,662,656,569
662,501,663,648,664,563
661,497,657,646,668,567
659,499,661,646,667,558
660,490,661,660,659,566
656,505,659,652,668,562
651,506,647,660,670,554
651,506,652,660,669,563
657,495,660,663,657,561
657,503,658,650,670,561
647,496,647,660,673,552
653,485,657,656,665,557
652,486,652,655,672,553
645,489,653,658,675,552
658,500,655,653,668,557
654,502,657,653,669,555
651,484,658,658,668,553
658,498,659,653,671,556
655,494,659,661,659,552
657,492,658,647,673,557
658,496,662,662,659,556
657,500,660,661,662,553
659,497,664,647,671,558
651,502,657,659,670,553
655,501,659,655,670,555
653,489,657,656,668,553
646,488,652,656,669,551
648,502,646,661,661,554
659,489,662,662,660,554
655,497,664,652,668,553
645,493,646,659,671,554
647,498,646,657,672,545
646,504,646,659,669,546
650,504,649,662,671,544
656,500,660,662,661,550
658,499,664,649,668,542
657,504,659,652,670,552
644,498,647,659,673,545
656,486,662,659,660,554
657,500,661,647,673,553
656,500,659,659,670,550
649,504,656,656,668,552
654,502,655,655,669,555
659,502,659,650,669,554
655,502,658,652,660,554
657,500,662,646,672,552
651,499,657,653,670,543
659,500,663,647,670,553
660,499,662,647,672,548
656,502,660,647,672,553
657,487,660,658,661,544
650,506,649,661,670,545
658,502,657,656,672,542
656,489,662,659,661,550
653,491,654,658,668,549
656,488,660,658,664,550
655,502,654,655,671,547
646,507,650,660,669,540
650,491,655,657,671,547
652,500,659,660,671,552
655,489,662,658,663,550
646,500,645,659,675,538
647,496,649,657,669,539
659,500,660,662,662,544
658,500,659,661,664,539
647,500,649,659,676,537
662,500,662,648,673,546
660,490,662,658,664,545
659,500,663,649,671,545
662,484,662,658,659,546
650,493,652,657,676,541
662,490,660,655,664,541
659,491,658,655,669,547
656,492,657,655,669,544
651,500,647,659,677,537
661,503,662,646,675,546
665,502,664,647,674,548
653,507,651,659,674,538
656,508,647,657,673,538
648,503,646,659,677,549
662,501,664,647,675,547
658,488,660,656,669,547
652,508,649,656,676,537
654,508,650,659,674,538
660,506,658,659,669,545
661,507,658,656,673,548
663,499,659,655,672,547
658,509,659,654,673,547
658,509,654,660,674,546
664,500,663,662,663,548
660,508,657,657,671,545
659,507,658,660,668,544
664,506,659,659,672,545
662,507,659,656,673,538
652,511,648,662,675,536
652,500,647,657,676,540
664,499,662,662,662,545
664,493,662,661,664,544
655,497,652,656,679,536
660,504,655,652,677,540
662,504,661,648,679,540
653,499,650,659,680,532
652,508,648,661,679,540
659,489,658,658,675,537
662,504,662,646,680,538
658,491,657,656,674,535
662,502,661,663,669,535
660,507,656,657,676,533
664,499,663,649,679,538
660,506,657,652,679,536
661,505,660,648,678,537
665,491,661,659,668,537
664,504,663,646,681,536
650,502,647,659,682,526
651,508,648,661,681,525
663,501,659,655,679,535
660,505,658,660,672,533
665,500,664,649,681,536
665,501,665,649,682,540
664,491,663,661,683,525
665,501,662,648,682,534
655,508,648,662,681,533
661,505,657,657,678,534
659,507,652,661,685,534
663,500,660,665,670,534
664,503,658,656,678,533
665,497,660,659,680,533
656,492,655,659,682,530
661,487,664,661,673,535
661,507,657,657,679,529
653,504,645,660,683,527
661,501,660,652,684,534
662,499,661,652,684,535
663,499,661,664,671,530
647,494,647,661,684,527
662,485,658,659,678,535
664,487,661,663,671,538
651,488,646,662,685,529
664,497,664,650,682,538
658,503,654,663,682,531
665,498,664,648,682,538
665,493,663,664,670,535
661,502,658,664,678,535
666,499,662,654,682,537
662,499,659,658,681,537
663,494,661,667,669,540
665,495,664,651,681,542
663,492,662,664,671,540
661,501,653,660,677,539
666,486,662,664,672,542
666,494,657,665,670,541
663,496,664,649,683,543
661,502,656,661,680,537
663,485,659,658,673,544
664,488,664,666,670,544
661,498,661,655,679,545
655,502,659,658,680,543
650,500,646,662,687,536
664,497,663,650,682,546
659,504,658,662,680,543
659,501,660,661,676,543
663,487,665,662,677,545
665,498,660,655,680,546
664,500,659,660,678,543
651,504,648,665,685,536
665,485,659,664,669,547
668,497,663,652,680,549
651,501,649,664,683,541
656,491,655,661,680,545
664,493,660,664,673,545
665,498,662,649,684,549
661,501,657,660,680,542
666,498,664,650,681,547
652,500,646,662,685,538
665,499,662,649,682,549
650,491,653,660,682,546
653,497,647,661,685,539
657,500,657,653,684,548
666,497,658,660,683,544
662,503,658,660,680,546
664,502,661,651,685,549
666,498,663,651,682,550
663,504,657,654,683,548
666,487,663,663,674,550
652,491,654,661,683,546
659,501,659,655,685,548
664,497,661,665,684,551
669,496,659,660,680,548
658,503,651,663,681,541
664,500,662,649,684,552
650,499,647,662,686,542
664,502,659,660,679,547
664,487,660,661,674,551
664,498,662,665,671,550
664,498,663,650,686,550
662,487,658,660,677,551
657,487,657,660,681,549
663,488,659,661,672,550
662,502,658,660,679,547
656,491,653,659,681,546
661,486,658,662,678,551
664,493,661,666,673,549
665,502,661,649,681,550
666,487,663,663,671,550
663,504,656,655,682,548
654,491,655,661,684,544
661,486,660,660,678,550
662,501,660,653,682,548
664,496,660,666,672,547
662,481,662,662,674,549
665,498,662,649,684,549
657,487,657,660,680,546
666,488,663,665,672,547
665,498,666,651,682,547
660,486,659,662,677,546
657,498,664,656,681,546
658,502,658,660,681,543
662,492,664,649,683,545
657,487,661,660,677,543
660,498,664,652,682,545
658,497,663,651,683,546
658,494,662,667,671,544
658,500,659,657,681,542
656,501,659,659,682,543
656,500,655,661,681,540
660,498,664,647,683,544
660,486,662,663,675,546
661,499,664,651,686,548
647,504,646,665,685,535
649,501,649,665,685,537
659,499,660,654,686,548
664,497,664,652,679,547
650,499,647,665,687,539
660,485,663,664,675,551
659,501,659,658,682,550
659,503,659,661,679,549
664,500,660,647,685,551
662,487,659,663,677,554
651,499,648,663,688,543
656,503,649,666,683,546
654,492,654,657,688,547
664,495,661,666,673,554
663,494,662,668,672,551
663,485,662,664,673,546
660,500,659,660,684,555
663,498,662,652,685,556
659,497,662,652,684,556
662,499,660,659,682,553
660,499,659,666,675,554
652,501,650,667,683,545
663,494,658,659,677,552
665,496,663,665,671,556
654,504,649,666,682,558
651,496,649,662,685,550
656,503,651,667,683,557
666,498,664,650,686,558
663,500,660,666,674,555
662,500,659,655,683,558
654,498,648,662,685,550
663,501,659,665,674,557
655,486,655,657,677,556
664,487,661,663,673,559
662,494,660,653,681,555
666,489,659,658,679,554
653,498,648,663,683,549
662,498,663,651,686,560
659,486,660,662,679,559
650,488,648,662,686,553
654,499,646,665,686,550
652,499,647,663,687,550
661,501,661,651,686,560
664,487,662,663,684,548
662,503,660,654,685,557
663,501,660,666,671,557
666,503,660,657,680,556
667,502,661,651,685,558
665,498,661,666,670,555
663,505,660,659,681,555
659,504,658,660,682,556
663,500,662,666,670,557
665,506,665,656,682,557
659,512,650,661,684,547
661,511,658,661,679,556
664,511,657,662,677,555
653,509,647,662,687,547
659,499,655,661,683,556
655,514,649,662,687,550
660,500,657,661,680,558
660,515,648,665,685,549
660,516,645,664,686,548
652,510,647,663,686,549
663,515,662,654,682,561
652,514,655,660,680,553
657,505,657,662,682,556
660,515,649,664,684,551
652,512,648,663,687,549
661,518,649,665,684,549
661,517,661,651,685,558
653,510,648,663,687,548
662,517,659,654,686,560
663,503,648,663,683,550
654,513,654,660,685,554
663,503,661,664,673,560
662,520,663,651,685,561
663,512,659,661,678,557
666,503,664,665,671,559
664,515,649,664,681,551
661,517,660,653,685,561
665,503,662,665,672,562
669,513,653,665,684,550
667,511,665,651,683,561
654,506,653,661,685,556
662,518,662,652,685,562
662,518,660,655,685,560
661,517,662,650,686,560
666,512,658,661,679,556
666,511,663,653,683,563
657,503,655,660,682,557
655,503,655,660,685,558
665,512,661,660,682,560
662,516,664,651,683,562
656,518,646,663,686,552
654,515,656,660,685,555
665,504,663,662,674,562
663,517,658,658,683,558
665,503,659,664,673,562
666,513,657,659,681,558
663,515,650,664,685,551
667,510,661,666,673,559
666,512,657,659,681,557
653,513,656,660,683,558
656,517,647,664,685,551
665,515,665,653,683,564
667,514,653,663,683,554
652,512,661,663,685,562
663,514,648,664,685,551
655,520,649,658,685,556
661,517,647,666,686,552
664,512,665,650,683,563
656,506,654,661,686,555
666,512,653,665,685,551
661,499,660,663,678,559
666,511,665,651,685,563
666,507,661,668,672,559
650,500,659,652,682,555
656,494,653,661,683,555
664,511,659,664,674,559
653,509,646,665,686,551
652,511,648,665,683,547
663,512,661,654,681,561
667,510,664,652,682,562
666,511,660,667,675,557
663,512,663,653,685,562
652,508,649,663,688,551
665,505,663,666,672,553
664,496,664,663,672,561
664,509,664,651,687,561
662,509,659,657,683,558
662,512,648,667,683,551
665,511,664,653,683,561
664,512,662,656,685,558
660,512,662,651,681,561
665,511,664,652,686,558
662,512,660,657,685,558
664,506,660,664,679,559
665,506,662,658,681,560
655,498,655,662,683,557
657,492,656,659,684,557
664,510,659,663,677,558
657,494,661,663,676,558
665,506,662,668,673,556
668,502,664,653,684,558
662,508,659,664,680,553
663,492,665,665,674,555
657,506,661,655,685,553
663,503,664,652,686,554
654,511,647,663,685,546
665,494,659,665,673,552
658,492,660,662,680,551
659,490,659,664,681,549
660,508,660,660,678,550
664,505,659,668,674,547
663,503,663,651,678,549
658,508,658,666,681,550
662,492,661,653,683,551
661,490,662,661,683,549
664,501,664,651,686,554
664,495,664,667,673,553
656,505,652,666,684,542
665,499,664,653,683,548
659,503,656,664,683,544
652,492,650,664,687,546
653,496,650,664,688,540
664,495,662,650,686,550
657,482,657,661,681,547
666,481,667,665,673,550
665,489,665,652,684,550
661,491,659,663,679,545
651,492,648,664,684,538
652,483,651,663,689,540
663,484,660,657,686,548
664,484,661,668,679,545
666,475,667,658,682,545
651,479,649,667,687,538
652,482,647,664,687,538
654,484,648,665,686,539
665,481,657,667,677,546
662,477,656,662,682,544
664,474,663,649,685,550
664,475,663,653,686,548
659,474,661,655,687,547
664,474,663,651,684,551
646,473,648,663,687,541
663,462,661,664,677,549
663,476,662,654,686,550
652,479,649,666,686,542
656,481,652,666,684,543
665,474,664,651,686,552
665,471,663,667,671,554
662,467,656,660,683,555
656,467,653,661,684,550
657,467,653,661,682,551
667,478,659,657,682,555
660,480,656,665,682,549
658,469,652,660,682,552
665,474,664,668,673,554
667,478,666,654,682,558
662,484,660,665,679,555
663,469,663,663,676,557
662,480,658,654,686,555
653,482,665,659,683,549
668,476,665,651,679,558
653,476,648,662,686,547
649,487,648,665,685,547
661,474,654,662,686,553
661,483,661,661,683,556
666,481,664,653,687,560
666,483,666,654,682,558
659,471,657,661,679,555
662,487,659,657,684,556
655,481,648,662,688,551
657,474,657,660,676,557
662,471,662,662,678,560
657,489,649,664,685,550
662,494,659,661,682,558
656,491,649,666,684,550
654,484,649,665,686,551
666,475,664,664,674,558
652,494,649,667,686,550
652,493,649,664,687,552
654,488,650,665,686,553
653,487,655,661,685,558
656,499,649,666,684,553
663,491,662,665,674,561
656,499,650,665,683,554
666,496,663,658,681,562
661,498,660,664,678,560
655,499,650,666,685,554
664,482,662,664,673,564
665,483,663,663,674,563
659,484,654,660,685,557
660,481,660,662,679,562
666,494,665,650,683,564
651,496,649,663,686,554
655,495,649,666,684,554
666,491,659,660,682,561
659,500,658,661,679,563
661,501,660,660,679,561
656,499,650,665,683,556
653,495,649,664,684,555
665,490,661,665,672,564
662,501,658,658,678,564
665,495,658,661,682,562
664,495,661,666,672,564
667,493,665,655,682,566
662,500,655,663,683,557
666,487,666,666,672,566
664,497,660,661,683,561
664,493,664,650,686,566
656,496,652,664,683,559
662,499,659,660,682,564
664,494,661,652,686,566
655,495,647,663,685,556
670,482,664,665,673,565
666,487,662,666,676,565
668,492,661,666,672,564
663,494,660,667,677,562
657,480,659,660,678,563
662,495,659,663,678,562
656,496,648,663,687,555
655,490,647,663,685,556
662,495,661,656,685,566
659,480,659,661,681,564
667,488,663,666,672,568
666,493,660,658,682,565
664,490,662,659,682,565
664,492,660,653,686,564
667,486,665,665,670,566
656,496,649,665,682,558
661,494,660,657,680,564
664,493,659,667,676,563
657,496,651,665,682,557
668,485,666,665,672,566
663,495,660,655,683,564
663,479,663,662,673,566
656,496,648,664,684,556
653,492,649,663,688,556
665,490,663,652,685,567
665,494,658,664,686,557
669,493,666,652,682,565
664,491,660,667,672,566
662,493,661,657,682,564
659,495,655,664,684,559
667,498,660,666,673,563
659,483,655,661,679,562
654,491,648,663,686,554
661,497,657,659,682,560
663,497,657,661,681,557
664,490,660,664,672,559
666,494,664,653,683,559
665,499,660,660,682,557
666,489,663,665,673,560
663,500,660,662,681,559
662,498,661,653,686,560
654,499,649,664,686,553
654,489,648,662,684,557
653,496,649,662,688,557
652,495,645,663,687,556
654,501,650,663,684,556
667,496,663,652,682,568
665,476,664,651,683,568
655,485,652,658,689,561
665,500,655,660,676,563
662,500,658,656,681,564
662,499,658,664,678,563
654,499,649,665,672,558
662,499,659,657,683,564
657,500,657,660,680,565
654,487,653,660,679,562
653,501,648,664,687,558
652,489,649,662,683,560
661,495,661,656,685,565
662,495,658,658,682,566
661,478,661,660,681,567
663,493,657,661,672,563
665,489,661,665,671,568
655,492,647,664,686,559
668,494,664,653,681,570
663,492,661,651,685,569
662,496,654,663,681,564
654,488,646,664,686,560
662,497,658,662,676,568
666,488,664,667,673,567
662,495,660,662,678,567
661,496,658,656,679,565
656,479,658,660,679,569
656,488,650,663,686,561
664,498,659,659,678,566
656,496,649,664,684,560
665,493,664,649,684,571
661,496,655,662,682,565
668,481,664,664,671,571
662,496,659,656,683,569
671,491,664,654,682,572
656,487,650,663,684,563
663,495,658,660,683,566
663,496,659,662,677,569
664,479,660,661,675,570
664,494,660,652,686,571
663,493,658,661,677,569
663,495,660,660,675,570
667,486,664,664,671,570
665,490,665,650,680,570
654,493,648,664,684,561
661,494,660,656,672,571
653,490,647,663,685,563
665,490,663,651,683,572
662,490,662,648,686,571
656,493,645,665,683,560
658,495,651,663,683,562
661,494,658,660,682,565
667,481,663,664,669,573
663,494,660,654,685,569
663,493,655,663,681,566
667,491,661,658,681,568
666,491,657,665,676,569
664,493,659,659,678,568
666,479,663,664,668,571
668,480,661,665,670,574
667,493,662,657,680,569
665,490,660,666,671,569
668,489,663,655,680,573
661,492,659,654,682,571
660,479,652,663,682,568
666,486,664,666,669,570
654,489,645,659,684,563
664,492,655,660,680,567
652,493,647,665,686,562
667,491,659,647,682,572
665,487,661,666,670,570
668,491,662,657,681,572
654,491,648,662,683,563
650,492,649,664,686,564
666,486,659,654,681,571
661,478,662,662,678,571
653,492,648,663,685,562
661,496,660,662,678,569
654,488,651,660,684,565
663,484,662,666,670,568
659,492,661,664,678,568
664,496,660,658,682,570
655,496,649,666,685,562
655,495,649,665,683,562
654,484,654,661,684,566
665,491,661,666,673,572
664,491,663,665,672,573
668,478,665,664,671,572
664,492,663,651,684,572
667,491,666,651,682,573
659,483,657,659,678,569
654,497,648,664,687,563
653,488,648,661,680,564
664,490,660,667,675,569
666,493,660,650,684,573
665,492,659,665,675,570
662,497,660,659,679,568
657,497,652,664,681,563
666,495,661,647,683,573
666,489,662,666,671,571
661,480,664,664,674,574
663,490,664,651,682,574
654,499,648,662,684,562
651,488,648,661,686,564
662,497,659,656,682,571
668,494,662,656,680,571
655,493,647,663,685,563
661,480,660,662,679,572
660,481,658,660,679,571
667,493,661,655,682,574
668,498,649,666,683,561
664,496,658,661,677,569
656,482,657,659,679,569
655,489,648,661,685,562
668,496,660,660,680,570
661,496,659,656,683,572
661,497,652,663,678,565
662,497,659,661,675,570
668,482,664,664,671,572
663,496,659,656,684,570
662,481,665,662,674,572
663,480,660,663,675,571
664,493,661,652,685,573
666,492,663,650,681,574
667,492,663,651,681,573
663,493,660,665,672,570
667,492,664,651,681,573
660,482,653,656,680,568
667,487,663,665,669,573
667,491,663,650,684,574
653,492,649,663,685,563
655,496,649,665,683,563
666,480,664,664,673,573
663,490,655,663,675,571
665,483,664,662,672,574
662,495,661,654,684,572
666,494,660,667,672,571
666,494,664,655,680,571
662,486,663,665,671,570
653,497,644,664,684,563
665,494,656,661,681,566
655,487,647,662,683,565
664,493,657,661,682,568
663,494,660,666,675,569
655,485,655,661,681,569
667,490,663,653,680,574
662,496,662,657,674,572
667,488,660,657,681,566
665,479,662,661,674,572
658,479,659,660,678,572
666,482,663,665,669,572
663,482,662,663,674,570
656,497,649,664,683,572
665,483,655,661,679,569
669,491,665,652,681,573
660,483,658,662,677,573
666,487,663,665,670,572
666,492,666,649,682,572
666,493,664,652,685,574
665,483,663,666,671,573
665,493,659,666,673,572
662,491,658,657,681,571
665,485,664,665,670,571
661,495,660,660,680,570
667,485,664,664,670,572
662,497,658,659,681,570
659,496,658,658,683,569
654,481,648,664,685,564
655,485,654,661,684,568
663,495,656,660,679,569
665,476,659,662,672,574
660,485,651,656,680,568
656,498,649,663,684,562
658,485,655,661,680,566
664,494,664,653,680,572
664,496,659,663,674,570
668,481,663,664,672,574
664,495,657,660,679,571
668,492,664,651,684,574
660,497,661,657,679,571
663,495,660,652,684,572
669,493,660,647,680,575
659,498,652,662,681,567
662,496,655,665,681,566
655,491,651,663,682,567
656,499,651,664,681,563
669,494,664,652,680,573
667,490,664,653,680,572
656,498,648,663,684,563
665,495,658,661,673,570
667,491,664,652,683,574
664,495,658,658,682,572
664,495,660,651,684,572
666,492,663,652,680,573
665,482,659,659,673,574
656,493,648,663,685,564
663,495,658,664,677,570
659,498,648,660,682,564
652,497,648,664,686,563
665,487,662,650,684,573
667,485,662,666,672,573
662,495,663,656,680,573
658,495,651,667,681,563
661,495,658,657,683,572
660,497,658,663,684,563
665,491,664,652,680,575
666,488,660,669,670,570
664,492,663,651,684,574
659,490,662,665,670,571
666,483,664,663,671,573
665,492,663,652,681,574
664,489,663,665,669,572
665,487,661,665,671,572
665,482,664,663,671,574
654,496,650,665,682,561
657,496,650,667,682,563
663,494,659,663,673,571
654,490,648,663,682,563
662,495,658,664,670,573
659,481,655,660,682,570
666,485,664,666,671,572
663,478,662,661,674,571
665,493,662,651,685,572
658,479,654,661,681,570
664,494,663,649,681,573
667,486,660,664,674,572
668,494,664,654,682,573
650,490,650,661,686,566
657,497,650,665,682,565
662,496,652,664,681,565
662,494,658,662,679,569
667,483,663,665,670,574
666,480,661,661,673,574
656,487,654,664,685,568
666,492,664,652,684,572
664,480,662,660,675,574
668,491,662,650,680,574
661,496,651,664,681,565
654,489,648,661,685,571
662,481,658,661,675,567
656,476,653,659,683,569
654,495,647,664,682,562
664,491,662,651,685,573
661,480,663,663,671,570
667,492,664,655,679,574
658,499,650,664,683,564
663,498,658,661,679,569
656,499,651,663,682,563
657,488,650,661,683,568
653,498,647,664,685,563
663,494,657,660,681,570
654,496,648,664,684,564
668,491,667,657,678,574
652,492,648,663,687,563
659,482,656,660,677,571
667,482,663,665,670,574
665,490,662,666,671,572
666,492,663,650,684,575
660,473,654,660,678,569
666,483,664,663,671,573
660,497,652,663,681,565
661,493,661,652,684,572
663,495,660,651,684,573
666,482,662,660,673,572
653,493,648,664,684,564
667,492,663,651,683,575
664,496,660,659,682,571
664,495,662,650,686,572
662,496,659,657,681,571
667,478,661,663,672,574
657,484,655,660,681,570
663,495,659,660,680,569
654,491,648,663,685,564
652,491,646,664,684,563
662,493,659,665,672,572
665,493,662,653,679,573
663,497,657,659,676,567
656,496,661,657,683,564
665,492,661,664,672,572
654,486,654,662,681,568
668,493,648,649,686,574
664,494,655,659,680,568
654,485,647,662,682,576
661,495,661,657,683,572
668,495,658,659,679,569
660,486,651,660,681,570
664,495,660,654,684,572
665,489,665,652,681,574
665,488,663,665,669,574
654,492,648,661,684,565
666,483,664,665,670,574
666,490,662,650,682,575
665,495,659,662,676,571
665,481,662,663,670,574
656,484,654,660,682,567
666,481,664,663,671,573
666,492,659,656,680,572
653,496,651,665,683,563
669,491,663,650,682,575
664,496,656,657,677,567
659,483,655,658,683,569
664,497,656,654,680,570
651,493,647,663,684,565
660,482,655,660,681,569
655,488,648,661,684,568
662,495,658,659,678,571
667,487,662,665,680,574
652,490,646,663,685,563
663,493,658,661,676,570
664,498,659,656,682,570
660,483,658,659,678,572
657,497,651,665,682,561
668,482,663,661,673,573
666,492,664,652,683,576
655,496,648,664,684,564
663,495,657,658,680,571
664,491,662,666,672,574
657,498,650,662,683,563
662,478,659,660,679,573
665,483,663,664,672,572
663,496,657,659,679,570
654,492,647,664,685,564
665,492,666,652,681,576
664,483,664,662,673,575
664,493,661,655,681,574
668,482,661,652,677,576
668,491,663,652,683,574
657,496,656,660,680,571
667,482,664,663,670,574
656,497,648,664,683,563
660,493,658,665,676,571
653,496,649,663,684,563
667,491,664,652,681,576
658,480,655,662,682,569
664,480,663,662,672,573
666,490,661,648,684,574
661,480,659,660,676,572
664,495,657,660,679,566
653,497,647,664,684,563
653,487,649,660,685,567
663,496,660,661,676,571
667,488,661,664,670,573
665,486,664,665,669,572
656,496,649,664,684,563
665,497,658,657,682,571
669,491,663,651,682,575
654,494,647,663,684,564
668,493,661,662,677,573
659,482,654,659,680,569
661,496,660,652,684,572
660,482,655,661,682,568
663,479,660,662,675,565
661,479,661,661,675,564
654,496,646,664,686,551
657,496,651,664,684,552
659,480,660,662,676,556
661,492,662,651,684,560
656,496,664,658,684,549
665,488,660,666,673,556
656,498,649,665,683,548
662,496,659,657,681,556
663,480,663,661,675,557
661,495,657,660,681,556
653,494,647,662,686,549
659,483,656,661,681,556
664,483,662,661,674,558
662,497,654,663,682,552
661,492,664,650,684,560
663,498,660,651,687,556
666,493,661,666,674,556
653,493,646,666,685,549
665,481,661,662,675,560
664,492,662,650,685,560
662,494,659,659,682,553
652,492,647,664,687,547
662,496,661,652,686,555
668,493,660,649,684,553
660,480,662,662,675,554
667,492,658,658,681,550
668,479,663,661,673,553
661,476,659,662,682,551
650,477,655,662,683,548
664,495,657,661,684,544
651,486,648,664,685,540
659,488,654,664,685,543
660,485,656,663,683,544
667,485,664,656,682,547
667,480,663,651,686,548
659,486,658,663,681,545
666,484,662,654,682,547
654,477,650,660,683,541
667,482,664,651,684,549
662,488,658,656,685,549
664,484,660,654,682,547
654,485,649,664,687,539
660,484,660,653,685,550
654,477,649,660,688,543
664,489,662,664,681,549
651,480,649,661,688,542
666,477,663,666,672,550
664,481,660,665,673,552
666,483,663,653,678,548
664,484,664,650,686,552
665,481,661,666,673,550
667,484,662,652,685,552
662,483,658,662,679,547
653,473,655,659,687,547
660,479,659,653,685,549
656,484,647,664,687,542
663,485,657,652,687,551
662,480,660,657,682,549
666,469,664,664,672,553
667,475,662,665,673,551
667,471,664,666,672,551
652,484,647,663,688,544
664,476,660,666,672,551
666,464,663,663,675,554
664,473,657,652,684,554
667,474,663,666,673,555
664,479,659,658,682,551
667,467,664,663,675,555
661,477,656,658,685,554
666,468,663,663,675,556
659,481,654,662,683,548
662,483,658,660,682,553
663,480,662,656,681,557
664,466,663,662,674,555
667,478,665,652,686,556
660,480,661,651,686,555
664,474,663,666,674,554
665,469,664,664,675,556
652,483,649,663,687,546
661,482,658,662,683,550
666,470,662,664,669,555
666,470,665,664,674,556
663,481,659,662,679,553
654,478,646,658,688,549
662,481,659,662,682,550
661,484,659,661,682,552
665,472,663,664,675,557
655,485,662,650,685,558
665,479,664,653,684,558
662,481,653,663,682,552
656,483,650,667,687,546
667,479,662,666,673,557
666,469,661,661,675,557
662,484,657,658,680,552
667,466,663,664,675,558
652,483,647,663,684,551
653,479,648,663,687,549
664,482,661,653,687,556
666,474,663,663,669,557
668,480,659,657,684,559
667,474,661,666,674,556
663,482,661,653,685,557
663,480,658,666,678,555
657,472,655,657,684,550
656,486,648,668,686,546
653,476,648,661,688,551
657,479,646,664,683,548
664,483,657,661,684,552
664,468,664,663,674,559
662,484,660,659,682,556
663,483,659,660,682,554
655,484,649,664,686,550
656,484,650,664,687,551
665,480,660,666,674,556
657,471,656,660,682,557
656,477,649,659,687,554
654,476,649,661,687,552
666,480,661,650,686,560
652,479,648,663,688,551
667,481,661,658,682,560
663,484,659,658,681,558
666,480,662,655,682,557
663,486,659,660,682,558
655,478,648,663,687,551
663,463,662,663,679,561
666,476,662,664,673,559
659,483,658,661,678,557
653,474,655,660,684,553
654,487,650,666,686,551
663,484,654,665,684,552
663,489,659,655,685,559
656,489,649,666,686,552
663,489,660,662,680,558
655,481,651,661,688,553
668,483,661,666,674,558
661,493,658,663,681,554
655,484,651,661,687,556
667,479,663,664,675,553
665,482,663,665,673,553
664,485,659,658,678,549
661,471,659,661,682,551
665,487,661,666,674,552
662,475,659,663,679,551
661,493,661,663,678,551
664,490,658,665,679,549
660,480,657,661,682,551
654,482,655,657,679,545
666,493,663,655,682,554
663,498,658,656,686,553
660,499,652,662,683,551
660,498,652,665,684,546
662,497,658,660,681,553
664,498,664,649,686,552
664,498,661,651,687,556
660,484,656,665,682,553
663,496,654,663,682,553
666,495,659,659,683,555
661,483,659,660,681,554
664,494,663,654,685,556
663,471,659,661,677,558
659,485,652,660,680,549
667,483,663,651,684,558
662,491,658,660,681,553
662,491,661,656,686,556
661,492,651,663,683,551
668,486,662,652,685,557
667,486,661,656,681,559
662,489,660,659,681,553
657,490,654,662,681,548
668,483,664,650,685,559
663,482,659,667,677,554
663,487,657,660,683,552
655,474,655,661,682,550
661,487,661,655,685,554
663,485,659,656,683,554
666,475,663,666,672,556
665,482,659,663,680,557
664,467,662,661,679,557
663,476,660,667,673,556
665,473,662,664,671,556
662,478,660,658,684,556
654,469,650,662,688,550
665,463,663,662,675,559
668,470,664,665,673,558
663,480,658,657,682,549
655,467,655,663,683,553
655,465,657,661,683,555
662,479,660,663,680,555
667,470,663,664,673,559
661,478,659,656,683,557
665,474,664,650,686,560
664,475,659,654,683,556
655,478,658,659,682,555
663,479,660,658,682,557
661,478,659,660,682,555
657,479,659,657,686,557
665,465,662,663,673,558
663,479,659,664,676,556
667,476,665,654,680,557
664,476,660,666,674,558
662,482,658,660,685,557
660,477,661,656,684,560
662,484,657,661,683,557
653,478,648,665,687,554
648,485,649,665,686,551
661,467,659,660,676,555
664,481,659,654,685,560
660,483,650,662,685,550
666,481,660,651,688,559
654,481,659,663,679,558
664,480,659,651,684,560
668,478,664,651,684,562
654,480,647,662,687,552
666,480,663,651,678,563
660,483,658,658,679,560
652,476,647,664,686,551
667,473,664,665,673,562
664,476,658,662,679,559
653,473,649,663,687,553
664,461,662,663,674,561
661,467,659,659,680,558
663,484,659,665,677,558
667,478,662,649,685,562
663,483,659,665,677,559
664,468,662,664,672,561
660,465,660,661,681,560
661,481,657,660,678,559
653,473,649,662,684,550
667,476,658,663,671,560
662,486,657,660,682,559
663,483,660,656,683,559
665,467,661,662,675,560
662,480,656,659,684,557
656,481,654,663,683,554
668,478,664,649,684,564
650,480,646,663,687,553
668,480,663,658,683,561
655,469,653,660,683,557
663,480,655,664,681,555
654,484,649,664,684,554
658,467,654,660,682,561
666,467,663,664,674,562
655,467,654,661,681,559
652,476,648,662,686,552
660,468,659,661,675,564
664,481,657,661,682,556
666,480,666,655,683,563
654,466,660,660,679,560
666,473,662,665,671,561
663,480,655,660,682,557
657,482,651,662,683,552
665,467,663,664,672,563
661,475,664,656,680,563
652,483,647,665,686,553
664,480,658,660,681,558
661,481,659,659,683,561
655,464,654,657,689,556
661,482,659,654,684,562
661,479,658,664,676,561
651,484,645,662,684,553
662,483,657,659,681,559
667,477,664,651,681,563
660,480,657,663,679,561
662,481,658,663,680,561
660,484,658,660,679,561
650,477,648,662,686,555
663,478,660,647,685,564
665,478,660,649,683,563
653,482,648,665,683,555
652,470,648,660,685,556
647,477,647,663,685,555
663,480,653,658,680,558
663,477,657,651,681,564
662,477,660,665,674,562
660,476,661,657,681,560
663,476,659,665,673,563
667,476,664,652,682,565
657,483,649,663,682,556
661,482,656,660,680,560
661,480,660,652,682,565
659,482,653,661,681,559
660,483,657,664,680,559
664,465,660,660,675,564
659,481,658,662,678,561
656,469,656,661,684,561
659,479,653,661,681,556
654,483,646,662,684,556
660,482,658,656,682,563
665,470,655,659,677,562
661,480,659,665,673,562
663,480,659,664,676,560
661,483,657,652,683,560
663,477,666,655,680,565
665,473,659,649,682,566
664,466,663,663,671,566
657,482,658,659,680,562
656,474,651,664,681,554
666,476,663,649,684,566
661,476,659,654,677,561
661,481,659,663,675,563
659,465,658,659,679,563
666,475,664,650,684,567
663,475,659,666,673,563
650,478,646,662,685,555
662,481,656,663,681,559
664,478,658,654,681,563
662,479,660,654,680,562
665,462,659,663,672,565
662,478,659,652,683,564
660,481,659,657,683,562
665,470,662,665,671,564
654,470,654,659,683,559
653,482,643,659,686,554
657,468,655,662,681,561
660,477,659,650,684,563
652,469,645,660,685,554
661,479,658,662,681,558
661,461,661,657,677,561
653,471,649,662,686,556
666,467,663,665,672,562
667,474,664,648,681,563
660,465,657,660,681,558
662,477,655,663,681,553
665,475,662,650,684,561
653,479,647,663,684,550
661,466,663,662,673,560
654,476,645,665,682,553
661,464,659,661,678,559
659,481,659,657,681,557
662,464,660,661,675,562
657,480,652,662,683,554
664,477,664,650,684,562
652,480,664,664,684,561
664,471,661,664,671,563
653,464,655,660,684,558
663,471,662,666,670,558
660,480,657,661,682,561
663,473,658,665,672,561
658,480,652,663,682,560
665,476,661,655,680,558
666,466,659,666,672,564
663,479,659,668,678,559
664,474,664,649,683,564
664,474,663,648,685,563
661,480,659,662,680,560
662,475,660,666,673,561
653,481,649,665,684,553
665,475,662,650,686,564
654,481,650,665,683,553
653,472,649,660,689,558
657,481,650,664,683,556
663,477,658,665,678,559
655,463,655,660,680,561
662,474,659,664,673,561
662,477,658,653,685,564
657,465,657,655,677,562
664,478,660,654,685,563
666,477,660,658,680,562
661,475,659,665,676,562
661,475,662,649,684,565
648,473,645,664,685,554
663,475,660,666,673,562
661,480,657,660,681,562
665,470,663,665,673,564
664,476,664,652,683,562
660,479,660,655,684,563
665,480,656,650,684,563
665,475,663,651,681,566
652,470,651,660,687,557
663,477,656,659,681,560
663,477,658,656,680,562
654,467,655,661,682,559
658,480,659,654,684,564
657,479,652,663,682,557
653,479,645,662,685,555
655,479,649,664,683,556
664,478,657,660,682,564
662,479,662,658,682,562
660,463,662,661,673,564
651,481,650,665,682,553
664,463,662,660,677,563
650,473,645,663,685,555
651,468,654,662,689,558
663,471,663,665,671,564
655,483,649,664,684,555
661,480,660,651,685,564
666,475,663,650,679,566
657,482,649,663,687,554
651,473,646,658,687,556
662,477,658,655,685,564
660,481,658,663,681,562
650,478,648,663,686,557
653,474,647,661,686,556
660,481,664,664,676,561
656,469,652,661,687,560
661,481,660,658,677,563
663,477,657,662,679,563
661,474,660,666,673,563
665,480,662,656,681,563
667,476,660,658,681,563
666,477,662,652,682,565
663,479,659,653,685,562
666,476,664,655,675,562
666,477,664,651,682,566
651,476,647,662,686,555
665,476,664,652,684,563
662,464,663,662,671,564
661,479,659,656,683,563
655,480,651,664,685,556
657,468,655,662,682,561
661,476,657,654,685,563
665,467,663,664,673,565
653,477,649,663,685,555
657,468,655,659,682,561
667,472,662,665,670,563
663,477,663,648,684,567
659,465,659,658,678,563
662,481,658,658,682,562
664,465,661,663,672,568
658,465,657,661,679,563
653,482,649,664,685,555
651,477,647,663,686,555
664,478,661,651,685,565
652,480,647,665,684,556
663,464,662,662,673,566
664,477,659,665,674,564
651,483,647,664,684,555
652,471,649,662,686,558
659,481,655,665,684,558
651,484,648,664,685,557
658,465,659,660,677,567
659,477,658,659,675,567
655,484,650,663,686,556
662,476,658,665,671,566
662,467,663,664,672,570
662,476,659,665,674,565
656,467,656,661,680,565
664,479,657,661,680,563
661,478,660,661,680,566
654,483,646,664,684,561
661,480,661,653,685,569
656,467,655,660,679,565
664,474,661,666,672,569
663,476,658,667,675,567
653,471,653,661,686,564
664,462,659,662,673,569
663,475,661,651,682,570
649,475,647,662,686,561
663,478,661,658,682,567
663,472,662,666,670,568
660,473,661,665,671,568
663,475,661,650,683,571
655,469,655,661,683,564
659,483,658,659,680,566
658,481,657,659,682,567
662,477,658,665,673,567
656,468,652,661,681,565
663,463,663,663,672,571
662,480,656,660,680,566
649,475,649,664,686,558
662,481,656,662,676,567
662,477,661,648,685,572
660,480,653,662,680,561
653,466,654,659,682,565
657,479,651,663,683,560
653,473,651,661,688,562
651,473,648,662,684,563
651,478,648,663,684,559
661,483,657,656,680,564
651,472,647,661,682,562
650,482,647,663,688,558
664,475,664,657,684,568
656,466,655,661,682,568
661,478,662,650,683,569
654,465,655,660,680,567
660,474,659,665,670,568
650,477,643,660,685,559
651,477,649,663,685,556
664,476,663,650,684,570
649,475,648,663,687,560
660,480,659,656,686,567
665,471,662,656,680,572
658,477,658,660,680,566
660,479,660,654,682,567
657,463,658,662,679,567
663,479,658,657,680,567
649,473,648,664,685,561
660,476,662,650,685,570
665,478,662,651,681,570
661,471,662,663,669,571
658,464,657,659,680,567
664,464,663,664,671,569
664,477,663,653,678,571
664,475,664,653,680,568
660,480,659,657,682,567
651,480,648,664,685,561
659,477,652,662,679,564
659,464,659,658,678,569
659,481,660,661,678,568
666,478,660,649,684,568
658,481,658,659,680,568
664,475,662,652,682,569
659,480,656,664,677,566
653,483,662,663,681,561
660,479,656,660,679,565
652,472,649,660,684,563
663,468,662,664,668,571
660,476,658,657,676,568
661,481,655,663,677,567
653,482,649,665,683,561
658,480,657,661,680,567
654,482,644,661,683,560
664,476,659,657,681,568
661,476,661,650,685,571
660,463,661,660,676,569
662,473,661,666,671,569
656,479,656,660,681,565
662,476,659,665,674,567
651,477,648,662,684,560
659,479,656,665,676,568
658,477,658,661,680,566
657,479,659,664,676,567
662,474,663,652,682,570
660,480,653,661,682,562
650,475,659,664,671,569
666,472,658,666,672,568
666,473,662,651,681,570
660,478,659,654,684,566
662,471,661,666,672,571
646,475,647,666,686,560
663,474,663,650,684,569
663,471,660,667,672,568
660,474,660,665,673,567
653,479,648,666,683,560
652,475,648,664,685,560
665,477,659,666,676,567
661,476,662,646,681,569
650,479,648,663,685,559
651,481,650,665,682,559
658,480,659,657,683,566
658,465,657,648,683,568
662,471,653,658,678,567
661,462,660,659,677,568
663,478,653,663,682,565
663,476,664,653,681,571
662,477,656,661,682,564
651,472,647,662,687,560
662,474,659,666,671,567
660,463,657,660,677,566
658,480,655,663,680,564
662,469,663,665,672,569
651,470,647,661,685,562
658,462,657,661,680,567
653,476,648,665,685,559
660,475,660,665,674,566
661,470,657,652,683,569
663,479,645,667,683,560
665,462,663,663,673,572
664,458,663,663,670,568
666,472,664,654,680,571
660,475,656,650,685,568
661,476,659,666,673,567
660,462,660,662,675,569
664,473,662,651,681,572
660,477,658,665,676,567
661,469,663,664,673,569
661,472,663,646,681,570
661,474,656,662,675,568
651,478,646,662,684,570
658,476,658,661,677,568
664,474,658,656,680,568
652,478,647,664,683,559
660,475,657,661,682,567
661,461,663,663,670,570
664,471,664,652,682,572
655,462,655,659,677,566
663,460,658,660,672,570
662,472,661,656,676,568
656,460,654,659,680,566
661,470,659,666,672,568
661,471,660,668,674,566
657,476,658,659,679,567
654,475,651,665,683,561
664,459,661,663,671,569
660,474,657,656,684,568
662,472,662,650,682,570
655,458,651,662,672,570
650,469,651,657,685,570
654,478,662,665,671,567
658,451,661,661,675,570
654,474,647,665,683,559
658,455,659,660,678,568
658,459,660,661,674,567
657,474,652,665,681,561
652,467,649,660,687,561
662,465,661,658,680,569
651,464,648,661,685,563
653,474,649,661,684,560
664,469,663,655,680,569
647,463,649,662,686,560
660,470,659,654,683,568
649,468,647,663,685,561
664,467,660,665,671,567
659,469,655,661,680,563
660,471,659,657,684,567
661,467,659,662,675,565
655,457,653,659,679,563
661,467,659,656,683,568
663,464,664,650,683,569
661,466,663,654,674,571
652,468,647,663,684,559
660,469,654,660,681,566
661,463,660,663,671,567
658,445,655,660,677,567
654,470,651,664,681,561
662,451,663,662,670,568
660,469,654,661,681,564
654,455,653,661,681,563
659,468,658,655,680,565
664,463,661,663,671,569
663,466,662,656,680,569
660,468,658,661,680,565
664,466,665,655,679,565
650,469,650,663,681,560
652,460,645,661,684,561
663,465,664,650,685,571
660,467,658,663,677,568
665,465,664,653,679,569
653,453,662,661,673,570
661,452,656,658,679,568
655,453,660,660,673,569
659,464,657,659,681,565
651,455,654,661,681,567
659,468,658,664,672,568
663,464,663,649,683,571
661,469,661,658,679,567
654,470,651,663,684,561
653,456,654,661,683,565
664,454,663,663,672,570
654,455,651,659,684,566
663,464,664,649,682,572
659,470,656,654,687,570
659,470,659,659,680,567
652,461,648,660,684,562
657,456,656,660,681,567
662,469,656,660,680,566
663,466,661,666,670,569
662,461,661,651,679,572
652,462,650,661,684,564
659,473,660,655,683,569
664,464,659,652,681,572
664,470,663,652,681,568
665,467,663,654,683,571
661,474,657,659,681,569
656,477,651,663,681,564
660,473,659,665,673,570
664,472,662,655,680,570
655,460,655,661,681,566
657,477,652,662,682,564
651,473,647,663,685,560
661,471,659,666,672,567
652,476,649,651,687,568
658,475,653,661,681,562
666,471,664,652,682,568
653,477,648,665,683,555
665,471,664,650,680,565
656,461,655,660,682,559
660,474,655,666,681,555
660,474,655,659,679,558
651,467,647,664,683,549
664,468,664,650,683,559
652,464,649,660,688,549
655,468,658,659,683,554
666,463,664,653,683,555
662,463,660,657,683,553
666,462,664,651,684,552
660,465,662,654,686,552
653,471,651,664,682,546
664,463,665,654,682,552
656,455,652,659,686,542
660,453,661,662,675,550
655,455,656,661,684,543
656,467,658,662,683,543
649,463,649,664,684,547
648,465,647,664,687,538
664,466,662,655,684,545
658,467,659,659,683,541
659,466,658,664,679,542
660,465,659,665,679,542
649,460,647,662,688,535
660,461,661,651,684,539
653,465,649,664,686,531
662,451,662,664,675,540
658,464,657,666,680,537
651,458,649,663,690,531
659,463,658,659,683,537
660,451,661,663,675,538
657,448,658,662,681,538
661,462,662,665,674,538
658,449,662,662,679,540
662,463,664,651,685,539
657,470,655,663,684,531
662,466,658,664,678,535
647,466,647,665,688,529
659,466,662,667,676,538
659,451,662,663,678,537
662,462,664,650,686,540
649,460,645,665,686,528
664,462,664,653,684,541
650,455,653,660,690,533
655,451,657,662,681,537
662,459,661,667,673,536
659,461,660,654,686,537
648,458,653,662,690,531
660,464,664,652,685,534
647,466,646,666,687,526
653,463,659,656,687,536
660,460,664,652,686,536
657,462,659,655,684,535
662,455,662,666,674,538
658,447,661,661,677,536
658,463,660,654,683,534
659,447,657,664,683,533
659,458,657,658,683,534
659,452,660,661,675,535
655,444,657,661,681,534
659,456,661,651,689,539
655,446,657,661,679,533
660,445,662,665,678,539
657,462,660,664,679,535
659,445,663,663,675,537
657,462,659,658,685,538
658,461,660,653,687,539
652,452,652,663,685,535
660,460,661,654,688,543
659,461,660,652,687,542
660,464,656,658,685,539
652,468,658,663,681,540
654,466,652,665,685,535
663,459,658,663,674,541
660,469,658,663,677,542
655,457,653,662,689,540
662,455,659,663,679,546
661,470,659,658,683,546
665,461,660,666,671,548
654,476,648,666,686,540
658,459,655,657,680,546
665,473,660,654,685,539
663,459,661,662,677,547
663,464,660,668,671,548
655,458,652,661,684,546
651,471,648,664,687,539
654,475,652,664,683,540
649,470,647,665,685,537
653,475,647,665,685,539
661,472,660,654,685,548
664,470,662,652,683,549
659,475,658,654,682,545
665,470,661,654,684,540
664,458,655,663,677,548
661,459,659,664,675,550
659,478,659,660,682,548
654,477,658,661,677,544
664,466,663,668,671,551
662,476,660,650,684,550
658,477,658,667,673,548
655,475,660,668,667,549
661,472,661,666,669,547
647,477,647,663,683,542
655,481,653,662,674,548
660,485,659,655,679,551
662,489,663,654,677,552
659,496,661,652,678,550
653,501,655,662,681,547
650,506,655,661,676,548
649,525,648,659,681,538
655,525,662,653,677,552
657,527,654,664,677,542
654,537,661,656,679,547
640,531,654,664,678,541
652,539,647,666,677,533
651,538,662,655,676,543
654,537,661,661,673,539
651,544,662,648,678,542
648,541,653,667,675,532
653,542,664,653,673,540
655,542,664,656,675,542
641,545,654,663,675,535
653,529,662,668,665,540
654,530,661,668,673,535
655,523,650,662,679,533
642,547,649,664,680,531
650,544,664,653,677,540
654,539,660,660,671,540
654,541,659,655,675,541
644,541,654,663,677,538
652,536,661,657,674,544
649,541,648,662,677,532
657,531,659,666,670,540
646,537,653,659,672,538
654,535,662,655,677,543
651,533,664,653,675,546
650,533,650,666,677,535
648,533,654,661,675,538
655,532,663,653,677,546
658,524,660,663,674,540
648,521,661,664,670,542
649,522,659,662,670,544
658,527,662,660,671,541
642,527,659,661,676,542
653,532,664,654,675,546
655,530,659,658,675,534
656,537,659,655,680,544
658,538,661,654,675,545
656,522,663,666,663,544
657,538,664,652,676,546
658,532,664,655,672,547
663,532,651,666,675,538
662,526,660,662,669,543
662,530,658,659,672,541
662,523,660,664,670,542
651,535,648,663,677,536
659,531,664,649,674,540
661,527,659,661,673,542
657,529,661,656,674,541
655,526,659,656,671,540
662,512,660,666,665,540
655,515,662,662,663,545
656,512,663,664,664,548
651,529,652,663,673,542
657,514,662,652,675,549
655,530,662,651,675,552
663,514,659,661,671,549
656,504,661,662,667,553
661,513,664,651,671,552
652,506,655,659,674,550
660,509,661,666,667,551
660,511,660,665,665,553
654,508,648,662,675,547
666,507,662,664,664,555
660,514,655,657,673,554
662,503,663,662,665,557
658,517,662,649,677,556
662,508,661,666,661,552
659,513,663,652,676,555
650,504,656,661,675,551
660,514,664,651,675,557
655,514,650,664,677,543
664,512,650,664,674,546
651,503,653,660,678,549
656,501,656,659,671,551
652,519,650,661,677,545
658,516,647,664,675,542
661,513,656,657,674,552
663,509,661,664,664,552
658,514,647,664,676,542
659,516,657,652,677,552
660,515,664,650,674,552
650,515,655,661,675,547
654,518,660,652,678,549
660,513,647,665,677,540
656,491,658,660,670,547
650,500,643,664,678,540
664,493,663,649,676,552
652,488,647,660,677,543
651,494,646,663,677,541
662,477,660,662,666,551
652,482,649,659,676,550
650,487,646,664,677,547
655,494,648,663,676,549
661,474,657,662,665,557
660,481,654,659,672,556
664,492,655,654,669,557
665,498,660,651,670,560
662,500,655,660,671,559
667,491,657,659,661,562
664,502,660,648,676,563
663,487,658,663,663,563
662,495,656,665,665,561
664,492,658,658,663,562
660,493,658,656,673,562
651,478,649,660,677,558
665,478,655,660,671,561
666,460,656,655,672,561
652,458,645,665,678,555
662,446,657,664,663,563
661,442,659,651,671,567
660,447,655,657,674,563
650,445,643,662,678,556
651,432,652,659,671,564
663,446,655,657,672,564
656,427,646,658,673,564
661,445,654,658,670,566
661,443,654,655,670,568
656,445,646,658,674,561
662,442,655,665,664,566
660,443,655,663,663,566
656,437,652,660,671,567
663,452,661,653,670,569
650,454,643,660,676,559
649,451,645,661,676,561
651,448,649,659,672,562
660,456,655,665,663,566
665,455,654,647,670,570
661,454,651,649,675,569
660,459,656,652,674,569
655,464,646,661,672,561
651,464,644,663,674,559
662,463,657,649,673,569
660,452,658,658,665,567
647,463,643,658,674,560
664,468,660,650,670,571
660,462,658,658,663,569
659,482,653,661,666,565
663,488,661,646,671,572
663,495,653,657,668,572
660,497,655,659,664,575
664,487,657,660,662,584
659,493,659,662,657,590
664,498,660,661,657,591
665,500,656,662,658,595
660,494,660,650,669,587
661,509,659,648,667,599
658,514,660,646,666,601
651,517,651,657,668,595
661,515,656,654,662,597
660,520,659,654,664,601
660,523,661,653,663,603
655,527,657,646,666,599
652,527,645,657,668,595
660,512,658,660,652,603
661,515,656,663,656,601
648,528,647,656,666,597
657,526,645,660,665,589
656,526,660,646,663,599
656,519,659,647,664,594
659,502,661,646,661,587
643,485,646,658,662,576
652,474,652,657,660,575
655,474,657,658,652,574
658,463,661,647,658,577
643,460,646,662,661,565
652,464,658,652,657,574
638,460,643,663,655,566
651,457,655,665,639,571
649,461,657,650,650,571
650,459,656,662,633,571
651,452,657,663,637,571
640,447,650,660,640,565
649,458,658,650,642,572
650,457,656,664,630,571
651,451,658,663,626,573
649,461,655,662,632,571
651,458,657,664,627,570
648,447,654,660,630,570
644,449,651,660,634,570
641,460,646,662,639,566
642,462,644,659,638,565
654,449,659,659,627,577
651,463,653,663,632,575
653,456,657,665,620,575
656,454,659,650,632,577
653,459,654,664,623,574
642,460,646,662,633,566
651,461,655,653,633,576
656,456,660,651,630,576
644,462,648,662,630,570
644,459,646,665,632,569
654,459,659,663,620,578
651,468,652,659,630,572
649,463,653,660,628,572
650,450,656,661,624,577
651,464,655,665,625,574
656,461,660,651,630,579
644,460,643,659,635,572
651,447,654,660,628,577
654,451,659,661,624,578
651,465,658,652,628,578
652,462,661,652,631,579
654,458,660,651,631,581
644,456,646,662,631,569
653,460,658,651,635,579
652,463,655,662,631,576
651,464,655,651,632,577
650,463,655,667,627,577
654,450,661,663,620,580
657,460,661,653,629,580
655,456,658,663,620,580
653,452,659,662,621,579
654,461,656,650,635,581
655,458,659,650,634,582
644,460,645,664,635,572
650,462,655,661,629,580
654,453,654,650,633,581
655,456,653,660,622,580
654,454,658,664,621,581
643,459,644,662,635,573
656,448,659,660,627,582
643,455,642,661,636,573
647,449,650,660,631,576
651,462,649,659,632,578
657,450,659,665,622,580
644,454,644,661,637,572
643,447,645,660,636,574
643,449,643,663,638,574
652,458,656,654,633,579
657,455,649,663,630,573
656,452,660,649,631,582
648,452,660,649,636,573
652,456,651,662,634,576
647,461,645,664,637,573
653,451,656,649,634,580
654,455,658,664,630,579
652,459,654,656,636,578
655,443,659,662,627,584
648,460,657,653,637,579
654,463,658,650,637,581
646,458,645,661,640,572
655,448,658,651,639,572
652,467,652,660,638,575
649,466,656,661,635,579
650,452,654,660,633,579
651,458,659,663,625,582
657,468,656,660,633,580
653,468,657,661,635,579
655,451,659,660,628,582
655,449,658,662,626,581
657,460,657,649,637,580
657,459,660,646,642,580
647,458,662,660,639,576
652,473,656,656,635,576
652,470,660,651,643,578
650,471,655,660,639,575
651,469,658,650,645,576
646,471,649,664,645,567
652,467,658,648,646,576
643,473,646,665,647,564
652,462,658,663,635,574
649,473,655,655,646,575
648,471,655,655,648,572
642,472,648,663,648,563
654,462,659,663,638,572
652,458,659,664,639,573
644,473,648,662,651,564
647,474,649,664,653,563
650,469,643,666,657,563
646,455,655,659,653,571
648,472,656,658,657,569
654,468,661,649,656,571
653,465,660,664,649,568
659,469,659,655,662,566
655,469,662,649,664,566
648,457,657,659,661,563
653,456,663,661,653,563
649,471,656,665,657,560
650,474,654,658,669,557
646,473,648,652,660,557
652,470,657,651,673,559
649,474,653,660,670,555
642,465,644,665,676,551
647,461,650,659,673,556
646,464,652,660,674,555
649,470,660,649,673,564
655,471,655,658,672,559
642,457,657,659,666,565
643,468,645,660,678,557
648,459,654,659,670,564
643,464,645,661,678,556
649,460,652,657,674,562
651,474,657,659,669,563
642,475,644,662,678,555
653,469,656,666,662,561
653,474,653,649,676,563
653,465,650,659,673,559
652,472,656,664,668,563
646,459,657,661,665,566
644,464,649,661,675,560
656,468,661,655,671,567
646,473,645,663,679,558
656,459,660,661,664,568
649,471,657,664,679,568
654,457,658,661,665,567
646,460,649,659,673,564
641,472,652,660,675,563
645,472,653,660,673,563
652,471,655,663,670,565
655,457,660,664,677,560
647,460,653,660,672,567
643,463,649,660,673,565
642,470,643,661,679,558
651,473,656,655,678,567
652,473,656,661,665,562
653,457,658,664,667,570
655,469,660,649,674,570
658,470,659,662,674,569
653,470,659,649,677,572
658,472,657,660,673,571
654,472,658,654,673,570
656,469,661,655,673,566
656,473,656,659,675,569
652,472,657,667,669,569
654,472,657,650,680,571
654,473,656,664,671,569
657,470,657,656,671,571
657,465,657,658,676,575
643,464,645,659,675,566
642,472,644,661,665,569
650,475,647,665,677,562
644,474,656,657,674,568
643,474,650,663,677,564
656,469,655,660,676,568
653,473,657,654,680,569
643,470,644,661,680,561
645,474,646,664,678,562
654,460,659,662,666,571
654,472,658,656,675,570
647,454,653,656,675,565
653,470,659,658,672,570
655,469,660,651,677,573
647,458,653,659,676,569
657,459,659,663,672,572
652,472,654,661,676,562
652,473,653,659,675,566
643,475,645,659,676,567
657,470,656,657,677,568
654,473,656,665,668,569
652,473,656,664,668,567
650,460,647,655,676,566
657,460,656,659,667,570
655,468,658,660,677,568
648,460,654,660,677,568
649,474,656,660,676,567
655,470,659,665,668,568
658,467,660,656,679,568
649,458,655,660,674,568
645,460,650,661,679,565
651,458,660,665,667,570
643,471,645,666,681,560
657,458,660,663,669,570
653,474,659,651,682,568
643,471,646,663,681,559
656,460,661,664,666,568
645,474,646,664,680,559
655,474,658,652,679,568
655,470,650,662,676,564
659,469,658,664,681,560
659,469,662,651,677,568
655,473,662,663,667,570
656,474,657,658,674,564
646,464,650,661,679,562
657,468,664,653,677,568
657,463,664,662,668,569
645,466,652,663,681,562
652,454,660,662,671,569
644,465,649,663,681,562
649,475,649,666,678,561
647,479,647,667,681,559
658,469,662,668,667,569
657,473,666,653,678,570
654,473,659,667,668,565
654,477,659,665,672,563
656,473,662,668,668,565
658,475,664,666,667,564
649,462,655,660,679,558
648,478,654,665,679,556
657,477,661,653,680,561
659,465,662,668,668,559
648,469,655,663,680,555
650,468,654,662,678,555
647,475,648,665,681,547
660,475,662,667,669,555
655,483,658,664,679,551
660,468,662,665,670,555
648,471,653,663,680,550
648,475,647,664,686,548
654,467,658,663,676,556
660,477,664,653,676,554
663,478,663,654,680,556
659,479,663,653,681,555
648,468,656,664,682,545
655,467,663,666,669,553
650,483,648,666,682,545
646,478,647,665,683,547
661,481,660,657,678,554
655,484,659,660,677,546
662,478,662,666,670,558
662,483,658,660,679,555
662,480,659,669,671,555
662,476,662,666,667,558
658,488,658,668,673,557
660,486,662,651,682,560
657,493,657,657,683,558
651,496,647,667,684,550
662,491,664,664,680,561
661,483,663,666,669,560
660,497,663,654,681,560
660,500,662,655,684,559
661,495,664,651,682,562
661,498,661,653,683,558
659,501,661,658,678,557
662,497,658,668,671,557
657,504,653,663,680,554
649,505,646,666,680,547
653,506,649,663,680,556
660,504,659,657,684,558
664,503,657,664,671,557
649,502,648,666,684,550
654,489,662,665,679,552
646,493,648,663,686,553
660,504,654,659,673,557
655,505,648,668,681,550
657,503,657,661,681,557
661,501,661,652,682,561
655,504,649,667,684,550
655,501,652,665,679,560
661,500,660,669,673,561
662,486,663,664,680,555
663,499,664,659,680,564
654,504,648,668,682,553
652,489,653,666,680,559
650,499,647,664,685,555
654,491,650,663,682,560
656,485,662,664,670,564
663,495,663,656,679,565
660,497,660,653,683,562
660,501,658,660,681,562
659,500,658,660,679,562
659,483,661,657,680,563
662,496,660,653,683,564
650,493,647,664,684,555
657,497,658,658,682,561
652,499,649,665,684,554
659,496,660,656,681,563
660,496,660,653,684,564
659,496,658,654,683,564
651,491,649,663,685,556
659,491,665,653,682,566
667,491,663,667,671,565
658,497,658,660,679,561
657,473,657,657,678,561
662,491,659,667,666,560
651,483,643,662,682,562
656,477,657,661,679,563
656,493,650,666,679,557
658,494,653,661,681,559
654,494,648,665,682,556
662,489,662,649,668,562
650,484,648,661,683,557
655,494,657,663,679,563
660,492,660,654,684,564
659,487,663,651,683,566
656,476,655,660,682,563
662,477,660,663,672,564
660,492,658,651,683,565
650,497,647,663,685,556
664,491,662,652,681,568
667,494,659,657,680,564
651,491,649,662,685,557
658,498,658,660,679,563
657,484,658,661,676,564
663,499,659,659,680,563
663,499,659,666,672,564
662,501,658,654,682,558
660,505,664,651,683,567
659,509,659,659,675,564
653,510,648,664,683,556
650,514,654,661,681,561
663,500,665,651,672,563
650,512,651,661,686,559
666,513,658,659,677,561
655,523,659,651,683,565
663,521,658,653,681,564
658,526,661,649,684,568
660,525,659,660,679,566
659,532,647,663,682,561
658,520,661,664,670,572
658,532,665,659,677,571
660,535,663,652,679,571
651,538,652,661,683,567
651,538,653,661,684,568
660,534,661,656,678,571
658,539,664,650,684,575
651,529,658,662,683,566
653,539,646,664,685,563
652,527,659,649,679,576
659,529,658,658,681,573
649,527,660,660,674,573
655,539,648,662,683,564
648,529,655,660,680,569
661,534,658,659,681,571
656,519,663,660,668,574
659,531,657,658,679,572
657,533,648,661,683,564
663,535,649,661,681,566
654,520,662,663,672,574
663,528,649,664,682,563
657,520,662,663,670,576
658,535,664,648,683,574
660,531,644,665,680,565
660,534,662,650,682,574
651,525,660,659,678,573
660,535,665,649,682,575
657,518,664,663,671,573
653,520,662,662,671,572
662,522,659,664,673,569
649,528,662,655,679,571
664,531,660,655,679,567
661,534,658,660,675,563
661,536,660,665,680,564
658,535,650,663,682,559
654,540,647,661,686,558
660,538,664,664,668,567
653,538,659,656,682,564
648,534,659,660,681,565
657,523,664,665,670,565
660,535,651,662,683,557
659,523,663,665,671,565
658,534,659,659,682,565
656,541,661,653,683,564
652,529,663,660,675,567
662,526,660,665,673,567
660,526,659,656,684,566
655,542,663,651,684,567
648,542,650,660,686,562
655,540,665,650,683,569
660,532,659,659,679,564
658,540,662,652,685,568
657,541,662,650,684,566
658,525,661,665,672,561
659,538,666,653,683,559
659,537,667,657,681,560
648,536,658,660,680,557
657,535,662,658,680,555
660,526,661,666,676,555
651,541,652,662,688,551
648,528,662,662,674,556
657,523,662,665,672,558
654,536,660,660,682,556
650,540,652,662,687,552
660,532,660,662,680,555
655,540,664,655,686,555
660,526,662,663,679,554
657,537,661,657,684,554
658,536,651,665,680,547
661,528,664,662,681,555
662,529,662,665,677,554
654,523,667,665,671,556
659,531,661,659,676,552
650,540,651,660,685,547
646,542,655,661,684,550
662,537,659,661,681,551
657,537,665,649,684,555
660,535,662,658,683,551
651,527,666,661,678,554
649,540,651,662,684,550
659,536,667,651,683,556
662,524,667,662,688,544
656,529,665,664,675,556
660,524,663,666,675,554
649,533,658,660,684,551
658,538,651,665,686,545
657,537,650,662,686,545
659,536,661,657,685,551
650,537,652,660,683,545
650,521,665,662,676,553
650,532,660,660,679,552
655,518,662,665,672,551
663,534,664,656,684,551
661,529,661,650,673,552
660,532,667,652,682,554
659,530,665,652,682,553
658,535,665,651,685,552
663,519,663,667,672,548
653,536,650,662,688,541
664,520,663,665,676,551
662,530,660,659,682,549
659,533,665,649,683,555
658,533,663,656,686,553
657,533,651,664,687,544
650,532,657,661,682,552
656,521,666,663,674,554
664,527,659,660,680,550
661,525,661,659,683,556
660,529,661,653,687,563
664,523,662,657,683,562
660,530,664,653,687,565
657,522,662,651,683,566
656,505,660,663,683,565
650,512,655,663,686,562
654,507,656,663,683,566
658,520,663,655,684,570
658,503,666,667,674,576
662,511,664,652,686,575
652,502,656,662,684,570
657,518,665,654,684,572
657,518,664,655,686,579
654,502,658,658,679,577
655,515,649,666,687,571
654,500,655,664,683,577
660,502,665,666,673,583
658,515,650,668,686,575
652,512,656,661,683,574
657,516,660,660,686,582
660,501,666,668,672,587
661,500,665,668,671,585
651,519,651,664,689,577
660,510,666,654,683,588
655,513,661,657,685,585
652,500,660,664,681,586
659,511,661,663,682,586
653,515,649,669,685,580
657,507,664,669,673,589
651,499,660,666,677,586
646,504,654,665,686,584
660,511,664,658,681,592
652,499,661,665,675,593
654,513,651,667,684,586
657,509,662,669,675,594
653,508,661,670,675,591
649,512,650,666,686,585
643,504,649,667,687,586
646,494,655,664,683,593
658,505,665,657,681,597
656,502,663,666,686,586
653,497,655,662,682,593
652,508,661,658,686,595
658,499,665,669,671,596
650,504,661,672,674,592
643,509,650,670,685,586
648,510,661,664,683,593
643,498,651,665,684,589
651,511,659,663,680,589
653,509,661,670,680,592
645,503,648,667,686,583
654,505,661,670,671,592
658,507,661,664,682,592
660,505,664,656,682,595
656,507,661,671,677,589
657,506,661,671,674,589
655,508,662,657,683,587
647,500,650,667,690,580
652,507,662,658,685,587
656,513,663,654,687,589
649,494,657,665,682,584
659,503,666,653,685,587
649,491,658,665,680,582
654,486,661,661,675,583
661,506,665,654,682,585
659,494,661,664,676,582
657,511,657,657,684,576
661,495,665,664,673,578
655,490,657,666,681,576
649,499,648,662,687,570
660,504,664,662,679,569
655,506,659,660,680,572
657,514,666,652,683,574
658,511,660,669,676,570
650,506,648,657,679,571
661,510,662,653,685,569
653,514,648,665,686,559
660,512,663,653,686,568
663,503,664,654,682,569
656,510,648,666,685,558
658,509,655,664,681,562
655,509,653,668,683,558
662,509,657,664,682,561
663,508,657,668,672,565
650,511,649,665,685,559
663,496,663,666,669,569
662,509,661,654,682,567
650,506,647,665,684,558
661,509,660,655,684,563
652,498,652,660,683,559
652,504,647,665,683,557
654,505,649,667,684,556
666,487,664,663,668,563
662,505,661,654,684,562
664,501,666,653,682,564
655,492,655,661,681,559
651,505,649,666,683,552
661,506,659,665,679,558
651,502,649,662,686,553
663,496,663,668,670,559
652,497,648,666,685,550
663,500,659,662,675,555
655,499,648,667,685,545
663,491,663,666,684,544
664,489,664,653,683,553
663,470,661,662,679,551
653,485,660,662,681,549
663,470,663,667,671,552
660,478,658,662,677,545
660,486,652,667,681,545
665,476,663,666,670,552
662,485,660,668,675,553
649,491,650,668,682,540
654,490,650,667,684,552
657,475,657,660,683,550
660,489,659,662,676,551
652,485,647,665,685,550
658,475,657,660,679,551
664,486,663,652,681,556
660,489,658,657,682,551
656,492,648,667,680,554
651,481,647,662,686,547
660,488,658,669,677,552
662,489,659,655,683,554
652,488,649,666,684,546
662,484,663,651,683,556
654,478,649,659,686,546
665,466,663,663,672,557
652,483,647,665,684,546
664,484,660,662,677,552
659,485,649,665,683,548
663,484,659,662,677,555
657,466,650,662,678,554
652,476,648,662,686,547
664,478,663,651,684,558
657,464,657,661,680,553
660,469,661,666,671,558
667,476,661,655,681,553
664,475,659,651,684,558
660,480,658,661,676,553
661,478,659,655,683,557
657,481,659,658,683,557
664,464,662,664,673,561
662,479,660,655,688,559
662,476,659,654,684,560
664,482,660,649,686,559
666,483,652,663,681,551
664,478,659,665,671,557
651,483,647,665,684,549
660,481,664,652,681,558
648,481,648,666,684,550
659,471,646,666,684,551
662,483,662,651,685,561
653,482,653,663,681,551
663,484,659,667,671,558
665,483,658,657,680,557
659,489,657,660,680,557
666,488,663,655,680,561
665,489,664,649,685,561
665,490,664,654,682,556
666,491,664,653,683,558
648,492,647,667,683,560
665,487,660,665,672,558
654,488,655,663,687,552
664,492,662,651,680,560
667,494,665,652,683,560
664,481,663,665,673,559
663,496,662,652,685,558
653,499,647,665,682,549
664,488,663,666,670,557
660,479,653,661,680,555
664,478,659,661,675,557
662,486,662,666,679,558
664,496,661,667,669,557
667,491,664,665,670,560
664,492,662,665,673,556
653,490,652,661,688,553
660,498,653,663,680,554
662,484,658,663,678,559
659,500,659,661,680,556
653,500,662,651,684,561
663,498,659,659,681,559
654,489,649,661,686,553
653,494,650,664,682,550
662,483,659,663,686,551
656,499,647,664,684,552
667,487,664,655,677,557
655,498,650,664,682,553
662,499,659,654,683,560
659,498,652,664,683,554
665,496,657,660,679,559
661,497,656,662,677,556
663,497,658,661,681,558
663,497,653,664,684,559
664,484,662,665,671,561
663,498,655,661,685,562
664,495,661,653,684,561
654,491,650,661,682,553
662,498,659,654,683,552
660,500,649,665,682,555
667,492,664,652,681,564
664,494,659,652,685,563
654,487,647,663,687,563
664,494,661,650,686,566
654,493,648,662,684,555
661,495,658,657,680,561
665,494,661,650,683,565
665,495,658,666,674,558
662,497,658,654,684,562
665,495,660,651,683,562
664,494,665,655,681,562
662,497,657,660,679,561
664,493,663,650,686,564
664,483,662,662,673,563
653,487,652,660,684,555
650,488,649,661,683,557
664,492,663,651,683,565
653,488,648,661,685,554
664,491,661,650,683,562
668,497,654,659,680,559
660,483,654,660,682,559
658,497,649,665,683,553
662,480,645,663,685,553
660,496,657,662,679,560
664,493,658,654,683,563
667,497,660,657,680,560
657,485,656,660,679,562
659,497,653,663,678,554
654,497,647,665,685,555
664,478,660,662,673,563
665,493,661,651,685,564
663,495,660,650,685,564
664,498,658,659,677,563
665,483,663,667,670,566
668,495,663,652,680,567
662,492,656,656,682,565
667,492,660,665,678,558
660,497,657,663,677,565
665,493,664,651,681,565
666,484,661,664,671,568
664,497,655,649,682,566
664,495,664,652,679,568
662,498,656,663,680,566
666,477,664,662,672,569
654,489,649,659,685,562
656,491,658,665,669,566
662,481,660,662,674,568
664,495,661,651,685,568
663,482,657,658,681,566
656,491,651,660,687,562
661,495,655,656,679,565
663,479,661,663,670,568
664,492,658,664,670,567
663,494,658,650,681,567
660,480,662,661,674,569
666,488,661,655,679,568
655,488,653,660,683,569
662,491,661,650,683,568
663,492,660,652,685,569
663,492,659,651,684,568
664,480,662,662,669,567
661,495,651,656,674,566
664,486,660,665,671,571
654,490,647,665,681,566
665,479,659,660,672,568
657,481,653,653,678,562
654,488,649,662,684,564
665,492,656,660,679,568
661,493,658,662,675,569
662,492,658,663,675,562
666,488,659,656,679,570
658,480,653,660,675,567
664,489,662,648,684,571
657,478,655,660,681,567
662,478,663,663,671,572
667,486,662,651,681,574
660,490,656,665,674,569
663,487,658,664,675,572
662,487,660,654,677,573
665,484,661,651,683,574
652,484,647,663,686,566
664,483,662,653,681,571
661,482,659,655,682,572
659,463,656,659,677,572
666,469,663,663,671,576
664,468,657,660,677,568
650,481,645,659,683,565
656,471,652,660,684,564
664,480,658,661,685,569
651,484,649,664,681,559
662,467,662,664,673,563
663,476,661,664,671,563
656,483,651,666,683,557
655,472,654,660,681,560
664,483,663,653,681,568
663,479,662,665,673,563
659,491,657,658,682,560
663,485,661,666,671,563
664,481,661,664,672,563
655,481,657,662,683,557
664,488,663,663,670,562
664,490,660,666,671,559
657,478,657,662,683,559
652,489,647,664,685,550
663,487,662,660,680,560
655,485,649,661,685,554
657,480,654,660,684,556
663,488,663,666,672,560
654,485,653,661,685,554
656,479,656,661,678,554
663,487,660,666,671,554
661,491,659,665,673,553
667,488,664,652,683,555
662,475,663,662,674,554
661,489,658,664,687,553
661,470,662,661,676,553
663,478,660,666,675,552
657,468,656,660,682,552
658,468,655,661,684,552
653,473,654,661,684,547
660,470,663,665,685,547
664,479,665,659,680,554
661,465,661,662,678,548
663,476,663,652,683,558
659,476,665,652,686,560
662,480,656,664,673,558
657,481,659,658,683,556
659,481,653,663,682,552
653,480,648,664,686,550
662,480,661,660,680,558
660,481,650,662,680,554
664,481,662,653,687,562
664,471,662,664,671,560
666,476,664,650,682,562
654,482,650,664,686,554
661,481,659,663,684,563
661,479,658,662,679,557
661,481,664,663,674,562
666,476,661,657,681,560
664,480,650,667,684,554
664,464,664,663,676,563
657,463,652,659,684,558
656,469,651,661,688,559
661,480,656,664,683,556
664,471,663,652,687,563
653,477,647,665,686,552
664,472,663,651,687,563
654,470,649,656,682,563
654,481,650,664,687,553
665,479,660,664,685,555
658,464,657,662,684,559
664,474,663,665,672,562
657,465,657,660,685,559
667,470,660,664,672,563
659,475,660,655,681,565
664,476,647,664,688,555
659,478,657,658,681,561
659,477,656,661,681,559
663,476,660,652,685,562
653,478,646,666,685,555
663,476,659,652,686,561
664,473,664,654,684,566
651,476,647,663,687,554
654,466,652,660,686,559
666,475,660,651,683,566
659,477,656,658,678,562
663,476,658,651,685,565
666,476,654,661,683,560
664,474,661,665,673,565
664,464,664,663,666,566
653,479,648,664,686,556
663,464,662,662,679,565
664,470,661,665,673,564
652,465,656,659,678,561
651,483,662,664,687,559
664,465,661,662,675,568
664,464,661,661,673,569
657,467,654,658,683,561
668,471,658,655,677,572
666,478,659,657,679,567
650,476,647,662,684,561
662,478,660,655,679,570
662,479,658,662,678,570
665,467,662,664,669,572
660,464,659,659,677,572
657,465,662,660,671,574
664,463,660,660,677,574
664,478,661,649,684,574
657,465,654,663,678,572
663,480,660,654,684,573
663,477,660,649,683,573
664,479,660,655,679,570
653,474,648,659,683,561
664,476,661,647,683,574
665,477,658,643,683,572
655,472,648,663,685,570
663,480,659,664,676,571
652,475,647,660,686,566
667,467,664,661,670,575
651,475,647,662,686,564
663,478,660,652,683,572
659,478,657,657,680,570
663,478,656,659,677,572
661,476,660,657,679,573
663,477,658,658,671,572
663,479,660,650,684,574
665,470,662,662,668,573
666,476,663,647,680,575
664,477,662,647,681,572
655,476,648,659,685,565
662,479,658,652,680,569
655,482,649,662,684,571
658,479,660,650,683,575
660,474,658,662,671,564
654,482,645,661,684,564
652,477,646,661,682,575
666,473,659,662,671,573
662,480,659,661,675,571
667,475,664,662,681,564
663,479,656,651,681,574
661,479,659,651,683,573
664,474,659,649,684,574
667,472,661,663,671,574
654,469,652,661,680,569
662,478,656,666,675,572
666,473,663,649,680,572
665,455,661,662,672,574
666,475,657,653,678,573
664,475,657,654,679,572
664,469,661,664,670,573
668,467,662,650,682,576
666,472,662,650,679,576
659,460,659,659,677,573
655,478,649,661,681,564
665,471,660,662,671,574
666,461,661,661,671,574
653,477,647,661,685,577
663,475,658,662,675,573
657,469,660,665,671,575
659,477,655,660,679,570
658,479,649,662,682,564
668,473,664,650,680,576
654,477,664,650,681,576
657,469,653,659,680,572
664,475,658,647,681,575
662,484,657,651,678,577
661,484,657,660,677,573
664,484,656,657,676,573
662,469,658,659,676,576
663,474,647,659,683,573
662,484,657,660,674,577
664,478,660,647,684,580
665,484,657,658,674,578
660,481,653,658,681,574
651,473,651,659,684,575
660,472,662,660,671,579
659,486,652,648,681,583
663,489,651,659,679,576
659,491,649,661,679,574
663,492,658,656,680,578
666,478,661,660,666,583
655,494,648,662,678,574
667,489,661,648,677,584
663,495,656,657,675,581
665,492,658,664,667,580
667,485,656,658,673,583
666,481,658,661,666,585
666,494,660,652,673,582
651,488,646,658,676,577
654,496,646,661,680,582
654,487,643,655,680,574
663,500,657,664,671,580
654,481,647,658,675,573
665,495,657,658,668,580
666,475,658,659,664,581
660,495,646,662,676,571
655,483,647,657,681,571
660,493,652,660,674,575
665,489,650,659,665,580
666,487,662,646,675,581
660,478,655,662,665,579
653,487,648,660,678,570
658,480,653,658,673,574
662,492,656,655,675,578
667,483,660,661,662,580
666,473,662,661,663,580
653,488,648,658,678,569
667,491,658,653,675,580
667,486,660,647,677,579
662,491,653,649,675,579
668,489,658,651,672,579
656,489,647,661,677,568
664,484,658,662,664,576
653,479,646,658,678,568
660,485,654,659,674,572
654,467,654,657,673,574
664,479,656,654,673,574
659,482,652,659,670,572
665,478,654,659,673,571
666,476,661,660,664,577
654,474,646,656,666,576
666,474,661,659,658,577
666,478,658,654,668,577
654,471,650,655,676,573
662,485,657,652,671,576
662,481,660,648,677,578
661,485,659,661,666,577
664,468,655,659,672,578
655,484,645,659,675,569
667,478,663,646,674,580
666,478,662,647,673,581
666,473,658,662,664,578
665,479,661,647,676,579
664,484,660,657,665,575
655,477,646,657,675,573
664,470,661,658,665,578
665,470,662,659,663,578
655,471,654,655,674,572
667,476,662,661,662,579
661,467,654,656,670,573
660,466,656,655,672,573
663,473,657,651,672,576
654,479,647,659,677,567
668,476,663,647,672,579
668,476,658,651,673,568
658,478,647,661,675,566
664,477,660,649,677,576
661,462,658,657,676,574
662,475,656,656,673,576
653,473,646,659,670,574
665,475,660,650,675,577
659,463,657,656,671,574
661,473,659,648,676,569
662,476,658,653,674,575
655,479,647,656,674,565
666,472,662,653,672,578
652,472,647,659,677,568
662,476,657,658,672,573
658,476,652,659,674,569
654,472,657,657,678,570
667,458,660,658,664,578
668,461,663,661,664,578
657,458,653,655,677,572
661,453,658,656,671,569
669,464,662,647,673,574
668,464,657,652,672,576
664,465,659,646,672,575
653,461,647,659,680,567
667,463,659,653,667,576
656,457,654,657,679,573
666,452,664,660,661,578
653,456,651,658,674,569
661,450,657,656,670,575
664,462,654,654,673,574
664,468,659,655,672,573
664,445,658,657,668,571
666,461,664,658,661,575
669,465,663,647,674,579
667,463,664,647,674,578
666,463,662,646,677,579
663,467,658,659,665,577
655,457,651,657,674,573
653,462,648,659,677,570
667,454,661,658,665,579
658,451,655,657,673,569
663,466,658,650,674,576
655,452,648,657,677,572
653,455,652,657,678,570
659,451,657,655,670,576
654,459,647,658,676,567
654,463,648,659,675,568
654,459,645,658,675,578
664,459,662,661,661,575
653,462,646,658,676,568
669,456,662,661,661,575
664,465,659,661,665,573
662,464,653,655,671,573
664,462,661,645,674,577
662,465,657,655,675,571
667,449,651,656,672,572
667,461,661,654,670,576
666,463,660,662,662,575
656,458,660,661,659,577
667,459,660,661,660,577
655,460,647,657,676,568
663,467,654,656,671,572
663,458,660,648,672,578
659,455,653,655,672,574
662,468,657,653,671,573
668,471,661,648,671,577
663,469,656,657,666,575
668,465,663,649,671,575
665,465,659,660,673,567
654,468,648,660,675,567
667,465,661,644,675,579
664,468,659,660,660,575
665,465,662,662,660,579
652,467,645,657,674,578
669,466,662,647,672,579
663,467,661,645,673,580
667,463,661,660,660,575
668,462,663,661,661,578
663,472,656,652,669,575
654,468,648,658,676,570
663,473,657,660,664,576
668,471,662,647,671,576
652,461,655,656,674,571
661,470,658,649,673,576
656,476,651,660,673,569
667,470,660,661,662,573
649,475,647,658,676,563
670,475,661,651,671,565
663,476,657,659,669,568
654,471,648,657,678,559
662,471,659,660,669,564
665,474,661,645,678,568
661,474,660,648,680,565
662,473,660,654,678,565
655,478,657,657,675,558
645,478,647,662,681,550
654,479,654,658,675,555
657,471,659,657,669,556
643,474,647,646,683,558
657,476,659,653,680,557
646,478,651,662,682,547
641,471,646,661,686,548
651,475,657,663,680,554
649,478,656,655,681,553
654,472,659,661,672,557
650,459,658,658,677,558
644,475,645,661,686,551
658,462,657,662,669,561
658,476,654,662,677,558
653,479,655,660,680,560
650,479,649,663,683,552
657,471,660,663,686,560
658,477,665,653,682,560
645,476,645,663,684,551
657,475,657,656,679,560
648,475,647,662,671,561
660,467,662,663,673,561
646,478,647,662,684,550
658,476,662,663,684,551
660,467,661,664,671,558
655,479,651,662,683,559
660,476,659,649,684,557
659,473,662,664,673,557
658,465,662,662,671,561
658,477,660,657,670,558
661,479,662,648,683,562
647,482,646,661,685,550
657,481,657,659,680,557
661,475,660,647,686,560
654,465,654,658,680,556
662,476,660,655,682,561
657,465,653,658,682,558
659,479,656,658,683,555
658,480,654,658,680,558
660,479,657,659,683,563
659,475,656,661,680,560
663,478,657,652,681,561
651,470,648,648,684,565
659,479,660,653,686,565
662,473,660,663,685,554
657,482,651,663,684,557
656,467,656,658,680,562
661,480,662,648,686,566
647,483,647,662,685,557
659,483,658,657,679,563
659,467,657,659,681,561
664,479,662,659,683,562
665,486,659,659,675,566
662,482,659,653,681,569
652,475,653,658,688,562
650,488,647,662,682,560
651,495,647,658,686,560
661,498,656,660,681,570
656,488,649,658,681,569
655,487,651,659,685,567
651,497,643,659,687,561
660,507,657,660,679,567
660,505,656,662,674,567
662,491,661,661,672,570
654,499,648,659,684,562
665,507,661,661,669,570
662,504,660,663,673,567
654,501,647,660,685,561
663,509,658,658,681,567
667,506,662,651,682,569
666,508,661,651,687,567
662,511,654,658,683,561
655,499,655,657,683,563
666,510,656,658,677,564
666,503,663,662,670,567
661,513,660,650,684,563
663,513,658,653,682,561
653,511,662,661,682,555
666,515,664,647,683,560
658,519,647,660,686,548
665,516,655,658,681,553
666,520,646,662,683,544
666,507,660,659,674,552
657,504,655,658,680,551
664,519,656,656,682,551
657,511,651,662,680,548
669,518,652,661,682,543
660,522,648,660,686,540
658,510,654,660,679,547
655,515,655,659,676,549
662,525,662,649,681,546
658,511,655,657,682,544
662,521,649,663,683,538
665,520,662,651,681,550
662,524,647,660,684,540
655,527,648,660,686,543
664,511,659,663,685,550
657,518,660,660,674,548
658,530,645,660,685,542
663,524,659,647,685,553
663,514,661,661,670,554
660,513,662,662,672,555
665,514,660,662,671,552
655,525,657,659,680,549
658,515,661,659,674,554
659,513,663,661,670,547
659,515,663,661,671,552
662,531,660,648,684,552
655,531,646,661,684,544
659,529,643,661,685,544
662,532,646,661,685,540
664,531,659,653,682,552
666,528,645,662,683,544
655,532,647,659,686,545
663,528,645,661,685,542
668,514,656,657,682,545
666,509,660,653,680,553
665,510,659,653,679,555
655,498,646,661,684,550
666,488,662,659,670,559
668,486,660,659,671,560
662,484,658,659,675,557
662,484,653,657,677,555
664,493,648,647,681,557
669,488,663,649,676,560
658,492,657,657,675,552
660,473,658,658,672,559
660,487,657,657,671,555
652,488,648,662,675,548
652,474,654,659,672,551
665,474,662,663,662,558
649,484,646,657,677,545
651,482,647,658,678,551
662,489,663,647,675,556
662,491,661,649,672,552
651,485,650,659,675,549
661,497,660,649,676,555
656,501,658,662,670,553
649,495,646,660,677,544
658,500,661,650,678,554
663,494,661,664,665,554
658,502,664,650,674,543
663,501,663,658,674,550
658,510,655,662,673,549
659,516,655,662,678,546
653,510,653,659,678,552
646,521,660,659,668,555
654,530,646,663,677,561
652,520,659,655,677,556
654,532,659,653,672,563
652,533,659,659,673,560
649,535,663,654,672,566
634,534,658,659,672,563
648,540,665,652,673,566
646,544,662,653,676,560
642,529,664,656,671,568
646,541,658,659,671,565
648,544,663,650,673,570
649,543,649,666,673,557
648,539,657,655,669,568
642,532,662,660,658,571
654,536,659,662,664,568
655,535,658,661,664,568
650,542,648,652,669,572
645,537,659,659,662,571
652,544,663,651,666,573
659,542,655,663,664,568
651,534,662,666,661,574
660,544,667,655,659,574
655,549,660,654,657,573
651,551,647,662,664,569
656,534,663,664,645,580
658,545,660,659,654,579
652,552,649,662,656,575
660,549,651,661,653,575
662,547,657,659,647,579
662,548,654,662,651,579
661,550,651,662,650,578
658,549,661,665,638,588
653,552,648,661,651,582
661,548,648,665,647,579
657,547,658,654,646,587
663,546,650,661,642,592
663,544,656,660,641,584
662,544,661,653,641,594
655,548,648,659,644,584
658,532,662,650,638,596
664,531,661,661,632,596
655,545,648,661,644,585
667,543,653,662,638,590
656,546,662,649,640,596
653,542,652,658,636,591
665,538,662,656,636,595
664,535,649,660,636,585
667,532,656,659,636,590
657,520,663,661,627,596
655,524,660,660,629,593
666,526,657,658,631,591
663,532,662,648,636,592
658,519,662,659,628,593
664,523,658,652,636,592
666,528,656,654,630,590
654,524,657,658,634,589
653,528,658,658,630,591
653,530,656,657,631,590
665,529,663,646,630,590
663,517,660,663,625,588
657,522,661,650,635,586
668,534,651,662,629,572
666,534,651,645,637,574
662,534,659,647,640,567
665,528,658,653,636,569
667,514,660,664,631,566
665,518,659,659,632,562
666,521,656,657,637,559
655,521,652,656,638,558
664,519,657,654,639,561
668,513,657,661,633,560
663,526,659,651,640,565
669,523,655,657,639,559
667,521,660,655,637,563
664,525,663,646,637,563
662,507,661,658,634,565
657,508,651,657,645,557
667,508,662,661,630,563
657,519,648,655,629,564
668,514,646,661,642,555
655,515,651,658,641,559
666,510,663,648,642,564
658,510,658,653,640,563
654,504,646,659,642,556
663,499,661,655,639,557
665,499,658,654,639,559
668,486,664,660,630,563
663,496,662,643,644,564
656,493,646,661,643,555
665,495,661,647,646,566
661,479,655,657,638,563
654,490,647,659,646,557
663,495,657,658,637,563
669,491,662,649,641,567
658,495,648,662,644,558
665,495,656,659,644,567
664,494,659,659,642,558
655,484,647,656,645,561
666,484,657,659,633,567
659,474,655,656,638,564
665,471,656,658,636,571
656,490,648,659,646,571
655,485,647,654,644,567
659,488,646,662,646,561
653,480,647,659,647,561
665,466,663,658,635,571
664,485,652,656,643,566
664,485,657,656,638,569
655,477,651,658,644,565
656,488,651,658,645,565
656,480,646,657,649,569
667,483,663,647,646,576
659,472,654,655,646,572
667,483,655,656,646,573
669,480,658,659,636,574
658,477,650,655,652,573
660,469,656,656,648,575
668,484,662,660,637,580
664,482,657,652,649,578
663,472,660,659,636,581
667,471,663,660,637,583
664,492,656,658,646,579
669,482,661,646,650,584
669,484,662,647,641,583
665,490,655,660,643,581
663,475,653,656,642,581
670,485,647,648,652,585
655,484,648,656,649,580
669,485,662,660,639,587
656,492,647,662,653,581
654,488,646,660,653,579
667,495,660,655,650,588
669,489,661,662,641,590
653,492,656,661,651,583
653,494,646,662,653,580
653,488,647,660,653,582
657,483,651,659,651,583
650,484,651,657,653,581
667,495,664,647,652,593
654,494,647,662,656,580
660,484,654,659,651,585
659,483,655,660,649,588
655,490,653,660,652,587
662,502,657,667,645,589
662,503,657,661,647,588
661,505,657,648,653,591
666,507,663,654,649,593
654,505,651,659,648,586
664,514,649,663,652,585
668,504,663,663,640,596
668,517,659,659,649,592
664,522,663,649,651,592
662,507,661,663,639,596
656,508,655,658,640,592
660,520,646,663,654,583
660,506,657,659,645,594
665,511,661,665,639,595
662,520,648,665,652,586
654,515,659,660,645,594
659,509,654,659,649,592
666,517,656,659,648,593
662,522,646,662,653,586
652,514,657,659,646,594
666,514,657,661,647,591
662,522,647,664,652,585
668,519,659,657,650,591
663,504,660,662,642,595
659,508,654,659,647,591
664,519,663,653,647,595
657,509,655,659,648,592
656,524,649,658,654,590
667,519,658,657,646,591
665,519,647,663,651,585
666,516,653,661,647,589
664,519,658,656,648,591
667,517,647,660,650,584
667,515,664,658,645,591
653,520,651,660,648,590
663,517,659,654,649,591
657,512,658,657,641,593
658,510,650,655,642,590
667,519,657,655,634,586
664,520,661,648,644,595
659,522,647,662,647,585
658,523,647,658,645,587
660,522,647,661,647,583
664,521,666,649,641,595
658,512,661,661,632,594
668,514,658,659,636,589
670,516,652,659,639,585
658,510,654,657,638,591
669,522,655,657,639,586
659,511,656,660,640,587
663,526,659,645,641,590
667,525,659,651,642,588
670,510,663,661,628,589
652,517,658,659,631,585
667,517,657,659,636,584
669,516,657,656,635,585
660,512,653,658,636,584
666,524,662,645,639,584
660,516,664,661,628,588
668,517,657,655,637,585
656,520,659,657,637,584
665,526,657,652,640,587
668,526,645,661,639,580
672,521,661,663,641,587
666,521,661,649,636,589
658,521,647,662,638,582
668,502,660,658,629,590
667,516,661,646,641,583
658,500,654,657,638,586
664,511,657,660,631,587
667,507,661,644,641,590
661,516,646,658,641,579
667,516,662,646,640,591
657,510,645,660,640,580
662,511,656,656,635,586
668,509,661,650,642,590
667,515,646,659,643,581
659,511,655,651,638,588
662,512,648,658,642,581
669,504,661,660,628,590
664,496,658,657,632,591
670,504,660,653,635,592
668,507,663,646,640,591
670,508,662,645,639,591
669,508,662,647,636,591
658,502,649,646,642,588
666,505,660,659,628,585
657,510,646,659,642,576
660,491,653,657,640,581
658,511,647,658,643,577
662,511,657,657,636,581
668,505,662,645,640,585
655,502,646,646,640,583
663,506,657,661,635,584
664,505,659,649,646,583
667,501,660,662,632,582
664,489,656,656,638,582
662,491,659,656,638,583
670,494,664,660,632,582
666,500,653,656,644,577
669,494,658,652,637,580
666,494,656,653,642,576
668,490,661,645,645,580
668,490,661,644,644,580
663,492,653,657,645,576
665,495,654,651,647,580
655,488,646,658,647,570
666,476,661,661,633,581
665,493,660,648,647,581
667,482,661,660,634,581
669,492,664,647,637,582
667,490,664,652,643,578
655,490,658,647,646,579
666,486,658,660,634,577
659,476,650,656,647,576
666,488,660,646,649,580
663,488,657,657,643,576
667,477,661,660,635,575
655,484,646,655,648,572
658,477,653,654,645,578
669,481,661,659,635,577
664,491,658,649,647,581
668,488,663,648,643,582
661,488,660,645,648,584
663,492,656,655,643,579
665,490,659,653,644,581
669,477,657,660,648,573
667,480,660,657,635,582
663,476,661,660,636,581
668,487,658,651,643,585
668,472,661,657,636,585
661,468,661,656,638,583
658,473,653,655,649,582
667,472,662,657,638,586
668,480,662,646,649,587
665,480,657,661,635,587
656,475,647,654,653,582
664,482,657,658,646,585
668,467,659,657,638,584
661,477,653,658,649,582
665,460,659,645,651,590
664,477,658,651,652,588
663,477,657,655,651,588
661,476,652,655,655,580
666,475,656,662,646,588
660,458,658,655,648,590
655,469,646,658,657,580
668,474,657,655,653,589
665,470,660,659,653,581
656,460,654,654,652,586
652,471,645,659,656,580
662,477,652,657,652,584
653,463,654,655,654,587
663,472,653,653,651,590
664,472,660,643,655,594
662,461,660,658,644,593
664,463,662,657,637,595
661,481,655,656,650,592
662,478,659,648,657,594
666,477,661,647,654,597
661,481,657,662,649,594
665,476,659,661,642,594
655,476,647,657,658,588
662,467,660,658,645,594
653,483,644,661,658,587
664,468,660,662,652,594
666,473,664,660,644,599
659,478,661,646,656,596
661,481,659,656,653,593
667,478,660,646,653,600
652,481,647,660,657,588
652,481,645,662,657,589
661,486,655,660,652,598
662,480,660,647,655,599
665,477,660,656,641,600
654,496,646,659,655,591
660,479,657,658,652,599
667,496,663,647,652,601
662,488,659,658,646,603
665,499,662,647,654,603
652,498,649,658,654,596
652,507,647,659,656,591
659,509,656,656,652,601
653,496,653,656,652,597
651,501,643,659,659,593
662,508,659,646,657,603
661,504,659,662,648,600
657,495,656,657,652,600
662,501,660,662,642,601
662,505,659,661,644,601
662,513,645,660,656,601
660,512,644,662,656,590
660,513,659,650,653,601
653,503,654,655,654,597
653,497,653,657,653,599
663,507,660,662,642,602
660,514,657,664,646,600
662,511,661,649,648,602
663,502,661,661,642,602
662,508,662,648,654,603
662,511,657,646,653,602
662,510,658,660,642,601
658,503,657,657,645,600
660,517,660,647,654,602
662,514,656,655,650,599
662,511,660,647,655,601
660,513,655,657,650,597
652,518,647,659,652,600
655,519,644,657,652,591
654,503,658,657,646,600
657,519,658,645,655,598
662,501,658,658,644,594
661,518,661,649,650,597
665,518,642,658,652,589
660,515,662,646,652,598
666,509,659,662,645,595
668,517,655,655,647,594
662,512,659,642,649,596
651,512,653,657,649,591
650,512,645,659,647,586
662,514,662,646,650,598
660,516,662,646,649,598
663,506,658,656,644,587
654,508,646,659,649,589
652,517,653,656,647,594
663,515,646,662,647,587
661,516,659,649,646,595
660,515,657,644,648,597
665,513,657,652,642,599
665,502,661,661,633,600
662,518,649,660,644,592
665,516,664,653,640,602
666,512,655,662,638,597
654,522,651,656,643,597
662,521,662,648,644,599
665,515,657,653,642,598
667,515,661,648,639,602
668,514,652,659,642,595
656,519,645,659,646,591
662,518,658,652,641,598
657,506,657,658,645,591
656,505,651,658,643,594
656,517,647,658,645,591
653,513,651,655,643,591
662,513,659,645,642,597
665,496,658,658,632,595
664,511,654,656,638,594
667,497,661,659,628,596
661,495,658,659,635,597
668,502,658,660,629,595
664,508,658,656,639,594
664,503,659,649,642,595
665,486,659,657,630,594
665,493,659,659,627,591
664,497,658,650,641,591
664,496,658,648,644,591
666,496,654,652,632,585
666,496,662,646,638,593
667,499,661,646,639,590
663,500,658,648,639,586
664,503,657,648,639,581
663,505,656,657,633,581
667,498,661,660,639,575
663,508,657,654,636,578
666,492,661,657,627,578
663,508,659,648,638,576
664,510,657,654,633,575
662,492,658,655,631,576
662,511,656,655,631,572
668,505,661,651,634,575
661,496,653,657,631,569
664,509,660,653,633,572
664,505,659,647,637,574
667,495,661,660,624,573
657,498,653,655,634,571
667,504,658,653,634,575
668,507,661,645,636,575
666,497,661,658,634,567
665,511,658,649,637,573
662,513,662,659,626,574
663,512,646,659,637,565
668,498,661,659,625,574
667,508,662,649,636,575
662,495,658,656,631,575
668,506,659,661,626,574
664,509,654,657,634,568
668,497,659,659,625,577
662,507,656,657,636,575
655,495,647,656,637,570
668,485,660,658,624,576
657,493,647,657,639,569
665,491,654,660,629,573
668,489,657,643,636,574
666,489,658,656,630,571
669,485,658,659,626,574
658,496,648,659,639,563
659,493,646,659,637,573
665,491,659,645,637,575
665,486,660,661,626,574
667,490,659,660,627,573
666,478,662,660,630,575
665,492,657,652,635,572
655,483,646,659,637,563
670,491,659,648,636,577
666,491,662,646,638,577
661,494,658,656,632,572
669,494,661,648,636,576
664,497,657,658,632,570
651,495,645,659,639,565
668,495,658,657,629,570
663,497,655,656,626,570
649,493,644,659,641,563
664,493,657,644,635,573
667,497,660,650,636,569
663,499,652,659,637,565
660,486,656,656,632,570
666,495,661,656,634,568
669,500,662,652,635,569
662,509,653,655,636,562
668,499,661,662,625,564
660,492,655,655,635,562
667,500,659,659,625,559
660,496,655,655,633,561
665,508,659,651,635,560
670,504,660,658,626,562
662,512,658,647,639,562
668,508,660,647,636,568
661,514,661,647,635,566
657,527,645,658,638,555
654,523,657,655,632,568
667,522,656,657,632,567
665,520,659,660,628,566
665,534,661,650,640,568
663,538,646,657,641,557
669,535,651,657,638,565
658,540,659,643,644,568
662,540,660,645,642,572
663,539,660,644,642,573
648,535,652,655,640,566
665,537,647,657,642,562
667,522,657,660,633,571
664,534,662,645,640,572
667,519,658,659,632,572
662,533,660,645,644,576
659,532,645,659,646,565
663,530,645,659,643,565
660,528,640,654,644,567
660,526,645,659,645,567
662,523,661,646,639,578
660,526,646,657,648,577
663,525,645,656,646,571
663,525,660,644,646,581
661,524,658,644,647,580
652,521,651,653,644,576
662,521,645,658,647,573
666,515,661,652,642,584
661,515,657,652,646,581
651,509,645,656,648,577
667,507,662,650,641,584
665,505,660,651,641,582
664,499,659,659,634,583
654,505,646,659,647,576
664,505,653,654,645,581
668,501,660,645,645,589
665,499,659,659,635,586
668,503,662,647,644,585
665,501,662,647,644,590
663,504,655,661,638,585
665,491,655,658,634,589
663,501,659,659,635,588
654,496,649,654,651,582
661,498,654,659,639,586
662,504,658,646,649,588
666,506,659,649,646,587
661,507,658,648,648,589
662,508,656,660,639,586
660,510,651,652,643,584
664,512,657,653,646,586
662,514,662,646,648,593
664,512,657,651,646,591
662,518,664,647,649,592
652,522,657,655,646,589
652,526,656,656,650,586
662,529,657,654,651,582
660,529,659,654,654,587
661,527,658,657,652,586
656,534,663,646,659,590
660,531,653,660,656,582
659,519,659,662,649,584
659,528,655,652,655,588
642,527,659,656,655,589
659,529,659,654,660,585
654,534,663,648,664,590
654,536,661,647,664,587
657,527,659,656,658,588
655,513,660,662,652,591
655,518,665,660,652,591
659,530,657,652,661,589
659,524,659,661,660,589
647,527,659,657,661,588
654,513,665,661,652,587
652,534,648,661,666,580
661,519,660,660,651,585
657,528,653,660,659,586
661,529,659,656,659,584
660,532,659,657,660,583
654,521,663,660,652,586
660,531,658,654,662,583
649,530,655,656,663,581
663,525,657,660,662,583
664,529,648,661,665,581
651,527,653,657,660,578
658,515,665,660,653,582
662,527,657,653,664,576
650,525,657,656,658,573
665,524,657,657,660,571
653,520,658,657,656,573
657,529,648,656,666,565
664,524,661,654,662,572
664,524,648,661,664,563
660,526,647,657,662,564
654,522,658,657,659,571
661,528,664,646,664,575
656,527,648,659,662,563
664,523,648,659,664,564
663,507,662,657,656,573
655,526,648,658,666,563
665,512,659,651,660,567
662,524,660,651,664,569
652,523,655,657,659,567
668,521,658,656,659,564
658,512,662,659,652,571
664,523,659,650,663,569
663,519,659,651,663,568
660,503,657,652,656,567
662,525,660,646,665,569
664,516,657,653,659,567
665,507,663,658,650,569
662,523,664,646,662,571
661,521,648,660,666,561
667,515,650,660,662,561
658,502,659,657,654,570
666,512,655,658,661,563
662,514,664,647,660,571
667,509,650,656,667,567
665,499,663,660,647,568
658,514,647,657,664,559
658,514,647,657,664,558
663,510,662,646,663,568
666,503,663,660,650,569
665,507,664,645,663,568
661,495,658,652,656,564
655,511,648,660,662,556
664,493,661,658,650,566
661,508,661,646,663,567
655,495,653,655,665,559
661,507,659,654,658,562
658,511,649,660,660,558
655,511,654,646,661,568
662,495,660,653,654,566
665,505,663,654,660,567
666,504,663,647,655,568
666,503,662,650,660,566
662,510,656,660,655,564
666,505,663,646,661,566
667,509,658,656,657,562
666,507,662,650,658,568
664,510,660,645,662,568
666,507,663,646,662,567
662,510,656,657,660,559
665,511,659,646,663,566
649,505,646,656,663,557
664,507,663,645,656,566
662,515,661,646,663,566
653,516,653,656,660,562
654,526,650,656,664,559
653,515,661,656,652,563
655,524,657,654,657,568
663,535,663,644,663,569
655,544,646,654,664,563
664,533,661,659,649,567
659,552,660,646,664,570
654,553,649,655,666,563
667,551,653,652,660,562
665,554,644,659,663,558
653,555,650,657,662,561
662,556,659,648,662,564
658,558,663,644,661,567
659,537,662,655,651,565
664,555,650,658,658,557
663,557,662,644,659,564
662,553,663,644,661,564
661,555,650,659,660,556
664,558,650,659,661,552
654,558,653,655,663,555
657,543,664,658,649,562
659,558,647,659,661,552
662,557,647,658,662,552
659,541,662,659,648,559
652,550,652,653,657,557
652,553,655,654,655,555
664,554,663,644,658,558
663,550,657,652,659,556
658,543,663,657,650,562
667,550,660,644,661,560
663,554,663,647,659,560
665,538,659,658,645,557
653,554,652,654,664,553
661,554,661,643,664,557
665,545,657,652,659,556
665,538,661,659,650,558
662,547,659,660,651,557
664,547,661,654,660,558
666,545,663,650,655,559
655,541,656,657,660,559
665,533,652,656,657,551
653,527,659,656,654,554
663,534,664,644,659,555
654,538,643,654,662,545
660,534,661,644,658,554
662,522,664,645,658,551
653,532,652,652,661,546
656,532,647,655,662,546
657,531,660,648,662,553
666,528,657,652,658,551
654,521,655,655,661,551
667,511,663,654,652,554
658,531,657,649,660,552
652,528,656,654,656,552
668,529,649,657,660,546
666,516,659,660,652,554
661,529,657,648,660,556
661,530,661,643,660,558
667,525,658,653,658,555
655,512,662,655,651,561
661,526,660,644,661,563
659,523,659,644,660,563
665,503,662,657,649,565
666,513,658,646,663,566
660,502,657,652,656,566
658,500,655,654,654,565
660,497,654,653,661,565
661,509,654,655,655,565
651,505,645,657,663,560
661,508,658,649,661,570
666,503,664,650,657,571
666,495,661,658,650,569
654,493,649,654,663,565
667,498,660,658,649,573
666,492,661,657,649,574
666,497,658,641,663,574
665,494,660,658,648,573
658,506,657,655,657,572
653,504,647,659,662,566
667,501,653,656,660,566
659,503,648,657,657,566
658,487,656,653,658,572
667,497,663,647,657,574
662,494,659,651,654,572
661,504,656,653,659,578
660,500,653,656,659,573
660,482,654,652,659,578
666,481,661,655,649,582
654,494,647,653,662,573
663,493,656,649,658,584
661,501,655,655,658,579
665,492,661,644,658,580
654,495,642,657,660,576
659,483,657,652,655,582
666,493,662,642,662,584
648,492,645,656,663,573
653,493,661,644,661,585
665,483,662,657,648,585
663,479,661,654,651,584
664,496,657,660,654,584
666,484,658,657,649,586
666,489,661,643,660,584
665,487,661,657,649,584
661,496,657,650,660,582
662,495,652,656,659,576
651,489,647,656,664,574
662,494,657,654,658,581
658,493,651,654,659,577
657,494,648,655,660,577
659,479,655,653,658,583
662,492,656,657,654,582
667,488,660,648,658,587
665,493,658,645,663,584
662,478,658,653,653,585
653,482,652,650,661,578
663,490,658,656,649,585
664,480,662,656,651,585
663,489,656,658,652,579
654,495,645,653,662,573
664,477,659,653,651,587
665,491,654,655,649,583
659,492,651,654,659,577
666,493,662,645,658,585
652,493,645,657,664,578
647,492,646,654,665,580
663,497,653,654,660,583
666,494,661,644,662,590
665,495,661,645,661,589
660,491,658,657,652,587
666,498,658,650,662,588
664,494,654,658,654,583
663,495,659,658,657,586
659,499,662,643,665,588
663,498,659,645,665,587
659,502,656,653,661,582
665,499,658,652,665,582
664,487,660,659,659,586
663,499,658,660,659,581
661,499,659,648,670,583
664,492,661,660,658,582
665,497,657,646,669,585
652,488,651,656,668,579
664,497,658,646,669,587
662,502,657,658,665,582
663,493,660,659,658,585
660,498,659,649,670,584
654,489,653,657,672,580
657,502,656,654,667,584
662,501,656,650,672,586
663,487,661,659,653,582
660,503,652,658,669,578
651,491,652,655,667,582
665,501,663,647,668,587
658,507,654,658,669,582
662,500,662,657,658,589
662,501,659,660,659,586
664,495,662,660,657,588
661,506,659,663,659,588
664,507,662,653,667,587
661,504,663,647,666,590
657,504,657,661,658,587
660,507,657,655,665,588
662,494,661,659,658,591
661,495,664,642,666,593
660,500,660,647,671,590
660,490,661,661,657,594
656,503,651,659,665,586
658,500,660,648,671,594
646,491,644,660,672,584
657,498,657,664,663,591
654,499,659,647,670,593
658,500,659,646,670,597
647,498,645,660,670,587
650,505,662,646,667,598
659,499,661,647,668,598
660,499,662,658,670,590
657,488,660,658,658,598
660,502,662,653,664,598
660,500,661,649,666,601
647,493,646,657,668,594
654,507,649,661,664,593
656,505,656,652,667,600
662,502,661,647,665,604
653,502,658,648,666,602
648,504,647,661,667,593
649,501,645,657,666,594
657,505,658,650,666,603
657,505,656,659,657,599
652,493,652,660,663,599
660,503,662,647,664,604
658,504,656,657,657,601
662,498,660,652,662,604
658,503,657,655,662,601
658,498,653,653,662,599
655,499,656,652,663,601
661,491,661,648,663,605
662,479,661,659,651,604
662,488,660,661,652,603
651,495,647,662,664,595
653,482,652,657,662,598
658,494,657,652,666,605
658,494,658,662,656,602
654,479,655,656,662,603
655,478,656,656,661,600
661,488,660,662,653,604
652,482,647,656,659,599
650,482,652,656,665,600
658,468,657,647,665,605
664,473,661,659,650,605
658,474,657,656,656,604
651,492,647,660,663,605
658,489,655,658,656,602
644,490,646,661,662,594
663,485,663,646,659,605
653,485,647,660,662,595
663,477,660,659,648,606
659,487,660,647,662,606
658,468,658,653,652,604
660,474,662,657,647,604
663,483,662,647,660,605
650,485,644,659,661,595
659,476,662,661,651,602
662,476,660,661,652,604
662,481,645,661,661,599
663,480,658,661,652,603
661,471,661,660,653,607
658,486,656,656,656,602
660,471,656,658,651,606
652,488,644,659,661,595
660,486,657,660,655,602
659,490,656,653,661,603
658,487,658,648,661,607
661,491,657,655,657,601
665,485,660,646,659,609
662,486,661,647,661,609
658,484,659,661,649,605
657,491,658,658,653,604
661,491,656,649,660,604
661,475,659,656,650,603
656,493,655,655,656,598
663,489,661,647,654,603
664,479,660,660,645,598
658,483,655,656,651,593
652,495,645,662,657,586
653,498,649,660,656,583
660,499,656,656,652,589
665,495,660,644,656,590
652,496,646,658,657,581
666,495,658,643,654,591
658,502,647,660,655,581
665,497,660,662,642,586
656,502,656,651,654,586
652,496,657,653,652,584
651,502,646,660,656,574
663,493,659,660,640,584
655,502,648,660,653,575
653,494,646,658,654,577
661,502,657,661,644,584
651,498,644,659,652,575
664,500,659,646,653,586
659,492,660,660,644,585
666,496,662,646,651,587
657,485,655,655,651,584
657,485,655,655,648,585
666,495,662,647,652,587
665,496,661,649,654,587
663,497,658,642,654,588
663,497,659,647,655,586
663,496,660,640,655,584
666,492,661,645,654,588
662,496,654,656,648,585
662,495,657,650,651,586
651,488,644,657,656,579
654,492,646,658,656,580
658,478,653,655,652,584
656,478,654,656,653,585
656,490,652,655,652,583
651,487,645,659,655,579
664,487,659,647,655,589
663,486,662,659,642,588
661,485,653,656,651,583
667,478,657,648,651,586
661,476,654,655,652,584
667,470,661,644,653,591
664,469,659,660,643,588
667,472,661,651,649,590
662,475,657,660,641,581
657,473,657,650,655,591
668,471,661,643,653,593
661,462,656,655,648,591
664,474,654,653,651,589
662,478,655,652,652,590
666,474,657,651,650,595
662,477,656,657,648,591
663,478,656,649,653,592
664,475,660,646,653,596
654,479,644,659,654,583
667,475,658,646,651,594
667,469,651,654,655,594
664,477,658,650,650,594
663,472,656,661,640,589
663,483,652,650,650,592
666,474,659,659,641,594
664,476,661,644,652,595
667,480,656,649,650,596
660,482,655,653,652,596
660,464,656,657,647,595
663,480,654,660,645,592
664,465,658,658,641,594
658,481,658,646,652,592
666,480,650,654,649,582
659,481,656,646,652,587
667,479,661,644,652,588
654,473,645,657,653,578
664,474,660,659,638,584
666,478,659,646,652,586
650,478,645,660,654,573
654,475,645,656,652,577
657,470,653,654,653,577
654,474,643,657,655,573
666,478,659,644,654,581
653,479,640,659,652,571
666,466,658,657,641,580
664,466,659,657,644,579
660,467,656,655,649,580
663,479,658,647,656,580
668,481,652,651,651,577
663,483,655,658,653,580
665,483,654,651,648,579
656,468,651,655,651,579
654,482,643,658,656,573
665,475,656,661,642,582
668,476,660,645,654,585
665,466,657,658,643,584
664,480,657,649,656,584
665,465,660,645,655,586
662,481,649,658,654,576
665,468,660,658,643,586
668,477,655,650,652,585
666,466,659,658,642,587
662,480,658,646,656,587
664,478,654,655,651,581
666,478,658,644,655,587
659,460,651,654,651,586
664,479,656,660,645,585
663,484,656,651,649,587
666,470,659,659,644,588
654,473,643,657,656,582
662,484,656,658,650,588
664,485,651,654,652,582
667,482,659,646,652,589
660,473,651,654,651,585
667,471,660,657,643,589
670,483,661,658,643,589
662,487,656,652,656,586
666,469,660,659,645,587
665,484,658,645,657,587
668,483,660,652,654,588
664,481,660,646,658,587
667,482,660,645,658,587
664,485,653,659,656,580
665,469,659,658,651,588
661,484,661,657,655,576
654,475,650,656,660,581
668,469,659,658,649,588
663,486,655,651,658,584
653,486,645,659,660,577
666,476,657,656,645,584
665,479,652,654,657,582
663,483,657,647,661,585
668,469,660,657,651,587
655,487,645,660,661,578
664,482,658,661,647,588
655,485,645,659,661,579
662,484,657,646,664,588
667,468,661,660,657,587
663,485,658,650,661,588
657,473,652,654,659,585
655,485,644,658,661,580
663,467,656,655,653,590
663,486,654,659,654,589
664,481,660,644,660,593
663,483,649,660,652,589
663,483,657,649,661,589
665,484,657,646,662,592
667,485,655,655,658,587
667,484,656,654,657,588
661,485,656,656,655,590
652,481,646,658,661,583
663,485,655,658,657,586
656,481,645,660,664,582
665,490,656,654,658,590
669,481,664,646,657,594
665,471,660,657,648,594
666,470,660,654,646,590
668,469,663,657,648,593
666,479,660,646,658,594
664,483,654,645,661,592
663,467,659,644,657,579
668,480,660,645,661,593
664,481,655,658,655,586
663,484,650,653,659,585
658,484,655,653,656,590
664,481,657,648,662,591
663,483,657,652,658,591
659,468,655,654,658,593
663,464,656,657,654,593
666,473,659,658,649,594
666,469,659,658,649,593
665,481,657,648,659,591
660,483,653,657,659,588
656,470,652,656,658,590
668,476,663,651,657,595
668,474,658,658,648,595
654,479,645,657,663,585
671,479,662,646,658,594
661,483,656,654,659,589
666,483,657,661,653,592
656,487,641,659,662,582
655,475,646,654,664,585
661,481,649,658,662,586
667,476,660,660,649,598
658,478,647,659,660,588
667,470,662,658,651,595
669,476,661,659,652,594
667,483,658,646,660,593
667,481,656,651,659,595
665,476,659,659,651,593
664,484,658,654,660,583
668,479,662,646,662,595
653,475,646,656,665,586
655,472,650,655,664,585
663,481,656,657,657,590
652,466,652,655,667,587
663,479,657,650,664,592
665,464,660,657,654,594
667,471,659,661,652,594
653,473,646,657,665,587
665,482,654,656,656,594
656,483,645,659,664,589
656,482,647,659,663,588
664,479,657,659,664,589
667,465,660,657,651,599
668,480,659,654,660,599
654,483,645,659,665,589
663,465,658,654,658,599
668,468,660,657,651,601
662,481,655,661,652,596
664,484,657,658,658,598
668,480,661,646,662,600
666,476,659,659,649,600
666,480,655,651,659,601
663,469,656,656,659,595
668,469,660,658,652,604
667,477,659,661,651,601
657,485,644,657,663,591
654,478,644,657,664,591
668,478,662,644,659,600
663,467,659,645,648,599
658,484,649,657,662,593
668,468,660,658,652,601
653,484,645,657,661,592
664,465,660,656,656,602
667,479,658,660,651,600
667,465,660,658,655,603
664,480,658,661,656,598
664,484,655,656,658,598
664,466,658,656,654,600
658,464,657,655,655,600
665,482,651,652,659,597
661,468,655,655,658,598
665,465,661,658,652,602
664,480,657,656,656,600
663,481,650,659,661,593
663,483,650,657,661,592
664,466,656,655,657,600
659,468,650,651,662,599
669,478,661,646,660,601
665,477,658,648,662,602
659,468,654,655,660,598
667,477,661,645,663,603
668,481,657,655,659,597
658,476,649,660,664,592
663,483,657,648,667,601
662,474,661,660,652,600
662,466,658,654,658,600
663,480,659,647,665,600
657,467,651,656,663,593
668,476,661,643,664,602
658,469,652,653,662,596
659,479,647,659,662,592
666,462,660,657,653,602
668,475,662,645,663,602
665,475,660,644,663,603
664,481,654,655,662,599
669,475,660,648,662,604
664,478,659,647,664,603
660,479,652,658,661,596
667,475,658,659,652,600
657,464,652,655,664,597
663,478,655,661,654,598
664,476,655,657,653,597
668,464,659,657,650,601
658,465,652,656,666,596
665,475,655,651,662,601
662,478,649,657,663,595
665,475,659,646,664,604
666,476,656,648,664,600
663,478,655,651,657,596
664,475,655,651,660,601
665,474,657,645,662,598
657,478,648,657,663,593
664,473,657,653,663,599
665,473,657,652,662,600
666,471,660,644,664,603
663,478,658,649,665,600
663,478,656,651,661,600
669,462,660,658,651,603
668,468,660,660,651,597
657,477,647,658,661,592
650,477,644,659,665,598
664,478,655,650,661,600
654,480,644,658,664,591
655,474,645,658,663,591
659,463,654,655,660,597
666,480,655,656,660,598
664,475,657,646,664,601
653,473,643,657,665,593
666,476,659,644,663,602
660,467,653,653,662,596
659,470,650,654,664,598
665,478,662,645,663,602
660,472,651,654,663,597
663,479,661,646,662,601
661,487,655,659,651,600
666,469,656,658,650,601
656,485,650,656,663,593
662,480,656,654,657,597
665,497,662,649,662,595
654,495,647,655,665,586
664,492,662,658,647,587
662,509,653,655,657,580
668,508,662,651,662,584
663,509,658,659,652,579
668,510,662,645,661,578
664,507,658,660,656,574
664,503,660,660,654,568
661,512,658,650,664,567
665,510,659,660,652,564
662,518,661,647,663,565
659,519,646,657,656,560
662,518,661,646,664,565
663,519,656,651,664,562
664,511,660,657,656,564
651,519,660,655,657,565
655,535,648,657,668,556
660,535,645,658,667,555
664,533,649,655,667,553
663,530,656,652,664,556
665,531,663,652,665,560
652,534,653,656,664,556
664,530,660,658,670,560
657,523,656,654,656,555
651,539,645,656,672,545
659,538,660,644,669,554
661,533,645,659,672,534
661,529,653,656,668,531
656,516,660,657,660,538
662,525,662,651,671,536
668,525,649,656,672,521
653,521,662,647,671,527
667,519,647,660,671,521
666,519,647,657,670,523
655,522,644,656,675,522
665,519,659,654,669,528
656,523,644,656,677,523
664,516,656,653,674,528
658,524,644,657,677,523
653,509,657,656,669,531
652,517,656,653,674,530
652,518,650,655,677,525
666,517,657,655,673,528
664,508,658,657,667,532
664,513,656,660,665,528
666,506,662,656,659,535
665,513,648,659,677,525
661,517,657,651,674,535
663,515,655,653,673,534
662,517,660,647,675,536
653,517,651,656,681,534
663,508,659,659,665,539
654,511,642,659,679,531
660,507,656,660,668,538
663,513,658,642,674,544
665,511,662,646,677,544
662,507,658,661,665,543
662,517,660,645,678,547
658,517,645,659,681,538
660,515,656,643,680,544
649,504,650,655,682,543
665,510,660,650,667,552
664,511,660,651,674,552
664,512,661,644,680,553
664,509,661,648,676,557
660,498,660,656,667,558
659,509,659,661,666,556
661,492,661,657,668,561
658,513,661,645,676,558
658,511,657,651,676,558
656,500,658,657,673,557
648,504,654,656,678,555
657,500,658,644,674,550
657,508,665,645,675,564
665,508,662,644,676,564
662,499,663,658,663,563
659,512,655,655,674,560
649,501,654,655,676,558
652,497,648,655,679,556
661,500,662,661,664,564
662,505,660,661,665,564
661,511,655,655,672,560
663,505,661,657,665,563
660,512,659,649,678,561
654,496,649,658,675,559
654,500,656,656,674,561
655,513,657,659,674,560
660,516,659,647,680,563
649,510,648,659,680,553
659,495,659,656,673,563
661,513,660,646,678,564
653,501,655,657,679,563
665,508,663,645,677,564
664,509,663,646,677,564
663,511,659,653,676,557
660,507,660,660,664,560
662,513,664,646,677,563
655,512,647,658,679,551
653,499,653,655,676,558
665,510,667,651,674,561
657,512,647,657,680,550
660,511,656,655,675,557
662,512,660,652,679,558
656,515,647,658,681,548
662,511,658,657,673,556
660,510,661,649,675,556
663,509,658,652,678,556
663,511,662,645,680,557
657,511,661,650,680,556
665,509,662,645,678,556
664,507,665,659,665,556
665,508,662,646,677,554
654,513,659,647,680,553
663,497,661,657,669,553
666,507,664,660,667,553
666,510,660,652,676,555
651,510,648,660,681,545
662,507,654,655,677,547
659,507,663,644,678,556
651,509,645,658,681,545
658,500,657,656,674,552
655,500,654,656,680,548
662,512,662,646,680,555
665,508,662,645,680,555
654,512,648,658,681,547
650,510,647,658,682,544
653,504,650,653,678,548
665,501,660,656,670,555
665,514,648,660,682,544
664,515,644,659,683,545
659,499,660,656,668,552
663,501,663,657,669,551
666,503,664,659,669,554
664,516,644,660,678,541
663,519,658,647,681,549
661,520,660,645,682,550
663,504,661,657,670,550
653,511,648,658,682,540
665,516,658,656,677,544
664,520,664,649,677,541
663,524,657,652,679,540
660,528,659,649,680,539
666,524,654,658,678,528
663,531,662,648,680,527
664,514,661,661,679,525
665,527,661,654,676,517
669,529,661,649,675,520
662,535,661,647,679,513
658,536,648,657,680,504
667,538,652,658,678,505
669,532,658,656,672,509
665,538,652,659,678,502
654,540,655,656,678,509
664,543,663,641,680,513
660,542,662,646,679,513
657,545,652,656,678,509
657,544,650,655,681,508
661,539,659,650,677,513
665,540,664,647,677,516
657,538,656,657,675,511
661,526,662,655,666,514
652,537,656,655,674,513
656,540,647,658,681,509
665,537,664,644,679,518
667,529,649,660,677,508
664,534,662,647,680,518
655,532,651,656,676,515
656,520,660,655,671,522
668,519,661,652,674,522
669,516,659,652,675,526
665,519,662,647,678,532
669,513,655,660,674,526
668,515,661,650,674,539
666,521,662,647,678,539
667,504,661,659,666,543
668,511,665,654,675,542
670,511,660,642,675,542
670,506,663,661,666,546
665,515,659,646,677,549
669,508,664,646,677,549
659,511,644,658,680,543
663,519,648,660,681,545
659,517,649,656,680,547
669,510,658,652,675,551
664,517,659,649,679,553
662,518,647,659,680,543
665,521,645,661,679,542
652,514,657,658,672,555
670,519,660,652,675,554
656,520,655,657,676,551
669,517,659,660,673,553
666,521,658,653,677,553
654,521,659,658,671,554
667,513,661,662,665,555
667,512,661,661,666,556
664,528,647,662,680,547
669,517,658,664,670,555
655,522,660,657,670,557
662,523,659,665,669,554
657,536,648,658,679,551
663,518,664,661,664,559
668,534,649,661,675,550
663,536,648,662,677,548
657,537,654,657,676,554
666,534,657,654,673,560
668,518,657,661,666,558
656,533,658,656,671,559
661,524,661,657,662,564
657,540,653,656,678,558
667,536,655,659,672,555
671,535,656,656,671,560
670,537,652,661,671,558
662,540,646,660,677,556
668,530,655,657,666,561
656,533,657,658,672,563
664,531,656,660,665,560
656,539,653,657,669,561
665,541,662,650,670,567
670,533,664,652,667,568
657,534,657,656,668,564
666,537,658,654,668,568
669,534,658,662,665,562
661,543,646,658,671,557
655,539,651,656,670,565
659,542,649,658,671,561
657,531,660,657,658,570
666,536,657,655,666,567
668,525,657,663,657,569
669,531,657,652,664,572
668,526,658,661,653,570
669,532,658,654,660,569
669,538,662,652,664,571
664,526,659,657,651,572
669,525,660,661,654,571
672,533,658,657,658,571
668,544,658,659,666,569
668,542,649,659,663,567
656,533,659,656,657,574
665,525,660,660,651,575
668,539,648,660,663,572
666,546,660,646,664,581
664,528,661,660,651,579
656,542,653,658,660,576
669,540,659,654,659,577
669,540,655,652,662,578
663,527,662,658,653,582
668,529,658,659,653,578
655,542,654,656,659,577
665,547,659,645,665,580
659,533,660,657,653,583
668,541,659,651,660,578
656,533,659,656,654,580
666,530,656,647,661,576
670,522,656,656,657,573
663,513,659,659,648,579
666,511,660,656,652,577
670,515,653,657,660,571
668,508,659,653,653,577
666,518,657,654,657,572
667,517,661,646,658,579
669,507,659,656,651,579
653,518,651,654,658,576
670,518,652,655,658,574
668,519,658,650,661,576
666,519,659,645,663,580
656,506,646,656,662,570
661,511,657,662,654,577
660,514,647,657,662,570
668,499,661,657,649,581
667,511,662,646,662,583
669,504,659,644,664,583
663,509,657,652,658,582
