=~=~=~=~=~=~=~=~=~=~=~= PuTTY log 2023.11.02 23:57:59 =~=~=~=~=~=~=~=~=~=~=~=
534,609,417,482,470,635
540,622,414,484,459,631
543,619,412,488,460,628
542,619,403,480,470,633
535,600,418,481,471,622
532,602,407,487,469,630
541,609,413,487,461,627
541,619,417,482,459,633
538,622,415,480,459,632
544,620,410,479,472,626
543,606,415,482,466,622
533,618,404,483,464,635
535,624,404,487,468,633
544,619,413,473,472,629
540,615,415,482,458,632
540,603,416,468,470,632
525,618,409,480,465,630
539,624,418,470,461,634
538,621,414,476,459,626
541,618,415,479,462,631
541,611,418,474,469,632
540,618,413,465,474,632
537,626,419,472,461,636
539,620,420,467,470,632
536,621,416,479,461,633
538,619,414,481,462,631
536,622,419,469,465,636
535,623,419,469,475,631
537,616,414,482,461,631
541,609,413,473,472,623
536,624,404,477,470,634
539,616,415,481,467,626
535,622,403,478,476,635
534,622,417,477,462,631
539,609,415,476,474,633
536,622,420,467,468,633
535,627,420,474,462,635
533,625,417,476,461,635
537,607,413,480,467,624
536,620,413,465,473,631
532,606,418,478,468,624
536,608,418,480,470,634
537,614,415,470,467,635
537,618,414,482,464,629
526,624,405,468,471,635
539,615,414,480,462,631
535,615,409,474,475,632
528,611,419,478,473,632
536,621,414,469,475,631
531,625,406,482,470,637
537,611,420,477,476,626
540,612,418,480,467,625
540,614,416,481,466,627
527,619,406,481,472,635
526,619,417,472,475,629
528,624,407,482,471,635
531,620,405,477,468,636
535,620,411,470,475,632
527,607,420,477,476,625
533,625,406,481,470,631
534,624,417,477,463,625
535,615,420,470,459,635
534,621,415,478,461,633
539,618,410,473,474,632
528,616,415,478,474,634
537,623,420,467,467,635
534,622,403,478,470,635
530,612,419,478,475,630
533,607,422,479,476,626
527,611,420,478,477,630
534,618,418,478,466,635
534,614,415,483,465,630
523,619,414,481,474,636
525,610,422,477,476,629
530,605,421,478,463,626
531,620,407,478,476,633
533,605,420,480,476,624
535,612,417,481,467,629
533,618,405,480,473,636
536,616,411,476,476,633
535,605,419,478,475,623
531,620,417,476,463,634
535,612,418,481,465,629
533,617,422,472,468,633
529,604,421,477,476,627
535,594,416,483,462,631
525,589,420,477,476,632
531,581,420,478,477,622
527,609,405,480,471,634
529,602,420,468,467,634
535,595,415,463,475,631
532,602,417,477,457,633
523,592,409,475,468,636
532,600,405,474,464,626
533,603,414,473,462,626
530,604,415,474,471,625
532,605,417,465,461,633
525,612,407,472,470,636
536,592,412,460,467,630
523,610,405,470,467,633
536,593,403,463,476,632
521,593,410,467,470,631
534,624,412,464,459,630
536,611,410,471,463,627
536,598,410,470,462,627
530,617,401,471,468,637
537,600,410,472,468,625
539,619,407,458,474,630
540,615,403,464,473,631
527,622,400,466,475,625
537,595,408,472,463,627
534,597,410,474,460,632
540,607,410,471,468,626
525,609,412,470,475,636
538,583,414,460,471,631
539,596,403,466,471,630
526,607,404,473,471,627
534,598,411,467,461,627
534,620,412,471,461,632
538,606,407,468,468,624
525,605,410,472,473,633
536,610,411,471,457,633
531,621,399,473,464,634
527,612,412,470,474,630
536,607,415,471,468,633
537,608,409,474,463,630
530,607,414,460,471,632
536,590,412,471,471,624
533,613,413,469,475,624
538,621,410,474,464,628
531,612,414,470,476,635
526,615,401,475,472,635
532,613,395,471,469,635
533,618,399,470,472,637
535,600,413,461,470,631
533,620,415,466,470,634
524,612,413,471,477,624
534,622,411,465,465,630
534,627,413,469,463,636
527,617,413,471,474,629
533,587,412,472,474,622
535,615,394,468,473,633
531,600,412,471,462,634
525,590,412,472,470,627
537,583,411,473,473,624
535,616,411,473,463,633
540,622,408,464,476,633
532,622,412,472,462,632
523,601,407,473,472,629
534,611,410,476,461,632
523,603,411,472,472,630
535,609,416,464,470,633
531,613,400,469,471,633
532,615,414,474,463,636
535,603,409,476,464,628
536,617,415,472,475,623
536,628,411,462,474,633
535,621,411,459,472,634
531,630,412,475,463,638
524,633,415,470,462,635
522,633,404,476,471,636
527,628,417,474,461,635
523,603,403,475,471,637
531,616,404,470,473,635
527,600,420,472,478,628
533,608,412,459,473,634
522,620,400,475,469,635
532,626,414,461,474,634
525,612,418,471,477,627
521,620,415,472,473,631
529,622,403,471,474,638
532,608,408,467,476,633
524,624,415,472,463,634
528,617,416,467,469,638
522,615,410,474,473,636
521,609,418,473,476,632
531,604,409,465,476,634
524,607,420,472,476,629
530,607,420,462,472,636
526,619,418,472,465,639
529,609,413,468,474,628
524,600,420,463,480,630
519,610,411,471,475,639
520,603,405,472,472,631
531,604,420,469,472,631
531,608,414,473,466,638
522,605,402,468,473,638
531,599,415,471,471,629
523,597,420,468,480,630
531,610,415,471,470,632
527,612,420,459,473,638
529,594,419,469,477,628
528,620,421,461,474,640
513,614,414,469,476,641
530,616,416,472,465,636
526,622,406,470,476,640
516,618,406,469,474,641
519,611,413,470,475,643
521,599,421,466,480,630
527,619,420,467,464,639
528,615,407,468,476,639
526,618,409,465,477,638
517,613,420,470,476,640
530,621,416,458,480,638
522,608,423,466,481,641
518,615,420,468,477,637
528,609,417,472,468,635
524,616,406,472,478,639
527,610,422,462,474,640
520,613,420,466,479,634
527,623,421,463,470,639
535,616,418,472,472,630
524,623,407,470,476,640
530,621,403,467,477,638
517,620,419,467,479,635
530,624,406,469,479,639
528,623,422,461,474,639
530,615,416,471,467,637
534,611,417,471,470,632
534,611,420,460,477,636
532,611,408,465,479,638
533,608,421,471,479,630
528,609,422,468,481,632
535,623,412,460,481,638
532,618,420,460,481,636
535,625,409,463,473,635
534,623,410,465,479,637
521,615,417,470,479,635
524,621,422,469,480,634
531,619,417,471,469,637
530,626,421,462,474,642
535,622,416,459,482,638
531,606,418,475,475,639
535,618,408,468,467,641
529,598,416,476,482,640
530,628,421,466,474,639
521,616,417,471,480,637
531,604,421,471,482,630
530,617,422,461,471,641
534,624,416,462,479,638
535,624,401,466,480,637
523,624,406,475,476,642
531,616,420,471,482,634
534,620,413,465,480,637
531,628,413,469,469,640
523,617,411,475,476,642
531,623,418,474,468,639
535,609,417,477,478,628
533,621,404,473,479,636
530,623,415,478,468,635
532,619,420,462,477,635
529,623,403,472,478,640
530,622,417,468,482,640
531,616,419,463,475,638
522,612,416,474,480,635
531,616,419,464,472,638
532,624,403,473,478,642
534,616,414,477,470,632
535,618,415,465,481,635
525,624,408,478,476,641
530,623,417,471,468,640
528,611,420,474,481,641
534,618,417,463,478,636
531,623,417,473,468,639
523,625,407,478,476,637
528,613,419,473,481,630
535,610,417,477,476,629
535,624,407,471,479,638
534,622,407,470,478,637
537,623,409,470,481,636
533,623,422,469,474,639
533,610,421,475,477,628
535,626,422,468,475,638
536,626,409,475,480,640
535,621,421,466,476,637
535,607,417,478,469,631
526,627,407,479,476,640
532,621,418,468,479,634
530,624,420,471,471,638
533,623,422,466,469,639
525,616,415,474,474,638
523,625,412,480,476,641
530,626,415,481,467,636
538,609,417,479,469,632
534,615,416,479,467,636
537,615,413,476,474,628
523,627,411,478,478,638
534,624,403,473,477,636
525,626,407,478,475,639
530,622,416,481,468,635
527,625,411,479,476,639
531,614,406,475,478,637
534,620,414,479,474,636
538,605,423,476,482,626
527,615,416,476,477,636
534,621,421,470,473,638
524,612,410,481,474,637
528,623,421,474,469,637
535,618,417,466,473,634
524,611,413,479,477,639
533,613,420,471,469,639
532,616,406,478,476,637
532,614,419,478,468,637
536,600,421,476,478,629
536,613,424,466,479,635
538,605,419,480,480,627
531,609,422,475,480,630
528,623,413,479,478,637
539,610,419,478,473,629
529,602,421,474,480,632
538,610,419,467,482,634
531,611,421,469,478,637
527,608,420,476,480,634
536,623,418,466,474,634
531,622,408,479,476,640
533,617,418,480,468,633
535,611,418,481,467,636
535,604,407,476,480,636
535,614,418,471,474,636
535,610,421,467,476,635
526,609,415,481,479,636
532,615,407,479,477,636
538,611,419,480,470,631
535,610,408,474,481,632
526,600,415,478,478,632
539,613,413,467,481,631
528,614,407,479,475,635
529,619,406,482,473,635
530,618,405,480,477,634
537,615,422,468,475,634
534,619,421,467,477,634
528,620,409,482,476,636
538,600,419,481,467,630
540,610,416,468,480,632
528,604,407,482,475,636
539,616,413,483,469,628
531,589,415,478,482,627
523,617,403,480,476,636
533,606,407,478,466,633
534,616,408,471,473,632
525,615,398,481,476,636
533,611,405,468,479,633
538,599,406,481,477,625
536,605,406,482,479,623
538,608,405,470,480,631
528,610,409,481,481,628
535,611,398,480,478,634
537,588,405,482,476,622
528,599,411,474,482,629
530,606,393,483,475,634
528,608,410,482,477,630
535,611,406,484,471,627
534,600,412,479,482,624
529,606,412,480,481,627
531,616,396,482,477,635
529,602,414,478,480,629
541,611,401,477,481,633
538,614,407,466,480,632
533,618,408,475,470,636
535,611,397,479,479,634
534,616,411,481,469,633
540,605,401,472,476,633
532,602,414,479,483,626
538,611,408,485,471,630
529,612,397,485,473,632
531,614,407,484,468,631
534,616,411,482,468,634
527,604,412,480,481,631
525,609,406,484,477,635
532,609,400,478,480,624
538,605,408,483,467,625
539,611,407,472,484,632
526,607,408,479,474,631
533,618,412,469,480,630
538,607,409,486,472,627
533,624,409,478,476,634
534,622,408,477,470,633
535,619,411,471,482,631
539,610,411,470,479,632
526,613,409,475,482,629
538,606,407,484,470,628
531,618,398,481,479,631
536,608,408,486,468,629
536,615,408,485,469,628
538,612,414,470,479,631
540,612,407,484,470,626
536,614,411,466,477,629
526,617,398,485,475,635
533,617,396,480,478,632
524,616,402,484,480,633
532,618,404,479,468,632
534,614,404,471,479,632
532,611,389,481,479,632
531,596,402,482,482,621
532,612,389,481,477,630
527,599,403,481,481,625
521,607,398,482,481,634
525,616,388,484,477,634
533,606,402,485,481,622
534,610,397,470,477,631
525,603,403,481,483,623
520,609,390,485,478,636
532,611,404,473,477,632
530,617,390,478,481,632
525,609,403,482,481,628
525,606,404,482,483,626
523,613,395,486,478,633
528,617,388,485,478,633
532,615,403,476,475,633
533,622,389,479,481,630
531,608,401,486,475,623
521,621,399,486,480,632
530,626,403,483,470,634
526,623,386,487,478,633
523,616,396,485,480,635
535,617,391,482,480,631
531,596,405,483,484,622
534,607,396,481,483,629
531,601,406,484,484,621
534,610,401,486,471,625
537,619,401,474,483,630
533,619,402,487,470,630
537,621,396,476,483,629
536,619,400,488,470,628
535,597,399,485,480,623
532,612,401,481,469,632
532,619,404,484,479,626
525,604,403,485,481,629
531,604,405,482,483,621
536,612,400,487,470,625
532,619,400,484,469,629
522,614,399,482,479,630
533,616,387,486,479,632
532,623,400,477,471,633
532,623,397,485,469,632
532,613,398,469,476,630
528,621,394,484,471,630
522,600,393,482,480,630
530,606,394,487,475,627
528,611,395,482,468,630
523,591,400,483,482,625
524,600,401,482,486,622
526,603,400,481,479,622
533,612,396,472,480,631
524,614,395,487,472,630
516,617,389,486,479,635
519,622,387,487,480,633
517,618,395,486,481,635
522,601,403,482,483,627
518,604,400,483,482,626
529,607,396,475,484,632
529,600,400,474,477,629
529,618,401,474,476,633
531,608,391,485,484,633
516,611,395,487,478,632
523,606,401,485,481,623
521,602,403,479,486,626
527,607,401,484,481,623
527,592,403,485,484,625
519,611,394,488,481,634
520,610,399,484,484,629
532,601,400,477,483,631
529,601,401,489,474,628
528,598,391,480,484,631
531,582,402,485,479,625
531,614,392,475,483,633
532,611,393,481,480,633
532,590,407,485,482,625
527,606,403,476,475,634
536,605,400,472,481,632
534,603,390,481,480,635
523,608,395,484,483,628
535,614,401,482,468,632
530,616,399,479,466,632
538,619,404,473,479,632
533,614,400,482,470,633
535,607,399,488,468,630
530,600,405,480,481,627
523,600,402,481,481,630
524,600,393,486,474,637
535,604,392,477,480,632
529,607,390,484,476,635
533,585,403,483,481,625
526,597,402,480,483,628
533,598,399,486,471,630
535,617,396,474,483,631
533,597,403,484,479,624
531,605,406,473,475,635
530,604,400,473,481,633
534,614,395,485,469,631
530,597,404,482,482,624
529,624,390,485,479,635
519,630,392,486,477,636
535,619,401,484,470,627
523,628,392,486,479,636
529,625,389,483,478,636
533,618,403,471,480,632
533,593,405,482,479,625
526,623,390,485,477,636
534,620,401,467,481,631
528,612,391,485,477,637
536,593,404,484,478,625
536,584,390,481,479,633
536,611,397,471,477,634
533,617,400,473,483,632
524,599,403,482,481,632
536,612,398,487,467,626
534,613,406,472,478,634
532,613,405,478,473,636
534,610,388,484,480,634
528,609,392,486,478,636
525,601,401,482,481,632
527,592,407,481,483,629
523,588,404,481,481,629
535,619,403,487,473,628
537,611,403,485,477,623
530,609,408,482,482,627
524,613,405,483,483,629
528,623,391,485,477,636
528,610,408,481,482,625
532,620,391,483,479,634
531,611,406,482,483,625
535,626,393,482,480,635
533,620,399,484,466,634
531,614,407,483,482,625
536,624,394,478,479,632
524,623,403,482,482,631
534,630,407,477,472,637
532,629,406,482,469,635
537,620,406,471,479,632
531,597,391,480,473,635
533,619,403,487,466,633
525,597,395,487,475,636
527,601,391,482,477,635
524,602,405,481,479,629
524,610,401,484,477,633
533,615,408,472,470,634
525,610,402,480,477,632
535,600,406,485,475,625
535,603,404,487,468,632
528,591,409,482,479,626
526,614,403,483,478,635
532,614,407,480,468,635
527,603,411,481,481,628
533,606,406,481,473,626
537,619,406,486,466,632
536,618,404,475,481,633
534,619,406,486,467,633
527,595,410,482,481,631
536,612,411,471,478,632
528,620,396,483,477,635
526,604,404,484,477,633
538,606,408,484,475,625
539,604,408,483,477,622
532,617,396,481,478,632
524,608,405,484,479,635
535,619,406,486,477,629
537,607,408,485,472,626
534,630,407,487,479,623
532,614,408,470,476,633
539,625,401,473,482,632
537,615,408,487,468,630
535,621,407,486,469,633
535,619,414,476,473,635
527,628,399,485,478,637
527,618,410,480,482,631
536,625,407,474,478,634
535,607,411,481,479,625
529,606,413,480,481,628
539,604,409,482,476,625
527,618,409,484,481,634
529,622,396,486,476,636
538,615,404,474,482,633
538,618,403,475,482,633
520,619,404,485,480,639
536,617,405,486,471,631
536,624,412,471,477,635
525,610,409,481,480,631
535,615,407,486,471,631
527,615,398,484,478,637
533,615,410,477,473,635
536,614,406,485,472,630
531,610,409,480,481,630
533,625,410,476,472,635
530,628,395,485,479,636
533,626,410,480,470,636
534,611,412,482,479,625
533,614,409,486,475,627
527,611,407,481,479,629
537,629,396,483,478,636
536,627,408,487,470,634
531,630,396,487,476,637
532,618,411,482,482,629
538,624,410,482,467,634
530,584,413,482,484,627
534,614,409,485,470,635
526,613,410,484,481,634
531,607,412,483,483,629
529,607,413,483,484,630
538,617,411,474,483,638
537,619,411,487,470,639
536,609,407,475,484,635
533,609,412,481,471,639
534,617,401,485,480,640
539,622,409,476,481,636
526,623,407,488,478,638
533,623,401,483,480,639
533,624,415,476,475,640
536,617,414,473,481,637
535,611,411,489,468,639
537,590,415,485,477,629
534,617,416,479,476,640
538,610,407,479,483,637
536,620,416,477,476,639
531,628,398,488,480,641
529,613,415,482,482,634
538,615,411,488,475,634
537,623,418,474,478,641
532,609,417,484,483,632
541,618,399,481,478,637
529,600,416,482,483,635
529,610,411,483,480,641
537,615,414,482,471,638
540,620,413,471,486,635
534,607,417,478,483,633
535,606,418,479,485,628
537,611,398,479,480,640
543,594,416,482,482,629
538,601,417,478,474,642
537,618,403,483,480,640
539,625,419,473,482,639
537,624,406,482,483,638
533,603,404,484,481,642
540,621,420,470,483,636
538,610,414,483,484,637
540,599,414,485,475,635
537,630,416,483,473,639
529,623,411,483,485,641
538,611,414,485,473,639
529,613,414,482,485,635
538,625,419,474,484,639
539,614,414,483,473,638
540,613,413,485,474,635
537,606,399,484,480,640
538,596,418,484,482,630
537,627,404,483,483,640
537,620,404,479,484,639
538,608,404,483,484,640
541,617,413,471,487,640
541,613,415,482,475,631
532,618,406,482,483,642
540,609,411,474,488,638
536,594,420,484,490,630
529,580,416,473,483,634
534,615,415,478,474,639
523,625,408,484,484,642
534,605,419,482,486,630
520,618,412,484,485,640
524,621,415,482,487,636
538,625,417,484,474,639
534,627,404,484,486,641
538,623,416,474,487,638
535,612,420,483,488,629
536,623,408,480,486,640
535,628,419,477,482,641
523,629,410,485,487,643
536,629,420,475,481,641
527,629,410,486,485,643
537,624,416,487,478,636
537,608,419,484,485,631
532,619,404,482,481,641
533,629,420,475,478,641
529,616,421,484,487,642
535,619,415,474,489,639
533,602,415,484,486,628
532,603,420,485,489,631
519,611,415,487,488,640
532,603,421,486,488,631
528,602,413,482,491,639
524,608,428,472,486,639
524,616,424,491,482,632
513,612,430,488,493,632
520,614,428,494,488,631
514,623,429,487,484,642
517,626,421,491,494,641
503,624,422,496,495,642
513,618,432,485,498,640
509,610,437,494,498,636
513,599,434,500,488,634
511,607,432,502,491,637
511,590,440,498,500,634
511,601,436,499,487,641
503,608,444,494,500,633
508,605,443,490,500,647
507,617,440,503,500,647
499,617,438,499,498,647
507,618,447,504,503,645
511,611,432,495,502,645
500,607,445,504,502,643
507,607,443,503,506,637
509,604,441,492,508,647
511,604,444,502,505,640
510,610,443,491,508,647
504,601,447,505,505,644
509,606,437,500,507,649
509,604,442,492,510,649
510,613,443,506,497,645
506,622,436,497,508,650
499,617,447,505,508,648
508,627,447,500,498,652
500,619,446,502,509,649
511,607,443,504,500,645
502,588,431,493,509,651
505,606,449,500,509,646
515,595,445,501,496,650
512,617,432,502,507,653
505,614,439,505,507,654
509,605,449,503,510,646
511,621,445,503,496,653
504,613,445,499,508,652
504,610,441,502,502,657
511,620,446,499,494,657
504,615,442,504,504,654
511,604,445,505,501,645
508,603,442,501,504,654
508,609,434,505,499,656
520,601,445,500,504,645
519,605,437,504,490,649
521,614,441,489,499,653
523,592,438,500,496,643
518,610,437,499,487,651
520,625,421,498,491,651
526,623,430,484,497,648
519,625,430,483,495,647
513,619,423,493,494,646
524,617,414,486,490,647
526,612,425,483,487,646
524,625,414,489,490,645
528,612,423,481,483,645
532,605,416,477,491,642
528,601,423,481,485,645
531,610,417,490,479,637
523,598,423,484,490,638
531,603,419,471,481,638
529,621,416,477,475,641
520,618,416,480,483,632
536,619,412,482,469,631
530,625,415,475,471,637
526,624,399,483,476,638
539,601,402,475,477,631
532,587,412,474,474,623
527,604,412,480,476,626
539,606,408,482,462,632
527,599,404,478,469,627
535,608,397,480,468,630
532,605,411,476,473,619
536,618,409,477,460,627
537,619,394,476,467,624
540,612,404,482,461,621
541,615,400,475,469,624
529,609,409,475,470,619
537,621,412,464,462,624
527,615,405,474,467,623
539,616,400,457,467,618
533,623,407,467,456,622
530,618,410,461,464,620
525,617,404,474,468,614
538,618,400,467,472,618
534,620,407,479,461,619
524,613,405,474,474,616
525,612,407,474,473,615
531,619,407,473,464,621
527,603,409,476,475,611
527,618,411,469,468,621
534,602,404,481,464,615
534,579,410,480,476,611
527,590,414,479,480,615
536,583,412,481,475,611
531,596,413,480,466,621
533,600,411,485,471,616
531,607,412,488,473,617
518,605,411,484,480,623
521,604,419,486,484,625
531,613,415,475,485,620
529,612,417,476,484,622
522,606,405,487,481,625
527,602,425,479,489,624
528,575,423,488,485,616
528,594,417,485,489,625
523,596,427,492,487,618
512,602,416,494,488,629
512,607,428,492,492,624
521,598,428,489,491,618
521,601,429,482,493,626
518,609,431,484,493,628
509,610,434,494,496,627
520,620,433,485,495,628
512,626,423,498,492,634
518,623,423,494,496,631
507,620,434,499,497,631
517,622,434,487,499,629
517,622,437,501,488,629
512,612,442,497,499,624
518,612,441,487,498,632
514,617,443,489,491,632
516,615,441,486,494,630
518,612,440,501,489,627
510,627,428,501,495,637
510,626,435,496,493,632
524,621,439,497,481,628
512,620,444,493,491,628
519,629,445,489,489,627
517,630,431,498,486,636
522,613,440,498,482,626
520,606,445,496,492,625
520,611,444,495,483,624
520,623,442,489,485,634
523,622,438,484,491,632
518,604,443,494,493,625
522,618,441,484,489,632
513,611,433,498,489,633
523,607,441,492,479,635
526,608,437,499,482,628
519,592,441,493,492,627
518,613,430,489,486,633
526,613,435,493,476,629
515,600,439,489,485,629
523,607,439,490,483,624
524,616,435,492,476,635
527,603,436,490,483,636
515,602,438,491,489,630
526,620,424,493,488,634
521,613,423,493,486,635
525,615,439,486,484,634
515,614,425,495,488,638
529,619,431,483,490,633
521,593,439,491,491,625
526,614,434,496,479,636
528,603,438,481,489,632
515,603,430,494,489,637
526,613,439,483,484,636
516,604,434,493,491,631
524,612,437,487,481,636
516,609,431,493,487,634
517,601,434,492,489,629
524,605,429,482,489,633
517,608,431,492,487,633
531,591,431,495,484,627
517,611,419,492,485,636
519,615,419,493,483,638
530,604,426,480,487,633
528,603,431,491,486,625
530,607,428,491,483,626
525,621,430,491,473,636
526,603,431,495,489,626
528,601,430,493,487,626
529,603,428,494,485,626
527,619,432,482,479,635
529,605,434,480,487,633
518,613,426,492,487,636
528,605,426,491,474,635
530,611,430,482,480,634
527,617,430,482,481,636
531,599,428,490,488,625
531,607,426,491,482,627
530,615,423,494,476,630
530,604,425,492,480,628
523,622,414,493,484,637
521,615,427,490,475,637
524,604,427,488,488,627
519,616,417,494,483,637
531,611,425,495,480,630
528,613,423,495,478,631
520,620,415,494,483,638
525,620,428,485,481,636
530,618,425,481,487,633
525,619,412,493,484,634
532,615,425,481,488,633
520,611,426,490,484,630
522,621,414,495,483,638
529,597,427,490,491,626
522,614,427,488,475,636
527,595,422,491,488,626
527,611,428,484,479,638
532,611,417,486,487,634
529,613,426,480,485,634
528,618,428,483,481,637
533,611,418,486,487,635
529,615,427,479,483,634
529,617,428,483,479,636
531,606,426,491,485,627
531,612,418,485,488,635
531,611,419,494,481,628
529,603,426,494,483,627
523,613,412,494,484,636
520,610,427,494,482,638
516,607,423,492,486,637
525,606,424,493,485,627
520,627,414,495,483,638
530,628,413,492,486,637
517,613,421,492,484,633
529,613,426,494,476,633
530,587,428,491,485,628
525,622,428,481,485,635
527,626,429,480,486,636
526,626,424,485,479,641
532,620,422,493,481,630
517,623,420,490,491,635
519,623,416,491,489,636
527,621,423,479,490,636
528,614,425,480,486,638
525,628,419,481,479,639
528,626,422,485,481,639
532,618,412,487,490,638
516,609,420,488,492,634
527,623,426,479,490,636
528,621,425,478,487,636
530,615,422,489,486,631
528,621,412,486,489,638
523,619,412,483,491,636
528,623,411,487,489,639
523,625,410,492,487,640
533,599,422,491,489,628
519,619,422,490,491,633
532,621,425,478,488,636
531,609,426,492,485,628
532,605,422,493,485,629
531,624,410,486,490,637
530,622,423,480,488,637
533,612,422,492,483,632
528,616,424,488,494,637
519,614,418,490,490,636
529,615,412,483,490,637
532,600,421,491,485,629
529,625,424,491,481,638
531,621,427,478,489,636
533,620,429,479,494,636
531,622,423,492,480,638
529,627,427,483,485,638
523,608,424,489,488,631
521,622,410,489,493,632
524,611,426,490,494,632
529,619,425,490,479,638
532,621,418,479,492,635
527,619,412,479,493,636
533,613,422,493,485,632
533,617,423,495,479,636
532,619,423,493,479,638
526,617,423,479,494,634
526,605,414,493,487,637
528,622,412,490,491,637
528,620,412,493,489,639
535,615,413,483,493,636
528,623,428,486,485,639
533,608,426,490,485,628
529,616,426,488,485,638
536,613,418,488,492,636
521,617,411,496,490,640
527,611,423,497,480,640
532,599,425,494,490,629
531,619,428,483,492,638
537,618,415,488,493,638
534,605,421,495,487,628
534,622,420,484,494,638
530,626,424,483,494,638
534,617,423,499,482,637
523,622,415,497,491,642
533,619,424,486,494,638
529,600,428,494,495,633
530,616,427,482,491,639
534,605,424,495,493,631
529,618,413,492,492,641
523,609,427,492,493,634
531,611,421,484,494,639
531,622,424,495,481,639
533,617,423,482,495,638
533,624,416,489,492,638
529,627,426,492,482,640
531,622,425,495,481,642
532,611,420,495,483,637
524,606,428,493,492,634
521,614,426,492,494,633
523,616,427,488,495,633
520,626,414,496,490,643
536,607,425,496,490,632
522,613,427,492,493,636
528,623,427,484,487,640
532,626,423,482,493,639
526,628,413,496,490,643
535,603,424,495,482,631
530,606,428,492,493,631
523,608,425,489,492,638
522,624,421,493,492,639
531,624,428,489,484,641
522,619,427,493,494,636
533,625,415,491,491,638
528,628,427,487,488,640
532,613,421,491,489,629
529,618,430,480,488,639
533,615,425,483,494,637
528,617,412,496,490,640
532,613,424,497,482,638
531,607,430,484,488,641
535,610,424,496,484,634
533,611,424,496,483,636
523,602,428,492,495,632
522,610,427,493,494,635
535,613,425,483,482,635
523,604,429,491,494,634
528,619,428,491,483,643
530,616,428,487,489,639
526,615,413,497,490,640
528,616,429,487,488,639
535,619,423,497,485,636
523,619,427,492,495,637
536,628,412,486,495,636
520,616,424,495,493,638
529,619,424,495,494,644
531,621,428,485,491,639
531,605,427,494,496,629
533,617,423,484,495,637
533,607,424,483,495,638
529,627,423,494,483,641
532,623,424,494,484,641
520,620,420,497,493,644
529,616,426,498,483,636
531,620,430,483,492,639
531,617,426,495,484,636
530,619,416,494,494,640
535,609,425,495,494,630
520,622,421,493,492,637
522,620,420,496,492,643
535,611,417,489,494,640
533,618,421,486,496,639
519,610,424,493,494,637
536,616,423,484,495,638
525,620,414,495,491,641
536,617,425,484,495,639
529,605,426,497,490,631
530,617,429,489,485,639
527,617,423,496,483,635
534,624,415,489,494,639
530,610,430,488,496,631
532,612,427,481,491,636
529,596,430,493,495,631
532,611,428,484,492,639
531,619,425,500,481,639
526,595,430,492,496,634
530,618,428,488,487,640
536,623,413,491,494,639
530,625,428,489,486,641
527,622,414,498,490,642
525,615,429,494,494,634
533,618,422,485,495,638
534,609,420,487,494,639
534,615,421,485,495,638
529,620,425,483,495,638
529,608,415,497,490,642
526,624,414,495,491,642
533,608,425,496,486,632
534,606,423,496,484,633
533,616,432,484,494,642
532,607,431,484,488,639
526,612,431,485,489,640
530,614,430,484,490,641
536,621,418,488,494,638
520,611,423,497,490,643
523,615,419,496,491,641
529,599,428,490,496,631
527,613,413,495,490,641
530,622,413,491,494,642
535,615,425,497,483,637
526,623,415,497,490,642
534,612,427,498,486,635
531,614,429,482,494,639
533,613,425,498,484,636
524,605,430,493,494,635
527,609,415,499,491,641
532,614,424,498,484,638
532,615,424,498,483,638
530,618,413,494,492,642
528,621,423,492,482,641
528,620,428,490,483,641
527,621,427,491,494,644
531,616,424,483,496,638
524,619,415,498,492,639
529,601,428,493,497,631
523,611,429,493,496,631
528,607,428,494,496,631
534,618,424,498,485,633
524,625,415,499,491,643
531,617,424,487,497,638
532,618,423,484,495,638
519,616,422,494,493,641
521,620,417,497,491,642
533,617,427,497,488,631
527,612,430,493,493,634
530,612,425,485,496,639
532,600,424,498,488,631
534,617,418,491,494,638
521,619,416,499,493,641
528,597,429,494,497,631
530,618,430,489,486,641
529,603,428,484,492,640
532,610,422,488,496,638
528,618,426,493,483,642
526,623,426,498,482,642
530,609,429,494,497,632
533,614,423,486,495,637
523,611,426,494,494,637
524,621,415,498,489,643
533,615,424,484,496,638
529,620,425,490,488,642
533,617,426,484,495,638
533,612,430,486,492,638
524,596,431,490,493,634
528,603,430,496,493,631
525,613,417,497,489,644
519,612,423,500,493,643
527,617,417,497,485,641
520,619,425,497,491,643
531,606,429,498,492,632
525,612,431,495,492,634
530,625,427,498,482,640
532,623,427,487,495,638
527,609,429,496,496,632
521,618,425,497,491,641
530,623,433,487,490,639
528,626,424,487,494,638
524,617,434,495,495,635
532,626,421,488,492,637
535,629,428,498,481,640
535,613,429,499,487,635
521,626,422,495,492,640
523,620,418,500,489,642
532,609,430,496,490,630
530,622,429,494,482,642
532,600,431,499,490,632
521,617,422,500,489,641
532,621,431,493,481,641
527,620,430,497,482,641
530,618,420,492,494,639
535,624,419,488,492,638
529,621,429,497,483,640
532,618,420,492,494,640
531,614,431,489,483,639
529,605,433,496,493,630
536,614,428,501,484,634
525,607,433,496,495,635
523,614,432,496,494,634
534,618,428,488,492,637
531,618,418,492,491,640
525,606,433,495,493,632
532,616,432,484,494,640
523,620,418,499,492,644
533,613,425,487,497,638
533,618,425,487,495,638
533,621,428,487,496,638
527,600,429,492,495,630
522,607,433,496,495,634
533,616,433,500,496,644
523,614,431,495,493,636
531,603,432,497,496,631
534,612,428,500,486,635
522,608,432,498,493,637
523,615,428,498,494,641
532,618,428,487,493,638
533,620,419,497,492,641
526,606,433,495,494,632
522,614,426,501,493,640
536,610,422,491,495,639
530,618,432,495,482,642
525,619,419,501,490,644
533,608,427,487,495,639
522,601,429,496,493,638
532,606,429,500,482,642
533,611,420,495,493,641
526,607,425,498,495,640
535,598,431,497,494,632
533,611,430,485,496,638
521,613,426,499,493,642
535,613,422,493,497,638
530,596,427,488,495,635
531,591,433,498,497,630
531,598,432,488,492,640
534,582,429,500,489,631
536,595,428,501,486,634
533,601,428,488,496,639
530,591,434,496,496,631
535,604,433,486,494,639
523,602,430,499,493,641
530,612,435,492,488,642
532,611,419,498,493,640
533,603,431,498,495,638
528,601,419,503,491,643
531,594,431,488,490,643
525,592,433,495,496,632
529,602,434,493,484,642
535,596,430,501,486,635
535,599,428,502,487,633
535,614,425,493,496,638
525,601,433,496,497,632
534,606,429,503,483,636
526,594,434,497,495,634
523,599,437,497,495,634
536,604,430,489,496,638
529,582,435,498,497,633
534,581,433,501,497,630
535,595,431,503,488,634
537,604,422,494,494,641
534,600,429,503,483,638
533,612,436,492,489,643
526,598,434,498,496,638
534,606,432,500,484,639
536,601,423,494,495,639
524,601,426,500,493,644
525,606,428,500,493,641
523,611,425,502,492,641
536,604,427,489,495,639
531,585,435,498,498,632
529,590,436,491,491,642
527,598,421,501,492,642
531,580,435,497,497,631
532,595,433,495,485,641
536,591,436,486,493,642
524,580,435,498,497,635
524,590,434,497,497,636
533,597,434,492,490,642
534,585,433,498,484,641
533,599,436,489,493,640
539,588,432,502,487,634
534,588,431,501,486,639
532,597,434,488,494,640
536,595,431,503,485,636
532,588,437,499,497,632
533,584,436,498,494,632
536,565,433,500,492,631
527,581,434,501,496,635
536,587,430,501,490,635
533,591,435,497,484,644
526,601,428,500,494,642
523,596,429,500,496,640
540,597,425,491,498,640
539,603,422,497,496,640
526,605,425,500,493,643
539,587,431,497,488,632
525,590,439,498,497,636
524,610,429,500,495,640
537,580,435,501,494,631
537,596,429,490,498,639
536,593,430,502,486,634
539,595,426,490,498,639
537,603,432,490,496,638
534,604,434,496,486,642
535,602,436,488,492,639
526,594,436,499,496,637
527,590,435,496,498,634
533,607,434,496,486,642
528,606,421,501,492,643
535,606,421,497,495,641
526,607,422,503,493,642
524,608,429,500,495,640
534,606,432,499,485,639
534,607,437,491,490,642
534,589,436,497,498,632
526,590,427,502,493,641
539,592,430,489,497,639
529,598,419,503,487,643
532,601,434,498,485,642
528,601,423,498,494,638
533,594,435,498,494,632
534,605,437,490,493,641
524,605,432,497,496,640
525,609,429,500,493,640
525,607,423,503,492,644
532,612,426,500,485,641
529,614,423,503,483,642
531,608,437,488,496,638
539,615,431,490,496,638
533,617,436,491,489,641
529,614,422,501,494,642
521,607,427,503,494,643
540,622,431,487,497,639
530,623,421,501,496,643
536,627,437,489,493,641
536,622,429,504,486,638
531,627,419,501,492,644
536,616,435,495,500,631
534,630,419,501,496,642
529,631,422,501,494,644
530,632,422,502,495,643
533,632,421,500,493,643
537,625,433,488,499,639
532,633,421,500,493,642
529,628,431,502,485,639
527,631,420,502,494,644
533,630,434,499,486,643
535,629,437,492,491,644
531,628,421,502,495,642
537,625,424,496,494,641
541,624,430,491,499,639
534,614,438,498,499,634
538,623,433,489,497,639
539,624,428,492,497,640
526,616,436,500,497,633
537,630,438,490,492,642
532,631,436,495,487,643
526,632,424,503,492,644
535,629,432,499,483,641
538,629,434,489,491,640
535,629,420,500,495,642
534,635,435,492,494,643
538,623,426,504,486,637
535,631,431,502,486,639
538,611,430,502,487,630
538,628,434,489,497,639
537,618,435,501,492,634
539,626,433,503,489,638
537,633,421,500,495,642
536,634,436,493,490,643
525,633,428,504,498,642
533,634,435,494,490,641
525,632,429,504,495,644
529,633,422,504,493,644
537,630,430,490,497,640
536,624,436,490,495,640
527,634,424,503,492,645
537,625,433,503,492,633
525,632,430,503,495,644
527,634,423,503,492,646
525,626,438,498,497,637
533,632,438,490,493,643
530,637,439,498,488,643
535,632,440,490,495,642
534,630,435,492,495,641
530,633,425,500,494,643
529,621,439,500,501,644
537,620,436,501,488,645
535,619,436,501,499,633
537,632,426,498,497,641
524,631,432,503,496,642
533,631,427,499,498,642
535,624,435,503,489,635
531,620,441,501,499,635
538,634,430,498,498,641
531,635,439,495,489,643
523,630,433,504,492,643
532,634,437,501,486,642
527,636,425,507,492,645
536,633,426,499,495,642
535,625,426,495,495,642
534,631,432,506,484,638
537,619,437,504,491,633
538,632,428,496,497,640
532,635,439,496,492,644
536,630,428,495,496,639
532,629,436,505,485,639
533,620,438,502,500,629
516,630,433,503,495,641
522,628,437,501,496,641
531,627,436,505,488,639
535,632,435,506,485,639
524,628,437,502,497,637
532,614,441,501,500,633
531,635,424,502,493,644
533,637,438,496,490,643
534,619,439,502,497,633
532,634,440,492,492,642
536,631,430,497,495,641
536,631,436,491,498,641
535,631,436,491,498,641
537,630,436,490,497,640
525,633,434,503,496,644
534,635,439,495,487,644
523,630,430,504,495,644
534,634,433,501,484,646
534,633,437,510,484,642
535,632,424,500,496,641
525,628,435,503,497,642
536,631,432,491,500,640
535,621,439,502,495,634
537,619,436,503,491,632
537,629,431,494,498,640
523,630,433,503,496,643
524,635,440,498,488,643
533,617,439,501,500,632
524,632,434,504,494,642
530,635,420,503,495,643
530,635,426,504,496,644
534,631,436,508,486,642
537,625,428,498,491,642
538,630,435,489,499,641
529,620,442,499,500,634
532,631,425,502,495,631
535,633,441,506,494,644
529,631,440,495,492,643
524,634,428,505,496,643
535,624,437,506,489,636
536,632,425,496,496,641
537,629,430,495,497,641
535,633,439,495,487,643
532,617,439,500,497,631
537,628,432,496,503,640
525,630,433,504,496,644
523,635,431,504,495,644
536,633,441,492,489,642
533,631,439,505,486,642
538,633,434,498,485,639
530,633,425,500,495,643
536,627,436,504,488,637
531,616,441,502,500,632
539,629,431,494,502,639
526,634,426,505,499,644
535,634,441,496,489,642
531,635,441,494,486,644
533,632,437,502,484,642
532,635,438,500,485,643
528,626,436,505,489,636
525,627,438,506,498,640
533,632,441,491,493,642
533,618,435,502,497,639
524,628,435,502,498,641
530,635,426,502,496,642
531,633,441,494,492,644
533,633,437,505,485,643
535,625,437,505,490,636
527,620,442,500,499,634
536,630,431,499,499,641
518,624,442,502,500,637
526,618,443,501,500,634
522,636,429,505,497,643
531,632,439,506,487,641
522,634,429,502,496,644
530,635,427,504,498,643
525,619,443,502,496,634
526,637,428,504,499,643
528,630,438,494,502,640
527,634,438,505,499,643
529,632,441,493,500,640
527,631,435,501,502,641
512,631,437,506,502,641
520,636,443,502,492,643
521,635,429,505,501,643
523,635,432,510,500,645
524,630,441,509,493,641
516,629,440,510,495,636
520,636,446,504,490,643
524,633,434,503,503,644
521,630,430,507,499,644
512,616,450,506,509,634
511,627,447,506,507,638
521,620,445,509,500,636
517,634,446,506,494,644
520,633,445,510,496,643
513,628,448,500,506,642
508,631,449,509,508,642
520,623,452,512,500,641
518,629,459,503,511,646
518,634,453,515,508,643
506,630,449,515,514,635
517,629,450,502,514,646
519,623,449,504,515,647
509,631,455,514,511,644
516,619,456,504,512,644
506,629,445,516,514,635
506,624,449,515,515,637
518,614,452,515,503,645
506,620,449,514,515,635
516,628,441,511,506,646
517,600,455,514,506,642
517,620,456,509,505,648
519,605,454,513,504,642
520,621,451,502,516,648
513,618,451,505,515,634
516,615,455,510,510,639
519,635,452,501,513,645
512,642,441,514,512,637
516,640,442,511,509,648
521,634,447,500,513,649
514,638,438,508,507,647
521,630,451,512,499,643
521,634,451,498,511,645
518,636,454,503,497,649
522,634,450,497,510,644
518,634,454,504,497,648
518,611,449,508,505,640
510,624,454,506,506,637
515,629,444,495,506,646
525,634,449,497,490,648
525,625,450,492,501,644
529,624,437,499,500,645
515,627,437,503,497,648
525,619,448,488,496,643
525,625,446,492,487,647
528,620,441,500,490,639
526,619,445,488,493,643
526,610,439,499,492,635
529,621,441,486,495,642
523,621,435,497,492,644
531,620,442,483,492,642
522,619,422,491,491,641
518,621,424,495,490,643
528,601,437,487,487,638
530,612,429,483,477,638
534,607,431,485,491,627
534,611,427,488,478,633
524,622,416,487,487,637
532,621,428,475,485,634
540,616,416,479,492,632
534,623,428,473,485,634
537,613,420,485,478,631
538,606,411,479,487,633
534,605,425,477,489,631
540,606,419,469,488,630
536,597,418,470,485,631
543,587,421,482,482,623
542,611,414,471,484,631
539,619,423,472,477,634
540,578,419,474,484,633
530,596,413,481,484,632
539,602,421,471,481,632
544,600,415,483,478,626
544,601,409,470,481,631
548,606,404,475,485,630
537,598,409,471,486,628
538,602,404,482,480,633
553,611,400,479,474,631
535,589,410,477,480,630
551,610,402,475,477,632
539,595,407,479,477,632
539,594,414,479,475,622
552,602,416,475,468,633
540,600,412,479,483,627
550,601,407,478,480,632
550,613,413,470,474,632
554,610,399,475,483,620
549,593,412,477,482,632
549,609,414,472,474,632
543,602,411,477,482,628
555,595,402,476,481,629
550,607,411,479,472,631
545,596,416,477,484,622
538,594,415,480,485,622
552,607,402,483,481,634
550,603,417,476,481,631
553,595,414,472,488,628
546,603,408,481,485,629
538,603,415,485,488,625
542,605,421,475,487,629
543,578,423,486,490,619
540,609,411,489,486,631
540,611,423,486,479,631
531,612,430,483,479,630
535,601,417,486,491,629
539,598,425,496,481,625
535,623,427,491,480,631
538,600,430,493,486,619
530,620,427,495,480,628
532,623,432,487,482,632
526,610,436,492,495,625
526,616,420,497,492,633
525,617,419,497,493,630
531,602,433,499,492,624
526,617,440,485,494,631
524,621,435,499,488,634
517,628,427,501,497,636
513,623,437,501,500,630
526,628,434,505,487,629
518,616,443,499,501,623
523,629,443,490,502,632
515,633,446,493,498,634
522,633,450,495,498,635
517,622,449,501,506,624
523,630,451,493,499,635
520,625,447,504,492,632
518,610,446,505,503,627
521,625,449,507,498,633
521,633,447,496,512,634
519,635,437,503,509,633
516,625,454,504,512,636
523,642,452,501,502,638
510,639,454,494,510,634
521,628,451,507,505,628
512,643,441,505,509,638
517,645,439,506,509,636
517,628,436,504,510,635
522,634,451,505,504,628
511,647,441,503,508,638
522,638,450,505,501,631
520,643,439,500,510,637
515,632,456,500,511,630
520,646,454,497,499,638
518,629,453,502,512,628
521,642,441,497,512,636
524,636,437,497,507,634
525,639,446,484,512,633
520,628,453,497,511,627
522,640,451,490,508,634
514,645,438,503,505,638
523,628,452,500,505,626
526,633,448,501,499,629
521,629,454,496,509,629
515,646,444,489,502,626
524,643,453,487,503,635
522,643,449,499,495,635
527,627,449,498,498,627
528,639,442,488,511,634
522,644,447,495,508,630
522,640,446,483,509,634
516,636,444,500,507,638
526,631,447,501,495,635
525,626,446,487,507,636
519,617,450,495,505,629
525,624,452,486,502,638
528,624,438,492,506,637
528,619,446,498,495,633
520,623,434,498,499,644
527,617,449,491,494,641
530,624,435,490,503,638
530,622,442,485,503,640
523,620,434,491,501,638
519,614,443,498,501,640
528,593,435,492,502,640
519,622,434,500,494,642
526,624,431,499,498,643
531,619,436,491,504,638
528,623,441,493,487,641
519,625,439,499,498,643
522,622,432,499,498,643
528,609,445,497,500,631
521,611,440,492,502,636
519,607,435,497,501,641
526,610,444,496,503,631
531,619,433,493,502,640
514,622,436,500,497,641
520,611,437,499,499,638
522,621,429,500,498,642
521,618,427,501,497,642
531,615,442,486,496,637
531,607,436,499,490,634
531,614,441,487,493,639
534,593,441,486,495,640
524,600,431,498,494,640
529,587,431,486,498,639
534,589,433,499,489,634
531,602,437,489,489,638
529,594,430,486,499,636
524,615,420,499,491,642
523,622,419,500,491,641
535,617,435,489,486,642
535,609,421,491,496,640
519,608,430,497,495,634
532,621,432,487,487,639
524,624,423,498,491,636
532,610,431,494,494,632
522,618,426,498,491,636
521,620,432,495,492,634
535,611,428,484,493,635
529,622,418,498,490,639
531,606,428,486,494,635
533,619,417,495,488,638
531,609,429,499,480,638
532,609,432,495,481,637
534,618,432,488,487,636
531,611,431,496,493,628
534,626,430,494,479,639
536,620,419,495,488,638
536,618,428,485,491,636
533,593,427,497,494,628
538,608,422,488,492,636
524,597,428,496,488,635
537,613,423,488,491,636
537,612,419,491,492,636
529,619,417,500,488,640
539,616,420,491,490,638
532,627,430,493,480,639
536,625,417,497,489,638
529,624,418,498,487,640
535,625,429,486,483,635
528,613,427,500,490,641
532,629,431,496,480,638
525,625,421,495,487,641
538,630,433,495,493,642
525,629,418,499,489,640
538,624,419,495,487,638
537,623,424,491,493,636
532,631,432,495,481,639
538,620,430,488,496,638
529,614,434,496,494,632
539,625,429,485,491,638
531,616,430,499,489,630
526,617,431,498,494,634
538,614,430,502,486,630
524,624,434,486,487,631
534,627,430,495,482,638
536,619,430,501,481,637
538,609,432,496,482,638
540,614,426,491,495,636
531,620,419,498,492,639
531,612,435,496,496,629
537,619,433,494,482,641
523,621,430,499,492,637
531,613,426,501,493,638
539,616,421,493,493,637
534,612,433,498,496,629
535,614,431,501,484,633
542,618,427,488,497,636
537,613,431,501,485,633
532,611,435,502,495,629
533,604,434,496,495,629
534,622,433,497,483,638
537,620,427,488,495,635
539,621,433,492,492,634
538,614,419,497,483,636
529,606,435,490,489,637
534,621,434,491,484,640
535,620,436,489,487,639
540,617,429,502,483,632
535,622,435,489,487,638
538,617,428,490,495,635
538,615,427,487,494,635
532,619,419,499,491,638
536,617,433,499,483,639
536,612,435,493,488,638
534,614,435,488,492,635
534,607,435,497,496,627
527,621,432,497,493,628
534,623,434,494,483,639
526,608,437,497,494,632
534,617,432,501,481,635
539,621,433,499,491,627
532,605,435,496,496,627
539,618,433,500,492,627
537,619,420,497,494,638
538,612,430,491,500,636
536,614,436,488,494,638
525,608,428,501,493,640
527,611,429,498,496,639
537,606,428,498,493,641
529,600,427,500,493,641
532,621,420,499,494,640
535,618,433,501,487,636
537,616,434,494,487,641
538,618,437,483,496,639
535,615,433,498,488,639
528,605,436,499,487,643
530,621,422,497,501,641
534,612,430,501,488,638
529,596,420,495,500,643
532,620,437,495,492,644
536,611,430,500,495,636
540,609,431,499,498,635
539,609,431,491,506,639
534,615,436,489,499,643
534,612,432,501,495,641
537,607,430,503,493,636
528,608,423,498,501,644
536,613,437,489,498,643
532,601,433,497,505,639
537,615,437,490,497,644
539,608,429,500,501,647
538,607,427,490,504,641
540,610,438,485,503,642
536,613,423,495,502,642
539,615,432,498,491,640
529,609,420,500,499,644
527,610,431,496,501,641
537,616,422,498,498,644
534,615,436,490,491,643
535,617,436,492,494,644
531,620,421,500,499,645
531,621,425,497,498,646
539,613,431,499,492,638
528,616,434,496,502,641
542,618,432,485,504,643
531,610,435,494,502,637
534,623,422,498,501,645
537,621,428,488,500,640
540,619,426,491,503,643
536,609,438,496,504,632
540,620,426,489,502,641
540,609,428,485,501,644
529,623,435,493,501,640
537,617,438,488,493,644
531,621,438,488,501,641
535,625,433,495,489,643
537,623,439,498,499,644
536,625,437,491,489,645
530,616,436,485,501,641
539,621,440,494,504,634
535,624,437,492,490,643
537,622,435,495,489,643
539,616,433,499,489,637
530,608,438,495,502,636
528,615,434,496,502,638
539,607,438,495,504,632
537,607,430,486,500,638
541,611,428,489,501,642
540,608,440,496,498,633
537,616,437,484,504,640
541,616,436,484,497,641
528,610,438,491,505,631
539,613,434,483,501,640
539,609,422,492,497,644
536,620,424,492,496,641
534,613,439,477,501,641
536,618,438,482,490,644
536,617,434,489,489,641
528,608,435,488,500,637
528,605,439,486,500,635
528,618,432,489,500,643
528,621,422,491,494,641
539,607,433,492,492,636
536,614,439,476,498,643
536,617,438,490,489,644
538,609,433,491,492,635
534,616,435,478,499,641
534,618,439,485,489,644
539,614,440,477,501,641
535,619,435,491,489,642
538,615,429,482,500,641
538,604,436,490,497,634
536,619,437,487,501,634
529,614,435,488,500,640
537,619,428,490,489,643
536,620,436,481,497,642
538,603,437,490,498,632
541,606,424,488,503,634
538,606,429,486,502,642
540,619,427,484,501,642
537,617,440,485,487,642
536,621,437,479,499,641
533,622,438,488,501,635
537,623,435,488,489,644
537,627,438,487,492,643
540,617,438,485,490,643
527,619,422,492,499,644
532,607,439,491,503,633
532,623,425,493,495,645
527,619,440,494,502,641
533,620,439,479,498,641
532,625,425,494,496,644
535,628,438,486,489,644
522,622,432,490,497,644
541,613,433,493,492,639
541,612,435,493,491,638
526,622,432,493,498,646
528,616,430,492,497,639
535,618,436,490,498,632
536,617,435,491,489,643
535,620,437,479,491,642
534,622,430,484,490,642
534,603,435,489,502,632
532,617,435,481,496,644
529,621,425,492,498,645
538,604,436,480,501,641
538,602,433,482,497,645
540,614,432,480,500,641
539,608,421,492,500,643
540,615,436,486,490,644
538,602,434,487,499,631
539,599,435,493,496,634
538,602,432,494,494,635
535,615,421,489,498,643
537,615,433,493,489,641
538,618,418,484,500,640
541,604,437,487,491,645
535,620,432,484,496,644
541,618,435,481,504,642
529,618,430,491,498,644
536,623,437,484,494,645
539,618,437,480,499,643
540,619,434,494,489,643
540,609,429,490,496,631
532,620,423,492,498,645
538,616,435,492,500,644
536,616,432,480,503,639
542,624,423,493,499,646
532,626,422,492,499,645
531,614,437,491,504,637
537,624,424,489,500,644
530,613,439,491,503,636
531,626,424,488,490,645
540,619,432,493,492,634
538,617,430,481,504,643
541,622,430,481,503,639
540,613,434,494,495,636
536,623,440,482,497,642
536,626,437,490,505,636
538,608,432,491,502,642
527,616,434,493,496,635
535,623,422,494,489,642
540,620,436,493,500,646
536,622,434,491,500,643
537,622,438,485,493,644
536,616,419,492,500,645
536,622,438,489,500,642
537,620,422,493,500,645
539,615,439,491,503,633
538,617,433,484,503,642
530,608,437,489,502,636
536,619,435,486,501,644
531,622,424,493,499,646
541,609,434,493,493,638
530,620,437,491,500,631
527,621,436,495,494,638
542,613,425,485,501,643
523,611,433,491,500,642
537,619,437,484,495,643
540,618,439,481,499,644
537,602,433,491,489,642
528,608,436,491,504,639
537,618,433,494,491,641
535,620,436,486,503,643
529,622,443,496,499,643
541,619,426,492,501,641
537,622,423,492,498,644
528,627,429,497,501,644
529,627,424,493,498,646
523,628,430,493,500,647
537,623,433,491,500,643
529,632,430,495,500,644
538,612,432,495,495,636
537,611,436,496,498,632
535,618,437,495,493,642
529,629,425,496,500,646
536,628,437,491,492,641
535,629,434,484,506,639
525,624,434,485,499,642
539,622,438,486,500,643
531,628,431,490,504,637
532,628,425,494,500,644
540,625,435,491,505,636
529,627,425,495,500,645
538,614,439,494,501,633
538,622,425,484,496,642
536,619,432,497,491,638
528,629,426,496,495,645
532,629,437,491,494,644
533,611,439,491,506,631
535,628,436,494,492,642
525,623,436,497,496,636
534,626,440,494,500,645
533,627,440,495,505,632
529,628,440,492,504,632
527,628,426,494,502,633
538,624,430,488,506,639
525,623,437,493,504,641
529,628,423,495,503,644
537,614,439,492,504,635
528,630,425,495,504,645
535,613,436,495,503,632
537,629,425,494,506,644
532,623,434,484,508,641
532,626,434,492,509,637
531,630,436,486,510,640
525,629,424,496,507,640
537,627,428,491,507,642
532,625,438,501,504,642
530,631,438,496,504,643
528,626,426,494,510,641
528,616,441,498,508,640
524,630,440,497,509,634
535,624,432,500,508,642
527,630,425,500,508,636
533,623,436,498,495,643
534,626,442,488,508,642
532,629,436,496,508,644
535,625,435,502,496,640
536,624,441,499,504,646
534,622,435,501,497,639
525,630,429,497,510,635
532,626,435,487,508,641
533,632,424,497,507,644
532,629,437,497,512,636
530,630,442,495,497,643
534,622,427,493,509,643
532,626,435,502,507,644
530,628,441,498,495,645
523,619,444,498,512,634
520,630,438,495,510,642
528,630,445,495,506,643
530,606,445,492,505,644
531,608,440,504,512,633
529,614,433,501,508,643
528,622,442,493,499,643
523,627,447,506,507,642
527,612,444,507,499,643
526,617,443,500,501,644
523,613,445,496,511,642
523,625,444,491,511,640
517,620,436,505,508,644
527,618,443,491,511,640
519,615,434,506,508,645
527,605,446,503,511,639
527,622,445,491,509,641
529,620,444,491,515,641
527,617,432,503,510,644
529,604,441,506,502,636
525,607,445,500,499,643
518,602,444,500,512,638
518,611,444,503,507,643
520,606,447,500,513,631
529,625,439,503,511,642
529,626,446,503,508,642
529,625,443,503,512,633
526,629,431,502,509,643
514,627,443,500,511,640
523,628,443,492,510,641
522,630,438,506,507,642
528,628,441,503,498,643
531,610,444,504,506,634
526,630,431,504,507,644
532,626,446,489,508,640
531,624,436,490,509,638
531,612,431,495,505,641
523,626,443,490,511,640
532,605,442,504,501,637
522,626,432,504,506,643
529,610,445,500,508,630
529,620,434,499,505,641
525,608,447,500,499,640
536,620,431,502,507,643
532,613,442,491,510,639
522,622,433,491,503,639
525,628,431,502,499,636
533,621,441,503,505,642
524,616,443,500,511,636
534,625,433,498,510,639
532,614,434,503,506,631
527,625,442,506,498,636
522,613,444,499,512,630
536,608,441,504,506,632
529,617,429,499,508,640
529,598,445,490,508,638
523,631,431,503,508,643
523,623,433,500,502,643
528,612,445,500,511,632
521,617,444,498,511,632
527,627,432,503,507,643
531,624,433,504,496,639
535,607,442,505,510,638
534,620,443,491,507,640
535,616,443,490,512,638
535,615,440,502,497,637
537,622,436,491,511,636
525,618,430,503,507,640
523,621,432,495,510,640
535,609,444,504,505,630
536,620,438,493,511,637
534,622,441,508,498,637
534,608,438,504,499,632
532,622,446,493,505,641
530,619,447,494,503,639
528,608,447,492,510,636
531,620,431,499,510,637
526,621,431,496,507,631
525,624,431,504,496,636
518,627,446,494,503,639
534,622,443,500,510,632
530,626,444,492,505,639
536,621,441,502,503,632
534,622,443,497,510,638
537,613,441,503,503,631
531,620,443,490,510,638
528,626,431,497,507,628
530,611,445,494,507,629
535,622,439,493,511,638
523,621,441,501,508,630
533,623,441,504,512,630
523,628,444,500,499,641
535,614,442,502,511,636
534,624,440,506,499,636
537,624,441,504,501,635
534,621,444,490,509,637
532,624,441,497,497,641
532,620,431,499,507,636
530,617,432,498,508,640
534,615,441,492,511,638
534,613,445,503,507,641
534,607,445,492,503,631
526,608,445,505,508,642
522,621,443,497,499,641
529,622,447,503,508,638
533,622,430,505,507,640
530,623,444,500,496,639
531,624,432,505,505,641
536,617,443,490,510,638
535,616,434,504,508,632
522,618,438,499,512,629
522,609,439,501,508,635
522,617,442,502,509,638
531,610,446,495,501,641
534,618,432,502,507,642
526,604,443,504,497,638
525,616,444,501,510,637
536,608,443,503,507,642
539,615,434,495,507,640
532,609,435,497,507,640
536,618,441,506,503,639
537,611,438,505,507,639
536,614,434,497,507,642
536,620,434,495,507,638
532,618,445,500,497,643
536,615,432,499,507,640
524,616,446,501,509,634
530,607,447,499,509,633
523,619,438,504,495,642
525,620,443,501,506,631
534,620,433,498,506,640
535,624,434,490,506,641
536,612,441,497,497,639
535,629,445,502,496,641
527,615,446,498,511,632
526,623,441,491,508,632
534,624,441,492,497,639
536,628,431,499,509,633
522,627,439,503,503,635
531,626,442,503,509,638
530,612,446,500,508,631
533,612,445,501,504,643
524,630,431,495,504,642
527,617,445,500,508,629
530,625,443,504,503,633
526,629,432,499,509,634
538,626,444,491,509,637
531,614,446,490,502,631
528,619,445,500,500,640
535,631,445,499,494,642
533,628,445,501,494,641
526,624,441,502,507,640
531,629,445,497,498,639
538,625,440,503,496,639
538,621,441,504,502,630
537,613,445,501,508,638
526,625,442,503,509,638
537,613,442,503,505,632
525,630,432,499,506,641
536,628,431,499,505,641
537,616,439,490,508,639
530,624,427,501,501,643
538,621,445,489,508,641
538,622,446,491,496,642
534,623,445,499,505,642
537,622,442,503,496,638
539,604,438,498,502,630
539,602,441,503,499,635
533,624,443,501,495,639
525,627,446,492,502,642
524,624,438,504,506,646
523,611,446,499,511,636
532,622,444,504,512,642
532,607,446,496,505,644
534,613,448,491,511,639
530,614,446,492,507,641
536,601,444,503,509,632
538,612,431,502,511,641
532,602,447,501,518,633
535,615,431,499,507,644
534,617,429,501,510,643
527,605,443,500,512,638
534,598,445,501,512,634
533,618,447,493,509,643
536,614,431,494,508,642
535,597,446,499,499,646
539,613,439,504,504,633
537,610,438,504,507,646
540,612,437,499,512,638
530,624,424,503,507,645
536,611,436,490,508,645
527,624,419,505,511,634
531,624,419,505,504,643
533,609,420,500,510,642
537,604,428,496,501,645
537,596,423,505,502,634
534,618,431,501,497,645
530,619,417,505,506,645
531,613,415,504,509,632
538,597,421,498,509,642
535,607,430,491,504,641
536,606,430,503,506,645
541,598,429,505,505,638
541,612,418,497,507,642
540,610,418,500,505,644
526,603,430,503,503,634
540,614,421,507,507,639
535,618,432,492,508,646
526,614,426,505,507,643
540,613,425,498,506,642
536,609,433,502,511,634
527,611,431,502,508,639
542,618,423,503,498,646
529,615,429,500,509,636
532,611,434,492,507,642
534,605,432,503,508,639
536,621,432,501,500,644
541,601,431,506,508,636
537,606,435,493,504,643
532,605,429,508,496,640
537,597,431,506,495,642
542,600,432,503,509,637
534,598,434,503,511,644
538,617,420,498,505,643
530,617,419,505,505,644
531,625,421,507,505,646
541,612,429,505,506,641
527,622,423,507,504,647
530,616,424,493,507,641
535,611,419,504,508,644
535,611,426,497,508,642
537,616,435,494,497,645
540,605,433,506,496,639
532,622,420,506,497,645
541,606,432,506,505,634
539,620,420,499,509,640
537,623,430,505,498,640
541,608,425,498,510,636
541,607,421,500,508,641
530,615,431,506,501,635
536,621,434,497,501,644
539,619,433,501,497,633
533,604,436,502,510,636
541,608,432,508,503,646
538,620,435,502,497,645
543,603,434,507,504,643
539,621,423,499,510,644
532,622,428,505,496,643
537,608,431,508,500,638
543,621,428,497,507,643
537,609,435,504,508,642
532,625,424,507,504,645
541,623,434,508,497,642
538,614,432,508,498,638
538,621,435,498,501,644
528,621,423,507,505,643
539,614,433,509,496,644
538,614,432,509,504,642
541,613,433,507,497,641
537,613,435,503,507,643
538,602,436,505,504,631
529,616,425,507,504,646
530,607,432,504,500,643
541,610,434,495,506,642
542,616,421,506,498,644
542,603,433,507,500,638
540,600,434,505,507,632
537,613,435,504,501,636
541,605,432,495,505,646
531,609,422,506,503,644
534,616,434,505,501,636
537,615,436,499,499,644
539,611,432,495,509,640
542,606,431,509,508,641
537,613,435,504,508,635
540,606,423,503,509,633
534,607,431,495,507,640
539,613,423,506,504,644
538,625,423,505,505,643
541,618,422,502,507,641
541,607,434,503,504,634
540,613,434,508,500,636
541,617,433,508,496,640
539,613,436,508,496,643
541,608,436,506,505,637
539,606,436,507,504,633
544,610,431,496,507,641
534,616,438,497,503,645
543,605,435,507,503,633
535,602,423,504,505,645
536,607,437,504,507,642
539,618,425,503,508,643
539,613,428,509,505,644
531,617,424,509,505,645
529,600,438,498,506,640
536,602,433,505,502,644
531,604,439,502,508,636
533,606,436,495,508,641
542,606,435,505,502,634
538,614,439,500,494,639
537,618,435,502,493,633
541,603,436,507,504,640
538,605,438,507,501,635
538,621,439,497,499,645
529,626,428,503,506,644
538,615,439,496,503,644
538,604,438,505,509,633
538,595,440,506,501,635
538,616,440,505,496,645
532,614,425,507,502,645
535,618,442,494,503,643
536,602,442,505,506,634
536,592,437,495,508,642
538,609,437,508,505,640
541,611,428,502,505,637
539,604,437,508,497,639
540,607,438,492,506,642
539,607,438,505,507,644
531,614,444,504,503,645
537,607,443,502,505,634
542,610,442,504,507,633
542,605,430,503,506,643
540,616,441,494,505,641
542,608,443,504,502,643
541,611,441,507,497,637
530,624,434,506,504,645
541,606,446,505,506,646
530,614,444,498,497,646
527,616,435,494,508,643
539,624,440,506,495,641
540,628,441,497,498,644
538,630,443,498,508,641
530,620,439,505,508,644
540,620,435,494,503,644
534,627,431,506,504,646
538,622,443,502,495,644
537,624,446,494,499,644
536,621,430,504,506,645
536,606,447,501,509,635
542,615,440,506,496,637
537,609,445,503,506,641
542,611,441,503,502,636
528,629,443,502,495,646
529,631,442,505,501,635
542,626,447,493,506,641
529,626,437,505,508,643
529,624,440,505,507,633
537,619,446,501,508,637
543,613,438,504,497,640
534,615,445,501,503,638
531,628,437,504,499,641
543,613,443,503,508,634
540,625,440,501,496,640
543,614,441,504,503,636
542,624,441,505,493,641
539,626,444,504,503,647
530,629,441,500,506,644
534,629,445,505,505,644
540,625,442,507,493,643
535,612,435,502,508,637
530,620,445,501,509,635
533,625,431,506,503,646
530,619,432,491,509,639
531,613,445,505,504,645
538,607,445,493,505,642
541,621,445,493,503,644
542,621,442,502,502,634
529,623,437,505,505,645
544,619,432,498,508,644
539,620,441,506,507,645
540,621,442,507,506,646
541,621,442,501,507,639
537,626,443,498,496,645
541,610,443,495,499,645
538,627,431,506,502,645
540,621,435,506,504,647
525,620,441,503,507,639
541,621,440,496,509,641
542,622,434,499,507,641
539,625,446,499,498,645
541,621,443,497,508,642
530,617,441,503,507,642
532,622,432,496,498,644
539,602,444,504,492,642
539,616,429,506,505,644
539,616,438,506,495,637
543,605,441,505,499,634
531,623,431,507,506,646
542,616,445,492,506,642
542,605,443,504,503,643
538,623,442,503,507,646
538,624,443,500,495,645
540,618,445,503,504,633
533,624,433,507,502,646
536,622,444,500,493,645
540,606,442,504,500,636
539,623,443,503,497,639
543,613,440,506,494,641
529,622,438,506,505,646
541,624,443,505,505,643
537,626,425,503,504,646
538,628,445,494,501,646
532,630,430,505,504,644
538,629,441,491,506,642
531,628,438,504,505,644
544,616,442,504,501,642
537,615,446,500,511,635
538,627,447,500,511,636
534,630,443,503,493,645
539,623,441,503,504,634
536,614,444,500,512,634
537,613,446,501,515,635
542,624,448,489,510,642
541,627,437,504,510,644
533,617,447,496,505,645
538,615,445,502,512,644
538,628,445,491,510,642
539,630,443,502,498,646
537,614,442,505,500,638
542,624,442,505,499,642
538,630,446,493,504,644
538,628,444,501,497,643
529,631,444,499,511,635
542,622,443,500,498,646
540,629,443,506,496,646
541,626,442,506,496,631
538,629,431,503,506,634
537,627,430,500,506,644
536,611,446,502,505,637
541,611,441,507,495,644
542,611,437,506,496,641
539,596,446,503,511,645
541,616,438,493,507,638
538,613,431,502,505,645
539,616,441,491,499,646
541,604,445,491,501,647
540,614,441,503,496,643
538,616,439,499,503,644
541,611,440,497,499,647
542,598,443,494,503,645
534,616,428,492,498,646
533,616,431,487,496,649
533,602,428,484,495,647
525,619,427,484,494,646
538,618,437,476,484,642
529,618,429,473,489,646
538,617,442,473,489,647
529,617,431,482,490,636
534,614,430,477,492,646
536,614,441,477,490,644
530,623,430,482,490,646
535,623,445,474,486,645
530,625,429,481,489,648
540,620,442,484,488,647
535,615,431,476,489,646
539,607,442,484,487,647
543,624,444,468,487,644
530,616,441,478,492,640
538,621,439,483,476,641
527,618,438,480,487,642
532,626,429,483,484,647
531,615,445,483,478,638
536,626,444,472,481,647
541,616,441,480,490,638
540,621,440,471,487,644
534,625,439,478,488,645
530,627,430,484,486,648
528,627,434,481,491,639
533,628,431,484,486,648
527,618,442,480,489,643
537,626,442,473,491,643
539,611,443,481,490,644
529,630,434,484,487,648
538,630,432,484,487,648
537,625,445,474,487,646
537,614,445,484,495,636
541,620,446,482,485,637
542,617,442,485,487,645
529,618,443,481,494,645
540,624,436,480,495,638
535,612,443,483,493,635
533,627,437,472,496,643
529,619,443,483,495,638
532,627,436,474,495,638
531,629,445,482,495,636
531,629,431,486,491,644
538,630,446,483,492,647
537,625,430,483,493,646
542,624,434,486,491,649
542,615,443,486,486,641
539,611,441,481,495,643
541,619,441,485,484,642
529,623,436,484,487,643
541,624,432,485,492,649
531,619,444,482,497,643
543,622,437,473,495,640
530,618,445,478,495,645
529,621,440,485,493,645
537,628,444,482,484,646
538,628,440,481,496,640
530,622,429,483,494,635
537,628,443,479,483,636
539,626,445,473,496,643
537,628,431,482,493,646
537,627,447,474,492,645
537,624,446,471,492,644
536,627,429,482,494,645
541,624,442,473,492,645
537,624,440,475,497,644
543,619,441,484,481,645
531,628,433,487,492,648
536,612,441,480,496,643
539,626,430,488,492,648
542,623,431,471,486,645
539,630,442,482,493,643
538,628,446,476,488,646
538,611,446,486,492,638
533,622,442,483,497,644
537,627,445,480,485,648
539,628,432,482,492,645
534,628,431,483,494,639
542,624,437,481,498,644
532,628,434,487,496,647
534,612,446,482,497,644
536,622,435,477,497,643
531,629,439,487,495,645
540,620,440,474,498,643
536,628,432,487,495,645
530,626,439,487,492,645
538,626,447,482,487,646
537,626,447,479,490,644
541,609,446,475,494,646
544,624,436,476,491,645
535,612,447,482,499,639
542,611,443,476,500,645
540,622,432,481,498,643
530,620,442,484,499,643
538,627,437,473,499,644
540,623,448,474,497,642
542,611,443,479,494,637
541,622,448,470,496,646
540,622,443,486,487,643
537,620,443,488,487,644
539,624,433,482,499,638
533,624,432,489,493,647
539,624,443,486,498,645
544,615,443,488,494,640
540,609,447,485,504,636
528,625,447,485,504,635
543,612,445,485,497,636
544,621,442,475,503,644
530,626,431,485,499,641
539,626,429,484,505,636
536,626,444,482,491,646
532,628,433,486,491,644
541,625,445,481,494,645
542,622,445,481,506,637
536,625,444,482,493,645
530,627,440,479,491,646
533,627,433,483,502,647
529,623,444,481,503,646
542,612,445,480,505,640
542,620,448,484,502,649
539,625,444,484,493,644
541,618,443,483,495,647
530,622,440,486,502,646
542,619,443,474,497,646
542,622,441,472,506,643
540,610,445,484,502,636
536,627,433,487,500,648
529,622,434,487,500,643
542,611,445,486,499,635
536,628,432,488,499,646
540,621,452,478,506,639
541,614,446,490,500,636
539,621,445,487,505,639
530,628,437,494,499,648
540,623,444,483,497,647
540,623,451,479,499,647
535,626,448,490,490,647
540,615,448,493,492,645
537,620,449,491,499,636
534,612,448,494,492,644
531,603,451,489,505,638
534,606,452,481,501,645
523,611,448,492,503,646
530,602,453,488,503,636
534,613,450,482,503,647
524,615,446,483,501,644
530,619,449,490,495,647
525,621,441,496,502,646
529,595,453,481,502,646
535,600,451,495,503,637
530,610,451,491,495,648
532,603,439,492,505,644
531,598,453,494,508,635
528,611,438,495,504,646
529,611,451,492,507,643
527,603,439,500,508,649
524,606,455,493,506,637
530,620,443,493,509,645
533,620,440,492,505,644
522,621,454,496,510,642
520,620,443,496,508,636
523,629,454,494,499,648
529,630,453,484,503,645
521,619,453,497,511,642
530,616,452,488,511,644
527,630,451,498,508,644
523,633,441,501,508,648
530,628,451,486,511,648
528,631,455,488,508,647
520,636,445,500,508,646
530,629,441,495,509,649
522,618,457,496,511,639
521,637,445,499,503,637
528,636,458,489,505,647
519,627,454,496,511,643
522,635,443,501,507,648
531,631,454,483,511,642
529,635,441,497,499,646
532,630,453,499,507,636
526,636,456,501,509,650
528,632,441,502,499,646
519,627,452,500,508,648
531,623,442,494,511,648
526,635,456,492,503,648
530,622,454,500,508,636
532,633,454,488,510,637
526,637,457,490,505,646
531,632,448,498,512,646
529,635,456,498,499,647
520,630,454,498,511,645
529,634,458,489,512,646
531,615,455,500,511,636
532,627,453,501,505,640
529,635,455,486,508,644
528,637,457,497,501,647
521,625,458,495,510,638
528,637,456,491,507,647
531,627,453,487,513,647
528,634,458,490,514,647
528,635,455,497,497,648
519,638,448,501,510,647
521,629,443,483,513,644
529,633,452,500,513,649
530,631,455,502,504,641
531,632,457,488,511,644
522,626,457,498,514,638
521,625,457,499,513,637
532,631,453,503,501,642
529,633,458,493,510,644
529,636,456,500,513,637
531,632,460,499,501,649
532,632,453,499,514,649
531,634,444,500,510,645
527,622,459,499,513,640
529,635,458,493,506,647
527,636,455,499,501,647
533,630,453,496,512,641
529,636,455,503,501,646
532,623,454,502,505,638
532,638,459,489,505,647
521,629,453,490,502,637
535,631,452,500,512,634
533,632,455,486,512,645
531,633,453,487,507,646
530,632,453,488,511,643
531,636,453,498,511,643
532,619,454,501,506,638
532,629,453,502,499,644
529,633,447,498,512,648
525,633,442,500,509,648
533,620,444,498,508,648
535,629,454,501,513,635
534,623,444,494,510,642
525,620,458,488,512,645
522,629,452,500,510,645
535,620,455,498,507,638
529,621,456,496,503,640
528,634,441,496,512,642
521,628,448,499,509,646
533,628,451,485,511,644
530,619,456,498,511,637
530,628,456,489,505,644
534,630,454,495,510,644
531,631,454,485,505,646
536,628,442,495,508,646
533,631,454,485,506,644
523,630,444,497,505,648
535,624,449,487,497,645
536,623,447,493,507,643
535,619,449,491,504,635
538,627,436,491,506,644
534,633,448,484,495,645
528,630,434,491,501,646
534,615,446,490,503,633
532,633,432,489,500,645
534,616,447,487,504,631
529,620,444,488,501,643
540,628,447,474,498,640
542,626,438,478,502,638
537,630,430,489,499,644
543,626,432,484,499,641
532,630,430,487,499,641
535,628,442,477,494,639
542,625,429,481,502,637
539,614,438,485,499,636
542,624,436,475,502,640
537,628,437,484,490,638
542,619,433,488,491,635
536,615,437,480,497,641
543,622,435,473,504,636
544,621,435,476,501,638
539,617,435,476,491,636
540,623,440,472,501,636
538,613,439,483,501,632
532,620,432,486,502,637
532,622,435,483,499,638
544,610,434,485,489,636
546,621,429,482,497,639
538,626,440,487,498,641
543,620,433,485,497,639
535,612,439,484,502,628
543,620,438,486,497,639
532,621,432,487,499,640
546,610,436,485,491,629
540,625,440,472,494,630
546,626,434,474,499,637
541,607,440,488,503,627
533,614,437,485,488,636
539,625,439,474,499,638
545,622,434,476,502,636
537,620,436,488,496,633
543,622,432,474,504,636
540,625,439,478,502,635
541,622,441,476,498,638
538,627,427,489,501,632
547,618,436,488,493,632
533,616,439,486,498,641
540,624,439,486,488,639
539,625,427,485,500,639
536,615,442,487,501,635
539,627,428,485,499,640
542,622,429,482,501,639
540,626,441,488,489,632
533,618,439,478,499,628
543,615,438,484,500,636
533,622,431,481,500,635
541,622,438,486,504,629
539,625,442,478,498,642
536,619,439,487,501,635
545,623,429,487,497,628
537,625,428,487,500,626
546,620,438,475,501,639
543,609,440,487,501,635
542,622,437,487,502,636
534,626,428,486,489,640
540,613,445,484,502,629
543,609,442,487,498,631
540,612,443,475,501,641
542,621,444,474,501,637
540,622,438,492,489,637
536,626,439,476,500,637
533,620,442,487,489,641
545,611,439,481,488,643
541,625,442,485,490,641
543,614,441,489,492,633
544,623,427,485,501,640
540,626,444,480,497,639
546,620,438,477,492,634
540,621,441,474,499,637
528,627,430,490,497,641
541,622,442,489,489,636
544,620,441,490,497,641
547,622,434,480,500,637
539,625,445,489,491,634
544,615,440,490,486,633
527,625,436,488,498,641
535,626,431,489,505,628
545,611,442,490,488,638
538,627,429,489,497,641
541,625,441,486,489,642
535,626,432,490,498,643
538,611,444,486,500,638
537,620,437,485,495,638
537,609,445,485,488,631
543,625,438,483,488,636
544,624,429,487,499,640
542,623,441,488,488,639
541,622,445,475,489,641
540,624,441,489,488,637
544,618,440,491,490,636
542,609,443,488,500,638
533,616,443,484,498,632
547,622,433,481,501,639
544,620,441,476,495,641
533,624,441,488,502,640
545,615,436,476,500,638
541,622,429,488,500,639
540,625,442,484,496,639
534,625,433,488,491,630
544,613,439,474,502,639
535,626,430,490,498,639
540,610,446,488,503,630
541,620,445,478,503,630
535,625,441,483,499,639
541,609,444,487,490,640
539,623,443,487,490,642
538,626,429,491,499,634
538,626,429,492,499,640
543,621,440,478,504,637
535,625,432,490,498,643
541,624,444,482,501,640
547,623,432,483,503,640
539,626,443,487,505,632
539,627,443,486,501,638
529,620,438,489,502,640
537,626,431,488,502,639
532,619,433,493,503,642
540,609,445,491,500,638
535,608,448,490,505,632
541,620,444,493,494,638
540,623,447,482,504,632
541,621,436,491,505,640
531,614,449,489,507,635
534,610,447,492,502,630
542,610,443,495,508,630
538,624,435,494,502,641
542,616,443,496,504,631
533,622,451,482,506,638
539,627,449,489,495,642
537,620,448,485,503,638
544,619,443,497,494,636
540,618,444,495,492,643
532,613,449,490,507,633
540,611,448,496,506,635
531,611,451,492,506,631
532,627,439,496,507,642
530,614,446,494,507,638
538,626,447,491,489,641
542,625,445,488,504,643
543,611,447,495,506,631
542,624,449,482,505,639
540,622,443,497,495,638
543,624,444,483,496,635
542,619,445,496,497,634
530,626,448,491,495,642
541,624,438,490,507,639
538,627,446,482,497,635
541,629,447,491,493,639
533,615,450,495,505,639
532,620,448,490,508,630
532,616,449,491,499,641
542,624,444,496,508,639
532,621,441,494,504,632
529,623,440,493,503,631
543,621,440,488,503,638
540,625,446,492,497,642
539,624,446,491,495,639
541,627,446,493,505,638
540,623,443,496,493,640
533,618,448,492,501,632
539,624,443,496,493,639
542,623,442,483,509,639
530,628,435,483,500,629
543,620,443,496,499,642
543,622,440,484,507,638
535,612,449,490,491,633
545,612,445,493,504,631
531,615,447,492,507,633
544,623,437,487,508,638
543,625,436,487,506,639
543,620,443,484,507,638
540,625,445,485,493,638
542,623,436,487,505,638
543,623,449,481,506,637
541,624,450,482,508,640
541,622,449,481,505,638
541,615,444,496,504,631
543,622,436,487,508,640
542,625,449,483,502,639
544,624,436,489,506,643
546,621,443,491,503,642
541,624,434,490,504,641
543,622,446,482,507,638
544,622,438,481,503,640
543,611,445,493,495,640
542,621,446,489,506,630
546,623,440,487,508,637
542,611,445,492,505,629
541,610,450,491,507,641
542,612,445,496,499,634
545,617,444,494,500,636
540,611,449,490,495,633
540,622,446,483,509,638
541,619,444,491,507,630
544,613,445,494,502,630
533,620,443,488,508,635
537,627,435,490,503,644
538,628,447,492,497,641
530,616,448,492,507,632
536,615,449,489,507,634
531,616,448,489,509,634
536,628,435,495,508,642
535,612,449,490,498,633
539,622,450,479,499,642
541,623,447,482,505,640
540,624,450,483,507,638
542,627,451,484,508,640
542,611,446,493,502,631
533,621,440,483,507,638
534,625,435,496,502,643
542,621,445,479,505,633
542,617,444,496,510,639
534,618,447,489,508,636
545,627,442,482,508,638
543,623,437,487,509,637
538,612,449,490,497,632
534,626,449,487,496,644
542,627,440,482,508,638
544,616,448,482,507,638
538,626,434,493,505,643
540,628,448,487,500,641
544,622,441,478,509,636
541,608,447,494,508,630
542,611,446,493,502,631
532,624,445,492,508,632
541,623,444,483,509,638
531,622,445,492,508,640
544,618,445,495,499,634
542,609,451,491,508,631
543,618,446,496,497,636
542,619,446,496,497,642
544,619,443,481,507,640
533,627,435,496,505,642
539,621,450,489,499,642
543,608,449,491,506,630
534,625,434,492,504,641
542,621,448,480,508,640
540,625,450,482,508,639
541,611,448,491,506,631
541,627,450,488,498,642
537,626,443,495,494,641
538,610,448,493,507,633
535,626,437,497,505,642
544,622,440,483,509,639
539,609,449,493,510,631
542,621,445,495,504,639
542,609,449,492,509,630
540,625,446,492,495,641
536,610,450,491,509,630
541,618,446,493,511,641
543,623,438,487,508,638
539,625,448,491,494,639
532,617,445,492,506,633
531,612,451,491,509,643
531,623,443,494,505,631
543,624,437,488,507,639
538,626,436,494,505,642
535,623,450,483,504,639
538,625,435,493,505,639
546,624,437,487,507,639
544,621,450,482,504,640
541,626,447,491,509,639
534,610,451,494,509,632
538,611,450,490,496,638
545,621,443,494,495,631
540,619,445,494,497,637
540,624,436,490,508,639
542,609,446,493,498,640
526,624,444,494,505,642
534,618,431,496,501,643
541,622,444,498,496,633
542,621,451,481,507,639
540,625,448,493,505,641
542,618,451,482,507,638
541,609,448,494,507,631
544,617,444,495,497,634
543,622,449,481,505,643
540,622,446,493,494,637
544,622,448,494,493,639
542,618,446,495,497,639
543,609,450,492,508,631
531,622,443,495,504,639
533,622,444,493,505,642
544,621,449,483,507,638
541,620,436,493,507,630
538,625,434,493,504,641
540,625,450,486,501,638
539,611,449,491,510,630
539,624,440,495,495,638
541,623,447,493,503,633
542,615,433,491,504,637
543,609,448,493,505,630
532,620,445,495,506,641
544,621,443,483,508,641
543,617,446,495,498,635
545,623,435,487,508,641
536,615,451,491,510,633
543,621,444,495,496,643
545,621,444,483,509,643
535,625,436,494,504,644
542,618,445,496,498,630
536,623,450,482,504,639
541,624,450,484,502,642
539,622,450,484,502,639
537,616,447,494,508,634
542,622,445,496,494,640
539,623,446,494,496,641
533,623,439,497,505,640
533,611,450,492,508,641
534,613,449,492,509,634
538,608,450,493,510,631
543,620,441,492,505,643
531,625,438,496,506,642
539,622,450,482,505,640
536,625,434,497,505,641
539,623,448,498,497,639
542,613,446,499,503,632
531,625,435,498,506,642
527,618,450,495,510,641
536,622,448,487,510,637
537,623,449,487,511,636
535,622,453,487,511,640
534,628,449,500,500,639
535,626,453,488,507,640
537,613,450,498,503,633
537,630,439,495,510,642
523,623,453,497,511,635
531,624,453,500,502,641
532,614,452,500,510,631
525,632,441,502,509,639
528,627,455,488,512,641
529,620,446,503,509,641
533,627,449,492,513,640
532,631,440,500,512,644
534,611,449,503,503,632
533,618,454,502,511,640
533,624,451,503,504,636
523,630,449,503,513,632
534,627,452,487,514,639
537,628,446,496,514,642
534,624,452,502,503,634
534,622,455,490,515,642
533,625,455,488,508,641
534,627,451,502,502,640
528,617,458,499,515,632
533,627,452,504,501,640
531,632,442,501,512,641
530,617,458,500,516,642
538,631,456,494,507,639
527,633,455,502,503,642
525,620,455,500,515,631
535,631,457,492,508,637
534,629,441,504,511,642
527,622,455,501,516,631
536,623,439,500,509,642
529,619,456,499,514,631
537,624,451,504,505,636
537,630,454,499,503,631
537,630,456,500,506,641
534,632,441,504,512,639
531,617,455,500,515,630
533,629,441,501,510,638
532,629,454,498,503,641
529,632,443,503,511,642
534,632,457,492,508,640
526,622,453,494,514,629
527,620,454,501,512,625
527,624,449,501,512,632
533,627,440,502,511,635
533,628,455,494,510,642
526,620,453,499,513,630
541,624,446,492,514,641
537,627,457,493,506,639
539,625,443,495,513,642
531,630,442,504,509,642
538,626,440,498,512,641
534,611,455,501,511,630
535,630,454,499,503,642
526,621,452,499,512,630
536,626,454,492,505,636
533,612,456,497,513,631
539,623,450,503,503,635
536,628,457,489,507,641
536,629,454,499,501,642
541,620,450,503,504,643
528,615,455,499,512,637
536,628,454,492,507,641
536,610,453,500,511,631
540,617,452,501,506,631
537,624,457,487,509,639
535,618,451,493,503,638
536,629,454,492,503,640
538,624,450,502,500,637
535,611,455,497,513,630
537,619,453,492,502,638
532,625,455,490,506,638
534,612,455,496,513,633
532,613,454,497,513,629
530,616,455,498,513,631
536,623,456,488,510,631
539,621,451,488,512,640
541,621,451,488,511,638
537,625,452,500,500,643
531,620,442,502,509,637
530,611,455,498,512,633
536,628,440,501,508,644
539,626,451,499,502,638
536,628,451,498,499,640
538,626,454,499,499,641
528,622,452,498,511,638
534,625,457,490,505,641
538,623,451,502,501,637
543,615,452,501,504,643
537,624,450,500,499,638
539,622,456,494,506,641
525,626,446,499,510,641
541,622,451,489,512,632
539,627,454,495,502,641
536,625,440,500,510,641
532,622,440,498,504,641
538,624,442,497,511,640
539,623,457,489,508,640
541,622,448,491,512,642
536,623,448,500,500,639
540,615,455,500,506,633
541,622,451,503,502,635
528,628,446,501,508,631
536,628,453,495,502,641
538,626,454,498,499,642
527,623,450,501,510,641
530,615,452,499,510,641
542,622,445,497,509,639
532,610,452,499,509,639
527,619,453,498,510,638
535,612,456,497,510,632
542,624,446,493,511,638
541,610,454,497,511,630
529,627,442,502,507,642
541,611,449,501,506,631
540,611,453,499,506,630
530,623,444,501,507,643
541,616,452,486,507,640
528,626,441,502,506,637
538,618,451,501,498,637
538,610,454,500,503,631
537,623,456,487,506,643
534,611,457,498,511,631
527,621,454,497,510,643
542,621,445,488,498,640
538,626,439,499,508,640
539,622,451,498,512,629
541,627,453,492,511,640
535,625,454,499,498,642
540,620,451,501,500,643
539,626,454,494,498,642
539,624,442,498,509,641
528,621,453,499,504,639
538,626,454,488,506,638
532,615,456,498,513,629
542,623,445,492,511,637
538,626,456,489,505,640
539,609,454,498,511,638
537,626,454,498,499,641
540,611,451,501,506,631
537,626,454,500,498,641
528,621,452,498,510,641
540,628,458,490,507,640
529,626,444,502,508,642
530,621,452,499,511,636
532,628,444,502,509,643
532,613,456,499,514,631
536,626,457,490,509,631
538,626,455,491,507,639
541,618,451,502,502,633
527,622,453,500,512,631
541,624,445,495,514,640
527,618,456,499,509,635
537,621,452,491,515,631
535,627,457,491,507,640
539,629,453,492,514,642
540,625,454,491,514,639
529,617,457,500,514,631
537,603,456,501,509,632
528,626,446,504,511,637
534,613,456,503,516,633
527,626,449,498,512,632
526,627,450,504,514,632
525,621,450,501,516,630
535,628,459,492,515,637
538,627,456,492,509,638
524,626,449,505,513,632
529,617,458,501,516,632
530,617,458,499,515,631
536,631,444,497,514,642
528,621,456,500,515,634
522,626,457,500,515,629
531,634,459,494,515,640
532,621,460,500,509,631
524,638,447,505,511,630
535,636,446,506,511,643
527,620,460,500,514,635
530,621,458,501,514,635
534,627,456,504,509,635
531,636,462,490,512,636
529,635,447,504,513,637
534,622,457,502,513,638
526,620,461,500,516,632
531,636,447,497,514,642
531,632,457,504,507,632
528,637,445,503,513,644
532,624,460,505,510,632
521,639,450,505,510,639
534,634,454,491,518,641
526,639,464,492,513,637
521,625,462,501,520,631
534,630,459,511,508,636
532,625,459,504,514,639
531,631,458,492,520,641
524,623,465,501,521,632
520,639,450,505,518,638
534,636,462,490,519,640
533,631,461,502,511,635
534,636,461,492,521,640
526,624,467,500,521,632
530,621,466,504,520,636
531,635,470,493,518,639
530,634,466,494,523,637
525,625,472,503,524,631
526,636,474,493,521,638
528,637,473,495,520,638
528,625,473,503,526,631
524,636,471,506,512,640
530,637,471,505,513,631
533,633,466,499,526,641
528,631,470,508,515,643
522,628,473,505,524,630
529,633,472,495,522,641
526,638,457,508,522,640
535,633,463,501,526,642
519,636,464,508,523,634
532,635,473,493,521,639
534,633,465,495,526,641
533,633,466,488,525,639
527,639,472,500,511,642
520,630,468,501,521,632
531,634,474,490,519,639
529,630,469,500,506,640
523,640,458,499,515,643
521,630,466,493,519,632
521,636,450,496,515,638
531,619,466,491,520,636
531,637,465,483,511,638
526,638,448,493,513,640
523,638,446,494,512,638
532,622,460,489,520,634
524,632,457,491,519,630
529,620,457,488,519,632
527,636,441,493,514,639
534,635,454,488,507,642
535,620,454,490,513,636
534,634,454,479,512,637
528,621,452,485,517,629
533,634,450,482,505,641
535,632,450,480,508,641
532,632,435,484,514,642
535,616,449,486,514,633
528,627,439,486,511,641
523,631,432,486,510,644
539,625,436,480,504,640
527,625,440,481,511,638
541,619,434,470,510,636
541,607,434,478,500,633
530,616,424,480,504,642
540,611,438,465,504,639
535,597,434,478,509,630
542,606,433,467,508,636
539,594,438,471,508,630
540,610,433,477,502,627
540,593,436,473,510,630
542,611,433,475,496,641
542,610,431,478,495,638
541,591,433,475,506,632
545,592,430,475,501,629
547,594,429,476,504,628
536,611,421,479,501,639
548,604,425,477,493,632
548,608,423,467,505,635
550,611,413,468,503,633
551,612,413,476,503,637
538,610,426,478,504,638
547,599,426,477,504,627
547,609,424,472,496,635
543,596,427,477,507,627
540,606,425,482,502,632
554,597,425,481,498,626
551,606,422,484,492,630
546,602,425,484,496,627
550,604,423,483,492,627
552,606,429,483,491,632
551,593,426,480,500,623
547,592,428,480,499,624
544,610,417,484,499,635
546,609,414,482,499,635
542,611,414,485,500,634
550,610,416,477,504,632
544,611,423,469,503,631
538,609,424,484,502,633
551,604,435,472,504,632
536,607,426,487,503,636
548,605,432,476,509,632
540,592,438,484,507,626
547,595,437,490,505,624
547,611,427,488,506,636
541,597,441,491,506,625
544,608,438,493,501,629
533,618,429,496,506,636
537,616,446,484,502,637
540,617,439,487,511,637
538,613,445,495,504,631
541,614,444,497,505,636
527,627,437,499,510,641
538,619,448,497,504,634
526,629,444,499,510,643
536,625,454,499,502,635
540,619,450,500,503,634
531,615,456,493,512,633
540,620,453,500,504,635
527,624,446,497,513,639
535,612,459,498,512,638
531,629,446,501,511,644
533,630,448,500,512,645
537,616,458,502,510,639
532,626,458,501,504,644
530,624,460,503,506,646
530,628,451,502,516,650
518,619,464,500,519,638
528,628,451,505,518,651
521,632,455,507,517,645
527,631,467,496,510,650
518,621,468,501,523,640
527,628,470,495,516,648
521,624,466,504,523,642
529,629,465,508,511,652
517,630,461,508,522,646
530,627,459,503,525,653
526,617,463,508,525,645
518,633,458,510,521,648
519,634,457,510,520,649
526,630,471,499,522,649
526,616,471,510,522,647
526,632,456,512,524,655
529,618,470,510,527,649
527,630,472,502,523,650
524,622,470,511,526,644
523,636,460,513,529,644
526,636,456,512,526,646
519,636,461,512,523,649
517,638,452,512,527,644
529,638,464,505,512,654
533,630,458,502,509,645
533,632,453,501,506,644
538,634,452,499,504,646
532,642,453,494,498,651
536,637,450,499,498,647
538,628,451,495,508,641
537,638,446,492,510,651
539,629,454,496,507,642
532,641,456,493,502,654
536,634,453,499,502,646
535,638,454,486,512,649
538,637,452,486,512,651
535,641,456,487,508,650
530,626,454,493,511,644
530,644,437,495,508,652
524,645,444,497,506,653
535,641,436,493,508,650
539,639,440,492,509,649
539,636,440,487,509,648
539,629,443,497,499,646
537,635,444,482,510,648
534,637,448,482,505,648
526,638,435,496,507,650
531,625,446,491,511,652
524,634,438,495,508,652
532,638,444,489,506,647
527,635,431,491,503,652
538,622,442,484,512,647
529,635,430,496,506,650
534,616,445,492,508,638
536,635,443,489,498,650
538,630,432,489,509,649
540,625,440,497,500,643
539,628,443,484,509,647
531,617,444,493,511,638
540,613,442,492,498,641
535,625,441,487,501,647
535,629,440,495,496,647
535,612,444,492,504,637
541,617,441,494,504,639
540,621,440,497,500,639
536,627,444,483,505,646
535,631,427,496,505,649
526,632,427,497,504,647
535,613,441,493,504,637
541,626,428,488,507,645
539,626,440,482,505,645
541,624,431,484,508,644
538,628,441,482,504,645
539,626,441,482,505,647
543,613,434,492,493,641
543,625,423,492,511,644
539,627,437,486,498,646
537,625,432,494,493,645
542,622,419,487,507,644
536,627,417,495,501,645
540,614,424,492,490,640
543,611,429,496,500,635
531,628,418,493,503,644
538,610,428,493,502,633
542,623,430,481,501,642
542,614,427,492,495,641
539,624,428,487,494,641
538,604,430,486,507,630
529,611,428,485,504,635
534,607,429,487,506,632
546,607,425,489,497,630
531,610,428,485,503,634
534,620,414,492,500,643
532,622,415,492,502,641
531,621,412,492,502,642
539,620,424,491,493,640
532,619,414,490,501,642
539,619,425,485,495,638
544,613,426,478,505,636
541,618,411,488,503,640
543,618,425,481,503,638
545,617,412,486,504,636
544,607,418,477,502,635
543,601,423,493,503,628
534,612,420,488,506,633
529,609,419,492,506,636
541,616,426,481,497,635
542,614,418,493,495,633
546,615,422,481,506,633
544,616,425,479,506,633
545,605,427,493,499,628
542,612,430,478,507,634
544,608,428,495,493,631
542,612,434,487,494,636
541,614,422,490,505,636
540,617,436,481,502,634
542,608,435,490,506,627
541,611,438,488,506,625
541,620,433,492,490,635
541,616,438,482,506,633
542,620,429,487,506,634
542,618,436,496,495,631
540,603,441,493,508,625
543,614,438,496,495,632
543,622,444,484,504,633
531,622,437,494,504,635
532,624,436,494,505,636
532,620,442,492,507,629
531,628,429,496,505,638
537,612,447,492,509,626
540,611,443,495,505,627
537,615,443,492,510,627
541,624,448,483,508,634
541,623,442,496,495,634
543,623,436,489,508,634
539,628,429,493,504,637
529,630,432,496,503,638
532,624,437,495,505,637
542,626,442,496,497,636
536,624,432,495,506,640
528,615,439,495,505,641
545,605,443,494,505,628
544,614,441,484,511,635
543,617,431,491,509,637
533,611,445,493,510,634
533,614,446,494,512,629
530,612,443,494,512,640
535,605,447,495,501,640
536,608,447,494,514,632
541,593,444,497,509,643
535,617,443,493,501,644
542,614,444,480,508,641
538,603,446,499,498,644
534,597,447,495,515,632
544,605,437,493,514,644
537,613,434,494,512,646
534,614,446,486,508,646
535,606,447,489,509,644
539,612,436,485,511,643
523,617,439,498,512,646
534,610,441,501,503,641
530,602,444,498,499,642
521,606,436,500,510,644
520,600,444,489,513,646
527,606,427,501,506,645
532,611,439,502,508,642
525,603,435,490,512,643
536,588,437,499,501,637
525,601,438,499,511,640
531,590,438,500,506,634
525,606,437,499,508,637
530,605,441,498,509,637
536,607,437,500,495,645
526,600,440,498,511,636
534,617,436,504,496,642
536,609,431,494,509,642
535,596,435,502,502,634
524,602,438,497,509,640
523,600,434,502,509,641
534,624,434,502,496,643
533,621,434,490,505,643
530,613,439,493,510,635
536,613,437,499,503,633
534,611,439,498,510,633
539,608,436,503,499,635
535,625,437,498,494,644
538,621,427,493,507,644
538,616,439,491,505,643
535,613,438,492,499,645
539,616,425,498,505,645
526,615,437,500,507,636
531,617,439,499,508,636
539,619,435,503,500,637
529,615,439,498,507,634
535,624,423,496,500,644
534,604,438,490,501,643
535,610,433,499,493,642
540,610,431,488,508,640
528,613,434,498,508,639
536,617,438,489,503,643
526,606,430,500,507,639
534,604,437,498,508,632
536,624,433,499,496,644
533,623,425,495,508,643
529,610,435,497,507,638
537,623,439,492,500,644
537,621,432,490,508,642
537,623,437,490,502,643
536,608,422,499,505,642
534,617,437,489,507,642
539,620,423,492,508,642
534,610,435,498,507,632
536,616,435,494,500,644
539,621,422,500,504,642
538,623,425,496,508,644
532,623,435,491,505,643
529,626,429,502,501,645
526,624,431,502,508,642
535,624,438,489,503,644
531,616,436,497,510,637
528,608,437,497,512,633
540,621,435,489,508,641
536,625,435,502,496,644
526,622,429,503,506,645
532,610,436,498,509,633
533,614,438,499,510,634
540,623,434,504,500,637
537,613,437,500,505,633
531,616,437,498,508,638
529,631,427,502,505,644
529,628,432,502,507,645
537,614,438,500,508,633
534,613,437,498,512,635
538,626,437,489,508,642
529,627,430,499,509,643
537,613,437,500,508,634
538,625,424,495,507,643
531,618,437,499,510,636
539,612,436,502,508,633
540,611,436,500,507,633
540,619,432,503,501,636
537,629,435,493,499,644
531,630,423,503,508,646
527,623,435,498,509,640
527,628,429,502,509,641
529,631,428,500,506,642
538,627,438,491,503,641
538,630,434,498,497,643
538,628,436,492,501,644
538,624,438,488,509,641
530,624,429,502,503,644
537,627,439,489,508,643
541,630,422,499,509,642
540,627,433,485,510,641
537,629,437,498,499,644
536,628,440,486,506,645
528,630,430,498,509,641
528,629,425,503,508,645
522,625,435,503,511,643
533,626,436,489,512,642
535,600,442,502,508,635
533,601,445,492,508,644
518,610,436,501,510,642
532,613,440,494,499,644
529,608,444,493,506,644
533,601,444,501,508,636
524,608,447,498,514,634
526,621,431,502,509,645
528,614,433,501,508,646
520,620,439,502,509,646
532,610,437,495,509,639
530,605,445,503,508,634
524,604,449,499,513,636
522,607,449,496,503,646
534,619,447,503,505,637
530,618,445,504,500,641
525,611,454,502,516,634
530,618,448,505,505,639
527,627,450,504,504,643
523,611,456,502,517,636
531,626,448,488,517,647
527,630,461,489,513,644
518,626,461,500,515,637
517,632,458,504,516,640
514,640,457,507,517,644
527,623,463,502,518,645
528,632,459,500,524,649
514,638,457,510,520,650
519,626,467,509,515,649
524,625,468,512,513,651
522,625,461,502,525,653
511,636,464,510,524,644
520,635,471,504,514,649
520,626,475,507,532,643
520,645,472,505,516,650
525,630,472,508,524,650
521,642,458,507,523,655
519,627,473,506,529,643
519,627,475,505,527,644
523,633,465,497,525,655
522,633,471,509,521,651
523,643,472,495,523,651
514,644,461,509,524,651
525,642,475,495,522,651
524,638,467,504,511,652
528,639,469,494,526,654
523,640,469,494,526,645
521,646,455,503,521,656
522,644,471,496,514,652
526,644,471,493,514,653
515,631,467,500,523,645
518,644,453,501,518,656
525,639,469,489,517,650
521,633,462,503,511,646
515,627,465,498,522,643
524,640,464,488,518,652
529,632,458,499,511,646
529,625,459,497,518,649
530,636,459,483,518,650
529,634,450,483,518,652
519,641,443,497,513,646
518,630,454,491,517,642
526,625,455,493,516,641
527,640,452,488,509,650
531,637,435,494,514,652
523,628,448,492,514,638
528,635,432,497,510,649
532,634,441,494,499,644
536,631,439,489,503,643
536,621,440,489,508,635
534,620,442,488,507,633
538,630,425,487,508,644
527,624,435,486,512,637
534,629,424,486,507,643
542,615,433,486,510,632
542,627,423,484,510,641
530,620,434,486,508,635
538,625,433,481,500,639
529,624,427,487,505,644
534,626,422,490,506,641
545,603,431,488,503,630
540,623,434,477,501,640
533,615,431,483,507,635
543,618,422,481,506,635
541,621,430,488,495,636
543,619,432,478,505,634
537,607,432,485,511,627
544,617,432,474,506,635
542,617,427,474,510,634
534,622,418,490,506,638
542,603,435,487,510,628
541,611,432,476,500,635
542,602,434,486,511,627
535,619,420,490,505,637
536,620,432,487,497,635
537,620,436,483,502,636
529,612,435,488,510,630
538,619,436,479,509,633
528,618,427,493,509,636
536,610,439,491,512,630
536,622,438,494,500,637
536,621,432,498,501,632
533,630,442,488,509,637
540,626,442,485,514,636
532,632,444,491,509,637
534,629,447,490,506,638
532,632,445,490,507,639
525,610,448,496,514,629
524,615,441,502,511,640
535,627,448,497,501,639
524,618,447,497,511,640
525,628,450,497,514,632
528,619,454,497,516,632
525,638,439,503,511,643
523,632,453,497,516,632
532,637,453,506,504,639
522,636,450,503,514,634
522,640,447,500,514,637
530,640,459,494,511,645
523,643,446,506,514,642
534,638,458,492,518,642
535,639,448,498,520,646
528,627,461,499,521,634
532,644,459,498,512,641
533,633,448,498,514,645
536,642,460,490,520,642
526,627,465,502,521,633
522,645,456,504,517,638
532,634,460,504,510,638
530,638,463,505,508,643
520,642,461,502,519,635
533,640,464,493,524,645
527,644,471,503,514,642
527,647,459,507,523,641
530,644,477,498,521,642
532,630,476,507,526,638
532,642,477,495,530,643
529,643,475,511,517,644
524,644,479,500,524,643
529,642,479,496,523,643
529,646,478,500,520,642
531,644,471,499,529,646
530,638,475,509,515,644
528,645,480,497,524,642
523,631,480,505,527,639
531,630,477,505,525,638
534,646,465,499,523,647
528,643,473,505,513,646
527,631,477,501,526,636
530,643,462,500,519,643
520,636,475,502,521,634
532,643,464,497,520,646
530,645,473,492,513,642
530,642,462,504,509,642
533,629,467,501,511,636
527,627,470,498,516,637
526,630,471,498,520,635
524,644,455,503,513,643
535,639,463,491,518,645
529,644,469,492,508,646
535,636,462,486,516,646
535,640,458,494,515,646
529,642,470,495,504,646
536,628,467,501,512,634
522,642,461,501,515,635
530,642,456,501,513,645
532,642,468,493,505,646
530,642,452,499,512,646
526,626,465,492,514,643
525,639,463,496,513,635
537,632,462,501,506,637
534,636,452,499,511,645
537,629,464,501,508,636
526,642,457,499,512,640
526,636,459,498,513,635
528,628,464,494,514,636
533,625,461,497,516,638
537,635,460,484,511,644
536,638,460,495,501,645
528,640,444,492,511,645
529,626,461,495,514,633
535,618,459,493,511,633
540,622,454,500,505,635
536,632,442,493,510,645
538,622,450,499,503,638
526,617,449,497,508,635
537,618,452,483,509,640
541,620,435,492,505,636
529,612,448,491,507,642
528,615,444,497,509,643
536,604,449,487,505,645
540,601,440,487,512,645
535,620,430,497,505,645
535,615,440,489,503,643
529,618,432,500,506,646
539,619,433,491,510,644
535,618,430,496,508,643
537,615,437,501,493,640
530,608,431,498,506,645
534,609,445,491,501,644
537,594,445,497,509,635
540,613,438,484,511,642
534,600,445,495,509,634
534,609,445,486,508,642
530,609,437,493,508,641
540,616,444,487,503,644
536,613,442,495,495,644
540,605,441,485,508,641
540,606,440,497,504,634
532,621,428,500,503,646
537,604,440,496,507,635
537,620,441,496,494,645
538,607,442,497,505,634
541,605,431,494,506,643
528,609,437,497,505,643
532,611,426,501,501,645
539,613,425,495,505,644
538,623,439,489,501,645
539,608,437,492,506,632
525,619,434,497,504,640
535,620,435,501,492,642
531,613,440,496,494,644
535,613,440,490,497,646
536,611,434,497,491,643
538,615,440,486,501,642
538,619,425,493,504,641
538,608,432,486,503,641
527,610,437,495,506,638
532,610,422,499,503,645
540,608,425,487,505,640
540,605,429,488,506,644
534,614,421,502,501,647
537,599,434,496,501,633
534,617,433,492,493,645
535,617,429,500,491,642
539,615,431,487,505,643
527,616,422,501,502,647
541,597,432,498,499,636
536,616,431,502,487,644
536,619,431,500,493,642
538,618,422,494,505,643
536,617,431,502,494,644
539,605,429,501,496,638
536,616,421,498,502,644
536,622,433,487,504,642
535,611,434,493,507,634
539,607,429,489,506,641
535,597,433,499,503,643
537,617,436,492,501,644
538,613,431,502,492,643
530,623,421,501,501,648
536,620,420,500,504,645
542,611,429,489,507,643
529,614,434,498,507,638
535,610,438,497,505,635
541,612,433,501,498,637
540,619,436,487,501,644
538,608,433,499,500,635
543,619,433,503,495,643
540,619,431,503,493,641
541,619,424,495,502,645
538,619,438,492,498,646
531,616,436,497,506,637
536,625,435,498,496,645
542,622,433,503,495,643
542,625,428,496,508,644
540,615,433,502,501,637
539,614,438,499,506,635
529,620,437,500,506,639
534,615,437,498,506,634
534,621,438,498,510,637
536,633,439,492,500,647
540,622,436,487,507,643
537,610,439,499,510,639
539,614,438,500,506,636
542,619,435,489,511,642
537,622,434,502,496,643
529,617,437,500,507,640
543,613,436,503,504,635
536,626,436,499,495,645
541,624,425,499,507,644
530,616,433,502,507,643
542,613,437,490,508,642
529,606,436,501,507,643
530,608,438,502,508,642
542,617,437,491,509,643
539,610,439,501,508,633
541,622,441,488,502,641
535,625,441,495,500,645
527,621,433,504,507,644
541,622,431,496,510,644
539,616,433,502,493,641
542,623,428,496,507,644
540,615,438,487,505,642
529,620,435,502,507,645
529,617,440,499,508,640
530,620,441,499,509,638
540,624,431,492,511,642
538,617,436,505,501,638
531,631,426,504,507,647
538,618,436,502,506,636
525,629,434,501,507,647
534,632,426,503,506,647
538,627,438,492,508,643
527,633,428,503,505,649
526,630,433,505,506,649
538,630,444,491,504,646
525,622,440,499,510,644
538,627,439,490,510,645
529,631,426,504,504,649
533,632,440,495,498,650
534,629,442,490,507,646
532,631,440,501,497,648
522,633,427,504,504,649
533,636,426,503,505,650
526,632,427,503,504,651
532,626,433,504,493,643
531,631,441,493,510,638
524,626,435,497,507,646
523,625,436,500,509,647
526,625,438,504,495,649
536,625,436,493,509,649
531,612,441,500,508,638
534,622,445,491,506,648
533,621,444,491,504,647
526,603,440,500,507,645
524,604,437,501,506,640
531,606,440,500,506,639
536,610,439,497,506,639
524,625,433,503,497,639
532,627,442,496,501,651
532,619,437,503,501,642
532,610,439,499,507,640
534,618,444,491,506,648
535,610,438,503,502,645
536,611,440,496,508,638
531,623,435,504,498,647
533,627,438,502,496,646
538,614,436,505,500,642
532,615,440,498,499,652
537,613,438,492,510,648
536,615,438,502,509,639
538,628,432,493,511,647
532,613,441,500,509,639
529,628,434,502,507,653
534,626,440,499,499,651
537,623,437,503,498,647
529,612,440,499,510,640
532,611,441,498,511,640
535,628,433,488,509,642
538,618,436,503,501,645
536,627,443,489,507,649
533,632,441,496,498,650
538,634,439,500,500,650
540,618,439,501,505,641
539,631,440,489,509,648
527,633,433,502,510,651
536,637,430,498,509,650
539,619,440,502,508,640
535,630,437,505,509,652
539,630,439,490,512,648
526,633,434,503,511,649
539,631,439,498,502,650
527,626,438,499,513,640
525,629,435,502,509,652
531,627,436,499,514,642
536,633,440,498,502,651
539,632,440,489,511,646
541,618,439,501,511,637
540,629,437,489,512,650
538,631,436,502,499,647
542,630,433,491,514,646
542,624,428,494,510,646
541,625,441,503,504,643
539,616,441,500,511,634
537,631,440,500,501,650
540,627,436,504,504,644
536,634,440,495,505,649
544,621,435,485,511,647
535,620,441,500,514,639
543,628,433,494,513,650
543,615,441,501,511,638
537,630,443,491,511,639
542,627,435,496,514,650
533,620,445,501,514,638
540,615,443,504,513,646
542,621,442,503,508,639
542,628,435,501,513,650
541,632,432,501,515,650
542,629,435,499,515,650
532,633,431,503,512,650
538,634,443,494,510,648
541,628,446,491,513,647
539,628,440,494,515,648
538,627,442,493,515,648
538,630,448,494,508,649
536,627,448,493,503,650
533,619,449,501,517,637
532,620,448,501,517,638
539,624,437,503,511,647
536,630,448,502,503,651
538,624,447,506,504,647
538,628,445,494,514,648
529,621,450,501,517,637
540,627,446,493,518,648
537,634,455,494,510,648
538,618,448,504,510,638
541,629,443,497,515,648
539,628,446,494,516,649
539,627,444,491,515,649
536,630,452,494,510,646
533,616,452,502,514,641
536,612,452,501,505,638
534,602,439,504,512,649
540,608,448,493,515,647
531,602,454,502,514,636
536,616,438,505,513,648
543,615,438,493,516,647
541,588,450,504,508,638
528,615,450,501,514,638
528,620,442,505,512,648
541,614,450,494,515,646
540,608,437,495,513,649
528,616,448,502,515,637
533,605,453,500,516,636
541,612,449,505,503,645
540,610,448,505,505,641
530,612,452,501,516,636
533,623,439,504,517,648
540,611,446,491,512,647
539,595,453,500,518,639
530,624,438,507,511,649
529,613,452,500,516,636
540,621,447,492,517,647
537,619,450,498,501,647
529,610,446,499,511,646
540,621,440,494,514,650
535,626,437,506,511,649
531,615,452,501,517,636
540,619,449,504,502,647
531,626,438,504,512,643
531,627,437,505,512,642
537,623,452,494,508,648
536,622,448,499,504,646
531,625,444,504,512,639
542,613,447,503,510,636
532,627,439,504,512,644
543,614,447,504,512,643
534,628,448,493,507,646
541,619,432,495,512,645
539,630,449,493,507,646
542,616,445,501,501,642
541,628,448,491,508,646
542,628,443,502,502,644
535,625,434,499,507,645
542,631,446,496,503,645
531,629,438,498,511,645
545,625,443,486,514,642
533,626,441,499,512,633
541,630,442,489,503,641
533,618,441,500,512,636
544,627,433,498,508,645
541,627,445,500,498,644
546,624,438,490,511,639
539,615,447,498,512,633
543,611,446,500,512,636
546,616,443,502,503,635
536,630,439,503,504,645
548,623,439,491,509,641
545,627,432,499,506,642
543,624,439,490,508,639
541,628,436,485,509,637
544,611,446,499,505,634
538,616,445,495,509,636
542,626,447,489,503,639
537,623,442,497,507,639
544,629,443,495,497,641
548,619,440,500,495,636
545,622,447,487,501,639
536,623,438,501,505,639
547,625,446,485,504,639
540,614,447,496,509,634
549,622,447,485,507,639
549,621,444,486,508,639
547,621,443,486,505,639
548,621,437,489,504,638
546,625,445,499,495,641
551,622,440,488,510,638
548,626,441,499,496,642
548,626,444,486,508,640
548,624,432,498,506,642
549,614,444,497,494,637
546,611,442,500,499,632
549,611,445,501,505,632
545,612,447,498,507,633
549,621,442,487,507,638
544,612,447,497,508,632
548,626,433,496,507,641
550,623,441,489,509,640
548,613,445,500,506,629
545,625,432,504,508,641
548,621,444,503,512,640
543,611,449,499,508,632
547,619,445,502,502,633
547,623,439,495,511,641
546,618,446,503,504,635
541,616,448,491,514,642
540,615,437,498,514,644
536,609,438,503,511,643
538,612,441,499,514,645
536,613,449,506,508,636
526,609,451,503,516,632
528,608,453,503,516,633
529,623,455,493,507,644
534,620,448,498,517,643
530,613,455,494,510,642
529,614,452,506,503,640
531,622,453,494,517,642
534,622,453,494,517,643
530,621,454,493,516,642
527,624,458,496,511,643
527,622,457,501,507,645
517,605,458,504,518,633
526,620,445,504,516,645
528,613,456,506,519,637
527,631,456,504,504,646
530,631,444,505,514,646
533,619,454,507,518,640
521,621,460,504,515,634
524,623,461,503,520,633
528,634,461,502,509,645
521,641,451,508,514,640
529,633,461,494,516,641
524,627,463,504,518,634
532,629,458,512,506,641
521,636,456,508,516,636
534,627,453,499,517,645
525,634,451,508,516,643
530,638,463,507,506,643
532,632,461,495,519,642
525,635,451,510,516,642
529,632,460,509,508,641
529,639,460,496,512,643
522,625,465,505,521,633
528,622,466,506,522,637
528,615,466,502,517,635
534,633,452,502,517,645
530,635,461,511,509,642
535,623,462,509,511,637
528,619,467,506,519,636
520,638,457,510,514,635
529,620,464,506,520,636
535,632,459,497,521,645
534,635,450,502,520,645
532,633,463,492,519,642
532,636,448,508,516,644
523,631,462,507,519,633
521,639,451,511,517,640
535,625,460,493,517,642
532,618,464,508,516,641
534,633,464,495,518,641
525,623,465,505,516,633
529,638,464,503,508,646
534,627,459,508,512,637
536,630,459,497,519,644
524,635,456,508,517,637
521,634,457,502,519,633
519,630,463,506,517,633
533,620,465,496,517,637
535,632,466,496,520,644
536,633,452,502,517,644
533,631,463,499,510,646
534,631,458,496,516,644
531,630,459,508,507,641
538,629,460,507,508,638
532,635,449,507,516,642
538,618,457,507,511,635
538,631,460,494,516,644
539,628,459,508,508,636
534,635,450,506,513,645
537,631,462,494,513,640
534,633,462,506,504,644
537,633,460,494,513,643
537,628,462,495,515,642
539,630,462,491,516,643
535,609,459,502,513,633
528,632,448,501,514,645
526,629,459,502,514,635
537,618,462,491,510,634
535,633,455,507,504,643
533,619,460,506,509,636
541,626,450,494,516,646
531,617,462,502,516,635
534,633,449,505,512,644
529,632,448,507,513,640
534,632,462,497,508,644
535,633,460,504,505,646
538,628,456,494,517,644
539,618,462,503,514,638
536,631,462,493,512,642
538,629,460,492,515,644
534,618,461,500,517,637
537,629,453,486,511,641
537,631,443,491,513,646
541,631,440,491,511,642
537,626,439,489,506,644
539,626,447,495,499,638
529,633,435,495,506,645
535,633,447,489,500,644
534,617,446,494,508,633
533,610,444,490,510,633
536,631,432,492,509,645
525,628,441,492,510,638
529,619,443,492,511,640
542,618,436,488,511,642
540,606,441,497,501,640
537,601,443,493,509,634
539,618,442,497,498,639
539,617,435,488,511,638
539,627,443,496,500,643
541,631,430,495,508,645
536,615,446,492,510,634
541,626,433,485,511,642
540,627,438,497,497,640
540,626,437,495,498,639
540,623,436,494,498,638
537,615,440,489,506,634
537,631,437,481,497,643
541,617,425,485,493,632
531,626,418,479,494,643
538,631,425,474,488,641
541,629,425,471,491,641
533,634,411,485,491,644
532,633,409,483,491,641
540,607,423,472,489,637
528,605,420,480,495,636
544,590,418,471,495,640
548,603,417,471,497,636
532,620,420,481,493,640
542,625,424,479,485,639
537,630,412,483,495,639
539,632,413,482,494,641
545,621,422,483,489,635
547,614,427,483,497,631
547,622,420,476,498,638
543,624,430,475,493,640
536,623,421,484,498,638
545,622,429,471,493,640
542,602,428,482,502,630
550,620,416,479,500,637
548,616,425,473,501,636
548,618,429,474,498,637
551,619,425,488,491,635
543,622,412,482,500,637
548,617,426,479,496,639
551,600,425,484,490,638
554,606,422,477,502,636
555,609,413,486,502,639
552,620,426,481,488,637
542,613,421,487,499,638
548,622,413,490,498,639
549,623,428,478,497,638
547,604,427,486,499,632
551,620,428,478,495,636
554,618,421,476,504,635
544,606,422,486,500,633
544,612,426,484,501,633
551,606,428,485,502,626
555,613,423,488,496,629
544,611,430,484,502,634
550,623,428,479,495,636
556,619,420,478,499,634
557,617,424,489,490,631
541,616,424,488,499,633
549,625,428,484,489,637
554,618,419,483,502,635
545,609,417,490,499,640
541,600,431,489,504,633
549,605,430,491,491,635
550,601,429,480,504,635
538,583,433,491,504,634
548,601,436,480,503,637
544,609,422,492,502,640
539,608,423,494,500,641
543,595,435,492,502,630
545,611,425,490,505,641
545,600,438,495,502,632
534,618,440,491,495,644
539,612,437,503,496,639
539,612,436,492,507,643
529,618,438,504,510,646
540,620,436,494,510,643
538,622,433,498,509,646
531,614,444,503,510,639
534,627,450,492,507,648
528,636,446,498,500,647
529,620,451,501,510,642
527,629,454,501,507,652
522,611,440,512,513,649
529,589,455,507,514,648
527,626,456,505,509,654
522,608,460,508,522,643
518,627,460,508,522,641
529,636,460,497,521,654
526,644,444,504,520,654
528,640,463,505,512,652
527,646,462,503,509,653
527,631,467,505,522,648
531,641,461,498,524,655
522,633,470,504,524,646
523,648,454,510,520,652
519,649,461,508,521,648
529,636,469,507,525,649
534,640,461,502,524,655
531,632,465,510,518,651
523,645,468,509,512,656
530,646,469,499,516,652
532,643,465,496,523,654
521,638,468,505,523,643
531,647,467,505,511,655
531,647,465,511,505,655
528,650,466,504,510,655
521,645,461,508,518,647
528,631,469,504,520,645
525,642,451,505,513,648
528,633,468,500,520,643
538,641,464,490,514,653
537,628,464,500,514,649
532,645,464,499,508,654
538,639,454,495,518,654
536,627,465,499,519,647
539,640,451,495,519,653
534,618,460,495,508,652
540,617,459,487,517,651
541,609,445,498,513,652
538,617,458,492,505,652
534,612,459,494,513,640
540,613,443,498,511,649
544,608,445,491,513,651
533,609,446,496,507,652
542,601,454,500,501,646
536,610,441,500,509,650
547,589,446,491,515,650
545,602,452,500,501,647
546,600,446,491,511,646
542,602,452,493,503,648
544,609,446,501,500,646
548,614,443,488,513,646
543,612,449,490,502,646
547,599,443,496,506,635
545,609,438,489,511,645
548,604,441,504,501,642
549,600,442,503,497,644
548,614,440,490,508,643
538,607,447,499,508,641
545,618,444,502,496,645
549,612,443,504,494,644
541,611,432,502,502,648
546,618,446,495,494,649
542,618,431,502,503,649
541,598,433,504,501,647
549,601,444,489,506,645
550,611,441,491,501,644
546,605,448,500,508,635
549,614,434,498,504,646
547,599,444,501,500,636
547,621,434,497,502,646
545,623,434,502,502,648
536,622,442,503,503,647
545,616,435,504,499,649
547,607,435,495,505,647
549,593,441,485,504,643
538,618,441,503,503,648
545,619,449,493,499,646
538,608,441,503,502,645
536,593,440,503,503,646
551,601,444,491,507,644
549,598,440,492,505,645
547,589,449,488,496,646
546,601,444,504,491,644
548,597,446,502,504,635
544,603,433,501,502,646
541,603,448,499,505,633
537,609,441,503,501,647
551,614,443,504,491,643
544,615,445,491,504,643
548,611,450,490,500,644
550,605,442,504,492,642
537,616,439,501,501,648
541,617,450,489,498,646
537,602,444,501,503,643
547,599,439,504,490,641
541,591,450,500,505,637
544,619,451,495,495,645
544,613,450,499,495,647
545,603,447,505,495,642
546,601,452,487,498,644
545,626,450,503,493,646
545,612,448,503,499,636
545,630,451,497,497,647
544,633,435,506,502,645
544,630,451,495,496,648
545,615,452,501,503,636
544,629,449,501,491,647
544,615,451,502,505,635
546,625,447,506,493,644
536,629,445,503,502,646
537,623,449,502,503,641
539,629,444,504,501,642
536,628,442,505,503,645
537,627,446,502,501,641
544,636,449,499,493,647
548,627,452,492,501,644
539,635,436,504,500,645
540,622,450,496,505,635
541,621,451,501,506,637
543,635,448,499,490,646
550,618,450,504,504,634
541,633,435,506,500,648
547,628,445,506,491,640
546,635,434,500,501,645
540,628,449,501,505,639
548,625,444,504,496,637
550,630,443,492,506,643
552,627,444,505,500,638
548,630,450,492,501,645
548,617,447,504,500,635
547,632,434,500,502,644
539,637,436,506,499,647
545,619,444,502,504,635
537,636,435,505,501,648
542,624,442,494,506,645
547,617,447,503,502,636
546,633,443,503,492,646
551,629,438,491,502,642
538,629,439,503,501,645
548,630,440,501,491,645
542,625,442,501,492,646
547,623,444,488,503,644
549,612,442,502,499,637
545,626,447,490,503,646
545,634,439,503,505,646
541,620,446,499,505,636
550,627,443,492,503,643
538,630,436,504,504,647
550,630,442,489,505,644
545,635,446,495,499,647
549,630,438,493,507,643
550,623,441,505,494,641
548,630,442,500,489,645
538,635,440,502,504,644
547,633,432,497,504,644
550,627,440,504,495,640
551,632,446,500,503,645
552,625,440,505,497,639
550,621,444,501,502,634
547,634,446,498,495,643
549,617,447,502,502,635
548,633,437,500,503,642
547,634,446,502,496,646
551,629,443,503,494,643
550,620,443,504,500,636
549,628,434,496,506,644
547,621,442,503,501,637
550,628,430,498,502,642
540,634,435,505,503,647
548,609,448,498,502,634
541,632,439,503,503,646
543,628,451,491,504,643
541,633,438,505,503,649
552,627,440,495,507,643
552,628,446,491,506,642
551,627,440,501,506,644
547,631,446,503,488,647
544,627,447,492,507,641
542,619,448,500,508,637
539,621,437,504,500,644
551,626,441,493,508,643
547,630,449,490,500,646
544,632,433,504,501,647
549,632,447,495,499,645
549,632,442,499,494,643
540,622,449,500,503,635
552,618,445,501,491,643
547,632,447,501,495,644
540,626,442,502,503,644
550,635,447,502,493,646
536,619,448,499,506,636
550,614,447,504,506,634
552,618,444,502,500,635
550,628,436,506,504,646
551,615,445,502,499,637
543,627,444,503,497,635
553,625,439,498,506,643
550,630,448,489,505,642
548,630,445,502,494,643
541,622,447,501,506,639
550,626,444,492,507,642
551,619,445,505,500,637
541,617,450,499,506,635
549,624,447,502,496,635
548,626,444,505,496,640
551,625,441,498,507,642
550,627,435,500,505,644
547,612,448,502,508,634
549,615,447,503,505,633
550,618,445,508,495,638
544,623,445,504,495,639
548,628,431,497,505,640
553,618,445,505,498,638
548,612,447,503,504,635
549,627,448,492,500,644
542,618,449,502,508,637
538,625,444,503,505,642
540,621,448,500,506,637
550,627,452,494,499,643
545,630,436,504,503,648
550,613,446,504,500,634
551,620,447,505,496,637
547,628,435,501,502,644
550,612,450,499,504,631
550,626,445,501,493,639
550,624,438,488,507,640
550,612,446,496,502,633
550,623,446,483,504,642
545,630,445,490,494,644
552,624,438,487,505,640
553,610,443,497,500,634
544,613,446,495,507,632
547,630,445,494,492,643
545,614,443,489,505,633
553,624,432,484,504,641
551,621,437,479,504,641
538,623,432,490,499,641
548,613,435,487,498,632
540,609,435,485,499,635
547,622,436,471,498,641
545,611,436,477,500,634
546,619,419,473,491,644
546,608,434,472,498,631
542,614,436,472,499,634
540,623,428,473,495,642
547,607,435,470,493,632
548,623,421,471,496,642
539,626,421,478,494,645
543,624,421,475,496,643
550,610,428,480,487,635
540,615,436,475,498,638
544,611,439,478,502,634
550,623,439,475,491,644
543,627,423,483,498,645
545,608,436,482,497,632
552,625,428,475,501,640
548,626,424,484,500,642
541,626,441,480,492,643
547,627,443,476,499,643
538,618,440,485,505,639
547,619,441,492,495,641
547,617,440,493,500,636
548,621,438,481,505,641
539,609,449,488,507,636
544,628,448,486,498,645
543,626,450,480,503,641
536,624,442,493,504,643
543,628,447,489,494,644
545,628,452,482,506,632
539,628,437,495,500,636
534,612,451,490,508,638
540,629,438,494,506,645
544,624,452,485,507,641
541,630,455,492,498,644
534,623,455,494,511,640
544,623,451,487,511,642
540,629,457,492,498,644
530,623,455,495,508,640
543,617,458,497,503,634
530,623,460,496,511,639
534,628,446,500,509,645
541,622,451,488,510,638
542,630,451,492,512,640
537,630,454,491,513,646
528,619,463,498,515,636
536,618,464,498,513,637
539,620,462,500,512,640
526,629,463,498,514,634
534,636,449,500,511,645
526,634,456,498,511,644
536,630,463,501,508,639
536,625,464,500,514,641
527,639,464,498,506,645
536,635,462,503,504,643
533,635,465,500,505,645
531,625,465,499,514,639
538,635,460,490,518,644
538,626,462,501,510,637
537,629,462,488,512,641
539,636,460,491,517,643
539,636,464,489,518,643
530,625,468,498,516,633
536,641,463,485,512,639
534,642,454,502,514,645
533,635,465,494,509,644
533,640,466,494,515,646
531,625,468,501,519,635
525,637,459,504,514,637
534,643,467,497,505,647
526,637,462,499,518,636
536,626,466,500,517,639
537,633,462,502,509,637
537,630,464,502,511,637
537,638,466,489,518,645
538,627,466,499,514,638
537,637,464,489,516,643
526,639,461,501,516,636
537,630,463,502,500,642
527,631,465,497,516,635
539,638,464,488,516,643
538,640,466,488,514,643
536,644,465,490,508,646
534,627,465,497,516,638
538,635,462,486,516,643
534,626,464,497,516,636
529,636,458,498,512,636
541,625,460,498,511,637
535,640,463,486,510,644
543,625,455,496,505,637
544,633,448,481,512,645
532,624,455,491,509,634
537,637,439,490,502,639
540,636,450,484,498,643
546,629,451,477,509,639
535,635,447,488,498,643
544,629,448,477,509,639
547,623,442,492,499,636
544,628,430,487,506,642
543,631,446,485,496,641
535,623,446,486,508,635
548,625,430,485,504,641
547,614,444,487,504,629
536,622,439,490,505,637
537,622,439,487,501,637
536,615,442,483,503,632
549,609,444,486,497,626
547,619,436,476,502,635
539,610,447,482,502,630
542,607,447,484,504,626
548,616,443,489,492,632
548,618,445,475,505,635
549,619,436,482,504,635
550,619,435,481,505,637
546,623,448,483,494,637
549,612,442,486,500,630
550,617,436,481,504,635
545,623,445,478,494,639
543,607,446,485,509,628
548,614,442,486,495,632
543,619,434,481,505,638
542,624,445,485,494,636
541,622,448,474,505,638
544,622,446,474,504,640
539,610,447,484,506,632
544,621,448,478,497,641
537,624,434,482,502,641
537,623,433,489,498,642
545,622,433,485,505,640
547,619,438,483,508,640
544,620,445,484,494,640
544,622,431,486,503,643
536,624,437,489,504,645
540,623,434,491,504,644
548,621,448,475,496,638
545,617,444,488,500,636
538,624,434,489,504,645
547,617,439,476,508,640
545,621,448,478,504,641
543,623,447,480,502,642
543,622,433,491,509,645
545,601,443,488,504,634
545,617,439,491,496,640
543,621,444,486,497,644
549,617,436,482,510,642
545,606,443,488,506,631
544,619,432,489,506,645
547,613,444,492,498,640
546,580,440,489,507,633
537,602,431,494,506,644
542,609,445,478,501,643
547,589,440,493,498,637
549,587,442,486,497,636
547,599,445,478,506,641
545,609,446,487,497,643
537,590,443,488,507,643
546,603,445,479,502,641
547,612,445,481,499,640
537,603,441,491,505,637
548,612,440,493,492,638
546,619,442,489,493,644
551,581,436,481,507,638
544,602,441,488,489,644
547,597,443,491,506,631
546,613,429,491,500,642
549,610,443,480,503,640
545,617,442,485,492,644
536,611,434,492,503,641
543,627,427,492,499,642
550,610,430,485,504,639
551,595,439,480,507,638
550,620,438,494,491,639
551,619,441,478,503,634
548,618,441,489,492,641
547,597,439,491,491,641
549,610,439,492,492,641
539,628,435,492,502,641
549,605,438,492,492,637
548,617,442,487,495,642
540,610,441,489,505,633
546,602,437,485,504,629
545,599,442,488,499,631
538,605,432,493,502,642
542,612,427,494,499,644
542,607,437,489,504,638
551,617,439,482,501,639
549,622,436,491,492,639
549,619,435,493,492,638
552,616,435,496,494,636
546,609,439,489,502,631
547,625,437,493,490,644
551,615,437,494,497,636
550,626,438,487,492,643
549,623,425,490,502,642
550,618,435,491,494,637
548,625,435,494,493,641
547,626,436,490,492,643
550,582,436,494,497,634
546,628,436,489,493,642
551,621,440,482,505,638
550,620,437,480,504,639
537,625,434,491,503,639
549,626,439,481,501,641
550,611,438,493,499,641
549,628,436,492,491,642
548,612,439,492,506,631
548,621,426,492,500,643
542,627,425,495,502,641
552,619,429,486,499,639
552,622,427,488,504,639
552,622,434,495,494,635
550,616,439,492,506,631
554,628,429,488,504,640
549,631,425,491,502,642
546,631,424,495,500,643
551,620,435,495,494,636
546,618,436,494,498,633
538,631,429,494,500,642
548,629,440,482,499,640
540,630,431,495,501,638
545,633,426,495,500,644
546,626,435,493,492,639
539,633,431,496,499,642
547,631,439,489,493,643
552,625,435,498,494,636
550,616,440,490,504,636
538,629,432,493,500,643
536,621,441,491,505,644
543,630,425,494,500,643
545,633,440,483,495,643
539,617,442,491,503,636
529,624,443,492,505,636
544,609,440,491,503,630
539,616,442,492,505,632
544,627,436,485,504,641
539,631,426,493,503,644
541,613,444,492,509,634
534,619,443,492,506,636
537,630,430,496,502,638
535,616,443,493,505,633
534,628,444,484,501,643
543,619,438,497,506,637
538,625,436,492,506,637
532,633,428,495,502,646
530,626,439,495,506,642
533,634,434,496,502,645
535,620,444,494,507,636
541,623,439,498,495,639
541,632,429,492,504,645
542,620,441,497,502,635
544,632,439,480,503,640
543,635,428,495,502,645
539,635,444,490,498,645
533,620,443,493,507,636
532,627,445,492,506,636
545,620,438,496,495,638
548,630,428,491,505,643
541,632,429,493,501,644
539,634,444,484,503,644
535,633,444,487,499,645
531,629,439,493,506,640
537,619,445,493,508,637
543,620,445,495,501,632
533,630,436,494,505,643
533,635,429,494,504,645
544,629,438,486,508,643
540,636,442,495,494,643
541,633,443,485,499,644
543,632,444,483,502,642
544,632,444,484,502,644
544,631,430,492,504,643
541,619,443,485,501,644
546,593,434,497,494,636
544,618,441,494,494,644
546,606,438,496,500,639
538,601,444,492,509,636
537,615,429,496,503,646
534,609,433,491,501,645
542,617,429,492,504,644
535,617,435,496,504,646
542,614,425,495,503,645
538,609,439,492,510,635
545,621,433,484,507,641
544,609,437,495,504,636
544,609,441,494,502,634
544,624,427,492,504,646
543,624,424,488,502,645
542,634,440,489,496,647
541,631,426,498,502,646
545,606,436,493,493,640
545,602,435,495,494,644
538,634,427,495,504,647
549,621,436,495,499,639
547,622,436,482,508,643
542,625,441,484,502,645
540,628,425,494,505,646
541,630,438,488,497,647
545,622,428,492,506,645
543,630,438,498,494,645
532,634,435,492,505,643
536,637,426,495,505,648
546,630,435,496,496,643
543,618,436,491,500,638
532,633,431,495,505,647
534,620,440,486,510,636
543,623,434,484,507,644
529,628,428,496,508,649
540,617,439,497,504,637
543,624,441,483,508,644
540,624,436,495,497,642
539,618,442,484,506,648
535,606,441,493,508,637
539,626,436,484,510,644
545,620,428,494,501,650
535,627,442,493,509,642
534,631,429,494,500,649
539,621,442,495,509,637
540,638,442,488,500,647
533,625,441,492,507,640
540,625,437,494,505,636
541,635,443,483,504,646
531,636,438,496,507,645
539,625,442,493,508,638
531,632,438,495,508,644
543,630,442,494,506,636
540,637,428,494,505,647
534,642,435,494,505,647
546,623,439,492,503,637
542,633,440,483,505,644
545,632,441,485,506,645
542,634,442,482,507,645
540,640,441,486,497,647
546,631,440,498,500,642
544,625,441,497,501,635
541,636,443,483,505,645
542,637,440,500,494,648
534,629,443,493,509,640
542,637,444,489,497,648
545,636,433,490,508,645
544,632,439,498,496,644
540,640,440,497,495,648
538,615,440,496,502,635
532,633,440,496,508,645
540,637,443,489,499,647
542,638,445,486,502,646
543,625,441,498,504,638
535,640,430,499,504,648
534,619,438,496,505,637
533,625,444,495,509,638
539,625,446,492,509,639
538,635,443,491,501,648
532,635,444,494,507,641
542,622,443,493,505,637
545,638,431,493,507,646
545,627,439,499,498,644
542,642,442,496,495,647
543,630,440,495,491,645
543,624,445,498,505,637
542,639,443,493,495,649
544,635,439,495,505,646
543,626,445,495,504,639
544,631,437,484,506,644
536,642,429,497,503,650
545,637,442,483,505,645
541,624,439,495,506,634
543,639,440,484,504,646
545,631,432,499,495,639
541,625,438,493,508,639
543,646,433,489,495,645
548,635,429,486,507,646
542,635,435,485,503,644
541,626,438,493,506,637
537,633,433,495,503,643
536,635,435,494,504,643
545,639,438,486,499,647
545,643,434,491,493,647
548,626,436,497,500,636
546,633,433,494,493,642
538,640,424,498,500,646
543,627,433,489,502,645
535,632,437,489,506,642
547,630,435,498,494,642
538,621,439,494,508,637
548,637,427,489,504,646
544,639,437,491,493,647
548,640,424,493,503,649
534,642,430,497,503,646
538,629,439,486,507,637
531,632,436,496,505,643
545,638,424,495,503,646
542,619,435,486,499,647
538,641,425,499,501,648
543,638,424,494,504,647
538,630,438,492,507,640
550,624,435,496,500,635
544,636,436,496,492,645
537,630,438,492,505,643
547,633,437,485,503,643
547,631,427,492,503,645
549,636,425,492,505,643
546,635,439,482,508,644
537,639,427,498,497,645
545,635,427,494,505,644
546,637,440,487,499,646
538,626,440,493,508,638
546,635,427,491,504,645
544,623,439,496,508,636
537,636,431,498,501,645
547,631,431,485,507,642
548,637,432,484,504,643
545,634,434,500,493,642
539,624,439,494,505,636
535,635,429,496,504,645
547,631,436,481,506,643
550,626,435,497,495,639
542,620,440,495,507,634
539,637,426,497,501,647
534,631,437,494,507,640
546,636,423,494,503,645
536,636,433,497,505,644
547,621,436,496,503,636
549,628,432,497,496,637
544,634,437,495,491,646
543,620,436,493,504,634
551,617,438,497,505,634
546,620,438,496,503,645
544,619,440,493,503,634
548,619,436,496,505,644
544,624,436,497,499,635
545,636,424,498,504,647
544,621,435,495,501,632
538,638,440,490,500,644
550,631,431,490,507,643
536,633,433,498,506,644
541,623,439,493,504,633
549,629,437,485,510,642
544,636,439,491,498,647
547,628,440,485,507,643
536,629,431,495,505,643
536,619,432,500,503,646
544,633,426,498,504,647
548,626,438,488,508,644
549,623,435,499,496,640
549,623,435,499,496,643
540,631,440,486,502,645
549,628,436,485,508,643
542,631,439,494,495,647
536,632,428,499,505,645
550,627,432,481,508,639
547,627,435,486,503,644
550,625,437,485,507,644
537,627,436,496,507,642
550,632,439,495,508,642
545,631,442,489,503,645
546,626,436,486,506,643
545,630,424,498,500,646
548,617,439,497,506,636
545,632,438,490,490,646
546,631,440,487,499,646
551,622,437,500,502,637
550,629,438,483,505,642
549,630,425,489,507,641
541,631,431,494,505,646
539,628,434,498,503,645
550,629,439,496,490,640
551,627,432,500,494,641
549,618,440,499,507,634
545,618,441,495,505,636
546,633,437,495,496,646
546,627,432,498,503,645
552,619,438,498,501,637
546,634,440,489,501,645
549,630,440,488,501,644
549,632,437,495,493,648
543,631,425,500,503,647
551,627,431,496,505,646
548,618,437,495,504,637
550,629,439,491,507,635
555,617,437,497,506,638
545,625,438,495,507,641
549,630,428,492,507,646
542,625,435,499,496,643
554,629,428,487,506,645
540,627,426,499,504,649
550,629,438,488,502,647
543,621,438,495,507,640
547,632,424,497,505,650
553,623,434,500,497,643
539,625,434,495,507,646
553,630,441,483,507,644
541,630,436,495,495,647
553,629,438,485,505,643
553,624,432,499,498,645
548,629,438,485,507,645
540,630,431,498,506,646
552,633,423,502,505,648
551,627,436,499,497,642
550,632,437,497,496,646
540,626,433,496,505,645
554,619,432,499,500,637
540,632,429,500,504,647
545,632,425,499,507,648
537,626,434,497,507,645
552,627,435,501,495,644
552,631,437,501,495,646
549,624,437,492,497,643
545,617,442,496,510,648
540,638,429,501,505,646
542,616,442,496,510,637
548,629,428,499,508,647
542,627,440,502,500,644
540,618,442,487,499,643
532,621,448,500,514,637
544,632,434,503,512,648
538,633,433,499,511,646
536,634,448,500,502,650
541,619,447,507,511,648
535,630,448,498,515,648
528,632,443,506,513,640
542,621,447,509,508,642
534,631,449,509,501,647
525,630,451,505,516,638
536,634,442,502,513,650
524,638,447,509,512,640
535,635,457,494,516,649
537,629,451,496,514,647
525,623,458,502,516,639
527,621,456,503,516,638
525,625,455,503,515,640
533,618,449,503,513,653
532,615,464,495,511,649
534,609,468,501,513,644
537,622,463,505,520,651
530,626,455,505,517,647
525,621,457,500,517,650
533,621,454,506,517,647
534,600,455,501,518,651
537,607,465,508,512,650
531,621,471,504,509,650
531,598,470,502,521,653
536,602,467,503,518,645
528,616,463,508,520,641
538,612,467,507,517,648
522,631,456,505,517,649
535,618,468,504,519,643
533,628,470,496,514,646
538,625,466,507,510,647
538,624,466,507,509,646
538,620,467,503,522,642
537,623,459,501,522,648
528,617,470,503,522,638
534,619,470,492,517,643
537,619,467,493,516,652
529,633,455,506,518,647
530,628,469,495,512,650
530,617,469,500,516,638
527,617,467,500,518,639
536,617,466,491,510,647
531,636,453,501,511,651
529,628,450,485,514,650
539,632,461,491,508,647
534,624,444,488,512,650
532,596,448,480,517,641
539,616,451,482,514,643
541,614,440,496,504,643
536,606,444,489,520,636
538,599,444,490,520,636
541,602,441,488,518,640
548,611,431,481,518,645
544,612,439,479,511,644
546,611,438,478,510,643
537,611,432,493,513,633
539,598,438,487,518,636
548,610,432,484,511,644
547,599,434,487,514,636
540,614,427,489,513,636
543,614,419,490,512,645
547,610,435,474,514,641
558,609,426,476,515,643
547,605,432,483,514,630
556,609,419,483,513,640
542,617,426,486,510,644
553,615,428,477,505,640
557,611,431,484,501,638
555,591,435,478,511,628
556,597,433,482,511,627
556,613,418,486,509,640
550,618,425,488,510,642
561,596,430,486,512,628
562,603,430,485,503,632
559,612,428,484,500,636
560,610,421,478,511,636
549,613,420,487,510,640
557,594,434,485,509,628
560,609,423,483,513,639
547,615,432,483,502,638
556,599,434,486,506,629
546,608,436,486,509,633
555,613,424,484,505,639
553,617,437,482,495,641
558,610,429,482,504,637
554,617,439,486,494,639
556,610,439,476,504,639
551,615,440,492,493,634
555,607,436,494,496,634
543,600,441,486,507,633
551,604,441,478,501,641
544,602,436,478,506,639
554,580,437,491,500,634
549,594,428,490,504,642
553,587,439,493,502,633
553,601,438,480,508,640
548,606,427,494,504,644
549,610,443,491,498,643
550,598,443,494,496,641
552,605,433,496,505,645
549,615,438,499,507,643
550,611,454,498,499,644
542,594,459,501,511,636
548,614,463,490,517,642
546,622,455,507,512,649
543,623,475,495,519,646
542,618,473,510,510,643
537,607,475,507,520,641
527,620,472,509,518,639
538,620,479,498,515,647
537,625,475,506,508,649
537,620,477,502,509,647
531,612,475,511,513,644
544,617,467,500,518,649
543,615,464,499,516,648
540,620,470,497,517,648
540,611,471,505,513,639
544,613,471,508,516,645
545,625,458,502,515,651
542,623,466,503,504,647
533,611,463,502,511,647
535,612,468,498,514,639
541,611,467,499,511,639
543,622,468,492,503,649
544,619,461,503,499,644
538,627,451,504,507,652
534,618,462,499,511,645
544,622,458,490,511,647
542,627,461,506,498,649
537,613,461,500,512,643
544,622,458,491,506,649
544,622,461,494,505,652
536,618,460,497,508,639
543,620,460,503,497,646
534,613,455,502,510,644
546,622,458,505,498,647
534,620,457,501,511,643
543,626,462,489,501,649
544,628,463,493,507,648
545,628,462,496,503,649
544,626,462,492,507,648
541,628,462,497,501,650
536,615,460,500,512,640
536,628,451,504,508,652
544,624,445,499,508,648
546,606,455,502,500,644
549,607,454,499,501,640
535,621,449,500,507,646
545,610,457,492,501,648
545,615,456,487,508,646
541,616,442,501,506,650
546,599,452,501,500,643
535,608,446,501,505,649
540,602,454,497,509,639
542,605,451,491,512,635
536,622,440,501,503,649
536,615,447,497,507,646
546,614,440,495,508,646
544,615,452,489,509,645
547,614,447,487,510,646
544,616,451,490,501,648
540,624,434,498,503,649
544,624,449,485,499,649
547,614,447,485,506,645
550,620,447,486,506,645
544,621,446,500,491,647
549,611,446,497,497,643
546,609,445,500,494,641
546,602,435,496,501,648
546,604,440,488,506,645
536,605,441,498,500,645
536,617,438,499,505,647
542,588,447,494,508,640
544,612,445,489,499,649
537,620,434,501,503,650
533,609,443,499,508,645
543,617,446,493,495,648
548,606,438,488,506,647
549,601,442,501,497,642
547,611,440,505,495,645
536,609,443,499,505,644
542,602,443,497,504,641
549,614,439,498,501,643
545,602,444,481,503,646
546,618,430,493,508,647
534,617,435,495,504,648
546,627,436,499,495,645
544,626,437,500,498,647
543,620,437,494,495,648
547,622,425,488,509,647
536,620,439,493,510,644
537,620,439,492,511,642
541,638,427,499,506,650
536,624,441,492,510,640
545,621,439,493,511,634
543,638,427,494,507,649
550,623,439,494,507,638
548,622,439,493,510,637
540,638,439,492,498,650
544,637,442,487,504,649
549,635,437,497,501,644
547,624,437,496,509,639
536,641,429,496,506,650
537,630,436,496,510,642
547,632,426,488,506,649
546,634,437,496,499,646
550,636,435,485,511,647
536,642,427,497,506,649
541,626,438,493,512,638
546,637,436,495,497,648
544,632,425,497,508,649
549,623,436,497,504,639
548,632,434,496,503,642
544,636,439,484,506,647
543,637,439,492,512,643
540,635,425,496,508,649
537,639,429,498,508,651
541,635,436,496,509,641
542,623,439,493,511,637
544,639,424,486,510,640
537,634,431,496,509,646
542,624,439,493,512,638
537,636,428,495,508,647
548,624,438,494,510,639
545,642,434,494,501,648
541,639,422,494,508,650
549,625,435,495,504,640
536,631,435,494,509,643
538,641,428,498,507,651
548,625,435,498,503,641
549,635,430,495,512,646
539,643,424,496,508,651
548,630,432,498,499,645
549,635,434,486,510,647
536,635,435,494,510,643
541,629,439,492,512,640
539,640,425,498,507,650
548,635,440,484,511,648
545,638,436,496,500,649
548,637,438,484,510,646
549,637,434,496,498,647
546,640,435,494,499,647
541,641,424,497,508,650
550,625,435,497,503,643
539,639,441,486,503,648
546,624,438,496,513,643
547,640,426,495,508,648
547,637,436,500,497,647
545,623,440,496,511,638
539,627,439,496,512,637
546,626,438,499,505,641
550,624,438,497,505,640
550,630,436,499,504,643
548,637,436,499,502,642
541,632,427,496,504,649
550,623,438,498,505,639
537,636,427,498,509,647
552,631,435,485,512,645
539,639,432,499,509,648
549,633,444,486,508,646
538,627,437,497,508,645
550,629,435,498,498,643
550,623,436,499,505,645
545,634,438,496,498,645
553,627,434,487,510,645
542,629,435,498,495,646
552,615,435,497,503,636
549,614,438,495,507,636
539,628,433,489,508,645
542,619,438,492,499,645
545,598,438,484,506,643
551,609,433,479,503,643
547,616,437,493,495,645
551,612,429,489,506,642
543,603,436,491,504,636
551,614,435,498,493,637
552,619,429,491,505,642
548,616,438,491,489,643
549,605,427,489,503,641
549,611,426,495,500,643
550,609,420,491,503,641
548,620,438,484,496,642
553,619,440,496,495,642
543,614,436,494,491,643
548,596,434,493,504,631
546,619,420,498,497,643
553,618,431,486,505,639
555,619,428,488,504,639
556,620,426,488,503,641
552,620,425,489,503,640
546,609,439,494,500,630
547,625,423,496,500,645
550,610,440,483,494,643
545,597,439,494,505,635
545,603,435,492,507,631
540,612,435,494,504,637
536,618,425,493,501,644
549,614,424,486,504,640
550,617,429,489,506,642
542,600,441,494,507,633
546,599,442,494,504,634
544,613,444,493,495,647
550,603,442,499,507,637
548,612,444,490,506,645
545,622,448,491,501,647
545,615,440,490,508,645
532,617,435,504,502,648
544,628,442,497,509,647
542,624,443,492,508,647
532,626,438,504,503,652
542,617,446,507,504,652
544,630,439,498,506,650
540,632,447,502,496,655
547,627,446,506,499,645
545,626,448,492,506,649
543,614,450,502,505,642
543,628,450,493,504,649
540,618,451,500,507,642
541,633,450,499,498,653
535,611,450,503,505,646
547,607,446,506,496,643
538,617,441,505,502,656
544,633,450,499,493,654
536,634,434,505,500,655
540,601,449,502,505,645
541,623,435,505,498,653
529,619,441,509,500,656
536,619,449,503,502,646
536,602,449,503,504,648
534,603,446,503,500,651
543,601,449,501,503,645
536,616,447,501,501,652
537,622,441,503,499,652
548,614,447,502,497,642
547,609,444,504,493,646
540,603,447,501,503,645
548,617,454,491,497,651
537,612,449,499,504,647
547,605,447,501,503,643
542,600,449,501,503,644
536,603,440,503,498,649
541,622,446,503,492,652
545,629,446,500,489,653
537,616,442,498,498,650
534,631,434,505,499,655
536,628,443,503,503,649
550,619,445,502,499,642
551,629,443,505,492,650
537,623,441,500,502,651
546,613,441,495,495,651
538,610,435,504,502,654
548,613,430,499,505,651
537,615,441,499,506,649
545,624,445,493,499,651
541,620,432,496,499,653
546,623,429,497,503,652
541,635,428,501,504,652
537,631,437,499,505,650
541,618,446,496,508,640
542,620,444,499,509,640
537,635,435,495,508,640
539,638,431,501,503,652
550,631,439,487,508,647
551,635,435,489,508,645
540,631,442,497,508,645
542,623,447,495,511,641
550,634,442,485,508,645
552,634,445,486,508,646
548,638,442,498,497,650
538,626,441,496,508,643
548,638,442,492,503,648
542,640,431,501,505,648
546,642,443,496,497,649
548,638,441,502,496,648
545,641,430,501,506,649
544,638,430,499,506,648
539,631,443,496,508,643
539,627,443,499,508,643
539,633,437,500,509,648
551,630,440,501,497,642
545,625,444,496,511,639
547,638,445,487,501,648
548,636,445,492,505,649
538,624,447,495,512,638
545,623,446,496,511,638
547,638,441,502,496,645
548,620,444,497,508,638
545,620,446,496,512,638
541,621,446,496,511,640
539,630,438,499,504,649
542,621,446,492,511,638
546,635,443,497,494,647
538,640,436,496,504,649
548,637,440,489,496,644
546,637,432,495,507,648
547,639,445,490,496,648
537,625,444,492,510,644
547,622,446,488,512,636
550,633,443,497,504,635
548,621,444,494,507,634
547,634,433,491,510,646
531,639,438,496,506,648
545,621,447,492,509,638
547,638,433,492,507,647
548,638,445,495,496,647
542,622,448,492,509,635
552,633,444,496,496,644
553,640,436,490,505,647
551,621,444,492,498,641
553,633,435,494,506,647
553,629,443,499,497,642
541,639,434,491,506,646
542,639,434,498,504,649
550,633,440,487,507,645
539,639,448,489,500,647
539,639,434,497,503,649
539,640,440,495,507,647
547,643,447,488,496,647
548,632,448,486,493,647
549,616,448,490,504,638
543,636,448,486,502,648
537,636,440,495,504,647
542,635,442,495,508,645
540,640,436,493,505,648
539,640,441,495,504,648
551,632,444,497,497,643
549,636,441,486,509,646
551,636,433,494,507,646
549,634,444,497,494,646
547,638,443,495,505,645
548,636,448,484,502,646
547,633,444,498,498,643
554,633,434,489,507,646
552,631,439,485,509,643
546,638,432,498,505,650
546,620,448,494,511,637
542,613,436,496,507,648
551,593,444,488,509,637
549,620,447,485,504,647
548,607,440,495,500,640
537,598,444,492,511,642
548,627,432,487,507,646
549,627,441,495,498,647
548,630,442,490,498,647
551,629,438,485,511,644
541,636,431,493,506,649
540,619,443,495,511,637
541,630,442,493,509,645
551,634,433,484,511,645
542,640,438,496,508,639
539,634,441,494,510,645
545,641,446,485,503,649
551,630,439,498,501,643
539,634,442,493,508,646
549,638,443,484,507,648
551,635,434,487,511,646
551,636,432,490,509,645
551,635,434,488,511,647
538,636,439,496,508,644
550,638,447,484,508,649
540,636,435,494,508,651
554,633,441,497,499,642
547,620,445,494,511,639
551,627,438,499,504,638
552,635,437,484,512,650
551,635,440,499,501,645
541,630,443,495,508,645
542,628,444,492,503,648
554,624,443,498,511,639
555,635,433,492,510,645
541,639,432,498,507,651
545,635,440,497,500,643
552,628,435,486,508,643
539,638,435,497,510,651
549,639,442,496,498,649
539,632,441,495,509,646
552,624,440,494,499,644
539,633,440,495,510,648
549,630,443,486,503,645
544,639,429,496,506,649
548,618,444,496,510,638
551,636,441,493,499,647
553,627,441,498,503,644
549,635,442,498,500,647
546,623,445,494,513,640
551,638,432,493,510,648
541,640,435,499,508,651
541,637,431,498,508,650
551,635,429,489,511,647
552,628,439,500,501,644
552,622,442,497,509,638
552,620,443,495,508,638
540,629,438,499,509,649
552,619,442,497,509,639
551,631,443,486,511,644
549,617,444,497,511,638
546,633,445,489,503,650
551,620,441,496,508,638
550,627,438,486,511,646
543,631,432,497,507,649
540,623,445,494,511,648
551,621,435,486,509,644
539,634,437,498,506,651
545,631,442,493,498,649
545,630,443,497,499,648
538,616,441,498,509,649
536,595,442,490,506,647
547,598,444,499,508,639
539,616,433,498,503,650
547,602,438,496,506,638
543,600,447,485,505,647
546,598,441,497,499,638
541,616,444,494,496,649
545,609,435,486,509,647
544,607,444,496,504,639
547,610,436,491,507,646
536,608,442,497,503,650
543,606,444,487,501,648
548,597,442,495,494,649
544,621,433,491,506,648
545,619,432,491,505,647
535,621,436,498,505,650
549,603,440,495,497,642
544,610,443,494,495,650
544,602,430,496,503,649
549,599,442,498,500,638
535,605,443,495,506,645
548,609,440,485,506,647
547,613,442,495,495,649
543,591,442,495,497,649
547,630,431,491,506,648
549,619,441,500,500,642
537,621,441,495,506,647
546,627,445,485,506,647
548,632,441,496,495,648
550,623,438,486,508,646
547,614,444,499,507,639
542,629,441,487,503,646
548,630,430,496,506,649
550,624,441,500,497,645
546,632,442,496,496,649
551,620,441,499,503,638
546,634,443,494,497,649
550,619,442,497,504,639
545,636,427,499,509,649
543,631,443,494,499,648
548,632,431,499,507,647
550,629,441,500,502,639
546,636,438,492,501,648
542,637,433,501,507,651
547,633,443,495,512,645
548,628,443,498,495,646
547,632,443,500,497,646
551,629,442,488,511,645
551,630,442,501,498,645
550,630,433,493,511,647
542,620,441,496,512,635
543,612,446,497,507,642
551,630,443,502,498,647
546,614,447,495,511,636
549,628,441,503,498,645
550,622,439,496,510,643
552,623,442,485,509,643
551,628,444,493,501,646
544,628,431,499,505,648
551,610,443,496,508,635
551,625,438,498,497,641
551,628,425,484,503,636
554,620,435,499,495,642
542,627,433,495,503,644
551,626,439,488,499,644
550,612,440,492,507,636
558,613,432,490,502,630
558,621,433,496,493,641
551,626,425,496,501,644
558,617,441,480,500,639
559,618,434,496,491,636
556,627,440,483,496,642
558,621,438,488,490,643
557,611,440,493,497,644
558,625,440,483,495,643
553,624,435,480,495,637
561,621,428,492,486,637
550,617,435,489,495,642
559,622,436,477,493,637
549,627,422,491,495,642
562,617,437,476,498,636
549,624,430,488,493,641
550,615,433,487,499,638
558,623,436,479,495,638
556,625,434,485,487,639
554,611,436,487,501,630
558,624,422,487,498,638
555,625,437,483,491,641
556,619,432,492,491,634
548,625,423,493,497,641
547,608,440,492,498,630
548,625,439,486,491,639
553,618,435,484,501,637
533,615,434,497,499,637
540,596,440,497,500,639
537,597,447,495,506,630
528,604,445,499,503,638
531,604,449,498,504,636
543,611,439,494,504,640
540,617,453,489,504,639
541,618,446,498,496,642
527,620,453,500,499,640
528,610,456,499,511,633
533,618,456,492,511,640
534,626,456,500,502,644
535,624,453,492,514,642
531,629,458,506,500,641
531,631,464,498,505,644
532,629,453,492,511,640
523,628,460,503,514,635
534,631,467,495,511,634
529,630,462,506,503,644
532,632,452,504,515,644
521,636,458,504,516,637
534,637,457,501,518,646
521,633,451,504,514,645
528,640,454,508,514,643
521,638,461,505,518,632
526,640,467,495,512,641
526,644,452,507,515,644
531,642,469,495,515,642
524,644,456,504,511,642
526,628,469,503,514,641
534,626,465,505,511,635
534,640,458,499,518,645
534,627,467,505,513,642
526,630,469,503,521,633
533,638,459,502,519,644
531,639,465,510,510,637
528,646,454,506,515,646
534,637,466,496,521,644
524,643,469,509,507,644
527,627,470,507,520,638
527,645,454,506,517,648
524,629,469,507,519,641
531,645,470,504,509,646
533,635,453,503,518,649
520,645,457,511,516,643
530,643,467,505,509,645
530,636,467,507,506,643
528,646,455,503,519,643
523,635,470,506,522,636
530,643,467,508,508,646
527,629,471,507,522,636
532,647,470,501,513,645
